0.37459646525205864
0.98087435296354475
0.65628699226806486
0.81817495592458844
0.28802991239419684
0.314746310278463
0.31247571622396081
0.2815978124195293
0.97451560423161654
0.90661779066625636
0.50092938087975891
0.0079110765617478509
0.21311441991704061
0.44615145190283412
0.92283759494937234
0.77576899911268526
0.98708220704526195
0.74347242443653661
0.36491271918486723
0.7512396251343485
0.42971322720203353
0.32368691149787682
0.0030947046962765462
0.35732055797327805
0.070722971455997291
0.86487793411466196
0.21728695894586475
0.2392680829181198
0.080870573162088136
0.62734606802663695
0.87345206717764712
0.95207071024263945
0.33623353748730195
0.79713976300118428
0.88152255619785846
0.12025004672602352
0.85903439909089663
0.86487793411466185
0.83197519607857062
0.44174893111457858
0.26561188370825994
0.013820275572896435
0.45523863028934242
0.14886364199261551
0.21850013828962819
0.50438173036101697
0.6641132523352089
0.88953201874150278
0.25117571211613637
0.3233430986821097
0.071453149039711006
0.65284680431731323
0.14232036462667388
0.16342262008574682
0.92555733513591198
0.04896010097937023
0.75589801124748512
0.81345872885953918
0.80090994366360835
0.081584110208048066
0.37668593372279546
0.64121964636395412
0.99893864501609531
0.38376821040700426
0.25941242132981607
0.20722132125170076
0.52258348649407194
0.041728388129994111
0.89529045449774447
0.21443504434911506
0.55889381262075144
0.1374991427811397
0.60688208071816829
0.16672995947965072
0.37459646525205864
0.8628158716311809
0.20968647168338914
0.67713967884700743
0.47782239227049461
0.98384822336900346
0.2598515645291346
0.31660502370901178
0.10912010860111288
0.74975859443900017
0.66411325233520913
0.74415974001906038
0.86178009412402112
0.42683572086699484
0.86328563656246571
0.81534997057181591
0.16423159270271892
0.61598027761892826
0.16874109034699053
0.23830732437756955
0.59451016614012608
0.73358169486732749
0.56515777569214687
0.54758018346152348
0.99892917811874993
0.9978577586340257
0.75793695592615129
0.28597887957803875
0.96424236071472025
0.37935593260194633
0.61491591226980624
0.15363756246317639
0.13516293469420443
0.31685908278450342
0.091936746207035042
0.97044912634986491
0.35557632539878198
0.79757171009386929
0.14733138022323183
0.41614289646935659
0.49427683362796082
0.49538285795830783
0.81671194126203961
0.063038018335531243
0.88703408767930325
0.15765699635938238
0.20068184361191682
0.38098282032966152
0.52077423012540369
0.081777178204722217
0.6709851644053183
0.24968053243938607
0.28190909178370044
0.23598656742078916
0.14544635626336094
0.11774972366854071
0.51255111940942899
0.13619700985186833
0.37204223720290142
0.58957481320495586
0.023818363705740361
0.17736664539906744
0.9731733537464492
0.1697802669549536
0.58078373909287551
0.15215870562826725
0.34585901453736517
0.80891567095710093
0.95853857813699983
0.72199675554087772
0.68352252207120301
0.49637922147562064
0.17208523714221236
0.16672995947965072
0.063432006648743627
0.024418414907678022
0.4218263979676844
0.57062578051042956
0.62414736490370093
0.69884211062631529
0.86683435304422396
0.12811164922835694
0.86785445856791199
0.30938305900150009
0.3701574257534434
0.34298783456783077
0.9284362177991341
0.95601461670290444
0.24819220652450699
0.48788389682907385
0.24975157597591952
0.52382876312035587
0.044373294777303014
0.096510085807701776
0.56411238260431329
0.88884542565516034
0.26457093408661353
0.84852474044385762
0.27580837358563881
0.56957760365439258
0.49129611255961769
0.58499975467068199
0.65759171738735778
0.61373355763005155
0.61077899457160245
0.69766644579414816
0.74759066536038521
0.69754885122762367
0.87885778607989851
0.39778624852766609
0.014837650523121292
0.99886124531588238
0.69107371357721048
0.044611150972702129
0.79454238017940693
0.68918746517823837
0.16744958774876598
0.40391657524916252
0.5533433716158771
0.074747487073750535
0.12639924990698106
0.7033047913388637
0.87126181837582461
0.61680827371392954
0.82357456400132889
0.63030900718424321
0.72918941253682079
0.20709867819716363
0.65403314027193971
0.52439517566263261
0.60924340812671529
0.043108994306313757
0.70283540945808864
0.23294216295543271
0.21722325628408393
0.047474458657861943
0.92864458931147276
0.89352703894436414
0.31188894282023533
0.58394509303556519
0.49593628340125062
0.10320343206059204
0.84072769141900494
0.31745244546710799
0.022991299992068528
0.45608883050611737
0.79821911691011427
0.78658364920514423
0.063432006648743627
0.112591117567098
0.20956265733966431
0.032484735285377625
0.11627136507848819
0.57879533998665667
0.43705817895738408
0.32540979544952153
0.83863061757696133
0.20912976927344584
0.952629792750886
0.77964780918268917
0.1402240523028887
0.91438556289349227
0.14965825522541201
0.30639496579728859
0.50862743438254432
0.37279788099507527
0.7267567290869642
0.92225874560944765
0.49317191612390088
0.60522999080174988
0.18151152314073926
0.12462657819045321
0.35851722267550762
0.26308921506890298
0.47499696908265654
0.53794318704382338
0.59298166872695168
0.44804540900001555
0.70822765883395955
0.3374708901705088
0.25296463834138871
0.33359251837981418
0.77265333005955183
0.48755426076539843
0.53840075597911252
0.34164752437566148
0.48799379830767164
0.1634730828424816
0.045867092089105777
0.55588521533167112
0.77510228736303755
0.61113343881632443
0.75476360928549191
0.12567144589924856
0.44185347952198539
0.51840331877392198
0.80902171923289068
0.14111285227601236
0.7179230021212647
0.60581994146048801
0.050009481502475542
0.24861674374019496
0.63540742427394736
0.17596676539541758
0.20581445048555905
0.37421735666673223
0.86887132040404236
0.95526258021597521
0.94910477605666588
0.37327065661972092
0.83732740037949183
0.86083575227637077
0.4574721570102932
0.067706070397555287
0.9837894463251281
0.50415869071675479
0.71885495469989413
0.90228927827222472
0.54252496471653389
0.61467941801506187
0.67631160931769019
0.78658364920514423
0.48524969137201024
0.75442306099955947
0.2605847248196011
0.41867467886320481
0.36351611230807762
0.10484472361131035
0.15638846481488902
0.20925337824304746
0.0073221728679767461
0.83823003515074346
0.50616756041539313
0.14285986187626987
0.59603943124750947
0.87948185928511191
0.41100575682213591
0.18068718170569151
0.078019137260358862
0.21684135267370858
0.55496049068645092
0.13294555160000904
0.62438425627500083
0.66778699319388779
0.51705043848750432
0.95335114665155063
0.22641872325321893
0.4668925034185456
0.013133887153120288
0.94556057516158265
0.079837779107254148
0.83004146656394828
0.8775158158618096
0.37431211086406446
0.3947423488049005
0.037678658677619777
0.82953129495449829
0.77476873971663418
0.54103441278734854
0.68694616382768137
0.45992486522332277
0.55507605528950366
0.16667865651163505
0.94006426775160024
0.75385524865824849
0.34820371316412912
0.25831703250624305
0.95008523099831832
0.49239913546988034
0.68895160808298073
0.63066462789027278
0.90566392086844139
0.075104799756143481
0.5540362425685168
0.63528883034772132
0.39680279018025255
0.13159661967370989
0.58078373909287584
0.041297088458955973
0.29658411346640584
0.76773541364870934
0.80273344985293416
0.75476360928549191
0.66636510656813963
0.52269664607809119
0.69354771045755104
0.46980219751235297
0.50840360244868332
0.59651012564568751
0.78844471659512094
0.76907925953634704
0.21779711600534041
0.3149993165497576
0.080570380710868014
0.96495064827739019
0.78592571687126789
0.48524969137201024
0.72710448254919657
0.11832266851380861
0.9605774321524766
0.56051584481350814
0.9662507899325381
0.55449830681035417
0.587579603705779
0.5027099634768889
0.055924306925029907
0.40590611587976821
0.37185347965183468
0.84261630402120047
0.58570310043199703
0.95145150928198807
0.22873180716431746
0.72106642988132097
0.060741589151270863
0.19309095979298704
0.060762693592175697
0.27842185545621423
0.94219754311895199
0.59933574419226665
0.22780435026284454
0.50115180412314797
0.65166041542916509
0.29674574380842045
0.35851722267550779
0.61302428703887379
0.22820146848183612
0.12200796465722472
0.060762693592175746
0.54241025704970791
0.98857773519247705
0.69531360830616995
0.8987767286434788
0.20026381531692292
0.75476360928549191
0.87957089899733365
0.90590282013446033
0.94669700513985955
0.72339131026838255
0.24918366278195594
0.50449326598796684
0.30763748976003857
0.99972882318363132
0.8448912696972759
0.84872021065210879
0.11698955747027905
0.45576990903261505
0.099757747255044674
0.9936287588961642
0.80944572568788642
0.62355517312558073
0.25325177040300856
0.49361374994270102
0.01123822958388809
0.71103586215871584
0.43903538678054732
0.18417027510683009
0.57622458955790334
0.19629830128469355
0.045655527838518638
0.026647176680552657
0.94627983836400043
0.44059978379877451
0.37706663089299136
0.53645703659192856
0.85559606766256679
0.92675804705271347
0.40401591360309047
0.49870751463746621
0.29184473077461998
0.78592571687126789
0.21043059111733603
0.53371722939701649
0.84360694214662446
0.11710330905034212
0.89234398838354667
0.23741788444233966
0.57879533998665667
0.49372423616743899
0.24649964159822293
0.25817124705367706
0.39415485344714407
0.043963783953289211
0.66506147728598219
0.13447730292178822
0.75816326612680529
0.17356554710297309
0.24762702585834176
0.32034560523236977
0.59451016614012619
0.55357429846204598
0.65806613418159277
0.058623713115405839
0.19343876212864572
0.823574564001329
0.89984475435727118
0.79843478170434201
0.59698089019368328
0.2268798584829104
0.44973250626232475
0.296341787650933
0.14480740906840589
0.99877476717854319
0.41372077257455875
0.94962514862088121
0.31949276310498276
0.66719457392541115
0.26102537429413591
0.77164953918488322
0.89047296862789049
0.19848025134254374
0.19907333542211583
0.19303304236248117
0.42622053012091876
0.87263257667883243
0.27086299280375953
0.49981790880886734
0.95037160079255134
0.56411238260431329
0.5238287631203562
0.50104058714441424
0.44678229575695816
0.72803145673846625
0.11966898645531308
0.51367445270131962
0.97804781854559164
0.57389003535625149
0.93091605973881464
0.37716184330750807
0.18389183455575148
0.95268550042385258
0.41705331356641206
0.60841678707003222
0.82891838119542471
0.95702376904372366
0.45693985224371603
0.53577161346770086
0.81880077089114245
0.49915154258195871
0.6226077778608794
0.29400670901823378
0.070432794177873334
0.72490078967569782
0.52032229936029162
0.17361861040339713
0.21043059111733603
0.66494295503331113
0.45407095047952162
0.54493572461551643
0.65438902904862539
0.51795220215298388
0.05064899590756957
0.59110152504048541
0.49250949925790111
0.32809284018889578
0.82799756908087108
0.13303025350104733
0.85425012289906643
0.51637452825769414
0.43301507592951743
0.5313240658829339
0.58359363532226594
0.57505701123999908
0.1783411842449176
0.76155206628554439
0.76132649161198596
0.72953663235880817
0.55681041247400453
0.57727591801884581
0.5331470729915383
0.82108924890609403
0.55623210910629939
0.84152391462400322
0.86896360095023262
0.36156671936769746
0.51064377018517249
0.12611578285353231
0.7763241997694541
0.16988447743138377
0.33924391501016743
0.47066604789715283
0.39631161594653819
0.97236441352717029
0.72001922804328422
0.94107331469060707
0.18350259984473227
0.54953748817126868
0.52950335659706749
0.68541181887024227
0.89436843584753689
0.82686979645159286
0.22477784702480527
0.41664854123793343
0.64359243850070658
0.17645029960047401
0.3439729833601155
0.11295817883926738
0.16988447743138377
0.48437309398560757
0.20284287475565366
0.012185968592146917
0.55230457569579139
0.66577257446178428
0.26301529429198772
0.021683498728146556
0.994969974432654
0.57809394645028456
0.53303306827224151
0.91369984590484332
0.88660089755394722
0.4668925034185456
0.11102461946894977
0.63113880993139571
0.02602458947259495
0.81911340885296424
0.24161389632653726
0.54873126367214531
0.36027092610729083
0.17361861040339713
0.70083954187027442
0.87062002773669023
0.46904697129056427
0.081144345515305694
0.71664080573409006
0.1061951452486337
0.036473487867023334
0.1054661062685896
0.56121142658904
0.91046466545281357
0.5393163030079019
0.67773106971330566
0.76121368558581182
0.83561745149831235
0.0064568727446625267
0.017422705973531481
0.24348943213403748
0.10919145348245181
0.74255542875553782
0.54183684302236146
0.66233505615567945
0.95981972955080919
0.88072582295641089
0.73046217111266598
0.029463162512245906
0.78372857384179917
0.21349107584669047
0.062950768235025115
0.5902793471516361
0.056771524408638072
0.28393860858521769
0.17452274989650129
0.33096576668469774
0.053885001018518112
0.69213424043227167
0.73473540407504145
0.41130690725723063
0.36249414884521108
0.10933426599121684
0.98516331949052993
0.11832266851380847
0.53679986511537403
0.56237128992626428
0.95042876563263834
0.35411186860843297
0.29731195275774341
0.47912914741181023
0.77798764253746411
0.39376348720868054
0.46796912093483456
0.9256991107240311
0.59074913404637475
0.12098957607982273
0.11529480829170792
0.29336491066945058
0.45683342967626872
0.56109547870720966
0.032272263758280899
0.023388336612535688
0.5022645618787217
0.75918106330359847
0.51659979227621156
0.14272482421492469
0.23086286437979758
0.3264465806147902
0.98031490050985648
0.28128678736338036
0.72153165439595468
0.53588582894769754
0.93949266137474807
0.48109246782188686
0.12938838338329431
0.20654750718272363
0.88755294342031621
0.70083954187027442
0.54470597319173653
0.032131337628470341
0.69295884436018118
0.057049884948530888
0.40740209509828301
0.45885764317453848
0.48975376676560578
0.30449674061838278
0.36463311921818314
0.038239858993038459
0.49107564244413338
0.82656177848766044
0.9773669185189876
0.29982885145680843
0.6171631701168353
0.11477194086628521
0.86412956376001304
0.47804006624983808
0.97061870885512136
0.30507356707308725
0.17817845415911923
0.57821083092391401
0.097345345368499772
0.16637111573449617
0.20581445048555885
0.30031776520608044
0.34983318700852473
0.76346742367626175
0.42009635326450606
0.2700326952919978
0.67761279745295555
0.091936746207035042
0.97124948793598254
0.32783252294463833
0.17335342861085856
0.32861390376491967
0.67299798262569133
0.62758306382858375
0.51547386730547706
0.54195150922894519
0.62248936332465821
0.71792300212126459
0.035202024349475884
0.0075028170928335743
0.34031076456038789
0.12835790657193782
0.32558243390935482
0.18742558969993794
0.0030424617981311426
0.50840360244868354
0.79519263632681647
0.02754637192613105
0.68470344302659836
0.98126326720334467
0.96647994627297518
0.96447937052234589
0.52882118885906215
0.53542901925443509
0.76425503555953911
0.69496051406874615
0.89453635013208488
0.69660791375863551
0.47597408591695223
0.99006515342798851
0.086680586264262061
0.43882702970993814
0.088649065989274772
0.17937466455623274
0.93240929405153039
0.41291523114118511
0.64110101188032353
0.47847555658480112
0.8994345975623117
0.60063162779546952
0.37668593372279546
0.99210662624508583
0.58722765912048924
0.20459734954535255
0.5266631662677439
0.48371613150965886
0.59016191258956996
0.91925813672994872
0.37374381525139383
0.57879533998665678
0.12831683531386565
0.64133828140461979
0.4944979501300093
0.52428187433590678
0.29152542647590945
0.86729843838222809
0.44227180705995939
0.39660627606184656
0.29966600793295767
0.5818370787883087
0.047457626302157711
0.1983026059871219
0.51783944741681531
0.35210477529032191
0.48185700876419568
0.62900518550562257
0.79062831361744612
0.7795372342927489
0.48975376676560578
0.71302274122960108
0.90960784161049102
0.47207147002910121
0.59204144531783021
0.79854258825988755
0.64810104353803388
0.53086867202056109
0.89894138233295673
0.5175012419184648
0.042254474877198758
0.26590986493679197
0.01522706567979059
0.65640560816017723
0.52280981515862801
0.86831707163868865
0.83551666491927989
0.67181405569846264
0.9198480750395388
0.79051928672951788
0.13443455032780988
0.77231885750327733
0.35411186860843291
0.88152255619785846
0.067543225263638096
0.35310737545581705
0.32085807539751604
0.0091172850849672426
0.85134956847666232
0.32679268461004274
0.62035829257423702
0.84251711198050794
0.63647481719435317
0.32385891341925377
0.69083799260118661
0.39995505506619472
0.2418217341478921
0.93009445073331898
0.34965188325176338
0.92065572085388947
0.10879956241103123
0.58113480225018965
0.030129365646749336
0.61397000507165478
0.32145668217637619
0.60063162779546952
0.042088475526094661
0.79843478170434201
0.6229630347347288
0.58887045668162896
0.51086801196038634
0.88302114534665166
0.36091844220272284
0.2077739383034832
0.89021670444756684
0.73991546655916363
0.77676810212846747
0.8440025426622374
0.044357479422517276
0.65545665763849248
0.41685089891507621
0.18596051616867076
0.29216429020717855
0.72837893288692457
0.36249414884521108
0.73807588768098453
0.32222746638140876
0.7281472905961861
0.37964271149590395
0.19130210160907155
0.071992934782789522
0.92598224994504763
0.98646127724438226
0.92477511794902612
0.026804993612858437
0.69378322458926522
0.44594127642996451
0.072759793659564378
0.91301146080007944
0.54069063945480822
0.46035210923525283
0.995919542763679
0.15163685423660334
0.83410331940525106
0.10028624343731436
0.35037747472484393
0.099067831850937552
0.67855889140432724
0.46592460566574301
0.43934802361811476
0.43260157444408981
0.046063184566593619
0.35879374981830819
0.98888133187417782
0.92175047020009193
0.83258421766147772
0.44269034866357249
0.20465806641527989
0.44920492752890129
0.90017231859974522
0.51412406691302426
0.61810967793914684
0.24119863659949467
0.1011503251982843
0.20056233490489139
0.73485072440634069
0.47347894452548134
0.52927593092711134
0.62355517312558106
0.38685648726658056
0.20569247840205274
0.82181534858846561
0.30309913400928506
0.38184588900263522
0.49970682078919859
0.2904098703372226
0.37251439955594368
0.69966476767957408
0.32145668217637619
0.90446511875476598
0.66731306166937276
0.73104034925109862
0.30293501310689619
0.001021362755671796
0.77876279758778622
0.48185700876419546
0.078390491316731856
0.1816767631031713
0.11488380927556965
0.41583968076518885
0.84548269343509763
0.71780647505567918
0.52654967831699506
0.63528883034772166
0.026082371582917884
0.20937704587380762
0.86739117531286924
0.49118587188885243
0.1114235244044551
0.41170864288251291
0.35916267056896917
0.16086628787161616
0.060783804715461076
0.2840168816381734
0.011990520372867578
0.30548606503458936
0.45407095047952162
0.45396487519577633
0.20581445048555905
0.75657808770246959
0.79226176474156118
0.4123116781792302
0.33070387693399267
0.75589801124748512
0.69472509399783933
0.92196850600646396
0.26109887081954253
0.14951776841576409
0.39425273218341772
0.81890500354287743
0.19210828979173158
0.73773069042715633
0.96894054183646439
0.13328463780089922
0.33429539589405782
0.49328235790526054
0.15893418596917128
0.52518854764871592
0.8938639624412027
0.11008672200137125
0.20038317993043425
0.070844197353171989
0.48865344609880945
0.91491704938725549
0.10145095806205622
0.023880400291890314
0.84410138415990454
0.43633096752241396
0.98442864393157581
0.17066775631478526
0.42243797487468437
0.30788642568538421
0.096574110412675065
0.94875622682247285
0.63908432142225136
0.62485806369522789
0.026963687359721464
0.28605756641098851
0.92043585849310028
0.28739767871625255
0.03130921535469898
0.10958458206389331
0.64394837113685643
0.90788243325046813
0.46195607573483877
0.010567918265562571
0.68446728802887213
0.056613019313649787
0.23092971038395602
0.39965888854147091
0.45587620334688128
0.48404456063480017
0.13447730292178822
0.81082167471773681
0.93685219157279753
0.6108971394431727
0.015620238087288213
0.10847984265108179
0.59639244544623826
0.49096542423103784
0.70436056713588036
0.72420427511843588
0.84429899670106723
0.76683845433211917
0.18156658935171849
0.26890355225891821
0.045251202324447203
0.36949919422643684
0.84705564884572648
0.41796488388733688
0.031206417672204174
0.54046149916002706
0.052742555056697074
0.82573947234770206
0.45279890094179798
0.8783217608078826
0.1153322354007183
0.54665989060304332
0.74289937875467982
0.94331015123419815
0.7522638457687274
0.30697436320650295
0.40262650773411712
0.41211060886382489
0.53462993833049555
0.57856151905743569
0.21684135267370866
0.924489648070565
0.073584222726193665
0.6427619413718122
0.08406950800528408
0.29352526454562777
0.9422596597859999
0.89225925803031114
0.20925337824304721
0.55553838800212141
0.58172001884773783
0.63469587738047117
0.85396106992453791
0.95099841272033392
0.6394401936894949
0.44909945110508009
0.5920414453178301
0.34531944004486187
0.24882922191514384
0.99959339285713622
0.2905690441948458
0.31796166395503911
0.28066550004475205
0.34992386241761164
0.74267008893908715
0.64632131129344361
0.22425475564769795
0.18366933160524704
0.69307662676022996
0.5804327263266118
0.64394837113685643
0.62947928000559861
0.71419058638561306
0.75499058327790647
0.80433815485241356
0.02288877425696639
0.54711997327015305
0.49405576139908713
0.78822600486475358
0.076653630465737407
0.18579207597588271
0.5729568941537444
0.74370157087831013
0.95691816458389434
0.81952997910078718
0.93002575704875512
0.99724405685565876
0.93580558818255066
0.96841307493739037
0.12398732972444779
0.087909943424285805
0.73161830722967058
0.39376348720868048
0.46067267517329602
0.99734338734117933
0.70635352234445858
0.33632181694717883
0.60499403624063097
0.56690130744438272
0.91446158867801031
0.97447671694916682
0.57657497924345136
0.28066550004475238
0.95077099061078574
0.68470344302659836
0.78603541131062715
0.78756948884565392
0.34164752437566198
0.545740109776919
0.97428174432610581
0.064426792408969091
0.60522999080174988
0.45163449607716322
0.0020576135851574466
0.85415379679064951
0.24119863659949467
0.36696736995478141
0.6073542352234973
0.33667509307881038
0.24530614068910506
0.95472102363459022
0.45789823087384673
0.8503777999994715
0.88651417126982524
0.44112192217781598
0.36846635416086893
0.91695185392020562
0.47196328763165507
0.75974608022681589
0.96747740347470568
0.27086299280375936
0.30392069663751531
0.56899550758928275
0.52632273022194076
0.95633472341357129
0.44878310055394699
0.89106987028177131
0.67264283026719773
0.0025172642148917459
0.082581400635183766
0.96725225775884927
0.52745784081137681
0.34576904611415982
0.45332869502819462
0.40890134141665935
0.62947928000559861
0.21639647489868974
0.16201495689895451
0.025957328961394618
0.85578794491077148
0.73715517001576458
0.039173674111766532
0.29152542647590945
0.63161301546787696
0.26073154518806962
0.81345872885953918
0.40223006175677556
0.18173187064766852
0.064627442872722166
0.5902793471516361
0.31753727535153853
0.43757802288850356
0.39171272340639224
0.7522638457687274
0.74198197562855417
0.99485921985792636
0.23769128224399813
0.81061019729583772
0.39268845793035695
0.83187361612644883
0.5976871672368389
0.071551019084268211
0.2192691292193974
0.77732265587732507
0.041208371065745569
0.82809996669514807
0.18145647070357479
0.73646423138637584
0.21148838401602565
0.2657608428108903
0.99151841298210608
0.24216843871894397
0.82656177848766044
0.89478799295209022
0.094669661124707594
0.89670810958005653
0.30680874124821694
0.096894798155877163
0.57202414834856619
0.89869435523258712
0.86234545414908514
0.9862236318663522
0.045380225507913645
0.74415974001906049
0.954503377601156
0.69201642185998102
0.9802151374162964
0.10724431392939833
0.69884211062631529
0.43861872666506929
0.20691482314624529
0.36640626913471891
0.2116131098844353
0.81629322638853741
0.64003332838980154
0.23926808291811941
0.035189265533822955
0.45545110320360782
0.2166506015987989
0.34883679308164073
0.37935593260194633
0.68411302801036511
0.67465505746532139
0.57284027921553782
0.040957962889979556
0.47902018603551366
0.4676460060145583
0.29828441628955965
0.40890134141665935
0.12295461196363972
0.75180874938026321
0.823574564001329
0.80880960404511681
0.95905378563692012
0.85425012289906643
0.18731255655092147
0.59580411054137361
0.59074913404637486
0.42478703863240341
0.96588224213418383
0.68482151498429311
0.22767209856428172
0.30334543512686546
0.089244347463719509
0.65035533994786121
0.90874709318874958
0.56585500801385136
0.32661960080849906
0.5933343296953959
0.56434464470417955
0.049203128393633805
0.88045973002014821
0.61751809068754437
0.58043272632661203
0.94447193501019744
0.37716184330750863
0.2991778605265899
0.26494234748268608
0.27534907381815499
0.22767209856428167
0.88310903801058382
0.85386466919386339
0.6838768364597182
0.64086374462772344
0.59745172429288873
0.31592823461920649
0.51378684124132867
0.5915714469938681
0.072165455633090902
0.28684531042756622
0.71780647505567918
0.13067608134030748
0.30359187996202597
0.29136586999595787
0.080162638532095751
0.86478448005094677
0.33341695751559286
0.45555735895661775
0.36743537840775342
0.78064231665498307
0.11653551375339964
0.55900962567756962
0.96485668513739165
0.99425094024319471
0.67358985304257735
0.44070418460742344
0.058033998787019848
0.67572004575838074
0.33959927874799206
0.4287871284955313
0.77876279758778622
0.7849377672236264
0.68493958323151871
0.46635465846383684
0.53782881619894596
0.26852796082298691
0.727220383688016
0.77343327959424801
0.70177897227612984
0.57202414834856607
0.54218086655522346
0.84676118392724264
0.88512256147556889
0.12295461196363972
0.41847180931485251
0.84832917384017914
0.67145883062810285
0.82264395302238835
0.66055653513607893
0.44039102250926143
0.052225629491578815
0.76560376319086865
0.50985924528137194
0.52450848638499181
0.34245128464367192
0.37945151036845343
0.4040159136030903
0.13155465615527429
0.91999522309060344
0.08882727772800468
0.60004252821466242
0.85731933705932351
0.16739809982074683
0.35750448886369812
0.70904709608607641
0.91933199671326082
0.8029476430476441
0.12279639627396832
0.75123962513434817
0.68529376558764632
0.022880249916553009
0.5790291839067756
0.84891558435546044
0.081446454762895734
0.72188049186695025
0.58300798032493018
0.53212135044629205
0.39122541576921988
0.47575686495983083
0.08563909258631841
0.72176422044264776
0.20587545837828886
0.11878277056913421
0.37345987412401699
0.059487483701730827
0.44122639013501141
0.29432799105622059
0.85798728518002854
0.19536081523090723
0.061976748266808275
0.56480925038841034
0.27252932716251299
0.19653324366806599
0.40213098691060861
0.66648360751742097
0.095490794942910046
0.71465753250439246
0.67690310197396775
0.31331532055919797
0.19361285479438628
0.42417352414074544
0.49239913546988101
0.74690524387853974
0.97341323259392154
0.31983370871617578
0.77008587649700644
0.78053187524335932
0.062776597545982735
0.15893418596917128
0.021186629939483229
0.68753612104667217
0.88363578613731164
0.17725863591324292
0.78515742016441104
0.92138639955382118
0.63327291010460851
0.88512256147556889
0.61077899457160267
0.93036887755215347
0.51389923979420304
0.85893933451024362
0.10908445149590199
0.86515813790819962
0.99417548170937775
0.38869744283663249
0.23659916211592488
0.43156878222402589
0.48404456063479984
0.85008579384812166
0.88651417126982524
0.21952593709627979
0.67074831745214869
0.55843063223630085
0.77643519691569385
0.86064657358873564
0.89428443301759342
0.32360093441488391
0.62592424767086263
0.81702577068334303
0.96117766058095089
0.29320462059728436
0.67441836374218422
0.8422193963608311
0.020997194076914985
0.32809284018889578
0.45036603274507725
0.49405576139908713
0.16524752300047019
0.95054298617193056
0.75351442274686986
0.96087820563794135
0.76952677972794081
0.21393118029243247
0.95638794648117031
0.64394837113685643
0.73646423138637607
0.37298694526986564
0.7204847270409358
0.84920846372444503
0.24621841532473102
0.15663174257321205
0.8409268855528369
0.66363910065965048
0.88178761765704761
0.1399141052358514
0.10619514524863356
0.27063635836955552
0.55034409537622908
0.53702846065152077
0.16241610443196719
0.85463517818672574
0.53577161346770086
0.81786177968930507
0.11581975354652274
0.3883094227999685
0.95718190122155478
0.41928362790298118
0.83177201439614334
0.60782644584067236
0.19483508285902931
0.27996776723556688
0.27580837358563876
0.26546298762232995
0.02140967698461849
0.51569897317193225
0.52100025319295673
0.010470119622823295
0.30664318316283679
0.85309256999026339
0.90756704422973422
0.19653324366806602
0.61077899457160267
0.87706708272962841
0.24692194573590237
0.34567909342604719
0.89276718717815728
0.046540271350633614
0.32197039496403673
0.9793032263095488
0.84979356883953139
0.49538285795830783
0.61586200352547738
0.43064044596699946
0.26154017973255717
0.15849109968954761
0.60794450718944293
0.43291167997810504
0.3161819109010886
0.78416849574348313
0.8378290901473292
0.66197937668846996
0.56969404216968922
0.3778287569631551
0.91069766185339551
0.82005024003756555
0.15421327711637223
0.93534485340297746
0.87634764963792655
0.40850122348402879
0.28292250641697408
0.0091101802030295904
0.080325512686896
0.78163561705398266
0.33210227283163363
0.51964469243134259
0.56864632746058819
0.52564210887965268
0.31957797560119727
0.050434994088695471
0.77387865783153864
0.53897290910465856
0.16755260328897298
0.23462968125891825
0.91672696120734543
0.95008523099831832
0.54229555766013782
0.35228692535612149
0.8667414559305473
0.34280892152079201
0.74804739778292806
0.050935629626758218
0.4499436294314918
0.89520678728645298
0.98692871259454407
0.07600482319278562
0.013527207357130798
0.47923812060479587
0.1671922803397338
0.4057068993367467
0.095649427392172054
0.096094841780374612
0.86720567472196319
0.3697812011498593
0.21211260269306073
0.40830125144349094
0.95042876563263834
0.12114576903869649
0.51998345244365307
0.12745695726537173
0.80679081087732929
0.59345189263416298
0.080000060818933905
0.22972880590828926
0.27911672981350361
0.19653324366806602
0.047373546971751425
0.25860879140983201
0.2837821102048283
0.78482791755862835
0.28183124809951904
0.11102461946894977
0.67299798262569155
0.69978226908357399
0.79638319930847956
0.77398996733872916
0.57330677600297308
0.8021976555189716
0.55253536605574927
0.81566456526488262
0.61491591226980646
0.80391062797384727
0.63339148393613121
0.15301592321357399
0.62699058788021256
0.26154017973255717
0.094606757207128966
0.46689250341854616
0.97066101399122251
0.19836180676074289
0.95324057054205868
0.85338229310500702
0.22773821685020196
0.042073414642973997
0.70142672686645802
0.67418165944176445
0.54930709914790099
0.70904709608607663
0.89910591177369625
0.022508126495555669
0.61385177986800876
0.23830732437756955
0.96167382225652842
0.92484639987801398
0.88459877786694885
0.19245464729255127
0.71267225545086821
0.39054381257028731
0.077228699180002011
0.71873848641196358
0.089483455668669248
0.27306113021467554
0.94312552465787614
0.10303377296702769
0.2662826960212768
0.35990125880261647
0.67666651351596974
0.38232590190641164
0.91999522309060344
0.80742904480797018
0.6554566576384927
0.78438836460102246
0.91822057274210001
0.052779657324365098
0.6902486144162252
0.90000859888355067
0.79128213421238347
0.29128611567230339
0.70670504176192206
0.92815790454277969
0.10422656538476899
0.72211301145116724
0.87399715326343763
0.79595050375666543
0.030118331560262075
0.60841678707003222
0.64311786644119928
0.22694579536280202
0.58043272632661203
0.98261640871106237
0.047373546971751425
0.75362804289375451
0.42632302706881464
0.9113948912090527
0.41321720154687525
0.64620266274369575
0.50170804952038162
0.019073633146798635
0.92441819509941225
0.13710738682927071
0.98814865504724014
0.27527257932920779
0.49019421169257826
0.81534997057181602
0.82429721762264263
0.36987523422850938
0.97656260695113462
0.13632674537481176
0.21248784147847644
0.50661443639633863
0.36996928268978041
0.84022930366777526
0.096670217871954275
0.048494521893081399
0.45492001746255439
0.73150273332758164
0.89959875373716325
0.89030215575207761
0.24279347822660824
0.83136538997460341
0.74347242443653649
0.90382283149860876
0.45885764317453814
0.80880960404511681
0.30080725373919603
0.78372857384179917
0.082692882118299907
0.22068453104076893
0.66731306166937276
0.95150798245952872
0.97289186085201362
0.11362152650888072
0.39798311760881894
0.55103577558814865
0.82902058699429215
0.67335311247442897
0.57470685482912143
0.2376912822439978
0.9686774626779191
0.77887347549694219
0.59662781022950639
0.16438364795594995
0.29152542647590945
0.6236736072513962
0.19848025134254349
0.5511510826548881
0.5262092700912937
0.64845698898962789
0.98761036897772492
0.64928752384088417
0.82543076179715502
0.33385597857074534
0.67453671193189302
0.52541530959485572
0.33447127375849828
0.098936898701520309
0.67323473837912817
0.041371154713482058
0.86683435304422396
0.82098543909838217
0.94113607621077189
0.81493023793309816
0.44216720509702578
0.98261640871106237
0.078656715955426379
0.55022884244420345
0.086535261214075399
0.72524893783698086
0.85684147104719466
0.10890631923528171
0.080000060818933807
0.92021569249608337
0.63860983565071106
0.58699305492974063
0.25253440796778959
0.4932823579052602
0.17134902894630674
0.69119156752302324
0.99962366232324673
0.75669139232406746
0.47912914741181023
0.64359243850070658
0.31643573073676418
0.63315433755096051
0.39347011873863535
0.13637001410367838
0.74781905316846986
0.47467147947176236
0.80742904480797018
0.45725919673543391
0.37364915289519407
0.10901316794525313
0.71278909077271213
0.8803709752375023
0.53520066670609534
0.27942597564638783
0.30039930671214649
0.43404978911742198
0.32653308276040266
0.86960880910454563
0.68871573441956957
0.16683260501066979
0.42111353263121082
0.079218433419511985
0.052575890744510356
0.65249089269595451
0.73773069042715622
0.41331788705854611
0.70248331391644081
0.15760804683237617
0.80796039956372345
0.50259859712527399
0.73784576578840544
0.68293192673919378
0.61621683415325412
0.84793775188466158
0.53645703659192856
0.76470481775942822
0.094921648022992036
0.21211260269306073
0.30457909649103743
0.23789649158205395
0.30905002675802323
0.67891362639461539
0.71943718477789953
0.59839359874515896
0.32351497325095835
0.68694616382768148
0.0038226365023129368
0.41281460305898254
0.41847180931485251
0.38540693563994527
0.39337235901537404
0.63789813108035887
0.47412923735605883
0.48196627568677053
0.69213424043227145
0.97170689167204027
0.078656715955426379
0.72362362575437467
0.73450473570984176
0.61207876326241739
0.50650270176650924
0.95574685512832447
0.49593628340125084
0.22230173379674373
0.33906632795732777
0.78086315475758517
0.68316817550130415
0.55207381583710724
0.49317191612390066
0.43622713453155881
0.07472202345667131
0.06523280516421999
0.20134017261495141
0.62829409369740441
0.90350092676252292
0.48920346485904942
0.07728117011845588
0.30656042807260669
0.013937054818046132
0.74724800290177285
0.1740436020852838
0.061847920703766726
0.059363381040192405
0.25103301848443715
0.275961600317012
0.84032902715290436
0.37006334653198719
0.45026041230520919
0.79345728411554661
0.26494234748268614
0.42683572086699484
0.11836095100182524
0.089483455668669248
0.70213116807424636
0.47869337285833125
0.19824341955589234
0.77909478727801917
0.86206289112089185
0.78075274316447341
0.52484847485826891
0.6740633033549619
0.048477356742356925
0.46142110471966535
0.075798251510711498
0.0098169930104329908
0.53508650353152531
0.12048315671918697
0.57844461723618501
0.68198679208368163
0.58136887223290767
0.49682233490222938
0.2409221047585729
0.50293272804837508
0.91552247710897683
0.29288423185678181
0.21493985593468434
0.040085394894004443
0.36064084208390101
0.063366186798186355
0.21786095263257799
0.74827569909329394
0.38666301804153091
0.96980803040325858
0.89679122468670636
0.098512422181073867
0.64240602003829905
0.065052903851126179
0.69696080281531203
0.099823674418349675
0.97170689167204027
0.14849094732314949
0.50215323808588586
0.023484232171313714
0.86590418414149717
0.92355809527433363
0.52859387257172985
0.55623210910629939
0.64667725740849313
0.68458536737070308
0.54459110966866708
0.64371108238899266
0.91522002823779725
0.16166463526789207
0.0019008499840056318
0.693783224589265
0.88538405921786423
0.88703408767930314
0.41050412782328127
0.26988193753948142
0.086332171651801015
0.060111554333602858
0.14326562910200263
0.07365958715855847
0.72536497096965791
0.89869435523258701
0.046030448876008059
0.093294315783813545
0.86785445856791199
0.80753535268797727
0.84891558435546033
0.36258697710753862
0.49981790880886745
0.097668299455227384
0.11525739178386663
0.41412388749786061
0.2355109616941036
0.76751125307877799
0.28175342031109712
0.89453635013208488
0.40292399606530016
0.37355450585213862
0.47978316363924589
0.5540362425685168
0.12482692798198822
0.74014523774962371
0.57973085291485815
0.4023291512648528
0.74838983347491261
0.87688739275300387
0.99596711323715892
0.32826646448282393
0.33543973482437667
0.46613960724657011
0.11839924427322897
0.011559409345216109
0.25955873966571913
0.86159143298631546
0.18952680911630915
0.13680334972051267
0.068056223018473291
0.93180046982561449
0.95362694810120385
0.26242449408567009
0.57821083092391412
0.11458570488206789
0.44762416036636543
0.25024931598568029
0.49151662755695436
0.38782473542076779
0.91453758143031749
0.60287112056222059
0.48273147092452162
0.91589979202889116
0.52473513598957422
0.14849094732314949
0.32713904301968905
0.50560920032464673
0.70318745435430907
0.29464952835689867
0.16786196753560836
0.56608747238748536
0.73819093418508086
0.097797746409636524
0.022786679369503716
0.33035491285004753
0.49538285795830783
0.91285812467877325
0.904865515717722
0.90590282013446033
0.48777400674218807
0.65011804924604411
0.51693776217910514
0.060572993974253295
0.061526917909921659
0.34004383891003453
0.58558586302023041
0.16993660265852598
0.13358194817033942
0.8516406219956304
0.70095698974141984
0.54069063945480877
0.80465861084640589
0.20563151420775477
0.89081423512313707
0.28113137019067536
0.26205575480377136
0.69119156752302324
0.66636510656813974
0.68871573441956957
0.86646260473126313
0.90772480313557224
0.52916223174072519
0.98325441329379626
0.94568081356339595
0.62900518550562268
0.77465752885185712
0.74759066536038543
0.28190909178370055
0.26198205409012648
0.70412599051880909
0.023889275065701206
0.3035097157149701
0.52167855249887563
0.60511201167565076
0.75271876074308575
0.021075930560284655
0.22126564543114779
0.52927593092711178
0.36064084208390101
0.82409084860827764
0.97365181957411517
0.78559654008937063
0.55704178511335112
0.2714680469102147
0.79247928020421965
0.6101883187577023
0.3150836838818703
0.062105820100373826
0.80827899044320006
0.79073732430385646
0.91484122193371398
0.31898182284438004
0.16362454948666474
0.071575505513538695
0.79983491757723013
0.42070649137531346
0.25167563016747757
0.49926257661835594
0.50739687002204681
0.74175252360254851
0.45332869502819451
0.087030255758724792
0.82983746239514966
0.77421254419127716
0.36175208113412777
0.54367249500275483
0.56074767723562446
0.47738718689285708
0.7124385646855661
0.65581252023412429
0.21130140565886868
0.67110358443924167
0.09292231434654781
0.2997474217121408
0.91940582308664776
0.4578982308738464
0.76098803622479783
0.81324820434546119
0.39995505506619433
0.53007207968170422
0.72872633256012831
0.83662408860750559
0.64703320398978481
0.29723101788242096
0.77765521453779218
0.045154657234388051
0.51434893400670023
0.065866022913897759
0.82036215491732478
0.67737624403878893
0.96578974014626395
0.41766089911748039
0.48185700876419579
0.10581271687990683
0.87062002773669023
0.96376559832520792
0.050774215309354095
0.79226176474156118
0.21779711600534041
0.79400004021275916
0.76773541364870934
0.59980691703101185
0.1730356547727584
0.41583968076518885
0.50795606240308655
0.43064044596699946
0.22946260603175642
0.91710161575725491
0.40730226140279485
0.16817180857725988
0.62272619461480638
0.42796487199887323
0.4597113192580653
0.33315373512786506
0.68434920501336749
0.11612065753933529
0.1754843300450957
0.15551530239400266
0.88824309674562241
0.22445080201478987
0.96414730082536249
0.25454695356320622
0.34910834855363676
0.14793339119875151
0.17758282782106427
0.099626008347214509
0.22171846194148762
0.59098405655377273
0.3879216428699786
0.56829720574042453
0.23537521197342726
0.35796458877327469
0.50739687002204681
0.69637262959389656
0.42847867826901137
0.83883077254468452
0.77643519691569374
0.70142672686645824
0.092520800507434872
0.53588582894769754
0.32274203920728661
0.8016614178360344
0.90803993449470366
0.25174710931183936
0.29248410479172071
0.56620371458714425
0.50048466308034412
0.82378113984247447
0.76447995235600896
0.17014523687570454
0.30285297660839072
0.34612901420731557
0.90333978440818641
0.8797488930965065
0.058848825332415325
0.47347894452548134
0.065368027504593126
0.23892460939762331
0.3339438303367942
0.026765457350413722
0.67773106971330599
0.68470344302659836
0.95946331462322887
0.53737141859241744
0.12607533249021022
0.19606358736903509
0.47261256408118679
0.87153646251339478
0.43115605053521266
0.85684147104719477
0.019886274398495114
0.20919156642646086
0.82243692466091056
0.83762848195824113
0.15522516412558574
0.93859775726187478
0.14517222838539207
0.45800478125428801
0.89753787432598964
0.61432469837712378
0.14084570810286434
0.61077899457160267
0.10972784531207415
0.48568826675904297
0.35759647768446112
0.95590762180676436
0.15258680502408831
0.98797904143929027
0.29674574380842045
0.95477534377963791
0.11521998587494801
0.9099198686834078
0.65355861296415829
0.14412547769461231
0.062148898395002372
0.99708559459576396
0.60652800203682089
0.53109635097183505
0.90811863676544902
0.2317330481211051
0.58289086558407111
0.08316818355266152
0.041415653496659245
0.5358858289476971
0.46506509645977068
0.35796458877327469
0.27450850594958659
0.17092951683472743
0.058175845500363893
0.68352252207120301
0.2990152724430154
0.43508587007557398
0.71500766933669269
0.050470603254741925
0.99400715927420003
0.46840011340413545
0.54183684302236146
0.9710820756494879
0.2170958955898869
0.073936519446413038
0.74003035708665643
0.31542131274555935
0.67418165944176445
0.64442295221024315
0.5819541442486651
0.75680468506439103
0.39298146901934
0.070771439291477209
0.17261270956963021
0.46527989911851431
0.31567470189834296
0.3181315310086345
0.66980083957209635
0.20863591973147358
0.46613960724657011
0.66316492384341919
0.71313955633856352
0.20326525199508261
0.48076498316108485
0.23012856085914482
0.29481039273534432
0.57062578051042967
0.91903635520627214
0.30573375543687459
0.18924173820684614
0.084637264247558602
0.76380504823760098
0.078072090843427033
0.17516331621128031
0.80080251984767614
0.7741012627967031
0.44941591971185768
0.70635352234445847
0.33897755813789232
0.53212135044629183
0.084324575355125136
0.61680827371392932
0.94324864498358818
0.10869289741234421
0.44510110445914908
0.36790377249763467
0.91331773869847743
0.0078124182103050735
0.38772784298928964
0.2906486550350843
0.68482151498429311
0.80497890426929597
0.15315918928617356
0.36184478529665126
0.5900444829103999
0.32601430844223594
0.42930148934633883
0.32826646448282393
0.068643458206062893
0.54804052069199871
0.75510405277287307
0.40790148132718351
0.42755407692828912
0.66909013924056615
0.024418414907678022
0.27450850594958659
0.97078771228546079
0.20447595940140373
0.51356207418055044
0.49937362146314601
0.13464843013904923
0.13916381560484217
0.78008996086040161
0.7627918314471579
0.94622009848791699
0.57517374210381078
0.0017256054959162268
0.26154017973255717
0.68080506696445942
0.19044139870356125
0.50371273803581329
0.48898342333883427
0.65842193601089871
0.99644416741912167
0.6426433004976202
0.12177229363164069
0.4989295069577846
0.84774189675199818
0.80902171923289068
0.62225254094636129
0.96902794421026128
0.70271804988777276
0.25174710931183936
0.20981034473629451
0.75112576658918129
0.92689865366997259
0.26095189346919601
0.20218057245540016
0.66458737812575275
0.2036278548460991
0.2643482749658928
0.38569657490155557
0.81702577068334314
0.084836787578675396
0.92167772381241675
0.46969427127339891
0.52711721059935268
0.80391062797384727
0.5470049406290487
0.97388911580797677
0.82233337975789556
0.68092325450586566
0.11248120281691347
0.91665193035003634
0.58546863084381573
0.30755454305343666
0.43249823338483845
0.52269664607809119
0.18517553393451341
0.51008334417940249
0.25253440796778942
0.87939279114754432
0.49295106594177607
0.56946117156201903
0.20393042273430317
0.88781197274396606
0.90866864917544699
0.16007125538828884
0.93763119362976721
0.21946171272920167
0.60664602470188267
0.85299594612298579
0.40910148726331774
0.15590286535483158
0.17682714242203781
0.77398996733872916
0.016623705194829946
0.60169226169106804
0.024418414907678022
0.53714277135414046
0.38617960828657383
0.66849783083411152
0.95754959512351201
0.20050260217041641
0.98448595295024821
0.14549208706457917
0.70881300250729251
0.37355450585213862
0.26080497891707471
0.81524506663872476
0.80721637375488631
0.17682714242203781
0.89712337722563074
0.58218829169343411
0.51030748396202363
0.7098662242020447
0.36435365850592538
0.47869337285833113
0.79659944537989547
0.82840703194362864
0.5121020680550108
0.70705650672349774
0.015913865734419601
0.34496003850622625
0.3138198491786291
0.31804658950984982
0.79400004021275916
0.39778624852766592
0.78273785582672939
0.73392790383042561
0.23267304439165865
0.8660904306152698
0.5555383880021213
0.3492894640153692
0.70447784676035119
0.65391450938010398
0.4780400662498383
0.062062768990484067
0.15454995181075348
0.1776369074906598
0.84567964544235252
0.96082816829071072
0.12831683531386581
0.60016033996443718
0.85817789887463758
0.047205799925867979
0.14719275070537752
0.87245016513496121
0.25382678317941881
0.49560419514195142
0.48207555429058035
0.87290598790493623
0.93567412625387181
0.22036221348698087
0.40750194331427281
0.29448872779779639
0.65474491173930938
0.35137680143324174
0.14071229818557368
0.94616032246747162
0.9975091328827399
0.36743537840775342
0.51581154096418613
0.96720711930692338
0.74301400835929898
0.89420039974419507
0.75112576658918129
0.89047296862789049
0.12526867962172483
0.50170804952038162
0.12126302867989244
0.7657160730670074
0.51547386730547706
0.53714277135414046
0.10801948093531401
0.53018585148471775
0.57167447149733386
0.12684581156872915
0.11175083395716465
0.84122550394199336
0.5884009852039509
0.91918424314528768
0.30697436320650279
0.94151189369238331
0.66897168173188626
0.68918746517823837
0.50829170195024376
0.9925965791220267
0.9898701747002181
0.73634904182105476
0.15311142132745145
0.51120445093748046
0.0073279343242660744
0.88910312120558188
0.90685553750983439
0.60086729607737333
0.21914081485653364
0.038641481830638882
0.91468946780153604
0.06864345820606281
0.41130690725723063
0.24727429201078729
0.55472938382548076
0.97091408499159904
0.36968718345551149
0.91962710046164664
0.87562642511637556
0.73173387225798747
0.86618351401775051
0.29593823047282913
0.3659391097878732
0.98924779460954326
0.95971807985465896
0.42437797295732804
0.54654488991868433
0.24769761914925076
0.69625498011125786
0.06812645013060209
0.36809123806660016
0.34684970541500593
0.40491061608966517
0.10904880461135842
0.037855766460792736
0.26102537429413575
0.50952317370214883
0.030685915745377101
0.7105680846010195
0.36416742874841512
0.85105829450692272
0.32489226190460924
0.99359652902224127
0.01500255277739403
0.50907522182478149
0.72536497096965791
0.84617161045654321
0.01921046887802701
0.34883679308164073
0.72281038313345558
0.27642166100735427
0.012200044845972695
0.54149289431742975
0.086709677409274724
0.25890080102900387
0.81963407150209422
0.60511201167565076
0.72918941253682079
0.52938963921487003
0.47445454651509666
0.33880006591720524
0.095079441807867759
0.75567122467805259
0.11905188192820691
0.94507817778992187
0.9020460969296108
0.31889672192360946
0.065142798108620947
0.11832266851380861
0.28331299683475403
0.89984475435727118
0.0048641876592617544
0.35897817907056451
0.18850219670650301
0.049482232677234936
0.8958752681700779
0.24875838033032077
0.67134041756249418
0.49184748410863199
0.42817035287005017
0.45736567048110144
0.0015719588983664811
0.98018181385000247
0.43518955325802533
0.046705837664779877
0.86394220804841104
0.92131348385353806
0.27695911997634248
0.56213926152314109
0.8917502427092997
0.094512470865890735
0.97604185565665813
0.14909697918783588
0.42192829225106454
0.87697725178055819
0.57669178764181628
0.98817275957038841
0.57727591801884581
0.39503629704325505
0.0324255848042342
0.13894379855276923
0.9783307181946066
0.77198426041758317
0.16468811220626242
0.18428174840238173
0.46538731912029951
0.72269417408366277
0.67110358443924156
0.76818357559287931
0.015065556371480916
0.53520066670609534
0.80944572568788642
0.21965443063565246
0.91755010062471321
0.61775471769355939
0.27306113021467521
0.50315553507093591
0.96885299414008363
0.53269110736520142
0.072884168880783626
0.40173483419776718
0.41634511160292126
0.87126181837582461
0.91369984590484332
0.84449651521128843
0.65415177052151674
0.39818004578050348
0.93227424471364739
0.40391657524916269
0.30738869754341303
0.19794770247094937
0.58898783703109925
0.17176939772536151
0.47445454651509666
0.43002217579903468
0.98373053529663335
0.5540362425685168
0.42182639796768451
0.25096169501269883
0.8775158158618096
0.031183616617384009
0.96196976148359181
0.44289969966158738
0.64999940348307761
0.48492088079137807
0.63754229026575704
0.53052722114066231
0.16241610443196733
0.71908786904300481
0.35925493965702832
0.30203348987801487
0.53348914030133421
0.18052268471301486
0.40074548003685118
0.65664283732503992
0.17308858343636785
0.2899327313242625
0.15272973114198146
0.16271751168324752
0.97447671694916682
0.51232657354135247
0.040796686028895239
0.98871851033181968
0.81461523416776294
0.82625357112667241
0.2061196356634338
0.4747799639902831
0.36314427225265705
0.55669473712969597
0.80305471290078989
0.70107443218934151
0.52405529989636701
0.46249136150542103
0.69895964874785377
0.3070571981378587
0.77254185306767253
0.89377977711945289
0.71734029404557931
0.126886475650199
0.50415869071675479
0.30007323648482032
0.0046234714178254024
0.044818244901682812
0.95822769577485845
0.87894702451073481
0.55496049068645092
0.75669139232406746
0.98196345260383566
0.9978577586340257
0.59345189263416276
0.86776185547985618
0.76605292462036634
0.22236661676895017
0.18827512240432359
0.56480925038841012
0.98513547596339845
0.4272461265715618
0.98973882312225903
0.66695759268425769
0.83632233243304244
0.86319173585929232
0.84813351095059231
0.1531114213274517
0.60853486561277093
0.87983784745885518
0.15344606180210116
0.17176939772536151
0.65201633698309958
0.99423590092344039
0.34558915647404581
0.052078792709156316
0.11347382237139293
0.71080198638659842
0.82088160901292251
0.64098237796461777
0.21588893447917135
0.76537910448557733
0.062972570454673582
0.51412406691302448
0.75906802329678047
0.20673109949049476
0.34129070781700482
0.34478043219795207
0.035819536907540778
0.55265077265430018
0.61420646433617565
0.21773329426958937
0.77209580659247556
0.9847421999490602
0.51975760276841532
0.24628869866198691
0.058623713115405936
0.15215870562826722
0.85912943809958509
0.0021952404431529321
0.81135003738200173
0.49129611255961791
0.33959927874799178
0.77064463442738262
0.87742612549195165
0.58054972496839152
0.17915667937279867
0.54873126367214531
0.68009587293986495
0.16091608737542606
0.072387816736020197
0.65759171738735778
0.17736664539906752
0.27565521026203921
0.22432008938701706
0.89115502199456886
0.63386579182836744
0.064093632597277239
0.82491582663568574
0.26807777200212723
0.029701826849273347
0.5715579250784073
0.95547817919243017
0.95910510495240731
0.49648998340740758
0.066344591861106306
0.050917671450919098
0.55877800674022327
0.48251278541290554
0.13824174411312531
0.99971976180436073
0.49273026030474232
0.30219725947914239
0.16206505482311367
0.45704628761233035
0.63706784839549757
0.68859779140577559
0.11540712143123205
0.53280508545201144
0.19419408648818923
0.62154212810236231
0.93395228161510713
0.3492894640153692
0.56527396428112731
0.89529045449774447
0.50204192494767264
0.65201633698309958
0.33140256705237514
0.1263587209002941
0.4014378737421746
0.56759913842622922
0.41705331356641206
0.84311191485750725
0.97875086255799781
0.52382876312035587
0.080461467915495383
0.87181086075667802
0.89992669221629762
0.88875946770350622
0.54459110966866653
0.21830822611966935
0.4647429859039266
0.339954895283125
0.84881790957373715
0.86111932659080648
0.79778758099026503
0.31205651255870698
0.64857563725885337
0.21273829571746647
0.020685016465909995
0.84241789668098066
0.025378074319716785
0.0011724963843775323
0.62391048186834319
0.34022177354953759
0.68257752726711951
0.19182004749383397
0.38271018473961754
0.85347881793576508
0.93415217117534843
0.7212990575068452
0.83511329590669836
0.84330999589565658
0.76683845433211917
0.4885434763848725
0.17287694948704621
0.68305005288365261
0.24996479984536818
0.52043526761376668
0.2677779617428182
0.36715452704664503
0.44583620855144901
0.038350262619870894
0.98164723935095066
0.1907852991418906
0.4208082305118922
0.33641011223704265
0.27989032079152809
0.60239952999454349
0.14942417271676142
0.61373355763005144
0.0043574518200433614
0.075155969868606398
0.48305958651119796
0.44468133687645961
0.13499124588098374
0.40411526657091662
0.54355770497131672
0.77532458152876815
0.83491147797868848
0.81869651826060674
0.50907522182478138
0.14581254553692896
0.35741251562619175
0.81765289625596227
0.78196644715330443
0.85066958692543093
0.73750051094280367
0.77387865783153864
0.50204192494767264
0.14631733680243003
0.23186715065842639
0.022592195746217413
0.53897290910465845
0.30971634669723996
0.44520607954517988
0.82129680763137969
0.75759740039837453
0.60133868099415433
0.95691816458389434
0.28771366812623289
0.38050386848813733
0.83197519607857062
0.46345566724640308
0.21211260269306079
0.094386885452575495
0.61066085292317185
0.2050834915653881
0.44815075406501848
0.012731903459837639
0.94752601986802287
0.44888853761346514
0.19257021300897711
0.79215298237882492
0.97019366628701875
0.57996478810056973
0.58218829169343422
0.13189068722567859
0.82769024884158404
0.61503416371605479
0.96885299414008363
0.22399357115215379
0.15682659448256109
0.86064657358873564
0.24692194573590237
0.4391395855659932
0.64703320398978503
0.3206017686138608
0.63944019368949512
0.91301146080007944
0.19700381431579533
0.77676810212846747
0.83207675423843563
0.25802552425702563
0.96810296779523231
0.99059395063765687
0.39611524993994707
0.95014257769370203
0.74747645529324491
0.8560755723740221
0.21907668006344255
0.88398637175954065
0.7925880132755152
0.42581068181498943
0.58277375628343453
0.3914202940239111
0.11740711796228344
0.095871905302797308
0.07929897221253196
0.81240533853079999
0.013265462367996072
0.68529376558764632
0.33359251837981407
0.82067388806566144
0.73542718700772158
0.96162437088608654
0.24946749507406255
0.41140731955741544
0.017521791051996027
0.53155181669785589
0.98763516904737991
0.77443506473348422
0.91769932846366498
0.97847132650902724
0.15358966836422666
0.86757656893340351
0.52224406478802909
0.6028711205622207
0.3311404392174826
0.4138215298059435
0.6599636293543959
0.15726575857874078
0.2148767026396281
0.712204847178322
0.27268119176268357
0.49549352104738409
0.84872021065210868
0.27245341859839245
0.22425475564769767
0.44237642240199904
0.92668769208313617
0.53086867202056054
0.34093414378825637
0.015697633913329657
0.14281483721435956
0.59615709823781282
0.51098014811712322
0.90082594764736679
0.68198679208368163
0.22589261736509231
0.046325844157063402
0.64596536594346865
0.55553838800212141
0.33018052606946841
0.90748811650516126
0.90000859888355067
0.7793160402479089
0.21018231628695805
0.74998656744427417
0.012422607575006316
0.23442667549593763
0.73968565596522695
0.36481950372581912
0.57914611446663322
0.52077423012540369
0.36743537840775348
0.042725556266094297
0.42509398482012878
0.43633096752241363
0.50326695448638081
0.1439440922407349
0.84479261642707704
0.011216545659095346
0.66885322212511455
0.75850264092144959
0.14508095025038023
0.68269566391871583
0.66873476043203905
0.2124252648068069
0.062516163538424846
0.5316657055517332
0.86140266812683353
0.49604700146041414
0.98190048315741829
0.18267080916819994
0.36724812873884671
0.95262979275088611
0.39995505506619472
0.77776603840784131
0.19367091406568451
0.052742555056697074
0.18861581797865054
0.98034808570149901
0.52802574197460794
0.70635352234445858
0.90172141462599742
0.67039302998679817
0.97847132650902724
0.13030110012978594
0.14398942035144785
0.47923812060479587
0.48887341958128527
0.8045518102260989
0.007846198063778639
0.94119880194670891
0.99707608402895032
0.4002513540873493
0.91224346746595009
0.63422153564411654
0.57727591801884581
0.090143948399639351
0.78975564607319959
0.89679122468670636
0.99614216484219209
0.88275729392304425
0.86590418414149695
0.93125691563035085
0.010782819442869447
0.4122111363302528
0.70705650672349774
0.51221431574730214
0.20496186881538633
0.9256991107240311
0.81534997057181591
0.011666903321514753
0.86711288434504907
0.16281808497341246
0.49538285795830783
0.21965443063565246
0.25411466402799748
0.098479836958950642
0.7607623372123764
0.89030215575207761
0.9125510584672496
0.37678108513839298
0.82326454552757644
0.8392308094317914
0.83712656662652007
0.02165111376647556
0.60782644584067258
0.041371154713482045
0.17388412907375117
0.08563909258631841
0.15908211287615565
0.21882029010960827
0.66826089303233771
0.99614216484219209
0.66814242108444022
0.1307595367066727
0.14942417271676145
0.72443647884420082
0.19158970807056988
0.14160374116361549
0.28346930433329492
0.34218322258016398
0.60039597573252623
0.61196058670190356
0.91499284375356682
0.65296544048085747
0.41281460305898227
0.56457693398740394
0.96376559832520792
0.69272326587678112
0.87607740003170198
0.0059749433397448667
0.71990283441445091
0.5186289355986603
0.15354178688919684
0.42468475121674115
0.97178958671750582
0.56527396428112686
0.35338114046779989
0.13030110012978594
0.53052722114066253
0.14236525621406712
0.5451655084928797
0.47945610242018233
0.93368526995505008
0.95105517723895916
0.94447193501019744
0.44384243979703708
0.43778605534993964
0.82440037103840891
0.25196164018848521
0.60428626168310795
0.40890134141665951
0.023907033926486555
0.46334847199914653
0.5326911073652012
0.81398470300016568
0.32026024930744068
0.69425419691779555
0.51727582057650867
0.1061951452486337
0.048271810747106951
0.71617433688890286
0.67216925932975502
0.44962696431423743
0.406404412026588
0.062278296532690326
0.60629196744136427
0.86403589904069134
0.43612331514112368
0.86859431711997603
0.56248731453365919
0.46991013599798337
0.59239399382569657
0.69366546984358779
0.14909697918783596
0.32731231761923063
0.37157045842969855
0.83662408860750559
0.7775443761498777
0.2460778951054243
0.39533037890100847
0.28755564156550134
0.035304250048229888
0.55530720680145951
0.063828233021509348
0.11963033606813936
0.17409678673646434
0.14640927659592667
0.16146473716171536
0.37478611132257184
0.69142726226798534
0.62651664009451191
0.72895788967715103
0.90155888487290825
0.90000859888355067
0.69342994644367884
0.0054556995703462698
0.24805081827390774
0.76963862610401679
0.25628173503279467
0.89503936117474259
0.12141952821336593
0.39054381257028747
0.77986891462643071
0.33368032259154823
0.035432420845918411
0.56271938451949488
0.20098086768652146
0.73865102360235113
0.89579181523846507
0.42468475121674093
0.35338114046779989
0.22668213848283944
0.067892614770217255
0.91100786768894249
0.6467959062318851
0.17801584692478817
0.99483127850312314
0.55241996706699126
0.47402082506328225
0.33245250648954611
0.22879816765305291
0.6339843718897803
0.89394811737582824
0.3858897430739372
0.5124388414308374
0.56446078595196902
0.4827314709245214
0.12885164779143915
0.27557865237659435
0.36987523422850982
0.91116277499117115
0.74358700280193124
0.52938963921487003
0.85134956847666232
0.46926268888105771
0.099988660786052397
0.93704742074289626
0.11801679654133937
0.90843312327423065
0.86896360095023273
0.52825296672960576
0.42468475121674115
0.043032053041971496
0.3704397556763932
0.76582836994002779
0.83217829059197279
0.94238378550489388
0.1718220041105494
0.96684469956405894
0.92477511794902612
0.077596669648699462
0.63789813108035909
0.58113480225018965
0.69989976519146269
0.17580583159113952
0.18946976682926128
0.56922832667955581
0.5002623686189458
0.67784933899309263
0.0049326248718377652
0.40850122348402879
0.24071486750865534
0.31685908278450342
0.41190959709040514
0.19454350753828961
0.33862263692635108
0.2067923261125266
0.72455256864956408
0.86794703484858826
0.68222309649335633
0.51998345244365285
0.12688647565019903
0.023223566791719628
0.89662496370670652
0.25153271859407011
0.28051033710633499
0.50259859712527388
0.20380935205251227
0.93587126614907246
0.9905106024214072
0.84558118128221393
0.75328714799335361
0.19824341955589234
0.11292142567985071
0.63327291010460895
0.22668213848283944
0.40163583270066766
0.29128611567230339
0.61278788768473524
0.95439433533531637
0.14160374116361549
0.10536231802588099
0.71255541341747497
0.30589896221530405
0.77710087770391933
0.67619330223001084
0.15206371062228879
0.4714225579796536
0.93328369847286075
0.38155806303157502
0.99364483342983656
0.93234178688670799
0.26875326832290103
0.18998365360781913
0.40980245345921901
0.26007134787375263
0.33341695751559242
0.70600194881877287
0.12868688550774207
0.25635421297938882
0.51648715533762624
0.34811333599392541
0.22152430782677443
0.69848946514445176
0.89166530139557998
0.94483611329203054
0.38396077519282834
0.67773106971330599
0.94974038731062593
0.43043430068847477
0.67855889140432746
0.56039993919431574
0.74198197562855417
0.32308540623303472
0.060974105828669474
0.4258106818149896
0.39327461417944587
0.38309470966212589
0.62627967742157575
0.936656643555832
0.12635872090029407
0.26471945221160581
0.4723960900670785
0.010600711420889076
0.61621683415325423
0.97321342331422123
0.54551024502816414
0.80668437424742279
0.44384243979703675
0.99094286840946955
0.28605756641098851
0.18013933911516758
0.38405708024225049
0.82983746239514966
0.94063298250434735
0.59286412438417524
0.57214071980225156
0.63161301546787696
0.76042369584268477
0.16853389301854815
0.65771032308964572
0.95477534377963791
0.30664318316283679
0.15335038718429692
0.57517374210381056
0.2591199728121138
0.71278909077271213
0.53862959167870894
0.63327291010460895
0.71885495469989424
0.61586200352547738
0.19176244144250976
0.87399715326343763
0.72942090103172297
0.037570052228509614
0.013234987885425285
0.78251752899941429
0.78811662516208347
0.25418667325769567
0.19871731269603457
0.4574721570102932
0.98243137956333149
0.89487181288539808
0.40015257302942531
0.34865583459360849
0.72629294152990909
0.83379989511277564
0.86478448005094677
0.13469124116497475
0.58253955403825131
0.069306606513926575
0.51693776217910481
0.82758776634346343
0.56155931229534484
0.37849641697136982
0.2904098703372226
0.70482965074364645
0.24237664643753495
0.87006886075319834
0.52337580277452656
0.8770670827296283
0.21544561589295444
0.75714449185813815
0.39190775096798164
0.31272742994908298
0.084779738040455674
0.76695062039895223
0.29877151005034902
0.8182793082354074
0.69895964874785399
0.017708180170931977
0.73184942839904754
0.90937348070811863
0.23844439138310483
0.05373389049702023
0.6254503683886703
0.68753612104667217
0.075360964562533536
0.71325636468381137
0.31013331553556928
0.041953107030605695
0.68588399415908319
0.076082418162639748
0.39484031670038638
0.43301507592951743
0.95235070729995297
0.036844533893219115
0.085466601466545611
0.87643767687443463
0.68045048461704516
0.41020332358750905
0.89445240822278005
0.08627422429768071
0.65996362935439601
0.68600202845943559
0.43851459541178561
0.30581635084174813
0.27473756160223323
0.49173718739144245
0.93853356852938052
0.24713330700019751
0.033323486399086132
0.3391551135817007
0.71885495469989424
0.12378814819696261
0.0041560096968677063
0.5590096256775694
0.81398470300016568
0.80123210968193537
0.37147614872378859
0.36621935905568365
0.80284055536025012
0.080135521672235158
0.04663954608384345
0.92878333048292128
0.72733627646356913
0.28058791063176425
0.9828307335562233
0.62391048186834319
0.64276194137181264
0.13126123413305366
0.92696890530268961
0.79865037756861812
0.48942355168270246
0.95472102363459022
0.82604799452087174
0.02618861849083283
0.86243958977050239
0.25003590555883343
0.24057678629015608
0.34191530248253249
0.58898783703109969
0.78822600486475358
0.95966720006425854
0.6922520545267471
0.21198764106368717
0.059198278272602829
0.33570419320081618
0.0056207738288844861
0.62663512425155421
0.9121664877880189
0.54746511898479533
0.15982348615276379
0.76874347836663981
0.3333292008645059
0.14205126879321425
0.83602037469782964
0.4453110678993385
0.84182211722415201
0.44931041706587638
0.50159677906025257
0.6003959757325259
0.47066604789715272
0.74770486465672814
0.41311653038810581
0.33667509307881038
0.009557143629494497
0.53029963233352606
0.91799738304375078
0.65343997961637978
0.078470273560756754
0.29009171390450206
0.99042677589957839
0.56364794021662745
0.90058107128264608
0.67015616045763138
0.093823581983192156
0.6982543423521399
0.46613960724657011
0.80241202655472499
0.29033030731920578
0.295132312957397
0.9943703149111055
0.90866864917544699
0.40710263758451137
0.011061596829174321
0.3391551135817007
0.11744514232457941
0.40710263758451137
0.34594899869464246
0.88187591400582943
0.53417351346721242
0.66506147728598219
0.236735462661329
0.47869337285833113
0.50482793601552545
0.75396883424804084
0.9275296771592082
0.59498062843019972
0.88363578613731164
0.13654320685195981
0.95638794648117031
0.41533460678574335
0.2603646119770015
0.46980219751235275
0.60617395553035913
0.52235719584235385
0.92247606892105671
0.71348996103096596
0.2976358518737407
0.98448595295024821
0.97630309977996177
0.83268564477236851
0.5194189007912281
0.10296597818934923
0.53029963233352628
0.2701080978682151
0.37916482267315477
0.74713376060503689
0.089244347463719592
0.53885846145549443
0.56329968026891963
0.92138639955382118
0.29272413318427476
0.21330268139308758
0.61870133030591146
0.58711035446582749
0.80689722915734752
0.36509919650571471
0.11171442471521299
0.64643995992820225
0.9951599284416266
0.6125515005510811
0.56295148214585145
0.93435174410331034
0.14476186160967522
0.12458654167436772
0.67915010090163275
0.94627983836400043
0.73115595851348547
0.26073154518806935
0.83085662112802583
0.91687692300133417
0.66186081403276464
0.4772784152826357
0.8021976555189716
0.60063162779546975
0.1048102970151626
0.63434011931573475
0.81113874911188866
0.8793036945969458
0.13671658824082772
0.78328840711899139
0.81082167471773681
0.3463090926439622
0.11347382237139293
0.2317330481211051
0.95869352493326909
0.54930709914790077
0.023668334368783649
0.68576595603769008
0.11744514232457941
0.067612972515970732
0.62639815781438823
0.018320090760232808
0.49948467711046318
0.47521402221536846
0.58101777561338919
0.57085877873704116
0.26958061161339913
0.57237388141371348
0.83501239804949179
0.22806903520992028
0.91147219798057422
0.12279639627396825
0.68989493606330288
0.19676841463865363
0.71699058227122947
0.5703928076731033
0.57739276171076059
0.64228738047504108
0.49438738634768276
0.52530192395105779
0.36240133609021818
0.74152303129791863
0.87948185928511191
0.50115180412314841
0.56597123686030337
0.84182211722415201
0.98881173766445496
0.71197110303334776
0.39151775555365909
0.73980056618080203
0.19055597581285055
0.64074511188052274
0.27619155931451356
0.92094839795312033
0.66589108449204415
0.68198679208368151
0.94281709507597333
0.35925493965702832
0.41989308700306383
0.13084303800617461
0.68293192673919356
0.92506004024276867
0.62426580955251465
0.92541542231111562
0.83541585605659385
0.55195844736513189
0.85636297342376544
0.48503047278754585
0.58160296443577097
0.6367120267813442
0.63090171593171451
0.5486161201380132
0.27965807675383902
0.42622053012091904
0.177096723794893
0.81029283971035959
0.22379784072279194
0.82645906372590572
0.85789194018833803
0.99624468818048284
0.77687904174337974
0.46743065777345683
0.027658204873456035
0.64857563725885314
0.43799414198851183
0.82119303842183422
0.88125723637514841
0.10780758536318297
0.27580837358563881
0.63244292965901372
0.58031573331017317
0.67382658336791923
0.52314937931234951
0.28558568420425534
0.63540742427394736
0.76515439393681706
0.13533481099460057
0.63860983565071106
0.94250776770592037
0.99693087168179406
0.88205242042397836
0.71255541341747497
0.85396106992453791
0.48942355168270213
0.28456523848932691
0.75021449620518044
0.97875086255799781
0.77465752885185712
0.38299855574282365
0.77743352325831605
0.16367506449987193
0.8350123980494919
0.72013561413356919
0.60652800203682089
0.4002513540873493
0.20581445048555905
0.90843312327423065
0.61810967793914684
0.38753410318834108
0.8157693910795899
0.05333907152927924
0.14517222838539182
0.11909036968581044
0.90220824931103616
0.82563658974278198
0.79951206943384268
0.092151541659559008
0.8783217608078826
0.27344146437980515
0.067288042962274683
0.8378290901473292
0.23762290979809375
0.73415866410872921
0.94633954209195603
0.49793088320906709
0.90622090491611018
0.60381448702005347
0.029876536013774053
0.45832450891955034
0.3554846797143717
0.08586956461276915
0.54551024502816392
0.51941890079122843
0.31728283353694836
0.22979539379944727
0.37992962714372602
0.49837460745403761
0.58136887223290801
0.020615383037074653
0.87625759441029982
0.77920542112147839
0.88961770888666791
0.60700011404997789
0.7342740304981511
0.088264033608508791
0.19925154070593856
0.18478406521698576
0.27634494458701225
0.15790193615503384
0.9793032263095488
0.69072012559587215
0.80005006260297074
0.96819175173396577
0.53029963233352628
0.062798344878658277
0.64976211118895466
0.52314937931234951
0.033579024227146474
0.71664080573409006
0.60794450718944337
0.22681393671060526
0.81650262315560984
0.65047398486433017
0.50159677906025257
0.67501007800827262
0.12571178410696043
0.72188049186695025
0.63706784839549746
0.40104213204127376
0.41040384530860252
0.51198983047079627
0.16176466221295918
0.59286412438417591
0.78888194895566999
0.82563658974278198
0.57797706777657987
0.43146557864651769
0.33376814265542704
0.43518955325802489
0.28136451978781063
0.36240133609021857
0.93949266137474807
0.15097487273105248
0.51569897317193225
0.90438494397556979
0.66826089303233749
0.90317851550740902
0.38753410318834108
0.24805081827390765
0.050417198165684671
0.8624395897705025
0.31239184356943289
0.80700362907315848
0.29192459671324539
0.85386466919386339
0.30639496579728809
0.71150353524681731
0.77588006785343366
0.88451137857414242
0.24741533903301272
0.61503416371605502
0.61385177986800876
0.60995207126960604
0.85008579384812166
0.53189351011724506
0.87135339372199416
0.35640183888882404
0.41523363484648823
0.99608439732534781
0.91740073918027765
0.93030032304923449
0.45513241313678698
0.42284597422566267
0.5590096256775694
0.41857323699379134
0.11417691446982038
0.46184905633308282
0.44583620855144901
0.45811134439168066
0.17904776891018631
0.42940440305615163
0.16983236553089442
0.32068718827534293
0.14830489730645002
0.80785416557006118
0.47347894452548134
0.17769100078998584
0.53075484604734013
0.25868177030765555
0.64976211118895466
0.79269672988770301
0.78713149528638315
0.72675672908696443
0.94331015123419815
0.29288423185678181
0.50907522182478149
0.13554992024366758
0.95368199886290206
0.77276479317232849
0.38319087870377511
0.89495560229668092
0.74861806962194488
0.51187760300097562
0.67548340081807789
0.50639097755566453
0.83682514722578483
0.13671658824082772
0.98710767718585102
0.29200447859802453
0.019663471538018645
0.21550890261208708
0.91672696120734543
0.34013279833246218
0.76053658866070162
0.29553507225004455
0.63481446571645461
0.095871905302797336
0.42437797295732804
0.54505061250124698
0.89386396244120259
0.31323128830936325
0.2185001382896283
0.81566456526488262
0.83024538463444419
0.38821245530192333
0.23026193392491515
0.80732271849216752
0.91062002894416916
0.65296544048085758
0.18703021830177222
0.18305859089249038
0.24854594873263247
0.032841758394369758
0.79886590438832561
0.16755260328897298
0.32420310827076665
0.3193223859278343
0.70986622420204482
0.12942975053446806
0.31949276310498276
0.11145985063953875
0.98920241908163808
0.70600194881877298
0.097927345184204428
0.55207381583710702
0.94144934695063121
0.27734349506113992
0.69660791375863573
0.19303304236248123
0.51693776217910492
0.2658353459955225
0.65937069325281561
0.86064657358873564
0.36295844520062259
0.29416731813032432
0.10738488891368533
0.32463370993832885
0.42172451777235337
0.25563013712721705
0.7338125099686138
0.50348982509558526
0.85347881793576508
0.054245450545765801
0.55553838800212141
0.79269672988770301
0.98595649556489973
0.14719275070537752
0.19061328550341117
0.8708952442861384
0.44730836221353509
0.62556883527967067
0.16286839116687549
0.85884424437095563
0.92857516676751606
0.9253444144541797
0.90220824931103616
0.22661626202441806
0.044042263818096755
0.19442697698347552
0.62829409369740463
0.84744793416776432
0.927389691166559
0.095395727481171977
0.17468270894559945
0.22120101727852964
0.84715375605040011
0.51479878791395872
0.27942597564638799
0.59674549918834685
0.50784420322401003
0.072635610058116959
0.250747817960845
0.74312862774351285
0.56573878585637916
0.29416731813032432
0.79918906490859165
0.79584228757539655
0.95691816458389434
0.2201046286441998
0.70271804988777276
0.72675672908696454
0.28597887957803875
0.8624395897705025
0.47923812060479642
0.39818004578050348
0.95520858906297623
0.64821969211808961
0.84862248760425463
0.55530720680145951
0.21462423760976573
0.83571821577968608
0.82645906372590572
0.069975548387327002
0.90701387498475583
0.50415869071675479
0.11581975354652274
0.28393860858521786
0.61562546373613802
0.58324222609186549
0.70353944825996506
0.070095615165594052
0.87805336642971166
0.16151469222065848
0.68895160808298117
0.17559144301486243
0.5270036856508451
0.22256135571168797
0.14961141385108928
0.1276612372486369
0.61361533836773585
0.89819946352591817
0.89436843584753689
0.21217510562212694
0.18439327719329768
0.67808586856272857
0.13413560907319916
0.83612104964855394
0.55553838800212141
0.20801992602663349
0.080434260364080953
0.074290336568216694
0.35888595666297918
0.87390637466978682
0.40680331083069149
0.6029890279122081
0.69248766923231608
0.46753832572025489
0.39200528713378907
0.21286361139179749
0.45534486031306554
0.82697242695194506
0.25635421297938887
0.1263587209002941
0.23006189709524105
0.71990283441445069
0.73519662983241774
0.49660075629295075
0.47196328763165507
0.093792375034896611
0.24748588580137237
0.84852474044385751
0.0222162003260413
0.74873217135972103
0.10105028913376997
0.21862815427913262
0.56911191390621163
0.92021569249608337
0.51558641528354787
0.86822460271692414
0.10588215909861108
0.46883130282193319
0.94337162153739151
0.14294994753566465
0.83014343636853605
0.77820918842497777
0.016096216015841804
0.60570194402384614
0.67962301231248556
0.48338780675396609
0.98132760532969454
0.037965139924661252
0.054646411199513842
0.84479261642707704
0.097862526810693684
0.05769082812806775
0.11905188192820676
0.10609072626677338
0.72490078967569782
0.37062805249022013
0.13956059776185264
0.50549755968555687
0.96062765263447891
0.9474670398719981
0.013316401739711959
0.19682724311204175
0.44028666203611
0.2490418398421895
0.58019874592784371
0.60251742179249435
0.13473406388405321
0.12595404874557709
0.66352055878347616
0.48953361206953361
0.34775198440155636
0.90074435348782733
0.19794770247094937
0.010111025450670474
0.61432469837712356
0.94604066200862946
0.23995618230063467
0.93159689898298792
0.77732265587732496
0.20801992602663349
0.29634178765093289
0.50639097755566453
0.66861629666444422
0.30400294072830886
0.98408199344151359
0.20224070941434874
0.86581102109627128
0.3987711846374416
0.084808258520265259
0.010539303820393798
0.95105517723895905
0.79584228757539655
0.98560434236227779
0.030685915745377101
0.82748526265973132
0.53348914030133421
0.47564827244104635
0.70025222161147704
0.11314210157839549
0.47088213266896639
0.37185347965183452
0.33924391501016743
0.28771366812623267
0.48054671873945187
0.63564461537363903
0.1141769144698202
0.88608009920534814
0.51772670246132679
0.46926268888105749
0.28175342031109718
0.38098282032966102
0.74060466148301418
0.24307167460164109
0.59521588664536984
0.21261303908415746
0.57365671322537903
0.8837234760697017
0.82191899566222526
0.71185422100426476
0.81597898399889868
0.53542901925443531
0.39729433447737661
0.89679122468670636
0.18725606094805319
0.092274482122263982
0.13854851823705661
0.58324222609186549
0.66707608425979492
0.0045011559954013644
0.45121146633655618
0.56794814265401128
0.3986726245987231
0.71629096478891185
0.79008301744874765
0.75237759155460004
0.26837783475019927
0.92899118234128197
0.60877103291700019
0.0086089736482425714
0.69201642185998113
0.43012518630413205
0.61207876326241761
0.31983370871617578
0.56666874994532934
0.73184942839904754
0.37006334653198725
0.72837893288692479
0.96082816829071072
0.52280981515862801
0.089723134423887865
0.50104058714441424
0.17736664539906744
0.77732265587732496
0.67406330335496212
0.94586090033260328
0.80593880524403649
0.90898223122921984
0.090143948399639365
0.91977445050524143
0.50226456187872148
0.17340643803160632
0.29999175884303997
0.43187847552787895
0.85893933451024362
0.54896157432433879
0.42448021837586286
0.34820371316412912
0.073358546613357306
0.11970764770249119
0.30905002675802323
0.91224346746595009
0.89662496370670652
0.11156889156191467
0.57821083092391412
0.23913064743169715
0.55138171988875229
0.72106642988132086
0.75963310130361406
0.936656643555832
0.99942779842532048
0.025680413857024048
0.83207675423843563
0.35502668549885341
0.91392871502595474
0.35292494366852639
0.60239952999454338
0.73761560547408533
0.10381624488249752
0.21173789467285253
0.12729373673826913
0.9762658855871188
0.66494295503331124
0.43633096752241374
0.30260696292313538
0.26007134787375275
0.81282692476114704
0.89352703894436414
0.72698857306049436
0.96872140005999985
0.12165460640380402
0.70588474567954951
0.91423341226464361
0.5162619110428861
0.61515241802822862
0.58371078251822384
0.86487793411466196
0.083168183552661604
0.16606404953566023
0.16591069425940311
0.21155073958607373
0.51919314790703108
0.69531360830617017
0.73473540407504156
0.62237095101640094
0.074315667541445765
0.9906147130766656
0.45789823087384662
0.66138654955189424
0.0078369714986581979
0.24502596690599004
0.8132482043454613
0.078151581795378872
0.4958255763246231
0.23072921795360035
0.4663546584638365
0.45917767641905327
0.3907384816014936
0.67406330335496212
0.37744757201353801
0.53542901925443509
0.42111353263121126
0.71033415690585611
0.63979607243647008
0.37072222395158971
0.45662062296247885
0.89055833017607233
0.6882439377846159
0.48623674470764933
0.79832695791630859
0.89512308950839403
0.17176939772536126
0.44636168030321532
0.30474385614293981
0.92513118519771764
0.6324429296590135
0.019678251345006163
0.063410059793422777
0.63683063303231635
0.61196058670190356
0.90049938325837386
0.34567909342604719
0.14636330055766944
0.04084061217624689
0.69307662676022974
0.55322791952187289
0.0020762616611611838
0.091875457895985016
0.98519113006453196
0.90115201108289367
0.99142093682403243
0.94201097794340138
0.43311848559495142
0.79897364187064768
0.55449830681035417
0.41543559301461103
0.54688991596578518
0.74358700280193135
0.91552247710897683
0.10477588036874541
0.25131846800605095
0.089783143388437195
0.46088644903039311
0.9003359134199479
0.08942362517075203
0.77231885750327733
0.25678940912364556
0.69790161971019682
0.9862236318663522
0.74209668650283789
0.55057462450245864
0.76638965876527498
0.3797383348529243
0.060910611885785247
0.048460197184794024
0.82129680763137969
0.52654967831699506
0.18833186995447651
0.67335311247442919
0.41261338999193981
0.7215316543959549
0.90438494397556979
0.82233337975789578
0.70705650672349751
0.43966078184211177
0.1061951452486337
0.064783896677582165
0.11380639295126595
0.80625844451529771
0.58031573331017339
0.094261448150882957
0.38811550281276697
0.34947064225105523
0.11529480829170792
0.98850692641633253
0.038488683357350499
0.76930304654133841
0.06458280487805014
0.73335084335267109
0.15790193615503384
0.3091332608698652
0.6073542352234973
0.93186825687149111
0.086361158361758047
0.4987075146374661
0.53862959167870916
0.60841678707003222
0.43986935471070499
0.10419231754543595
0.6554566576384927
0.14389877629480199
0.46721535894141564
0.47553969190217116
0.095649427392171971
0.18753867878638827
0.29184473077461998
0.020278128158310628
0.14084570810286434
0.92829713037158612
0.25599197962170039
0.96743244719546773
0.36453995017267016
0.40312239484063078
0.066390334007816326
0.085811894713136549
0.72582902187248721
0.1153322354007183
0.76403006748256308
0.81293227344102026
0.84380478928178815
0.55034409537622908
0.30672595422138921
0.78174590880313277
0.31601277742896322
0.92456106684893147
0.55496049068645137
0.71652419922463451
0.57074227645428444
0.98869512571385199
0.19629830128469355
0.83992999563019599
0.81039864441346365
0.20128025238153005
0.75283246103657453
0.63896569882364473
0.74884626218857608
0.33579237766464831
0.99928200186789773
0.69519591502630551
0.60605594722342238
0.86497136178749634
0.038627567825643604
0.7485039569890688
0.32826646448282393
0.36212299088397465
0.67974123226057293
0.11510783171926375
0.23666730473227451
0.43508587007557398
0.6906022542622805
0.55138171988875273
0.42468475121674115
0.70447784676035119
0.81272155691589587
0.16894850015971458
0.13417827995715303
0.34947064225105523
0.19859875331605681
0.25519644189640439
0.11555702080514142
0.078125076731724932
0.70025222161147727
0.23810183894814196
0.3617520811341276
0.74496113671546405
0.18528750726007068
0.72861054118866531
0.33543973482437667
0.30441440071459019
0.21952593709627977
0.85376824361612891
0.27519610068780676
0.30342756743659222
0.54919191637086617
0.92362995794400238
0.54688991596578496
0.14654727843107596
0.89386396244120248
0.71955360842880023
0.11391743893529424
0.0036407627600806782
0.1428598618762697
0.087001068616169408
0.32120004082795772
0.6108971394431727
0.54470597319173653
0.10609072626677341
0.095808293425403104
0.61302428703887379
0.1421409190972206
0.2376912822439978
0.85874912868636621
0.17997525403533993
0.63647481719435317
0.36856017170745597
0.01615743892219039
0.3393327322418806
0.95590762180676436
0.81440513459253105
0.61266969258538917
0.49350327482031797
0.097184223147513848
0.26875326832290103
0.58558586302023041
0.58242246111140672
0.56922832667955592
0.56550636164135004
0.06027897846158415
0.95718190122155478
0.58535140391170626
0.31983370871617578
0.77543570728948685
0.49405576139908713
0.55600083921761256
0.31821648845107708
0.009966840975681188
0.28739767871625255
0.62793857087946781
0.15459809884950507
0.29400670901823345
0.16817180857725986
0.22451618090627276
0.69213424043227167
0.20188010453975674
0.35842507809620827
0.59298166872695168
0.017462276116464604
0.53234922648264327
0.69578433313952681
0.13417827995715303
0.76638965876527498
0.2185001382896283
0.66932704791647746
0.49460852496924723
0.77576899911268526
0.98708220704526195
0.076757900948511856
0.53588582894769776
0.27071188737391971
0.55773607806621239
0.48087413298279091
0.90574358590628068
0.77953723429274879
0.0038426916249246759
0.43094976734758905
0.95770662909359705
0.059384048399886188
0.61751809068754393
0.41654738377241562
0.5460849673375322
0.84479261642707704
0.25131846800605095
0.98871851033181979
0.53360318043164812
0.22081356279155459
0.2518186040294107
0.012432163688508281
0.40960210509810491
0.12173305357689054
0.72652485187444404
0.82686979645159286
0.3879216428699786
0.34415230617518933
0.98590267746118376
0.60440421476921302
0.53497234909954516
0.49948467711046318
0.10543150019885077
0.49228878284629374
0.86543810383074193
0.41806624056675101
0.60110298050227762
0.050470603254741925
0.55426725970380875
0.57797706777657998
0.85645872339686813
0.78975564607319959
0.46893913091360906
0.071624501087442685
0.87948185928511191
0.67157724134721375
0.37840099130004551
0.28787175840146684
0.90438494397556979
0.7047123885770592
0.17866701319124023
0.46937056608496019
0.41503173384899589
0.46270556381694639
0.85645872339686813
0.097668299455227481
0.24911274354581672
0.24023185248848056
0.099527305088876861
0.83602037469782964
0.62959780769631646
0.22262629870644629
0.6441856611065726
0.5254153095948555
0.9028555984005624
0.027193354622808408
0.7749911189864167
0.77510228736303743
0.078310781977520033
0.76638965876527498
0.45928437958899226
0.35953184026001517
0.93763119362976721
0.43508587007557387
0.9583314697086398
0.2392680829181198
0.36771636859818063
0.0049012247776849616
0.91665193035003634
0.38338326214584234
0.73277355596738047
0.42253995361790492
0.25686199656771808
0.87939279114754443
0.19407772651748298
0.88134570500279841
0.26427408674007979
0.6112515932981939
0.36156671936769746
0.78372857384179917
0.82738273780453042
0.54585505424631764
0.55958879832590802
0.4397650615403681
0.33835661201059924
0.33641011223704276
0.92605294888174339
0.063038018335531187
0.62722757282654218
0.73888101016074503
0.35164967415779608
0.40940181456964952
0.57214071980225156
0.65237225448282721
0.59580411054137361
0.75601138686373348
0.17203256371481737
0.62947928000559839
0.098708133860650277
0.84872021065210879
0.75123962513434828
0.060826047016358895
0.7464480822795666
0.21607915076987039
0.29136586999595787
0.94489668350758116
0.9145375814303176
0.35083147903061862
0.8212968076313798
0.040128610802216656
0.15196876583012764
0.81838364063866875
0.73196497563936513
0.11570709004939758
0.66837936295281786
0.27275714780010663
0.12717143993275468
0.6394401936894949
0.52156547868422132
0.887725659189468
0.86375474729747115
0.96347778506859871
0.092428362711722847
0.62817558435693877
0.9815517087563248
0.37006334653198719
0.069069104937891798
0.77387865783153864
0.18378055536864302
0.18590435550712042
0.8722676437951935
0.081473969182525835
0.078310781977520033
0.048101135691666658
0.87535550537541318
0.18810496382812844
0.81786177968930507
0.87481291419320784
0.43539696053150478
0.59662781022950639
0.38840640530468407
0.60251742179249401
0.8227474364524362
0.22464698385199575
0.023907033926486548
0.052207254138528239
0.37440688036193787
0.03988429061271602
0.62248936332465832
0.32722567237034889
0.78581600684508424
0.72327514063423104
0.83903083653345389
0.15923015562111451
0.37897377356300999
0.79051928672951777
0.099198918180989609
0.33880006591720524
0.65450765730351201
0.74861806962194477
0.74724800290177285
0.11160525928253737
0.5638801477533153
0.33667509307881061
0.035112803021611134
0.54080522218761551
0.63635621387980801
0.80433815485241356
0.21043059111733572
0.43291167997810504
0.81932173407691367
0.12704924470786366
0.88398637175954065
0.89055833017607233
0.4086012312399957
0.59804036380961545
0.24251552867723056
0.23032864322963961
0.38531041936048571
0.22282121775381986
0.60546596008857467
0.58699305492974063
0.59945353118724221
0.68859779140577548
0.43177523066827556
0.0017291648861287858
0.77765521453779218
0.65130449012459413
0.24600765822102724
0.17287694948704621
0.82861163563933959
0.45078864513616257
0.4792381206047962
0.5858203430701574
0.10337333730229413
0.90017231859974522
0.067892614770217186
0.67572004575838063
0.99919618497184493
0.52518854764871614
0.61704486861712848
0.35990125880261647
0.57365671322537881
0.53166570555173287
0.42704089588342825
0.406404412026588
0.56388014775331541
0.048101135691666658
0.89529045449774436
0.11106083180328828
0.63256149432248276
0.57564072563114865
0.80604536992221287
0.35695288323417851
0.74163778247821555
0.47597408591695189
0.50438173036101697
0.73150273332758164
0.70857888379646505
0.023827216778840379
0.077754853358861106
0.36584572426510681
0.59898240819844295
0.84360694214662446
0.58253955403825153
0.30186978414847154
0.52032229936029162
0.63754229026575726
0.46302696145865219
0.76211578427181392
0.78119429989618272
0.20987230328296938
0.78855404859422662
0.33535161370642708
0.88063715389184838
0.87308812451439977
0.29064865503508436
0.44952143546269585
0.74884626218857608
0.59745172429288895
0.77321050654899681
0.41553659353004274
0.10439795330780158
0.53542901925443531
0.1973573429169479
0.89861195079207479
0.47727841528263548
0.67430001290815611
0.35402047286930804
0.0066510035491080021
0.058115015324733815
0.98917968509457288
0.41897908958276847
0.17959286885897321
0.91154947208560377
0.8675765689334034
0.054455140198507314
0.35686100352417766
0.39425273218341783
0.77809842276859575
0.46646220267433991
0.39288378375640975
0.58371078251822395
0.79789549072583477
0.7627918314471579
0.35046824423069067
0.68694616382768148
0.7934572841155465
0.712204847178322
0.40084434934061941
0.15154213518822318
0.62722757282654218
0.72976806910506709
0.0015058111216428407
0.98720923746606082
0.62308145808018878
0.51581154096418591
0.063081684625994255
0.37232548859912173
0.8913252353410096
0.56388014775331541
0.47467147947176214
0.6534399796163799
0.25505200181777626
0.81765289625596227
0.30507356707308725
0.36584572426510681
0.6058199414604879
0.83095841822841421
0.94875622682247285
0.78482791755862846
0.89234398838354667
0.37298694526986564
0.25461905646292626
0.49593628340125084
0.63422153564411654
0.76459239148888514
0.78658364920514423
0.22340678582333012
0.9275296771592082
0.51558641528354765
0.82367786224550088
0.53280508545201144
0.30474385614293986
0.51547386730547684
0.42981619624447326
0.55542279369463621
0.35292494366852611
0.61917469823273863
0.50817981177237792
0.39572269578385244
0.25138986930055401
0.39768783615230924
0.2546190564629261
0.91657686619773904
0.243002102363677
0.0099243560367272103
0.33385597857074545
0.67997766258638548
0.69707842253297558
0.15844193213373467
0.50929917723392215
0.91947961584154347
0.61278788768473524
0.55762034438758667
0.66114940915844067
0.47034201231037576
0.32618716959808364
0.79421702623531742
0.27336536588567051
0.92175047020009193
0.24064581920543682
0.054665572103616056
0.037828468865974747
0.41523363484648845
0.51165317842975666
0.14151438029031829
0.91866604793736184
0.35695288323417851
0.64999940348307772
0.70752504136173422
0.65118584757535247
0.28136451978781069
0.38811550281276697
0.029517246256376372
0.71768994070215741
0.33429539589405766
0.083674108468873437
0.3269658320151938
0.25389872998310525
0.82036215491732478
0.41050412782328127
0.30714004903728481
0.61917469823273852
0.40035014985937623
0.47467147947176214
0.35732055797327805
0.44405208422642817
0.73392790383042561
0.54942228975058627
0.92940594971513157
0.12774302842308088
0.37811480561483857
0.57891225907721067
0.39640982117337908
0.77621318827590269
0.52552870457331835
0.32722567237034905
0.96518491662223527
0.23714473187676974
0.86655558176106395
0.70635352234445847
0.21192518236001498
0.110302541462014
0.69142726226798534
0.11889803911466638
0.070288109672995605
0.42111353263121093
0.90358145045872451
0.29658411346640584
0.27580837358563881
0.076341583412012984
0.29256409830743635
0.98780788101774242
0.33052936313988179
0.016541981543754965
0.084438160656027716
0.03723252909816871
0.62533190346797063
0.056850929018506129
0.9037424028371619
0.051531523307731142
0.059965406162529995
0.054512457011389459
0.25824413194748991
0.53668558029625668
0.36435365850592527
0.81796619163728457
0.052520443431322235
0.35667729088315936
0.36258697710753862
0.10563928653842175
0.075284032596782749
0.38415340039322415
0.090053626309292714
0.038391740231158634
0.71745685018395
0.48667573361736649
0.82160799328063683
0.083280374055553455
0.066711330974368543
0.51693776217910492
0.0089482242656451407
0.18992649881489271
0.84950112534209399
0.76155206628554428
0.0010437785736870451
0.67441836374218433
0.1781784541591192
0.35934722430248084
0.4933928108059511
0.59603943124750947
0.89268260785342157
0.57354006134619739
0.69590200221345055
0.59698089019368328
0.65177905637886557
0.28929743851616935
0.40035014985937623
0.97420350494097396
0.19009800541143776
0.17082477253543057
0.28755564156550134
0.87706708272962841
0.50159677906025224
0.62782006676335611
0.26058472481960093
0.67926833347290039
0.48229414652086089
0.20906798678228375
0.51829052498031181
0.42427574154451136
0.85222206621321561
0.51491127629506162
0.39093321043381618
0.93593690877579017
0.6254503683886703
0.67702139186462484
0.55970465427234783
0.82553368622120971
0.2392680829181198
0.87052823448233851
0.48975376676560578
0.77687904174337963
0.7204847270409358
0.99025768385695911
0.83551666491928001
0.32852702010904172
0.77142632291465885
0.77687904174337974
0.50985924528137172
0.13400766639536013
0.76177759102719766
0.99134243120585497
0.82388439677805625
0.39808157430960045
0.82150428507500117
0.23422380714737312
0.21652350853037633
0.3876309655777469
0.52133935975136758
0.11797861100245705
0.39513430948580203
0.45907098595701434
0.077123853429791236
0.048050041634932331
0.033627904811378513
0.43622713453155904
0.090899774488822249
0.45992486522332299
0.71897141558130473
0.94447193501019744
0.40660383234304642
0.52020934074304281
0.56260334606744533
0.14084570810286434
0.097539004181698141
0.25999807107158524
0.22919664878712509
0.32817964438979302
0.58113480225018987
0.7123217092681724
0.12942975053446817
0.76930304654133841
0.11970764770249108
0.49959574355443825
0.6339843718897803
0.86309780900141542
0.59721629858683956
0.14989264875222846
0.38136625482264669
0.30772045243427659
0.53041342222116439
0.97420350494097396
0.74644808227956649
0.94337162153739162
0.83309113416817437
0.19512701398786414
0.29232416560433583
0.9710820756494879
0.3939591405818042
0.63813536261036041
0.54930709914790143
0.61917469823273863
0.79821911691011405
0.26650658380373887
0.81514014321172379
0.22477784702480516
0.23947435136908016
0.19547780134045206
0.091386457933898463
0.91784842262675237
0.26875326832290114
0.13797925812718612
0.61692656981280525
0.71722373067190281
0.67962301231248556
0.518516122315553
0.069616463614646504
0.41442637412329847
0.99298066086631687
0.32231318870646031
0.32342902800655099
0.67027459633621844
0.75918106330359847
0.18861581797865049
0.068832340421149343
0.5564634084314064
0.99463284042232702
0.38811550281276708
0.54688991596578496
0.26958061161339913
0.28953555379136875
0.53645703659192856
0.72652485187444404
0.21914081485653356
0.5826566524318767
0.77131469418749155
0.10619514524863356
0.74014523774962404
0.078603406126377742
0.94562071241545831
0.13184864296070928
0.64727050182195489
0.55103577558814854
0.5740067055908783
0.19378707519373881
0.02822378319692137
0.87025269168504149
0.41070473614643277
0.89242868855387547
0.42121532823009472
0.23321152532728354
0.4537527634017936
0.79994249880663759
0.95279680633516917
0.69954726099215647
0.43239490605762892
0.20722132125170081
0.87481291419320784
0.29440835144993249
0.86766922559736903
0.65225361578547059
0.46152807371485105
0.56643621897085694
0.53417351346721242
0.51716312462213709
0.35074064681645434
0.37374381525139383
0.9402541608112065
0.97833071819460649
0.28653002175060066
0.71302274122960108
0.5056092003246464
0.36706094078475521
0.76896734588727989
0.18776502483424287
0.07605654525154916
0.81692118059370578
0.18090670344865656
0.77387865783153864
0.34522956604744576
0.67595667959436234
0.80348281368435825
0.2166506015987992
0.043854129224324953
0.094011017330723784
0.18085180239049306
0.035923430632406113
0.55045935606487795
0.47662603578094109
0.14102375614720658
0.41553659353004274
0.62367360725139642
0.087381183763128145
0.060594045020750033
0.88134570500279841
0.35640183888882399
0.58711035446582738
0.72687265523529088
0.059528903823861432
0.35888595666297918
0.32757234874976876
0.96221537055422635
0.18584820877684866
0.37821018561985487
0.31130295153481041
0.075412291876508747
0.38271018473961754
0.23180009178262725
0.46302696145865241
0.60829871194656926
0.0129935814157821
0.31272742994908337
0.3973926877171417
0.035074629809726768
0.5978048951495728
0.3070571981378587
0.83712656662652007
0.21754191839518183
0.3299190649892596
0.37251439955594384
0.55947294950770377
0.31440919195071559
0.0042795419776246058
0.001465854105556669
0.31113566911550772
0.53246317787346809
0.96551135783343556
0.48755426076539843
0.61479766369947919
0.50015123751849311
0.3357923776646482
0.20734402273898578
0.71489096401464902
0.001311744520006613
0.92204111679563117
0.56748281680214985
0.83491147797868837
0.62734606802663673
0.95082790073818446
0.35074064681645434
0.32722567237034905
0.58934000788645047
0.33676345168086386
0.73669458217673012
0.81629322638853763
0.29256409830743657
0.81534997057181602
0.88918896024865135
0.68269566391871583
0.48942355168270246
0.52564210887965268
0.13667322520067507
0.24286300417738796
0.67631160931768997
0.07365958715855847
0.39719599602774391
0.19788860205525968
0.15614550583317949
0.9749410071315503
0.80369675669816631
0.30244303364106884
0.85693709483216507
0.04357331950040947
0.96972193473917234
0.57914611446663322
0.24481599895908981
0.85931943934776722
0.25512421404587965
0.60275321708589458
0.03412037279102835
0.72664079462889086
0.28043277946793804
0.35319861481688997
0.49637922147562097
0.19153215853421177
0.79951206943384268
0.13637001410367838
0.050062489497795973
0.12335092497157106
0.30788642568538421
0.80005006260297085
0.0072848293373744301
0.85280262422614794
0.26345905485162691
0.99823924383142915
0.60581994146048801
0.79269672988770301
0.31923722124759785
0.10532774191822018
0.49250949925790111
0.13269172424090542
0.66873476043203883
0.4272461265715618
0.47836666621684554
0.25955873966571907
0.41968987733866886
0.050363845017235724
0.33140256705237514
0.87006886075319834
0.038157250040812912
0.16022007188342013
0.13850465769960174
0.78207669372581756
0.57400670559087819
0.63837259749592568
0.96328517780782819
0.35456908174424812
0.56283542988167556
0.45523863028934253
0.79530095362532005
0.54597000676903129
0.87107858584641806
0.95082790073818446
0.092459166185839603
0.01103170627213489
0.49615773049636547
0.044658863290902483
0.88328473655003392
0.78877266478879859
0.6022816421085011
0.079837779107254245
0.020871793007424554
0.64999940348307772
0.99380410186041579
0.682813797080144
0.31940756654707853
0.080434260364080953
0.52190472879135563
0.2150030240480684
0.22681393671060526
0.34603899858496784
0.54298387800823478
0.57447344745804341
0.6856479141075551
0.059404722324104389
0.63422153564411676
0.37507069510969893
0.54413173700974693
0.44426178190401722
0.82645906372590572
0.76234118369257908
0.91415728743874602
0.31584370776067555
0.65711728485816678
0.085524063977984635
0.10118368997364531
0.62414736490370082
0.28433013294566162
0.39317688423322039
0.67145883062810285
0.59121899833700797
0.54574010977691911
0.63777951660065924
0.10515501107958453
0.15775493383898315
0.50004011717940178
0.11373241485587691
0.75374165153551664
0.55034409537622908
0.70939818910521857
0.68222309649335633
0.72687265523529088
0.69907718166206856
0.11570709004939744
0.2501781636278842
0.25174710931183936
0.19794770247094937
0.45693985224371603
0.2845652384893273
0.16504391714138494
0.37811480561483868
0.68552986838097496
0.89943459756231181
0.72640890083699428
0.76504201925633741
0.88807073594609476
0.88310903801058371
0.25642670656550426
0.58863571094061373
0.20393042273430317
0.4040159136030903
0.65854053450887462
0.26279362630483072
0.29601890999123853
0.30105221355610268
0.49228878284629396
0.3104671779716352
0.092459166185839603
0.68659214221485243
0.94687524836329795
0.64940617099495346
0.55484493352915931
0.98899670188566446
0.57867842664382785
0.56202325774364748
0.21192518236001492
0.40431401633747532
0.92576994703516091
0.11974631981192789
0.37034563032734008
0.30326331878575963
0.34406263689063193
0.37100483053304512
0.37298694526986592
0.59756944361481623
0.11413981495282868
0.20441528612383184
0.2598515645291346
0.8463682301716563
0.20224070941434855
0.77187270044857981
0.58125183445962869
0.78240734286199809
0.48262212234390667
0.40114104543295825
0.083533298181409435
0.2837821102048283
0.39749105574454874
0.97854142050144244
0.43033124875237422
0.71908786904300481
0.73323540397413733
0.46603210024924469
0.46120720457297681
0.33959927874799206
0.29184473077462009
0.42550344214025193
0.6946073768262786
0.18328048466482016
0.91054236347408968
0.53440170832815248
0.40133891628601853
0.89268260785342157
0.35310737545581694
0.70974922499477655
0.50048466308034434
0.72292658432669477
0.3972943344773765
0.47684344793146249
0.7962750508251627
0.62841260475842065
0.36893559593655023
0.11135090302943131
0.88019338003989034
0.90374240283716201
0.47564827244104635
0.086971890211162861
0.21754191839518205
0.63706784839549724
0.14535493137403771
0.26740355390508092
0.046112328368367102
0.9234861985146865
0.51277570560860353
0.1607667277084886
0.5309825069977222
0.68765410055905818
0.60098513627670069
0.16246630642189669
0.045074348279750383
0.3104671779716352
0.57482356759408093
0.63552601928615271
0.45853772442188245
0.060069764605837871
0.52723074478018117
0.39837703302261279
0.66778699319388768
0.23544307918946
0.84469393958015038
0.55022884244420345
0.092459166185839603
0.58464815295032957
0.98373053529663335
0.63232436634769229
0.61231512571722568
0.10553534838564906
0.46893913091360895
0.99946650166119355
0.58207121521998251
0.47782239227049417
0.49770908633412225
0.87715688558775473
0.63694924024061628
0.89386396244120259
0.2980410849139134
0.42162265166832136
0.30805246280617993
0.92717945340763297
0.49748733301955916
0.91162671351459135
0.18024879778174635
0.15668043640210583
0.96289820675173654
0.44331856189273788
0.86840951368839914
0.55623210910629917
0.33411958141824111
0.5867584712493179
0.27033440040553802
0.52757140264802027
0.91369984590484332
0.48229414652086056
0.42050305547626277
0.24925459755172993
0.38396077519282834
0.91725124420089443
0.22635290719256243
0.4671077280656839
0.87290598790493623
0.3907384816014941
0.69307662676022974
0.59804036380961501
0.019878809349279922
0.0073625946234114181
0.010453904199918139
0.43945226287715922
0.76537910448557733
0.7454188480013908
0.38290241694793087
0.013867935895058602
0.15430940659084427
0.5128880138165115
0.74106392629082918
0.2781905163908332
0.24446636160048277
0.59168893943804257
0.79149994426439374
0.21965443063565243
0.11859087245989403
0.49361374994270113
0.1558058982831968
0.05604182488882406
0.53269110736520131
0.14844441624658494
0.57482356759408093
0.79378298760931254
0.90454526175216554
0.75203632019572697
0.86441040014905712
0.84695751774782113
0.3034275674365926
0.36027092610729083
0.40920158189676936
0.68635610831119798
0.88590626496720304
0.52088723685761829
0.46937056608496019
0.76717491304406249
0.47185511738334496
0.81324820434546119
0.95869352493326909
0.90245124168288693
0.77809842276859575
0.083112139059101808
0.93441819802078663
0.56411238260431329
0.32679268461004274
0.70857888379646461
0.51862893559866063
0.61196058670190379
0.058318008771412091
0.58511696581619632
0.56736650175117842
0.74117871755811771
0.37859185786094096
0.91116277499117115
0.9163514740602462
0.53314707299153841
0.53817195441480603
0.15187387123413915
0.55831485514083412
0.18890011663707729
0.54493572461551631
0.25260607406141899
0.87948185928511191
0.62414736490370082
0.50170804952038162
0.23775967002241841
0.030562656136639103
0.66103083696388598
0.87199365614084423
0.70353944825996506
0.28582155367157847
0.13885587514398123
0.68328629457992962
0.64667725740849291
0.11454848936970671
0.52077423012540369
0.45057731282267333
0.033432779723225739
0.9865921690789764
0.19320683718248255
0.39249319171973152
0.78866336466355169
0.75555781375275177
0.64477889079948336
0.79356586853952427
0.49074502152201172
0.099067831850937565
0.84489126969727579
0.14770160160960621
0.77843067595659798
0.90748811650516126
0.16662736673911399
0.66126798002495923
0.95915638764208488
0.17345946091915568
0.14844441624658494
0.95173351085585711
0.4890934384332577
0.82840703194362864
0.54953748817126891
0.39886975942861519
0.89869435523258712
0.64549077384952291
0.11369544156964259
0.016915966867068692
0.23782807313466633
0.27298511086993871
0.42070649137531313
0.31635110817490353
0.51536132924415867
0.11229822015062355
0.0019450984027568293
0.19919212457525987
0.17585946262988691
0.037138528888638105
0.56713389140176995
0.046938542841735098
0.1464092765959267
0.50270996347688912
0.48689529680343935
0.32731231761923057
0.25512421404587965
0.60640998294674908
0.13409294985308595
0.90906054587673368
0.093108150027181966
0.24875838033032083
0.785706281246358
0.87435999086762317
0.10361161869444373
0.70834474005705939
0.81008117385184208
0.44804540900001566
0.84102644807132243
0.54688991596578485
0.19431050330514604
0.70307011170413802
0.5669013074443825
0.49660075629295031
0.74393067610910335
0.71056808460101939
0.74060466148301407
0.35319861481688997
0.024673371973030215
0.40820128716458082
0.6878900475536307
0.12506771589446322
0.61207876326241761
0.26920430960491171
0.61042457933510863
0.55299703803099542
0.18986935809197641
0.92225874560944765
0.070722971455997305
0.057189532567277594
0.1898693580919765
0.15590286535483158
0.12295461196363972
0.16812013527347225
0.13430636261460835
0.23200131405847002
0.92182318270047781
0.8496961119320583
0.18129139601483921
0.019399222924137056
0.69978226908357422
0.20508349156538802
0.02872621828755139
0.84577808590174353
0.075566462810102639
0.95173351085585711
0.36472630373641135
0.32661960080849906
0.8503777999994715
0.5649254187375703
0.26643193878004751
0.65391450938010398
0.81071594544649839
0.0036999396511107627
0.31063420497528876
0.90653847759038497
0.93105250674595141
0.61266969258538939
0.084722722808310835
0.20212044995746328
0.061398942211468889
0.038350262619870894
0.59368703238022769
0.061080063098005406
0.99456075484114403
0.58429659899171504
0.16781037372942817
0.18394749493817836
0.4671077280656839
0.91544691460858685
0.85893933451024362
0.36809123806660005
0.45131720423159405
0.86785445856791199
0.85588384586651012
0.13758632983668423
0.33977705541932979
0.64050784819871187
0.75453658871594664
0.55034409537622908
0.97577887236440009
0.48043760414995218
0.81387954675999508
0.66849783083411141
0.0073049145972338414
0.18294772699421158
0.18992649881489271
0.27139235980551496
0.51142879439179745
0.28676646437273007
0.3324525064895465
0.47967413144032678
0.9078036342968735
0.94764387118465665
0.20624181175914685
0.52757140264802049
0.7105680846010195
0.80348281368435825
0.94201097794340138
0.82871390550382473
0.56364794021662745
0.14765528074327325
0.82243692466091056
0.063872396791353939
0.44625655948910725
0.86253369934260626
0.35365504624772592
0.16693530334917556
0.40510959941888175
0.745190013321259
0.089005808723807797
0.042497010229943455
0.85530806365025924
0.9285057095943331
0.60900721378106626
0.42888997296097331
0.96289820675173654
0.74129349882418383
0.075232783933235375
0.15069191688568012
0.62106856560074752
0.99082070036704561
0.66031937655386352
0.5238287631203562
0.75985904689129535
0.47782239227049439
0.31180518189332368
0.46613960724657033
0.29192459671324555
0.71220484717832178
0.51423649546620065
0.41372077257455875
0.36342312905404556
0.14421624345491885
0.81629322638853763
0.8472518393481141
0.47630000707576803
0.23287486046095046
0.85444270039909642
0.36649974733964186
0.96196976148359181
0.93261160543096144
0.97301271626799013
0.22641872325321893
0.56016814917992619
0.62012155408525382
0.037624319042557558
0.59886463789566546
0.17367168717893466
0.49715478482499642
0.56597123686030337
0.97006544719738974
0.87290598790493623
0.63991470007483064
0.69707842253297547
0.7849377672236264
0.59063168004397804
0.51987052277471635
0.90882550487538294
0.98471386072345601
0.70986622420204504
0.52870752614740857
0.37241993640943388
0.87634764963792655
0.79486758367212484
0.50538592952036177
0.080597629567350032
0.70893005244465868
0.52927593092711156
0.99023641213608138
0.93361842918092686
0.66292782623989543
0.87490341557501505
0.18461650132481586
0.73311995553282616
0.56341576005962624
0.70998321700975375
0.95002784794029849
0.57704224822556993
0.46506509645977068
0.86375474729747115
0.16998874121442542
0.33641011223704276
0.98071084299075828
0.25577482722944422
0.091967403992516711
0.39857407931499289
0.021546177476016448
0.0082594146844559811
0.71920431507180171
0.55692609513786384
0.37308150039656823
0.90462537295745848
0.15069191688568012
0.086884407400430158
0.069664245052236437
0.9733733425289387
0.85338229310500702
0.26220320337113218
0.34739088420233794
0.95340637995386834
0.62912370667020312
0.58488254880524493
0.083392700023097122
0.043901093123388045
0.13637001410367838
0.42111353263121082
0.13059267188901111
0.76683845433211917
0.82398763303805433
0.84321096705444532
0.038836767035536388
0.83177201439614323
0.85057234899786982
0.66020079538601117
0.14057899630039197
0.096926918747769028
0.96774637628082316
0.68753612104667172
0.82347124512415348
0.12366877246207132
0.90748811650516126
0.62059504071081606
0.97619135083114084
0.67583836407041109
0.43208500650417414
0.066757302427102427
0.35676913940673211
0.57727591801884581
0.012844838989308129
0.39523233677252828
0.10605594000580829
0.61905635245542001
0.68718215859731524
0.49284065755230277
0.37241993640943388
0.53189351011724506
0.19049868021354324
0.63339148393613098
0.23032864322963972
0.66553554906963774
0.60063162779546975
0.25715250281837582
0.77554681881651177
0.098219498241189751
0.57377337123157379
0.81124440272241161
0.72106642988132086
0.69225205452674721
0.4890934384332577
0.96513813603275111
0.11262777668899836
0.1806323356339232
0.57144138493931829
0.58008176418838908
0.096031098808072937
0.92933690856533513
0.064271122475300591
0.89984475435727118
0.30007323648482032
0.12102860790887533
0.98574043968570113
0.3571366894265593
0.84012955724300953
0.71010020340493796
0.95111190534887102
0.90462537295745848
0.81807058372046348
0.86130824683449658
0.014419132442291671
0.12774302842308088
0.80529903473434272
0.20801992602663336
0.2715437498288778
0.13017631272618008
0.76627742711917413
0.39827853201901331
0.02871566596437284
0.57657497924345114
0.56028404064710491
0.3973926877171417
0.5217916358701411
0.13649989098546361
0.65355861296415796
0.44101746764258598
0.67003772236286574
0.26912909658227424
0.65996362935439601
0.36064084208390085
0.72629294152990931
0.24321086537333578
0.9812310466643307
0.46077955578169061
0.28921809862983261
0.2752725793292079
0.25353915199333282
0.72095010457551689
0.17161165897445782
0.2226912567106954
0.97027896452249263
0.94544019235170496
0.90874709318874958
0.099264518832436074
0.5191931479070313
0.0011364474163576097
0.86159143298631546
0.93840508435176029
0.6029890279122081
0.67015616045763149
0.83511329590669847
0.36119618210990567
0.49195779201831891
0.15363756246317639
0.7877883908756671
0.2166506015987992
0.21588893447917101
0.8013394631637949
0.41211060886382489
0.97645160213603088
0.82717762463630051
0.42888997296097331
0.3134834329340358
0.32540979544952159
0.00074242705205198342
0.8023048499109916
0.40143787374217488
0.28339114263130982
0.52450848638499137
0.083420802696849511
0.084523439415765456
0.80933975209998243
0.8561713978989105
0.96689012962280352
0.8561713978989105
0.63517023751817092
0.044818244901682867
0.84062805983144118
0.19431050330514604
0.66814242108444022
0.1490502869293974
0.8560755723740221
0.81807058372046348
0.43425689600415784
0.3914202940239111
0.064271122475300729
0.89778620215292626
0.48316898163739597
0.19524388611838864
0.56969404216968922
0.66067511252740008
0.84182211722415201
0.66648360751742119
0.62722757282654218
0.47695217189561656
0.86840951368839914
0.30227916823169809
0.376971433725375
0.069903597657649405
0.21696859439074018
0.95931001595347498
0.94157440462078112
0.24085301028396078
0.39582081208461534
0.54367249500275494
0.43249823338483834
0.098252007248275278
0.54896157432433879
0.65166041542916509
0.11544458035722897
0.30622956739576818
0.39386130645752138
0.65972645847162315
0.47640867136798248
0.48011033092920319
0.48338780675396587
0.84498989937695623
0.013143964025508036
0.60912530927358699
0.84012955724300953
0.60204587811034371
0.65711728485816678
0.12032770645771602
0.30490867967029944
0.75567122467805259
0.57284027921553782
0.49438738634768276
0.26531415454650642
0.053828288991984649
0.380408123643112
0.63611901026227247
0.8440025426622374
0.68092325450586566
0.86729843838222809
0.5455102450281637
0.9870567048500547
0.51795220215298388
0.65249089269595451
0.34048879395991227
0.35603478795679794
0.046672681023501139
0.24699238399199888
0.26643193878004751
0.67702139186462484
0.81692118059370578
0.19937041608469078
0.13494835295564558
0.35475207638064149
0.28183124809951904
0.72895788967715103
0.94991297274773201
0.46958635728596054
0.33605702606059396
0.17457605606640794
0.14250000350414527
0.8560755723740221
0.76087519291800276
0.69719603724566226
0.21946171272920167
0.48964368376567657
0.24168316019312222
0.03992730546815098
0.03857195830259811
0.24614814747293415
0.075489341892449754
0.22126564543114774
0.64252466004946995
0.53737141859241722
0.10256003466786098
0.54861612013801353
0.071330981601488971
0.05138647923638695
0.39307916917906371
0.66435031851266713
0.65237225448282743
0.87171942201843766
0.91301146080007944
0.59804036380961523
0.6902486144162252
0.0097789191139683162
0.091539021166461676
0.37630548062352598
0.55022884244420356
0.92204111679563117
0.62296303473472925
0.8241940434745364
0.44899398779855448
0.063695908229377957
0.57120832353444762
0.89234398838354667
0.46613960724657033
0.61941139731777328
0.6028711205622207
0.39386130645752149
0.82150428507500117
0.78526722341164423
0.42909570345590292
0.73842099824078766
0.52439517566263261
0.80187596599646682
0.88651417126982524
0.60924340812671551
0.60393242501438471
0.70506415752913676
0.36771636859818063
0.63066462789027278
0.890728963435236
0.96928927965523315
0.22392831263611002
0.51975760276841543
0.3964098211733792
0.15225375086570425
0.72246173246754186
0.35612652728656063
0.95099841272033392
0.2245815748515039
0.55843063223630085
0.98995713489894865
0.59486300607621656
0.88010453964944946
0.69848946514445187
0.72478472407863936
0.76256653278847175
0.34766168578096363
0.83004146656394817
0.73485072440634092
0.75192254043636297
0.26785289063954193
0.8660904306152698
0.857128266555095
0.76087519291800276
0.59933574419226665
0.50851551326151312
0.75260504905566705
0.76256653278847175
0.73046217111266598
0.46259845637982366
0.75010053736219606
0.40381725151182651
0.39454645757789497
0.083420802696849511
0.32713904301968916
0.97693032289503901
0.97057636752681553
0.7568046850643908
0.49549352104738398
0.80444499155666005
0.62722757282654196
0.67808586856272868
0.40262650773411712
0.11695166168460937
0.28362567545541573
0.95340637995386834
0.054588965388050519
0.81335347622091458
0.53337510901315865
0.6077083879599523
0.89217449750557909
0.59392219055605699
0.7896464900881196
0.82912277140970903
0.60357862243189531
0.75521751058177367
0.86970087359078529
0.38088699961915351
0.37364915289519407
0.044420772099221698
0.90510537197865504
0.92689865366997259
0.17796167180414341
0.57074227645428466
0.37716184330750807
0.37611534563797516
0.45757865631858885
0.36649974733964186
0.26190836908865134
0.94138676440034652
0.51806496666330881
0.2455865619941108
0.19800681721793917
0.65581252023412429
0.71640758557186501
0.14576672900414889
0.040316379319625638
0.70658787465624795
0.26613351630859722
0.32197039496403673
0.35155870091767505
0.60735423522349752
0.94705316592162647
0.078151581795378885
0.84744793416776432
0.71150353524681731
0.016993006608297466
0.22425475564769767
0.97693032289503901
0.79800338330055043
0.048408752055223103
0.29048944929566367
0.98123104666433081
0.74781905316846986
0.076757900948511856
0.36865400465996617
0.857128266555095
0.95884814212316505
0.6178730351539734
0.68257752726711973
0.81187792591546892
0.19747530026627827
0.33403169795286364
0.12567144589924856
0.86187438576415176
0.98720923746606082
0.070119650872891029
0.11653551375339946
0.75146730857030619
0.78975564607319959
0.76301707955627851
0.92058246715167757
0.99358037364394658
0.7616648349048738
0.30631225861228384
0.43705817895738408
0.1907852991418906
0.0096205463809068293
0.95770662909359705
0.054512457011389459
0.2108656380007925
0.20654750718272369
0.56109547870720944
0.19600494457418136
0.90788243325046813
0.48524969137201046
0.67122200216225303
0.15069191688568023
0.59815810453813367
0.57634138019286563
0.89183515392012547
0.17975666596123921
0.089753134439192153
0.33420748073221151
0.18217322731951452
0.22477784702480519
0.6058199414604879
0.80944572568788631
0.35164967415779613
0.38521391815512024
0.4164462405597173
0.38155806303157502
0.69272326587678079
0.034046076486760841
0.42009635326450606
0.23721299703189117
0.56736650175117886
0.7795372342927489
0.69366546984358768
0.89520678728645298
0.94962514862088121
0.94306391059168648
0.38937705522870281
0.82522485029828485
0.26449669863831438
0.020809357943465581
0.70705650672349774
0.53977428017021545
0.82140055652050892
0.25117571211613615
0.39562459431267183
0.15937831426266755
0.99682130980931472
0.75340079110876823
0.63576321252570289
0.13546384134512343
0.56608747238748536
0.77097972580762109
0.11649774622036151
0.9455004018056874
0.18200761513829253
0.95884814212316505
0.70013474146811583
0.55669473712969597
0.94705316592162647
0.043526679782733078
0.33227735793432234
0.91116277499117115
0.88363578613731164
0.33543973482437661
0.061955260053655203
0.63362863539028691
0.90164016545740777
0.057570152378134259
0.4201980076111359
0.94711239938755276
0.16046835781935925
0.48722472737449329
0.98471386072345601
0.42796487199887323
0.44973250626232497
0.15493548300482488
0.027831875293030477
0.77030942042878447
0.36678027459698964
0.25181860402941109
0.16946795519692079
0.70072208858863116
0.99672971039362213
0.99978947869046719
0.99191990132392949
0.057550062190733317
0.77398996733872916
0.51693776217910514
0.6988421106263154
0.5056092003246464
0.57984781767314175
0.43966078184211177
0.091722396034736933
0.93461734851075773
0.76638965876527498
0.44583620855144868
0.96738745448685137
0.13969307341377413
0.46281268381219298
0.5355432086139098
0.067706070397555218
0.6133789088098246
0.19483508285902931
0.35860938282320221
0.82584233402180152
0.1343918094134573
0.45853772442188223
0.3617520811341276
0.12815266375901013
0.36978120114985907
0.64632131129344383
0.35283375124473743
0.32308540623303472
0.77643519691569374
0.96424236071472025
0.46947845555487011
0.50081818533510591
0.30318121841324402
0.060931769836052529
0.67252444120111687
0.64821969211808939
0.15196876583012764
0.80732271849216763
0.35484359713282565
0.25948557265723038
0.42663060154959026
0.60334277310839646
0.45460152059346437
0.18200761513829253
0.77354464515648935
0.76189033463848443
0.4099026493198481
0.1440347606291755
0.76459239148888514
0.69260546981843285
0.89361131535973626
0.21418299393253407
0.22628710622763554
0.83450757583988033
0.12749779064788072
0.38860041532524137
0.75771059758590753
0.83662408860750559
0.10293209554735348
0.3802166794922619
0.66411325233520913
0.30400294072830886
0.2489709516699519
0.94782037641941408
0.56887910773713024
0.2423072284471148
0.77198426041758306
0.36398126091233712
0.21779711600534041
0.19009800541143779
0.17888450583190013
0.28012270777409398
0.13598101939068852
0.47891123648106571
0.089783143388437195
0.22886454329183459
0.96304359537982409
0.76267918842948756
0.56550636164135026
0.60995207126960604
0.5644607859519688
0.068384511595426231
0.43778605534993964
0.48942355168270246
0.86766922559736903
0.88054845624234646
0.56969404216968922
0.10192017654242737
0.42601557806404605
0.88187591400582943
0.2299286150982443
0.8708952442861384
0.55276618685487433
0.64798239487661857
0.82378113984247459
0.51008334417940249
0.078363913439153804
0.14825841574885806
0.1959463160492104
0.86234545414908514
0.41897908958276864
0.60581994146048768
0.77532458152876826
0.25074781796084489
0.12149784374009547
0.90510537197865515
0.37592527171505274
0.1279477044702034
0.20906798678228342
0.98264712817828614
0.2217832099533476
0.52836659285592669
0.69578433313952681
0.058115015324733815
0.67169564970795825
0.039841318732276566
0.8556920188383067
0.13176458905448932
0.77354464515648935
0.34974252728619948
0.53508650353152531
0.51154098134096881
0.40570689933674675
0.66197937668846996
0.42540105684853496
0.76762333998513732
0.854923707671297
0.2116131098844353
0.092613320455372836
0.5213393597513678
0.25317996399691428
0.17457605606640794
0.74484668272483301
0.87625759441029982
0.93827645792688652
0.51389923979420293
0.59839359874515896
0.63457729019457698
0.4265280627865497
0.024139032603310739
0.94663751837897847
0.21525584471775694
0.88910312120558177
0.46195607573483877
0.80080251984767603
0.82077775866394032
0.47978316363924589
0.97141632211555717
0.89778620215292615
0.57342341560255483
0.015661867619929985
0.60617395553035935
0.54413173700974693
0.4099026493198481
0.65332134568286904
0.34129070781700482
0.45279890094179764
0.69437192827370842
0.96560429801147607
0.56306754130388081
0.72606099816029346
0.79095529701489553
0.39611524993994707
0.50572085143154566
0.1126277766889985
0.53645703659192889
0.63849121617006466
0.35851722267550779
0.4397650615403681
0.06523280516421999
0.30474385614293975
0.87796384516515469
0.3333292008645059
0.74907441106422645
0.41311653038810581
0.81124440272241161
0.77776603840784131
0.46818459253176148
0.98270846543996337
0.091051614749002197
0.16529845729948184
0.63884707698830967
0.6677869931938879
0.7148909640146488
0.16863746513068437
0.55265077265430018
0.52938963921486992
0.31915207250671462
0.6171631701168353
0.073735021210183785
0.24390774546467905
0.13176458905448932
0.075232783933235389
0.2301952398018931
0.72582902187248743
0.080733997897733834
0.72292658432669477
0.62675361027511944
0.021634938400992818
0.31432495225735341
0.38889154285049127
0.9862236318663522
0.087527776063749868
0.7793160402479089
0.35778050207040157
0.39249319171973152
0.12930568330492084
0.2674784039224582
0.32558243390935454
0.2637552098075473
0.89411633603859419
0.63019047001932571
0.22999524850875144
0.97428174432610581
0.36640626913471891
0.90269395036182698
0.58265665243187703
0.39513430948580186
0.45290483383576352
0.27757431047634834
0.74896034209468665
0.50896325953290589
0.40391657524916269
0.84862248760425474
0.74907441106422645
0.96823608912805548
0.37374381525139355
0.80326879904702975
0.89894138233295673
0.18872949535228251
0.15957603950294016
0.52893486069977724
0.82758776634346343
0.33968815918417283
0.71687399727052514
0.41150774626364151
0.56411238260431351
0.38637292703926812
0.098089557361774479
0.46560219644525835
0.85396106992453791
0.67749452222409867
0.54332814952494912
0.85912943809958509
0.79605870303493176
0.65640560816017723
0.47814892104423334
0.30697436320650295
0.91007568741709388
0.74232607790547833
0.69684317810529106
0.41573863740838835
0.2936856822278302
0.8448912696972759
0.12881044015710122
0.12315263020725874
0.75963310130361406
0.28472205507895831
0.22562992651601352
0.22107180589792907
0.36314427225265705
0.19706269998444897
0.056041824888823998
0.3269658320151938
0.32887465006591771
0.99881091255132448
0.075232783933235389
0.31474631027846267
0.092336007010389784
0.8701607897839323
0.35028672089894347
0.9000904743482806
0.016788302802907593
0.92626483948551919
0.043682325209470296
0.62260777786087917
0.24551643345852828
0.96972193473917234
0.15111651941005844
0.67512841279690883
0.82015423183281289
0.33385597857074534
0.59451016614012619
0.0060535852932154331
0.96132689361990797
0.3423619148500604
0.84508850545233039
0.23782807313466661
0.98491154002534975
0.88477348905069486
0.71465753250439223
0.74873217135972103
0.98445731506168666
0.075028103443675012
0.83369870957270842
0.43976506154036832
0.7281472905961861
0.90622090491611018
0.21626950069074219
0.53577161346770086
0.88363578613731164
0.2061196356634338
0.66624660377925626
0.22004026980932628
0.14412547769461234
0.36426053588775287
0.92633540092605338
0.055243268000210032
0.46969427127339947
0.82532781648478915
0.20820457043612245
0.17409678673646434
0.91461354114122073
0.75940710673705059
0.38840640530468401
0.5775096112546485
0.14049018836486463
0.2804327794679381
0.7565780877024697
0.86045729170911023
0.35210477529032191
0.32575513600166905
0.13567912663384277
0.1446252924544407
0.030607424148773751
0.84152391462400322
0.6427619413718122
0.34334584984110722
0.36379515500984716
0.78559654008937074
0.65901491763622966
0.36008606136531274
0.19942987533643516
0.25353915199333282
0.27086299280375953
0.35146774334243208
0.25411466402799771
0.034033708439463142
0.65130449012459424
0.99881091255132448
0.23348113159584949
0.059342720243248118
0.75646477121355282
0.27958069383761125
0.21405705752204379
0.94687524836329795
0.4230500582464381
0.4403910225092611
0.34558915647404592
0.61196058670190356
0.56097953784898202
0.1967684146386536
0.33641011223704265
0.40810133738367854
0.75396883424804084
0.32957067254389205
0.24016291187420957
0.72118274752951139
0.91093036511951997
0.21894845524599982
0.83319245168490674
0.95412109030165759
0.4045128245272322
0.39025192119061519
0.041475054157078639
0.68328629457992951
0.13001008983412918
0.013741187960990416
0.19836180676074283
0.19541930116011216
0.91747543659877606
0.16136486596608318
0.62675361027511944
0.58734496888471299
0.019819184230581516
0.34811333599392541
0.044468296339071761
0.93541077858109212
0.62817558435693899
0.87823232426346931
0.72803145673846614
0.66648360751742097
0.49881850538171857
0.6725244412011171
0.18964093586170977
0.96894054183646439
0.56515777569214709
0.25875476487615784
0.068196742891686632
0.29739290359437159
0.22210717488463169
0.73392790383042561
0.388212455301923
0.70471238857705909
0.57167447149733364
0.041683578286208514
0.11026654582363582
0.72466865039881845
0.17623525975220106
0.69366546984358768
0.72153165439595479
0.24607789510542408
0.74850395698906869
0.43022821062308558
0.55068990068127688
0.44007798145227628
0.99359652902224127
0.39827853201901336
0.92640592797360866
0.27795932015999941
0.11630906860666887
0.93639541715184649
0.79681562349552482
0.073835708334207009
0.23348113159584949
0.88720715757095869
0.49239913546988101
0.81177238622503678
0.58851834556720628
0.56783180136047406
0.93678704432023541
0.93814768929844439
0.33517541898631847
0.55588521533167146
0.35274257446913448
0.9298882653524897
0.20703737857781757
0.13358194817033944
0.30730579874012109
0.76436750037487067
0.58499975467068177
0.65984504451365178
0.10022004643246601
0.2219127509468144
0.68198679208368163
0.99367690178584112
0.04488214448427897
0.7123217092681724
0.14049018836486463
0.41040384530860252
0.80005006260297074
0.28842557615946746
0.16392783565103494
0.0039003301956250657
0.56132738148639461
0.24258499292897656
0.65047398486433039
0.074189090503352553
0.85569201883830659
0.89047296862789038
0.64572806961595453
0.53611428597806321
0.84380478928178804
0.90622090491611029
0.1475163922072627
0.8642232021932571
0.44394725535372115
0.83167039090172856
0.038419415108171588
0.16910419704336904
0.24968053243938607
0.93288086342451015
0.27873052975714802
0.56271938451949488
0.74415974001906038
0.18456067446825944
0.67430001290815611
0.77665714810940911
0.20068184361191682
0.37602030104275469
0.11514520584489267
0.98848326099433681
0.18074204152102938
0.59192393860920145
0.21424598433474815
0.62213413312478794
0.064694452423220319
0.89770345710565025
0.049377398353402012
0.45301077969565773
0.40810133738367826
0.24244607984716149
0.58640663434305718
0.30971634669723996
0.22366742895768554
0.2301952398018931
0.72687265523529088
0.073835708334207009
0.54608496733753231
0.040171869901073534
0.3771618433075079
0.14000260169117948
0.70224855558931609
0.56411238260431351
0.56946117156201903
0.044946128176847455
0.58757960370577889
0.59498062843019994
0.025481624253007693
0.18019406158577136
0.28136451978781074
0.90049938325837386
0.28315675295605597
0.41725578516715656
0.92058246715167757
0.96386124341302548
0.099198918180989734
0.49195779201831902
0.064404532890260657
0.37119331173468495
0.97170689167204027
0.42478703863240341
0.92138639955382118
0.982400422554357
0.12036655266994023
0.23321152532728354
0.66280927517990573
0.15292047548977805
0.89554127261936933
0.42961027198749763
0.41786354141723553
0.96097817045400213
0.69331217781449039
0.17219062424321832
0.4341533357237487
0.24600765822102724
0.086042782117933966
0.69272326587678101
0.11124204867121078
0.68682816053885842
0.11012266619064924
0.029986217053574325
0.67252444120111687
0.64655860863690806
0.83116194746075622
0.24036977985927696
0.52518854764871614
0.96597459809036024
0.42111353263121126
0.058074494152707851
0.85855882073463552
0.75737097005834153
0.17340643803160649
0.16276779181291998
0.83106019367735395
0.38801856533471463
0.72292658432669477
0.36734174585975277
0.14485296873434989
0.45470767332508222
0.73680974337458671
0.64655860863690806
0.62722757282654218
0.056395735525929219
0.11142352440445506
0.72478472407863936
0.45078864513616279
0.61763640286805299
0.15069191688568023
0.72884211539409705
0.56608747238748514
0.69825434235213968
0.54608496733753231
0.37006334653198719
0.85386466919386339
0.36612592718473608
0.69801919903444021
0.62485806369522778
0.6213053421909287
0.96924581452824088
0.67974123226057315
0.23961194049893658
0.54597000676903118
0.33632181694717866
0.84754594566225827
0.0086866723338307975
0.9865921690789764
0.63386579182836789
0.53064102908504696
0.2954544884779296
0.14928387238508442
0.57797706777657987
0.17650409351896282
0.23646292281602116
0.2246469838519958
0.43115605053521266
0.65652422318296688
0.81113874911188877
0.48689529680343946
0.3617520811341276
0.12680515875591886
0.69837190632029622
0.087176322608268839
0.22760599540361715
0.012417832145030741
0.92014223639503701
0.93002575704875523
0.40740209509828318
0.14340110312582036
0.58969222326141457
0.4391395855659932
0.17277121319667985
0.77876279758778633
0.89166530139558009
0.059404722324104361
0.54884641507013154
0.91054236347408968
0.96067783648909644
0.27093856923068022
0.23755455268339221
0.42642553795849086
0.73669458217673012
0.35493513350598477
0.49129611255961769
0.86692722349319384
0.0031850032250040636
0.47304565750489103
0.39758943855710338
0.21715956849929641
0.48953361206953383
0.22282121775381997
0.96902794421026128
0.032178249036496812
0.78086315475758505
0.82656177848766044
0.52961708306676702
0.73600341660752255
0.56132738148639438
0.1913595946611511
0.074113237618853564
0.14608770219355016
0.16988447743138377
0.026334155697929278
0.13749914278113951
0.2585358281817341
0.69825434235213968
0.57529047898341812
0.95285240456923725
0.7741012627967031
0.52032229936029162
0.64762644851538409
0.63339148393613098
0.59180643664621191
0.13294555160000904
0.4885434763848725
0.72652485187444404
0.87025269168504149
0.50885130752443897
0.010209574555453842
0.04541253431297046
0.745190013321259
0.27573178399817877
0.76695062039895223
0.47564827244104602
0.15368546918824424
0.95744472275990744
0.74838983347491284
0.15643709485568316
0.33782498911481407
0.62912370667020312
0.17709672379489305
0.33826796866080744
0.15932891516779968
0.53565740668738437
0.037259426890092914
0.90430473742489448
0.56121142658903977
0.1692080614375169
0.51829052498031203
0.81576939107959001
0.94875622682247285
0.87426932300738658
0.34947064225105512
0.31830146183685853
0.39151775555365909
0.31745244546710838
0.54218086655522368
0.071894518775708668
0.15177902681667577
0.64062647973389386
0.40491061608966517
0.51705043848750432
0.85540409005508333
0.39386130645752149
0.64110101188032353
0.36519245836442371
0.38792164286997838
0.35301615173929035
0.74232607790547833
0.82922493442755529
0.23605457228274743
0.39171272340639257
0.71978643326028435
0.47304565750489092
0.27849900022169244
0.50694970273850259
0.60652800203682089
0.12458654167436772
0.21639647489868974
0.25787986410858471
0.39847554878878028
0.3617520811341276
0.33543973482437667
0.84429899670106712
0.5978048951495728
0.095522502759025282
0.52032229936029184
0.74450325816703278
0.41372077257455875
0.90550449499619878
0.57529047898341812
0.95941225169386302
0.87390637466978693
0.19919212457525984
0.50885130752443897
0.43208500650417414
0.63600040998073282
0.91046466545281357
0.5595887983259078
0.69201642185998113
0.63777951660065946
0.91866604793736184
0.86319173585929232
0.20605856948149723
0.43799414198851183
0.68682816053885809
0.29585756691263659
0.76661408278040222
0.37459646525205875
0.65011804924604388
0.37450166515854066
0.78888194895566999
0.31080129583457411
0.4086012312399957
0.54183684302236146
0.90301712014366664
0.17915667937279867
0.43094976734758866
0.80305471290078978
0.63849121617006466
0.29489084885738132
0.076575511272360702
0.24953849198957176
0.95077099061078574
0.9474670398719981
0.83217829059197257
0.83692564284356663
0.5868757605212358
0.78735052361111613
0.67583836407041109
0.80037264925024587
0.44741361508273336
0.54080522218761551
0.90630034612007271
0.15868789838263678
0.0043452431426024571
0.20925337824304746
0.54263968065321033
0.78559654008937074
0.66956394805846764
0.90454526175216554
0.65071127377240567
0.57715908018756368
0.93036887755215347
0.21462423760976579
0.92933690856533513
0.96077809431698891
0.82789515022442695
0.27919401745440775
0.74117871755811771
0.81744393353447919
0.97091408499159904
0.54551024502816414
0.50360127627732787
0.45026041230520897
0.67074831745214869
0.35037747472484393
0.40371794239377223
0.63730506750199645
0.70459512057835194
0.99214362822442825
0.52088723685761784
0.18952680911630912
0.90550449499619878
0.62473960878128265
0.58582034307015696
0.035612587820325795
0.8291227714097088
0.80838515032147407
0.54850098447536333
0.37072222395158971
0.10979953849207925
0.02316313816853563
0.36342312905404556
0.53840075597911252
0.53622852751408745
0.87697725178055808
0.86007841879851665
0.93872602798714977
0.88772565918946789
0.1833359926978452
0.9200687465903884
0.79530095362532005
0.64952481794509953
0.97895904604028505
0.94985548061891223
0.59839359874515929
0.65355861296415818
0.13684674816454762
0.87272374124552965
0.92591151665330429
0.35447760786255728
0.26021794854461155
0.64821969211808961
0.94793786537594504
0.31957797560119738
0.98024842637593379
0.72524893783698108
0.39210283821983516
0.22582692202859977
0.199846492767322
0.63683063303231646
0.8894462987934868
0.80827899044319995
0.65533803520150524
0.92050917969527934
0.90155888487290825
0.40213098691060861
0.40770168329655054
0.18924173820684623
0.5443614070375824
0.66506147728598197
0.61030644741515605
0.38088699961915351
0.07908436533686268
0.015739459283833055
0.95351673704380646
0.4368503363527283
0.17888450583190016
0.15426133552626842
0.67595667959436256
0.62509497957889137
0.17219062424321854
0.40820128716458098
0.33800213348934222
0.27865333737159287
0.08639015376310677
0.96647994627297518
0.79410854155380883
0.72756803687132732
0.67489174051548051
0.78416849574348313
0.16428226469121388
0.93750171464583099
0.017076841691062945
0.20320486892373624
0.64952481794509953
0.26294138923958604
0.62473960878128265
0.35310737545581716
0.40890134141665935
0.29072828181669341
0.49372423616743866
0.13697701434043585
0.82305776356935201
0.010281098018052388
0.63932156886600144
0.91069766185339551
0.69366546984358801
0.75055630614602431
0.56585500801385136
0.27222578784161339
0.51987052277471635
0.77721177402112096
0.34739088420233771
0.6253319034679703
0.30830163824169365
0.34013279833246213
0.039741217923000831
0.17769100078998579
0.93788972560660566
0.63422153564411676
0.936264591605247
0.8583684107617926
0.62426580955251465
0.799404418615418
0.26680532154601544
0.25919306142462795
0.46613960724657011
0.80679081087732929
0.46947845555487044
0.0082497223557482912
0.50762051590783652
0.30105221355610257
0.97428174432610581
0.83298979470450019
0.099757747255044646
0.44059978379877485
0.86720567472196308
0.13096837611957887
0.3181315310086345
0.23639482612980528
0.92808823974604948
0.6842311183364469
0.8879845111340261
0.97435984063989423
0.72942090103172297
0.016529442552559673
0.24286300417738771
0.3571366894265593
0.10958458206389335
0.3150836838818703
0.86102482766593469
0.47543112334824322
0.53075484604734013
0.87354298390377338
0.4668925034185456
0.5317796033605352
0.55553838800212141
0.33897755813789254
0.50482793601552545
0.21709589558988679
0.47521402221536846
0.31188894282023533
0.85260920353660108
0.73023083858957472
0.66103083696388576
0.41331788705854611
0.72432038099605123
0.2166506015987989
0.68305005288365261
0.26294138923958604
0.77164953918488322
0.22275622972597364
0.14993956480413537
0.089753134439192153
0.18545557157492626
0.093605326807083208
0.20152001993668986
0.00042704130280457289
0.018859452391835257
0.51030748396202374
0.98751085082721934
0.43737004463431972
0.36342312905404534
0.89687430901561704
0.46409910161068413
0.091600109861502271
0.085466601466545569
0.029441554998477264
0.57214071980225156
0.06509783688755047
0.22347192406125169
0.66719457392541104
0.53679986511537403
0.47858445880034317
0.39484031670038644
0.29025076024129393
0.95781113534804296
0.89819946352591828
0.91278140735790847
0.31592823461920649
0.24847516924856111
0.47706090777892218
0.77487993643288455
0.9881003515765836
0.42050305547626277
0.12782486487100389
0.15220622196695099
0.30162434531228316
0.70881300250729273
0.0061162465973655213
0.43125921279855189
0.71594105979021205
0.98822087426241023
0.23408863790480083
0.7961668853958721
0.29529336880449775
0.63149446191801006
0.16382668796496574
0.9037424028371619
0.41563760832898666
0.63351005903490054
0.78559654008937074
0.25282116586279851
0.073609336471456066
0.47673473589154425
0.43311848559495147
0.86309780900141542
0.5009293808797588
0.99205090920326655
0.73415866410872921
0.35722861590629035
0.13589470554729843
0.63434011931573475
0.69201642185998102
0.95612146527583286
0.047105414606961556
0.092489978783696108
0.996356420837061
0.80657791928194711
0.10168532850402784
0.80540570860966298
0.28012270777409404
0.8448912696972759
0.13277628698799127
0.77164953918488322
0.73069346867947549
0.93023173374050261
0.032131337628470341
0.80604536992221298
0.39200528713378907
0.56562257039613151
0.36827876529203896
0.63268006032750135
0.39444853425119358
0.32231318870646009
0.94201097794340127
0.83278704999254127
0.97693032289503901
0.85665014769728964
0.31660502370901178
0.05481908098601105
0.95649428284823745
0.99419062584248763
0.36212299088397465
0.90293637506430457
0.37897377356301015
0.68706416318461194
0.01981174298717827
0.303017065573848
0.84380478928178815
0.35971651843044877
0.92829713037158612
0.73323540397413733
0.041623901127650575
0.68375873525964492
0.64999940348307761
0.59486300607621656
0.95801970849009721
0.84449651521128855
0.017031651118300278
0.47836666621684554
0.43633096752241396
0.98831672662304482
0.24960950444430816
0.95925884314288112
0.5581990852615879
0.97937164410975952
0.29609960546805941
0.84142446749837285
0.21111455979567792
0.78328840711899139
0.70846181504886974
0.13324221138393494
0.051368375111323555
0.32497847771812499
0.69566665919925574
0.806577919281947
0.044579368918990378
0.27657514141927897
0.5540362425685168
0.42448021837586286
0.39474234880490067
0.65747311070164027
0.16637111573449617
0.029582269409267965
0.95781113534804296
0.73669458217673012
0.17645029960047401
0.91537131895720503
0.56179127106935411
0.24649964159822293
0.81482525611002754
0.60251742179249401
0.2321355383324564
0.2158255587369233
0.59945353118724198
0.79681562349552482
0.13277628698799127
0.85299594612298568
0.54424656794452297
0.78625475337174167
0.31188894282023533
0.58617210225336303
0.42111353263121093
0.95362694810120385
0.34478043219795201
0.070119650872891084
0.76549144032569749
0.46174204952612219
0.65189769690059141
0.19044139870356125
0.56295148214585145
0.52643619963278399
0.067010659386815691
0.61278788768473547
0.54000331945913571
0.99136210140201986
0.99871642615427525
0.98221396668776406
0.48711490575245975
0.31872656790454817
0.52439517566263261
0.90748811650516126
0.44279501748283612
0.7033047913388637
0.56736650175117842
0.17462937574875076
0.027658204873456022
0.93961993471568661
0.54677489928792933
0.51311266041725001
0.86794703484858826
0.27321321639041135
0.65213497661514319
0.52473513598957422
0.22288622079577089
0.85280262422614794
0.54804052069199871
0.26087842834381236
0.66766851325394683
0.74244075840643264
0.64976211118895466
0.89259799830020625
0.41180911278929877
0.68411302801036489
0.90041766396723977
0.51210206805501057
0.41040384530860252
0.65925210252061395
0.28676646437273007
0.13396504215323693
0.17785336248679781
0.49848556566778623
0.16755260328897298
0.48251278541290554
0.36240133609021818
0.13828553333660645
0.06609352079871296
0.32731231761923057
0.59451016614012619
0.097668299455227342
0.65462628487085084
0.13511999491961119
0.82635632793419012
0.27718969743910554
0.69790161971019682
0.14599593425316418
0.58992705812324298
0.075669401084721824
0.51479878791395906
0.2207490394339324
0.31719805149181723
0.85299594612298568
0.97162405228756232
0.4927302603047421
0.47662603578094109
0.20857425447315972
0.90614143170542627
0.95681241372649495
0.21882029010960827
0.80923375981864187
0.95781113534804296
0.64691455509600893
0.73300449804225398
0.35631005275387551
0.99027892549303509
0.38753410318834119
0.15653439319920731
0.29184473077461998
0.14146971792068189
0.081171768411124889
0.98751085082721934
0.74701950759269509
0.19431050330514629
0.83712656662652007
0.90220824931103616
0.53326108657420135
0.48327838838675308
0.31038368841601355
0.44300439519589307
0.0083798550471873359
0.61704486861712848
0.51479878791395872
0.8013394631637949
0.63884707698830967
0.6111334388163242
0.55507605528950354
0.99828582238887598
0.49538285795830772
0.44300439519589274
0.95417581237228222
0.99597894704646894
0.80902171923289068
0.090717863640348048
0.98519113006453196
0.17024963399890422
0.25620927272472604
0.98465708284343278
0.59462777492189778
0.48000126338887106
0.48678550948732036
0.10031935642071506
0.7556712246780527
0.76818357559287931
0.97818954903452393
0.72814729059618633
0.48711490575245975
0.95071404408778704
0.64501618435307473
0.057329492546864022
0.90090751049730466
0.58265665243187703
0.17671940508024722
0.55912544590267832
0.30622956739576829
0.89386396244120259
0.4634556672464033
0.079111162638954638
0.76346742367626175
0.030140403514719416
0.63540742427394725
0.95612146527583286
0.42101175114306466
0.24868755427238115
0.26620809828458059
0.31719805149181723
0.43872287143238575
0.85463517818672574
0.69437192827370842
0.55322791952187256
0.48524969137201046
0.62189732426801836
0.40133891628601853
0.36621935905568359
0.39670452571854192
0.9050254517420514
0.12757949132959559
0.22999524850875144
0.23092971038395582
0.064649772379903006
0.43322190897079371
0.83863061757696133
0.20152001993668978
0.38184588900263522
0.87679750565943082
0.2551242140458797
0.26294138923958604
0.79519263632681647
0.14677752735783739
0.82625357112667241
0.96889678615519637
0.25325177040300861
0.5363427777211035
0.11380639295126595
0.50215323808588574
0.74484668272483301
0.13434908017647484
0.0075530915079009718
0.50449326598796684
0.53908736525130285
0.92612361345578342
0.86196865143417922
0.096638172642392633
0.86785445856791199
0.26051133817830535
0.026382836611663327
0.29424764661642872
0.83933076168722121
0.6676685132539466
0.6711035844392419
0.99827922125010948
0.59580411054137361
0.65830333644939087
0.57074227645428466
0.24628869866198677
0.0060344295601872282
0.13486260222275159
0.83531502492426168
0.8913252353410096
0.16041867477766353
0.47282908657363087
0.94758496364006162
0.54953748817126868
0.76717491304406249
0.75032844395938003
0.74770486465672814
0.3391551135817007
0.45407095047952151
0.52723074478018139
0.22139494666881498
0.9749794659804969
0.23585060359361945
0.83802960791538106
0.61290608583920403
0.27981289023025463
0.69696080281531203
0.42786215239208603
0.9733733425289387
0.7728762423918325
0.8190092162015663
0.43872287143238575
0.92513118519771764
0.023996014751245267
0.43716212061744808
0.97854142050144255
0.47153067958233463
0.79280543002646864
0.72849474129312575
0.72246173246754175
0.47619135473315133
0.56911191390621185
0.099856652435006368
0.071992934782789522
0.117179196978764
0.24918366278195589
0.5056092003246464
0.82491582663568574
0.36360911105305904
0.29731195275774341
0.24748588580137237
0.61657168967276155
0.93132498213101655
0.88407394558027474
0.80774791308333904
0.93071112773792053
0.86187438576415176
0.97895904604028505
0.34820371316412918
0.64762644851538431
0.27981289023025468
0.38540693563994516
0.4227439532966723
0.85922445152298277
0.17986593257185324
0.80187596599646671
0.23557885948870597
0.031297777783246786
0.83207675423843563
0.052501972918920281
0.15923015562111451
0.12893409720049823
0.53702846065152066
0.91807181307556418
0.39356789334685771
0.087557120841656566
0.95105517723895916
0.59957132233165988
0.62355517312558084
0.94817240828752059
0.58218829169343411
0.9200687465903884
0.95869352493326909
0.10508598856264688
0.10780758536318297
0.70658787465624795
0.36360911105305888
0.18590435550712042
0.39356789334685771
0.63030900718424321
0.8614970635151834
0.90796119998639557
0.8190092162015663
0.048186403641171854
0.5299583169314469
0.3388888041242385
0.32308540623303472
0.78008996086040161
0.075284032596782749
0.24050776876154698
0.8994345975623117
0.67134041756249418
0.42519632818511005
0.86553137288372217
0.8190092162015663
0.68800801501110342
0.85008579384812166
0.85260920353660108
0.25882777511629018
0.082136819769997718
0.89106987028177131
0.95638794648117031
0.73980056618080203
0.43778605534993964
0.76706277330763439
0.81587419732901922
0.33018052606946841
0.98255486805335113
0.7662774271191739
0.076888418522321644
0.86412956376001304
0.85636297342376555
0.13628348842472232
0.20863591973147358
0.18411455926484516
0.24223782587466364
0.46958635728596054
0.22282121775381966
0.058257042854443088
0.43342879683922925
0.41857323699379118
0.66257216860146229
0.88729364829273072
0.92933690856533513
0.066918428866757446
0.21939750329508481
0.24397751840750345
0.51288801381651128
0.069975548387327002
0.7635799779371486
0.82481277709437928
0.7276839044767518
0.94507817778992187
0.048787186746850945
0.82460661561617998
0.11928297091181718
0.73057782427233509
0.97369145855096595
0.15751018619305629
0.36230853884403397
0.81775734789077936
0.2962610442977156
0.24016291187420982
0.2898532639420347
0.84626993220575275
0.4819662756867702
0.034657267678163441
0.3972943344773765
0.29384616371804601
0.81113874911188866
0.89762068115968519
0.53348914030133421
0.79983491757723024
0.49019421169257871
0.3720422372029013
0.10901316794525313
0.89495560229668092
0.51131661758853753
0.71629096478891197
0.77610216244924568
0.27603823746216777
0.96738745448685148
0.52836659285592646
0.75725773693377807
0.27177095347572494
0.7627918314471579
0.3998563181660349
0.89984475435727118
0.35110406971368452
0.68800801501110342
0.017998082010601348
0.62213413312478794
0.48032850131494231
0.96889678615519637
0.47109826623314155
0.61302428703887357
0.41543559301461103
0.95754959512351201
0.7605365886607014
0.66589108449204404
0.89894138233295673
0.91896236086911975
0.19401956784474589
0.64738915073817005
0.45864435127733916
0.9987378606364945
0.5715579250784073
0.77454630385274381
0.0086934604176681606
0.36584572426510681
0.89081423512313707
0.46850789230664602
0.57973085291485793
0.18652288943826273
0.44815075406501848
0.75533095669067607
0.0083569405977316231
0.015944120645117743
0.11084371287054876
0.58628936570743861
0.48810371117251428
0.12909913264340894
0.8803709752375023
0.67323473837912839
0.17861267420745316
0.30821856379605261
0.85482755615400652
0.70236593754096832
0.61598027761892848
0.37545035415424527
0.79508430222556836
0.76683845433211917
0.60004252821466242
0.15604841143674408
0.79280543002646853
0.33535161370642697
0.56353184671158263
0.26286749991082498
0.1710343146086932
0.66079368863682975
0.10912010860111278
0.97053399000241547
0.0072078534874610699
0.4055077410642996
0.2441171106363863
0.53485820341729196
0.6346958773804714
0.12149784374009527
0.58371078251822384
0.63291719631977328
0.36333016129246504
0.15785292256722588
0.094858595579698543
0.80133946316379512
0.21856413882902928
0.68045048461704516
0.72965235505440229
0.020973627330148233
0.40322161618667129
0.43924379784645329
0.61657168967276155
0.14733138022323183
0.35110406971368452
0.20715999242121028
0.33738240498179872
0.42919858947842576
0.99527946520714305
0.041653729811775647
0.43198173414103741
0.72582902187248743
0.78658364920514423
0.89545769717535995
0.39288378375640975
0.42786215239208603
0.27649839328457299
0.31906693970552819
0.13303025350104733
0.94489668350758116
0.64667725740849313
0.6856479141075551
0.67619330223001084
0.51953179177008502
0.62391048186834319
0.41472898960088589
0.25817124705367711
0.31281136644401969
0.0078001692724226643
0.47684344793146249
0.0052974117252011371
0.084069508005284094
0.58488254880524493
0.50326695448638081
0.4447862588499103
0.75952011013569254
0.24321086537333589
0.061356337555902009
0.44164439610581219
0.89242868855387547
0.98850692641633253
0.82953129495449829
0.0956811819034461
0.46850789230664569
0.51356207418055067
0.23646292281602116
0.5216785524988754
0.85367179320485254
0.11748317741622295
0.28354748194117535
0.24982263505502023
0.25440279460547183
0.59568645684418864
0.027404652337113266
0.28433013294566162
0.16051805379263764
0.26257209981468632
0.18895701846628343
0.44762416036636521
0.842715472789209
0.41755959929407416
0.089933322218074804
0.10078395316035643
0.62225254094636151
0.28953555379136892
0.51041956916943354
0.5097472111796848
0.16724371537957169
0.20134017261495119
0.15804905383933734
0.95025716198526733
0.85979399402647083
0.94213539058638318
0.84842696918460281
0.33350473002092806
0.75555781375275177
0.22833396230157949
0.61408823323103068
0.71897141558130473
0.20715999242121028
0.74690524387853985
0.30146079925946384
0.41634511160292126
0.65688006292144485
0.1964744866468367
0.3913228474283274
0.95992123273355123
0.026334155697929268
0.078923752669774264
0.82450350370764947
0.64916887649405275
0.42253995361790475
0.57739276171076048
0.27450850594958698
0.41080506194910688
0.7033047913388637
0.28229854865840753
0.15225375086570431
0.72373977157961655
0.60239952999454338
0.83943069112825475
0.62675361027511944
0.59545116280817445
0.68765410055905851
0.13205897975062636
0.69119156752302324
0.16196487197332252
0.44384243979703697
0.85655444815918391
0.38666301804153147
0.068478571452441017
0.28558568420425534
0.5858203430701574
0.14830489730645008
0.18305859089249038
0.93955631587412536
0.81660729204853788
0.086216311683987176
0.99142093682403254
0.96284967067454474
0.2826884030012517
0.14682361404345129
0.44699268274540371
0.36036338179198457
0.74186725465722581
0.91762473124927701
0.04100204988798508
0.0011764068205711443
0.50683793688846146
0.18322499046977012
0.045444864346088409
0.65035533994786121
0.66861629666444422
0.97772687011721415
0.22321146127084246
0.058440115414647012
0.0011896987001993825
0.37450166515854028
0.99685145027999955
0.7897556460731997
0.5728402792155376
0.5296170830667668
0.74404521323605377
0.85260920353660108
0.21330268139308758
0.44164439610581219
0.71325636468381159
0.43643481410997154
0.62533190346797063
0.48360667832073068
0.77432381150826624
0.80358979415136533
0.71897141558130473
0.087147091746452854
0.1754843300450957
0.30219725947914239
0.97036411786671384
0.6897770347798946
0.97381016040943924
0.59451016614012619
0.16729516363827149
0.13260720784236343
0.41201009578289444
0.47445454651509666
0.97940580078079864
0.95931001595347498
0.76784747405538245
0.13084303800617456
0.23442667549593751
0.032307585347377717
0.82295434174012194
0.41412388749786039
0.91178109830628595
0.61077899457160267
0.68328629457992951
0.4055077410642996
0.50806793192126687
0.93776053063159004
0.41705331356641206
0.66269072262989637
0.34442140854333331
0.54654488991868433
0.6140882332310309
0.18244952360696423
0.16271751168324761
0.13916381560484217
0.47510548964647981
0.1218900796958015
0.46152807371485105
0.14645526491942912
0.1404458023867485
0.94740802365545917
0.27888496215229075
0.38376821040700421
0.46431367976589821
0.32385891341925377
0.1210676506768678
0.82850934444789837
0.87135339372199405
0.47978316363924589
0.95439433533531637
0.46581712350077498
0.96107798876748141
0.18041308874213752
0.72953663235880817
0.60924340812671529
0.65272816762446584
0.19112970714277069
0.78152531027446104
0.38821245530192333
0.58699305492974063
0.24642931179756308
0.1464092765959267
0.48229414652086067
0.13430636261460829
0.27252932716251316
0.51772670246132679
0.53988879559511771
0.60393242501438449
0.52269664607809119
0.61231512571722568
0.89394811737582824
0.65913351064459191
0.31407232891349107
0.83752814399070963
0.67690310197396797
0.56748281680215018
0.087147091746452854
0.3379135533942228
0.090899774488822249
0.89420039974419507
0.037760304859417899
0.81166682751217567
0.2837821102048283
0.74094912503599797
0.87481291419320784
0.63659342149844345
0.91999522309060344
0.58230537366018753
0.66221649776150149
0.18112644521794141
0.98819683263743296
0.069855667696333071
0.7896464900881196
0.60593794253023847
0.74060466148301418
0.41120650936601044
0.96689012962280352
0.33035491285004753
0.48163850998377833
0.32506470944321303
0.8583684107617926
0.11574463391955714
0.76661408278040222
0.12028887114382893
0.59615709823781282
0.93508079983164172
0.35092232691898329
0.16266724458224427
0.65569390016616691
0.49538285795830772
0.84122550394199336
0.68753612104667194
0.45205773408798644
0.62817558435693921
0.83095841822841421
0.13986987495407005
0.98746090083927407
0.95807176023697271
0.16915612259186513
0.84162333862942507
0.63789813108035898
0.58582034307015718
0.26695478501689385
0.92124053431557307
0.14376290142333711
0.72895788967715092
0.42213212306895054
0.83156874565728134
0.31668969411884162
0.34343539306621546
0.90558422389501569
0.076862299043954141
0.34129070781700471
0.29942186238717922
0.99346652931999391
0.47467147947176236
0.27313716538794069
0.024737501292394871
0.17298273956138926
0.65118584757535247
0.52258348649407171
0.55738889883028042
0.66245361310619433
0.20176001855005773
0.51874175861669725
0.1514947944589117
0.48546895604351425
0.93261160543096133
0.75453658871594653
0.57715908018756368
0.81681657078185022
0.61905635245542012
0.76447995235600885
0.06740392637454154
0.057751252626645842
0.99667805381526375
0.34066688652400723
0.56388014775331541
0.43467127379355031
0.15249158383766898
0.93314956045124908
0.59603943124750924
0.61456117522654286
0.31214032136992625
0.59204144531783054
0.72513289656820346
0.7925880132755152
0.83359750200141869
0.37735231386967677
0.86469099960943663
0.50572085143154566
0.72710448254919668
0.19009800541143779
0.54011785175495575
0.060007129684304182
0.047373546971751342
0.30441440071458981
0.61148791180320516
0.44888853761346503
0.86590418414149706
0.066734313110307752
0.46517249156344365
0.22740777665848255
0.71337316625229619
0.11797861100245702
0.75374165153551664
0.3907384816014936
0.72733627646356913
0.93593690877579006
0.67358985304257724
0.031138061208309392
0.083252313735190014
0.66257216860146229
0.87463182810850304
0.19541930116011202
0.61881966848187397
0.39464439576326676
0.56086360402243041
0.40730226140279485
0.0641601390297587
0.88161093874088947
0.74975859443900039
0.33729393561364091
0.68175047400605526
0.017128627254671482
0.60711815091794818
0.5483858566918185
0.98116650258838956
0.91385245827415496
0.60393242501438449
0.57225729749345933
0.15392519228229359
0.32636009437218649
0.79530095362532005
0.66375764096453771
0.75123962513434828
0.51367445270131917
0.15116375998539569
0.29537392066281659
0.96438467629191416
0.13715086796115225
0.82202262233026135
0.43394625618882532
0.46409910161068424
0.81681657078185022
0.018313183073212426
0.959565330599354
0.026676700769264872
0.93328369847286075
0.08144645476289579
0.9438009067622799
0.92940594971513157
0.17108673355391918
0.068950630666626142
0.56934474590094863
0.56631996345102231
0.92633540092605327
0.95791549514868191
0.60275321708589458
0.077570333848891254
0.79519263632681647
0.11912886826960843
0.94622009848791699
0.35842507809620827
0.77643519691569374
0.99601430767960497
0.40990264931984793
0.13872407934466324
0.33685182610901326
0.93659139005553915
0.24244607984716149
0.84764393319490738
0.86394220804841104
0.031631057446393919
0.38550346699136723
0.52326258631194289
0.15144746625657587
0.59933574419226665
0.12021123320204427
0.64205010273598107
0.84498989937695634
0.84567964544235252
0.89976278531722875
0.30838472865436029
0.26308921506890298
0.36865400465996634
0.0068588497849465559
0.66660210661538932
0.68482151498429289
0.54344292314290044
0.55727318696749328
0.45608883050611726
0.66375764096453771
0.18523151364350987
0.820154231832813
0.9253444144541797
0.01993112036159202
0.83742778345980429
0.29909655850253752
0.21330268139308758
0.35383772828905635
0.73450473570984176
0.26950531962315921
0.96499757502927874
0.2743558813878994
0.45121146633655618
0.65177905637886546
0.13101017847685412
0.016935195694226642
0.63552601928615271
0.08856007969855681
0.56399626176861406
0.09596739331311524
0.79886590438832561
0.35814873778230272
0.090294664476300773
0.020361949867526461
0.46409910161068424
0.88081446342379621
0.98936069485532696
0.55947294950770377
0.11752122323946484
0.28167560841793482
0.38550346699136739
0.16041867477766336
0.96077809431698891
0.95077099061078574
0.62071341837149174
0.31205651255870676
0.48076498316108462
0.54057606510983269
0.98190048315741829
0.032674694330162811
0.61905635245542012
0.78778839087566699
0.43218829261370806
0.39533037890100847
0.56562257039613162
0.85076680045373554
0.9569709851139836
0.51502377462505455
0.6783223860653359
0.86951671756576077
0.9829828075297925
0.68718215859731546
0.93821209138537331
0.61479766369947897
0.034331700402511794
0.61420646433617565
0.00070052947560312803
0.48338780675396631
0.79595050375666554
0.77164953918488322
0.91408112961750398
0.53314707299153863
0.41948672429682426
0.95733970396344648
0.82119303842183411
0.74599075055445496
0.9558540694905836
0.56748281680215018
0.18641030322373492
0.74152303129791841
0.6694454990601133
0.83258421766147772
0.56179127106935411
0.82347124512415348
0.2234067858233301
0.58382793509228725
0.62841260475842065
0.41160818737298338
0.28597887957803919
0.33924391501016737
0.29296430511707716
0.80326879904702975
0.58312510049715027
0.83602037469782964
0.3291355393547658
0.67039302998679817
0.59898240819844295
0.4099026493198481
0.96289820675173654
0.27634494458701225
0.18405885729073448
0.17473605565902314
0.95638794648117031
0.64264330049762042
0.46624712665300672
0.24875838033032077
0.84498989937695623
0.34947064225105512
0.64489753746754308
0.88081446342379621
0.27849900022169244
0.05145895434555145
0.95510049707641198
0.73034650921392719
0.47174695928908339
0.90526511684947641
0.69260546981843274
0.28834641154398349
0.54516550849287937
0.15130555678934265
0.96997978660361495
0.81493023793309805
0.37592527171505241
0.084296200393201168
0.91642663804390145
0.69625498011125786
0.7889912171498672
0.48821363541813179
0.59145395932285982
0.70389139082966468
0.34883679308164084
0.83024538463444419
0.88824309674562241
0.67773106971330566
0.3571366894265593
0.50215323808588608
0.14218576236104438
0.76582836994002768
0.89836455140155214
0.470558023820567
0.54137826141197887
0.36128879313635426
0.29264410777153121
0.22946260603175667
0.41958829373833612
0.90976392005523232
0.12295461196363972
0.31609733618967994
0.94904677528043602
0.79106425901090927
0.13854851823705661
0.76414255792408126
0.73957073592609079
0.6636391006596507
0.6086529475650172
0.54999835988076085
0.66446884914557913
0.16822349513805815
0.65142313229079618
0.4600316572228893
0.95971807985465896
0.87939279114754432
0.61846466162624214
0.0015290276830861702
0.10155134410433586
0.14057899630039186
0.86785445856791199
0.30614689214777824
0.71570775438075329
0.052280791167555213
0.67962301231248556
0.79605870303493176
0.57622458955790345
0.41786354141723542
0.3987711846374416
0.40302318813261889
0.46024527923336545
0.60475809648241141
0.3222274663814087
0.940127601144092
0.88815693115387029
0.89259799830020625
0.64489753746754308
0.78174590880313266
0.7763241997694541
0.8364229402388218
0.10158482559165204
0.0068157118858394221
0.4885434763848725
0.97478681496761765
0.0085386135907739528
0.17634275251531203
0.46937056608496053
0.95274117161932981
0.70893005244465845
0.63291719631977306
0.29545448847792977
0.82625357112667253
0.52904854166263826
0.20987230328296938
0.33685182610901326
0.038460962155384366
0.54735006245560358
0.26680532154601544
0.05350795286671204
0.96117766058095089
0.20134017261495119
0.52360226406179156
0.87517475292726987
0.15858947333777623
0.24551643345852828
0.51975760276841532
0.60912530927358643
0.64679590623188532
0.39112799904889589
0.47099019335444825
0.9685894788620163
0.95466666694260716
0.29336491066945058
0.82993947523478451
0.29585756691263659
0.20314450034394718
0.48426357129693043
0.54344292314290077
0.85597972169207515
0.71255541341747497
0.26183469979845447
0.45407095047952173
0.094324148296397792
0.69260546981843274
0.5670175961199273
0.46227720946314466
0.38743725582326938
0.63777951660065924
0.93213905536913666
0.60534797360927606
0.21286361139179749
0.3428089215207919
0.16946795519692079
0.52280981515862812
0.84231865813647033
0.34316681067713212
0.44552108439598159
0.058115015324733815
0.67607499231823143
0.74610509938682945
0.29505180896818939
0.53143793680591955
0.17688103149040532
0.3138198491786291
0.25433073854540028
0.018306277852114448
0.52054824549685541
0.23707648204362905
0.89894138233295673
0.079352705584795985
0.93173264782445497
0.78174590880313266
0.6100701933725774
0.96720711930692338
0.26905389935090057
0.66328347036374535
0.55138171988875273
0.019886274398495114
0.73358169486732761
0.34585901453736517
0.75533095669067607
0.82738273780453053
0.63647481719435317
0.37015742575344324
0.5296170830667668
0.30105221355610257
0.41583968076518885
0.79983491757723024
0.62023992211870538
0.46840011340413557
0.76851955731015931
0.343077314740172
0.18742558969993794
0.22840023192053155
0.18534351478617461
0.088797553613259209
0.061398942211468958
0.072165455633090972
0.69213424043227167
0.87463182810850293
0.099100589067306274
0.33959927874799206
0.81807058372046348
0.48076498316108462
0.69895964874785399
0.58453096297870366
0.12315263020725879
0.57400670559087852
0.93737209372467689
0.3891828053154418
0.24481599895908981
0.37251439955594384
0.3891828053154413
0.93821209138537331
0.98485522569015194
0.32618716959808364
0.81952997910078706
0.43882702970993837
0.84231865813647033
0.66600959272950699
0.74724800290177285
0.40950195260336153
0.25146128616286623
0.022399277217635714
0.25555781552086881
0.3211145255730522
0.17484278964387009
0.89554127261936933
0.59180643664621224
0.0059796813817332472
0.36743537840775342
0.45821792028158315
0.38937705522870258
0.2311303395776855
0.88477348905069486
0.28969437699171674
0.76975045898309724
0.15834363554783709
0.58558586302023041
0.14774793482347487
0.21317715896988323
0.30146079925946384
0.59627476964050041
0.64940617099495346
0.93173264782445497
0.73115595851348547
0.21367960332280322
0.50739687002204681
0.26176104621864194
0.099264518832436074
0.33018052606946829
0.87553614641029076
0.94525934744076356
0.073709868787553937
0.35420327997856693
0.022685013674752456
0.92145928140812872
0.78460817191079946
0.74163778247821577
0.37535541647057169
0.8831969017490704
0.34965188325176338
0.38666301804153091
0.82809996669514818
0.68671015333047269
0.85396106992453791
0.53098250699772254
0.3130632716858685
0.50728506263093509
0.34200459340621647
0.58722765912048946
0.7403749694273416
0.022092184996597191
0.96828039014250422
0.41705331356641206
0.82820234305312213
0.91829490235936395
0.59733400928043801
0.47793122332355142
0.30905002675802323
0.85922445152298277
0.62000318848405778
0.80391062797384727
0.87912541630594365
0.85693709483216507
0.53189351011724473
0.69119156752302324
0.27306113021467521
0.88125723637514841
0.2489709516699519
0.86896360095023262
0.76132649161198596
0.80774791308333904
0.28440848554870402
0.63102026219204754
0.062733123436752136
0.66648360751742097
0.86121379965140799
0.56841357314339935
0.11714124765888169
0.088857010711001536
0.61609855449819784
0.29820328986803196
0.9101535480491908
0.64466024435990854
0.17888450583189991
0.68446728802887224
0.84281461827068704
0.30236109295232189
0.15064480130396884
0.64893158126673134
0.5933343296953959
0.3241170356829447
0.17176939772536151
0.24251552867723056
0.6224893633246581
0.72918941253682079
0.69931223181782665
0.45438925382609818
0.73115595851348547
0.037910416554029484
0.27481394517173385
0.12200796465722474
0.33324146006836469
0.93613362455789451
0.9050254517420514
0.73853601576515049
0.92906039695909082
0.40960210509810491
0.31745244546710799
0.4596045653013755
0.28214271821578363
0.60169226169106838
0.15952658885941287
0.55843063223630074
0.20654750718272369
0.60405036679607782
0.5858203430701574
0.62166052452800535
0.11008672200137126
0.26943004342793986
0.66091226345283616
0.49615773049636558
0.45396487519577633
0.18992649881489268
0.95638794648117031
0.20685356733052751
0.66387617968651269
0.12343032036631871
0.42899283128225746
0.89927031687900549
0.74014523774962404
0.79983491757723035
0.77365599672623797
0.1585894733377762
0.40123997351540969
0.74140827007534549
0.58887045668162896
0.53908736525130285
0.26117238304632373
0.91999522309060344
0.62616119892646216
0.50918719439385751
0.71862201073070009
0.61231512571722557
0.787678947768372
0.66529851664656003
0.21349107584669058
0.11870597891670615
0.35466057125069567
0.24656998688902185
0.74610509938682945
0.28237648772756707
0.59957132233165988
0.32558243390935454
0.25039166735333307
0.26308921506890304
0.42714350427024284
0.27010809786821499
0.22327655442965511
0.65225361578547059
0.53817195441480603
0.65106720465429468
0.32540979544952153
0.074391707189580381
0.38232590190641141
0.57354006134619739
0.56573878585637893
0.64027058700616624
0.080624886690972786
0.57715908018756334
0.74930251613828269
0.45438925382609818
0.66067511252740008
0.98945046207778742
0.017311051537951573
0.64205010273598107
0.77198426041758317
0.39054381257028731
0.56864632746058796
0.45322271029614869
0.44846686817013059
0.49981790880886734
0.2518186040294107
0.2181803591972486
0.52711721059935246
0.43726607584434307
0.47423766169894777
0.97036411786671384
0.41583968076518885
0.40850122348402879
0.70072208858863116
0.83802960791538095
0.054627256446683641
0.005168209912547652
0.62853111752953028
0.72373977157961655
0.57225729749345933
0.099757747255044674
0.47023402488649557
0.79139104738922617
0.89420039974419507
0.11410272596740571
0.42909570345590309
0.82409084860827764
0.91740073918027765
0.67974123226057293
0.5669013074443825
0.20086121479494956
0.13762994112941418
0.35228692535612144
0.098708133860650277
0.029452356900519231
0.4676460060145583
0.23728127751031369
0.37640057101012625
0.6816323098722199
0.37935593260194633
0.12350976006760679
0.70611914598457548
0.099461550942200869
0.50817981177237792
0.59180643664621191
0.67181405569846264
0.98802766010001997
0.61799135523920179
0.13524884939949053
0.58969222326141446
0.92689865366997259
0.23947435136907985
0.35658545795477525
0.4307435393023592
0.084722722808310724
0.51344970568539405
0.38184588900263522
0.089933322218074804
0.7925880132755152
0.068596311052567305
0.75533095669067607
0.13732491072671038
0.92456106684893147
0.063016195503097089
0.74679096947636159
0.57797706777657987
0.17161165897445782
0.23146502558966739
0.7822971415944211
0.66067511252740008
0.8831969017490704
0.63244292965901339
0.844595239170289
0.65177905637886546
0.23490056942888771
0.0035223001652411648
0.29618031690348789
0.62876814816018178
0.01462417850214332
0.17774510772108762
0.95718190122155478
0.080271188336818317
0.012106495295498867
0.22655040066766283
0.57634138019286563
0.89654178707770271
0.14779428038710174
0.44783475834971476
0.93240929405153039
0.83359750200141869
0.11740711796228334
0.74198197562855417
0.25382678317941876
0.72698857306049436
0.88634063053724055
0.3802166794922619
0.099494423214441491
0.66186081403276464
0.4646356406526132
0.21074126536827117
0.79041024365437818
0.51131661758853775
0.7607623372123764
0.61432469837712356
0.36323720902483653
0.57867842664382829
0.27298511086993871
0.70307011170413791
0.17964745418727876
0.65664283732504014
0.12901659214513012
0.95606805928038119
0.26368114747097027
0.90653847759038497
0.57750961125464828
0.89386396244120259
0.93782514587523436
0.57505701123999908
0.44405208422642817
0.97808330381864561
0.5703928076731033
0.52122631464646996
0.41301587358521752
0.15344606180210116
0.55773607806621217
0.21837218193654609
0.46710772806568357
0.59368703238022791
0.87126181837582461
0.32471987801422975
0.72687265523529077
0.4101030843868731
0.89453635013208488
0.95251826798115302
0.56631996345102231
0.2268798584829104
0.53874402231108687
0.6541517705215163
0.19431050330514629
0.60051379973188301
0.84429899670106701
0.98493964759960961
0.7822971415944211
0.10780758536318309
0.64216874137062652
0.14102375614720677
0.062084291148244805
0.8481335109505922
0.044215375368093224
0.49604700146041425
0.021610696726247054
0.092953264057719837
0.19806594629807903
0.1585894733377762
0.2201046286441998
0.84122550394199325
0.91408112961750398
0.16683260501066979
0.029854644899561425
0.44783475834971476
0.6324429296590135
0.20080140998184678
0.4900840835328184
0.46840011340413557
0.69130941709076676
0.63102026219204765
0.83116194746075622
0.66932704791647724
0.6838768364597182
0.50806793192126665
0.72466865039881845
0.84052840524863814
0.34684970541500554
0.6599636293543959
0.11657329196178533
0.21437200954138572
0.1176735138934364
0.57470685482912143
0.26095189346919601
0.90566392086844139
0.9270391224748401
0.57050929091389646
0.67879538448306143
0.81113874911188866
0.13434908017647484
0.97455445577980049
0.91717644665768239
0.55392074525965751
0.11507046818357225
0.35356372868224401
0.8041244273967969
0.76290446182743743
0.99335135618218517
0.30121559993576641
0.28653002175060077
0.65569390016616691
0.48382559629519473
0.14521788578937939
0.72513289656820357
0.7961668853958721
0.11410272596740577
0.10378211581659909
0.63054608613024454
0.53155181669785623
0.62296303473472925
0.52326258631194267
0.89420039974419518
0.75974608022681578
0.88099165851811434
0.37062805249021996
0.53817195441480603
0.55241996706699126
0.42622053012091876
0.34856537890088335
0.74198197562855417
0.15306366597065191
0.53508650353152565
0.10780758536318309
0.16226557654811707
0.53485820341729218
0.041090355798057081
0.60829871194656926
0.70705650672349774
0.27435588138789946
0.4648503436253375
0.67997766258638559
0.6738265833679189
0.56283542988167556
0.21161310988443527
0.84420020217745073
0.16514569380780691
0.19830260598712188
0.40035014985937623
0.58969222326141457
0.26628269602127652
0.32489226190460924
0.24713330700019751
0.97365181957411506
0.08108952464577282
0.31677438047743384
0.75249132598820867
0.19848025134254366
0.48832357103905011
0.44164439610581219
0.20417273826810503
0.42070649137531313
0.8894462987934868
0.36500595011201364
0.86196865143417922
0.95019988802362265
0.58019874592784348
0.56097953784898202
0.34919889843720225
0.040013464256013077
0.23748621089857938
0.11634678279670402
0.85299594612298579
0.34334584984110739
0.020438435345849253
0.015128811352609106
0.41442637412329847
0.67145883062810285
0.39210283821983516
0.18551162084152931
0.85731933705932362
0.67358985304257735
0.23510389596841938
0.67891362639461539
0.20032349042128142
0.76470481775942822
0.53965977319173875
0.92218623660530863
0.33018052606946841
0.048084098783164372
0.095840094685928426
0.98119879179575498
0.70928116442930211
0.34549923525917248
0.79008301744874765
0.22569557660555503
0.82666447220529682
0.9978731025505192
0.43550068461515934
0.37298694526986592
0.47793122332355142
0.54069063945480822
0.35851722267550779
0.074977011783024877
0.68434920501336738
0.50997128961669058
0.54000331945913582
0.88372347606970181
0.43830637346248702
0.91170392225799612
0.7522638457687274
0.011907675539240652
0.34531944004486187
0.67051146139753759
0.69778403529255206
0.42570825462685258
0.32861390376491978
0.27919401745440775
0.3463090926439622
0.61870133030591146
0.81723489163891516
0.41472898960088567
0.97400728025185523
0.16894850015971458
0.93974706540452657
0.059466783501659529
0.59921796135618
0.23666730473227451
0.59957132233165999
0.94006426775160024
0.21639647489868977
0.67205086052124252
0.92028911488507159
0.97006544719738974
0.64620266274369575
0.41503173384899589
0.55750461797295991
0.13802297611764036
0.61598027761892826
0.86403589904069134
0.67548340081807823
0.30178795523539026
0.34784229873422406
0.21798867056793689
0.84042872768449262
0.24989370967780003
0.52314937931234962
0.88090307528177292
0.67169564970795825
0.67879538448306154
0.29885274821705166
0.70459512057835194
0.26837783475019927
0.64596536594346876
0.46099335491486726
0.98004817334593752
0.29232416560433588
0.61633511657406093
0.18244952360696423
0.40084434934061947
0.26747840392245831
0.095585946397535565
0.17150656679015627
0.58359363532226616
0.91446158867801031
0.26331107175543533
0.1560969522659876
0.30821856379605234
0.72339131026838244
0.81166682751217567
0.0032278369832223824
0.072958886092859526
0.75215008864447519
0.11901340499454406
0.39093321043381618
0.50304412625626782
0.51840331877392198
0.14821194656545877
0.65427040011751858
0.3435249520521288
0.71267225545086843
0.88372347606970181
0.48251278541290554
0.32171346689201913
0.53394535380456043
0.59780489514957247
0.89520678728645298
0.8732701509724381
0.031343551507902141
0.91147219798057422
0.63967744548556582
0.82140055652050892
0.95037160079255134
0.92527337231115547
0.57739276171076059
0.39808157430960045
0.26338505543910301
0.0027734383831112359
0.66209793793523997
0.36556566041830418
0.67536507421379444
0.36017848596459595
0.7804214189438462
0.77309909909433949
0.01700587886477628
0.35833294908666685
0.37412261777174971
0.89436843584753678
0.62758306382858353
0.25375485197963976
0.10855082014990346
0.049921249501256593
0.59874687178952402
0.9188142715026042
0.36912340045361908
0.6980191990344401
0.69130941709076721
0.73080910432062596
0.3666867500723674
0.90342037140887199
0.047088702859948033
0.055398261354622107
0.047643084984089305
0.29264410777153121
0.75782378276649065
0.95807176023697271
0.12660206364267365
0.056652607606449912
0.50594418502441185
0.40481114630797643
0.016529442552559663
0.85183453502101081
0.45110574147528548
0.90693472229608563
0.81713034103649984
0.96250889322299504
0.95212678256905015
0.8831969017490704
0.84715375605040011
0.73554245162206744
0.3131472720181871
0.13387982863119327
0.78559654008937074
0.77321050654899692
0.73231156382095564
0.28905946666320081
0.59262904972399078
0.44541606951761126
0.76829558283082022
0.15633984752516003
0.29860908160883898
0.64288058266110371
0.58523418223285095
0.48426357129693065
0.71267225545086843
0.36621935905568359
0.64643995992820225
0.17124407064771929
0.35888595666297901
0.55854641654000958
0.086332171651800918
0.87616751120405612
0.72385590944195122
0.51446138252812712
0.64015195737053143
0.88651417126982524
0.0080581515995934178
0.9790281611444519
0.91844346111831199
0.68765410055905818
0.86534480830845362
0.95133845365003278
0.58734496888471321
0.60287112056222059
0.74232607790547833
0.11507046818357225
0.29384616371804601
0.25985156452913455
0.86121379965140799
0.37025152035245829
0.40890134141665951
0.12354949653884931
0.097506704047136114
0.45502620885974421
0.81744393353447919
0.58101777561338919
0.84251711198050794
0.94337162153739162
0.22295123885336357
0.49052466380631932
0.1719272570957999
0.30747161231453951
0.5699269384355159
0.29192459671324539
0.88178761765704761
0.5433281495249489
0.26717909849086224
0.10091704357614745
0.42417352414074572
0.22873180716431746
0.64086374462772322
0.85018315356756147
0.62130534219092848
0.52802574197460794
0.785706281246358
0.81587419732901922
0.73519662983241763
0.67631160931769019
0.93200372607076609
0.096734336571332249
0.27973547555120565
0.14526355542066244
0.90558422389501569
0.31424072851987894
0.79918906490859176
0.59486300607621667
0.56992693843551567
0.81807058372046348
0.060174288631084816
0.54057606510983269
0.81272155691589598
0.47814892104423334
0.4875542607653981
0.48953361206953361
0.84410138415990454
0.47532256678429874
0.50706147898302012
0.85865398746981259
0.1988952594353659
0.36621935905568359
0.17489617691942988
0.77676810212846736
0.64062647973389386
0.10682355848189162
0.59910018268842613
0.55762034438758667
0.2450259669059901
0.98780788101774242
0.34057783234682909
0.26702954040506699
0.55634775509325096
0.354569081744248
0.37402789418092275
0.93091605973881464
0.40342010278215656
0.82645906372590572
0.18107148914109084
0.71815603433596586
0.14975197529845333
0.083871599741286607
0.46937056608496042
0.84626993220575275
0.1833359926978452
0.16131494982507671
0.48744440488640817
0.20471879781954128
0.8516406219956304
0.43799414198851183
0.46110027343057614
0.26190836908865134
0.39044650048582702
0.75963310130361406
0.46710772806568368
0.99106397251134459
0.45163449607716322
0.82005024003756533
0.3614740617666945
0.68127779723674553
0.1072794425125065
0.089693143340401543
0.26345905485162691
0.32974483700337298
0.21092784638073825
0.54493572461551643
0.45385881283509966
0.38031239397715838
0.17489617691943007
0.76706277330763439
0.63493305519185228
0.48131084955372283
0.098284525774611622
0.97641452969619513
0.12048315671918694
0.2531081731853147
0.38367195067477844
0.05984039428459282
0.19653324366806621
0.099330157831465718
0.10851532630798195
0.96342968813917496
0.77487993643288455
0.58711035446582749
0.94056993488786889
0.86720567472196319
0.77030942042878447
0.37081641078032329
0.31872656790454823
0.76492963165722849
0.55253536605574916
0.98731028593084447
0.7010744321893414
0.15287277051865708
0.1988952594353659
0.12446649896989276
0.27025895042425041
0.50739687002204725
0.98186894724206286
0.041031465638972045
0.67181405569846264
0.052631391756552244
0.92247606892105671
0.039684122232312553
0.050935629626758218
0.16853389301854815
0.50382421036502256
0.61704486861712837
0.14540063770059075
0.96162437088608654
0.48338780675396631
0.28456523848932697
0.9089038842254894
0.31719805149181679
0.41776221315957462
0.4730456575048908
0.36481950372581912
0.84528564673502093
0.51378684124132845
0.011852749362995973
0.94477550702255586
0.4780400662498383
0.47923812060479642
0.61598027761892848
0.29264410777153121
0.39288378375640975
0.73034650921392719
0.60110298050227751
0.91385245827415496
0.11436257010684683
0.75487710211080339
0.61125159329819367
0.27313716538794069
0.26345905485162691
0.083786909605813795
0.94875622682247285
0.95931001595347498
0.93455100023070103
0.023978193690413031
0.21123910898517603
0.93494856141549187
0.19848025134254366
0.56376404056659524
0.16889662777874004
0.91308807958175564
0.57879533998665667
0.19032687794385672
0.27734349506114003
0.4505773128226731
0.19124462267326225
0.82993947523478451
0.6868281605388582
0.92682836758415488
0.38415340039322443
0.87472238503350763
0.42919858947842549
0.73945580607704375
0.10422656538476908
0.80785416557006129
0.69142726226798534
0.61633511657406093
0.57354006134619695
0.38463522759793983
0.88867348005388991
0.20074161958810896
0.64964346468015655
0.060028001371180778
0.21117682703134363
0.11589491570400078
0.12446649896989276
0.34227256082858132
0.59427496221373821
0.2030841462539251
0.27056084517126217
0.97256799756708134
0.88547116667278802
0.70764215970130306
0.6605565351360787
0.47869337285833113
0.75737097005834153
0.75499058327790647
0.96196976148359181
0.94598077757783428
0.49915154258195904
0.90526511684947641
0.6680239471208913
0.72976806910506709
0.80561900185482405
0.80615191635074024
0.50918719439385762
0.91162671351459135
0.71080198638659842
0.45757865631858885
0.71045112398564547
0.8122998941669648
0.75510405277287318
0.82728019179200496
0.43747402698362547
0.17758282782106441
0.011921444982153416
0.12220465953014568
0.28961495742296339
0.25317996399691439
0.97971164542481648
0.8551159357057696
0.8783217608078826
0.96518491662223527
0.24664034767112689
0.98812451905397114
0.44699268274540382
0.0024087379575366526
0.99642236669298079
0.61030644741515605
0.18316951011069696
0.59074913404637475
0.56852994705290116
0.22886454329183437
0.48240346013679825
0.96841307493739037
0.29280417454593599
0.13264946024919477
0.25809837782384315
0.89259799830020625
0.86543810383074193
0.07584984698019151
0.57902918390677582
0.49615773049636558
0.21690496609776883
0.73392790383042561
0.85115541030203012
0.10609072626677341
0.631257359139209
0.38957136507028794
0.028568314192767157
0.15301592321357413
0.92562824008839406
0.78603541131062715
0.094795580293730544
0.21658704763418399
0.90622090491611018
0.33245250648954611
0.73554245162206744
0.11273781670157319
0.010389282284884156
0.84360694214662446
0.22543306671735722
0.77665714810940911
0.90115201108289367
0.594392561900982
0.21862815427913262
0.63220580439911311
0.57494028640056372
0.30039930671214649
0.73138715056520209
0.67855889140432746
0.77621318827590269
0.80965761672614678
0.65735450304392018
0.70459512057835194
0.65830333644939087
0.77975836929866216
0.263015294291988
0.56167528819076373
0.63991470007483053
0.69566665919925552
0.82295434174012194
0.08960322365963122
0.16428226469121365
0.5982758495197833
0.88161093874088947
0.0068561459935089818
0.49405576139908713
0.61751809068754437
0.92752967715920831
0.073760181374194309
0.66885322212511455
0.85550009139700633
0.70963221940091059
0.5220178312558551
0.081446454762895734
0.31779186067859649
0.80891567095710104
0.82285089936308231
0.84340900136730912
0.98164723935095066
0.13606738027711551
0.09770064696830745
0.59768716723683868
0.42796487199887323
0.99647669922053284
0.41583968076518885
0.77432381150826624
0.99852386142039717
0.045331802076264645
0.76930304654133863
0.042058358748041112
0.16111541492273873
0.38511743202597781
0.78163561705398266
0.97585418804160085
0.59980691703101208
0.53965977319173863
0.18444906240448633
0.15173162341937529
0.023085661821566381
0.94974038731062582
0.76132649161198596
0.7235074719795298
0.20974840087033822
0.69213424043227167
0.97428174432610581
0.93672186164599092
0.7267567290869642
0.38146215134858602
0.46753832572025489
0.29844671702228059
0.98674817347359622
0.010389282284884156
0.88205242042397836
0.43737004463431983
0.54390209964490988
0.80891567095710104
0.77120305175116077
0.3022791682316977
0.70494690706528362
0.95526258021597521
0.0016140628022980998
0.45057731282267299
0.45492001746255428
0.66577257446178417
0.2342238071473734
0.65320271117491924
0.90470545236034328
0.68954121953892766
0.1331997965834413
0.74438876249829056
0.93872602798714977
0.15775493383898315
0.17888450583190016
0.78515742016441115
0.93105250674595141
0.45195190507474703
0.41573863740838823
0.52156547868422098
0.13067608134030745
0.15320696984901877
0.42335628963524097
0.9605774321524766
0.78383857730487094
0.29072828181669341
0.28795082743295869
0.71990283441445091
0.65415177052151652
0.8365235256349719
0.2674784039224582
0.15263443448274769
0.99534501001618236
0.15263443448274791
0.25766149133441041
0.98850692641633253
0.26561188370825994
0.90772480313557224
0.6577103230896455
0.84548269343509752
0.80540570860966298
0.61408823323103057
0.16729516363827146
0.36996928268978041
0.8642232021932571
0.64905022896561704
0.056297222520970074
0.4558762033468815
0.39200528713378907
0.99396069843252577
0.52598237769787382
0.72791561442371933
0.8184879531201219
0.99420574374276383
0.55912544590267843
0.75294614992224118
0.019545610304289116
0.78284799648810821
0.79821911691011405
0.57214071980225167
0.75408240829098228
0.63896569882364462
0.91740073918027765
0.91777389225908435
0.96428983580660199
0.31525246640716115
0.98674817347359622
0.250747817960845
0.36360911105305888
0.10402122695361163
0.048357357207055494
0.93885415635684766
0.1633217337463882
0.93769587988124081
0.79356586853952438
0.80369675669816643
0.96097817045400213
0.29352526454562727
0.15707044672690154
0.34829410604101418
0.80209044339299262
0.70048716584473658
0.67311636175890865
0.28222062548797638
0.76526675568459024
0.94782037641941408
0.759294091121687
0.51098014811712311
0.35888595666297901
0.93910998585782124
0.6591335106445918
0.55426725970380863
0.97641452969619513
0.90811863676544902
0.85231888750319085
0.82563658974278198
0.72188049186695025
0.71126971181344645
0.64525347873248196
0.45036603274507725
0.61479766369947919
0.056435184853425191
0.22972880590828923
0.80838515032147407
0.81198344656917465
0.47727841528263526
0.074113237618853467
0.30441440071459019
0.55889381262075122
0.15008038769279888
0.93294809028802095
0.74209668650283789
0.88555824487824808
0.52292299372898521
0.5526507726543004
0.19228140487237991
0.57074227645428499
0.87805336642971166
0.86914808114249165
0.06829056878244294
0.65355861296415796
0.49648998340740735
0.594392561900982
0.19343876212864547
0.3138198491786291
0.00034254444391144283
0.63955881923296176
0.086855263924614651
0.89728926860821967
0.88054845624234646
0.40800140210360597
0.61385177986800876
0.32222746638140892
0.18200761513829247
0.84567964544235241
0.72188049186695025
0.77309909909433949
0.81103307656473411
0.86655558176106395
0.78888194895566988
0.37535541647057169
0.250747817960845
0.023008429619055113
0.93737209372467689
0.47902018603551366
0.9145375814303176
0.43726607584434318
0.54218086655522346
0.10525861964947497
0.25196164018848521
0.68210494600310667
0.63706784839549746
0.4499436294314918
0.027323977034033827
0.30913326086986509
0.49516156481953832
0.76840757674128668
0.017835726626470413
0.72188049186695025
0.00667203911834972
0.76851955731015931
0.82594517475091334
0.15575743383570767
0.66387617968651269
0.79767965410816766
0.56086360402243018
0.49372423616743899
0.28779270529934919
0.50126303181003307
0.41472898960088567
0.4522694311101072
0.23274030118045239
0.31677438047743328
0.69790161971019682
0.034232100627615732
0.89268260785342157
0.95212678256905015
0.72118274752951139
0.54023239247526011
0.12652090439890709
0.26080497891707471
0.035112803021611107
0.072017557790261991
0.6740633033549619
0.78438836460102257
0.34956125490634105
0.55299703803099531
0.7554443910856472
0.88703408767930314
0.58113480225018987
0.80742904480797018
0.95499225885893946
0.48645621623765389
0.81890500354287743
0.80080251984767614
0.82440037103840891
0.81039864441346365
0.42981619624447326
0.087001068616169533
0.69189859882235538
0.84518708790961272
0.74152303129791841
0.12518826060501134
0.56620371458714436
0.30449674061838278
0.34120154313288603
0.38415340039322415
0.4003501498593765
0.89081423512313695
0.73773069042715633
0.017051004605620781
0.70447784676035119
0.77765521453779218
0.82243692466091045
0.37535541647057169
0.40431401633747532
0.87171942201843766
0.29368568222783015
0.73600341660752255
0.19541930116011214
0.60322485419487426
0.82470970674981714
0.94477550702255586
0.24621841532473068
0.52473513598957422
0.72141535980007576
0.21055481671243381
0.99984213873273831
0.81973814381066279
0.52518854764871592
0.8560755723740221
0.80112473859506572
0.45100002965199337
0.48185700876419546
0.88037097523750241
0.97293218193457753
0.47532256678429907
0.31677438047743328
0.60310693912628488
0.83903083653345389
0.30540353350467875
0.76076233721237652
0.12130213712890395
0.57050929091389646
0.94950976457316572
0.98384822336900346
0.35493513350598477
0.20032349042128142
0.69531360830617017
0.85779656978488195
0.88143414494776584
0.3693112665546866
0.92731964640884423
0.28739767871625255
0.87598726090574952
0.3265330827604026
0.1002862434373144
0.40104213204127348
0.95601461670290455
0.42704089588342842
0.082497877886656287
0.46667732827546571
0.068832340421149357
0.5005958264294843
0.082916249528422289
0.73945580607704375
0.94416746227010651
0.27222578784161339
0.43249823338483834
0.92612361345578353
0.54688991596578496
0.13854851823705677
0.87796384516515458
0.60440421476921302
0.77676810212846747
0.9284362177991341
0.36221575710812981
0.9256991107240311
0.80326879904702964
0.62793857087946825
0.9887884774731881
0.32679268461004291
0.14209608790869024
0.79659944537989547
0.51783944741681553
0.041208371065745569
0.16226557654811707
0.3379135533942228
0.47261256408118646
0.40431401633747532
0.061271209023966586
0.54080522218761551
0.70822765883395955
0.74106392629082896
0.99759344897271462
0.55738889883028109
0.10088375643313724
0.76189033463848443
0.41372077257455858
0.9101535480491908
0.95723453874068298
0.98090695163208064
0.77465752885185701
0.74221138726637936
0.036552703961606439
0.52020934074304281
0.47456300697836518
0.3753554164705718
0.44468133687645961
0.052428150451681262
0.68871573441956957
0.22171846194148753
0.81493023793309816
0.058951409665484775
0.059694847532932152
0.53189351011724506
0.81208894817185673
0.15306366597065191
0.73611863441804704
0.26905389935090052
0.37716184330750807
0.092305240009811593
0.58359363532226616
0.35246913804351582
0.86896360095023262
0.85645872339686813
0.37859185786094124
0.66778699319388779
0.41020332358750905
0.29755485315220725
0.58488254880524493
0.23530736004465747
0.29280417454593616
0.19349677882776428
0.45258707406871623
0.62106856560074775
0.85693709483216496
0.50773235439020536
0.48415406017821561
0.72710448254919657
0.22178320995334772
0.15125827867282904
0.18217322731951455
0.83863061757696133
0.88108021312059981
0.41040384530860269
0.28020020186965544
0.020770425620017342
0.2108656380007925
0.48360667832073101
0.64027058700616635
0.85231888750319085
0.40750194331427281
0.92981946735474463
0.73277355596738036
0.48568826675904253
0.48514007631621203
0.3688417167761644
0.52927593092711156
0.61266969258538939
0.32896159727543922
0.69284105739486379
0.47261256408118646
0.81071594544649839
0.76762333998513754
0.787678947768372
0.72524893783698086
0.24537622280721064
0.31609733618967983
0.062256713160200393
0.4111061258866735
0.93030032304923449
0.25700721839620572
0.31830146183685842
0.78218692521094213
0.3233430986821097
0.082164543121897318
0.39660627606184684
0.53794318704382316
0.81723489163891516
0.96299516910340988
0.42663060154959043
0.79128213421238347
0.099395835195559321
0.61976646461911433
0.88381113699222658
0.64050784819871187
0.52450848638499137
0.80721637375488631
0.15541853881446849
0.42478703863240364
0.011264303138594446
0.045981385575271032
0.92591151665330429
0.88231696417037564
0.21430898953714744
0.57260706790743787
0.43311848559495147
0.5403469416127259
0.1977704442103761
0.90582321899834661
0.16946795519692079
0.42919858947842549
0.98690301779577827
0.47326227683538757
0.99902122285425821
0.34874630598756023
0.20218057245540016
0.19349677882776434
0.68104143873982026
0.61172424296411432
0.85105829450692272
0.23728127751031369
0.25563013712721699
0.10710390062413112
0.72095010457551667
0.075028103443675054
0.94711239938755276
0.1864665893555075
0.76470481775942822
0.75997200128304976
0.61349712209101226
0.24119863659949467
0.57354006134619695
0.72164794128123011
0.6112515932981939
0.88398637175954076
0.67985944902258
0.41140731955741544
0.51919314790703108
0.51581154096418591
0.1358084387289239
0.076575511272360772
0.064049329792706652
0.98325441329379615
0.17441617808571633
0.67808586856272857
0.81071594544649839
0.82820234305312213
0.0055740740640647076
0.76481723115356737
0.32748565580948635
0.86083575227637077
0.62367360725139642
0.25469117497791671
0.53577161346770108
0.22347192406125169
0.56376404056659524
0.94101051739111463
0.24251552867723056
0.29192459671324555
0.61538893521035298
0.23052886224829641
0.86970087359078529
0.9991158902990418
0.83531502492426168
0.12482692798198816
0.85270592622368646
0.72884211539409693
0.26235071479784328
0.28898017458221492
0.11149618724265221
0.56620371458714414
0.23066241752872144
0.028779034409542738
0.62663512425155421
0.94580090752585244
0.39268845793035689
0.50326695448638081
0.84587650264662062
0.010563825945804899
0.4352932500778971
0.81566456526488262
0.35658545795477548
0.54413173700974704
0.76031079068190033
0.22191275094681415
0.25591957985775377
0.51255111940942888
0.54160753555922581
0.15106929134402841
0.51761396729303799
0.21633298036756143
0.9743988351589199
0.2441171106363863
0.65771032308964572
0.74827569909329372
0.61243331159172387
0.53748575511363939
0.70506415752913687
0.95931001595347498
0.31030021482470771
0.69425419691779555
0.73092473118232248
0.56701759611992752
0.17828692722942036
0.36491271918486712
0.63303576628580904
0.086042782117933966
0.98708220704526195
0.24078393120107558
0.52700368565084488
0.39778624852766592
0.66719457392541115
0.14380818088833805
0.75827640313984468
0.20789690291043211
0.58934000788645025
0.57786019491148488
0.41493080479683941
0.67808586856272857
0.92312620364652154
0.40223006175677556
0.2688284023967939
0.79605870303493176
0.36017848596459612
0.0071767175345438215
0.84311191485750736
0.15697286749953079
0.78020046173812541
0.42213212306895054
0.25224789943241649
0.74381612865194446
0.34956125490634105
0.87281487832513005
0.4788022987536209
0.41847180931485278
0.41110612588667339
0.36138141968909832
0.44091302653319597
0.29464952835689856
0.058889839497826169
0.13563604609513216
0.57202414834856596
0.79854258825988755
0.8551159357057696
0.56713389140176973
0.9666170022964472
0.3500145535123303
0.33614527385818382
0.56341576005962601
0.82758776634346343
0.45470767332508222
0.34102326111761472
0.70318745435430896
0.62604272233943115
0.28723977957543856
0.17103431460869342
0.42940440305615163
0.64347379495081636
0.58043272632661203
0.60263531749279753
0.5733067760029732
0.52269664607809185
0.26635730951949571
0.40371794239377223
0.82501885535955721
0.64655860863690817
0.15244399210550238
0.68080506696445964
0.12885164779143915
0.56887910773713024
0.92116755094822966
0.1905559758128503
0.19653324366806599
0.088145862477562092
0.68765410055905818
0.43737004463431972
0.63849121617006444
0.33579237766464831
0.16026970322042919
0.73876602173875972
0.029151301713487891
0.936264591605247
0.66387617968651269
0.51581154096418613
0.24946749507406257
0.72222925958455364
0.98746090083927407
0.61929304652357098
0.65284680431731312
0.8624395897705025
0.96537167363529175
0.44931041706587649
0.97416433158283844
0.92312620364652154
0.97297246707159524
0.54850098447536322
0.4646356406526132
0.4045128245272322
0.76695062039895223
0.48448262823890642
0.76121368558581171
0.19688608588145307
0.45662062296247863
0.45460152059346437
0.0072934308007653083
0.048220549773714219
0.19966785613533011
0.73669458217673023
0.48371613150965864
0.40223006175677556
0.24989370967780003
0.23496832966246517
0.67062989055660127
0.57587425331778741
0.87354298390377338
0.3922004042237876
0.17077242043354027
0.017213096445652304
0.87308812451439977
0.81576939107959012
0.72060108284481572
0.96693552322215437
0.076810084036635723
0.6426433004976202
0.90701387498475583
0.60499403624063108
0.89268260785342157
0.43249823338483845
0.48503047278754596
0.44164439610581219
0.4218263979676844
0.35585135611155333
0.11828439680692662
0.75748419121786281
0.58218829169343433
0.35319861481688997
0.70893005244465868
0.61160607580660942
0.99229049745923792
0.92262078129665492
0.73080910432062596
0.037434703216719503
0.95915638764208488
0.26815276401638583
0.31163770792498569
0.93474993939020645
0.2882672628600782
0.53291907242337777
0.8468593627704154
0.24579704045475237
0.54172218512999515
0.3492894640153692
0.49793088320906698
0.81261616991955909
0.39788467568067154
0.72745216086246911
0.56411238260431351
0.28826726286007837
0.65557527929716741
0.39229798514331349
0.21424598433474815
0.47315396112271102
0.08406950800528408
0.27888496215229114
0.43601950935482447
0.039145495275453794
0.97416433158283844
0.6414569169914256
0.27443218574850131
0.79095529701489542
0.59392219055605666
0.80112473859506572
0.41040384530860252
0.25060531105148171
0.090687576684956861
0.062494505147832377
0.68694616382768137
0.85309256999026339
0.45036603274507725
0.68847984428710052
0.73335084335267109
0.38540693563994527
0.82707503635156443
0.092922314346547782
0.58207121521998251
0.33079115764358624
0.070360418291013374
0.81377437121156126
0.25868177030765555
0.78251752899941429
0.57926305074806006
0.81050443028005803
0.86951671756576077
0.56573878585637893
0.56028404064710491
0.32878771874393647
0.11255446888261023
0.65581252023412429
0.32974483700337298
0.089125006978423932
0.99471849734997086
0.023111460108635282
0.7024833139164407
0.15239641294442668
0.53303306827224151
0.080027136536919716
0.51333734722221647
0.7964913308314987
0.47575686495983061
0.44415692641118487
0.10391869140286532
0.073584222726193749
0.63884707698830989
0.37374381525139372
0.16524752300047019
0.70177897227612962
0.24071486750865545
0.98793029650777386
0.0039859544263729152
0.88789825672940204
0.76031079068190033
0.088708434457379054
0.01317423885015032
0.43612331514112368
0.42683572086699501
0.0915084904093586
0.55889381262075122
0.0079514971240345848
0.82820234305312213
0.67784933899309252
0.90245124168288693
0.20888272726271273
0.96972193473917234
0.90261307900779775
0.96405209465255259
0.93955631587412536
0.042466623026972738
0.47402082506328247
0.74163778247821555
0.10041875332111012
0.81973814381066279
0.6414569169914256
0.36435365850592527
0.91301146080007944
0.50092938087975891
0.73231156382095564
0.42919858947842576
0.99167286403913035
0.27245341859839234
0.63955881923296132
0.57214071980225156
0.04538022550791368
0.89861195079207479
0.27283311966333501
0.95601461670290455
0.18765182382593767
0.68541181887024227
0.44059978379877485
0.061655136509615939
0.21715956849929649
0.58593759092575004
0.16066721932360392
0.60770838795995208
0.69625498011125764
0.15992255512151848
0.7262929415299092
0.14549208706457903
0.31466200676384348
0.75703123484538593
0.510980148117123
0.80647144599522114
0.6451348314450609
0.049850766975987795
0.65948928282971031
0.77898413873176331
0.57435675286904742
0.21418299393253415
0.75612475068241169
0.78548678338840294
0.76683845433211917
0.64857563725885337
0.90740915661280874
0.032746195866183145
0.63268006032750157
0.043170638890698006
0.92276535773069757
0.82953129495449829
0.31121930234371442
0.71080198638659831
0.68068687612775491
0.89819946352591828
0.60310693912628488
0.30888360643301244
0.54735006245560358
0.35183166762796614
0.71419058638561306
0.049290192522985332
0.88660089755394722
0.26375520980754719
0.45683342967626872
0.56771546661510774
0.27981289023025468
0.85357531797355635
0.74633376526316231
0.89293625509669161
0.74873217135972103
0.4838255962951945
0.54424656794452297
0.8894462987934868
0.93724233091140041
0.88284527329078966
0.57260706790743787
0.93112067793104725
0.55022884244420345
0.81973814381066279
0.71768994070215741
0.56504159384155495
0.7635799779371486
0.96783574256839744
0.2236022456269027
0.97733072959714851
0.12192936369134851
0.62106856560074775
0.38424973564365461
0.6748917405154804
0.41766089911748039
0.31197271970875279
0.42131713793648357
0.25476330910920386
0.99613065777664245
0.74930251613828291
0.56876271435811421
0.51716312462213698
0.4788022987536209
0.17282407461990731
0.85597972169207515
0.60169226169106804
0.37100483053304512
0.40302318813261906
0.63552601928615249
0.25447486627773097
0.81629322638853741
0.44363284864760799
0.5029327280483753
0.7407194926184163
0.34013279833246213
0.0029947166021849184
0.020111461741759991
0.73265807141010009
0.17150656679015649
0.60959772475180851
0.19303304236248117
0.033359880426806446
0.93769587988124081
0.11015862066528209
0.0031110505656324712
0.0040262081259968552
0.80198321354738178
0.70283540945808842
0.17774510772108762
0.56318360734762019
0.97940580078079864
0.67169564970795825
0.23113033957768545
0.98405288915150269
0.20728266469037826
0.90000859888355067
0.73508133729858338
0.7485039569890688
0.27040986618998208
0.64489753746754297
0.31974844840714889
0.92933690856533524
0.92204111679563117
0.18195243866438299
0.74541884800139069
0.04491412581075984
0.49195779201831946
0.95931001595347498
0.7804214189438462
0.1944269769834755
0.066734313110307711
0.00961680568886953
0.60959772475180851
0.96246006430353392
0.82830469814065977
0.84607326493778023
0.020910904688450693
0.86543810383074193
0.71768994070215741
0.7793160402479089
0.36426053588775226
0.54401691424072141
0.66612809916247762
0.65154177406273051
0.66494295503331124
0.32610073106762028
0.2757317839981786
0.25904689987596863
0.11507046818357235
0.8029476430476441
0.76874347836663981
0.14040142839873912
0.2317330481211051
0.34120154313288603
0.18912780818394304
0.27199829947366044
0.94740802365545917
0.51491127629506128
0.89786891629056109
0.74690524387853974
0.068196742891686701
0.073886098383903837
0.59545116280817445
0.20163999035385741
0.46656975927979272
0.77176112669962671
0.51064377018517249
0.9037424028371619
0.57879533998665667
0.62687209815480682
0.99719807816094319
0.081501491934804521
0.29763585187374081
0.78240734286199809
0.88407394558027474
0.2995846101191465
0.0075382714309089362
0.75533095669067607
0.37270337185052554
0.80593880524403649
0.15031534174986466
0.29344507963191102
0.083730492038011306
0.21805255187926756
0.57447344745804341
0.36649974733964186
0.0065752830325719056
0.80369675669816643
0.93428525498576254
0.45184608906570833
0.17736664539906744
0.72292658432669477
0.96304359537982409
0.37128757537455559
0.56225527225338534
0.32601430844223594
0.45078864513616279
0.72826311598347493
0.16489135059106663
0.13494835295564558
0.76717491304406249
0.89268260785342157
0.52530192395105779
0.090808778526919029
0.58136887223290801
0.71873848641196347
0.42499165543744777
0.76042369584268477
0.59674549918834652
0.51288801381651128
0.58887045668162896
0.86543810383074193
0.55438277951459014
0.53622852751408745
0.60487606450633691
0.94893066480326538
0.1740967867364645
0.98579464961971197
0.93756647188276199
0.048769926269512265
0.94101051739111474
0.37270337185052554
0.18629777280526694
0.70600194881877298
0.5262092700912937
0.35962417156931625
0.44289969966158715
0.76840757674128668
0.70424328171776052
0.81303760294122407
0.21671417042584404
0.81952997910078718
0.33009335649669613
0.74838983347491261
0.37735231386967694
0.60983395245860983
0.8440025426622374
0.63623761156553904
0.68741813754068781
0.23139805797843277
0.55623210910629939
0.4788022987536209
0.064093632597277322
0.14160374116361549
0.42131713793648357
0.44007798145227628
0.73577295283631994
0.098317053822378056
0.90906054587673368
0.21267566002152086
0.38453883197069066
0.61219694293749005
0.48000126338887106
0.4464668143411078
0.4878838968290744
0.31923722124759774
0.55092047623182738
0.48546895604351425
0.77298767770389365
0.32757234874976859
0.58711035446582749
0.91784842262675237
0.86739117531286936
0.42121532823009455
0.66186081403276464
0.57424006435582076
0.5709752873502747
0.23878732749021603
0.57155792507840741
0.077754853358861106
0.15201623195058361
0.99836367166654738
0.67489174051548062
0.97648863915405393
0.77887347549694219
0.36752902638123547
0.44857226582815246
0.78877266478879871
0.15244399210550261
0.94939423519119814
0.1334969442117441
0.28542851748273518
0.32034560523236988
0.71337316625229619
0.33977705541932962
0.89984475435727118
0.55438277951459014
0.17245432686276008
0.86831707163868865
0.49140636445084673
0.6171631701168353
0.20026381531692308
0.62284461357617815
0.60074945991379758
0.62995340035826453
0.77298767770389354
0.4400779814522765
0.16734662511795598
0.4918474841086321
0.84241789668098066
0.43601950935482425
0.40960210509810491
0.041475054157078639
0.21374247538315883
0.082109104800055177
0.72559701277334021
0.81566456526488262
0.071526540224193511
0.25153271859407045
0.81754842479910994
0.7338125099686138
0.27078743218507995
0.9554243342964861
0.58898783703109947
0.51671243906697328
0.12283593362998275
0.45100002965199337
0.96783574256839744
0.035612587820325718
0.061526917909921722
0.80891567095710104
0.4468874826494359
0.53600005312020782
0.91799738304375078
0.78053187524335921
0.44751888113503913
0.25860879140983206
0.31821648845107714
0.22562992651601352
0.47250432101187279
0.74747645529324491
0.22340678582333012
0.79562580456114385
0.95515456134929999
0.0083112918470287771
0.15546691424948603
0.073283460126847388
0.22120101727852975
0.22787049880367385
0.40680331083069149
0.10415807961603786
0.85028048895588981
0.57692542214151676
0.45047166625229407
0.99730755582742547
0.68234124354223913
0.015944120645117785
0.93152897215605956
0.061933778623978898
0.63279862766346717
0.43467127379355031
0.16116527920338944
0.93193600895542461
0.81387954675999508
0.027223446161173503
0.30457909649103715
0.64643995992820225
0.51266340747079653
0.24741533903301258
0.89984475435727118
0.64928752384088395
0.45896430820735146
0.63588181073163785
0.27313716538794069
0.72315896309037131
0.87867922421350064
0.13806670597464368
0.87235891818320666
0.459818085900214
0.6381353626103603
0.95019988802362254
0.99542285327955204
0.87308812451439977
0.17072008169402467
0.75317349341452799
0.90115201108289367
0.32403097901144379
0.37926037003619517
0.58429659899171527
0.43022821062308558
0.77599112230368816
0.59545116280817467
0.49926257661835594
0.78416849574348324
0.90796119998639557
0.077071478585909292
0.76110086711874125
0.045202905986928998
0.093823581983192211
0.73554245162206755
0.037245975737381233
0.80711001061044418
0.46538731912029951
0.52382876312035587
0.055340092260810644
0.53121020393590435
0.23408863790480083
0.39317688423322039
0.65877772826839187
0.67382658336791923
0.96452666279569044
0.41715454224965909
0.95869352493326909
0.89047296862789038
0.23300948068792104
0.67903186520483794
0.57295689415374407
0.73715517001576458
0.066161909080475798
0.80455181022609901
0.69448965491405157
0.0076246181942652711
0.0082110620282980894
0.58804893426565685
0.37034563032733986
0.58828362985990545
0.19257021300897709
0.89327402769190578
0.88214063046903457
0.26717909849086224
0.83943069112825475
0.072685260519986708
0.64940617099495346
0.60570194402384625
0.74576202117015855
0.77632419976945388
0.3693112665546866
0.144898540609739
0.10515501107958443
0.023405744697961223
0.15493548300482488
0.36230853884403397
0.25787986410858471
0.02672597582000804
0.64928752384088395
0.68458536737070308
0.13303025350104716
0.044057975316338621
0.76582836994002768
0.15335038718429692
0.58628936570743861
0.35539304964202578
0.42264194642632641
0.95390183675237583
0.86766922559736925
0.58488254880524493
0.39425273218341772
0.76245386453815489
0.22622132035695211
0.42868429788940804
0.79486758367212484
0.050381623631576444
0.11966898645531308
0.6471518529021294
0.03395958806074012
0.85588384586651012
0.93186825687149111
0.67240604968158468
0.68552986838097496
0.091600109861502396
0.89436843584753678
0.0064773174076376743
0.72918941253682079
0.4927302603047421
0.91007568741709388
0.15987301418434324
0.013408562404992169
0.61160607580660942
0.27283311966333501
0.34757140287351729
0.8987767286434788
0.53086867202056054
0.084694228051812565
0.0093075100229175634
0.60522999080174977
0.026053465483856408
0.78548678338840294
0.1458125455369291
0.16775879316543651
0.65355861296415818
0.22720969398777704
0.16156466025656374
0.18850219670650301
0.36249414884521108
0.38299855574282365
0.31155399488388763
0.99853571202845259
0.89276718717815728
0.35301615173929035
0.67572004575838052
0.098219498241189751
0.092953264057719864
0.67430001290815611
0.10181946885356634
0.56271938451949488
0.20734402273898578
0.31130295153480991
0.36678027459698981
0.10577801079258246
0.26538856320856774
0.49129611255961769
0.054934471595879102
0.0074733941933975276
0.90098904202697594
0.012403516355011988
0.10936999470351454
0.011793518842532992
0.02672597582000804
0.54241025704970791
0.18411455926484516
0.68352252207120301
0.2882672628600782
0.59568645684418853
0.9981642882228231
0.43809820561479773
0.92021569249608337
0.46603210024924469
0.053960702232666816
0.70436056713588058
0.34892729587474969
0.37773343787343466
0.30146079925946384
0.10391869140286532
0.90542473418219405
0.38627626013659838
0.29088758320526731
0.60688208071816829
0.89554127261936944
0.098871489525878528
0.048118178158530409
0.3209435428574432
0.9686774626779191
0.53554320861391025
0.33614527385818382
0.29208437642924168
0.44857226582815246
0.92065572085388958
0.50337838449659933
0.57937999274232954
0.71384030449752633
0.58453096297870377
0.91438556289349227
0.0016281159042701432
0.66114940915844067
0.55924127328807571
0.0098055559719950336
0.052391274944253767
0.50204192494767264
0.20679232611252693
0.59910018268842635
0.067357551316181874
0.68009587293986473
0.70705650672349751
0.99340087922500586
0.92689865366997259
0.65794753149820062
0.4889834233388346
0.80997531272504064
0.88608009920534814
0.85855882073463552
0.50516270063597979
0.51581154096418591
0.43311848559495147
0.5606317574966303
0.17425642166104682
0.30416747681632117
0.70787637790613445
0.92995702858615459
0.67997766258638548
0.018100263854956236
0.14853749078500664
0.8468593627704154
0.058603287398098676
0.83288843330793738
0.13239611950240088
0.97236441352717029
0.92591151665330429
0.40044896034292554
0.051895779594564539
0.50371273803581329
0.0020324465789275763
0.59568645684418897
0.54241025704970791
0.32826646448282393
0.88875946770350622
0.98477050604702432
0.90811863676544902
0.79562580456114385
0.81008117385184208
0.30722291590472478
0.89786891629056109
0.51761396729303799
0.92926783270774094
0.69790161971019682
0.8636609775650701
0.95822769577485845
0.85931943934776722
0.27803636970073098
0.99178748659737381
0.35953184026001517
0.92829713037158612
0.03906107157685712
0.33245250648954611
0.85018315356756136
0.36342312905404534
0.76031079068190033
0.31281136644401969
0.37355450585213873
0.56934474590094841
0.50449326598796651
0.47771357309578488
0.5313240658829339
0.37630548062352576
0.11943724695343495
0.58910522235444662
0.4536467269001575
0.85665014769728964
0.89629207276734024
0.88249318260577603
0.40282481864133723
0.34748113568028666
0.67997766258638548
0.5295033565970676
0.7511257665891814
0.2748903445849516
0.99169204003596012
0.30548606503458936
0.077176260289135379
0.27071188737391971
0.90984191060126429
0.85144661082898065
0.41958829373833612
0.10650894450393111
0.80487215788232813
0.4885434763848725
0.41160818737298355
0.26080497891707471
0.40242825543219923
0.74975859443900006
0.35338114046779984
0.16041867477766336
0.57517374210381056
0.21952593709627977
0.36398126091233723
0.64489753746754297
0.75453658871594664
0.61657168967276155
0.069259047142139638
0.096542093408179999
0.70213116807424658
0.27527257932920779
0.63315433755096073
0.79703173354076928
0.74255542875553804
0.75044238061094548
0.59568645684418897
0.68151414235794106
0.54080522218761562
0.54459110966866675
0.54206618374236182
0.45885764317453848
0.81890500354287743
0.37906929051477672
0.85115541030203024
0.65521941199756395
0.48711490575245975
0.24586723089686793
0.59486300607621656
0.78141498847881974
0.12327157386529788
0.78008996086040161
0.7627918314471579
0.014060145949902006
0.22068453104076893
0.16387725526897018
0.43084664643040294
0.63967744548556604
0.33933273224188065
0.22418943695606905
0.48535931794956921
0.43105290205037489
0.3752604940673645
0.74484668272483301
0.71838903724090974
0.12434655648365227
0.057690828128067667
0.59333432969539601
0.54000331945913571
0.56144334339119162
0.88433649264657732
0.67583836407041109
0.27534907381815515
0.088916503290211529
0.66897168173188626
0.44836148365418926
0.11037456363055793
0.43012518630413205
0.12446649896989279
0.61941139731777339
0.32757234874976859
0.070819937155564686
0.8672984383822282
0.81921758148282775
0.20453664720798564
0.42509398482012906
0.8722676437951935
0.31872656790454817
0.33508734538565038
0.78108393313768709
0.88564529382232715
0.65225361578547048
0.18998365360781913
0.3130632716858685
0.70060462990921191
0.31331532055919775
0.91162671351459135
0.71594105979021205
0.77510228736303755
0.70740791688126925
0.13811044770044498
0.33977705541932979
0.36295844520062259
0.20888272726271268
0.091661234811896752
0.68706416318461194
0.010572012100681968
0.76907925953634693
0.50237589632021351
0.45015480493687021
0.24790949208544247
0.68151414235794106
0.28905946666320087
0.83065296202926542
0.1983026059871219
0.40223006175677578
0.47142255797965382
0.70060462990921191
0.10692861113703968
0.022374228712191909
0.55092047623182738
0.49915154258195904
0.99766763813774195
0.91069766185339551
0.69954726099215658
0.74587639114430748
0.83207675423843563
0.26235071479784328
0.97528585332458428
0.4205030554762626
0.28953555379136875
0.68671015333047269
0.22853281658387775
0.24925459755172993
0.62758306382858353
0.86140266812683353
0.16156466025656374
0.90677632063606395
0.5405760651098328
0.088976031367816427
0.074874922504692479
0.17964745418727876
0.29860908160883914
0.012018257304506117
0.192512423072527
0.051151582035609676
0.69531360830617017
0.92384534133347329
0.5902793471516361
0.86599732065217494
0.16413028800276755
0.87939279114754432
0.67287960099139266
0.56016814917992619
0.070071586911412034
0.76896734588727989
0.55773607806621239
0.13017631272618019
0.47912914741181023
0.56783180136047406
0.15050352947321566
0.5038242103650229
0.4644209875789389
0.60122082874459859
0.56411238260431351
0.81890500354287743
0.32120004082795772
0.8190092162015663
0.85338229310500702
0.88927476953542284
0.99910756243308807
0.22820146848183606
0.70904709608607641
0.51221431574730236
0.5137868412413289
0.11001486446995148
0.93840508435176029
0.29481039273534448
0.18151152314073926
0.86887132040404236
0.72304277765009584
0.83802960791538095
0.97861137446584556
0.80444499155666005
0.24790949208544247
0.56957760365439236
0.50427020526859856
0.26227695122662553
0.29715009896823796
0.62853111752952995
0.021634938400992815
0.86234545414908514
0.89910591177369636
0.78394856545235492
0.42847867826901137
0.4390353867805471
0.66197937668846996
0.14146971792068178
0.48131084955372261
0.47673473589154425
0.59933574419226665
0.64584671771509772
0.14503532951489412
0.39190775096798131
0.30252499029798996
0.49162690187235092
0.34093414378825654
0.8496961119320583
0.20937704587380762
0.73127155895601126
0.82922493442755507
0.66980083957209668
0.66565406265041926
0.82108924890609414
0.23415621489468477
0.14747012070884577
0.78207669372581767
0.59521588664536984
0.8963753415969552
0.98280021730261657
0.21684135267370863
0.053903917192389489
0.43177523066827572
0.27619155931451311
0.020646303854218714
0.22773821685020196
0.94126149189353092
0.34004383891003453
0.23159900643526984
0.62604272233943126
0.69566665919925552
0.49184748410863199
0.33755939117896994
0.78130465168131014
0.29836555867426107
0.22036221348698087
0.006810338025590861
0.46517249156344409
0.61066085292317185
0.019138334745826914
0.76177759102719778
0.87245016513496132
0.89654178707770271
0.61491591226980646
0.38492450500486619
0.98479877902884616
0.20014450831529085
0.34775198440155658
0.98113417903302613
0.41979147509464027
0.011648921644827772
0.51953179177008491
0.2521763112530323
0.094386885452575481
0.44059978379877451
0.29144564026372755
0.66067511252740008
0.15585437545550873
0.68612005892644379
0.57272367046393657
0.13520588618674637
0.87607740003170198
0.7298837744973613
0.59992472056703128
0.24642931179756308
0.85922445152298266
0.91392871502595474
0.74060466148301407
0.73715517001576458
0.57412338192691581
0.93152897215605956
0.87634764963792655
0.45407095047952162
0.75305982738619104
0.15121101307224963
0.4663546584638365
0.42060476636236521
0.94910477605666588
0.057993529213637977
0.42345839484702996
0.079675792957250247
0.73231156382095564
0.060383834320850663
0.2080199260266333
0.50605586749818787
0.65367724571490626
0.61456117522654319
0.50004011717940133
0.17004089310118622
0.024237822214037818
0.79106425901090927
0.52122631464647018
0.58664118712298585
0.83106019367735395
0.48645621623765389
0.83055110005907906
0.14049018836486463
0.60063162779546952
0.32325718527808134
0.94269347183072782
0.44227180705995905
0.38290241694793087
0.58558586302023041
0.76930304654133863
0.22126564543114779
0.60912530927358643
0.50026236861894557
0.95285240456923725
0.77986891462643071
0.099560196567693146
0.5206612330029412
0.28582155367157847
0.24348943213403784
0.16616635223272988
0.52734428818647583
0.98783242738937815
0.95031439957583808
0.26980658236170446
0.38957136507028794
0.2782676135413561
0.40710263758451093
0.43612331514112346
0.37450166515854066
0.21130140565886868
0.11436257010684683
0.36706094078475521
0.39200528713378907
0.39259081737194101
0.75680468506439103
0.80615191635074013
0.91331773869847743
0.39965888854147097
0.68612005892644379
0.19049868021354333
0.32861390376491989
0.30309913400928506
0.84597489566322004
0.61326069853411491
0.35649364062289329
0.65284680431731346
0.079030795190139655
0.65604975792142706
0.89679122468670636
0.62473960878128265
0.5867584712493179
0.14663934111042232
0.9837894463251281
0.10205459014271008
0.055689947140454152
0.28953555379136875
0.73034650921392719
0.34549923525917248
0.76560376319086876
0.77588006785343366
0.68493958323151893
0.41100575682213591
0.017862689173299171
0.07028810967299555
0.99291182923085486
0.42550344214025188
0.1149584410936632
0.61385177986800898
0.5377144539241332
0.065413158146167036
0.87390637466978682
0.388212455301923
0.86581102109627128
0.60381448702005347
0.32171346689201913
0.60747228264162845
0.095649427392172054
0.91807181307556418
0.86933245338201082
0.36509919650571471
0.27742041766799769
0.077123853429791236
0.52586894544873508
0.01311375548198372
0.1657574574552243
0.24664034767112689
0.4218263979676844
0.60440421476921324
0.71664080573409006
0.81713034103649984
0.78669324982359967
0.098089557361774396
0.10371388733289179
0.50773235439020536
0.72176422044264776
0.48920346485904953
0.71570775438075329
0.22314638313533916
0.23233698890658258
0.22321146127084257
0.43467127379355064
0.6980191990344401
0.84911086144448678
0.56492541873757052
0.34829410604101418
0.70436056713588024
0.58863571094061351
0.95718190122155478
0.00098614174946630938
0.82543076179715502
0.3812703734557728
0.88310903801058371
0.60995207126960627
0.19049868021354333
0.70893005244465868
0.79670754293934598
0.48689529680343935
0.27527257932920779
0.68836189307592233
0.6725244412011171
0.069497139743667363
0.12398732972444779
0.727220383688016
0.54804052069199893
0.37147614872378859
0.50148551928452267
0.7696386261040169
0.12366877246207132
0.82881615402722786
0.78141498847881985
0.34648923399632803
0.72466865039881867
0.5433281495249489
0.48854347638487217
0.87235891818320666
0.42622053012091876
0.036804611731663286
0.30007323648482032
0.38918280531544147
0.87098692868874383
0.96007321279417013
0.73346627365490846
0.80198321354738178
0.83238129782378634
0.9710820756494879
0.53622852751408745
0.23530736004465747
0.14102375614720652
0.25985156452913472
0.38772784298928964
0.93023173374050261
0.3406668865240074
0.27154374982887791
0.95251826798115302
0.072884168880783723
0.28613626916430079
0.97840109242713513
0.96783574256839744
0.1111332875045048
0.65616837551801932
0.84202080317159433
0.3193223859278343
0.82830469814065977
0.93547666846124733
0.36323720902483669
0.30015473009251842
0.97875086255799781
0.29288423185678181
0.2914456402637276
0.5959217686789211
0.92527337231115547
0.50226456187872148
0.76098803622479783
0.50583251300016518
0.68493958323151871
0.50594418502441152
0.72362362575437489
0.51795220215298388
0.3144934475997373
0.63185012683571473
0.631257359139209
0.070191802732731429
0.57634138019286585
0.29674574380842045
0.11332628609303289
0.47640867136798237
0.60995207126960627
0.2944887277977965
0.008045533129388896
0.075258404334971871
0.080897913069525901
0.066116309761853273
0.15378132052552851
0.88152255619785846
0.081777178204722231
0.57260706790743787
0.15809811871498985
0.16817180857725986
0.19257021300897709
0.73968565596522695
0.787678947768372
0.55889381262075122
0.087117869632692274
0.8222298143923088
0.5040471867115216
0.35456908174424812
0.20838934656939753
0.071014229207564464
0.87299706997225535
0.38511743202597781
0.42734876278396167
0.089065390080751386
0.91947961584154347
0.49129611255961791
0.66138654955189402
0.81723489163891516
0.95099841272033392
0.82347124512415348
0.13907577302476043
0.33218980745107707
0.012247077777066144
0.87354298390377338
0.97815416905563801
0.5005958264294843
0.68493958323151893
0.26553742778861905
0.1825601387636421
0.21856413882902939
0.83349627241294866
0.80123210968193548
0.4674306577734566
0.26717909849086213
0.23267304439165865
0.65462628487085106
0.62616119892646216
0.33087845422736512
0.95558575927962575
0.59063168004397804
0.32411703568294475
0.5369141585695294
0.49151662755695436
0.58593759092574993
0.81356396224704675
0.60027815580688437
0.21286361139179774
0.11676234321265022
0.53862959167870916
0.96588224213418383
0.60275321708589447
0.94416746227010651
0.64881293340854518
0.57715908018756368
0.61515241802822862
0.66269072262989637
0.50997128961669036
0.92933690856533513
0.3357923776646482
0.050150950954275908
0.21192518236001498
0.15069191688568018
0.41170864288251308
0.2944887277977965
0.77676810212846759
0.80647144599522114
0.95257404860259343
0.17801584692478817
0.6351702375181707
0.68293192673919378
0.72745216086246911
0.020840553400679772
0.46152807371485072
0.31702853524293267
0.51378684124132845
0.24635899748587398
0.12794770447020337
0.1099071552571811
0.83095841822841421
0.0058113708692547703
0.24023185248848053
0.96067783648909644
0.67418165944176422
0.94113607621077189
0.11171442471521301
0.64964346468015632
0.21330268139308758
0.043635577650278944
0.58371078251822395
0.18657920347396903
0.017916730134368612
0.75940710673705047
0.76504201925633741
0.37773343787343466
0.66079368863682975
0.60334277310839646
0.96466832026644955
0.13193274303489735
0.0046438573656126247
0.4788022987536209
0.083336520097970032
0.25440279460547205
0.63149446191801006
0.013662531268326011
0.15287277051865711
0.10951301196002505
0.44122639013501164
0.88738010951607149
0.51998345244365307
0.94507817778992187
0.22576124177591886
0.015925961152623846
0.29723101788242096
0.70260068470296577
0.4845921740514828
0.80689722915734752
0.85874912868636621
0.41080506194910704
0.30408520078790607
0.33649842335612073
0.18079691508195705
0.18935572441677773
0.88072582295641078
0.78997390976781701
0.95526258021597521
0.26710431156279124
0.74987258646526112
0.72513289656820346
0.14989264875222846
0.081584110208048066
0.50694970273850259
0.30080725373919603
0.38714680389599621
0.46495771381217676
0.22178320995334755
0.85569201883830659
0.41170864288251308
0.37431211086406463
0.8207777586639402
0.57062578051042967
0.46613960724657011
0.31004988983799431
0.62687209815480682
0.35741251562619175
0.13490547173698625
0.014985413486072765
0.2335485712822149
0.48218484457036503
0.88108021312059981
0.14080122612312787
0.79226176474156118
0.5595887983259078
0.64205010273598107
0.004147675882699365
0.83329374724064587
0.1864665893555075
0.98071084299075828
0.1562912429843103
0.764255035559539
0.64893158126673123
0.22055555914155262
0.85969913439445711
0.6584219360108986
0.4695863572859601
0.31381984917862915
0.90622090491611029
0.38695324443965129
0.88547116667278802
0.098382138490919369
0.032686601125733426
0.40750194331427281
0.24223782587466391
0.20380935205251255
0.48579793936985849
0.39015465398442412
0.58722765912048946
0.26198205409012615
0.74896034209468643
0.47412923735605894
0.12462657819045321
0.2518186040294107
0.93112067793104725
0.11951445004410094
0.65984504451365145
0.6946073768262786
0.73034650921392719
0.11124204867121089
0.60534797360927628
0.65415177052151652
0.88789825672940204
0.37992962714372597
0.52779855392906105
0.59745172429288895
0.22806903520992028
0.67690310197396775
0.81208894817185673
0.71021718337462914
0.79778758099026503
0.76155206628554428
0.83511329590669847
0.70060462990921213
0.7793160402479089
0.070408661404722198
0.43508587007557376
0.59686319251285702
0.34164752437566148
0.79800338330055065
0.46045895189555108
0.082804498372026844
0.32471987801422986
0.26890355225891843
0.37431211086406463
0.75305982738619082
0.83531502492426168
0.44080859885351908
0.93600251605677531
0.46667732827546571
0.85193145469675458
0.21437200954138536
0.18517553393451344
0.023301478914111318
0.67358985304257724
0.086187368399564229
0.059198278272602829
0.13096837611957887
0.83612104964855394
0.27093856923068022
0.24272396770243343
0.085265754303344307
0.1472389482186176
0.92434670794331786
0.50081818533510569
0.51142879439179778
0.94300226059590497
0.6591335106445918
0.84301283931867654
0.00014073315081362958
0.84783983631981907
0.19501019882428963
0.29731195275774341
0.97913157209087942
0.80561900185482405
0.94507817778992187
0.7818561855076579
0.2586087914098319
0.50694970273850259
0.65486353789755114
0.64952481794509964
0.53177960336053498
0.22126564543114774
0.085065329125485784
0.41674971295318403
0.31872656790454817
0.72837893288692457
0.039201871768336824
0.082247763489918788
0.65379587785732363
0.12643979015747261
0.86868667847601266
0.86581102109627128
0.89030215575207761
0.15595136798335321
0.33817934112345283
0.24586723089686793
0.38482806411714066
0.51356207418055067
0.045315671533202664
0.55796756718364571
0.8803709752375023
0.56678502538342213
0.70260068470296555
0.67382658336791923
0.62497652063121056
0.42519632818511005
0.954503377601156
0.28866316559899863
0.33676345168086386
0.67572004575838063
0.62462115589970979
0.44825611228444684
0.72617697396655467
0.31838645116565772
0.03601456759348947
0.86074117583818344
0.26890355225891843
0.77997944515175655
0.027893414454203336
0.67501007800827262
0.034431570167493056
0.50048466308034378
0.93294809028802095
0.67631160931769019
0.36054833978170853
0.050080170305022154
0.54482084484318216
0.80026513783910291
0.1731415255542994
0.052705476715045656
0.98126326720334467
0.30871724997355965
0.46560219644525835
0.13602419395239615
0.1285634331914185
0.69331217781449039
0.48964368376567635
0.59533352248796823
0.10777230493925558
0.15469443093933219
0.10972784531207415
0.34155829656448089
0.86664853216516036
0.17087713800179383
0.75918106330359847
0.91665193035003645
0.33210227283163385
0.97991397844838379
0.30400294072830886
0.34657932826331539
0.34956125490634105
0.3524691380435156
0.69942974903401156
0.014205964144010316
0.63706784839549746
0.46217015230444647
0.2431412622711191
0.79983491757723035
0.65071127377240556
0.98328442313141351
0.15844193213373467
0.93091605973881464
0.19021241351829807
0.50181933065896311
0.98167901445417394
0.68918746517823837
0.84626993220575275
0.71372353016664025
0.038892730826646127
0.2246469838519958
0.92384534133347329
0.023510449685877465
0.21099006947207016
0.45534486031306576
0.16868927109975981
0.98258565533944375
0.019030613759229816
0.76064946912193721
0.11936008724868442
0.85405744579463727
0.86571783152953685
0.85434642410638262
0.41745831369247483
0.69342994644367884
0.65320271117491924
0.77187270044857981
0.22966223318737827
0.47716965557629187
0.16910419704336885
0.13138691732083543
0.22275622972597364
0.77997944515175655
0.32094354285744303
0.84548269343509763
0.81324820434546119
0.84380478928178815
0.48722472737449352
0.63137590980493319
0.75010053736219584
0.92262078129665492
0.16489135059106663
0.72432038099605145
0.77942664464307687
0.44018231501583249
0.88090307528177292
0.12623720132046432
0.35392909276243528
0.89695736255575642
0.85222206621321539
0.94349445428385181
0.83893081591840668
0.83278704999254138
0.50215323808588608
0.051043500924416195
0.61349712209101193
0.70283540945808887
0.34775198440155641
0.62260777786087917
0.52927593092711156
0.48689529680343924
0.53508650353152565
0.97619135083114084
0.26397749121968772
0.10605594000580829
0.21273829571746636
0.90139622949857112
0.57669178764181572
0.34415230617518933
0.12259887505632987
0.66221649776150149
0.46775369865160166
0.47630000707576814
0.4235605140944107
0.79226176474156118
0.21123910898517603
0.52734428818647572
0.70424328171776052
0.32601430844223611
0.67820412882844627
0.75555781375275199
0.36267982087572365
0.57342341560255483
0.3812703734557728
0.74690524387853985
0.95585406949058371
0.63445870416944228
0.74106392629082918
0.73161830722967058
0.32878771874393636
0.96993690193555115
0.20098086768652132
0.10588215909861108
0.94922066866897792
0.32446142152749385
0.47012604968990201
0.62687209815480682
0.93974706540452657
0.28850475670689169
0.19777044421037604
0.34983318700852495
0.55230457569579117
0.40282481864133746
0.53782881619894585
0.021036527546110163
0.22275622972597364
0.87634764963792655
0.95822769577485845
0.91822057274210001
0.56643621897085694
0.69083799260118695
0.66399471681394728
0.06420451149003141
0.43622713453155881
0.34748113568028666
0.33166483771466926
0.88512256147556878
0.31415652073851708
0.12307338974313471
0.46872348702034361
0.85655444815918391
0.98405288915150257
0.55496049068645115
0.70588474567954929
0.91829490235936395
0.97463205169603229
0.61349712209101226
0.25032048389379596
0.41150774626364151
0.17801584692478808
0.87553614641029076
0.21399411151045639
0.84558118128221393
0.83014343636853605
0.89251335852989422
0.15863867943454049
0.7718727004485797
0.93743692192459238
0.69872456731012433
0.43446405757261686
0.025256206979286034
0.61858299468399358
0.41392230137228991
0.53851516956562939
0.65035533994786099
0.25744325947515506
0.65652422318296688
0.3249784777181251
0.74736223446910777
0.035317047676739752
0.45555735895661786
0.62213413312478805
0.72001922804328422
0.067010659386815691
0.78822600486475358
0.46227720946314488
0.57879533998665678
0.18935572441677764
0.12208660960452497
0.89361131535973626
0.76481723115356726
0.92815790454277958
0.47564827244104624
0.17335342861085856
0.406404412026588
0.26102537429413591
0.72524893783698108
0.26531415454650642
0.50605586749818787
0.98419807684492533
0.35402047286930821
0.41979147509464027
0.061228685118723605
0.50717326561587783
0.32896159727543922
0.25153271859407011
0.64477889079948347
0.30186978414847154
0.030118331560262075
0.26353306999387105
0.87634764963792655
0.49074502152201149
0.94410645968087914
0.44962696431423743
0.22668213848283914
0.042163854815452775
0.78669324982359967
0.55634775509325074
0.3249784777181251
0.1040554252653616
0.48163850998377844
0.33482321963008688
0.18228370442665001
0.60617395553035913
0.51987052277471635
0.9003359134199479
0.22813524427812915
0.78438836460102268
0.80721637375488631
0.78152531027446104
0.92926783270774083
0.078630056981536522
0.69072012559587215
0.52213094325697107
0.8701607897839323
0.12362900273382307
0.28826726286007837
0.57377337123157379
0.05039940801385228
0.52326258631194289
0.081501491934804521
0.36575235419487812
0.60759033355702474
0.41634511160292126
0.83481053570830532
0.67252444120111732
0.66482443108127542
0.36230853884403397
0.72837893288692457
0.94869800823743022
0.86319173585929232
0.7262929415299092
0.48338780675396587
0.57564072563114865
0.050115549142346845
0.85338229310500702
0.2221720128561297
0.84656475469854586
0.41523363484648845
0.11454848936970671
0.22133028856072326
0.68305005288365261
0.56818084485231357
0.45438925382609818
0.79389152222648773
0.16317050214041973
0.73438938770303575
0.48514007631621203
0.99195747544262647
0.64738915073817005
0.33236492428070208
0.78097355142007197
0.24982263505502061
0.87235891818320666
0.11630906860666904
0.844595239170289
0.91672696120734543
0.37374381525139383
0.52564210887965268
0.5483858566918185
0.73173387225798725
0.1557574338357077
0.25089038710224842
0.26353306999387105
0.41979147509464027
0.70904709608607663
0.91154947208560377
0.85789194018833803
0.76222849026578576
0.25418667325769567
0.87814285946661541
0.65249089269595462
0.37801944083577155
0.81008117385184208
0.64442295221024315
0.10235759256422386
0.192223685699209
0.06433779625874185
0.33800213348934222
0.77565791609564427
0.50784420322401003
0.019123938696569236
0.34856537890088335
0.84390367769826058
0.15378132052552837
0.08370229600464546
0.70611914598457548
0.71045112398564547
0.2844084855487044
0.30614689214777824
0.16281808497341246
0.45864435127733905
0.46840011340413534
0.12406708007740898
0.42817035287005017
0.27473756160223312
0.02201808942136195
0.42899283128225746
0.95223881785402242
0.59286412438417591
0.65735450304392018
0.36426053588775253
0.59063168004397792
0.2715437498288778
0.47858445880034317
0.8987767286434788
0.18680459918563305
0.62734606802663673
0.75985904689129558
0.48557860564846611
0.16910419704336885
0.77565791609564438
0.13529182433469081
0.37687625180654694
0.3500145535123303
0.42899283128225746
0.47945610242018255
0.42950733060437024
0.60440421476921302
0.44227180705995939
0.98646127724438226
0.13615378822459923
0.94776157757775525
0.32360093441488391
0.3449600385062262
0.41877613491994198
0.82932707603371303
0.15957603950294016
0.072338349759560119
0.72698857306049436
0.48284083114946763
0.65925210252061406
0.78997390976781701
0.80251918543584466
0.5586622080439797
0.10218916007978449
0.87526514307172143
0.19871731269603457
0.41979147509464027
0.03468243007984867
0.9125510584672496
0.16086628787161616
0.74736223446910777
0.064426792408969175
0.44049539643143476
0.16156466025656374
0.041728388129994111
0.54114902063957659
0.67997766258638559
0.14004686786921583
0.31155399488388785
0.57949694044070987
0.18134640714263869
0.74998656744427417
0.062472853586172966
0.50493951372010293
0.87408790419267268
0.58253955403825153
0.32757234874976859
0.26338505543910312
0.88651417126982524
0.1670380545121665
0.044120873110132845
0.10647403771638091
0.41080506194910704
0.29763585187374081
0.42192829225106454
0.098936898701520337
0.59804036380961545
0.02439124554548459
0.86979291101162159
0.025747000198483156
0.028463496947397998
0.98255486805335113
0.23892460939762281
0.9495674747652928
0.27146804691021476
0.62829409369740463
0.11733110141673073
0.66695759268425769
0.52450848638499181
0.83065296202926542
0.75340079110876823
0.21926912921939745
0.82738273780453031
0.35594306423136374
0.5782108309239139
0.31881163694355397
0.34173676796633923
0.2991778605265899
0.57249047155453414
0.59721629858683956
0.84764393319490738
0.795517537756806
0.76560376319086865
0.23026193392491512
0.45492001746255406
0.061058858232618592
0.94916274052053751
0.24989370967780014
0.98904263311365559
0.16156466025656374
0.37109906345360832
0.17335342861085856
0.86055194554128933
0.37792409128457188
0.99561362181226565
0.18652288943826292
0.45163449607716322
0.44520607954517988
0.017788634910690864
0.19871731269603457
0.76189033463848443
0.21862815427913262
0.51806496666330881
0.13982565663321664
0.047914035061016831
0.24614814747293418
0.55438277951459014
0.018018474574078912
0.14106829820085451
0.74587639114430737
0.40900140710233085
0.017916730134368612
0.19407772651748303
0.52122631464646996
0.89679122468670636
0.037965139924661252
0.5179522021529841
0.17543079388258842
0.57085877873704116
0.17893891317862329
0.55935710782575454
0.79886590438832561
0.30309913400928506
0.24946749507406255
0.6217789232533002
0.49759820422888945
0.32291369087493921
0.88001567074761133
0.019737475653848157
0.62402892233887364
0.52791214335971048
0.82840703194362875
0.99323484777948723
0.68694616382768137
0.021052280400072673
0.41000285963002581
0.40530864108437759
0.13231176518157645
0.7548771021108035
0.94318710278999773
0.034732805946675181
0.90929529558370203
0.43425689600415807
0.67039302998679817
0.95936115213720974
0.64359243850070635
0.41090540217531019
0.29869028784765644
0.65023669473803514
0.65225361578547059
0.8594144015606201
0.28621498783838573
0.082136819769997593
0.71955360842880012
0.051151582035609607
0.28818813010738908
0.16688394757792424
0.24854594873263247
0.0014364174203002357
0.37782875696315527
0.72001922804328444
0.19489344061261296
0.68600202845943548
0.77298767770389354
0.37175912389545579
0.41877613491994198
0.36827876529203879
0.31348343293403597
0.68552986838097507
0.18118141505450588
0.97895904604028505
0.55542279369463632
0.78482791755862846
0.9917493945888548
0.76189033463848443
0.77376733428931443
0.79692368703410765
0.024058486668872489
0.33853394614419902
0.23354857128221479
0.3768762518065471
0.19871731269603449
0.85969913439445711
0.53943078460328253
0.79019210899968795
0.59121899833700786
0.61704486861712837
0.0029971473061853864
0.92710930517896917
0.040186299205205327
0.34639915545619765
0.72965235505440229
0.6441856611065726
0.11619598999869452
0.91605048562315472
0.95054298617193056
0.092336007010389784
0.081254086967374434
0.70682220281694408
0.11466016758453752
0.40381725151182657
0.69660791375863584
0.20795840715400876
0.58875308131510984
0.82553368622120971
0.38850340281384987
0.28692417240679186
0.3550266854988533
0.43643481410997154
0.18024879778174652
0.5986291098894454
0.38136625482264669
0.17092951683472737
0.30573375543687459
0.59121899833700764
0.66352055878347627
0.66352055878347627
0.97596689513519552
0.2627197684207277
0.92689865366997259
0.36528573568659023
0.14636330055766944
0.83873070642622338
0.41654738377241562
0.47989220762382223
0.010555645850269661
0.1521112018474482
0.66506147728598197
0.15469443093933219
0.38608297149135273
0.1421409190972204
0.17324745016145188
0.28089836361430498
0.74496113671546405
0.22800284127574882
0.18596051616867076
0.29360546541085081
0.78482791755862846
0.36119618210990567
0.11836095100182509
0.41533460678574335
0.278807738017193
0.96743244719546773
0.77231885750327733
0.45566362756774004
0.66162368454081566
0.51266340747079653
0.9917493945888548
0.8797488930965065
0.4099026493198481
0.96280109799518876
0.7506702205507636
0.019953579168511662
0.75101189684437708
0.70834474005705927
0.27321321639041135
0.065075366847187233
0.0096805871960103009
0.35962417156931631
0.093886023536568955
0.87199365614084423
0.38811550281276708
0.96052717504290674
0.51221431574730236
0.044357479422517318
0.72768390447675169
0.15962550303905537
0.23947435136907985
0.50282134045325155
0.49030435112844717
0.21506620698142459
0.27131668851406859
0.27942597564638783
0.50773235439020525
0.80902171923289068
0.96196976148359181
0.19559484446204661
0.033676851737796422
0.95439433533531637
0.11778784467600176
0.66375764096453771
0.14066785222326969
0.30146079925946384
0.21117682703134363
0.01392107525938056
0.023827216778840431
0.76087519291800276
0.65865913193185965
0.024884671639143197
0.52882118885906215
0.22582692202859977
0.82963337224089739
0.36008606136531274
0.29216429020717855
0.57680860194405104
0.47012604968990179
0.98387756167386142
0.8350123980494919
0.54665989060304332
0.056771524408638113
0.17650409351896285
0.57190758314087353
0.43778605534993964
0.35219584249492519
0.79247928020421965
0.80058761958704538
0.67098516440531841
0.24036977985927696
0.54711997327015327
0.14682361404345151
0.061612369963248592
0.51232657354135269
0.8913252353410096
0.75555781375275177
0.12083355810788771
0.1973573429169479
0.99361265743330929
0.13055098437586768
0.54390209964490954
0.98695437525997454
0.74209668650283789
0.57155792507840764
0.8797488930965065
0.90058107128264608
0.34146908453370628
0.32939657161563807
0.79897364187064779
0.057529978409414761
0.44478625884990985
0.81261616991955921
0.70986622420204482
0.52859387257173041
0.22210717488463194
0.035458106932738181
0.91385245827415496
0.65676145057499991
0.5782108309239139
0.22853281658387786
0.0099012555199796022
0.54505061250124731
0.67595667959436234
0.059819582094790089
0.75974608022681578
0.63279862766346717
0.27199829947366033
0.83702611598180399
0.89885907101388707
0.86487793411466196
0.63754229026575704
0.31483062974781362
0.43353226132457723
0.86225129249154664
0.94764387118465665
0.76459239148888514
0.28787175840146684
0.16221542660830271
0.89545769717535995
0.20709867819716363
0.56237128992626428
0.14494412469680493
0.72675672908696443
0.18567985215397045
0.20563151420775477
0.191820047493834
0.71734029404557953
0.74438876249829056
0.92427518661013708
0.77231885750327733
0.38059962851024637
0.39464439576326676
0.75567122467805259
0.68529376558764632
0.7548771021108035
0.66553554906963797
0.61397000507165478
0.87652767610732774
0.77120305175116066
0.013128851477071247
0.68612005892644368
0.22036221348698098
0.81869651826060685
0.20863591973147358
0.29553507225004455
0.71629096478891174
0.99326827252057848
0.12208660960452487
0.13567912663384274
0.50037351047486323
0.74941655221513792
0.40015257302942514
0.12538939200650223
0.48185700876419579
0.02338833661253575
0.085610322480831669
0.072635610058116931
0.57155792507840764
0.3802166794922619
0.99254315644262847
0.35164967415779613
0.20002525891093462
0.55889381262075144
0.022974182379180922
0.96532503918018842
0.78460817191079946
0.14993956480413534
0.85969913439445711
0.31906693970552819
0.70353944825996484
0.50661443639633863
0.60169226169106838
0.37402789418092275
0.13050930833471619
0.85798728518002854
0.87850054908985098
0.81932173407691367
0.38059962851024637
0.84042872768449262
0.20080140998184678
0.10862183839771856
0.46259845637982366
0.50482793601552545
0.77421254419127705
0.50471636882127258
0.15378132052552829
0.37289240546877778
0.61503416371605479
0.87281487832513016
0.63837259749592568
0.97428174432610581
0.65652422318296688
0.1307595367066727
0.20832773988611225
0.53874402231108709
0.48601731907064183
0.68576595603768975
0.6081806402521448
0.93554252303742857
0.42060476636236516
0.92633540092605327
0.66482443108127531
0.71617433688890275
0.79746374896169581
0.64952481794509953
0.2896149574229635
0.9125510584672496
0.50683793688846168
0.91605048562315472
0.51356207418055067
0.36790377249763467
0.56608747238748514
0.68234124354223935
0.3337681426554272
0.29626104429771549
0.14089020209289771
0.52054824549685508
0.47738718689285708
0.45736567048110199
0.39739268771714192
0.96192052982329379
0.61976646461911433
0.58523418223285151
0.70705650672349774
0.95466666694260716
0.86813210693603149
0.63481446571645461
0.34504986527712445
0.4099026493198481
0.29747387039247175
0.5606317574966303
0.87965991027189983
0.3802166794922619
0.40590611587976799
0.081144345515305694
0.79149994426439363
0.64738915073816994
0.84646650434050319
0.66897168173188626
0.3463090926439622
0.23728127751031358
0.55970465427234783
0.18394749493817858
0.70083954187027464
0.62000318848405755
0.67051146139753759
0.58734496888471321
0.71990283441445091
0.11395447529652783
0.76896734588727989
0.7616648349048738
0.51053166457923649
0.75567122467805259
0.84911086144448678
0.46624712665300638
0.67358985304257724
0.48262212234390667
0.79659944537989569
0.91582439541933769
0.5517277333746603
0.035202024349475808
0.8227474364524362
0.73600341660752255
0.53988879559511749
0.49848556566778635
0.78920970556304326
0.33105309501494917
0.27519610068780676
0.33570419320081568
0.79789549072583477
0.62095018082665587
0.31872656790454817
0.79041024365437818
0.86083575227637077
0.7654914403256976
0.16352355866011556
0.68364063045939438
0.11462293095292989
0.13916381560484217
0.34066688652400723
0.68340441010730468
0.3177069829575882
0.26546298762232995
0.90382283149860876
0.6680239471208913
0.51389923979420293
0.21167549491279911
0.11488380927556971
0.81103307656473411
0.7437015708783099
0.9089038842254894
0.4834972367337288
0.043309637336321108
0.50941117033875938
0.9874358780698731
0.47793122332355142
0.15306366597065213
0.7010744321893414
0.70072208858863116
0.92513118519771764
0.88001567074761144
0.17134902894630669
0.39005740174221198
0.6058199414604879
0.69837190632029644
0.87965991027189983
0.87043641404706795
0.88442395016335551
0.57622458955790301
0.16889662777873998
0.147331380223232
0.10536231802588103
0.25138986930055396
0.78931892575342255
0.64382972660470172
0.11970764770249102
0.21715956849929649
0.0868261291758472
0.50070700051637562
0.093667639380797571
0.82181534858846561
0.78735052361111613
0.46281268381219276
0.32939657161563807
0.40650411491203209
0.97847132650902713
0.39552650767351299
0.15022132272736494
0.5268901699415105
0.75408240829098239
0.046788824293984149
0.42335628963524097
0.2315320084081437
0.49118587188885265
0.8849480836188004
0.25189011432126784
0.82728019179200496
0.023094258235174647
0.42162265166832136
0.25089038710224842
0.44562611253042816
0.48415406017821583
0.77276479317232838
0.72199675554087772
0.93724233091140041
0.11503311523557241
0.12458654167436772
0.37081641078032329
0.31855647765101758
0.16418093380728407
0.32205606950978133
0.7076421597013034
0.71675740508709918
0.051169615977465201
0.58019874592784371
0.54206618374236193
0.99331820459972886
0.38367195067477844
0.67323473837912817
0.49948467711046318
0.20925337824304746
0.18680459918563305
0.82056999723231372
0.22126564543114774
0.55357429846204576
0.98761036897772492
0.35759647768446112
0.97329345472272311
0.80700362907315859
0.74838983347491261
0.97843622698309529
0.40401591360309047
0.14313026425940148
0.26205575480377136
0.15469443093933219
0.26553742778861905
0.52643619963278399
0.7024833139164407
0.75963310130361406
0.4123116781792302
0.87043641404706795
0.95817575387995113
0.25160416659524742
0.15868789838263681
0.5316657055517332
0.63493305519185206
0.51592411865386167
0.69319440458250292
0.031343551507902141
0.96537167363529175
0.029129908397571434
0.29312449948706748
0.55970465427234761
0.95060004186567082
0.10276282971766303
0.034107979588675438
0.41281460305898254
0.64620266274369575
0.36054833978170853
0.66577257446178417
0.11436257010684683
0.98718389541187834
0.99995495123804956
0.40471169111853056
0.8509611542580966
0.69236986413092405
0.27116539336808815
0.51524880110602789
0.81534997057181591
0.6213053421909287
0.013846734249573084
0.80209044339299274
0.85018315356756147
0.72025199267208728
0.060383834320850746
0.13754273038800946
0.29328475765799311
0.11729310922897264
0.074569405871564146
0.15503199261344516
0.13105199233096332
0.52280981515862801
0.63694924024061605
0.11351073266336636
0.90526511684947641
0.27025895042425041
0.96606680803106659
0.64098237796461777
0.98995713489894865
0.42847867826901137
0.0062459186018827811
0.99094286840946955
0.13477689829853934
0.69331217781449039
0.44552108439598181
0.070215868271749374
0.1797020532206913
0.8630038560019947
0.69248766923231608
0.82676714486465908
0.14719275070537752
0.14389877629480205
0.7787627975877861
0.27018351624538706
0.84182211722415201
0.21248784147847644
0.97277068188208626
0.46174204952612219
0.9188142715026042
0.90661779066625636
0.38155806303157502
0.97349290507326347
0.078072090843427033
0.4123116781792302
0.0059207150446523044
0.67749452222409878
0.66067511252740008
0.048752671412335448
0.047727604894334426
0.25017816362788403
0.49959574355443825
0.5298445632409039
0.98895064684402278
0.91415728743874602
0.70001725599054343
0.52077423012540369
0.52496182309554107
0.90000859888355067
0.27389838783786224
0.43581193860947687
0.36519245836442371
0.26725390119007303
0.73335084335267109
0.90155888487290825
0.45811134439168066
0.52496182309554107
0.017122145926949321
0.73196497563936513
0.94275530140685526
0.95335114665155063
0.2342238071473734
0.5254153095948555
0.032272263758280899
0.98630313884966869
0.50549755968555687
0.43653867429050852
0.3193223859278343
0.29521283290276162
0.59251151942500413
0.13439180941345713
0.96761205376238202
0.22952913325054988
0.70857888379646483
0.35557632539878198
0.50773235439020536
0.40830125144349094
0.28590020866503996
0.3085509573804307
0.63398437188977996
0.84989100147046392
0.069999546848301633
0.56725019328161852
0.86487793411466185
0.23646292281602116
0.53440170832815226
0.95733970396344648
0.8963753415969552
0.86803958430894124
0.78383857730487094
0.46937056608496053
0.13197481039062334
0.099330157831465718
0.81880077089114256
0.058155562317134722
0.62272619461480661
0.83983018046996827
0.29160522863279709
0.23253857651002779
0.52224406478802909
0.31323128830936314
0.82717762463630051
0.42029967609744112
0.0065055305341528919
0.5014855192845229
0.110374563630558
0.88045973002014821
0.47228787125173477
0.87939279114754443
0.0059207150446523044
0.27726658831837342
0.18838863152025764
0.89192003501660677
0.49815272359789309
0.66755003134538282
0.065413158146166897
0.10883513781330374
0.92420363110773573
0.95499225885893946
0.49604700146041425
0.54758018346152371
0.80391062797384727
0.025708931026397572
0.70142672686645824
0.25382678317941876
0.59921796135618
0.1762889993445283
0.092798607039402597
0.058196135143952978
0.81587419732901922
0.23012856085914493
0.5915714469938681
0.21639647489868943
0.97909713665940179
0.49372423616743943
0.13405030229455814
0.15707044672690154
0.12331124388350445
0.74347242443653661
0.13606738027711551
0.80326879904702975
0.98897368984889633
0.46217015230444602
0.93685219157279753
0.21405705752204379
0.50415869071675457
0.83268564477236851
0.86102482766593458
0.042557844996241004
0.73462007450502576
0.22133028856072326
0.59368703238022769
0.56585500801385136
0.59980691703101208
0.7208337716253399
0.37811480561483868
0.040782053710207482
0.68954121953892766
0.78910046935709133
0.70412599051880931
0.2840168816381729
0.75703123484538593
0.72362362575437467
0.55022884244420345
0.47499696908265632
0.088175392025535107
0.5224703364132629
0.28676646437273007
0.10091704357614745
0.60416831235552326
0.55588521533167112
0.76638965876527498
0.49118587188885243
0.67347148403288792
0.95707651637217717
0.41362002968113326
0.89386396244120259
0.44846686817013059
0.32085807539751621
0.50449326598796651
0.77920542112147839
0.16560433906556971
0.87939279114754443
0.78108393313768698
0.38801856533471463
0.9662507899325381
0.8804597300201481
0.42899283128225746
0.80625844451529771
0.9085901728453416
0.62106856560074775
0.19067060928715346
0.15755911011099399
0.73231156382095564
0.66909013924056615
0.64252466004947029
0.22191275094681412
0.064538194897281465
0.52292299372898521
0.27366985485627715
0.20808145953003876
0.83349627241294866
0.10272900601235947
0.22986199686228734
0.35456908174424812
0.74541884800139069
0.5206612330029412
0.31626650156292052
0.3466694382561199
0.68045048461704516
0.11182368360108126
0.38127037345577286
0.2964225469633292
0.63268006032750157
0.95675948340113759
0.34784229873422406
0.115369673113144
0.28590020866504029
0.032461063016748233
0.042330129237903608
0.25346728319876288
0.74861806962194477
0.51434893400670045
0.2721499425655749
0.86422320219325721
0.39768783615230924
0.23913064743169715
0.55207381583710702
0.92878333048292128
0.82398763303805445
0.84823135442427755
0.10879956241103125
0.79757171009386918
0.88328473655003392
0.42745141290401439
0.38869744283663249
0.17628899934452827
0.15868789838263678
0.20140010728407692
0.9165017687593815
0.66826089303233749
0.69872456731012433
0.28362567545541573
0.59721629858683956
0.79767965410816755
0.77820918842497766
0.51142879439179778
0.1146601675845375
0.93494856141549187
0.18372493655997738
0.99318450526249247
0.55657906911285826
0.35502668549885341
0.49239913546988034
0.15716807708082031
0.66162368454081555
0.18872949535228242
0.78108393313768698
0.49615773049636547
0.31297928731260466
0.027811390540711418
0.4307435393023592
0.16601291794312528
0.30697436320650295
0.48240346013679847
0.40610539067136375
0.63410295316524701
0.91903635520627225
0.59686319251285713
0.3843460859914431
0.66541703373112449
0.69366546984358779
0.85434642410638262
0.92312620364652154
0.25985156452913472
0.6636391006596507
0.8100811738518422
0.017115666924274874
0.57844461723618501
0.94477550702255586
0.59745172429288917
0.83095841822841432
0.097216428688141551
0.78306823223500133
0.18517553393451344
0.77487993643288466
0.0050259892585578538
0.2900122146449759
0.53737141859241722
0.35475207638064149
0.034406577378947624
0.66517999782762116
0.3348232196300871
0.31297928731260466
0.97790552624949012
0.34793262877789255
0.21217510562212724
0.83963048151143715
0.23006189709524108
0.81050443028005803
0.43498220053422409
0.97074551570245793
0.31575919685363391
0.0012474532398445695
0.7627918314471579
0.014973997632117087
0.76380504823760098
0.58887045668162874
0.5568104124740042
0.11691377659903214
0.8378290901473292
0.95987049945638869
0.73853601576515038
0.86942459898729341
0.27056084517126217
0.70424328171776063
0.18256013876364197
0.17872136584354195
0.96107798876748141
0.27298511086993871
0.41826899654098715
0.81029283971035959
0.56515777569214665
0.16936395777849608
0.56376404056659557
0.72976806910506709
0.74861806962194477
0.90269395036182676
0.028182287463084328
0.41918210095699998
0.18872949535228242
0.38579315145604348
0.44962696431423732
0.28953555379136903
0.25303639796715732
0.6842311183364469
0.64691455509600893
0.17287694948704621
0.13671658824082772
0.17904776891018631
0.95373701311073833
0.73046217111266598
0.90131485472994899
0.79811125870008603
0.11970764770249108
0.0023619752909705195
0.18355816324961866
0.41695209912051756
0.47749597040185787
0.70857888379646483
0.69872456731012456
0.76986227835104726
0.74838983347491261
0.81942586662098038
0.39946151783500411
0.41705331356641206
0.055963454505210619
0.93348464224609551
0.64157555311347347
0.21292629137352889
0.76301707955627862
0.097184223147513848
0.87071179379731145
0.5085155132615129
0.59415736708766076
0.7299994712178417
0.019774576364602229
0.67193245930685086
0.76997408419372948
0.8180705837204636
0.1303427188448569
0.73438938770303586
0.59780489514957247
0.32922253422339604
0.43830637346248713
0.66458737812575297
0.62343674113526415
0.84002978789251337
0.94119880194670891
0.72930516108658283
0.032638998226274966
0.95665351296210677
0.60865294756501687
0.45089433087088449
0.95905378563692012
0.89386396244120259
0.10323739340826135
0.57412338192691581
0.64311786644119928
0.81145565307635903
0.0081502050450601837
0.6077083879599523
0.10161831681924127
0.15253918814312983
0.43373923137939652
0.14788700857251819
0.37926037003619517
0.54792542450103565
0.82830469814065977
0.12885164779143915
0.25003590555883337
0.72153165439595479
0.98135972293558249
0.56260334606744533
0.21652350853037641
0.38579315145604348
0.031897736994907132
0.97432081036414553
0.058135285592509828
0.084041209839081865
0.10299987066183934
0.4307435393023592
0.047222549966380839
0.12350976006760679
0.95235070729995297
0.0059678430545332187
0.81629322638853763
0.49837460745403772
0.025766054637429751
0.89885907101388707
0.17844973924680471
0.76380504823760098
0.25882777511629051
0.17618153373627371
0.85684147104719466
0.10111697013464796
0.46937056608496053
0.13269172424090556
0.6460840142900186
0.44909945110507998
0.15088050412879012
0.74381612865194446
0.18289231578504619
0.42930148934633855
0.37840099130004567
0.91522002823779725
0.2960996054680598
0.065934197543773609
0.2316660196724549
0.7583895280760532
0.035858464243526574
0.54011785175495586
0.044199612016585697
0.18511956813110148
0.96067783648909644
0.60475809648241119
0.80316176490536062
0.99683137837208702
0.49405576139908713
0.10912010860111288
0.78405853826998229
0.19694494294875012
0.90526511684947641
0.71465753250439223
0.5517277333746603
0.64869428540220553
0.29836555867426123
0.76335485669367709
0.73034650921392719
0.27819051639083303
0.56271938451949488
0.0031186230015682777
0.44709789604079264
0.0096018568382183218
0.86074117583818355
0.58945740807693614
0.39572269578385244
0.4673230021789252
0.34693986257899501
0.278807738017193
0.37868731396682731
0.10862183839771858
0.68375873525964492
0.27389838783786269
0.96092820635894494
0.21386826386631366
0.16874109034699064
0.57167447149733386
0.21652350853037641
0.93180046982561449
0.60475809648241119
0.15839277742055624
0.17473605565902287
0.61728147430185598
0.034356642506671607
0.72269417408366277
0.20146005639071923
0.3081355053175211
0.49970682078919881
0.79562580456114396
0.02361559556558657
0.81555971989916887
0.55819908526158812
0.52348902869338354
0.06937800099938847
0.69801919903443999
0.50963518731786617
0.63398437188977996
0.79908136204884572
0.53189351011724506
0.99239945771522275
0.091998070867487972
0.7342740304981511
0.63303576628580904
0.23878732749021603
0.16524752300047027
0.63611901026227258
0.077596669648699462
0.38453883197069066
0.09571294576024221
0.88841533903416359
0.96371772090980268
0.15760804683237634
0.17478941589109051
0.75985904689129546
0.33535161370642708
0.94910477605666588
0.50415869071675479
0.87616751120405612
0.15003343427220683
0.042013220977822265
0.61763640286805299
0.78163561705398255
0.33924391501016743
0.99201362158975304
0.51491127629506162
0.51479878791395872
0.50583251300016496
0.91514433318796073
0.22543306671735749
0.18551162084152933
0.97478681496761765
0.39670452571854192
0.3484749389104807
0.28890089843565214
0.8864274155936398
0.89064366178236876
0.054838297327994126
0.5516123878716479
0.20484030423815949
0.70658787465624795
0.745190013321259
0.47532256678429874
0.21690496609776896
0.24635899748587398
0.23653103481095059
0.72698857306049436
0.72640890083699405
0.74175252360254851
0.80902171923289068
0.53440170832815248
0.86664853216516036
0.12177229363164069
0.93180046982561449
0.5745901481142548
0.50694970273850226
0.19954883697383263
0.6254503683886703
0.031423806079232022
0.057349512363318894
0.32077262387002181
0.51389923979420304
0.69754885122762333
0.25919306142462806
0.87724666034248278
0.26740355390508092
0.3708164107803234
0.92334230275739659
0.026745709748001934
0.32887465006591771
0.84429899670106712
0.87867922421350075
0.1638266879649658
0.45875099086304538
0.87760547807850353
0.19222368569920903
0.11555702080514145
0.15022132272736494
0.82635632793419023
0.1046726901057552
0.4432138263154104
0.84528564673502093
0.079218433419511985
0.50304412625626793
0.380408123643112
0.27473756160223323
0.92182318270047781
0.72246173246754186
0.93534485340297746
0.93639541715184649
0.44101746764258587
0.74496113671546382
0.050080170305022188
0.75476360928549191
0.64086374462772322
0.2138053622304423
0.68293192673919356
0.18411455926484516
0.77142632291465896
0.48174775352811394
0.072660431460571759
0.83893081591840668
0.035586797576550179
0.33702862244045739
0.63457729019457698
0.067706070397555274
0.94550040180568751
0.04097265367409321
0.27588497902504244
0.84321096705444532
0.8299394752347844
0.75533095669067607
0.90228927827222472
0.61846466162624225
0.2460778951054243
0.81461523416776305
0.74519001332125923
0.4277594466757641
0.27588497902504244
0.20838934656939753
0.57599102611174802
0.87025269168504138
0.068737840562858338
0.66340201534763499
0.036658574330922788
0.55843063223630085
0.12177229363164069
0.18189727598037547
0.4208082305118922
0.050239556082887923
0.1814014320382126
0.95423049791269365
0.01679466424568149
0.31796166395503872
0.73346627365490846
0.55461384158326399
0.83309113416817437
0.10299987066183935
0.59521588664537017
0.58008176418838908
0.68210494600310667
0.9110078676889426
0.15839277742055599
0.18096161825846563
0.92591151665330429
0.72490078967569782
0.15225375086570431
0.56585500801385136
0.39435062578556718
0.72036836364561729
0.84597489566321993
0.9171764466576825
0.46656975927979272
0.19794770247094937
0.30449674061838278
0.49582557632462332
0.02285469483768883
0.93930148398202962
0.96976500070451011
0.96560429801147607
0.50337838449659955
0.59756944361481623
0.34397298336011539
0.2564992157921348
0.58499975467068177
0.27489034458495143
0.0074470083581325407
0.21658704763418402
0.88099165851811434
0.11885960545423273
0.55681041247400453
0.74301400835929898
0.60039597573252623
0.96836888304421553
0.81050443028005803
0.37735231386967677
0.59098405655377317
0.027023424468763307
0.42172451777235337
0.31365160914106832
0.35557632539878198
0.4193851690173136
0.23126416837204461
0.093543051045986078
0.016336237555073369
0.19262801710380908
0.54711997327015327
0.7124385646855661
0.86942459898729352
0.85779656978488195
0.31155399488388785
0.15863867943454049
0.0098246247933438582
0.94386208932805848
0.85540409005508344
0.79703173354076928
0.29088758320526731
0.64976211118895466
0.54160753555922581
0.031851207604363545
0.86840951368839914
0.18189727598037547
0.15469443093933236
0.13520588618674637
0.53177960336053531
0.6615051177276976
0.45492001746255428
0.83602037469782964
0.55866220804397926
0.38801856533471452
0.97878564716041228
0.2094389016914153
0.0085419515312093776
0.70658787465624806
0.15154213518822313
0.19984649276732203
0.12398732972444779
0.15844193213373467
0.92477511794902612
0.67844064026132234
0.077623013488549025
0.44499614264525611
0.81545485499672221
0.30039930671214649
0.52711721059935268
0.93166479087468479
0.88660089755394722
0.48634647473873083
0.70869594628691657
0.041193602007140409
0.84321096705444532
0.60534797360927628
0.72930516108658305
0.19547780134045203
0.81461523416776294
0.84852474044385751
0.47434609808695805
0.055689947140454152
0.53497234909954561
0.13641329461357479
0.81282692476114704
0.69413646085885639
0.95477534377963791
0.54539532476384345
0.005236595571497105
0.38424973564365417
0.99025768385695911
0.68859779140577548
0.40780157505722731
0.61302428703887379
0.56016814917992619
0.34415230617518933
0.87117021574637288
0.039698389018473515
0.10897754149535763
0.23240416954705614
0.60334277310839646
0.92598224994504763
0.901802632368089
0.804658610846406
0.70013474146811583
0.54988313026470437
0.80902171923289057
0.55392074525965751
0.71640758557186479
0.53531483861611373
0.056771524408638134
0.81156124979118327
0.87327015097243799
0.51659979227621133
0.76346742367626175
0.087322608211756678
0.45343469270906811
0.76312968461963282
0.86840951368839914
0.30499111538726792
0.51738852634411925
0.73288903151593476
0.59827584951978352
0.10055141782055106
0.69578433313952681
0.24106033988802134
0.93724233091140041
0.55034409537622908
0.1039528600245721
0.43872287143238575
0.44836148365418915
0.38002529607356744
0.41362002968113309
0.97044912634986491
0.93633002206906979
0.11207898476988032
0.68423111833644712
0.11932152366039252
0.57342341560255483
0.18035831135790645
0.71908786904300481
0.67027459633621844
0.41776221315957462
0.46495771381217676
0.91408112961750398
0.092305240009811593
0.69731364694075015
0.29909655850253741
0.50795606240308655
0.40232915126485297
0.34721042839654248
0.39886975942861502
0.36221575710812981
0.92211369366464291
0.012830054312330759
0.50516270063597957
0.033493642598620983
0.63374721299165548
0.70576753657976599
0.73080910432062596
0.49284065755230255
0.77809842276859575
0.91925813672994872
0.5443614070375824
0.87006886075319845
0.90622090491611018
0.2496805324393864
0.078443671375512378
0.14631733680243003
0.70154414749416349
0.29991029716707174
0.68352252207120301
0.14471632635592557
0.67536507421379466
0.25941242132981607
0.51513628289751767
0.23653103481095059
0.73115595851348525
0.0074998698040821951
0.32077262387002181
0.48492088079137807
0.30129731707636093
0.69354771045755104
0.22747383445218608
0.25780705752502914
0.96980803040325847
0.51998345244365307
0.18063233563392311
0.80625844451529771
0.50717326561587806
0.099198918180989734
0.67477340033050626
0.021911476092186865
0.30499111538726792
0.3856000134126169
0.23762290979809375
0.75271876074308564
0.9790281611444519
0.70974922499477633
0.65925210252061417
0.43737004463431972
0.4201980076111359
0.87417862744486352
0.8212968076313798
0.39523233677252817
0.20435462737349344
0.24009398663899409
0.97451560423161654
0.60558395022998601
0.078257682893782834
0.093605326807083167
0.29925917851529904
0.39229798514331349
0.28511437504053161
0.1014509580620561
0.26905389935090052
0.5369141585695294
0.82748526265973121
0.037910416554029484
0.35603478795679805
0.59827584951978352
0.96127718589724465
0.28175342031109718
0.44983806130279758
0.60310693912628488
0.64999940348307761
0.55438277951458992
0.39650804121263677
0.37659079756163433
0.72199675554087772
0.30375625636227299
0.77343327959424801
0.77721177402112085
0.91970079230977198
0.40411526657091662
0.41533460678574335
0.57424006435582053
0.71419058638561306
0.46581712350077475
0.94213539058638318
0.77831993949238654
0.47804006624983808
0.20611963566343364
0.24009398663899426
0.29033030731920578
0.86356718161222756
0.62012155408525382
0.81817495592458855
0.45683342967626905
0.20857425447315972
0.038948769454799553
0.68930538748182668
0.63742367843209968
0.2857429145972385
0.56260334606744533
0.56922832667955592
0.92829713037158612
0.17575221411232361
0.29096725781285115
0.3249784777181251
0.43664254806030045
0.94306391059168659
0.35594306423136374
0.67216925932975502
0.17197990370004318
0.27849900022169249
0.021911476092186865
0.43830637346248713
0.97967780173376895
0.58734496888471321
0.59368703238022769
0.23153200840814359
0.014490862107167908
0.70647070151280134
0.5405760651098328
0.7262929415299092
0.50806793192126687
0.030462151887346911
0.2810536854413751
0.69942974903401145
0.41644624055971752
0.79443394556243629
0.64798239487661857
0.98414010187241563
0.90534494146321332
0.62319988360228418
0.75703123484538593
0.71652419922463451
0.67311636175890865
0.051097515231263956
0.51491127629506128
0.53611428597806321
0.99522658538246711
0.71943718477789953
0.15809811871498991
0.95649428284823745
0.86748388550091637
0.48887341958128538
0.98904263311365559
0.34066688652400723
0.4644209875789389
0.49560419514195142
0.5047163688212728
0.2688284023967939
0.19384517705428631
0.90622090491611029
0.34721042839654237
0.35787253763289406
0.70647070151280134
0.11828439680692675
0.73496603548537243
0.53018585148471753
0.14263485963308462
0.48142005799133913
0.92102148275867401
0.61136975096377633
0.64940617099495346
0.88116873907701421
0.6551007880380243
0.67358985304257724
0.51840331877392198
0.71920431507180171
0.39542843586881382
0.32974483700337298
0.21741440890685976
0.18641030322373492
0.0064187062194600826
0.54585505424631742
0.020141668138373703
0.018703834919214742
0.89192003501660677
0.65142313229079618
0.3200042771445421
0.40760180604796348
0.71185422100426499
0.0093620336559169879
0.10922714126303827
0.41211060886382489
0.98700560424313288
0.1710343146086932
0.14080122612312793
0.43830637346248713
0.40183385036993885
0.15008038769279905
0.75089801591379846
0.54631491258175879
0.2810536854413751
0.49981790880886734
0.63552601928615249
0.39886975942861519
0.6022816421085011
0.42560584140081492
0.56051584481350791
0.66826089303233749
0.46442098757893913
0.68080506696445942
0.20465806641527978
0.76042369584268477
0.17240155948855726
0.50226456187872148
0.33324146006836514
0.68470344302659825
0.51851612231555322
0.88512256147556889
0.5331470729915383
0.93646077684773499
0.35164967415779608
0.86776185547985618
0.67074831745214869
0.50360127627732787
0.929198722149435
0.1751098612908151
0.22152430782677424
0.14673145297527831
0.54080522218761562
0.72246173246754186
0.71173733235480729
0.12354949653884931
0.33508734538565038
0.191820047493834
0.3379135533942228
0.033202440260922575
0.73242707532338469
0.88337254240140273
0.21971869981111097
0.33280299393608498
0.4208082305118922
0.71675740508709918
0.15682659448256109
0.90645913246732668
0.84052840524863803
0.99490094210148861
0.54827073679499971
0.14923713045681397
0.32558243390935482
0.82140055652050892
0.2657608428108903
0.32446142152749385
0.54942228975058605
0.015925961152623846
0.71699058227122947
0.90976392005523243
0.98202628560231253
0.18283691839986338
0.40930169099983243
0.16392783565103494
0.14895693964604734
0.84959863076169484
0.75499058327790647
0.115857329307824
0.44973250626232453
0.92014223639503701
0.37983397340285435
0.9581237753671259
0.14080122612312793
0.7518087493802631
0.15459809884950507
0.18206280540411213
0.9488725551085424
0.33835661201059924
0.7849377672236264
0.54321338412489872
0.35192268785565478
0.59874687178952413
0.53771445392413297
0.72490078967569793
0.74026010853440627
0.10118368997364531
0.75827640313984468
0.37072222395158971
0.37072222395158971
0.89595869044577825
0.34424199121281113
0.14004686786921602
0.84911086144448678
0.25239112253440321
0.52043526761376635
0.47499696908265654
0.040708965030787102
0.9085901728453416
0.13218532044587003
0.45449538075902851
0.63967744548556604
0.64121964636395434
0.83379989511277564
0.28253241356402742
0.77643519691569385
0.55449830681035372
0.90082594764736657
0.18680459918563305
0.30211536669460065
0.20134017261495119
0.44039102250926154
0.86319173585929221
0.37279788099507499
0.33280299393608515
0.38203784873150209
0.75180874938026321
0.15073904495680712
0.76963862610401668
0.67358985304257724
0.13671658824082772
0.18742558969993794
0.46067267517329624
0.84783983631981907
0.8108216747177367
0.58441377832286034
0.11207898476988032
0.81880077089114234
0.54344292314290077
0.8131429132474679
0.28268840300125153
0.17812423810023401
0.18567985215397045
0.694018720109431
0.33341695751559286
0.84132499726641019
0.47423766169894777
0.51558641528354765
0.90470545236034328
0.55126639742432904
0.30236109295232172
0.4041152665709164
0.65450765730351235
0.78350852102596558
0.25024931598568023
0.85318916911871978
0.38002529607356744
0.61136975096377633
0.7518087493802631
0.97577887236440009
0.40054778553541287
0.34245128464367192
0.50683793688846146
0.065843312258897585
0.45396487519577633
0.95936115213720974
0.76549144032569738
0.40790148132718396
0.27996776723556688
0.92619424365957082
0.94483611329203054
0.55738889883028075
0.6293607539306787
0.65142313229079618
0.56899550758928241
0.77187270044857981
0.35722861590629051
0.69919470935628536
0.24002507678156057
0.64703320398978481
0.61609855449819784
0.37983397340285435
0.99467578397659739
0.62829409369740441
0.87098692868874383
0.86785445856791199
0.47695217189561634
0.55542279369463632
0.28527141442929682
0.32205606950978155
0.11771161340843594
0.7518087493802631
0.98834061124890271
0.16734662511795598
0.68186863474726966
0.99716091960481867
0.97751132176902855
0.74587639114430759
0.95406633170257571
0.16362454948666488
0.25497980521107644
0.097830131864696829
0.89462026156421981
0.87571667593149882
0.51908028601483958
0.83762848195824124
0.50538592952036199
0.29104694836304268
0.35888595666297918
0.64952481794509953
0.84281461827068704
0.2336160262190278
0.71920431507180171
0.46861568351364835
0.37431211086406446
0.11627136507848806
0.02572795899759112
0.89106987028177131
0.92808823974604948
0.59380460916904454
0.4956041951419512
0.62568730413061269
0.46560219644525813
0.041046180844455708
0.48185700876419568
0.36333016129246504
0.1553701760867601
0.052538919905280944
0.59674549918834652
0.77465752885185712
0.84360694214662446
0.61136975096377633
0.50104058714441424
0.64869428540220531
0.92724956715339857
0.25332359240464852
0.14129118883658642
0.3510131904803917
0.56876271435811432
0.29033030731920578
0.8440025426622374
0.36156671936769752
0.72617697396655467
0.80219765551897182
0.058318008771412091
0.288583953186616
0.5105316645792366
0.80668437424742279
0.60652800203682067
0.52462180649622625
0.85115541030203012
0.16905228478991854
0.75021449620518044
0.093139154718819117
0.63137590980493341
0.890728963435236
0.94453272148756284
0.16806847522457896
0.07533531270857613
0.9073301645626799
0.86487793411466196
0.95351673704380646
0.74701950759269509
0.5036012762773282
0.53988879559511771
0.40880129020915079
0.14989264875222846
0.083336520097970032
0.43084664643040282
0.057149601400177996
0.51322499879738204
0.30979970853475253
0.33157739829193972
0.39818004578050326
0.15092768217968719
0.515248801106028
0.62699058788021256
0.16206505482311384
0.24593743681856695
0.58605484398980856
0.3056511760007084
0.1124079784739916
0.060299936343980093
0.89503936117474259
0.73888101016074514
0.87508433495462201
0.61870133030591168
0.12406708007740898
0.64110101188032353
0.034770632567795598
0.069473297192347766
0.44636168030321488
0.76616518239950693
0.81356396224704675
0.5056092003246464
0.24036977985927696
0.62438425627500083
0.53291907242337777
0.43208500650417414
0.13784817533262639
0.62805707674747757
0.12185080668883934
0.97381016040943924
0.39956019582219521
0.631257359139209
0.32713904301968894
0.50104058714441424
0.35980888084201529
0.42847867826901137
0.82922493442755529
0.70647070151280134
0.37821018561985487
0.35110406971368452
0.22602405329548286
0.90342037140887199
0.053376558427867302
0.70998321700975375
0.46603210024924457
0.51131661758853753
0.30186978414847154
0.08987322386104446
0.3811745072499772
0.68293192673919378
0.51592411865386179
0.5521891919499109
0.70518140212237101
0.5270036856508451
0.46045895189555108
0.97779843805646327
0.13235393655744854
0.32722567237034905
0.81796619163728457
0.70764215970130318
0.077728469288612989
0.69413646085885605
0.98148785052789667
0.82326454552757644
0.37916482267315466
0.78559654008937063
0.16910419704336879
0.54965269440229059
0.35824083564824566
0.69425419691779533
0.094136158822889227
0.50449326598796651
0.82160799328063683
0.023933695515425624
0.44994362943149202
0.47337060463796432
0.28229854865840753
0.76234118369257919
0.6554566576384927
0.93428525498576254
0.8624395897705025
0.28198695136414054
0.71943718477789953
0.80090994366360813
0.76267918842948745
0.90123344858784749
0.038808813176197304
0.50516270063597968
0.4778223922704945
0.48131084955372261
0.45513241313678698
0.45205773408798644
0.1436271359544373
0.92752967715920831
0.77097972580762109
0.41392230137228991
0.34415230617518933
0.8041244273967969
0.84261630402120058
0.25926616571445515
0.37488095729592497
0.5529970380309952
0.11851418881028833
0.34956125490634105
0.070698748794150501
0.55241996706699126
0.32713904301968894
0.34730064844073616
0.18052268471301486
0.081144345515305694
0.57214071980225167
0.3972943344773765
0.21230015571742475
0.36286555492374895
0.12323191491469365
0.71687399727052514
0.82728019179200485
0.29280417454593599
0.045899720598644174
0.79832695791630859
0.15426133552626844
0.46399183127780952
0.19723944281866618
0.18107148914109084
0.18057750330370451
0.39093321043381618
0.45152871910611658
0.20931520472492393
0.18162166933852522
0.35347242675519264
0.59839359874515918
0.41918210095699981
0.48876342716611154
0.71021718337462914
0.65296544048085747
0.19536081523090723
0.10734973000242762
0.74633376526316231
0.96734242534625969
0.59768716723683868
0.5036012762773282
0.0084654945223093109
0.48766412805247672
0.8837234760697017
0.050595417366601871
0.75135347246601236
0.41705331356641223
0.40223006175677556
0.56283542988167556
0.93846934422419948
0.88738010951607149
0.24071486750865534
0.058889839497826169
0.99631200209385917
0.63208724382386738
0.22707771445125605
0.25418667325769556
0.01440812712576596
0.034344169344657179
0.8244003710384088
0.8596042490972744
0.56295148214585145
0.30342756743659227
0.73150273332758164
0.74759066536038543
0.092891373791275503
0.46302696145865241
0.940127601144092
0.99745758202718682
0.17208523714221219
0.69566665919925552
0.90843312327423065
0.54781033622723674
0.85057234899786982
0.16616635223272988
0.066459000877535007
0.84842696918460281
0.17575221411232389
0.28597887957803897
0.47228787125173455
0.30855095738043087
0.34730064844073616
0.46249136150542092
0.4664622026743398
0.82067388806566155
0.65913351064459191
0.46538731912030007
0.1462254461320969
0.41020332358750905
0.0012562967733083512
0.95547817919243017
0.3913228474283274
0.84538418191477493
0.16900038582940385
0.049710076355558415
0.78603541131062715
0.3348232196300871
0.38059962851024637
0.63351005903490065
0.90188381867310219
0.76728703959413314
0.68434920501336749
0.59051423088796728
0.56597123686030337
0.10303377296702768
0.29128611567230334
0.86525148632991777
0.081915334532458389
0.89352703894436425
0.71768994070215753
0.53691415856952962
0.16211516574795509
0.90155888487290825
0.96241119877497816
0.83511329590669847
0.0091528891834055919
0.15354178688919676
0.91672696120734543
0.36398126091233723
0.84872021065210879
0.35511825311016365
0.19164727173279411
0.88054845624234634
0.34102326111761483
0.45385881283509943
0.13477689829853934
0.69895964874785377
0.34084504224560885
0.43167199956580099
0.50304412625626782
0.048357357207055605
0.91552247710897683
0.54321338412489872
0.038976816860462817
0.41594073839632784
0.68505764775600397
0.9278092348468896
0.82625357112667253
0.42888997296097331
0.43539696053150478
0.62166052452800535
0.26080497891707471
0.61467941801506232
0.2336160262190278
0.39268845793035695
0.73611863441804704
0.4307435393023592
0.15187387123413923
0.88608009920534814
0.40960210509810507
0.35631005275387562
0.081226639135110509
0.84192147178571719
0.00064934131359283866
0.30855095738043087
0.91030917179534376
0.28074310534582303
0.77465752885185712
0.97053399000241547
0.71267225545086843
0.334119581418241
0.50482793601552545
0.4912961125596178
0.23605457228274743
0.24762702585834157
0.41462810346315149
0.20740539539926472
0.91247420989239014
0.61290608583920392
0.27450850594958698
0.91124017970477889
0.51772670246132679
0.33455923645964719
0.54367249500275494
0.33579237766464831
0.27222578784161344
0.8516406219956304
0.14863061487347662
0.72315896309037131
0.72710448254919668
0.8496961119320583
0.085985008298434237
0.57599102611174802
0.45449538075902829
0.83146707867687941
0.025813748706161245
0.124266650472837
0.58019874592784348
0.95251826798115302
0.48876342716611099
0.67311636175890865
0.1695199738697884
0.23885596076658386
0.13038434902062687
0.32463370993832885
0.071184629860893439
0.22595832778688907
0.46045895189555108
0.45385881283509921
0.94287885283353867
0.93981057724142048
0.93335071483823084
0.030899914066737269
0.10412385159436567
0.92145928140812872
0.81050443028005803
0.80625844451529771
0.32325718527808134
0.60558395022998601
0.0033597130503241054
0.53462993833049577
0.66991928206374718
0.91977445050524143
0.32748565580948635
0.22734173398416063
0.34928946401536909
0.16662736673911399
0.50337838449659933
0.37298694526986592
0.3753554164705718
0.41948672429682426
0.016108442955281049
0.84301283931867665
0.30244303364106884
0.14877039395135797
0.34352495205212835
0.93207140821087853
0.26139301394398251
0.71838903724090997
0.91030917179534376
0.18584820877684888
0.65676145057500013
0.53622852751408723
0.8218153485884655
0.38367195067477844
0.97091408499159904
0.17926564458272773
0.28144226810497358
0.05102550781395105
0.8395305977409675
0.00086142756055358706
0.62379204350241668
0.078417077294844498
0.25678940912364562
0.51165317842975644
0.45672701991439024
0.29796000638102593
0.579146114466633
0.037529399854620546
0.038488683357350513
0.74312862774351285
0.6344587041694425
0.99792620943968802
0.46088644903039289
0.41857323699379134
0.47619135473315133
0.45195190507474703
0.33844527117200529
0.56341576005962601
0.76526675568459024
0.74003035708665643
0.52654967831699495
0.74404521323605377
0.66233505615567945
0.35420327997856693
0.0316079666156968
0.50493951372010315
0.54919191637086617
0.77787684774580534
0.8797488930965065
0.016448158634887144
0.90301712014366664
0.011861886906849625
0.21430898953714736
0.98695437525997454
0.77698996693993427
0.13675996308002308
0.57225729749345899
0.68080506696445942
0.33773644065192943
0.86618351401775051
0.2616137861865902
0.33254010456018207
0.50004011717940178
0.68706416318461194
0.24854594873263247
0.81430005572825415
0.058685029268795007
0.6680239471208913
0.15585437545550873
0.062863628010845302
0.75884190677292618
0.96783574256839744
0.40104213204127376
0.72013561413356908
0.91392871502595474
0.60782644584067258
0.40322161618667135
0.69931223181782654
0.70436056713588036
0.55184308654173497
0.33227735793432228
0.71838903724090997
0.93494856141549187
0.27873052975714802
0.33297833281655359
0.91054236347408957
0.63576321252570289
0.71687399727052536
0.75021449620518044
0.83146707867687941
0.096638172642392633
0.46840011340413534
0.60204587811034382
0.5268901699415105
0.5493070991479011
0.53668558029625668
0.8448912696972759
0.88538405921786434
0.34191530248253249
0.28969437699171674
0.058094751512051346
0.19782951596901902
0.59603943124750947
0.28668763424188887
0.97854142050144244
0.30896680861237202
0.43529325007789677
0.49660075629295031
0.51187760300097518
0.36230853884403397
0.94531966516527632
0.72292658432669477
0.068431526885813818
0.58558586302023008
0.13121936276090251
0.4414353662997782
0.51772670246132679
0.098024643980922185
0.90066272802936009
0.45704628761233013
0.96574343438539012
0.96657135343179323
0.78339847170173804
0.37488095729592502
0.42858148114607775
0.41614289646935659
0.16889662777873984
0.92087527935150515
0.20502267291790527
0.42950733060437007
0.63185012683571451
0.38957136507028767
0.93750171464583099
0.10759605484942604
0.38194186129360497
0.77743352325831594
0.30088889104459798
0.23026193392491515
0.29755485315220725
0.21576219783594758
0.03458188247677401
0.2032652519950828
0.093325375533207328
0.28795082743295874
0.051133553931714412
0.40114104543295825
0.82067388806566155
0.76807155504158187
0.079164781710738777
0.69601966640844037
0.15182644275419491
0.89403224191204977
0.73184942839904776
0.80529903473434283
0.10008776820925726
0.0089621971520632681
0.93494856141549187
0.15888490273181388
0.41392230137228991
0.97424264252022563
0.18918476617298682
0.076471463803372719
0.12192936369134863
0.0013046852067812008
0.81514014321172379
0.35010526029154848
0.16397842911330379
0.66778699319388768
0.3987711846374416
0.79367443637555224
0.73876602173875972
0.9996691079815555
0.021226298254079356
0.63149446191800984
0.53394535380456043
0.65830333644939087
0.88884542565516034
0.89495560229668092
0.018209863224415097
0.53394535380456032
0.99380410186041579
0.63291719631977328
0.28409517060024297
0.86571783152953696
0.46667732827546538
0.81702577068334303
0.67240604968158491
0.4829502030134567
0.9171764466576825
0.045186817784223052
0.79951206943384268
0.0048661302291857127
0.64489753746754297
0.65106720465429468
0.67985944902257989
0.26523976163531759
0.4307435393023592
0.77765521453779218
0.79139104738922617
0.64181282691968278
0.35824083564824577
0.34820371316412912
0.83893081591840668
0.88442395016335551
0.41000285963002553
0.72803145673846625
0.88953201874150278
0.8016614178360344
0.15263443448274788
0.077702093268471203
0.52462180649622625
0.06532292513701228
0.97384965602254014
0.50527430983514399
0.77964780918268917
0.79821911691011427
0.80796039956372323
0.95362694810120385
0.25469117497791677
0.34883679308164073
0.028254942566305546
0.9101535480491908
0.29025076024129393
0.17796167180414343
0.25613682605418647
0.55288160864969871
0.44352807306278941
0.88363578613731164
0.0069678459752413194
0.0085419515312093776
0.78317832729199088
0.32878771874393636
0.45226943111010731
0.56620371458714414
0.12307338974313453
0.44101746764258598
0.12402719934567215
0.53257713817000329
0.60499403624063108
0.28152003231537759
0.18719957932366496
0.6440670159744748
0.73922591700380702
0.0026509620790489204
0.011070151187888054
0.49250949925790111
0.98519113006453196
0.20032349042128142
0.33368032259154812
0.064226708177292743
0.865624615454338
0.169936602658526
0.29958461011914667
0.46829234681091081
0.24523607404111894
0.46753832572025522
0.67205086052124285
0.45704628761233035
0.43841047767632835
0.55057462450245864
0.37735231386967677
0.31113566911550777
0.73934086643173391
0.60983395245860983
0.46281268381219309
0.82738273780453053
0.040548596987643779
0.027831875293030422
0.87208501276128347
0.90582321899834661
0.46581712350077498
0.023051306298756388
0.24446636160048277
0.2752725793292079
0.42121532823009444
0.19187766767869072
0.35192268785565478
0.21690496609776883
0.78372857384179917
0.011523788586461921
0.25548550954302007
0.046540271350633662
0.3406668865240074
0.29658411346640584
0.69248766923231608
0.58980963823721155
0.28433013294566162
0.21677775411694009
0.28660882003464516
0.36036338179198457
0.94939423519119814
0.41968987733866886
0.23598656742078916
0.84410138415990454
0.063673878361816538
0.36165939249065904
0.23220267330067976
0.62237095101640105
0.40600574599587108
0.62959780769631646
0.5940397765320139
0.18019406158577136
0.54332814952494868
0.34648923399632786
0.79573405450544832
0.860173175636892
0.064360034816996467
0.23919935749434484
0.31096845054836603
0.6569986743529701
0.72907365539586755
0.36799749757424249
0.97950806197575035
0.77765521453779218
0.56946117156201925
0.61810967793914684
0.25053408093107671
0.43477490238953997
0.14919040094932717
0.23226982349158937
0.37157045842969855
0.39749105574454874
0.22734173398416063
0.20050260217041638
0.60818064025214458
0.67252444120111732
0.93166479087468479
0.63600040998073282
0.78383857730487083
0.85501983419304417
0.94006426775160024
0.030685915745377091
0.55472938382548087
0.75974608022681578
0.79204418361423445
0.85846362849417934
0.35092232691898329
0.38222986903994249
0.074900433073863001
0.39503629704325505
0.31466200676384348
0.56480925038841034
0.22288622079577119
0.88152255619785846
0.84803564343282034
0.15287277051865711
0.57330677600297286
0.037515858148800499
0.23865010699631611
0.22966223318737827
0.048700940545868612
0.66387617968651291
0.69601966640844082
0.84508850545233039
0.57260706790743798
0.88616697233122976
0.33871134351763105
0.49859653473087551
0.12901659214513
0.76008494338807342
0.59498062843019994
0.049429789951446972
0.24341976728864512
0.91385245827415496
0.50907522182478149
0.43882702970993837
0.25700721839620572
0.074366352850151057
0.75793695592615129
0.75101189684437708
0.99042677589957839
0.3085509573804307
0.22074903943393229
0.47131444855063243
0.71978643326028435
0.43966078184211177
0.027556521008788047
0.34648923399632786
0.69672554841552836
0.62675361027511944
0.82481277709437928
0.54367249500275494
0.12013363882654488
0.96438467629191416
0.19176244144250953
0.87098692868874372
0.29360546541085081
0.026963687359721454
0.067636236102742706
0.5614433433911914
0.83581895774939741
0.38898861534849155
0.024336992111420361
0.14947096435033039
0.039741217923000831
0.95864191262354093
0.28276642157135995
0.84330999589565658
0.20679232611252654
0.2986902878476565
0.87317915151868664
0.2743558813878994
0.35704477853541339
0.41695209912051767
0.83491147797868837
0.03364013532025778
0.43342879683922925
0.081639230757737893
0.8701607897839323
0.51389923979420293
0.17521678466692467
0.67702139186462484
0.13697701434043588
0.50918719439385729
0.74621943762765741
0.65747311070164005
0.37081641078032329
0.75294614992224118
0.78625475337174178
0.61290608583920403
0.4123116781792302
0.50594418502441185
0.36240133609021818
0.081418948673862998
0.62118695272557467
0.79084631877444211
0.03453171057629769
0.90115201108289367
0.54723501388152962
0.27865333737159287
0.85463517818672585
0.34084504224560874
0.11458570488206789
0.11233479583592988
0.02292290154815917
0.43830637346248702
0.14349147982774885
0.28253241356402742
0.56655248113838308
0.27557865237659412
0.69154510304221817
0.54413173700974693
0.32214175998237715
0.3108848652097283
0.87281487832513016
0.03030642610670041
0.45152871910611692
0.020484456807282385
0.37402789418092275
0.87544583982578739
0.28027771185012851
0.58125183445962847
0.69672554841552836
0.97432081036414553
0.37251439955594368
0.16367506449987193
0.91940582308664776
0.2701080978682151
0.59756944361481623
0.31155399488388785
0.13868017121959797
0.4055077410642996
0.63434011931573475
0.23755455268339221
0.44762416036636521
0.21349107584669058
0.94194871784238055
0.95910510495240731
0.74679096947636159
0.627820066763356
0.72930516108658305
0.58148591556122398
0.66352055878347616
0.53714277135414057
0.42550344214025165
0.21766948742371814
0.94281709507597333
0.40381725151182657
0.98439993954863181
0.62438425627500083
0.13819796676743704
0.33915511358170064
0.88240508780238391
0.71255541341747497
0.32957067254389205
0.090023536859033096
0.93091605973881464
0.8732701509724381
0.3768762518065471
0.90709299556579137
0.28779270529934919
0.60357862243189508
0.95251826798115302
0.88240508780238402
0.86794703484858826
0.84940359568691215
0.7662774271191739
0.52462180649622625
0.55449830681035372
0.0026444934261108939
0.78152531027446104
0.45715273577770543
0.040128610802216656
0.44762416036636521
0.57447344745804352
0.34802297453148612
0.34721042839654248
0.67950478919043533
0.59145395932285993
0.5902793471516361
0.36790377249763467
0.49593628340125084
0.94088481547381397
0.48920346485904953
0.26139301394398251
0.83177201439614334
0.96602072131161931
0.21639647489868943
0.15163685423660334
0.9749410071315503
0.81890500354287743
0.56039993919431552
0.0021297035234091577
0.36212299088397465
0.76896734588727989
0.58125183445962847
0.96967883250371345
0.79724777540102731
0.30788642568538421
0.74964459137933326
0.9270391224748401
0.95961628364578178
0.89276718717815728
0.93987405339972852
0.6226077778608794
0.63718645748620939
0.75714449185813826
0.87661764732411451
0.2657608428108903
0.96357386916273635
0.032096195987734388
0.68859779140577548
0.55970465427234761
0.72710448254919668
0.61952975060519977
0.89861195079207479
0.5002623686189458
0.73485072440634092
0.99699923526994938
0.68682816053885809
0.63908432142225147
0.50605586749818821
0.96518491662223527
0.020607659668746676
0.90237027573301687
0.98496772212712314
0.447940077093546
0.87580689884312324
0.058379032942318533
0.0093839286344311948
0.62118695272557445
0.2962610442977156
0.21130140565886868
0.10081721122743514
0.53052722114066231
0.5933343296953959
0.87245016513496132
0.89192003501660677
0.16729516363827149
0.1043636558856464
0.99929976243049179
0.44510110445914908
0.034046076486760841
0.37992962714372597
0.69543129676999893
0.71278909077271213
0.95145150928198796
0.91725124420089443
0.035638395460152808
0.73899598885467277
0.81419495749857906
0.29553507225004449
0.097409860449817726
0.19848025134254349
0.7250168471766637
0.65830333644939087
0.33368032259154823
0.74507558025219089
0.14236525621406726
0.078310781977519978
0.78713149528638304
0.91695185392020562
0.78559654008937063
0.88961770888666791
0.22800284127574882
0.54758018346152371
0.68305005288365261
0.24840440528684773
0.83004146656394828
0.77676810212846747
0.96967883250371345
0.7934572841155465
0.21818035919724862
0.13383723934676187
0.30896680861237225
0.96611285825077897
0.67418165944176422
0.37317607084711191
0.007889393397865133
0.38957136507028794
0.79008301744874765
0.17066775631478526
0.93043739724234431
0.18929872428746286
0.98541242976273213
0.41594073839632784
0.84832917384017903
0.82491582663568574
0.21055481671243381
0.4889834233388346
0.95042876563263834
0.89902366258983979
0.998157366439831
0.91559800644930378
0.68269566391871617
0.33561602457232337
0.67891362639461517
0.34784229873422406
0.49019421169257871
0.058705480992959157
0.98018181385000247
0.077570333848891254
0.99692101956235046
0.61846466162624225
0.29577691931046241
0.60534797360927628
0.013159093144220427
0.66067511252740008
0.94349445428385181
0.37897377356300993
0.71815603433596598
0.94823095337061636
0.10936999470351456
0.14627138532798156
0.97412512244032501
0.46056580720974039
0.38309470966212639
0.84920846372444503
0.67938656290653698
0.68115961965416671
0.73738540684691944
0.49361374994270102
0.2271436966627704
0.69448965491405157
0.97964392330028138
0.85134956847666232
0.74850395698906891
0.35092232691898329
0.27154374982887791
0.30334543512686524
0.54367249500275494
0.96889678615519637
0.046507223093523384
0.4259131229618478
0.87381556842435404
0.44185347952198517
0.22314638313533916
0.4208082305118922
0.13422096250720231
0.3914202940239111
0.42961027198749763
0.13452006719764659
0.88841533903416359
0.77676810212846747
0.77854139780338594
0.70799347774557919
0.6636391006596507
0.74335783579585268
0.58711035446582738
0.35146774334243208
0.44447153279798546
0.9837894463251281
0.78152531027446104
0.39611524993994707
0.65427040011751858
0.099856652435006493
0.38840640530468401
0.69790161971019682
0.47023402488649579
0.69448965491405157
0.78789781815324622
0.56562257039613162
0.3697812011498593
0.91062002894416927
0.65106720465429468
0.12442650700879841
0.24002507678156057
0.37072222395158955
0.030063217809232969
0.043016680036489702
0.40381725151182651
0.98783242738937815
0.74747645529324491
0.70518140212237124
0.32385891341925388
0.0020542405633306405
0.14942417271676145
0.073936519446412968
0.8667414559305473
0.95042876563263834
0.74060466148301407
0.10759605484942605
0.070481082166417131
0.96779107762859684
0.064005054824581839
0.75453658871594653
0.68056868200790177
0.24720379175461513
0.00020016567466135809
0.2442567646643049
0.052816783531366519
0.18278153483666262
0.38280629327950938
0.0069104170146660412
0.80965761672614667
0.78372857384179917
0.72849474129312575
0.41392230137228975
0.74060466148301418
0.068737840562858282
0.16362454948666488
0.036937842230009094
0.49228878284629374
0.70260068470296555
0.98491154002534975
0.37706663089299136
0.20931520472492393
0.1065438613497847
0.82584233402180152
0.75362804289375462
0.204172738268105
0.34856537890088352
0.8537682436161288
0.19216598067296325
0.0023208332955316179
0.29064865503508436
0.79334868311793583
0.20974840087033816
0.77854139780338594
0.45545110320360793
0.2966649206574547
0.058318008771412091
0.29048944929566356
0.93368526995504997
0.23274030118045239
0.67796760528025501
0.43726607584434307
0.096798492938851038
0.097055495437657333
0.60145653724143056
0.39034920335850898
0.53794318704382316
0.4862367447076491
0.47521402221536857
0.18495175413457013
0.52802574197460816
0.97991397844838379
0.31013331553556933
0.2332789040256513
0.91423341226464361
0.14353668639123643
0.3186415148069256
0.91620104632424737
0.24481599895908981
0.67394494465969834
0.98093951587964567
0.36706094078475521
0.98028168073756417
0.82274743645243609
0.62485806369522745
0.50170804952038162
0.6534399796163799
0.089393723288762841
0.03504920247592775
0.31466200676384348
0.94404542108779332
0.099955644251251252
0.83106019367735395
0.44352807306278952
0.71395707198636194
0.04248181411466332
0.82191899566222526
0.0006023277456840302
0.47738718689285708
0.2301952398018931
0.54539532476384323
0.24671072394570326
0.79465079807955907
0.80508563254983623
0.70130930076459397
0.15253918814312983
0.54355770497131695
0.97857641498329218
0.5382863509264193
0.15604841143674408
0.74770486465672814
0.47163881335377822
0.152348846352238
0.48623674470764933
0.53177960336053498
0.7554443910856472
0.035036495247384114
0.24762702585834176
0.089753134439192028
0.89968078510693528
0.73646423138637607
0.4630269614586523
0.53862959167870894
0.49195779201831924
0.67808586856272857
0.96414730082536249
0.20974840087033816
0.056435184853425156
0.58582034307015718
0.11816964635056691
0.820466086178125
0.85636297342376555
0.8016614178360344
0.83410331940525106
0.96675373005885279
0.37298694526986564
0.22734173398416063
0.04811817815853036
0.39729433447737628
0.61775471769355939
0.56562257039613151
0.25260607406141888
0.48535931794956921
0.73634904182105476
0.49328235790526032
0.70775927188707233
0.60004252821466242
0.058542049222964208
0.4647429859039266
0.14705423209523572
0.10855082014990343
0.95401153657680793
0.22029779484764547
0.63090171593171429
0.93846934422419948
0.5902793471516361
0.58722765912048946
0.69719603724566248
0.4809832945381326
0.19954883697383269
0.99136210140201997
0.43270492923178533
0.5270036856508451
0.37355450585213873
0.92541542231111562
0.22727570642774961
0.41816761145234632
0.9101535480491908
0.30162434531228327
0.94752601986802287
0.39631161594653819
0.57937999274232954
0.67051146139753759
0.8970403852961002
0.21355390355623111
0.019059283139955079
0.52643619963278399
0.70060462990921213
0.2282677078225
0.91377616856402555
0.6266351242515541
0.48174775352811383
0.14984574515212221
0.35649364062289329
0.96087820563794135
0.19588770179224985
0.32463370993832885
0.45078864513616257
0.7538552486582486
0.84142446749837285
0.34361452679788795
0.84862248760425474
0.24755644807609861
0.5270036856508451
0.91262787424273661
0.91347068032588741
0.53200742581483929
0.21430898953714744
0.50985924528137172
0.21818035919724849
0.3130632716858685
0.056435184853425156
0.31991898496209348
0.39122541576921971
0.62059504071081606
0.41766089911748039
0.56469308880228564
0.48623674470764933
0.71594105979021205
0.39621342553457478
0.22445080201479004
0.86702006726446479
0.91308807958175564
0.12114576903869649
0.79918906490859176
0.41816761145234616
0.62071341837149174
0.039769794328420656
0.057329492546864022
0.019009138501182157
0.51401164835356261
0.27458484199180522
0.62710907944092886
0.14673145297527834
0.0045047615231439469
0.91185824164993778
0.64786374614496256
0.98751085082721934
0.99596711323715892
0.51064377018517304
0.64359243850070658
0.20386988013780036
0.16301938796658674
0.10699869666149425
0.61964810637569889
0.3617520811341276
0.73968565596522695
0.84469393958015038
0.72234549992776886
0.89927031687900549
0.50527430983514354
0.020407808646173323
0.65581252023412451
0.63623761156553871
0.057229489233216503
0.23707648204362897
0.61444293534390426
0.69989976519146269
0.72942090103172297
0.40114104543295825
0.10745523707990841
0.20906798678228375
0.82460661561617998
0.88442395016335551
0.50739687002204703
0.40900140710233079
0.58523418223285129
0.17377788116365689
0.35411186860843291
0.9275296771592082
0.75158113343336042
0.47738718689285708
0.15421327711637223
0.90740915661280874
0.018661605148126578
0.50572085143154566
0.47239609006707872
0.046888587662865674
0.74427425644438583
0.87399715326343752
0.51075588598097843
0.089095194085937898
0.83065296202926553
0.46035210923525249
0.3130632716858685
