0.445416
0.461207
0.311219
0.066918
0.861874
0.424582
0.201041
0.173831
0.105570
0.809022
0.111860
0.639915
0.598040
0.015373
0.438306
0.738881
0.712088
0.777988
0.118399
0.254259
0.910775
0.783619
0.475865
0.198007
0.603697
0.936982
0.466032
0.735658
0.427554
0.400844
0.750898
0.871262
0.428787
0.289694
0.515361
0.534972
0.040973
0.374881
0.913471
0.308136
0.287951
0.100618
0.508068
0.252678
0.688952
0.987685
0.993417
0.405707
0.567250
0.694136
0.104295
0.957968
0.977113
0.522131
0.060953
0.093139
0.779095
0.295132
0.101351
0.070096
0.756011
0.058014
0.197181
0.967567
0.777434
0.491186
0.048995
0.257880
0.009181
0.263311
0.614679
0.643948
0.714774
0.898282
0.445416
0.595804
0.947703
0.424685
0.020029
0.544017
0.610779
0.885384
0.449310
0.460886
0.426836
0.359901
0.554267
0.160170
0.398476
0.401141
0.492068
0.960678
0.689187
0.163221
0.730578
0.595216
0.198184
0.498819
0.248971
0.289297
0.980282
0.489974
0.159576
0.817235
0.234901
0.271771
0.085237
0.272757
0.433222
0.143040
0.265314
0.758955
0.847154
0.913623
0.506391
0.370157
0.099989
0.618820
0.813248
0.084637
0.484483
0.173300
0.437890
0.713724
0.880193
0.958539
0.853093
0.157706
0.422948
0.834609
0.766951
0.205998
0.616808
0.048753
0.629716
0.137674
0.623318
0.138724
0.138636
0.389183
0.275808
0.807323
0.763130
0.013900
0.101920
0.211925
0.278345
0.898282
0.429816
0.140268
0.817653
0.108586
0.068455
0.020538
0.975514
0.551266
0.137543
0.290330
0.445521
0.050792
0.889361
0.338800
0.726525
0.300889
0.201400
0.485140
0.102797
0.504716
0.003964
0.613497
0.209315
0.407003
0.490194
0.756238
0.569228
0.926124
0.853479
0.530527
0.679268
0.238856
0.901396
0.517839
0.186861
0.039343
0.384732
0.461207
0.298609
0.050275
0.754196
0.202542
0.900418
0.867577
0.165451
0.585469
0.491517
0.676903
0.671932
0.676312
0.723043
0.702014
0.706471
0.192686
0.190900
0.701074
0.729652
0.421215
0.288822
0.599571
0.354752
0.225105
0.500374
0.730231
0.036224
0.206609
0.356677
0.285822
0.573773
0.609243
0.321457
0.048033
0.185120
0.601339
0.429816
0.755558
0.128605
0.694019
0.667313
0.697196
0.419487
0.251819
0.520887
0.328266
0.430537
0.346039
0.236735
0.611724
0.664469
0.179266
0.971790
0.543787
0.696373
0.215509
0.268303
0.588401
0.033640
0.421725
0.440182
0.451634
0.830449
0.374312
0.902775
0.170145
0.905105
0.883021
0.424174
0.798974
0.949625
0.211863
0.673827
0.263237
0.524395
0.647389
0.962558
0.823368
0.246429
0.190041
0.180962
0.053395
0.392688
0.609952
0.095999
0.567134
0.102729
0.106614
0.276422
0.112591
0.921313
0.790301
0.150975
0.900989
0.632324
0.085495
0.093232
0.278576
0.962801
0.042695
0.509859
0.634459
0.459605
0.264942
0.801447
0.259339
0.417155
0.722229
0.570626
0.601339
0.820362
0.417762
0.293044
0.745076
0.086564
0.354752
0.377352
0.245516
0.290888
0.423561
0.323687
0.168430
0.339155
0.064941
0.879838
0.629716
0.392688
0.485908
0.677968
0.658303
0.103339
0.604876
0.105259
0.194078
0.285114
0.019619
0.244536
0.958435
0.067566
0.476626
0.559010
0.916351
0.770645
0.618346
0.474780
0.183114
0.841524
0.319322
0.689541
0.353929
0.979166
0.337559
0.679741
0.153064
0.537829
0.350468
0.304497
0.142455
0.941449
0.823781
0.609716
0.804018
0.798543
0.851835
0.786145
0.834508
0.661979
0.179866
0.616572
0.922186
0.710685
0.873816
0.253611
0.456940
0.773322
0.923342
0.884599
0.229929
0.750214
0.165655
0.174896
0.242377
0.585351
0.511541
0.820050
0.395625
0.423050
0.898530
0.356769
0.677849
0.840927
0.745648
0.947585
0.892767
0.431053
0.010285
0.575407
0.705181
0.161016
0.350287
0.711620
0.788663
0.245096
0.965558
0.823575
0.707174
0.447729
0.104501
0.866277
0.006620
0.223277
0.015071
0.972283
0.231599
0.811878
0.902936
0.144853
0.584414
0.773322
0.866834
0.000054
0.121420
0.937825
0.184896
0.571908
0.152111
0.954340
0.578562
0.062300
0.300399
0.179538
0.220040
0.162366
0.727684
0.257953
0.736234
0.189014
0.824297
0.071944
0.336675
0.267179
0.643592
0.483826
0.136847
0.448361
0.622845
0.747476
0.626280
0.488434
0.546660
0.656050
0.130760
0.636949
0.684822
0.889361
0.927320
0.993499
0.511541
0.584414
0.340934
0.834002
0.621661
0.517839
0.361474
0.842120
0.643118
0.475214
0.107843
0.408101
0.351923
0.655694
0.465495
0.186917
0.656524
0.409101
0.443423
0.974671
0.104845
0.005548
0.412412
0.437266
0.974632
0.901640
0.172877
0.467215
0.666010
0.785377
0.271847
0.317452
0.231331
0.223733
0.935806
0.600514
0.631613
0.316520
0.070288
0.583828
0.800265
0.126237
0.882229
0.422948
0.931257
0.368091
0.122638
0.844990
0.111496
0.968633
0.461956
0.761214
0.710100
0.888759
0.113806
0.701427
0.563996
0.068903
0.830755
0.909842
0.360271
0.035471
0.200981
0.067799
0.134306
0.628531
0.759972
0.165655
0.948231
0.990531
0.918072
0.156875
0.954503
0.777877
0.954612
0.584414
0.742555
0.137020
0.858178
0.846172
0.417762
0.561095
0.629835
0.244047
0.444786
0.083449
0.730231
0.961128
0.824813
0.894368
0.335440
0.148537
0.130135
0.945018
0.599925
0.453859
0.419791
0.859319
0.642762
0.203930
0.110015
0.829429
0.898447
0.770421
0.752036
0.482403
0.325496
0.085956
0.207958
0.601339
0.490635
0.678559
0.834911
0.519306
0.735312
0.330355
0.664350
0.324203
0.748162
0.179157
0.511092
0.834103
0.310217
0.413117
0.297474
0.361011
0.972568
0.503601
0.315252
0.180304
0.105535
0.300889
0.056573
0.467969
0.274127
0.757597
0.923774
0.390836
0.319493
0.547005
0.853093
0.194252
0.718273
0.894620
0.174363
0.105293
0.251962
0.200204
0.954612
0.012149
0.213491
0.778763
0.241891
0.443528
0.904064
0.666602
0.118093
0.525756
0.604640
0.920582
0.053508
0.105605
0.856171
0.966981
0.658185
0.235579
0.182118
0.641813
0.336057
0.357873
0.294167
0.703539
0.277882
0.223211
0.558431
0.909373
0.264868
0.045445
0.447729
0.112371
0.275120
0.262572
0.491296
0.121420
0.826767
0.869701
0.891070
0.306230
0.499707
0.298284
0.526323
0.245587
0.084694
0.463456
0.953130
0.959921
0.068455
0.752719
0.568646
0.507956
0.063388
0.493945
0.475648
0.666128
0.033408
0.579146
0.322142
0.576225
0.496601
0.791718
0.387534
0.915144
0.212175
0.328093
0.122994
0.932207
0.531096
0.844299
0.795193
0.939238
0.183503
0.942508
0.049605
0.012149
0.536571
0.178939
0.557273
0.300889
0.071136
0.426323
0.677258
0.166218
0.151211
0.202722
0.810610
0.220749
0.867484
0.870345
0.718506
0.981869
0.119244
0.727220
0.162015
0.963766
0.247345
0.103612
0.801876
0.026696
0.322828
0.752491
0.683877
0.628057
0.999498
0.879571
0.036818
0.079218
0.812300
0.384346
0.736003
0.882405
0.488983
0.804659
0.905345
0.305651
0.416750
0.150975
0.709515
0.650949
0.143944
0.694607
0.595686
0.356953
0.436746
0.194194
0.618820
0.435293
0.182284
0.414426
0.252965
0.752491
0.653915
0.800373
0.692959
0.608771
0.997904
0.572957
0.335881
0.410304
0.050560
0.587110
0.872906
0.700957
0.030585
0.187087
0.432188
0.044914
0.049605
0.068033
0.001493
0.702601
0.002489
0.650711
0.195010
0.730462
0.185792
0.939238
0.216143
0.988507
0.203688
0.437890
0.032260
0.441435
0.246992
0.428684
0.616927
0.087880
0.952407
0.565623
0.481748
0.817966
0.517163
0.026082
0.410103
0.365006
0.654864
0.179811
0.792044
0.382902
0.321799
0.860078
0.077597
0.952071
0.577393
0.676430
0.297798
0.277420
0.759746
0.555885
0.819426
0.415739
0.177205
0.088560
0.285429
0.892259
0.177691
0.343615
0.622371
0.070024
0.182948
0.645728
0.467431
0.284644
0.806152
0.582071
0.341380
0.976415
0.330442
0.505833
0.438931
0.767623
0.300399
0.675365
0.355393
0.364726
0.881080
0.712789
0.499152
0.184784
0.775213
0.879125
0.234021
0.068033
0.785377
0.303263
0.953241
0.098970
0.989473
0.887898
0.694372
0.553459
0.641338
0.964715
0.261908
0.364726
0.333593
0.588870
0.770421
0.730693
0.253755
0.328440
0.401438
0.307886
0.505944
0.055205
0.065143
0.186185
0.821608
0.767847
0.772653
0.409702
0.889361
0.825328
0.122638
0.987209
0.856554
0.103680
0.991806
0.685648
0.572607
0.154598
0.856363
0.031504
0.070747
0.604404
0.257516
0.008532
0.701544
0.889532
0.808810
0.875446
0.804979
0.342988
0.361196
0.698489
0.779758
0.208266
0.633391
0.021514
0.180413
0.455132
0.894284
0.514686
0.358241
0.024829
0.135808
0.980048
0.012659
0.079703
0.134093
0.229529
0.773433
0.711971
0.850670
0.203386
0.234021
0.145446
0.605938
0.915598
0.054742
0.890217
0.102797
0.116498
0.265910
0.716641
0.976229
0.446046
0.565506
0.325669
0.660438
0.750328
0.156827
0.769527
0.917625
0.692134
0.624503
0.635170
0.179702
0.741753
0.156340
0.339866
0.477061
0.133922
0.676193
0.750556
0.038935
0.282065
0.927670
0.555423
0.394351
0.451529
0.813669
0.533375
0.931325
0.916050
0.396312
0.951734
0.471206
0.373555
0.991844
0.041699
0.323687
0.085352
0.687418
0.380312
0.358978
0.371665
0.209686
0.326360
0.673590
0.929613
0.367529
0.778763
0.256354
0.902127
0.821712
0.326966
0.471639
0.949798
0.688834
0.123153
0.820882
0.194485
0.873361
0.599807
0.076264
0.400548
0.788882
0.410404
0.828714
0.145446
0.202421
0.969894
0.831772
0.464743
0.439974
0.810610
0.563184
0.748504
0.373460
0.260145
0.033763
0.812616
0.289933
0.455983
0.438931
0.451634
0.155903
0.325582
0.340044
0.631613
0.876708
0.685412
0.056672
0.856937
0.482076
0.512439
0.891665
0.404115
0.928088
0.718622
0.329832
0.088116
0.421725
0.599571
0.060615
0.608181
0.325237
0.517050
0.173619
0.257661
0.952407
0.421012
0.174150
0.345499
0.508851
0.811878
0.014463
0.225171
0.729884
0.109549
0.557736
0.442481
0.126846
0.316436
0.269807
0.066367
0.668379
0.696843
0.897703
0.529390
0.173300
0.224582
0.630783
0.794651
0.770980
0.017789
0.735773
0.747248
0.733697
0.895123
0.785706
0.949336
0.828714
0.246500
0.977076
0.019946
0.258901
0.690720
0.151400
0.357504
0.051841
0.345769
0.681041
0.746562
0.189641
0.704243
0.643474
0.302033
0.964479
0.255052
0.246359
0.280898
0.039414
0.216778
0.777655
0.315252
0.623081
0.100784
0.607118
0.262720
0.267179
0.704361
0.804018
0.392396
0.526436
0.374881
0.150080
0.074139
0.599571
0.101351
0.125269
0.728611
0.139958
0.919332
0.328701
0.638135
0.919995
0.623318
0.955100
0.861308
0.466677
0.614206
0.978225
0.666010
0.420096
0.764930
0.813985
0.859984
0.225105
0.518855
0.329136
0.450366
0.054474
0.691663
0.235104
0.594393
0.319834
0.628057
0.197652
0.644542
0.632087
0.633984
0.505051
0.008633
0.647864
0.364354
0.599689
0.246500
0.726873
0.732196
0.459498
0.663876
0.220105
0.017174
0.098512
0.178558
0.944533
0.541493
0.937825
0.653915
0.772542
0.900826
0.415739
0.222561
0.587932
0.899517
0.600396
0.862722
0.446151
0.649169
0.331228
0.342273
0.015332
0.276422
0.705885
0.398673
0.792914
0.375925
0.507061
0.801125
0.547695
0.135895
0.681160
0.919848
0.790192
0.062516
0.581837
0.672406
0.124187
0.833496
0.952686
0.365192
0.221718
0.036951
0.562835
0.875626
0.891325
0.316520
0.597334
0.925060
0.014792
0.936395
0.313147
0.193903
0.709749
0.867762
0.831365
0.909452
0.965604
0.674182
0.406105
0.651898
0.466355
0.891580
0.481529
0.649881
0.219398
0.753628
0.783509
0.277267
0.599689
0.487005
0.648813
0.088768
0.259998
0.375260
0.882317
0.071209
0.301624
0.971583
0.365659
0.116800
0.691074
0.424787
0.683404
0.957024
0.975171
0.872359
0.459818
0.635407
0.276345
0.951055
0.829225
0.610070
0.801339
0.372420
0.242168
0.801339
0.722694
0.901803
0.802198
0.756238
0.521226
0.299910
0.879215
0.560748
0.654508
0.663876
0.033628
0.529162
0.823471
0.307140
0.605938
0.678322
0.755218
0.930232
0.270787
0.289536
0.401735
0.788335
0.178070
0.758616
0.712789
0.825534
0.202481
0.277343
0.549653
0.986877
0.937890
0.176504
0.521000
0.561559
0.431672
0.271619
0.571674
0.662454
0.165809
0.890644
0.095554
0.080898
0.317452
0.525642
0.047542
0.218180
0.468292
0.487005
0.464743
0.596745
0.088234
0.649050
0.203205
0.899024
0.536686
0.520096
0.637898
0.281520
0.265389
0.171612
0.549653
0.741408
0.850864
0.637542
0.537714
0.094607
0.534402
0.302935
0.612079
0.230596
0.008851
0.852125
0.623555
0.261393
0.412111
0.478802
0.802733
0.094042
0.319748
0.634933
0.181842
0.844990
0.117103
0.273365
0.599571
0.993945
0.850670
0.144489
0.076290
0.981134
0.607118
0.537714
0.485030
0.243420
0.752378
0.664706
0.845680
0.326620
0.196298
0.882317
0.542525
0.105813
0.708696
0.348204
0.031309
0.411106
0.193671
0.294248
0.565623
0.925770
0.171612
0.873634
0.752946
0.547465
0.690013
0.960174
0.736579
0.176182
0.874360
0.219333
0.468292
0.009322
0.069808
0.159033
0.156827
0.435708
0.401141
0.961921
0.117331
0.884161
0.355851
0.397688
0.985467
0.123788
0.535657
0.131261
0.621897
0.006454
0.096478
0.354386
0.020677
0.016929
0.409502
0.202181
0.322656
0.109334
0.619293
0.092059
0.778652
0.734389
0.941949
0.296988
0.400647
0.419791
0.366967
0.798974
0.263311
0.497598
0.164739
0.156875
0.214814
0.252749
0.632443
0.462706
0.887207
0.070723
0.303345
0.518291
0.298122
0.228665
0.162718
0.717107
0.967702
0.436123
0.371853
0.212363
0.322485
0.702835
0.321371
0.556695
0.267928
0.998087
0.397294
0.237350
0.337914
0.761101
0.951846
0.215889
0.495162
0.535087
0.934352
0.254187
0.417053
0.086101
0.663521
0.009322
0.746905
0.695078
0.148026
0.284565
0.775436
0.134349
0.135722
0.791827
0.402527
0.395134
0.068880
0.142905
0.805192
0.151637
0.873816
0.882317
0.958228
0.665417
0.614088
0.656999
0.093730
0.136587
0.420503
0.298284
0.101351
0.404911
0.782407
0.997756
0.456195
0.938854
0.345679
0.696843
0.372042
0.969463
0.309966
0.530186
0.212175
0.591689
0.993134
0.733235
0.737040
0.106509
0.309050
0.715124
0.958539
0.805299
0.024820
0.236872
0.286924
0.305074
0.668616
0.821297
0.808385
0.589575
0.293124
0.551958
0.202481
0.176504
0.357045
0.141604
0.880193
0.429199
0.814615
0.700252
0.006328
0.675957
0.600985
0.088353
0.334647
0.818801
0.379643
0.875897
0.663521
0.086245
0.378592
0.386180
0.118975
0.854635
0.144352
0.257516
0.060489
0.432602
0.669209
0.155467
0.313820
0.274661
0.235647
0.802841
0.560864
0.009613
0.602517
0.550690
0.966845
0.530527
0.323601
0.860363
0.551958
0.188843
0.883373
0.610070
0.958228
0.950714
0.607000
0.029811
0.604758
0.787022
0.620358
0.420503
0.655575
0.743702
0.643355
0.782407
0.488214
0.856459
0.530527
0.959870
0.731387
0.134563
0.810081
0.328093
0.786255
0.583945
0.680332
0.949855
0.369311
0.446467
0.240991
0.218564
0.663521
0.039230
0.551497
0.521000
0.973889
0.168120
0.732081
0.328180
0.641813
0.787022
0.577042
0.762116
0.420300
0.233549
0.577042
0.295696
0.934551
0.261614
0.873452
0.086245
0.059384
0.285900
0.034645
0.204537
0.679150
0.332277
0.034821
0.856076
0.255702
0.682578
0.587228
0.462706
0.203265
0.729305
0.917699
0.608063
0.613142
0.032319
0.544821
0.678086
0.012591
0.251819
0.658541
0.698842
0.557968
0.514911
0.475540
0.542869
0.643830
0.015135
0.356769
0.578211
0.138988
0.811983
0.182560
0.648694
0.139693
0.294891
0.893443
0.149424
0.020662
0.146088
0.744160
0.214561
0.313063
0.844101
0.913318
0.527571
0.322828
0.811983
0.881257
0.632324
0.761214
0.065098
0.862251
0.018114
0.635170
0.680214
0.320516
0.264348
0.950257
0.630546
0.956175
0.238033
0.513337
0.966388
0.359994
0.550344
0.585586
0.814195
0.232471
0.518855
0.873452
0.961822
0.925699
0.496268
0.118170
0.788773
0.933217
0.840329
0.129844
0.847056
0.251318
0.129595
0.889017
0.138505
0.338623
0.618110
0.012964
0.950657
0.853093
0.564693
0.593099
0.672880
0.740375
0.830347
0.613261
0.120172
0.463134
0.577159
0.777766
0.145996
0.583828
0.574473
0.499263
0.082581
0.077781
0.911395
0.986540
0.137717
0.128646
0.853189
0.371853
0.159724
0.833800
0.463134
0.218628
0.313147
0.993804
0.311303
0.934086
0.802626
0.643474
0.175699
0.438931
0.028547
0.752719
0.259778
0.676193
0.239818
0.340578
0.047491
0.747819
0.787460
0.655694
0.108126
0.391518
0.055631
0.274509
0.270561
0.680805
0.909530
0.595686
0.170302
0.697902
0.775769
0.188275
0.961822
0.964052
0.326879
0.225236
0.920729
0.270108
0.566087
0.648694
0.876708
0.737501
0.879749
0.354112
0.563648
0.022191
0.915749
0.713840
0.537714
0.772430
0.475105
0.173353
0.087001
0.199133
0.726061
0.812616
0.422336
0.537143
0.714424
0.671932
0.868964
0.217160
0.701309
0.556695
0.734620
0.446151
0.295052
0.676667
0.416446
0.706705
0.243141
0.651067
0.419284
0.205753
0.476735
0.983374
0.085927
0.483169
0.923774
0.685766
0.393470
0.758842
0.333593
0.898447
0.630783
0.527004
0.782077
0.392493
0.643948
0.331752
0.187595
0.552420
0.618346
0.917027
0.798758
0.426631
0.688716
0.464421
0.785157
0.452693
0.643118
0.401141
0.236667
0.937177
0.197004
0.188275
0.436643
0.899927
0.968809
0.094356
0.332190
0.741064
0.051477
0.933952
0.416649
0.800480
0.081584
0.141425
0.177583
0.231867
0.440078
0.300644
0.723624
0.743702
0.938469
0.936199
0.295374
0.621779
0.765828
0.549998
0.364726
0.481748
0.998212
0.528139
0.109620
0.620713
0.166987
0.298447
0.309550
0.488104
0.999208
0.816503
0.713840
0.758842
0.360178
0.350287
0.799835
0.810293
0.864130
0.902289
0.232337
0.247556
0.268453
0.072462
0.031666
0.203145
0.152064
0.925557
0.462813
0.512327
0.595451
0.804124
0.847840
0.470234
0.475865
0.656761
0.837628
0.798650
0.071895
0.801339
0.548271
0.364167
0.165400
0.481420
0.055127
0.554383
0.074214
0.463134
0.346129
0.116234
0.436643
0.708696
0.263829
0.760762
0.759633
0.255847
0.068080
0.462277
0.772542
0.917774
0.036592
0.665061
0.613497
0.615152
0.686710
0.674418
0.811139
0.960073
0.735197
0.083449
0.116460
0.886080
0.969115
0.843211
0.854346
0.959870
0.411709
0.056593
0.674063
0.707876
0.879125
0.742211
0.342630
0.296665
0.062951
0.867391
0.338002
0.948348
0.534059
0.625924
0.807748
0.634577
0.117179
0.712439
0.940317
0.404513
0.789428
0.781194
0.058095
0.886254
0.042894
0.155612
0.321457
0.745762
0.851447
0.789974
0.258026
0.469155
0.690838
0.946875
0.075515
0.467646
0.332803
0.511653
0.615271
0.170302
0.196533
0.404016
0.267478
0.669209
0.189641
0.626635
0.491517
0.116234
0.524395
0.259632
0.493724
0.203205
0.088619
0.609125
0.331403
0.461742
0.559125
0.437058
0.015175
0.148444
0.564693
0.444262
0.040172
0.870804
0.494609
0.002903
0.992345
0.498042
0.648694
0.581018
0.800265
0.307803
0.200801
0.166371
0.727336
0.873816
0.098122
0.928228
0.279890
0.156632
0.580082
0.145401
0.313652
0.557157
0.866927
0.237213
0.448467
0.544706
0.752378
0.917251
0.611370
0.492841
0.020708
0.462813
0.345050
0.088560
0.376591
0.758390
0.756805
0.900336
0.266059
0.853575
0.989225
0.454814
0.302361
0.646203
0.686120
0.816817
0.192339
0.484483
0.402726
0.366313
0.993218
0.614798
0.652728
0.918518
0.730693
0.260071
0.087498
0.721415
0.123629
0.065911
0.524395
0.776102
0.036698
0.441122
0.993867
0.656168
0.186242
0.194020
0.681160
0.958642
0.323171
0.422540
0.890302
0.390544
0.825637
0.165860
0.871353
0.381079
0.151211
0.393372
0.935608
0.394155
0.740375
0.664232
0.748047
0.862063
0.040287
0.386760
0.971665
0.935081
0.433843
0.563532
0.848427
0.518065
0.130259
0.340044
0.841921
0.591806
0.951734
0.288980
0.774324
0.135292
0.164232
0.566669
0.831467
0.075772
0.931868
0.384057
0.416143
0.860647
0.136197
0.574123
0.960124
0.705533
0.467108
0.807110
0.271998
0.485140
0.149940
0.712322
0.183447
0.353564
0.094512
0.717923
0.020142
0.990258
0.052631
0.245727
0.926124
0.863192
0.258463
0.162818
0.415840
0.065911
0.869240
0.116838
0.979542
0.423254
0.768632
0.974632
0.516149
0.101518
0.175645
0.788773
0.862910
0.815035
0.142590
0.289536
0.938790
0.524622
0.336410
0.858273
0.906300
0.837829
0.630665
0.406704
0.640389
0.001202
0.443528
0.148864
0.364167
0.202542
0.037733
0.261835
0.479238
0.273518
0.452481
0.492509
0.652965
0.743472
0.036145
0.921750
0.770980
0.222237
0.206670
0.068150
0.119437
0.763918
0.397491
0.163120
0.427349
0.875265
0.989584
0.893021
0.482513
0.307637
0.998051
0.509299
0.016980
0.558546
0.541952
0.167707
0.186917
0.080298
0.731272
0.110519
0.369969
0.207590
0.593452
0.131052
0.963333
0.413822
0.404911
0.765604
0.274432
0.259705
0.095618
0.298772
0.869240
0.832178
0.306064
0.370252
0.606764
0.212926
0.650593
0.692252
0.877336
0.044516
0.990236
0.075876
0.611015
0.986670
0.186748
0.363330
0.965511
0.984572
0.579614
0.001796
0.978225
0.436954
0.537829
0.819634
0.560052
0.372325
0.407602
0.206548
0.547925
0.235240
0.899927
0.921823
0.304250
0.025181
0.624029
0.409702
0.052244
0.065639
0.819426
0.731965
0.102156
0.081446
0.137674
0.404215
0.743243
0.960073
0.849891
0.452164
0.773879
0.963044
0.502265
0.359347
0.339688
0.699195
0.836524
0.336057
0.394546
0.076993
0.472613
0.818384
0.308884
0.874813
0.097701
0.679623
0.264645
0.852222
0.935871
0.161515
0.031689
0.729305
0.457046
0.781415
0.355943
0.298772
0.309383
0.925699
0.583359
0.402627
0.158393
0.700017
0.354112
0.705416
0.479565
0.329658
0.820154
0.221136
0.475431
0.881434
0.704830
0.361845
0.352196
0.345499
0.986903
0.550459
0.497487
0.654626
0.899024
0.546545
0.024940
0.947231
0.577977
0.239956
0.823265
0.159378
0.942322
0.945380
0.348565
0.144262
0.678086
0.393568
0.475214
0.841226
0.158737
0.392688
0.231666
0.876977
0.474346
0.850572
0.040230
0.098806
0.775880
0.425811
0.307140
0.719786
0.731503
0.101050
0.622253
0.259559
0.538286
0.171769
0.290888
0.285586
0.476735
0.535886
0.243002
0.147239
0.825637
0.504382
0.381558
0.501041
0.405209
0.438723
0.378592
0.539202
0.810822
0.734735
0.462706
0.109441
0.309383
0.624266
0.651423
0.463563
0.458751
0.880371
0.323773
0.690838
0.433429
0.617518
0.088323
0.907882
0.335264
0.789646
0.260365
0.850183
0.426631
0.285979
0.584179
0.559821
0.850475
0.683995
0.818488
0.819113
0.658778
0.253899
0.127335
0.940885
0.071185
0.465925
0.006536
0.183447
0.898612
0.601692
0.233886
0.246500
0.880193
0.421215
0.514236
0.492068
0.385310
0.891240
0.750442
0.125591
0.856841
0.631969
0.106789
0.511092
0.172560
0.877964
0.311303
0.874088
0.033603
0.093139
0.468939
0.944289
0.901803
0.951790
0.910930
0.132565
0.259998
0.599100
0.911472
0.358517
0.320516
0.726409
0.783178
0.073158
0.111824
0.153064
0.268303
0.390155
0.179593
0.109441
0.360733
0.434360
0.910930
0.736234
0.929957
0.650474
0.751467
0.873906
0.588284
0.313736
0.901152
0.047965
0.710100
0.577276
0.581954
0.369405
0.961723
0.283001
0.190441
0.748846
0.971913
0.752719
0.046955
0.587228
0.365939
0.811244
0.503601
0.941324
0.250249
0.143718
0.920289
0.036632
0.896708
0.500151
0.148398
0.019356
0.737501
0.024023
0.471963
0.635763
0.027354
0.013841
0.796708
0.907409
0.802412
0.893527
0.756125
0.964998
0.500262
0.138023
0.291446
0.025331
0.798866
0.990065
0.022940
0.575991
0.620240
0.949683
0.883723
0.019999
0.006506
0.596275
0.298690
0.624503
0.681278
0.720136
0.208266
0.063104
0.651067
0.660082
0.120561
0.456727
0.716058
0.121772
0.356769
0.652372
0.062278
0.291845
0.974979
0.720252
0.676903
0.940128
0.612788
0.542525
0.897123
0.392493
0.666602
0.331053
0.906459
0.217096
0.108444
0.013636
0.536114
0.226024
0.967836
0.155951
0.609834
0.148258
0.245446
0.787351
0.315844
0.221589
0.034859
0.560400
0.583359
0.421215
0.000881
0.158983
0.723159
0.251747
0.670748
0.577393
0.275579
0.053621
0.972201
0.634222
0.939620
0.398279
0.368091
0.549768
0.337029
0.568414
0.653203
0.096510
0.211052
0.007580
0.394644
0.347842
0.630665
0.197770
0.510083
0.110231
0.121146
0.575407
0.654389
0.365752
0.034620
0.316944
0.255558
0.513113
0.472829
0.380600
0.261614
0.860930
0.465065
0.490745
0.090657
0.121772
0.231130
0.861214
0.226682
0.928575
0.431156
0.229662
0.185288
0.793240
0.555307
0.917699
0.432395
0.450366
0.410404
0.011671
0.014764
0.509859
0.522923
0.374691
0.893358
0.824710
0.399462
0.203628
0.031585
0.070578
0.177205
0.405209
0.353290
0.738191
0.370440
0.069117
0.950543
0.780753
0.528935
0.323085
0.804231
0.434464
0.920948
0.252176
0.285979
0.313147
0.887726
0.365846
0.925415
0.697314
0.243141
0.117597
0.434671
0.466785
0.322656
0.573773
0.847742
0.090234
0.054954
0.771873
0.713724
0.110303
0.499374
0.203749
0.644898
0.349199
0.827485
0.731156
0.105362
0.335087
0.277805
0.664824
0.940317
0.641338
0.417256
0.633510
0.291925
0.950771
0.737155
0.213554
0.231130
0.582188
0.123868
0.741293
0.747020
0.896042
0.525075
0.465925
0.776990
0.957602
0.761778
0.697078
0.207712
0.748162
0.926828
0.917176
0.744160
0.788007
0.748390
0.254043
0.739915
0.809234
0.454071
0.489974
0.311387
0.208944
0.314325
0.823884
0.639915
0.247698
0.848427
0.018662
0.688126
0.889189
0.300236
0.988483
0.889618
0.743358
0.426836
0.959972
0.851641
0.269656
0.519306
0.018508
0.092059
0.205632
0.331665
0.136240
0.373271
0.417357
0.952630
0.201400
0.382134
0.966067
0.832077
0.196886
0.724436
0.124387
0.798327
0.842219
0.234156
0.707057
0.884599
0.952239
0.265686
0.974360
0.957497
0.252821
0.619648
0.310885
0.280588
0.921605
0.067660
0.213554
0.716174
0.342183
0.937177
0.192397
0.661268
0.788117
0.156291
0.735427
0.184226
0.968633
0.024683
0.171875
0.190041
0.316944
0.703891
0.545740
0.177367
0.798543
0.644067
0.061080
0.123987
0.135722
0.120561
0.615744
0.744847
0.872724
0.304744
0.972405
0.853286
0.362401
0.659371
0.394057
0.695196
0.698137
0.181622
0.588988
0.271392
0.410705
0.009498
0.423458
0.049851
0.443319
0.034998
0.780532
0.832584
0.843805
0.726757
0.288346
0.585351
0.784278
0.902694
0.622726
0.207344
0.497376
0.317792
0.642999
0.406404
0.162969
0.285114
0.572957
0.627109
0.906538
0.559010
0.594393
0.436850
0.243838
0.869425
0.741408
0.238239
0.609598
0.922186
0.769415
0.934152
0.469047
0.716174
0.561907
0.405408
0.171927
0.809869
0.664350
0.045042
0.093325
0.927670
0.722927
0.121185
0.599689
0.882052
0.278268
0.995626
0.426426
0.397491
0.185400
0.709983
0.088857
0.411709
0.373933
0.332453
0.048272
0.140224
0.564345
0.590749
0.180852
0.019247
0.570742
0.685058
0.239199
0.194602
0.427041
0.752832
0.019678
0.085409
0.561211
0.251176
0.680332
0.549653
0.700370
0.864784
0.161615
0.466677
0.822333
0.332453
0.413519
0.259705
0.948989
0.395919
0.596510
0.642050
0.935279
0.917251
0.774546
0.775769
0.154694
0.143853
0.123589
0.452905
0.040215
0.403619
0.891070
0.948172
0.882669
0.710334
0.470558
0.600632
0.654270
0.896957
0.464421
0.201400
0.469047
0.514574
0.312308
0.929888
0.321115
0.932544
0.244956
0.437682
0.247133
0.392103
0.442063
0.910465
0.184170
0.481311
0.111714
0.321713
0.167192
0.374976
0.198066
0.177691
0.609362
0.896625
0.470342
0.840628
0.524055
0.844694
0.758390
0.666958
0.825225
0.125873
0.205510
0.895458
0.367155
0.266357
0.691663
0.429610
0.142995
0.748504
0.720019
0.735197
0.504270
0.972324
0.958331
0.453435
0.632680
0.964290
0.323601
0.633984
0.292964
0.981837
0.773322
0.581603
0.285350
0.965465
0.444367
0.855212
0.218308
0.840728
0.661624
0.615034
0.396705
0.292884
0.131219
0.247063
0.634814
0.784938
0.862816
0.296746
0.958590
0.429301
0.821504
0.207651
0.305156
0.828509
0.253036
0.514574
0.801447
0.564112
0.209068
0.780642
0.338091
0.586524
0.651660
0.890558
0.647152
0.222756
0.598747
0.443214
0.632443
0.426016
0.292884
0.189926
0.078897
0.662216
0.894620
0.691545
0.729652
0.937242
0.584062
0.214309
0.354569
0.760311
0.563300
0.146824
0.487994
0.898777
0.522470
0.901396
0.929819
0.744389
0.639915
0.163574
0.747476
0.021155
0.196416
0.756125
0.493614
0.216778
0.412211
0.441749
0.431878
0.487005
0.874903
0.691074
0.829123
0.297717
0.076264
0.551497
0.056692
0.912397
0.817444
0.589810
0.577159
0.492178
0.808067
0.856937
0.212175
0.796275
0.319408
0.320602
0.221589
0.391713
0.700135
0.682696
0.578795
0.437266
0.928088
0.796167
0.253036
0.798435
0.929819
0.637780
0.132270
0.033215
0.380887
0.180194
0.613024
0.143989
0.390933
0.234562
0.133327
0.939937
0.148212
0.945199
0.900499
0.295213
0.997780
0.935411
0.027516
0.394546
0.663283
0.399659
0.677021
0.676075
0.323945
0.815979
0.971665
0.068998
0.946638
0.807216
0.549077
0.788773
0.912474
0.304991
0.716524
0.587110
0.741982
0.925060
0.403619
0.958487
0.863098
0.766951
0.911935
0.267853
0.934418
0.184449
0.128728
0.561211
0.974979
0.544132
0.095079
0.318897
0.144671
0.224124
0.093046
0.530527
0.869056
0.896791
0.245376
0.485140
0.675010
0.844990
0.715591
0.597805
0.638254
0.825019
0.187087
0.710568
0.448678
0.176289
0.242030
0.917699
0.203991
0.798435
0.389571
0.932477
0.269355
0.139737
0.185848
0.587110
0.981837
0.195244
0.466355
0.748047
0.300399
0.818697
0.895207
0.832280
0.480001
0.433843
0.700017
0.243072
0.939747
0.564925
0.002764
0.470558
0.536000
0.316013
0.256717
0.260071
0.405807
0.039343
0.580667
0.214057
0.857510
0.264571
0.328614
0.132649
0.917251
0.733004
0.626043
0.484483
0.484592
0.004359
0.890985
0.238582
0.495715
0.857319
0.299259
0.573773
0.386953
0.138856
0.171454
0.792805
0.662335
0.837528
0.956281
0.413419
0.236804
0.036197
0.961028
0.517614
0.440182
0.533603
0.281831
0.361938
0.642762
0.779648
0.923126
0.781746
0.381462
0.485030
0.754423
0.831060
0.195302
0.396508
0.208081
0.934750
0.909217
0.563532
0.887639
0.104364
0.195127
0.542066
0.098187
0.452799
0.077045
0.898777
0.299097
0.928853
0.292644
0.953627
0.421826
0.745304
0.199608
0.927039
0.882493
0.563996
0.252678
0.631494
0.445206
0.635645
0.061591
0.140180
0.863848
0.138944
0.511317
0.762116
0.205023
0.002662
0.601221
0.296261
0.719903
0.793131
0.540003
0.252391
0.177637
0.322742
0.191302
0.950028
0.323000
0.556926
0.765154
0.989111
0.175591
0.875897
0.546085
0.913088
0.385890
0.046162
0.872815
0.969246
0.109692
0.743014
0.414830
0.564229
0.280433
0.948231
0.076523
0.634814
0.489644
0.950486
0.591924
0.912474
0.078951
0.494830
0.461635
0.320773
0.535429
0.060070
0.516825
0.934750
0.860836
0.432292
0.084098
0.374123
0.861780
0.345769
0.561327
0.959565
0.826664
0.666010
0.160022
0.774546
0.635170
0.101317
0.112628
0.864878
0.313483
0.925060
0.031516
0.903823
0.255558
0.445836
0.047711
0.354112
0.850670
0.874813
0.423050
0.560284
0.148258
0.905185
0.579731
0.253899
0.223667
0.163625
0.093512
0.179866
0.864410
0.273213
0.825534
0.441853
0.551843
0.081062
0.952127
0.941699
0.902613
0.686120
0.432912
0.844793
0.002323
0.067219
0.007120
0.753969
0.225367
0.989495
0.304167
0.751240
0.903420
0.914841
0.618110
0.139826
0.323343
0.669209
0.514574
0.426016
0.100220
0.208389
0.338534
0.999074
0.822437
0.465387
0.726409
0.905185
0.516825
0.504493
0.516938
0.398870
0.298203
0.157804
0.272605
0.231398
0.561327
0.119090
0.891410
0.522357
0.112408
0.738421
0.751467
0.787131
0.557505
0.475648
0.264571
0.511092
0.552074
0.535201
0.255124
0.771650
0.428787
0.150975
0.977258
0.540232
0.293205
0.408401
0.694843
0.306560
0.362401
0.633629
0.275273
0.608063
0.566785
0.093077
0.312895
0.878053
0.881964
0.643118
0.164029
0.992843
0.878501
0.667787
0.846663
0.992543
0.380791
0.712205
0.976004
0.017469
0.738421
0.816712
0.005105
0.979235
0.886341
0.364633
0.314157
0.940507
0.022383
0.808916
0.249326
0.299178
0.274585
0.770421
0.283079
0.779095
0.561791
0.582657
0.557968
0.557157
0.570742
0.985740
0.037179
0.504493
0.038281
0.304909
0.740145
0.442795
0.022043
0.629361
0.212738
0.142006
0.632324
0.388892
0.496047
0.791391
0.658185
0.101451
0.544017
0.278422
0.438202
0.493945
0.950085
0.379834
0.612315
0.035703
0.346129
0.024738
0.468400
0.497709
0.645016
0.883723
0.769974
0.186298
0.495936
0.189299
0.114884
0.408001
0.092675
0.206181
0.973968
0.249326
0.792153
0.446257
0.267478
0.369405
0.768296
0.921823
0.042756
0.621897
0.780311
0.481966
0.761890
0.653203
0.902613
0.031366
0.029898
0.623910
0.990943
0.819322
0.178450
0.821193
0.733004
0.052724
0.290489
0.611015
0.640389
0.821919
0.198658
0.426118
0.725829
0.191015
0.933618
0.966205
0.691309
0.531324
0.037179
0.763017
0.631020
0.659964
0.383961
0.270863
0.476952
0.588636
0.056337
0.974864
0.383672
0.791391
0.014792
0.261393
0.931529
0.605466
0.567483
0.876348
0.477496
0.418776
0.610897
0.670038
0.817444
0.988601
0.157951
0.010135
0.720950
0.447835
0.817757
0.833699
0.714307
0.555307
0.616808
0.447308
0.200204
0.344242
0.561791
0.820362
0.499707
0.590044
0.898034
0.541149
0.910387
0.800695
0.158344
0.104914
0.732889
0.682459
0.970449
0.220040
0.471639
0.462384
0.925982
0.051713
0.256064
0.971458
0.902451
0.589223
0.507956
0.122047
0.914765
0.232270
0.542869
0.267928
0.397688
0.335792
0.310801
0.940570
0.633154
0.864504
0.627702
0.641576
0.973373
0.543558
0.706705
0.763017
0.253827
0.490965
0.977870
0.810504
0.283939
0.523829
0.117674
0.332540
0.201880
0.361289
0.596510
0.423152
0.941199
0.519532
0.051713
0.389183
0.533147
0.596863
0.867298
0.764705
0.418472
0.428068
0.220685
0.071895
0.310050
0.417560
0.580667
0.001303
0.666721
0.717107
0.809658
0.698254
0.642762
0.221460
0.207037
0.679623
0.211115
0.545051
0.173566
0.709047
0.770198
0.539774
0.930848
0.723391
0.985604
0.739341
0.780753
0.465387
0.786255
0.459711
0.774213
0.853961
0.087440
0.473262
0.655338
0.749417
0.362587
0.423867
0.877605
0.698960
0.386276
0.581837
0.342094
0.214624
0.265389
0.338445
0.675483
0.932544
0.512327
0.660319
0.403519
0.421215
0.706705
0.637305
0.033972
0.377067
0.537257
0.687536
0.902370
0.726873
0.284017
0.037597
0.628413
0.993450
0.774546
0.225761
0.460780
0.693430
0.429404
0.423254
0.096478
0.469586
0.009624
0.385697
0.865997
0.615980
0.466570
0.665773
0.186298
0.600749
0.001477
0.783509
0.187200
0.347571
0.706471
0.526096
0.221524
0.122244
0.111278
0.006818
0.930232
0.662928
0.348927
0.813459
0.694254
0.069640
0.969980
0.430744
0.284487
0.460673
0.735197
0.199192
0.218436
0.453223
0.957077
0.272681
0.459818
0.550114
0.673590
0.158589
0.449944
0.394057
0.081860
0.727568
0.018169
0.966617
0.204901
0.222496
0.811244
0.445836
0.642643
0.350559
0.209563
0.542754
0.029745
0.518178
0.672880
0.637305
0.382038
0.570742
0.080953
0.862440
0.931936
0.271468
0.250819
0.605230
0.906221
0.401735
0.605702
0.200981
0.517614
0.187030
0.247909
0.181787
0.241683
0.925841
0.398180
0.053508
0.371476
0.231733
0.539545
0.608417
0.554267
0.028453
0.551151
0.344601
0.229197
0.753855
0.211925
0.690720
0.033836
0.557852
0.947526
0.358794
0.285822
0.359347
0.117788
0.124227
0.420503
0.265389
0.111860
0.607000
0.886167
0.241683
0.737385
0.956335
0.641457
0.808916
0.954449
0.148631
0.451740
0.530641
0.625687
0.094293
0.987857
0.031527
0.153733
0.070675
0.044786
0.650711
0.860173
0.691899
0.497155
0.945921
0.023000
0.976673
0.464421
0.328962
0.803376
0.730693
0.672880
0.741408
0.785157
0.906538
0.741293
0.358517
0.473912
0.441540
0.871811
0.233954
0.389863
0.359809
0.675247
0.343615
0.373555
0.401933
0.168793
0.484373
0.848525
0.517727
0.729999
0.080027
0.110555
0.845483
0.402032
0.189071
0.219077
0.439869
0.439348
0.927460
0.859129
0.295132
0.530641
0.587580
0.842517
0.065053
0.310133
0.853479
0.070192
0.234562
0.462063
0.989043
0.785377
0.755444
0.218756
0.689659
0.935740
0.175003
0.248617
0.612079
0.701074
0.640271
0.458431
0.772542
0.170720
0.777212
0.220169
0.870345
0.364820
0.159329
0.855404
0.405807
0.797895
0.196005
0.939046
0.458858
0.020538
0.619293
0.694136
0.296907
0.849988
0.659015
0.249467
0.823265
0.589692
0.741408
0.083280
0.103919
0.127416
0.200861
0.027904
0.815874
0.920875
0.004083
0.592982
0.605938
0.769862
0.186467
0.763130
0.948931
0.713490
0.252033
0.907488
0.404811
0.428068
0.442690
0.980447
0.896292
0.656168
0.699665
0.248758
0.025350
0.214877
0.492399
0.568646
0.224255
0.273822
0.477822
0.914993
0.005484
0.292724
0.863755
0.411910
0.909373
0.435501
0.515136
0.304332
0.889789
0.270485
0.640745
0.303017
0.797895
0.473804
0.786035
0.191878
0.326533
0.756805
0.043776
0.927809
0.216079
0.783949
0.205814
0.696255
0.222107
0.535772
0.909764
0.574940
0.298122
0.613734
0.649288
0.458858
0.315844
0.217542
0.428787
0.311554
0.796599
0.151684
0.261467
0.589692
0.659964
0.017142
0.607236
0.308800
0.553112
0.470234
0.784938
0.858464
0.815979
0.867854
0.906062
0.414225
0.769191
0.902532
0.967387
0.343883
0.199489
0.786693
0.318982
0.995639
0.185792
0.528708
0.835214
0.094670
0.783178
0.288901
0.326447
0.812194
0.344870
0.755444
0.563880
0.715941
0.418979
0.521339
0.170930
0.725829
0.695314
0.039870
0.468077
0.027811
0.579497
0.820985
0.854250
0.900418
0.579497
0.758276
0.622845
0.367061
0.241752
0.579848
0.814615
0.755218
0.848329
0.086419
0.312895
0.385021
0.733813
0.662809
0.935806
0.072760
0.172033
0.991283
0.804872
0.786584
0.960728
0.003774
0.353016
0.999673
0.837829
0.161215
0.262351
0.100352
0.233414
0.650118
0.659964
0.523602
0.054455
0.096159
0.389863
0.069378
0.042527
0.224974
0.889960
0.132607
0.868779
0.974282
0.746677
0.580667
0.469694
0.106544
0.579965
0.868132
0.344063
0.734620
0.063850
0.041386
0.160817
0.328180
0.922186
0.017535
0.226024
0.493724
0.283001
0.204537
0.308800
0.433636
0.076706
0.129844
0.639440
0.538058
0.845187
0.085380
0.017856
0.210369
0.031070
0.223472
0.319322
0.239474
0.659489
0.872359
0.100352
0.395821
0.925344
0.042164
0.174789
0.187935
0.990511
0.385214
0.161115
0.442167
0.260805
0.668142
0.937112
0.026687
0.774769
0.830653
0.570509
0.683168
0.469371
0.917550
0.588870
0.966936
0.847448
0.753969
0.801232
0.740949
0.055495
0.650118
0.990800
0.474238
0.366687
0.257807
0.903984
0.089214
0.442272
0.005156
0.901233
0.874451
0.322485
0.342094
0.621187
0.462277
0.835819
0.305404
0.375071
0.095777
0.256572
0.895207
0.310801
0.395232
0.329571
0.064449
0.995908
0.426836
0.452269
0.387922
0.210741
0.547695
0.007730
0.305569
0.028558
0.690484
0.907804
0.292644
0.607472
0.574240
0.927739
0.696020
0.886948
0.933752
0.702483
0.563996
0.279503
0.120367
0.452481
0.317368
0.459498
0.678559
0.618346
0.486017
0.170511
0.437578
0.959259
0.217989
0.358609
0.590632
0.529845
0.568064
0.848916
0.395821
0.665654
0.250819
0.043310
0.086593
0.001532
0.073609
0.415133
0.563996
0.238650
0.494830
0.681632
0.257880
0.990800
0.091631
0.253827
0.197298
0.120639
0.354112
0.838230
0.589340
0.763467
0.698019
0.709749
0.499041
0.349018
0.555076
0.749645
0.695078
0.702483
0.703891
0.338357
0.340934
0.292964
0.450260
0.427862
0.649525
0.458005
0.155709
0.534059
0.923270
0.856459
0.025804
0.444891
0.046839
0.943002
0.828407
0.714891
0.453435
0.653915
0.259632
0.614206
0.852319
0.405408
0.941073
0.649288
0.642050
0.121380
0.906935
0.945320
0.873270
0.283704
0.023467
0.902775
0.652491
0.474129
0.992963
0.823161
0.351559
0.756805
0.118744
0.048426
0.174629
0.163271
0.780753
0.633391
0.984285
0.238513
0.330093
0.334823
0.226616
0.360271
0.760988
0.744045
0.543213
0.817757
0.257880
0.480110
0.885035
0.255775
0.647033
0.409202
0.472721
0.395428
0.621661
0.973652
0.253252
0.389960
0.313820
0.500485
0.537028
0.155757
0.986170
0.464636
0.766726
0.216016
0.898034
0.888329
0.534402
0.195127
0.051951
0.378878
0.397491
0.114103
0.423050
0.786584
0.972487
0.163221
0.790519
0.280898
0.509859
0.117369
0.339510
0.989270
0.389183
0.209686
0.047005
0.316774
0.831874
0.098578
0.003208
0.261982
0.142545
0.764705
0.980645
0.416143
0.908433
0.530527
0.243559
0.526777
0.017768
0.948931
0.089036
0.497487
0.214687
0.918814
0.371665
0.778431
0.168845
0.092428
0.170302
0.281598
0.068056
0.959921
0.959667
0.928158
0.000309
0.227342
0.855212
0.667195
0.520774
0.480110
0.535087
0.134863
0.022158
0.575874
0.279890
0.031184
0.851544
0.330966
0.335528
0.011972
0.515812
0.559010
0.152777
0.806365
0.945380
0.443633
0.126602
0.721532
0.773211
0.784828
0.118438
0.416952
0.584883
0.847840
0.358057
0.798219
0.415335
0.500485
0.348023
0.985495
0.286924
0.091753
0.925912
0.963140
0.089903
0.440809
0.512214
0.262867
0.576692
0.795842
0.145309
0.398968
0.072834
0.774991
0.613142
0.816712
0.992720
0.213052
0.169416
0.747705
0.222432
0.190441
0.445416
0.223472
0.023907
0.590044
0.382134
0.561443
0.724320
0.520435
0.488763
0.591689
0.019760
0.882405
0.681396
0.679387
0.570276
0.735888
0.112189
0.725829
0.690838
0.935543
0.520774
0.870069
0.613261
0.284957
0.224516
0.082609
0.560400
0.139826
0.656999
0.748162
0.143401
0.962215
0.162266
0.418472
0.352651
0.688716
0.023607
0.166064
0.340578
0.341558
0.665773
0.992963
0.962313
0.736579
0.799512
0.679741
0.690366
0.464314
0.470882
0.419690
0.338268
0.990300
0.061122
0.347933
0.300971
0.659371
0.318386
0.836624
0.598158
0.947290
0.756011
0.821815
0.122757
0.824813
0.782958
0.948698
0.868410
0.835315
0.166987
0.990841
0.278885
0.243559
0.368091
0.276422
0.480765
0.812300
0.571791
0.570160
0.739915
0.602164
0.185008
0.296584
0.206792
0.768967
0.807323
0.445206
0.924060
0.947053
0.917401
0.076160
0.471314
0.527344
0.553921
0.953185
0.191245
0.870069
0.357321
0.468723
0.402329
0.911627
0.769750
0.147378
0.115670
0.848622
0.798435
0.985108
0.838430
0.220427
0.344960
0.355485
0.052947
0.273213
0.854635
0.284252
0.740030
0.769639
0.841623
0.681869
0.881876
0.183503
0.128440
0.437162
0.895541
0.087880
0.277190
0.781084
0.091753
0.822333
0.002468
0.679978
0.586758
0.597687
0.165451
0.143763
0.627465
0.567483
0.731618
0.810927
0.982089
0.243420
0.169520
0.230930
0.654389
0.914917
0.600278
0.835517
0.258755
0.571908
0.444367
0.189071
0.842418
0.601339
0.364167
0.315759
0.748276
0.123589
0.106300
0.163776
0.521000
0.630665
0.336852
0.153159
0.046178
0.108055
0.481748
0.460459
0.731734
0.285271
0.191245
0.717340
0.593099
0.111933
0.940822
0.059384
0.241129
0.688008
0.463563
0.378878
0.536114
0.143944
0.112262
0.384442
0.878143
0.926053
0.679032
0.335087
0.127212
0.289853
0.787679
0.014889
0.836926
0.872541
0.041743
0.199073
0.336587
0.485359
0.881080
0.329397
0.235987
0.944593
0.582422
0.199133
0.335881
0.435501
0.990841
0.303428
0.064227
0.146271
0.988436
0.703891
0.827075
0.101551
0.910231
0.113769
0.518065
0.170982
0.574707
0.471639
0.195127
0.335969
0.612433
0.670985
0.239956
0.883109
0.540576
0.450472
0.287556
0.626161
0.558083
0.202060
0.209686
0.461314
0.760198
0.966251
0.993613
0.108232
0.072859
0.453965
0.698254
0.927039
0.378115
0.537829
0.014480
0.717340
0.410404
0.688126
0.167862
0.037597
0.655101
0.348927
0.522923
0.089903
0.450472
0.781966
0.028245
0.917176
0.877874
0.560632
0.774213
0.008646
0.649999
0.895959
0.101451
0.262720
0.873270
0.968413
0.287556
0.865438
0.642762
0.535657
0.338268
0.436020
0.261319
0.994604
0.177151
0.062755
0.577977
0.339688
0.458431
0.070144
0.461421
0.388406
0.885558
0.304167
0.354112
0.048735
0.037692
0.771315
0.698019
0.615034
0.148817
0.420910
0.139164
0.906300
0.375830
0.526096
0.022872
0.060552
0.778652
0.361381
0.338623
0.215572
0.872906
0.659015
0.803055
0.885645
0.844891
0.810716
0.211675
0.839630
0.885471
0.297393
0.735888
0.712322
0.135163
0.775102
0.014480
0.600043
0.595451
0.453435
0.029002
0.661861
0.211675
0.284017
0.847938
0.495826
0.424582
0.754082
0.040215
0.960427
0.418472
0.628650
0.538515
0.151211
0.111605
0.916126
0.220105
0.900090
0.305651
0.061634
0.821712
0.783949
0.853479
0.999149
0.714774
0.021498
0.913241
0.579029
0.955317
0.664350
0.949740
0.785157
0.773990
0.819634
0.742326
0.997019
0.931733
0.879215
0.584062
0.412815
0.954012
0.372703
0.485688
0.086768
0.464421
0.874541
0.260732
0.355851
0.189299
0.940444
0.859319
0.517276
0.356769
0.845384
0.707291
0.835819
0.919184
0.610070
0.895123
0.530755
0.486676
0.638847
0.395821
0.283939
0.339244
0.306395
0.481639
0.347301
0.742097
0.441435
0.256499
0.600043
0.853479
0.496047
0.053433
0.673708
0.245096
0.477822
0.674300
0.211301
0.845286
0.241199
0.866277
0.007392
0.551036
0.102055
0.607472
0.338091
0.412513
0.605702
0.536457
0.557505
0.967207
0.970023
0.461100
0.613497
0.609716
0.694607
0.645728
0.936787
0.557736
0.207712
0.866370
0.767175
0.200801
0.913700
0.614443
0.897455
0.011488
0.378306
0.303756
0.682696
0.242377
0.760537
0.412010
0.512888
0.715124
0.935674
0.765267
0.737501
0.561907
0.833395
0.718506
0.504716
0.776102
0.010166
0.362587
0.403023
0.434257
0.885123
0.833192
0.685058
0.641931
0.433429
0.403420
0.412815
0.162768
0.758729
0.892174
0.524508
0.604876
0.518403
0.520209
0.749873
0.256499
0.414426
0.498042
0.722462
0.960928
0.259120
0.744045
0.008295
0.919848
0.538172
0.236259
0.288109
0.981167
0.046063
0.000364
0.893358
0.381366
0.954503
0.708345
0.213052
0.537829
0.090991
0.677376
0.973810
0.001284
0.389377
0.723624
0.126724
0.344870
0.934086
0.744045
0.118208
0.755331
0.123153
0.736810
0.868225
0.020446
0.628294
0.784828
0.405906
0.656643
0.535315
0.873088
0.864691
0.002341
0.062235
0.235307
0.876077
0.284095
0.117750
0.415335
0.110699
0.928436
0.683523
0.602400
0.800588
0.578678
0.908355
0.537829
0.403420
0.773099
0.605938
0.957550
0.272074
0.494498
0.804338
0.386663
0.606764
0.830143
0.939238
0.074900
0.152587
0.171822
0.415840
0.415335
0.414426
0.643474
0.128563
0.365566
0.604758
0.439869
0.997189
0.149144
0.232270
0.521792
0.287793
0.891325
0.105293
0.438202
0.113695
0.464421
0.576809
0.851058
0.106091
0.311136
0.873906
0.523489
0.244257
0.957445
0.515699
0.086535
0.295293
0.767847
0.585234
0.215193
0.989180
0.386856
0.778431
0.624858
0.723972
0.127212
0.475431
0.461421
0.126521
0.207528
0.119206
0.596275
0.533489
0.302115
0.783509
0.808279
0.797464
0.708813
0.597452
0.671932
0.773656
0.120522
0.343973
0.106335
0.594981
0.246640
0.171349
0.150456
0.981806
0.594040
0.518742
0.038006
0.508292
0.953737
0.601810
0.818905
0.424480
0.148724
0.854443
0.047592
0.359717
0.668379
0.097571
0.415335
0.426016
0.865531
0.736234
0.683050
0.166064
0.503936
0.970023
0.214877
0.182173
0.698960
0.424685
0.480001
0.994415
0.474997
0.512102
0.782738
0.393763
0.659489
0.905664
0.226287
0.332190
0.602635
0.591571
0.961525
0.975209
0.563532
0.753060
0.105501
0.002649
0.626754
0.267030
0.876798
0.182450
0.831569
0.911935
0.825945
0.675720
0.149518
0.127661
0.735081
0.851350
0.230529
0.231599
0.820050
0.162266
0.008240
0.969202
0.613615
0.862910
0.212050
0.527912
0.924132
0.179757
0.289853
0.314662
0.012929
0.990862
0.684585
0.151211
0.407602
0.443528
0.124707
0.349289
0.013139
0.981837
0.446993
0.304497
0.633154
0.174097
0.672880
0.365379
0.529731
0.987006
0.884074
0.426016
0.650830
0.572024
0.734505
0.436435
0.125148
0.024866
0.853575
0.216587
0.559473
0.103680
0.542410
0.252749
0.837227
0.230596
0.775436
0.103680
0.680687
0.562487
0.444996
0.579965
0.531210
0.111315
0.583945
0.329397
0.379069
0.748162
0.644067
0.202361
0.239337
0.009932
0.384057
0.665654
0.788882
0.458218
0.488763
0.711971
0.970108
0.006843
0.397491
0.304414
0.776768
0.771203
0.887207
0.131052
0.599689
0.603225
0.711620
0.772876
0.258026
0.479129
0.381654
0.649762
0.557157
0.837428
0.326101
0.358241
0.089155
0.332365
0.729999
0.722927
0.871445
0.059799
0.214814
0.229995
0.575757
0.711387
0.900090
0.230863
0.679623
0.986197
0.874903
0.848622
0.884074
0.219141
0.939046
0.247698
0.755444
0.026775
0.309633
0.807323
0.567367
0.895625
0.463777
0.737846
0.078205
0.635289
0.709983
0.581603
0.555654
0.664706
0.513337
0.422234
0.409402
0.507173
0.446257
0.426118
0.700840
0.634340
0.054341
0.954340
0.752491
0.989695
0.636712
0.543672
0.462170
0.259193
0.303099
0.479020
0.975967
0.365192
0.883021
0.114958
0.890644
0.763805
0.606528
0.084410
0.413620
0.220556
0.234697
0.576925
0.589457
0.912705
0.985108
0.198599
0.549077
0.999069
0.707642
0.288663
0.055437
0.462063
0.047089
0.552766
0.619530
0.139561
0.733235
0.909373
0.208020
0.526550
0.829735
0.809340
0.848231
0.424378
0.478476
0.434360
0.345949
0.028110
0.533261
0.219141
0.011958
0.314072
0.110988
0.526436
0.576575
0.605348
0.024619
0.878053
0.811456
0.019671
0.621897
0.977040
0.886948
0.479456
0.565042
0.376401
0.345589
0.083168
0.179157
0.649881
0.477061
0.590279
0.821193
0.825534
0.062473
0.993804
0.600514
0.981647
0.784388
0.102156
0.208266
0.902370
0.156291
0.965743
0.131807
0.631969
0.695902
0.694843
0.699430
0.440704
0.716524
0.464850
0.573890
0.278036
0.373838
0.009783
0.478802
0.793783
0.927179
0.010198
0.847546
0.667195
0.506838
0.074926
0.987857
0.954992
0.668261
0.580901
0.111170
0.906776
0.446257
0.592982
0.321542
0.352560
0.095649
0.369969
0.566436
0.536000
0.279581
0.151211
0.247698
0.733235
0.533261
0.770086
0.195946
0.260291
0.643948
0.529958
0.151732
0.074392
0.634340
0.851738
0.845384
0.897455
0.048426
0.277343
0.467969
0.629005
0.011032
0.820466
0.593099
0.640152
0.607354
0.877695
0.640626
0.003771
0.757484
0.760649
0.941574
0.356953
0.266731
0.065436
0.169260
0.448678
0.142141
0.979269
0.596510
0.585820
0.883373
0.903903
0.906221
0.603461
0.184115
0.631732
0.671814
0.294569
0.463348
0.872541
0.063410
0.481639
0.480110
0.805406
0.098480
0.202181
0.157951
0.155806
0.365659
0.178178
0.228334
0.459391
0.067080
0.072091
0.610779
0.167604
0.945801
0.869425
0.271923
0.871536
0.562139
0.771761
0.609243
0.641813
0.051896
0.607118
0.556695
0.645609
0.676312
0.770086
0.864878
0.409802
0.349833
0.577743
0.138461
0.459391
0.619411
0.283079
0.610188
0.055340
0.120328
0.709281
0.095459
0.521565
0.034519
0.261687
0.388212
0.332803
0.733351
0.061634
0.843607
0.683286
0.640389
0.755104
0.341023
0.233549
0.021846
0.143763
0.079676
0.317707
0.181071
0.933685
0.290808
0.232270
0.924561
0.310217
0.615980
0.168327
0.024328
0.339510
0.863004
0.408101
0.074442
0.405110
0.243072
0.243141
0.513450
0.562023
0.604168
0.359163
0.456727
0.904465
0.663402
0.397196
0.515136
0.318642
0.403817
0.988904
0.268678
0.253611
0.720368
0.265389
0.416750
0.684113
0.974399
0.170041
0.154213
0.043745
0.312727
0.065911
0.373271
0.156146
0.676312
0.644779
0.309383
0.638017
0.182671
0.653203
0.107878
0.327833
0.727452
0.101418
0.908433
0.964574
0.608771
0.977186
0.267404
0.545740
0.367623
0.030686
0.694372
0.035445
0.429713
0.655338
0.915447
0.498597
0.557273
0.795626
0.431878
0.290330
0.868132
0.461100
0.326533
0.678677
0.372609
0.811561
0.469478
0.688362
0.887898
0.233414
0.070626
0.277728
0.858844
0.122559
0.352196
0.975628
0.836825
0.433118
0.084013
0.645372
0.140846
0.738651
0.551382
0.070481
0.157461
0.846073
0.663639
0.015632
0.871994
0.911085
0.345769
0.698137
0.024256
0.053961
0.304909
0.697431
0.629005
0.204112
0.949798
0.362030
0.487664
0.801017
0.655694
0.401141
0.953682
0.990342
0.476191
0.644779
0.322742
0.269882
0.302361
0.657117
0.869701
0.186917
0.345949
0.612906
0.106056
0.863567
0.050954
0.742785
0.442795
0.723391
0.482294
0.074722
0.018005
0.428890
0.401438
0.766838
0.956015
0.890814
0.318386
0.872450
0.229662
0.561791
0.903179
0.752378
0.053470
0.527571
0.409302
0.362866
0.431259
0.833091
0.643830
0.380600
0.219077
0.081501
0.024409
0.000620
0.773322
0.462706
0.113363
0.744160
0.960376
0.029800
0.424787
0.049974
0.056534
0.008906
0.015135
0.590514
0.783398
0.696843
0.182948
0.252534
0.632799
0.262277
0.080190
0.430744
0.509299
0.828714
0.574240
0.834103
0.085956
0.795084
0.475105
0.868779
0.288663
0.264274
0.352925
0.120250
0.476191
0.739226
0.922331
0.580316
0.848916
0.643711
0.281131
0.388989
0.366967
0.109263
0.919184
0.505833
0.391615
0.591219
0.127090
0.879304
0.148165
0.590984
0.933082
0.063872
0.448467
0.334911
0.321286
0.094544
0.723624
0.868594
0.434050
0.849988
0.376876
0.802198
0.184561
0.716058
0.479020
0.935740
0.733004
0.668616
0.883285
0.049116
0.515812
0.496933
0.565158
0.591924
0.543672
0.998219
0.710217
0.696137
0.507844
0.707876
0.410604
0.901478
0.678795
0.493393
0.415739
0.072959
0.727916
0.381079
0.653321
0.333241
0.249113
0.191762
0.722578
0.782407
0.032213
0.829123
0.203024
0.931868
0.190155
0.739456
0.452058
0.736464
0.579029
0.833901
0.243629
0.175217
0.779869
0.739226
0.694843
0.122836
0.140668
0.258609
0.266507
0.611606
0.128112
0.908982
0.241129
0.943556
0.756238
0.887207
0.404215
0.204962
0.121733
0.914538
0.059116
0.978083
0.778209
0.421114
0.108090
0.928367
0.149144
0.157657
0.498153
0.481202
0.541722
0.547465
0.078577
0.312140
0.427451
0.308219
0.097539
0.810927
0.560516
0.909295
0.592394
0.791935
0.202181
0.512888
0.356218
0.499596
0.971541
0.584297
0.881699
0.480656
0.551036
0.278113
0.448467
0.163372
0.485140
0.949798
0.942260
0.512214
0.743129
0.570626
0.905425
0.671459
0.995079
0.647033
0.387825
0.597569
0.606764
0.256717
0.550575
0.616927
0.476191
0.357229
0.084694
0.790628
0.045769
0.530641
0.779869
0.794759
0.534174
0.746334
0.825328
0.849794
0.539316
0.339155
0.528026
0.986722
0.891155
0.727220
0.750670
0.819009
0.586876
0.173247
0.894956
0.439035
0.178993
0.718738
0.073811
0.202481
0.054973
0.394449
0.476626
0.585586
0.479565
0.782187
0.243141
0.797032
0.457046
0.266059
0.854443
0.378210
0.556810
0.774101
0.302689
0.503936
0.852512
0.056950
0.991749
0.581837
0.261172
0.562255
0.373744
0.577510
0.240853
0.294408
0.175110
0.476191
0.949510
0.221201
0.190212
0.712906
0.671222
0.672169
0.950942
0.549883
0.504605
0.479892
0.555538
0.802519
0.844595
0.783068
0.865904
0.241822
0.257807
0.161715
0.111097
0.831365
0.967746
0.253180
0.171297
0.104948
0.757597
0.794759
0.610425
0.831670
0.967252
0.809446
0.946041
0.160916
0.763355
0.002467
0.538973
0.261908
0.309217
0.101117
0.767511
0.418066
0.875626
0.559010
0.733697
0.936982
0.330529
0.156194
0.910309
0.302033
0.866927
0.234697
0.388309
0.204052
0.331752
0.848818
0.149471
0.942011
0.988578
0.155129
0.315675
0.652847
0.271317
0.964242
0.147609
0.321713
0.879393
0.858844
0.982276
0.674655
0.442272
0.598040
0.345949
0.106126
0.787131
0.528367
0.889446
0.662335
0.247063
0.772765
0.472721
0.879571
0.622253
0.050900
0.833800
0.728958
0.218500
0.487884
0.922838
0.779979
0.119592
0.008150
0.592394
0.109764
0.266432
0.272985
0.172877
0.048016
0.308800
0.225630
0.757597
0.682459
0.580901
0.007535
0.783619
0.179102
0.419487
0.224516
0.191015
0.518178
0.001641
0.666365
0.656524
0.793240
0.284800
0.602164
0.642999
0.227078
0.994444
0.715358
0.526550
0.032842
0.459711
0.631139
0.388116
0.557852
0.075003
0.130843
0.721066
0.678559
0.311387
0.399560
0.008243
0.537486
0.137717
0.062300
0.924490
0.122638
0.884861
0.309966
0.994817
0.835113
0.235511
0.827075
0.159527
0.123788
0.316013
0.056712
0.819634
0.407302
0.234224
0.546660
0.577159
0.173566
0.203870
0.655219
0.765941
0.816293
0.664706
0.198599
0.519871
0.548962
0.436850
0.838631
0.039174
0.147378
0.215003
0.818488
0.278653
0.350196
0.937890
0.012919
0.362587
0.036054
0.673708
0.682459
0.227342
0.982431
0.033886
0.109764
0.322828
0.424787
0.864971
0.428581
0.923414
0.217478
0.777544
0.617281
0.786474
0.494498
0.474346
0.550575
0.959616
0.484045
0.835012
0.271923
0.576458
0.631850
0.570509
0.666365
0.541952
0.680096
0.711270
0.728379
0.074646
0.820778
0.283704
0.527117
0.722694
0.837127
0.349743
0.970449
0.274738
0.570859
0.314746
0.552074
0.741867
0.604286
0.143040
0.062408
0.948814
0.826048
0.178016
0.838330
0.522131
0.848427
0.634103
0.807642
0.064784
0.540461
0.634577
0.789100
0.359070
0.418168
0.468508
0.330704
0.217351
0.639203
0.378496
0.220878
0.561559
0.470990
0.111496
0.356494
0.506391
0.131219
0.259047
0.396606
0.673708
0.974787
0.563764
0.415436
0.084381
0.492951
0.326274
0.374596
0.872176
0.981932
0.346579
0.940822
0.661979
0.231934
0.136673
0.514236
0.559936
0.691663
0.241337
0.928158
0.748162
0.308800
0.392396
0.226748
0.984912
0.024619
0.903501
0.873452
0.655694
0.887467
0.785926
0.684349
0.442586
0.356861
0.039856
0.874451
0.432395
0.447519
0.586993
0.240577
0.525302
0.708228
0.336940
0.032508
0.743816
0.784498
0.505051
0.939238
0.641694
0.831569
0.968941
0.918295
0.333329
0.246500
0.137281
0.374217
0.289536
0.574123
0.021163
0.559589
0.423254
0.857224
0.239681
0.284722
0.194020
0.270259
0.074595
0.692723
0.137368
0.861119
0.492178
0.528139
0.577977
0.478802
0.301379
0.974787
0.669209
0.110735
0.771091
0.145264
0.436435
0.757371
0.434671
0.041923
0.293044
0.860268
0.977258
0.993515
0.654745
0.480110
0.292004
0.087733
0.354020
0.308634
0.269054
0.095967
0.022316
0.556232
0.127579
0.839231
0.540461
0.789646
0.252749
0.012944
0.922548
0.907488
0.728842
0.760198
0.390447
0.040563
0.374502
0.291127
0.834710
0.074012
0.805512
0.039713
0.741179
0.781194
0.587228
0.171875
0.782297
0.273822
0.508516
0.913623
0.517501
0.751809
0.538973
0.460032
0.298853
0.921969
0.219526
0.724204
0.374976
0.840229
0.050828
0.318727
0.325496
0.564693
0.921241
0.913852
0.018320
0.514012
0.308800
0.276038
0.990615
0.983583
0.503713
0.744618
0.301379
0.899352
0.518291
0.673827
0.156000
0.519193
0.524848
0.453223
0.930232
0.149331
0.333066
0.159082
0.623555
0.902532
0.656761
0.463885
0.304661
0.289853
0.953074
0.612670
0.532463
0.533603
0.568763
0.900989
0.986090
0.367342
0.023528
0.946399
0.991806
0.159527
0.528708
0.113548
0.065458
0.693194
0.612079
0.583242
0.411910
0.436331
0.987260
0.391031
0.262424
0.064650
0.539087
0.865345
0.258901
0.164841
0.497598
0.044643
0.804552
0.435293
0.324117
0.648220
0.837327
0.605702
0.907093
0.139561
0.039670
0.188048
0.340311
0.081474
0.930437
0.265537
0.968633
0.960527
0.877785
0.922910
0.122875
0.380695
0.935608
0.701896
0.927179
0.241129
0.575057
0.942632
0.990656
0.899352
0.228135
0.835517
0.997343
0.005718
0.419385
0.720136
0.661031
0.954121
0.411809
0.474997
0.789100
0.134349
0.706705
0.463348
0.189413
0.894788
0.351741
0.855212
0.284879
0.579263
0.398673
0.509411
0.632087
0.659964
0.626635
0.077412
0.675483
0.091875
0.969980
0.183558
0.013757
0.498264
0.658185
0.935411
0.302525
0.627939
0.964857
0.233144
0.654270
0.617281
0.053791
0.260511
0.545051
0.702718
0.632561
0.852609
0.420910
0.113622
0.103373
0.103068
0.076497
0.465172
0.868225
0.869701
0.134349
0.351559
0.010601
0.531780
0.878947
0.523716
0.074139
0.757824
0.139076
0.597805
0.317113
0.698137
0.308800
0.429610
0.730693
0.748276
0.670985
0.379452
0.990656
0.830449
0.891665
0.932544
0.473371
0.464528
0.271392
0.546545
0.704009
0.910465
0.475214
0.320004
0.689895
0.512327
0.651067
0.842815
0.123589
0.954775
0.678795
0.313904
0.894872
0.862722
0.861591
0.135808
0.199727
0.948289
0.467431
0.758050
0.774324
0.559589
0.256137
0.322656
0.044994
0.900254
0.400647
0.609952
0.459605
0.303017
0.128399
0.863661
0.934485
0.760198
0.736925
0.757484
0.472937
0.929888
0.418776
0.307637
0.813985
0.048770
0.292724
0.171087
0.585234
0.524055
0.382710
0.137805
0.387631
0.894284
0.843805
0.188218
0.924918
0.234968
0.449521
0.217478
0.900908
0.754877
0.863755
0.113585
0.881080
0.361659
0.481966
0.761778
0.636949
0.429816
0.363144
0.830449
0.854924
0.695902
0.049552
0.034220
0.041194
0.390933
0.420300
0.630190
0.520435
0.701779
0.943372
0.740030
0.430125
0.577276
0.677376
0.942011
0.801876
0.686946
0.503824
0.060321
0.282532
0.907725
0.105086
0.349289
0.769527
0.951282
0.785267
0.980513
0.583476
0.249326
0.182173
0.424889
0.661149
0.415739
0.464636
0.466570
0.897455
0.380695
0.868687
0.850183
0.687654
0.151637
0.819218
0.112518
0.067450
0.111933
0.050703
0.433843
0.176182
0.764255
0.544706
0.390544
0.070893
0.802948
0.627465
0.414628
0.297312
0.259120
0.084837
0.171139
0.488543
0.916276
0.302771
0.802090
0.570509
0.202181
0.520322
0.402032
0.372987
0.347481
0.943617
0.323171
0.363144
0.205875
0.307969
0.349833
0.098839
0.979063
0.203567
0.259266
0.052687
0.697549
0.846467
0.373933
0.019305
0.634222
0.190098
0.991654
0.534516
0.800588
0.669682
0.718389
0.215636
0.475540
0.770421
0.078683
0.311219
0.666721
0.580667
0.825637
0.806578
0.093512
0.783839
0.610661
0.973213
0.371853
0.560748
0.002779
0.037005
0.806152
0.818697
0.354661
0.046939
0.488214
0.597687
0.937825
0.618701
0.996154
0.303674
0.424276
0.382806
0.064293
0.993117
0.442900
0.548156
0.440391
0.508963
0.491847
0.837929
0.006046
0.285979
0.161315
0.302853
0.921678
0.998219
0.096670
0.564925
0.355851
0.005006
0.637780
0.663758
0.570975
0.636238
0.302443
0.520661
0.191417
0.940317
0.205875
0.370346
0.935345
0.390544
0.773879
0.353929
0.896375
0.971955
0.465280
0.493724
0.369123
0.933819
0.388503
0.052484
0.331927
0.427862
0.955370
0.291366
0.008525
0.833699
0.331315
0.985550
0.310300
0.686002
0.802519
0.846663
0.341558
0.792805
0.654389
0.045074
0.338978
0.707525
0.800910
0.879215
0.015555
0.345589
0.139340
0.249326
0.423152
0.878858
0.689423
0.421114
0.830551
0.573657
0.501708
0.516149
0.992051
0.023642
0.663521
0.722927
0.766614
0.090476
0.893611
0.776213
0.717806
0.084751
0.731734
0.539202
0.488763
0.333505
0.460566
0.956494
0.182671
0.983464
0.291765
0.059882
0.610661
0.712789
0.318047
0.035510
0.985522
0.897372
0.970914
0.940317
0.276882
0.947231
0.458431
0.968059
0.767287
0.523376
0.786912
0.231465
0.347842
0.179921
0.595804
0.141157
0.747933
0.859129
0.662572
0.928367
0.239406
0.970956
0.629361
0.514686
0.339155
0.951621
0.303592
0.745876
0.892090
0.045429
0.813038
0.115332
0.701544
0.367342
0.421623
0.897703
0.194369
0.626043
0.069832
0.072536
0.741408
0.283157
0.915144
0.990087
0.144807
0.663283
0.237008
0.861591
0.604876
0.545280
0.847350
0.041312
0.436539
0.066528
0.436227
0.448994
0.450472
0.482731
0.949221
0.234494
0.506391
0.413117
0.585469
0.381079
0.393177
0.369593
0.284487
0.712205
0.709749
0.522131
0.134905
0.156827
0.554729
0.731849
0.863098
0.898941
0.955370
0.228467
0.276882
0.219398
0.082109
0.403122
0.471423
0.936787
0.310050
0.770533
0.368373
0.771761
0.759407
0.882845
0.492289
0.502710
0.555192
0.604640
0.381462
0.811983
0.720950
0.020966
0.811456
0.439869
0.514799
0.698137
0.454283
0.725829
0.028779
0.030118
0.601339
0.429199
0.326706
0.178124
0.813774
0.991460
0.728263
0.295132
0.315337
0.657592
0.761778
0.602046
0.544017
0.838330
0.741179
0.093388
0.410604
0.516262
0.406903
0.098610
0.550920
0.590162
0.132017
0.878679
0.379356
0.618228
0.387050
0.723159
0.256427
0.592041
0.501041
0.523716
0.781415
0.030284
0.250463
0.455664
0.102391
0.798650
0.942011
0.866184
0.263163
0.338091
0.433429
0.934949
0.272302
0.228467
0.549883
0.604050
0.215826
0.533489
0.642881
0.514236
0.474455
0.972972
0.524735
0.663995
0.085812
0.349108
0.862910
0.910542
0.893021
0.456089
0.992507
0.277959
0.747476
0.173778
0.115070
0.922404
0.557852
0.145218
0.540576
0.743587
0.944167
0.749188
0.406803
0.650118
0.378974
0.763467
0.896042
0.406504
0.991440
0.960225
0.120912
0.079299
0.603107
0.608889
0.025042
0.368373
0.664232
0.580550
0.154598
0.695314
0.688244
0.216905
0.909061
0.194718
0.059322
0.482294
0.640271
0.577510
0.846073
0.134520
0.981995
0.382038
0.674418
0.704126
0.629598
0.123192
0.706471
0.812722
0.676193
0.356953
0.085065
0.676312
0.851350
0.446467
0.931053
0.746562
0.714658
0.083421
0.549883
0.880726
0.620477
0.963526
0.222237
0.907251
0.562487
0.622253
0.778209
0.133965
0.666247
0.694019
0.657829
0.822437
0.528026
0.515699
0.979372
0.197593
0.232136
0.017057
0.429199
0.747933
0.929337
0.792479
0.058196
0.964763
0.035355
0.752946
0.497820
0.876977
0.100950
0.940633
0.316774
0.907804
0.442167
0.235104
0.795301
0.307140
0.066390
0.090809
0.718273
0.318386
0.087939
0.039542
0.298609
0.437578
0.334120
0.657592
0.424378
0.928506
0.268678
0.950998
0.694607
0.170930
0.892259
0.617873
0.695196
0.345679
0.658185
0.500596
0.208328
0.174150
0.591924
0.731734
0.058257
0.361381
0.649999
0.258828
0.657592
0.090234
0.090900
0.793674
0.112371
0.083421
0.878053
0.057010
0.126156
0.159131
0.337914
0.985247
0.903742
0.957077
0.355118
0.312476
0.184561
0.990087
0.198836
0.742326
0.089903
0.881080
0.682105
0.793674
0.458005
0.602989
0.014928
0.661387
0.946340
0.001323
0.124907
0.717690
0.830143
0.952183
0.368654
0.412815
0.361752
0.561559
0.209686
0.923917
0.411006
0.853672
0.093949
0.680805
0.078657
0.924561
0.171139
0.395625
0.681750
0.106335
0.832584
0.469047
0.288901
0.180687
0.877605
0.240370
0.094670
0.715941
0.986618
0.864036
0.998634
0.730809
0.225630
0.986090
0.375166
0.272150
0.483935
0.723275
0.265612
0.636475
0.961773
0.141872
0.451106
0.791500
0.730231
0.162617
0.518291
0.604994
0.384539
0.972609
0.878053
0.582891
0.650118
0.641931
0.921313
0.026344
0.822333
0.453117
0.495826
0.709632
0.183558
0.811244
0.835214
0.350287
0.983878
0.151542
0.048050
0.186298
0.034133
0.634696
0.439557
0.109728
0.967836
0.468616
0.854443
0.982952
0.021060
0.257298
0.160071
0.957968
0.725249
0.599454
0.514686
0.420605
0.727568
0.810187
0.932544
0.660319
0.021862
0.338357
0.498042
0.388019
0.771984
0.415032
0.332453
0.302689
0.800803
0.568763
0.150551
0.600749
0.492509
0.955639
0.754537
0.892936
0.576809
0.764255
0.830653
0.263089
0.575290
0.261982
0.306064
0.450155
0.216016
0.197534
0.315084
0.882141
0.365566
0.146042
0.230262
0.215446
0.510195
0.684467
0.963526
0.972609
0.642406
0.738651
0.225893
0.120717
0.799404
0.004382
0.882141
0.017233
0.313315
0.721299
0.573423
0.107737
0.734159
0.647508
0.444786
0.120951
0.505163
0.868502
0.915749
0.589575
0.476735
0.798219
0.744961
0.877336
0.471855
0.080843
0.546890
0.314325
0.386856
0.635763
0.661149
0.889789
0.997643
0.419487
0.242863
0.361289
0.296665
0.709866
0.055012
0.935147
0.064762
0.513225
0.554036
0.538401
0.040636
0.606056
0.215509
0.926899
0.827178
0.330442
0.348113
0.937307
0.437578
0.849891
0.286451
0.563068
0.223798
0.368466
0.979880
0.578094
0.056911
0.940507
0.478367
0.191762
0.764030
0.229130
0.578912
0.527458
0.836725
0.384153
0.318301
0.368373
0.870987
0.426733
0.642406
0.330181
0.245657
0.135895
0.018445
0.553574
0.234562
0.262498
0.825225
0.249610
0.413016
0.601221
0.039513
0.229263
0.104845
0.804765
0.505944
0.095396
0.809658
0.315844
0.486895
0.339688
0.488763
0.794325
0.838531
0.677968
0.963430
0.043667
0.173672
0.434671
0.408601
0.137281
0.171244
0.075824
0.327659
0.274203
0.941512
0.730809
0.101954
0.902289
0.463992
0.039613
0.340845
0.099035
0.345679
0.108055
0.794976
0.753287
0.437162
0.536571
0.641576
0.890644
0.927179
0.823678
0.871353
0.583594
0.795734
0.204052
0.084837
0.399758
0.229529
0.676548
0.784608
0.865904
0.397983
0.213052
0.693430
0.869517
0.284644
0.459391
0.527685
0.674300
0.551036
0.426733
0.624029
0.905584
0.864317
0.901884
0.562139
0.970322
0.356402
0.266955
0.168741
0.505944
0.888673
0.052743
0.584765
0.079111
0.547235
0.741523
0.115407
0.908040
0.229795
0.750328
0.822747
0.293605
0.079541
0.341380
0.907251
0.970023
0.717923
0.271923
0.562719
0.341291
0.673353
0.321542
0.425196
0.921678
0.624621
0.268528
0.685176
0.119437
0.242516
0.519758
0.983254
0.084980
0.442272
0.660675
0.996026
0.407003
0.074442
0.328788
0.573773
0.305156
0.893611
0.859509
0.716058
0.422030
0.348204
0.001972
0.949163
0.561211
0.878053
0.725017
0.582774
0.757711
0.851155
0.897289
0.981199
0.810716
0.907172
0.351286
0.981102
0.219590
0.121341
0.323601
0.190384
0.234089
0.624029
0.967880
0.744389
0.633154
0.739111
0.467215
0.663283
0.197948
0.978541
0.822851
0.171507
0.772765
0.443004
0.717573
0.170877
0.841226
0.650474
0.444157
0.437994
0.204233
0.935937
0.996970
0.982892
0.950028
0.119052
0.593805
0.800158
0.510756
0.518403
0.612906
0.271317
0.312057
0.286530
0.270485
0.808491
0.538744
0.869885
0.370346
0.400251
0.999556
0.790737
0.548156
0.138286
0.522357
0.215256
0.706119
0.515474
0.230329
0.124987
0.884249
0.844891
0.107244
0.581954
0.462063
0.614325
0.170511
0.238582
0.200742
0.311554
0.092706
0.475214
0.453965
0.008214
0.184170
0.273518
0.129182
0.125108
0.135593
0.722113
0.496601
0.092737
0.990194
0.919258
0.234089
0.353838
0.096318
0.872815
0.505386
0.359901
0.815035
0.274814
0.224451
0.094575
0.898859
0.448889
0.665536
0.857892
0.915598
0.018725
0.414830
0.254475
0.785267
0.509299
0.358702
0.091998
0.866463
0.753628
0.144534
0.691309
0.827485
0.836624
0.144534
0.220814
0.436746
0.041878
0.405110
0.681750
0.565971
0.357137
0.323343
0.546545
0.696373
0.292964
0.418573
0.542181
0.357596
0.275196
0.478040
0.309633
0.728147
0.725829
0.843706
0.934949
0.157608
0.233616
0.400449
0.114586
0.200562
0.120405
0.229197
0.230462
0.428170
0.335704
0.467646
0.779427
0.845089
0.135550
0.207467
0.936461
0.707642
0.999061
0.830958
0.642643
0.457046
0.941387
0.570509
0.605112
0.614798
0.353838
0.041639
0.109513
0.485579
0.956918
0.638966
0.181622
0.436227
0.390447
0.106929
0.156243
0.330529
0.700840
0.220749
0.483388
0.295938
0.501152
0.278499
0.183614
0.627346
0.722694
0.302033
0.441958
0.711504
0.581018
0.065662
0.030663
0.237008
0.424992
0.939874
0.305156
0.996970
0.716991
0.547465
0.297393
0.669209
0.226353
0.795084
0.304661
0.957340
0.337825
0.960073
0.712906
0.524848
0.531894
0.319834
0.094544
0.041953
0.422132
0.324461
0.540003
0.937631
0.171192
0.113917
0.578328
0.575991
0.385310
0.727800
0.597569
0.010037
0.326533
0.696020
0.411006
0.271241
0.513337
0.335704
0.858464
0.696961
0.813669
0.315928
0.430331
0.238239
0.271241
0.613497
0.329745
0.178070
0.544247
0.613497
0.228135
0.922621
0.784388
0.211426
0.061038
0.032319
0.119979
0.080000
0.720368
0.343167
0.954285
0.846859
0.415840
0.861686
0.309050
0.337029
0.708462
0.712555
0.574824
0.944836
0.276345
0.885645
0.798435
0.430847
0.129471
0.404612
0.077913
0.887121
0.867854
0.509747
0.352925
0.013647
0.760424
0.530186
0.968897
0.264126
0.264126
0.243629
0.836322
0.543558
0.529845
0.897289
0.715124
0.166320
0.272833
0.970830
0.892259
0.663876
0.613970
0.666128
0.504493
0.683404
0.973013
0.659845
0.886254
0.109299
0.607236
0.362587
0.731272
0.212425
0.526209
0.541952
0.481529
0.788445
0.259047
0.080489
0.608889
0.270033
0.953241
0.330529
0.329745
0.468400
0.490745
0.548156
0.218500
0.451740
0.012266
0.438306
0.515812
0.681750
0.246289
0.605584
0.579497
0.397885
0.756351
0.211800
0.924204
0.062755
0.487884
0.663402
0.457153
0.854154
0.498597
0.491847
0.013538
0.110916
0.685766
0.227210
0.661031
0.631376
0.670393
0.330355
0.116008
0.943984
0.691309
0.598394
0.841026
0.300481
0.990862
0.525189
0.480329
0.055670
0.478693
0.759746
0.760875
0.761665
0.391518
0.028579
0.711854
0.116121
0.284644
0.310885
0.430744
0.460138
0.915749
0.792262
0.677495
0.153877
0.449099
0.774880
0.209006
0.237965
0.096574
0.176827
0.654033
0.042604
0.584531
0.065821
0.970194
0.158885
0.280743
0.896625
0.863661
0.330529
0.472721
0.193497
0.838430
0.245236
0.664350
0.604640
0.950543
0.218436
0.443214
0.672406
0.388794
0.693077
0.468831
0.675128
0.329745
0.617636
0.751240
0.973013
0.005046
0.598040
0.234089
0.702366
0.188786
0.876528
0.740145
0.846761
0.222107
0.218436
0.887034
0.694843
0.364167
0.758503
0.079919
0.628768
0.148537
0.035049
0.977619
0.186073
0.750784
0.105190
0.768184
0.414527
0.316859
0.929199
0.804445
0.113658
0.180194
0.436850
0.056396
0.974671
0.169676
0.793566
0.879036
0.436331
0.957129
0.533261
0.804552
0.576575
0.725017
0.565390
0.801769
0.133370
0.177313
0.725365
0.701309
0.008861
0.892174
0.136543
0.171507
0.968984
0.318386
0.120211
0.494277
0.098382
0.472721
0.743243
0.650355
0.685648
0.680450
0.840628
0.385793
0.601692
0.070626
0.881169
0.278576
0.745991
0.996233
0.044200
0.193613
0.984714
0.862816
0.913241
0.543213
0.725597
0.656880
0.728031
0.260585
0.821089
0.897206
0.557852
0.814195
0.137979
0.597216
0.262056
0.277036
0.565390
0.424889
0.410805
0.826151
0.785926
0.689305
0.876977
0.041327
0.609362
0.706354
0.007667
0.722694
0.613497
0.815560
0.154887
0.834609
0.041609
0.778098
0.273213
0.190098
0.907172
0.428376
0.625332
0.498930
0.277959
0.215382
0.075566
0.241752
0.876258
0.533489
0.250392
0.893696
0.882845
0.057210
0.572024
0.026218
0.210555
0.612788
0.439869
0.244187
0.949970
0.444157
0.098382
0.572141
0.073634
0.918072
0.073710
0.586289
0.986144
0.441122
0.030675
0.083956
0.242307
0.907804
0.085180
0.805299
0.193439
0.455026
0.371853
0.817235
0.229596
0.071063
0.341648
0.481857
0.202361
0.060468
0.818384
0.455451
0.834508
0.893190
0.240853
0.122047
0.832686
0.112958
0.242377
0.339244
0.040389
0.254115
0.334999
0.878053
0.836020
0.355851
0.107244
0.534972
0.765941
0.354020
0.112298
0.453223
0.933150
0.853479
0.554614
0.106614
0.445836
0.926406
0.960376
0.873452
0.398082
0.426528
0.911008
0.369405
0.378687
0.452481
0.284017
0.766502
0.446467
0.790301
0.360363
0.707993
0.626754
0.274814
0.592982
0.704126
0.662454
0.435916
0.433222
0.398180
0.684585
0.572141
0.473804
0.487554
0.956707
0.169052
0.881876
0.523376
0.067729
0.477931
0.954230
0.055690
0.875717
0.500040
0.827178
0.924060
0.485250
0.316267
0.801876
0.476735
0.459925
0.048238
0.374596
0.368842
0.972324
0.106894
0.436850
0.433843
0.895959
0.175967
0.896209
0.693077
0.174150
0.740605
0.568530
0.435812
0.091478
0.555654
0.937372
0.447624
0.915371
0.687300
0.177908
0.176289
0.755218
0.804979
0.678677
0.441017
0.412513
0.752036
0.246218
0.399462
0.926828
0.753628
0.042451
0.885558
0.152064
0.706119
0.106160
0.973333
0.964857
0.659726
0.404314
0.957863
0.471639
0.828816
0.433532
0.533945
0.529390
0.358702
0.796816
0.545395
0.889189
0.600043
0.684585
0.126724
0.038739
0.692605
0.473696
0.057309
0.240715
0.138286
0.104432
0.739686
0.588636
0.522923
0.151732
0.569694
0.437474
0.049342
0.039131
0.283704
0.023215
0.101819
0.056120
0.671932
0.935608
0.302115
0.677376
0.315252
0.707642
0.610543
0.136673
0.915296
0.002176
0.664824
0.519871
0.197652
0.188389
0.284879
0.618820
0.041061
0.033275
0.031424
0.398673
0.419791
0.786693
0.515136
0.864036
0.010442
0.423152
0.842319
0.331840
0.527458
0.877605
0.881346
0.612552
0.227937
0.808385
0.103169
0.345499
0.945801
0.043729
0.195888
0.895207
0.214498
0.294810
0.029312
0.715008
0.932207
0.201220
0.923342
0.644542
0.934418
0.079460
0.175431
0.485250
0.323171
0.279426
0.126724
0.470342
0.787131
0.714074
0.731503
0.645609
0.274967
0.116385
0.686002
0.095111
0.834002
0.201460
0.438827
0.751126
0.589223
0.155709
0.963333
0.106649
0.338978
0.480765
0.818175
0.487444
0.000966
0.734620
0.503156
0.563184
0.576341
0.803804
0.120250
0.900826
0.953792
0.235240
0.803483
0.247274
0.479129
0.841126
0.897206
0.562487
0.341202
0.002622
0.346039
0.031115
0.057010
0.419690
0.139870
0.448256
0.887207
0.760649
0.271317
0.932881
0.598394
0.771761
0.776213
0.474455
0.046474
0.005119
0.608771
0.591454
0.133624
0.080652
0.532121
0.298284
0.355210
0.033142
0.006136
0.394938
0.144035
0.731387
0.978119
0.288901
0.211115
0.139340
0.905664
0.279426
0.190212
0.100386
0.062257
0.226880
0.569927
0.990739
0.437578
0.846859
0.812827
0.884336
0.664232
0.665061
0.599100
0.783509
0.876618
0.888845
0.466247
0.879304
0.652254
0.462063
0.865997
0.917401
0.846663
0.409101
0.408901
0.287556
0.171244
0.950657
0.986903
0.840130
0.380121
0.981037
0.178885
0.459071
0.190843
0.847448
0.344332
0.882493
0.989361
0.979745
0.398180
0.914689
0.187992
0.834103
0.963622
0.101150
0.225499
0.535087
0.942755
0.114809
0.853479
0.882229
0.966799
0.930300
0.326101
0.817966
0.108622
0.589810
0.085065
0.834103
0.736349
0.070024
0.238993
0.319834
0.565971
0.718971
0.757711
0.497709
0.220685
0.168017
0.831772
0.427965
0.498153
0.813038
0.190212
0.807960
0.574940
0.699077
0.303510
0.869148
0.156000
0.096831
0.667669
0.157217
0.095079
0.361474
0.482622
0.830755
0.796167
0.720601
0.799189
0.828305
0.169676
0.782848
0.738651
0.849988
0.163524
0.549883
0.690366
0.543213
0.622845
0.901071
0.432808
0.844595
0.167656
0.917699
0.479238
0.989406
0.472829
0.192859
0.050453
0.486895
0.562139
0.974321
0.066872
0.709515
0.154839
0.711737
0.444786
0.624503
0.831060
0.244117
0.340578
0.645491
0.241960
0.893948
0.548846
0.107034
0.841524
0.599218
0.684940
0.785048
0.032687
0.832686
0.633391
0.603932
0.853093
0.112445
0.714074
0.985604
0.233346
0.017555
0.717340
0.060363
0.072165
0.450366
0.596510
0.813038
0.375071
0.798219
0.104227
0.381366
0.145538
0.279813
0.506950
0.218628
0.445731
0.230930
0.122283
0.055846
0.773767
0.500818
0.786035
0.751240
0.400647
0.448678
0.990656
0.780863
0.166576
0.461100
0.134306
0.326533
0.781746
0.837428
0.435501
0.823988
0.871811
0.564345
0.941136
0.002754
0.138110
0.652372
0.185400
0.512551
0.338002
0.917923
0.281365
0.430950
0.161715
0.279039
0.958124
0.385407
0.539316
0.885297
0.113069
0.429301
0.993548
0.391713
0.378783
0.635882
0.880371
0.861403
0.567018
0.487884
0.455557
0.958539
0.948289
0.403817
0.070360
0.710685
0.903017
0.628294
0.285350
0.291685
0.539087
0.844299
0.825534
0.584297
0.062106
0.709047
0.986170
0.649288
0.375071
0.022601
0.850280
0.600985
0.022374
0.426938
0.859889
0.358886
0.599336
0.390057
0.192802
0.749188
0.376496
0.423561
0.289536
0.644898
0.442063
0.590984
0.454814
0.375735
0.951734
0.646915
0.432602
0.201101
0.218180
0.813038
0.404712
0.472721
0.629361
0.447940
0.012228
0.721066
0.754877
0.480656
0.901233
0.070168
0.655575
0.781194
0.337914
0.370252
0.678795
0.200145
0.961970
0.578445
0.255413
0.484373
0.909608
0.779869
0.446151
0.104673
0.465280
0.219398
0.444786
0.170772
0.792588
0.088887
0.162416
0.078205
0.717224
0.723972
0.741408
0.979712
0.229330
0.734966
0.491406
0.355027
0.648813
0.027996
0.085610
0.525415
0.959972
0.276575
0.597687
0.649288
0.849988
0.769303
0.288584
0.730693
0.812300
0.867206
0.468508
0.285429
0.410304
0.099232
0.069952
0.968014
0.789210
0.815560
0.991044
0.594981
0.188445
0.736925
0.295052
0.962117
0.339333
0.032402
0.794651
0.282923
0.645847
0.443109
0.916126
0.946340
0.902613
0.836524
0.961723
0.851447
0.403321
0.065571
0.273518
0.283157
0.198539
0.766053
0.578211
0.591689
0.654152
0.331927
0.252463
0.631732
0.069402
0.948873
0.692134
0.298609
0.828714
0.694725
0.038628
0.836423
0.314157
0.281209
0.013569
0.254331
0.070168
0.019225
0.679268
0.541722
0.388019
0.206425
0.754310
0.673116
0.156291
0.604286
0.765491
0.635526
0.036250
0.940064
0.812722
0.832990
0.504270
0.278653
0.849988
0.807748
0.999467
0.474129
0.792588
0.898859
0.834204
0.515924
0.807960
0.323687
0.702718
0.289059
0.316267
0.831162
0.080081
0.976303
0.697666
0.262941
0.538515
0.006784
0.877964
0.375830
0.108196
0.685176
0.269204
0.424071
0.287082
0.985659
0.134905
0.743358
0.566320
0.107561
0.857510
0.951452
0.739801
0.148212
0.072984
0.349924
0.281287
0.429816
0.646915
0.053264
0.167089
0.277805
0.419284
0.309550
0.852512
0.695196
0.509971
0.116990
0.149471
0.365099
0.404413
0.191475
0.182339
0.038503
0.998364
0.066345
0.332015
0.501041
0.854443
0.295616
0.628057
0.775436
0.142410
0.954066
0.298122
0.313736
0.325928
0.459178
0.933685
0.008324
0.118476
0.278653
0.829123
0.053923
0.397589
0.446151
0.085180
0.569578
0.045639
0.298366
0.802090
0.204415
0.932342
0.973850
0.369123
0.689305
0.945861
0.080598
0.991711
0.313483
0.297798
0.798543
0.823058
0.337382
0.753060
0.071527
0.106789
0.324892
0.299910
0.438515
0.231130
0.281909
0.671577
0.440078
0.720834
0.887812
0.536800
0.887898
0.796816
0.132861
0.231867
0.908669
0.766277
0.095872
0.499263
0.504159
0.520096
0.718273
0.358517
0.825842
0.310467
0.778098
0.094324
0.111424
0.863755
0.914765
0.178993
0.678677
0.339688
0.743129
0.707876
0.979406
0.160568
0.928019
0.602753
0.378306
0.158786
0.394449
0.725597
0.598982
0.858083
0.687064
0.472071
0.189071
0.033701
0.002254
0.829123
0.514686
0.554614
0.690366
0.532463
0.864317
0.027193
0.456195
0.747248
0.292804
0.036698
0.848720
0.288742
0.331752
0.790410
0.497155
0.003405
0.474888
0.226485
0.257371
0.060763
0.317622
0.522697
0.516487
0.042863
0.541493
0.656643
0.921532
0.299503
0.749873
0.912474
0.563184
0.433015
0.707993
0.436954
0.008246
0.557389
0.351741
0.549422
0.365659
0.474997
0.794109
0.019969
0.074773
0.301461
0.569461
0.569578
0.953737
0.423867
0.982524
0.085956
0.981102
0.495162
0.684585
0.064941
0.247909
0.173406
0.959769
0.116990
0.527912
0.876077
0.060953
0.814195
0.762341
0.859794
0.163928
0.034544
0.726989
0.443528
0.156146
0.363051
0.097571
0.259412
0.002254
0.198243
0.172666
0.708111
0.512214
0.771315
0.118936
0.156388
0.195127
0.304250
0.563764
0.096095
0.367904
0.300562
0.564577
0.174097
0.248192
0.067195
0.450366
0.169780
0.256137
0.007961
0.096734
0.695078
0.293365
0.696490
0.083056
0.805192
0.572607
0.881169
0.571674
0.436435
0.572257
0.584179
0.620477
0.049029
0.002898
0.213052
0.126765
0.143672
0.453965
0.268979
0.924418
0.035304
0.217925
0.597805
0.721066
0.587462
0.252320
0.310718
0.832483
0.374881
0.707057
0.446993
0.191647
0.368185
0.463992
0.757824
0.489974
0.648101
0.075258
0.956015
0.608299
0.448361
0.224843
0.257589
0.630190
0.317452
0.769191
0.801554
0.730462
0.534858
0.638373
0.597569
0.641576
0.198243
0.039485
0.151495
0.709515
0.591806
0.263977
0.927250
0.424787
0.012707
0.114921
0.462063
0.524055
0.562255
0.335352
0.733235
0.123947
0.726293
0.050685
0.152587
0.160022
0.154887
0.908276
0.027945
0.578094
0.411608
0.040724
0.542984
0.894956
0.334471
0.553112
0.979644
0.298772
0.106719
0.149518
0.321115
0.475214
0.559357
0.028991
0.333768
0.281131
0.472613
0.184840
0.806684
0.090476
0.557852
0.326533
0.350377
0.120444
0.720717
0.942260
0.640033
0.227474
0.256064
0.559936
0.179975
0.800695
0.065030
0.475974
0.614679
0.325237
0.195771
0.134734
0.385310
0.455451
0.928367
0.180030
0.055166
0.621187
0.813669
0.483826
0.300481
0.459498
0.811139
0.641576
0.368842
0.505274
0.607708
0.743587
0.733466
0.679032
0.774880
0.963957
0.808597
0.219976
0.271090
0.690013
0.495383
0.371005
0.668853
0.121341
0.444157
0.120678
0.144307
0.286530
0.850572
0.046112
0.279735
0.459391
0.349380
0.737961
0.919184
0.841623
0.201400
0.504940
0.913011
0.935871
0.421012
0.607945
0.229729
0.519080
0.718389
0.431053
0.760649
0.041194
0.612670
0.424174
0.116611
0.646321
0.072909
0.074646
0.102526
0.733466
0.764480
0.301216
0.316013
0.414931
0.822333
0.653321
0.896708
0.671340
0.488763
0.889618
0.604876
0.260952
0.575174
0.576575
0.280821
0.312224
0.666721
0.963718
0.528139
0.161765
0.282610
0.589575
0.494830
0.237760
0.795951
0.709164
0.368842
0.819113
0.294087
0.213303
0.511204
0.432395
0.692488
0.647508
0.328875
0.311638
0.870804
0.977295
0.756691
0.733120
0.989293
0.359163
0.928367
0.009391
0.427349
0.649050
0.235443
0.795409
0.570160
0.762567
0.314999
0.958331
0.181181
0.158983
0.969115
0.272150
0.926688
0.632087
0.877067
0.510532
0.910542
0.534516
0.936134
0.352925
0.177205
0.334032
0.686828
0.542296
0.150080
0.523602
0.825328
0.656761
0.092090
0.699312
0.338889
0.289377
0.955317
0.309716
0.852512
0.091447
0.380504
0.931868
0.319919
0.349833
0.551266
0.542181
0.991596
0.679741
0.356677
0.709398
0.862251
0.502487
0.746677
0.900172
0.735427
0.687182
0.856459
0.002317
0.698254
0.709164
0.539431
0.419995
0.728495
0.591336
0.353107
0.351923
0.122757
0.776879
0.888157
0.478802
0.700487
0.896708
0.690249
0.150080
0.287951
0.689187
0.607590
0.129637
0.114066
0.923917
0.849208
0.928991
0.968721
0.228997
0.125108
0.681869
0.925770
0.592041
0.445311
0.965928
0.727568
0.690366
0.944836
0.264645
0.324720
0.228865
0.246992
0.666839
0.785487
0.845778
0.156388
0.863661
0.338268
0.401141
0.552189
0.262203
0.507285
0.574940
0.395821
0.730347
0.581837
0.713140
0.993499
0.185848
0.748047
0.327486
0.075953
0.698489
0.909530
0.738651
0.686946
0.467646
0.562951
0.724901
0.807323
0.372892
0.356677
0.649762
0.821297
0.110591
0.766277
0.651423
0.598865
0.945320
0.539431
0.747020
0.966799
0.746334
0.077623
0.545740
0.241545
0.686238
0.424174
0.542869
0.056613
0.178395
0.263163
0.805619
0.150456
0.157657
0.008569
0.639796
0.734043
0.601339
0.960124
0.714424
0.622963
0.746677
0.618701
0.635526
0.264942
0.776435
0.574707
0.260218
0.747020
0.045623
0.098447
0.843607
0.389766
0.355485
0.798974
0.962898
0.389669
0.069093
0.026034
0.987586
0.514012
0.551151
0.135292
0.194660
0.004508
0.028949
0.757144
0.335440
0.500374
0.220749
0.610661
0.877426
0.774435
0.309550
0.382038
0.849208
0.070457
0.842120
0.578211
0.676903
0.386663
0.428479
0.109800
0.297474
0.961178
0.259852
0.507173
0.184338
0.813459
0.282844
0.952462
0.939174
0.080843
0.747819
0.301870
0.838230
0.411207
0.668853
0.900826
0.367997
0.917475
0.546430
0.688716
0.295213
0.031782
0.964290
0.824504
0.525982
0.102156
0.384442
0.805406
0.458005
0.143672
0.849988
0.222561
0.659371
0.678322
0.739801
0.989134
0.768072
0.972078
0.081117
0.911472
0.667076
0.916351
0.469802
0.932477
0.389474
0.234765
0.454389
0.201101
0.715474
0.042573
0.109764
0.352378
0.993201
0.159477
0.998171
0.488983
0.419791
0.769079
0.464636
0.744045
0.650949
0.729884
0.330268
0.688362
0.093263
0.358149
0.100950
0.945561
0.608771
0.872359
0.463348
0.207344
0.212613
0.453329
0.075105
0.112995
0.495715
0.548616
0.245516
0.207958
0.457259
0.897123
0.715474
0.080843
0.735773
0.359347
0.293766
0.336234
0.895458
0.389280
0.694607
0.190270
0.705064
0.970830
0.451000
0.384250
0.297069
0.919110
0.525869
0.376496
0.264274
0.192802
0.430125
0.684113
0.621424
0.656524
0.443738
0.755331
0.382902
0.136543
0.278191
0.102898
0.337382
0.654864
0.486237
0.201041
0.856076
0.227606
0.303428
0.768855
0.462598
0.657473
0.751695
0.049447
0.916802
0.476735
0.309383
0.788773
0.050685
0.972690
0.266059
0.601692
0.042043
0.971166
0.932139
0.372420
0.766502
0.734735
0.445626
0.677495
0.932207
0.806471
0.969115
0.275120
0.167862
0.577276
0.587345
0.945500
0.343883
0.118438
0.297312
0.485030
0.221136
0.367997
0.872450
0.407802
0.715474
0.405010
0.143944
0.722113
0.642287
0.744274
0.419182
0.341023
0.643948
0.987783
0.555076
0.033530
0.814930
0.983434
0.516938
0.880016
0.491627
0.648338
0.352834
0.702366
0.198243
0.192512
0.399856
0.769415
0.554498
0.538973
0.422030
0.508851
0.633036
0.119476
0.225893
0.466032
0.538286
0.810822
0.483278
0.648101
0.717806
0.587110
0.954340
0.884161
0.003658
0.878322
0.922041
0.214687
0.938405
0.945561
0.594863
0.210369
0.638966
0.782407
0.170877
0.610897
0.467538
0.157608
0.743243
0.581369
0.689659
0.237281
0.253611
0.430331
0.960828
0.529390
0.448783
0.839930
0.580667
0.568181
0.162617
0.746448
0.649762
0.422234
0.782958
0.632917
0.402230
0.464850
0.419791
0.405010
0.831060
0.575057
0.325928
0.145492
0.827485
0.826664
0.983494
0.687418
0.311554
0.306147
0.730347
0.008535
0.921896
0.295052
0.907961
0.268303
0.148584
0.219462
0.803376
0.903662
0.002167
0.262794
0.584297
0.195888
0.992963
0.683759
0.096159
0.835113
0.697314
0.230329
0.340133
0.152349
0.937307
0.311052
0.249681
0.428273
0.732427
0.500929
0.881080
0.115933
0.651423
0.623555
0.754650
0.908747
0.813459
0.839531
0.434879
0.319322
0.906221
0.990615
0.003072
0.568646
0.100286
0.290649
0.017278
0.000248
0.878679
0.638491
0.873634
0.164232
0.802841
0.074113
0.358333
0.006136
0.880903
0.578562
0.729768
0.459284
0.356127
0.510980
0.374691
0.621897
0.419791
0.146409
0.827998
0.910387
0.732543
0.119129
0.332628
0.124627
0.889361
0.774546
0.832686
0.834811
0.332891
0.700017
0.814195
0.735542
0.252320
0.649406
0.495494
0.697078
0.119669
0.504940
0.605702
0.150504
0.648457
0.325496
0.812405
0.284957
0.408401
0.538401
0.668379
0.775880
0.962411
0.249752
0.728726
0.665536
0.794868
0.064851
0.885819
0.472180
0.314325
0.289297
0.783729
0.753401
0.200562
0.443109
0.291446
0.911858
0.675602
0.625569
0.589927
0.743931
0.580433
0.994604
0.401240
0.593452
0.365192
0.474997
0.951846
0.488653
0.364447
0.141068
0.288109
0.871902
0.647389
0.730693
0.704243
0.077334
0.277805
0.094607
0.313568
0.986303
0.865438
0.889618
0.988076
0.146409
0.622134
0.161665
0.140135
0.628294
0.558894
0.369311
0.288109
0.272605
0.741753
0.478367
0.707876
0.586993
0.188729
0.050972
0.129017
0.555192
0.058972
0.709983
0.252248
0.305074
0.334471
0.039942
0.049134
0.730578
0.610070
0.585469
0.092644
0.960275
0.110627
0.666484
0.950885
0.387437
0.417053
0.023695
0.495383
0.385986
0.606410
0.148165
0.663283
0.197534
0.853286
0.716291
0.616217
0.353838
0.693194
0.371193
0.538401
0.026160
0.049221
0.491847
0.100884
0.062973
0.872450
0.609598
0.824297
0.343973
0.716291
0.220105
0.324031
0.159230
0.375355
0.335528
0.788773
0.427759
0.924632
0.995538
0.430331
0.232270
0.834204
0.568763
0.899927
0.233683
0.988076
0.062690
0.713490
0.898365
0.381175
0.692370
0.390057
0.427965
0.949394
0.158147
0.781305
0.611961
0.786364
0.275120
0.411006
0.217925
0.399560
0.681514
0.062214
0.590397
0.453329
0.386663
0.239406
0.839930
0.423969
0.486237
0.177205
0.268753
0.291206
0.950028
0.451740
0.904465
0.270259
0.159972
0.881080
0.048392
0.579848
0.551958
0.747362
0.779758
0.028007
0.930232
0.281676
0.932544
0.504159
0.718389
0.465817
0.895959
0.866927
0.937825
0.646084
0.586641
0.801339
0.210306
0.372798
0.265165
0.339422
0.961128
0.833496
0.640982
0.058828
0.004618
0.277651
0.472937
0.988388
0.212050
0.297798
0.785926
0.771650
0.991244
0.221395
0.870987
0.188218
0.769862
0.037018
0.062690
0.751581
0.402627
0.056317
0.512327
0.113474
0.355027
0.810293
0.512663
0.793566
0.259193
0.596510
0.396901
0.657948
0.532235
0.846368
0.306892
0.078550
0.527117
0.649169
0.398180
0.365752
0.461207
0.714424
0.769974
0.921750
0.039841
0.910465
0.796816
0.159082
0.037502
0.837227
0.488983
0.262572
0.959921
0.518178
0.697196
0.056415
0.253252
0.430125
0.161665
0.320687
0.736695
0.819218
0.685766
0.599925
0.369405
0.871628
0.621897
0.230729
0.277267
0.615271
0.035962
0.044898
0.241752
0.689187
0.100518
0.209501
0.871079
0.629361
0.801983
0.606528
0.394644
0.182118
0.197948
0.508963
0.540232
0.427144
0.514911
0.294489
0.442586
0.075054
0.454177
0.037018
0.560748
0.178233
0.553690
0.836322
0.383191
0.636238
0.817339
0.505833
0.150645
0.261761
0.255196
0.468077
0.933150
0.768967
0.778209
0.562487
0.220943
0.427246
0.387244
0.025842
0.183392
0.621424
0.378019
0.397885
0.429301
0.998087
0.270561
0.842418
0.733582
0.979678
0.779537
0.545970
0.560052
0.440287
0.642881
0.476843
0.144352
0.313736
0.526323
0.028949
0.537600
0.221007
0.664469
0.799081
0.667905
0.172666
0.556463
0.744503
0.443842
0.727684
0.510307
0.815979
0.828305
0.827588
0.399067
0.112189
0.194078
0.057350
0.332540
0.559241
0.439035
0.266955
0.285193
0.048306
0.993629
0.030406
0.485140
0.358609
0.110159
0.590632
0.672406
0.463241
0.087969
0.425811
0.560748
0.657236
0.992507
0.650474
0.739456
0.165604
0.444576
0.426631
0.067893
0.443214
0.609716
0.859414
0.885384
0.251962
0.298853
0.948406
0.254691
0.750101
0.969549
0.987361
0.015531
0.485798
0.836423
0.232875
0.418979
0.112591
0.077124
0.464314
0.800695
0.963813
0.945801
0.261319
0.938148
0.745762
0.158639
0.793674
0.410805
0.039216
0.317707
0.900581
0.055321
0.885906
0.777655
0.544247
0.285900
0.471206
0.279117
0.330529
0.848329
0.937242
0.721415
0.946160
0.032461
0.979474
0.325237
0.312057
0.003945
0.535087
0.069952
0.141157
0.783288
0.786693
0.073109
0.390447
0.171717
0.796599
0.227144
0.722229
0.007760
0.208205
0.450683
0.744045
0.548962
0.425811
0.973731
0.786035
0.829837
0.787898
0.411709
0.893021
0.328353
0.281131
0.339155
0.021522
0.065911
0.292724
0.341291
0.547235
0.351923
0.154791
0.474238
0.114921
0.005949
0.743243
0.116158
0.942693
0.504605
0.691781
0.816712
0.466140
0.995823
0.600749
0.107526
0.909061
0.362494
0.310050
0.522583
0.239199
0.525189
0.549307
0.023232
0.758729
0.228599
0.717573
0.838330
0.533261
0.365939
0.443319
0.839331
0.143718
0.981963
0.150221
0.660082
0.061207
0.317368
0.771091
0.697431
0.277574
0.542754
0.291765
0.117521
0.482950
0.941261
0.248404
0.231934
0.821089
0.836121
0.417458
0.267553
0.482294
0.868779
0.162115
0.354203
0.299178
0.721997
0.273975
0.489093
0.945139
0.973731
0.852899
0.784828
0.692605
0.977655
0.341291
0.382326
0.348475
0.548501
0.495051
0.554036
0.936003
0.548846
0.955961
0.147239
0.793131
0.383961
0.830551
0.003932
0.231733
0.783398
0.713840
0.706822
0.461314
0.731965
0.941136
0.006276
0.534174
0.846172
0.507173
0.718971
0.259486
0.722462
0.745991
0.542066
0.513113
0.764930
0.054896
0.917326
0.487115
0.195536
0.410905
0.670985
0.840329
0.947112
0.748960
0.691074
0.627583
0.674655
0.724669
0.416851
0.466247
0.207528
0.642050
0.174576
0.159033
0.977511
0.770980
0.334383
0.696726
0.265537
0.055418
0.235579
0.381750
0.914233
0.421623
0.971996
0.152873
0.470774
0.799081
0.686238
0.647745
0.601810
0.945139
0.800695
0.824091
0.332102
0.706588
0.955478
0.660675
0.827793
0.606174
0.286294
0.982183
0.261319
0.990427
0.890217
0.952351
0.801983
0.092521
0.906380
0.000235
0.850086
0.089125
0.724204
0.461849
0.356218
0.425913
0.779758
0.786912
0.883285
0.402825
0.992381
0.396606
0.022233
0.418269
0.241475
0.231197
0.694490
0.969593
0.449416
0.035910
0.864410
0.694019
0.913929
0.080081
0.790519
0.484045
0.951452
0.301543
0.343077
0.904945
0.478258
0.775547
0.617755
0.748162
0.826562
0.086914
0.503378
0.707993
0.139649
0.940254
0.498264
0.607708
0.356310
0.873906
0.007846
0.908276
0.849501
0.848036
0.442900
0.159378
0.147147
0.010519
0.963382
0.295777
0.464850
0.700840
0.800695
0.450789
0.308967
0.020059
0.979745
0.803697
0.702601
0.841723
0.592747
0.689541
0.243072
0.132692
0.502599
0.945681
0.393470
0.563996
0.711504
0.463027
0.471098
0.936852
0.746105
0.066482
0.508851
0.946935
0.687300
0.469155
0.767623
0.300726
0.550229
0.802090
0.113400
0.010527
0.967836
0.564693
0.385503
0.882317
0.357045
0.034294
0.197004
0.663876
0.346489
0.018874
0.372892
0.044294
0.511990
0.997334
0.648694
0.114809
0.982026
0.634459
0.657117
0.516037
0.404115
0.717690
0.000323
0.561907
0.112042
0.111970
0.622371
0.026480
0.660438
0.931189
0.662216
0.691074
0.717806
0.350287
0.153685
0.916727
0.578678
0.084183
0.805086
0.798219
0.501819
0.700840
0.256644
0.321286
0.683759
0.203084
0.442167
0.268378
0.562139
0.273137
0.921823
0.609952
0.806258
0.310133
0.497044
0.138023
0.415941
0.383095
0.727104
0.624266
0.648932
0.621897
0.302689
0.100419
0.297150
0.066665
0.392200
0.228069
0.793023
0.393177
0.054934
0.143401
0.170877
0.541952
0.419385
0.491847
0.792262
0.312140
0.560052
0.314409
0.712672
0.348294
0.470450
0.700722
0.564693
0.750214
0.441226
0.237281
0.895207
0.292644
0.561095
0.417661
0.119901
0.747362
0.916952
0.084438
0.656168
0.724088
0.017148
0.682932
0.185961
0.407202
0.229330
0.808916
0.220620
0.510980
0.364167
0.398771
0.705181
0.413419
0.969808
0.796275
0.881611
0.731734
0.935279
0.055905
0.256644
0.743243
0.334032
0.183836
0.963333
0.243350
0.210990
0.313315
0.324806
0.663283
0.999303
0.142905
0.652372
0.834204
0.558431
0.115557
0.852803
0.200025
0.764480
0.093356
0.229929
0.582422
0.206486
0.771538
0.104467
0.710919
0.542984
0.158098
0.250320
0.095206
0.591219
0.373365
0.042239
0.766165
0.218180
0.081694
0.466032
0.642999
0.603932
0.134948
0.575407
0.203749
0.159823
0.711153
0.265537
0.163675
0.599454
0.295293
0.427041
0.231063
0.786584
0.645728
0.647864
0.000335
0.465495
0.746677
0.122520
0.688480
0.074824
0.717107
0.648457
0.283235
0.824504
0.890985
0.550920
0.631850
0.366406
0.660319
0.994099
0.052410
0.770533
0.261099
0.705416
0.055905
0.650593
0.081529
0.399659
0.284487
0.359347
0.015210
0.670867
0.854635
0.067497
0.997842
0.545855
0.030866
0.238513
0.935608
0.969115
0.596745
0.382422
0.237965
0.632443
0.321970
0.436643
0.829327
0.192802
0.387437
0.734505
0.833800
0.637898
0.598511
0.229662
0.597569
0.412915
0.849501
0.865251
0.864036
0.550229
0.095554
0.035897
0.543213
0.255847
0.561791
0.958900
0.365939
0.216651
0.403718
0.593452
0.207283
0.792153
0.597334
0.128728
0.850961
0.567715
0.606292
0.169832
0.721880
0.682932
0.873906
0.997585
0.769079
0.388309
0.832280
0.559125
0.289694
0.510307
0.606174
0.989088
0.615034
0.554729
0.476191
0.208205
0.619056
0.520774
0.279039
0.945921
0.323000
0.650593
0.484264
0.286294
0.307803
0.067660
0.780642
0.944472
0.403718
0.912628
0.556232
0.817966
0.081584
0.573074
0.259925
0.980414
0.244187
0.069640
0.060615
0.299910
0.609952
0.538515
0.610425
0.110159
0.424889
0.976042
0.747933
0.401438
0.387147
0.009061
0.352651
0.155564
0.507173
0.627583
0.894704
0.773099
0.401735
0.064627
0.601928
0.439244
0.186185
0.618583
0.573657
0.325582
0.105605
0.580901
0.381366
0.985795
0.254043
0.065030
0.555885
0.050936
0.810822
0.746448
0.874360
0.820258
0.697431
0.654508
0.446362
0.811561
0.970492
0.127212
0.979028
0.300399
0.753060
0.752491
0.083168
0.999231
0.765716
0.955854
0.193207
0.372798
0.209872
0.038350
0.323000
0.304579
0.541378
0.756351
0.146363
0.164942
0.225040
0.100055
0.023060
0.261540
0.404811
0.713490
0.234697
0.538058
0.248688
0.288505
0.328701
0.835517
0.470990
0.369687
0.273441
0.210058
0.417965
0.054455
0.516262
0.461421
0.381079
0.017291
0.795084
0.513337
0.425913
0.250178
0.663995
0.572141
0.712555
0.603343
0.947290
0.558431
0.429096
0.529390
0.263089
0.321115
0.464206
0.104158
0.766390
0.725017
0.193613
0.477931
0.347120
0.753742
0.866556
0.948348
0.749074
0.149284
0.494056
0.334207
0.083337
0.431569
0.820570
0.570859
0.248971
0.308884
0.564112
0.297636
0.065300
0.291366
0.129306
0.807854
0.160071
0.208389
0.900581
0.437058
0.869332
0.844003
0.297069
0.304579
0.510420
0.416952
0.538286
0.425299
0.135421
0.518742
0.875175
0.280898
0.219783
0.562719
0.178558
0.141962
0.776102
0.539889
0.658896
0.171192
0.673235
0.067034
0.946160
0.029964
0.690720
0.337914
0.542869
0.677140
0.830041
0.145035
0.910542
0.579029
0.599807
0.876618
0.551958
0.409202
0.519758
0.043917
0.499818
0.421215
0.777434
0.914005
0.938790
0.980315
0.459284
0.639915
0.461100
0.476626
0.689541
0.789428
0.607354
0.002521
0.129430
0.524962
0.160717
0.198717
0.509187
0.408001
0.694490
0.487005
0.452587
0.892429
0.600749
0.358702
0.506056
0.249326
0.404612
0.375925
0.586876
0.378974
0.283157
0.053021
0.712439
0.038991
0.379547
0.371099
0.297069
0.208513
0.423458
0.937372
0.659015
0.546545
0.954285
0.592512
0.601810
0.157168
0.214687
0.760988
0.488763
0.106754
0.961426
0.689187
0.054877
0.641694
0.450260
0.249113
0.521452
0.665299
0.732427
0.809869
0.142680
0.470234
0.699547
0.649406
0.491186
0.223798
0.928714
0.075361
0.880193
0.640271
0.731040
0.291446
0.370157
0.424071
0.320260
0.690366
0.885732
0.876798
0.488104
0.070578
0.562487
0.839131
0.248758
0.588988
0.355668
0.785926
0.287951
0.196357
0.416547
0.696608
0.075258
0.882493
0.401042
0.679505
0.657948
0.034034
0.270712
0.200323
0.198895
0.410705
0.523489
0.549422
0.138417
0.575991
0.758729
0.136240
0.803590
0.898694
0.714074
0.505609
0.679859
0.208513
0.493393
0.780200
0.226287
0.466677
0.491847
0.509411
0.644660
0.671340
0.228665
0.710100
0.883109
0.605702
0.577743
0.563764
0.362216
0.337117
0.875807
0.470558
0.578094
0.280278
0.605702
0.296180
0.715358
0.106964
0.589223
0.983013
0.626754
0.572490
0.012543
0.046194
0.919258
0.549307
0.473912
0.397589
0.934882
0.898530
0.347842
0.330181
0.754991
0.504940
0.473587
0.933485
0.626043
0.308717
0.935674
0.881169
0.972972
0.134905
0.981360
0.858368
0.714891
0.492289
0.156146
0.870987
0.092613
0.746677
0.355576
0.253539
0.987159
0.331315
0.294971
0.218180
0.337471
0.086043
0.744961
0.386470
0.654864
0.283782
0.903662
0.899681
0.515474
0.972568
0.679859
0.713023
0.592041
0.955693
0.398574
0.376496
0.379452
0.265091
0.156875
0.110591
0.863004
0.594393
0.632443
0.287714
0.453859
0.374502
0.054915
0.630428
0.246008
0.889618
0.131975
0.781636
0.603697
0.042330
0.021740
0.199252
0.950257
0.366687
0.992703
0.126399
0.832686
0.185904
0.119283
0.399955
0.453753
0.982026
0.880460
0.000840
0.563648
0.507509
0.181952
0.024391
0.122796
0.312476
0.212363
0.727800
0.849111
0.054915
0.519419
0.959208
0.411207
0.312560
0.688008
0.036738
0.382902
0.043063
0.663995
0.949336
0.440809
0.440391
0.068573
0.283079
0.468616
0.782077
0.678795
0.724553
0.678322
0.090991
0.080761
0.504605
0.780421
0.836222
0.125873
0.599336
0.423356
0.713023
0.050062
0.796816
0.515474
0.659134
0.503378
0.074951
0.430847
0.431775
0.773879
0.835718
0.134178
0.208883
0.195361
0.377162
0.328962
0.202783
0.007976
0.572724
0.327312
0.658185
0.315759
0.690366
0.051332
0.399462
0.667195
0.795951
0.414527
0.724320
0.155564
0.790628
0.207037
0.060132
0.807960
0.846270
0.645135
0.004068
0.673708
0.831975
0.198658
0.408101
0.775658
0.610070
0.285586
0.325669
0.646203
0.936917
0.361196
0.357688
0.087440
0.114325
0.790192
0.401834
0.070602
0.701544
0.483060
0.397589
0.521226
0.468185
0.310801
0.726409
0.040447
0.167141
0.045900
0.810399
0.941261
0.487554
0.782297
0.062994
0.447940
0.739801
0.065594
0.394253
0.423356
0.026549
0.404612
0.607000
0.524169
0.382326
0.616099
0.538630
0.476517
0.753969
0.921969
0.275885
0.790083
0.947112
0.740490
0.644898
0.178776
0.292484
0.682814
0.751353
0.523942
0.801876
0.371099
0.402428
0.548041
0.814405
0.120483
0.645847
0.008495
0.724320
0.022408
0.748618
0.948523
0.290489
0.884074
0.409502
0.736464
0.150080
0.894872
0.863567
0.515136
0.592629
0.630902
0.807748
0.662691
0.924275
0.218884
0.342273
0.262056
0.011586
0.481529
0.460566
0.481857
0.143944
0.776102
0.453011
0.168430
0.435708
0.631494
0.377829
0.731849
0.221589
0.209563
0.635763
0.321115
0.443109
0.853768
0.312140
0.674300
0.822437
0.630309
0.814615
0.070820
0.254475
0.788882
0.026549
0.001296
0.020309
0.064762
0.795734
0.070240
0.620832
0.196592
0.594863
0.404115
0.394840
0.906062
0.214120
0.133157
0.631257
0.030585
0.497709
0.664706
0.409402
0.447940
0.872997
0.504940
0.288663
0.830143
0.543443
0.085639
0.207467
0.291366
0.029098
0.915069
0.602046
0.470990
0.116234
0.048770
0.260585
0.760424
0.322742
0.872633
0.578328
0.537028
0.100088
0.503490
0.525756
0.897538
0.965418
0.178830
0.808279
0.825945
0.280588
0.825739
0.439869
0.783288
0.985876
0.055631
0.898694
0.789646
0.165400
0.527004
0.359809
0.652254
0.161615
0.242099
0.929544
0.292644
0.052835
0.430640
0.038281
0.153781
0.939556
0.065526
0.728611
0.426938
0.837227
0.775325
0.912551
0.323343
0.861874
0.801554
0.789756
0.194427
0.617518
0.208759
0.037801
0.483935
0.053358
0.541264
0.166679
0.704595
0.457579
0.065685
0.267104
0.275579
0.197475
0.847350
0.594510
0.131891
0.364447
0.036473
0.827895
0.863661
0.536114
0.480329
0.637186
0.756238
0.118093
0.912243
0.818071
0.232875
0.937437
0.428581
0.380312
0.777988
0.924846
0.173089
0.050685
0.324892
0.005146
0.461528
0.767735
0.392298
0.454495
0.922114
0.779537
0.566552
0.756805
0.909061
0.372231
0.108409
0.594393
0.998476
0.285979
0.535543
0.496933
0.124787
0.194660
0.792914
0.892429
0.848036
0.737616
0.136760
0.107631
0.968103
0.087469
0.168482
0.399166
0.466355
0.768072
0.831569
0.912551
0.466032
0.698842
0.140535
0.119553
0.142365
0.323945
0.007939
0.567715
0.067219
0.612433
0.961028
0.523942
0.630428
0.628887
0.092830
0.997466
0.109441
0.313063
0.036938
0.676548
0.222237
0.494940
0.823161
0.054646
0.010552
0.039230
0.281442
0.996841
0.566552
0.203205
0.781746
0.098122
0.057671
0.317368
0.166833
0.997740
0.132481
0.093980
0.056534
0.995293
0.367904
0.214498
0.258098
0.825328
0.953351
0.126968
0.827588
0.753855
0.358702
0.111605
0.870069
0.001118
0.390738
0.983344
0.078844
0.284095
0.769303
0.099890
0.750442
0.548041
0.106439
0.020569
0.323000
0.271241
0.233144
0.145950
0.454177
0.261687
0.259705
0.296988
0.499374
0.943494
0.831569
0.384732
0.165298
0.645965
0.941387
0.293285
0.684349
0.977040
0.781305
0.527912
0.426631
0.332803
0.891920
0.682932
0.774880
0.525982
0.240439
0.291127
0.039999
0.491076
0.263829
0.026765
0.541264
0.062149
0.815769
0.820258
0.139252
0.847448
0.323515
0.885297
0.963957
0.105155
0.378496
0.923198
0.804231
0.846172
0.246711
0.026363
0.707174
0.478693
0.329397
0.402032
0.163120
0.676667
0.616453
0.995332
0.694254
0.478911
0.215572
0.392298
0.388892
0.642881
0.096222
0.602517
0.176020
0.557157
0.471098
0.191475
0.646677
0.656880
0.902856
0.989606
0.854057
0.479674
0.684231
0.296907
0.003991
0.943923
0.878411
0.146134
0.834710
0.950028
0.291446
0.885297
0.659964
0.384732
0.103068
0.288980
0.118284
0.113069
0.608181
0.984600
0.856076
0.418370
0.358517
0.787679
0.623555
0.012576
0.730693
0.542984
0.307969
0.568646
0.631969
0.091570
0.765941
0.874451
0.071331
0.768184
0.722578
0.308219
0.140401
0.816398
0.122008
0.054322
0.012275
0.963189
0.966021
0.341202
0.783729
0.406305
0.781746
0.245376
0.417864
0.246078
0.914689
0.888329
0.738421
0.887034
0.133624
0.533147
0.266955
0.911627
0.461849
0.415840
0.746791
0.687064
0.156632
0.319663
0.559705
0.959616
0.706471
0.977977
0.776990
0.919553
0.987930
0.358333
0.131681
0.587932
0.917550
0.784498
0.694136
0.538515
0.807004
0.229596
0.741867
0.692488
0.025294
0.039216
0.659964
0.591806
0.534744
0.782297
0.960124
0.429301
0.742441
0.131765
0.730809
0.206486
0.230062
0.496047
0.168017
0.867391
0.622371
0.836423
0.444367
0.610779
0.280355
0.509747
0.492951
0.118208
0.571208
0.665299
0.611015
0.564577
0.299747
0.971500
0.501152
0.972568
0.156875
0.277420
0.861969
0.057671
0.927879
0.566901
0.644186
0.248688
0.377733
0.103136
0.426221
0.191935
0.895625
0.141336
0.042119
0.143085
0.658896
0.096127
0.980612
0.213617
0.349924
0.534174
0.680450
0.930779
0.024364
0.688952
0.211800
0.261761
0.932004
0.662098
0.082554
0.809552
0.452481
0.036106
0.466462
0.417864
0.351104
0.937890
0.991084
0.769079
0.105709
0.064316
0.038949
0.392493
0.584531
0.591806
0.272605
0.962460
0.893105
0.541722
0.641813
0.569694
0.926828
0.527004
0.272074
0.245867
0.003026
0.549307
0.354935
0.516938
0.158295
0.019931
0.849111
0.655813
0.103441
0.108409
0.978855
0.684467
0.358333
0.245516
0.806152
0.378496
0.922114
0.078364
0.192686
0.954884
0.136197
0.580784
0.065549
0.422540
0.731040
0.298203
0.994901
0.387825
0.263977
0.030619
0.025033
0.771091
0.166013
0.284095
0.199727
0.407003
0.234156
0.414225
0.421928
0.639440
0.371759
0.393079
0.891240
0.647745
0.898612
0.836322
0.146363
0.102290
0.877605
0.312644
0.445731
0.187595
0.691309
0.593334
0.686120
0.261540
0.708930
0.011595
0.049622
0.811139
0.788773
0.139737
0.584531
0.484483
0.445836
0.328006
0.340044
0.765604
0.650474
0.475105
0.133157
0.932746
0.478802
0.022931
0.615389
0.778320
0.891070
0.236940
0.052318
0.423867
0.195361
0.285271
0.267928
0.334383
0.049395
0.570043
0.512551
0.676430
0.718273
0.899435
0.933150
0.718971
0.178178
0.322056
0.402329
0.858749
0.522583
0.443319
0.028027
0.056160
0.661505
0.166218
0.023310
0.306560
0.634103
0.475323
0.328788
0.280666
0.786803
0.749531
0.020149
0.526209
0.781856
0.113069
0.676430
0.932071
0.933618
0.113843
0.287398
0.714191
0.794868
0.474346
0.620950
0.541837
0.853189
0.206242
0.111642
0.080407
0.136543
0.438723
0.331403
0.051368
0.572257
0.557157
0.304991
0.181567
0.834911
0.484483
0.996657
0.054992
0.076134
0.519871
0.206976
0.071307
0.030229
0.014889
0.502933
0.413117
0.913165
0.456621
0.293605
0.883723
0.226353
0.480110
0.265165
0.317962
0.625213
0.157902
0.215319
0.388212
0.762904
0.442690
0.836222
0.639559
0.553574
0.900418
0.003508
0.099659
0.210741
0.111933
0.158196
0.197004
0.093046
0.640271
0.039727
0.874360
0.016731
0.511990
0.988858
0.228931
0.151826
0.638491
0.457472
0.910154
0.058277
0.592041
0.404612
0.713140
0.527344
0.232203
0.291765
0.708696
0.346579
0.872815
0.613852
0.385600
0.395723
0.365846
0.891665
0.592747
0.419690
0.020825
0.176558
0.181622
0.109979
0.495494
0.257516
0.893780
0.703305
0.096127
0.834911
0.845089
0.104398
0.802198
0.536000
0.729884
0.830755
0.855404
0.677731
0.014602
0.467431
0.849794
0.493945
0.404612
0.535543
0.698489
0.205998
0.003365
0.803162
0.765941
0.126399
0.408701
0.990697
0.052336
0.856363
0.486127
0.815769
0.529049
0.255558
0.129388
0.203567
0.110663
0.428068
0.266208
0.631257
0.218372
0.467215
0.553459
0.382326
0.601574
0.757824
0.572490
0.470882
0.406105
0.779316
0.365566
0.669327
0.752719
0.442272
0.050488
0.569927
0.648220
0.202662
0.541837
0.296423
0.332453
0.103919
0.097571
0.342630
0.345050
0.166730
0.917027
0.174416
0.947762
0.716757
0.438098
0.036302
0.089364
0.555423
0.201880
0.723391
0.862910
0.264645
0.007812
0.488214
0.845089
0.458858
0.505163
0.116121
0.729999
0.859129
0.977619
0.287872
0.496822
0.571791
0.209810
0.502042
0.857224
0.256064
0.217669
0.640864
0.445311
0.479238
0.365472
0.327659
0.405607
0.015962
0.975666
0.972730
0.825225
0.789100
0.276115
0.883811
0.709866
0.378974
0.724785
0.127294
0.911935
0.205266
0.106021
0.365192
0.596981
0.464743
0.191130
0.622726
0.510083
0.713256
0.367623
0.029942
0.850961
0.855788
0.554729
0.532007
0.373365
0.812511
0.965138
0.539202
0.307555
0.794759
0.675365
0.835012
0.352014
0.327226
0.710100
0.570742
0.907409
0.338091
0.393568
0.830958
0.610306
0.760311
0.156291
0.154984
0.713373
0.155515
0.218053
0.775102
0.487774
0.488214
0.437682
0.357965
0.093917
0.436123
0.069760
0.646440
0.207221
0.862440
0.428068
0.630783
0.123549
0.760198
0.633391
0.688008
0.875717
0.420300
0.172243
0.929130
0.456195
0.531438
0.000466
0.237008
0.544361
0.861308
0.704126
0.537028
0.691899
0.622608
0.645016
0.193729
0.165502
0.701779
0.157804
0.293766
0.332628
0.392103
0.517727
0.762792
0.087528
0.302853
0.138680
0.196886
0.576225
0.164841
0.230195
0.285743
0.758503
0.278731
0.404811
0.209872
0.524395
0.562951
0.083533
0.521113
0.240301
0.584648
0.651660
0.366780
0.421623
0.441017
0.893021
0.977941
0.352378
0.531894
0.734389
0.548846
0.423663
0.939747
0.607000
0.132565
0.182284
0.145950
0.459925
0.636119
0.437682
0.823058
0.268979
0.469586
0.936657
0.802412
0.678677
0.366500
0.816921
0.145675
0.602400
0.363144
0.511990
0.239612
0.899024
0.478149
0.323773
0.003790
0.996061
0.946756
0.198007
0.856746
0.541264
0.535886
0.879036
0.739801
0.242585
0.060007
0.698137
0.406006
0.579965
0.070844
0.351286
0.486786
0.245166
0.061634
0.373744
0.481202
0.410404
0.752832
0.285900
0.108444
0.753969
0.491186
0.135163
0.228069
0.571092
0.169312
0.099923
0.159923
0.364447
0.664232
0.359163
0.457259
0.715241
0.088976
0.596275
0.859604
0.473587
0.254619
0.566785
0.062711
0.128235
0.792371
0.133795
0.876528
0.101017
0.948231
0.718156
0.383576
0.568414
0.077465
0.916126
0.636119
0.466032
0.910231
0.504493
0.519983
0.743472
0.212238
0.242516
0.282532
0.484811
0.485030
0.288346
0.469694
0.187992
0.186073
0.838330
0.061080
0.011208
0.159873
0.079811
0.692605
0.682341
0.066551
0.445731
0.941699
0.284722
0.209192
0.567134
0.190900
0.564229
0.640271
0.313147
0.037869
0.115970
0.703187
0.050116
0.540461
0.525415
0.498375
0.027955
0.076810
0.598865
0.560864
0.229396
0.420096
0.074671
0.253036
0.074798
0.670511
0.047795
0.339688
0.263089
0.712906
0.493393
0.337825
0.013225
0.751923
0.108444
0.595098
0.345409
0.598276
0.267104
0.268904
0.263385
0.172191
0.163928
0.434360
0.201880
0.492399
0.482076
0.882317
0.039160
0.210617
0.106300
0.471206
0.466032
0.806684
0.240784
0.773990
0.036434
0.825945
0.999223
0.558546
0.504940
0.073886
0.755671
0.977691
0.323257
0.902127
0.311219
0.550459
0.912320
0.898859
0.345859
0.394155
0.441749
0.463777
0.614561
0.196181
0.610661
0.256137
0.924561
0.290330
0.326101
0.913394
0.809340
0.712672
0.800050
0.055690
0.409602
0.325324
0.963333
0.265686
0.688598
0.838130
0.364074
0.039033
0.572490
0.410504
0.562719
0.049921
0.608535
0.801017
0.757144
0.441122
0.222302
0.634814
0.638847
0.500262
0.062820
0.336940
0.800050
0.426118
0.109227
0.403718
0.734505
0.395919
0.591219
0.636356
0.845877
0.281209
0.170668
0.248263
0.669682
0.233077
0.025369
0.356861
0.509299
0.471206
0.066918
0.194718
0.628531
0.164891
0.228135
0.123192
0.404016
0.053152
0.251318
0.629479
0.836423
0.821919
0.133837
0.400054
0.773211
0.202000
0.066665
0.096734
0.747248
0.421623
0.712555
0.598276
0.053040
0.155661
0.976489
0.055944
0.266731
0.689423
0.717806
0.886774
0.368936
0.776546
0.014244
0.106649
0.592276
0.877067
0.267928
0.420401
0.510644
0.135593
0.753742
0.412211
0.642169
0.016757
0.161315
0.778763
0.369405
0.424276
0.606764
0.594628
0.228334
0.283469
0.223994
0.251890
0.354935
0.326360
0.038061
0.904866
0.140135
0.361381
0.376210
0.415638
0.609125
0.288188
0.962362
0.598511
0.814405
0.519532
0.689187
0.577042
0.134563
0.253036
0.070481
0.218116
0.066918
0.177313
0.367061
0.139472
0.364633
0.802305
0.772988
0.299910
0.784828
0.768072
0.024692
0.432808
0.724204
0.753969
0.083985
0.460566
0.407003
0.071870
0.651423
0.719204
0.667905
0.464850
0.569461
0.445941
0.229396
0.048753
0.316436
0.617400
0.102526
0.548386
0.553112
0.420198
0.428068
0.453859
0.301134
0.012233
0.192744
0.283079
0.514012
0.666010
0.580082
0.547350
0.559473
0.005272
0.177367
0.231197
0.611370
0.453435
0.339599
0.625687
0.398180
0.521339
0.738191
0.853672
0.661031
0.870436
0.599925
0.824710
0.982861
0.538858
0.492620
0.896042
0.583945
0.373933
0.268979
0.304003
0.249326
0.109441
0.053096
0.046822
0.076005
0.006442
0.411207
0.218116
0.128358
0.411508
0.847154
0.407003
0.386953
0.369781
0.651304
0.998506
0.603225
0.697078
0.095396
0.090506
0.982276
0.203145
0.270184
0.550459
0.153590
0.544476
0.529617
0.499374
0.019414
0.622726
0.909373
0.774435
0.119824
0.694961
0.524395
0.061805
0.735658
0.503713
0.911781
0.269505
0.460566
0.257443
0.529503
0.964147
0.580550
0.820154
0.927600
0.740030
0.603107
0.100950
0.614206
0.243489
0.196298
0.117750
0.052966
0.860363
0.443738
0.343883
0.837729
0.434464
0.081254
0.359440
0.780642
0.424276
0.817862
0.795084
0.957077
0.383768
0.081282
0.606528
0.266955
0.624977
0.024382
0.278345
0.617636
0.287556
0.592747
0.098643
0.806684
0.406903
0.022567
0.967567
0.128358
0.426836
0.777544
0.906538
0.384635
0.837227
0.493614
0.154550
0.601221
0.536229
0.723391
0.551382
0.076108
0.275349
0.419182
0.438202
0.241268
0.878232
0.655813
0.652254
0.385407
0.000991
0.202602
0.244047
0.299422
0.960073
0.826767
0.358794
0.220233
0.801983
0.508963
0.265165
0.098937
0.940128
0.393763
0.715008
0.112591
0.068596
0.823368
0.601221
0.213114
0.429404
0.718156
0.226090
0.108267
0.237213
0.830143
0.940001
0.250962
0.936461
0.065549
0.687182
0.862534
0.534288
0.435086
0.595098
0.832483
0.370911
0.332453
0.811456
0.728263
0.077071
0.305899
0.169676
0.881876
0.306064
0.784059
0.443214
0.389766
0.489314
0.716874
0.509971
0.578094
0.967567
0.410705
0.553228
0.543443
0.828714
0.264422
0.826562
0.987285
0.189926
0.089454
0.574007
0.584297
0.730809
0.829429
0.591924
0.921313
0.458325
0.193207
0.353929
0.644660
0.128112
0.572141
0.357781
0.417458
0.238444
0.663758
0.906380
0.032746
0.690131
0.420198
0.696843
0.420910
0.328006
0.029055
0.571908
0.752036
0.383768
0.395821
0.150739
0.994400
0.169000
0.421725
0.826151
0.713140
0.276345
0.696137
0.348656
0.875717
0.729999
0.431259
0.146317
0.196474
0.573307
0.216587
0.364913
0.217925
0.235647
0.802090
0.401834
0.977331
0.104948
0.889960
0.067265
0.283704
0.820882
0.126886
0.338268
0.865251
0.508404
0.018299
0.075412
0.281831
0.194835
0.267404
0.790628
0.410705
0.540805
0.017416
0.502599
0.527231
0.125148
0.775325
0.109406
0.224189
0.946101
0.732543
0.637780
0.134734
0.274127
0.840030
0.349471
0.966067
0.938598
0.760198
0.326187
0.664587
0.185736
0.200562
0.213617
0.111097
0.956654
0.885906
0.148770
0.592629
0.726757
0.747248
0.011703
0.718738
0.163070
0.695667
0.510868
0.810187
0.543443
0.996245
0.987082
0.410203
0.334735
0.832888
0.583945
0.455345
0.213491
0.607590
0.857892
0.348837
0.016182
0.387147
0.442690
0.118860
0.741179
0.387147
0.931393
0.463134
0.073084
0.149799
0.187595
0.859224
0.122441
0.863286
0.420605
0.611606
0.412714
0.628531
0.931257
0.965091
0.371476
0.834710
0.169937
0.786474
0.790628
0.407003
0.702131
0.591454
0.861308
0.475323
0.598040
0.566320
0.835517
0.097345
0.280045
0.157755
0.467000
0.059075
0.089813
0.272605
0.942941
0.600043
0.357873
0.587462
0.751923
0.117826
0.733697
0.726525
0.181787
0.456621
0.011730
0.196357
0.935081
0.460993
0.536914
0.285036
0.504828
0.521905
0.343973
0.559705
0.209439
0.248900
0.661268
0.007757
0.757144
0.720252
0.500818
0.684113
0.133965
0.259120
0.771650
0.332102
0.574007
0.996573
0.627583
0.463670
0.586758
0.636356
0.548501
0.494387
0.063983
0.236259
0.149237
0.065323
0.159873
0.056435
0.986980
0.035962
0.249538
0.314409
0.146639
0.933618
0.141291
0.910076
0.419995
0.588636
0.530527
0.695667
0.348837
0.407003
0.080407
0.682105
0.433636
0.317283
0.638847
0.914081
0.364726
0.871719
0.160617
0.726525
0.220040
0.015502
0.580667
0.228003
0.675128
0.953627
0.899927
0.172085
0.460673
0.352469
0.025576
0.803055
0.871353
0.364540
0.616927
0.829633
0.932612
0.346850
0.536800
0.304826
0.034494
0.954992
0.258463
0.140979
0.303428
0.034532
0.232606
0.942446
0.788335
0.084637
0.351195
0.921386
0.539774
0.761665
0.194369
0.774435
0.794868
0.687064
0.147008
0.472396
0.180797
0.142860
0.730925
0.663283
0.658778
0.459818
0.497044
0.120639
0.770533
0.701074
0.226880
0.042955
0.223146
0.959769
0.555885
0.009293
0.092121
0.403817
0.929130
0.235647
0.054685
0.246570
0.348837
0.222951
0.116309
0.960577
0.769191
0.915069
0.462706
0.737270
0.918146
0.909764
0.168120
0.816084
0.311136
0.531894
0.947879
0.824504
0.728842
0.285900
0.124147
0.734389
0.319748
0.420096
0.862345
0.229929
0.936591
0.027740
0.932544
0.758955
0.550690
0.652847
0.420706
0.430434
0.808385
0.105155
0.324203
0.749759
0.554152
0.403817
0.469586
0.362123
0.865811
0.668261
0.053885
0.313483
0.712088
0.456195
0.970023
0.340756
0.449521
0.954176
0.776102
0.366874
0.641457
0.492068
0.279968
0.365752
0.267254
0.664113
0.437266
0.882052
0.234021
0.431156
0.573657
0.312895
0.665180
0.853479
0.216460
0.292644
0.733004
0.388892
0.419690
0.309966
0.952797
0.726989
0.683641
0.222951
0.193729
0.213491
0.697431
0.018789
0.435604
0.154117
0.844891
0.579848
0.058583
0.763693
0.984771
0.369875
0.451106
0.047156
0.140979
0.549998
0.945018
0.031241
0.886167
0.900172
0.545855
0.866370
0.511317
0.410705
0.420198
0.399659
0.627702
0.607708
0.859889
0.541149
0.709281
0.106999
0.638135
0.415840
0.622489
0.803483
0.121107
0.314578
0.320346
0.495604
0.012654
0.895207
0.947762
0.342451
0.147563
0.728379
0.770868
0.293686
0.944350
0.105155
0.197948
0.797895
0.822644
0.344332
0.445626
0.744503
0.409001
0.279349
0.481092
0.572957
0.168534
0.262277
0.630902
0.741293
0.745419
0.237213
0.474563
0.227210
0.773879
0.211488
0.122362
0.231130
0.683641
0.432912
0.904144
0.584179
0.503490
0.297717
0.096831
0.921823
0.770756
0.528821
0.511541
0.843508
0.968192
0.747020
0.080326
0.785816
0.259486
0.024310
0.549537
0.488763
0.154646
0.860173
0.241752
0.970151
0.265165
0.563996
0.510980
0.712906
0.905025
0.477496
0.138242
0.171927
0.507844
0.078099
0.974979
0.034357
0.574824
0.290092
0.087059
0.798758
0.562487
0.786474
0.850572
0.654745
0.505386
0.928158
0.321029
0.431053
0.853093
0.271392
0.904064
0.774213
0.379452
0.737385
0.952963
0.458005
0.903501
0.138944
0.994532
0.319408
0.064762
0.882229
0.113992
0.010609
0.736925
0.501819
0.717923
0.656406
0.461528
0.419995
0.420808
0.931053
0.898859
0.404314
0.700487
0.435708
0.063454
0.743358
0.871170
0.160022
0.686592
0.188275
0.524508
0.606528
0.277805
0.380121
0.386373
0.542181
0.223994
0.707876
0.022906
0.919848
0.641694
0.696843
0.313652
0.753742
0.889875
0.959054
0.881964
0.298203
0.219398
0.423050
0.022719
0.109406
0.673353
0.516712
0.615980
0.226880
0.677849
0.057711
0.544591
0.248334
0.175591
0.955747
0.063016
0.365192
0.398279
0.286924
0.158442
0.821089
0.177853
0.214246
0.726525
0.451846
0.007685
0.858083
0.287082
0.941073
0.188957
0.815035
0.800588
0.046905
0.670511
0.960678
0.172243
0.822540
0.671459
0.951395
0.044452
0.339155
0.566436
0.965091
0.927039
0.258901
0.592747
0.563648
0.444576
0.446993
0.700487
0.993945
0.091417
0.951452
0.921095
0.140224
0.609834
0.049939
0.104570
0.755444
0.809022
0.688480
0.601339
0.045042
0.344601
0.746677
0.850572
0.205571
0.208883
0.430228
0.452693
0.463563
0.029377
0.260585
0.694843
0.027842
0.707759
0.466355
0.792044
0.301379
0.962509
0.605938
0.542066
0.061527
0.360826
0.510307
0.684113
0.538172
0.780642
0.015332
0.080789
0.787569
0.018760
0.034657
0.225827
0.924989
0.739341
0.128440
0.825019
0.665061
0.980711
0.590984
0.987979
0.397589
0.370722
0.607236
0.917774
0.577510
0.913929
0.553921
0.934352
0.778763
0.691427
0.353107
0.257298
0.054284
0.188105
0.779427
0.166525
0.538630
0.613615
0.676548
0.383479
0.905903
0.155806
0.993945
0.101117
0.724785
0.230596
0.394155
0.292004
0.740949
0.487884
0.650355
0.325669
0.431569
0.080434
0.723624
0.973053
0.541034
0.770645
0.863004
0.208759
0.419081
0.245657
0.712906
0.474671
0.081446
0.715941
0.717107
0.095713
0.742785
0.729652
0.790083
0.388989
0.194835
0.906618
0.678914
0.990087
0.516938
0.356953
0.118438
0.243420
0.302279
0.265761
0.970407
0.868410
0.947053
0.570975
0.361659
0.432705
0.601103
0.531666
0.431156
0.700017
0.130093
0.324289
0.030866
0.317537
0.882317
0.123908
0.876077
0.888587
0.068103
0.960628
0.861686
0.723624
0.700722
0.693783
0.363330
0.231063
0.507285
0.451952
0.539889
0.193613
0.970322
0.744160
0.982586
0.155806
0.136240
0.351377
0.707291
0.342362
0.935871
0.260218
0.201940
0.451846
0.158049
0.601928
0.855500
0.051423
0.303099
0.041267
0.586993
0.321029
0.815245
0.087235
0.329658
0.506056
0.798758
0.002528
0.370157
0.300726
0.196533
0.155757
0.039913
0.990511
0.028265
0.215256
0.087440
0.688834
0.385407
0.007646
0.195712
0.849501
0.287398
0.617163
0.665536
0.339866
0.542754
0.819113
0.875175
0.539889
0.559589
0.138680
0.338978
0.248051
0.672524
0.972892
0.927879
0.174576
0.952351
0.188162
0.461528
0.246359
0.239681
0.549077
0.032603
0.123510
0.107420
0.861780
0.917102
0.026775
0.441644
0.006805
0.575991
0.268828
0.892936
0.215509
0.477387
0.138592
0.413217
0.805406
0.136240
0.140490
0.009377
0.705299
0.535087
0.246289
0.087030
0.885558
0.309550
0.176773
0.351013
0.356218
0.563184
0.353199
0.056871
0.103612
0.901559
0.986774
0.206364
0.442272
0.271392
0.648220
0.765379
0.569694
0.862534
0.103816
0.446677
0.020492
0.126318
0.796275
0.127457
0.314241
0.073109
0.755104
0.803376
0.062063
0.104914
0.788007
0.986696
0.635407
0.873179
0.337205
0.300644
0.058828
0.081501
0.679268
0.368654
0.098187
0.058828
0.998821
0.901721
0.493172
0.644423
0.852899
0.943433
0.377067
0.226814
0.783949
0.729884
0.273137
0.129264
0.181017
0.498819
0.055050
0.376020
0.545395
0.525189
0.937761
0.280045
0.372987
0.999506
0.317113
0.880105
0.805406
0.830041
0.838931
0.447098
0.474888
0.754650
0.813985
0.185736
0.887812
0.473696
0.023120
0.875356
0.417560
0.191878
0.055243
0.098773
0.786364
0.838531
0.672406
0.499707
0.022626
0.032663
0.085123
0.916727
0.357321
0.763918
0.089693
0.661861
0.768072
0.781305
0.556579
0.471206
0.959105
0.555885
0.380887
0.869148
0.855596
0.698137
0.733582
0.509075
0.161215
0.155757
0.718622
0.089334
0.693194
0.994747
0.082054
0.328180
0.906697
0.101184
0.204597
0.937761
0.797895
0.775213
0.060112
0.517163
0.306395
0.699782
0.575174
0.663521
0.855308
0.053564
0.667787
0.653440
0.916502
0.550459
0.893443
0.038281
0.764368
0.464314
0.162266
0.657117
0.493282
0.699312
0.415234
0.830041
0.397983
0.862816
0.632324
0.368279
0.743816
0.797464
0.406504
0.948989
0.215762
0.855692
0.913852
0.609834
0.874903
0.744618
0.802626
0.118438
0.027945
0.230997
0.258390
0.444052
0.702131
0.445521
0.850961
0.526777
0.091906
0.936461
0.923486
0.222626
0.961970
0.718273
0.997235
0.159576
0.813985
0.952183
0.898859
0.624977
0.260145
0.560980
0.244187
0.058726
0.248546
0.144125
0.930232
0.844101
0.380600
0.649050
0.511878
0.800480
0.335704
0.709047
0.195536
0.167141
0.505609
0.426221
0.110051
0.623910
0.279039
0.527231
0.957497
0.976340
0.830755
0.951846
0.773545
0.248122
0.459711
0.725829
0.556926
0.073158
0.267404
0.583359
0.100784
0.966113
0.415234
0.412915
0.848329
0.342005
0.558083
0.084637
0.353655
0.579731
0.087616
0.120717
0.424071
0.123669
0.417053
0.985135
0.937177
0.885384
0.656168
0.872997
0.556001
0.730693
0.956600
0.140135
0.410304
0.143311
0.502821
0.957707
0.787460
0.737731
0.557968
0.595216
0.400350
0.103919
0.075438
0.416952
0.207344
0.641457
0.115745
0.778652
0.674537
0.907804
0.466893
0.175752
0.523263
0.974125
0.294891
0.618465
0.475865
0.665180
0.174469
0.932544
0.584297
0.092152
0.456514
0.356035
0.865158
0.274356
0.311303
0.605820
0.325151
0.655219
0.093668
0.842319
0.301052
0.387147
0.318386
0.970703
0.344601
0.607354
0.231867
0.622371
0.250320
0.502821
0.996026
0.837127
0.718855
0.412915
0.583125
0.094074
0.290330
0.007745
0.180085
0.856554
0.481420
0.085438
0.836524
0.734620
0.439974
0.192455
0.361474
0.151684
0.660319
0.827793
0.174843
0.877605
0.918369
0.266581
0.498819
0.323601
0.170145
0.459284
0.733235
0.863755
0.080027
0.222561
0.802519
0.395527
0.474888
0.636000
0.671814
0.203145
0.079811
0.122559
0.785157
0.566901
0.294248
0.719554
0.329832
0.313231
0.932948
0.642287
0.947879
0.516262
0.292884
0.212613
0.321885
0.008889
0.578328
0.962460
0.286688
0.563532
0.679387
0.294730
0.313568
0.576108
0.294489
0.736579
0.141068
0.537143
0.455026
0.149846
0.285586
0.478476
0.391323
0.075130
0.423765
0.532235
0.261172
0.533717
0.718855
0.893443
0.684113
0.704243
0.716991
0.351286
0.359440
0.973253
0.756011
0.761439
0.237623
0.957759
0.910698
0.565971
0.742211
0.336675
0.184952
0.671814
0.745991
0.551036
0.891750
0.681396
0.920363
0.883109
0.185624
0.599454
0.094575
0.343077
0.105328
0.970407
0.223863
0.297555
0.702483
0.945380
0.409001
0.059487
0.796167
0.133200
0.460245
0.886254
0.499707
0.578328
0.313904
0.386566
0.679150
0.138461
0.387922
0.268153
0.272605
0.045998
0.412513
0.438619
0.472613
0.441017
0.170563
0.196768
0.945078
0.053677
0.705533
0.109943
0.476952
0.467108
0.649288
0.417762
0.154984
0.608771
0.549537
0.367904
0.093232
0.626754
0.363795
0.232740
0.301134
0.749759
0.409001
0.893443
0.185288
0.065662
0.252606
0.380025
0.964242
0.851641
0.959514
0.883021
0.375830
0.657236
0.965091
0.486566
0.566087
0.287714
0.949913
0.928436
0.913088
0.970492
0.740490
0.271847
0.771091
0.117788
0.711387
0.186917
0.700957
0.546545
0.598040
0.527799
0.508180
0.234901
0.924704
0.443842
0.977186
0.885993
0.405110
0.915447
0.535315
0.933015
0.996911
0.725133
0.988951
0.099035
0.280510
0.745533
0.028959
0.469586
0.970322
0.567948
0.417560
0.465602
0.574357
0.334383
0.488324
0.334911
0.369781
0.630665
0.487225
0.604876
0.744274
0.768408
0.819842
0.411508
0.865438
0.932679
0.240922
0.478149
0.179538
0.155806
0.552997
0.670748
0.546890
0.059281
0.409001
0.691545
0.957129
0.438202
0.919480
0.400251
0.910698
0.957550
0.986514
0.720950
0.623081
0.245096
0.099593
0.679150
0.673471
0.191590
0.897372
0.896375
0.738191
0.439661
0.264719
0.249255
0.721532
0.221266
0.432705
0.578445
0.814720
0.644898
0.852609
0.372231
0.576225
0.483388
0.669090
0.822023
0.292244
0.998553
0.908982
0.014889
0.699665
0.212738
0.243211
0.347030
0.272985
0.449099
0.591806
0.426323
0.034859
0.860078
0.430228
0.104295
0.859984
0.002074
0.456727
0.352651
0.846761
0.143763
0.724320
0.608181
0.838531
0.690484
0.742899
0.342898
0.063850
0.351468
0.388116
0.420808
0.836222
0.522923
0.222951
0.511765
0.602753
0.324548
0.625095
0.082359
0.852416
0.691545
0.697784
0.466140
0.667669
0.728611
0.569927
0.092799
0.368091
0.019414
0.977367
0.957759
0.860173
0.625450
0.952908
0.297312
0.267179
0.279039
0.486676
0.037774
0.866556
0.654864
0.329484
0.713724
0.799942
0.656406
0.931121
0.041238
0.115557
0.010333
0.600749
0.552420
0.164790
0.017161
0.267778
0.152064
0.961822
0.981837
0.850086
0.059034
0.590514
0.602046
0.941011
0.768743
0.536800
0.435604
0.224320
0.789210
0.584883
0.661387
0.735427
0.380504
0.895708
0.734043
0.499374
0.412412
0.829429
0.959002
0.284095
0.873725
0.669564
0.261614
0.430537
0.781856
0.399659
0.443947
0.522583
0.199787
0.983344
0.079380
0.792153
0.913088
0.624029
0.957077
0.852416
0.811561
0.987436
0.708228
0.639677
0.157706
0.064049
0.214120
0.859129
0.731849
0.323257
0.367435
0.124466
0.521000
0.411910
0.164384
0.493172
0.094418
0.944289
0.317113
0.327312
0.565855
0.712322
0.380312
0.853865
0.769527
0.037897
0.831670
0.389474
0.227937
0.262720
0.740145
0.491076
0.765604
0.391713
0.811139
0.147147
0.199668
0.827178
0.893527
0.929406
0.023563
0.437474
0.379165
0.545166
0.935608
0.800265
0.161265
0.085151
0.861403
0.082916
0.901233
0.545051
0.995525
0.810716
0.598158
0.403420
0.482841
0.606882
0.498486
0.213931
0.154357
0.259559
0.054666
0.125510
0.879749
0.629598
0.300562
0.466355
0.940570
0.370440
0.931529
0.547695
0.242030
0.365566
0.811561
0.893780
0.605112
0.737731
0.600160
0.457792
0.482185
0.124827
0.613497
0.681869
0.874813
0.907409
0.544476
0.171927
0.935081
0.651423
0.520209
0.385117
0.581369
0.809234
0.400745
0.735542
0.118438
0.232404
0.649288
0.496158
0.954285
0.123549
0.304579
0.307057
0.691309
0.548386
0.752150
0.188957
0.712088
0.169000
0.503378
0.969115
0.224124
0.818175
0.706119
0.911318
0.702835
0.465495
0.575641
0.241475
0.551266
0.955155
0.477061
0.872997
0.753287
0.680214
0.110159
0.320260
0.488324
0.882317
0.229330
0.609243
0.985849
0.808916
0.309966
0.923414
0.018320
0.994281
0.494056
0.391128
0.654152
0.145446
0.130801
0.942198
0.230729
0.172771
0.886688
0.343346
0.848818
0.888329
0.334383
0.318727
0.763242
0.453965
0.153733
0.216460
0.286845
0.070457
0.731503
0.131639
0.347481
0.443842
0.395232
0.475757
0.797788
0.742899
0.448994
0.270636
0.251533
0.998673
0.422234
0.571208
0.042925
0.967387
0.220298
0.243559
0.190041
0.635052
0.373555
0.703422
0.937047
0.390349
0.817548
0.363330
0.819322
0.584297
0.773433
0.598865
0.712322
0.888587
0.926688
0.150080
0.210120
0.796059
0.998565
0.477496
0.713140
0.122283
0.977367
0.484373
0.399659
0.739111
0.267030
0.572141
0.648338
0.498486
0.637068
0.765491
0.337825
0.720717
0.977475
0.488763
0.895792
0.801447
0.239337
0.665654
0.956441
0.058685
0.224320
0.693430
0.809869
0.389863
0.848818
0.126805
0.985740
0.947585
0.778873
0.680687
0.602046
0.205632
0.533831
0.447835
0.080516
0.488104
0.443004
0.349561
0.732658
0.353016
0.769527
0.286058
0.637424
0.250036
0.068408
0.813564
0.909608
0.243280
0.179320
0.390057
0.726641
0.918221
0.684703
0.737961
0.777988
0.946041
0.625569
0.451740
0.501931
0.812511
0.283157
0.075233
0.747705
0.612788
0.894536
0.616335
0.354935
0.044215
0.148351
0.278345
0.913547
0.168172
0.555654
0.622371
0.742441
0.561907
0.068056
0.763355
0.477387
0.815979
0.598040
0.274280
0.266357
0.881169
0.742326
0.458644
0.761101
0.317029
0.037774
0.036553
0.963718
0.814090
0.232404
0.178667
0.773099
0.426938
0.636475
0.389863
0.669445
0.915598
0.632680
0.516149
0.500818
0.343704
0.556232
0.643948
0.264422
0.054608
0.976673
0.580667
0.268603
0.317622
0.477278
0.757031
0.500596
0.923342
0.910231
0.178341
0.482076
0.723391
0.894956
0.940444
0.860552
0.346309
0.798758
0.271090
0.239199
0.987285
0.706588
0.172930
0.545166
0.758163
0.895290
0.643474
0.854828
0.509299
0.269581
0.952127
0.466140
0.697078
0.864504
0.400548
0.429610
0.190671
0.115183
0.143311
0.747705
0.392493
0.689423
0.801017
0.672761
0.487994
0.315421
0.845581
0.306312
0.327659
0.479783
0.526323
0.149565
0.497266
0.350922
0.099593
0.535087
0.843112
0.200682
0.569927
0.962117
0.586524
0.804445
0.055185
0.191762
0.998639
0.669445
0.746791
0.782518
0.450366
0.734735
0.394449
0.186185
0.034145
0.141024
0.419893
0.860173
0.604404
0.252534
0.273746
0.094796
0.494719
0.533603
0.765491
0.508516
0.313820
0.181952
0.783839
0.180194
0.897703
0.603697
0.835012
0.375545
0.717573
0.919110
0.532007
0.783288
0.188786
0.163473
0.543787
0.365659
0.736234
0.701074
0.775769
0.086914
0.682696
0.271847
0.271392
0.466032
0.107455
0.093170
0.403519
0.501374
0.732312
0.686592
0.565506
0.362030
0.774880
0.046623
0.322656
0.410404
0.037072
0.256282
0.693901
0.012209
0.478911
0.686710
0.231197
0.732081
0.974047
0.194835
0.472504
0.096638
0.784608
0.355851
0.227738
0.114474
0.762454
0.095745
0.998639
0.771091
0.040360
0.134136
0.285350
0.507061
0.217925
0.662098
0.950372
0.528708
0.980513
0.274280
0.009730
0.549077
0.454814
0.612552
0.512776
0.047072
0.046375
0.478040
0.159428
0.463992
0.742441
0.310467
0.809340
0.214372
0.432602
0.939874
0.976266
0.637661
0.439869
0.394742
0.062842
0.014364
0.090084
0.665299
0.423254
0.417560
0.440600
0.924775
0.952797
0.665891
0.863755
0.035884
0.408701
0.594275
0.142815
0.931121
0.357321
0.928645
0.389863
0.423867
0.483388
0.425094
0.036434
0.000477
0.111170
0.677021
0.010021
0.952908
0.150268
0.312308
0.549653
0.012673
0.737846
0.270561
0.950257
0.615034
0.600749
0.304744
0.885906
0.861497
0.475323
0.548501
0.748504
0.771091
0.170982
0.433222
0.387922
0.032143
0.558083
0.885471
0.825328
0.430434
0.441853
0.881876
0.832381
0.312392
0.764930
0.913088
0.432602
0.617755
0.083028
0.042863
0.987461
0.077124
0.915220
0.844990
0.862910
0.284173
0.495162
0.106754
0.129182
0.342451
0.634696
0.098839
0.385697
0.396901
0.142096
0.661505
0.069473
0.485469
0.493061
0.719554
0.112848
0.147100
0.002721
0.883811
0.557157
0.383768
0.250890
0.551612
0.159724
0.078125
0.758842
0.480656
0.748162
0.809552
0.868687
0.372798
0.143763
0.167038
0.223016
0.113511
0.607945
0.631139
0.551151
0.680332
0.071063
0.671696
0.434982
0.707993
0.720019
0.678086
0.267628
0.439765
0.690131
0.911163
0.748504
0.092490
0.060826
0.369875
0.072984
0.113289
0.293926
0.179429
0.202722
0.133667
0.595569
0.854346
0.426631
0.894536
0.434360
0.509635
0.584765
0.645491
0.198362
0.542181
0.769527
0.308634
0.566901
0.914841
0.534630
0.552189
0.122283
0.975741
0.209192
0.677731
0.794651
0.710685
0.252033
0.831365
0.003771
0.581603
0.475757
0.696961
0.295616
0.240853
0.195946
0.284017
0.411508
0.353929
0.836121
0.708111
0.735081
0.587345
0.431569
0.875717
0.736464
0.600867
0.835718
0.398574
0.181071
0.913852
0.143718
0.466570
0.183669
0.765154
0.923486
0.366967
0.472504
0.509187
0.860647
0.792914
0.771091
0.934551
0.795626
0.653321
0.680214
0.187030
0.088679
0.679268
0.895039
0.092490
0.983965
0.957915
0.849111
0.477496
0.008980
0.464958
0.031013
0.468939
0.353655
0.908904
0.758276
0.416952
0.712088
0.672761
0.927250
0.266357
0.126480
0.638847
0.800158
0.515361
0.893021
0.501041
0.503267
0.955263
0.208020
0.981102
0.587462
0.605820
0.302525
0.931189
0.109907
0.061998
0.243699
0.317962
0.516825
0.990841
0.849501
0.836524
0.795734
0.655101
0.890558
0.261099
0.833192
0.936787
0.675247
0.631613
0.355851
0.759972
0.501152
0.302771
0.256499
0.137064
0.567948
0.378306
0.961178
0.007812
0.874813
0.981134
0.898034
0.385214
0.162818
0.677376
0.504047
0.973333
0.812405
0.618228
0.288742
0.348385
0.718273
0.947997
0.402230
0.988412
0.895039
0.369969
0.025172
0.171822
0.039756
0.578562
0.916502
0.293926
0.016035
0.714191
0.896625
0.876618
0.876977
0.790955
0.179538
0.048443
0.285822
0.031229
0.362866
0.707408
0.775325
0.937437
0.150975
0.538401
0.870345
0.832381
0.128194
0.116460
0.012323
0.699782
0.768743
0.395723
0.609480
0.835416
0.370534
0.324978
0.332628
0.808491
0.400054
0.057550
0.299992
0.459284
0.656761
0.835416
0.591336
0.528253
0.100817
0.075233
0.020561
0.557157
0.972283
0.617873
0.112628
0.207467
0.588166
0.971872
0.540003
0.532463
0.064405
0.249965
0.495494
0.479238
0.923270
0.300481
0.311387
0.770533
0.926547
0.154165
0.665299
0.232471
0.191647
0.833598
0.621069
0.374407
0.405807
0.369969
0.625095
0.483826
0.111424
0.379069
0.515361
0.705299
0.372798
0.080898
0.723507
0.218180
0.032544
0.333417
0.581135
0.522810
0.796383
0.615625
0.452375
0.960928
0.739915
0.927949
0.254980
0.124787
0.819634
0.655219
0.415638
0.632443
0.265761
0.579965
0.576575
0.878232
0.145996
0.668972
0.490965
0.506614
0.282844
0.300971
0.856554
0.939684
0.296342
0.080271
0.515249
0.225433
0.828816
0.267104
0.590397
0.365939
0.284879
0.590632
0.908904
0.429301
0.604404
0.309883
0.634103
0.062711
0.103441
0.613852
0.662691
0.299015
0.290967
0.964810
0.607708
0.343167
0.477822
0.645965
0.264052
0.862534
0.791173
0.543672
0.320687
0.958539
0.671104
0.208698
0.405807
0.375735
0.803697
0.554383
0.820674
0.437994
0.999331
0.288109
0.879304
0.697078
0.244956
0.132481
0.675365
0.627702
0.676548
0.658778
0.850183
0.272909
0.006524
0.101920
0.684585
0.955155
0.572024
0.779537
0.537371
0.561211
0.174044
0.137717
0.560748
0.324461
0.958280
0.836121
0.259998
0.590162
0.993597
0.104983
0.237145
0.062820
0.292004
0.785157
0.285900
0.755104
0.205998
0.493945
0.774101
0.674418
0.878143
0.557968
0.604168
0.314493
0.344332
0.904144
0.594981
0.797680
0.543902
0.098057
0.478149
0.747362
0.283313
0.432188
0.216651
0.612552
0.607236
0.834002
0.162416
0.017181
0.718156
0.452799
0.484483
0.299910
0.086043
0.500374
0.511653
0.891410
0.439974
0.375735
0.497598
0.393372
0.200025
0.682696
0.752832
0.713140
0.013884
0.540805
0.056593
0.618346
0.966205
0.646915
0.490415
0.511204
0.562603
0.743931
0.624029
0.505386
0.295293
0.447098
0.221654
0.906856
0.126886
0.236735
0.461635
0.023519
0.894116
0.815665
0.115745
0.659371
0.135120
0.372987
0.186917
0.829021
0.618110
0.799835
0.393959
0.952407
0.314746
0.939874
0.416244
0.092336
0.366033
0.840728
0.311721
0.676903
0.147609
0.905823
0.593217
0.446572
0.853768
0.373838
0.244327
0.258317
0.029767
0.607000
0.742211
0.152634
0.988951
0.358241
0.530527
0.258755
0.217797
0.674773
0.062170
0.869425
0.741179
0.137848
0.274432
0.892090
0.071993
0.726757
0.439974
