category,test,component,image,stream_index,first_level_p_value,raw_STS_p_value,p_value_status,first_level_result,alpha,pass_criterion,individual_streams
encrypted,Frequency,single,airplane,1,<1e-300,0,double_underflow_lt_1e-300,fail,0.01,STS SUCCESS and p >= 0.01,6
encrypted,Frequency,single,baboon,2,<1e-300,0,double_underflow_lt_1e-300,fail,0.01,STS SUCCESS and p >= 0.01,6
encrypted,Frequency,single,couple,3,<1e-300,0,double_underflow_lt_1e-300,fail,0.01,STS SUCCESS and p >= 0.01,6
encrypted,Frequency,single,girl,4,<1e-300,0,double_underflow_lt_1e-300,fail,0.01,STS SUCCESS and p >= 0.01,6
encrypted,Frequency,single,lena,5,7.8304443315444462e-37,7.8304443315444462e-37,reported_by_STS_full_precision,fail,0.01,STS SUCCESS and p >= 0.01,6
encrypted,Frequency,single,peppers,6,<1e-300,0,double_underflow_lt_1e-300,fail,0.01,STS SUCCESS and p >= 0.01,6
encrypted,BlockFrequency,single,airplane,1,<1e-300,0,double_underflow_lt_1e-300,fail,0.01,STS SUCCESS and p >= 0.01,6
encrypted,BlockFrequency,single,baboon,2,<1e-300,0,double_underflow_lt_1e-300,fail,0.01,STS SUCCESS and p >= 0.01,6
encrypted,BlockFrequency,single,couple,3,<1e-300,0,double_underflow_lt_1e-300,fail,0.01,STS SUCCESS and p >= 0.01,6
encrypted,BlockFrequency,single,girl,4,<1e-300,0,double_underflow_lt_1e-300,fail,0.01,STS SUCCESS and p >= 0.01,6
encrypted,BlockFrequency,single,lena,5,2.25681564289135e-59,2.25681564289135e-59,reported_by_STS_full_precision,fail,0.01,STS SUCCESS and p >= 0.01,6
encrypted,BlockFrequency,single,peppers,6,<1e-300,0,double_underflow_lt_1e-300,fail,0.01,STS SUCCESS and p >= 0.01,6
encrypted,CumulativeSums,forward,airplane,1,<1e-300,0,double_underflow_lt_1e-300,fail,0.01,STS SUCCESS and p >= 0.01,6
encrypted,CumulativeSums,forward,baboon,2,<1e-300,0,double_underflow_lt_1e-300,fail,0.01,STS SUCCESS and p >= 0.01,6
encrypted,CumulativeSums,forward,couple,3,<1e-300,0,double_underflow_lt_1e-300,fail,0.01,STS SUCCESS and p >= 0.01,6
encrypted,CumulativeSums,forward,girl,4,<1e-300,0,double_underflow_lt_1e-300,fail,0.01,STS SUCCESS and p >= 0.01,6
encrypted,CumulativeSums,forward,lena,5,<1e-300,0,double_underflow_lt_1e-300,fail,0.01,STS SUCCESS and p >= 0.01,6
encrypted,CumulativeSums,forward,peppers,6,<1e-300,0,double_underflow_lt_1e-300,fail,0.01,STS SUCCESS and p >= 0.01,6
encrypted,CumulativeSums,reverse,airplane,1,<1e-300,0,double_underflow_lt_1e-300,fail,0.01,STS SUCCESS and p >= 0.01,6
encrypted,CumulativeSums,reverse,baboon,2,<1e-300,0,double_underflow_lt_1e-300,fail,0.01,STS SUCCESS and p >= 0.01,6
encrypted,CumulativeSums,reverse,couple,3,<1e-300,0,double_underflow_lt_1e-300,fail,0.01,STS SUCCESS and p >= 0.01,6
encrypted,CumulativeSums,reverse,girl,4,<1e-300,0,double_underflow_lt_1e-300,fail,0.01,STS SUCCESS and p >= 0.01,6
encrypted,CumulativeSums,reverse,lena,5,<1e-300,0,double_underflow_lt_1e-300,fail,0.01,STS SUCCESS and p >= 0.01,6
encrypted,CumulativeSums,reverse,peppers,6,<1e-300,0,double_underflow_lt_1e-300,fail,0.01,STS SUCCESS and p >= 0.01,6
encrypted,Runs,single,airplane,1,algorithm-defined zero,0,algorithm_defined_zero (Runs criterion unmet),fail,0.01,STS SUCCESS and p >= 0.01,6
encrypted,Runs,single,baboon,2,algorithm-defined zero,0,algorithm_defined_zero (Runs criterion unmet),fail,0.01,STS SUCCESS and p >= 0.01,6
encrypted,Runs,single,couple,3,algorithm-defined zero,0,algorithm_defined_zero (Runs criterion unmet),fail,0.01,STS SUCCESS and p >= 0.01,6
encrypted,Runs,single,girl,4,algorithm-defined zero,0,algorithm_defined_zero (Runs criterion unmet),fail,0.01,STS SUCCESS and p >= 0.01,6
encrypted,Runs,single,lena,5,algorithm-defined zero,0,algorithm_defined_zero (Runs criterion unmet),fail,0.01,STS SUCCESS and p >= 0.01,6
encrypted,Runs,single,peppers,6,algorithm-defined zero,0,algorithm_defined_zero (Runs criterion unmet),fail,0.01,STS SUCCESS and p >= 0.01,6
encrypted,LongestRun,single,airplane,1,3.2611908033806573e-215,3.2611908033806573e-215,reported_by_STS_full_precision,fail,0.01,STS SUCCESS and p >= 0.01,6
encrypted,LongestRun,single,baboon,2,2.3755561702841516e-196,2.3755561702841516e-196,reported_by_STS_full_precision,fail,0.01,STS SUCCESS and p >= 0.01,6
encrypted,LongestRun,single,couple,3,4.4003844943604797e-220,4.4003844943604797e-220,reported_by_STS_full_precision,fail,0.01,STS SUCCESS and p >= 0.01,6
encrypted,LongestRun,single,girl,4,4.4003844943604797e-220,4.4003844943604797e-220,reported_by_STS_full_precision,fail,0.01,STS SUCCESS and p >= 0.01,6
encrypted,LongestRun,single,lena,5,1.4993596672028427e-79,1.4993596672028427e-79,reported_by_STS_full_precision,fail,0.01,STS SUCCESS and p >= 0.01,6
encrypted,LongestRun,single,peppers,6,2.152491950707575e-210,2.152491950707575e-210,reported_by_STS_full_precision,fail,0.01,STS SUCCESS and p >= 0.01,6
encrypted,Rank,single,airplane,1,<1e-300,0,double_underflow_lt_1e-300,fail,0.01,STS SUCCESS and p >= 0.01,6
encrypted,Rank,single,baboon,2,1.5520423145395723e-13,1.5520423145395723e-13,reported_by_STS_full_precision,fail,0.01,STS SUCCESS and p >= 0.01,6
encrypted,Rank,single,couple,3,<1e-300,0,double_underflow_lt_1e-300,fail,0.01,STS SUCCESS and p >= 0.01,6
encrypted,Rank,single,girl,4,<1e-300,0,double_underflow_lt_1e-300,fail,0.01,STS SUCCESS and p >= 0.01,6
encrypted,Rank,single,lena,5,6.9932765089166355e-89,6.9932765089166355e-89,reported_by_STS_full_precision,fail,0.01,STS SUCCESS and p >= 0.01,6
encrypted,Rank,single,peppers,6,7.5692480856828094e-23,7.5692480856828094e-23,reported_by_STS_full_precision,fail,0.01,STS SUCCESS and p >= 0.01,6
encrypted,FFT,single,airplane,1,<1e-300,0,double_underflow_lt_1e-300,fail,0.01,STS SUCCESS and p >= 0.01,6
encrypted,FFT,single,baboon,2,4.8885117901700687e-147,4.8885117901700687e-147,reported_by_STS_full_precision,fail,0.01,STS SUCCESS and p >= 0.01,6
encrypted,FFT,single,couple,3,<1e-300,0,double_underflow_lt_1e-300,fail,0.01,STS SUCCESS and p >= 0.01,6
encrypted,FFT,single,girl,4,<1e-300,0,double_underflow_lt_1e-300,fail,0.01,STS SUCCESS and p >= 0.01,6
encrypted,FFT,single,lena,5,<1e-300,0,double_underflow_lt_1e-300,fail,0.01,STS SUCCESS and p >= 0.01,6
encrypted,FFT,single,peppers,6,<1e-300,0,double_underflow_lt_1e-300,fail,0.01,STS SUCCESS and p >= 0.01,6
encrypted,NonOverlappingTemplate,m=9 template=0 0 0 0 0 0 0 0 1,airplane,1,2.233787855469396e-22,2.233787855469396e-22,reported_by_STS_full_precision,fail,0.01,STS SUCCESS and p >= 0.01,6
encrypted,NonOverlappingTemplate,m=9 template=0 0 0 0 0 0 0 0 1,baboon,2,3.9355700335981239e-54,3.9355700335981239e-54,reported_by_STS_full_precision,fail,0.01,STS SUCCESS and p >= 0.01,6
encrypted,NonOverlappingTemplate,m=9 template=0 0 0 0 0 0 0 0 1,couple,3,<1e-300,0,double_underflow_lt_1e-300,fail,0.01,STS SUCCESS and p >= 0.01,6
encrypted,NonOverlappingTemplate,m=9 template=0 0 0 0 0 0 0 0 1,girl,4,<1e-300,0,double_underflow_lt_1e-300,fail,0.01,STS SUCCESS and p >= 0.01,6
encrypted,NonOverlappingTemplate,m=9 template=0 0 0 0 0 0 0 0 1,lena,5,0.00046022767249134219,0.00046022767249134219,reported_by_STS_full_precision,fail,0.01,STS SUCCESS and p >= 0.01,6
encrypted,NonOverlappingTemplate,m=9 template=0 0 0 0 0 0 0 0 1,peppers,6,<1e-300,0,double_underflow_lt_1e-300,fail,0.01,STS SUCCESS and p >= 0.01,6
encrypted,NonOverlappingTemplate,m=9 template=0 0 0 0 0 0 0 1 1,airplane,1,1.9996165315472228e-23,1.9996165315472228e-23,reported_by_STS_full_precision,fail,0.01,STS SUCCESS and p >= 0.01,6
encrypted,NonOverlappingTemplate,m=9 template=0 0 0 0 0 0 0 1 1,baboon,2,8.8789566005006465e-11,8.8789566005006465e-11,reported_by_STS_full_precision,fail,0.01,STS SUCCESS and p >= 0.01,6
encrypted,NonOverlappingTemplate,m=9 template=0 0 0 0 0 0 0 1 1,couple,3,<1e-300,0,double_underflow_lt_1e-300,fail,0.01,STS SUCCESS and p >= 0.01,6
encrypted,NonOverlappingTemplate,m=9 template=0 0 0 0 0 0 0 1 1,girl,4,6.4905229663987154e-78,6.4905229663987154e-78,reported_by_STS_full_precision,fail,0.01,STS SUCCESS and p >= 0.01,6
encrypted,NonOverlappingTemplate,m=9 template=0 0 0 0 0 0 0 1 1,lena,5,0.001909463653882653,0.001909463653882653,reported_by_STS_full_precision,fail,0.01,STS SUCCESS and p >= 0.01,6
encrypted,NonOverlappingTemplate,m=9 template=0 0 0 0 0 0 0 1 1,peppers,6,4.6930436512170943e-77,4.6930436512170943e-77,reported_by_STS_full_precision,fail,0.01,STS SUCCESS and p >= 0.01,6
encrypted,NonOverlappingTemplate,m=9 template=0 0 0 0 0 0 1 0 1,airplane,1,3.5331921764819184e-44,3.5331921764819184e-44,reported_by_STS_full_precision,fail,0.01,STS SUCCESS and p >= 0.01,6
encrypted,NonOverlappingTemplate,m=9 template=0 0 0 0 0 0 1 0 1,baboon,2,1.014607221674801e-07,1.014607221674801e-07,reported_by_STS_full_precision,fail,0.01,STS SUCCESS and p >= 0.01,6
encrypted,NonOverlappingTemplate,m=9 template=0 0 0 0 0 0 1 0 1,couple,3,2.8108734439880348e-260,2.8108734439880348e-260,reported_by_STS_full_precision,fail,0.01,STS SUCCESS and p >= 0.01,6
encrypted,NonOverlappingTemplate,m=9 template=0 0 0 0 0 0 1 0 1,girl,4,2.0837242082133876e-60,2.0837242082133876e-60,reported_by_STS_full_precision,fail,0.01,STS SUCCESS and p >= 0.01,6
encrypted,NonOverlappingTemplate,m=9 template=0 0 0 0 0 0 1 0 1,lena,5,0.10581271687990683,0.10581271687990683,reported_by_STS_full_precision,pass,0.01,STS SUCCESS and p >= 0.01,6
encrypted,NonOverlappingTemplate,m=9 template=0 0 0 0 0 0 1 0 1,peppers,6,8.0569693505984264e-53,8.0569693505984264e-53,reported_by_STS_full_precision,fail,0.01,STS SUCCESS and p >= 0.01,6
encrypted,NonOverlappingTemplate,m=9 template=0 0 0 0 0 0 1 1 1,airplane,1,2.2992314535067559e-186,2.2992314535067559e-186,reported_by_STS_full_precision,fail,0.01,STS SUCCESS and p >= 0.01,6
encrypted,NonOverlappingTemplate,m=9 template=0 0 0 0 0 0 1 1 1,baboon,2,2.4181012218775798e-28,2.4181012218775798e-28,reported_by_STS_full_precision,fail,0.01,STS SUCCESS and p >= 0.01,6
encrypted,NonOverlappingTemplate,m=9 template=0 0 0 0 0 0 1 1 1,couple,3,3.7046782288611222e-148,3.7046782288611222e-148,reported_by_STS_full_precision,fail,0.01,STS SUCCESS and p >= 0.01,6
encrypted,NonOverlappingTemplate,m=9 template=0 0 0 0 0 0 1 1 1,girl,4,1.7064761203776902e-32,1.7064761203776902e-32,reported_by_STS_full_precision,fail,0.01,STS SUCCESS and p >= 0.01,6
encrypted,NonOverlappingTemplate,m=9 template=0 0 0 0 0 0 1 1 1,lena,5,7.4890524211964642e-32,7.4890524211964642e-32,reported_by_STS_full_precision,fail,0.01,STS SUCCESS and p >= 0.01,6
encrypted,NonOverlappingTemplate,m=9 template=0 0 0 0 0 0 1 1 1,peppers,6,1.3720177429102168e-28,1.3720177429102168e-28,reported_by_STS_full_precision,fail,0.01,STS SUCCESS and p >= 0.01,6
encrypted,NonOverlappingTemplate,m=9 template=0 0 0 0 0 1 0 0 1,airplane,1,<1e-300,0,double_underflow_lt_1e-300,fail,0.01,STS SUCCESS and p >= 0.01,6
encrypted,NonOverlappingTemplate,m=9 template=0 0 0 0 0 1 0 0 1,baboon,2,1.170279543383785e-32,1.170279543383785e-32,reported_by_STS_full_precision,fail,0.01,STS SUCCESS and p >= 0.01,6
encrypted,NonOverlappingTemplate,m=9 template=0 0 0 0 0 1 0 0 1,couple,3,<1e-300,0,double_underflow_lt_1e-300,fail,0.01,STS SUCCESS and p >= 0.01,6
encrypted,NonOverlappingTemplate,m=9 template=0 0 0 0 0 1 0 0 1,girl,4,7.508759190931489e-256,7.508759190931489e-256,reported_by_STS_full_precision,fail,0.01,STS SUCCESS and p >= 0.01,6
encrypted,NonOverlappingTemplate,m=9 template=0 0 0 0 0 1 0 0 1,lena,5,9.6263201293470294e-21,9.6263201293470294e-21,reported_by_STS_full_precision,fail,0.01,STS SUCCESS and p >= 0.01,6
encrypted,NonOverlappingTemplate,m=9 template=0 0 0 0 0 1 0 0 1,peppers,6,5.4077479429635073e-19,5.4077479429635073e-19,reported_by_STS_full_precision,fail,0.01,STS SUCCESS and p >= 0.01,6
encrypted,NonOverlappingTemplate,m=9 template=0 0 0 0 0 1 0 1 1,airplane,1,2.1126064264003245e-55,2.1126064264003245e-55,reported_by_STS_full_precision,fail,0.01,STS SUCCESS and p >= 0.01,6
encrypted,NonOverlappingTemplate,m=9 template=0 0 0 0 0 1 0 1 1,baboon,2,0.016674186875115501,0.016674186875115501,reported_by_STS_full_precision,pass,0.01,STS SUCCESS and p >= 0.01,6
encrypted,NonOverlappingTemplate,m=9 template=0 0 0 0 0 1 0 1 1,couple,3,2.3700118191545713e-69,2.3700118191545713e-69,reported_by_STS_full_precision,fail,0.01,STS SUCCESS and p >= 0.01,6
encrypted,NonOverlappingTemplate,m=9 template=0 0 0 0 0 1 0 1 1,girl,4,2.9081787839438786e-09,2.9081787839438786e-09,reported_by_STS_full_precision,fail,0.01,STS SUCCESS and p >= 0.01,6
encrypted,NonOverlappingTemplate,m=9 template=0 0 0 0 0 1 0 1 1,lena,5,0.54229555766013782,0.54229555766013782,reported_by_STS_full_precision,pass,0.01,STS SUCCESS and p >= 0.01,6
encrypted,NonOverlappingTemplate,m=9 template=0 0 0 0 0 1 0 1 1,peppers,6,3.26862921365197e-17,3.26862921365197e-17,reported_by_STS_full_precision,fail,0.01,STS SUCCESS and p >= 0.01,6
encrypted,NonOverlappingTemplate,m=9 template=0 0 0 0 0 1 1 0 1,airplane,1,5.4984141899573635e-06,5.4984141899573635e-06,reported_by_STS_full_precision,fail,0.01,STS SUCCESS and p >= 0.01,6
encrypted,NonOverlappingTemplate,m=9 template=0 0 0 0 0 1 1 0 1,baboon,2,0.00010510540523436172,0.00010510540523436172,reported_by_STS_full_precision,fail,0.01,STS SUCCESS and p >= 0.01,6
encrypted,NonOverlappingTemplate,m=9 template=0 0 0 0 0 1 1 0 1,couple,3,1.3465409423924209e-59,1.3465409423924209e-59,reported_by_STS_full_precision,fail,0.01,STS SUCCESS and p >= 0.01,6
encrypted,NonOverlappingTemplate,m=9 template=0 0 0 0 0 1 1 0 1,girl,4,8.5896025131551797e-21,8.5896025131551797e-21,reported_by_STS_full_precision,fail,0.01,STS SUCCESS and p >= 0.01,6
encrypted,NonOverlappingTemplate,m=9 template=0 0 0 0 0 1 1 0 1,lena,5,9.6415771715989005e-18,9.6415771715989005e-18,reported_by_STS_full_precision,fail,0.01,STS SUCCESS and p >= 0.01,6
encrypted,NonOverlappingTemplate,m=9 template=0 0 0 0 0 1 1 0 1,peppers,6,0.035884437668176387,0.035884437668176387,reported_by_STS_full_precision,pass,0.01,STS SUCCESS and p >= 0.01,6
encrypted,NonOverlappingTemplate,m=9 template=0 0 0 0 0 1 1 1 1,airplane,1,<1e-300,0,double_underflow_lt_1e-300,fail,0.01,STS SUCCESS and p >= 0.01,6
encrypted,NonOverlappingTemplate,m=9 template=0 0 0 0 0 1 1 1 1,baboon,2,1.3947828554391204e-51,1.3947828554391204e-51,reported_by_STS_full_precision,fail,0.01,STS SUCCESS and p >= 0.01,6
encrypted,NonOverlappingTemplate,m=9 template=0 0 0 0 0 1 1 1 1,couple,3,6.4904622948501321e-12,6.4904622948501321e-12,reported_by_STS_full_precision,fail,0.01,STS SUCCESS and p >= 0.01,6
encrypted,NonOverlappingTemplate,m=9 template=0 0 0 0 0 1 1 1 1,girl,4,4.3980299307936721e-21,4.3980299307936721e-21,reported_by_STS_full_precision,fail,0.01,STS SUCCESS and p >= 0.01,6
encrypted,NonOverlappingTemplate,m=9 template=0 0 0 0 0 1 1 1 1,lena,5,5.6766304551014816e-78,5.6766304551014816e-78,reported_by_STS_full_precision,fail,0.01,STS SUCCESS and p >= 0.01,6
encrypted,NonOverlappingTemplate,m=9 template=0 0 0 0 0 1 1 1 1,peppers,6,1.5206393528340891e-94,1.5206393528340891e-94,reported_by_STS_full_precision,fail,0.01,STS SUCCESS and p >= 0.01,6
encrypted,NonOverlappingTemplate,m=9 template=0 0 0 0 1 0 0 0 1,airplane,1,<1e-300,0,double_underflow_lt_1e-300,fail,0.01,STS SUCCESS and p >= 0.01,6
encrypted,NonOverlappingTemplate,m=9 template=0 0 0 0 1 0 0 0 1,baboon,2,3.5170320363950508e-16,3.5170320363950508e-16,reported_by_STS_full_precision,fail,0.01,STS SUCCESS and p >= 0.01,6
encrypted,NonOverlappingTemplate,m=9 template=0 0 0 0 1 0 0 0 1,couple,3,<1e-300,0,double_underflow_lt_1e-300,fail,0.01,STS SUCCESS and p >= 0.01,6
encrypted,NonOverlappingTemplate,m=9 template=0 0 0 0 1 0 0 0 1,girl,4,7.6849166118032362e-295,7.6849166118032362e-295,reported_by_STS_full_precision,fail,0.01,STS SUCCESS and p >= 0.01,6
encrypted,NonOverlappingTemplate,m=9 template=0 0 0 0 1 0 0 0 1,lena,5,1.6716891399141827e-72,1.6716891399141827e-72,reported_by_STS_full_precision,fail,0.01,STS SUCCESS and p >= 0.01,6
encrypted,NonOverlappingTemplate,m=9 template=0 0 0 0 1 0 0 0 1,peppers,6,1.3186354252035522e-12,1.3186354252035522e-12,reported_by_STS_full_precision,fail,0.01,STS SUCCESS and p >= 0.01,6
encrypted,NonOverlappingTemplate,m=9 template=0 0 0 0 1 0 0 1 1,airplane,1,1.1171809462908587e-306,1.1171809462908587e-306,reported_by_STS_full_precision,fail,0.01,STS SUCCESS and p >= 0.01,6
encrypted,NonOverlappingTemplate,m=9 template=0 0 0 0 1 0 0 1 1,baboon,2,3.0117030788379714e-12,3.0117030788379714e-12,reported_by_STS_full_precision,fail,0.01,STS SUCCESS and p >= 0.01,6
encrypted,NonOverlappingTemplate,m=9 template=0 0 0 0 1 0 0 1 1,couple,3,5.1825185562325479e-87,5.1825185562325479e-87,reported_by_STS_full_precision,fail,0.01,STS SUCCESS and p >= 0.01,6
encrypted,NonOverlappingTemplate,m=9 template=0 0 0 0 1 0 0 1 1,girl,4,5.3717267837087151e-93,5.3717267837087151e-93,reported_by_STS_full_precision,fail,0.01,STS SUCCESS and p >= 0.01,6
encrypted,NonOverlappingTemplate,m=9 template=0 0 0 0 1 0 0 1 1,lena,5,7.5595842717507319e-05,7.5595842717507319e-05,reported_by_STS_full_precision,fail,0.01,STS SUCCESS and p >= 0.01,6
encrypted,NonOverlappingTemplate,m=9 template=0 0 0 0 1 0 0 1 1,peppers,6,0.034770632567795598,0.034770632567795598,reported_by_STS_full_precision,pass,0.01,STS SUCCESS and p >= 0.01,6
encrypted,NonOverlappingTemplate,m=9 template=0 0 0 0 1 0 1 0 1,airplane,1,7.4398838915246028e-76,7.4398838915246028e-76,reported_by_STS_full_precision,fail,0.01,STS SUCCESS and p >= 0.01,6
encrypted,NonOverlappingTemplate,m=9 template=0 0 0 0 1 0 1 0 1,baboon,2,1.0588635373230119e-10,1.0588635373230119e-10,reported_by_STS_full_precision,fail,0.01,STS SUCCESS and p >= 0.01,6
encrypted,NonOverlappingTemplate,m=9 template=0 0 0 0 1 0 1 0 1,couple,3,5.9086148689824447e-28,5.9086148689824447e-28,reported_by_STS_full_precision,fail,0.01,STS SUCCESS and p >= 0.01,6
encrypted,NonOverlappingTemplate,m=9 template=0 0 0 0 1 0 1 0 1,girl,4,7.6276837014865854e-16,7.6276837014865854e-16,reported_by_STS_full_precision,fail,0.01,STS SUCCESS and p >= 0.01,6
encrypted,NonOverlappingTemplate,m=9 template=0 0 0 0 1 0 1 0 1,lena,5,0.0081565906094591065,0.0081565906094591065,reported_by_STS_full_precision,fail,0.01,STS SUCCESS and p >= 0.01,6
encrypted,NonOverlappingTemplate,m=9 template=0 0 0 0 1 0 1 0 1,peppers,6,0.00628558211078097,0.00628558211078097,reported_by_STS_full_precision,fail,0.01,STS SUCCESS and p >= 0.01,6
encrypted,NonOverlappingTemplate,m=9 template=0 0 0 0 1 0 1 1 1,airplane,1,4.0162220657437014e-80,4.0162220657437014e-80,reported_by_STS_full_precision,fail,0.01,STS SUCCESS and p >= 0.01,6
encrypted,NonOverlappingTemplate,m=9 template=0 0 0 0 1 0 1 1 1,baboon,2,8.257995766159452e-14,8.257995766159452e-14,reported_by_STS_full_precision,fail,0.01,STS SUCCESS and p >= 0.01,6
encrypted,NonOverlappingTemplate,m=9 template=0 0 0 0 1 0 1 1 1,couple,3,0.0062385085605307748,0.0062385085605307748,reported_by_STS_full_precision,fail,0.01,STS SUCCESS and p >= 0.01,6
encrypted,NonOverlappingTemplate,m=9 template=0 0 0 0 1 0 1 1 1,girl,4,0.001060019985805172,0.001060019985805172,reported_by_STS_full_precision,fail,0.01,STS SUCCESS and p >= 0.01,6
encrypted,NonOverlappingTemplate,m=9 template=0 0 0 0 1 0 1 1 1,lena,5,0.0016668632229376228,0.0016668632229376228,reported_by_STS_full_precision,fail,0.01,STS SUCCESS and p >= 0.01,6
encrypted,NonOverlappingTemplate,m=9 template=0 0 0 0 1 0 1 1 1,peppers,6,1.235303695849461e-08,1.235303695849461e-08,reported_by_STS_full_precision,fail,0.01,STS SUCCESS and p >= 0.01,6
encrypted,NonOverlappingTemplate,m=9 template=0 0 0 0 1 1 0 0 1,airplane,1,0.040345338966193141,0.040345338966193141,reported_by_STS_full_precision,pass,0.01,STS SUCCESS and p >= 0.01,6
encrypted,NonOverlappingTemplate,m=9 template=0 0 0 0 1 1 0 0 1,baboon,2,0.00024879901503760496,0.00024879901503760496,reported_by_STS_full_precision,fail,0.01,STS SUCCESS and p >= 0.01,6
encrypted,NonOverlappingTemplate,m=9 template=0 0 0 0 1 1 0 0 1,couple,3,4.1657769671269812e-17,4.1657769671269812e-17,reported_by_STS_full_precision,fail,0.01,STS SUCCESS and p >= 0.01,6
encrypted,NonOverlappingTemplate,m=9 template=0 0 0 0 1 1 0 0 1,girl,4,6.6184636796984961e-17,6.6184636796984961e-17,reported_by_STS_full_precision,fail,0.01,STS SUCCESS and p >= 0.01,6
encrypted,NonOverlappingTemplate,m=9 template=0 0 0 0 1 1 0 0 1,lena,5,7.6579293915150242e-16,7.6579293915150242e-16,reported_by_STS_full_precision,fail,0.01,STS SUCCESS and p >= 0.01,6
encrypted,NonOverlappingTemplate,m=9 template=0 0 0 0 1 1 0 0 1,peppers,6,1.6279382145548891e-20,1.6279382145548891e-20,reported_by_STS_full_precision,fail,0.01,STS SUCCESS and p >= 0.01,6
encrypted,NonOverlappingTemplate,m=9 template=0 0 0 0 1 1 0 1 1,airplane,1,0.00068911406996896671,0.00068911406996896671,reported_by_STS_full_precision,fail,0.01,STS SUCCESS and p >= 0.01,6
encrypted,NonOverlappingTemplate,m=9 template=0 0 0 0 1 1 0 1 1,baboon,2,6.6766965882963301e-06,6.6766965882963301e-06,reported_by_STS_full_precision,fail,0.01,STS SUCCESS and p >= 0.01,6
encrypted,NonOverlappingTemplate,m=9 template=0 0 0 0 1 1 0 1 1,couple,3,5.3731071708814426e-06,5.3731071708814426e-06,reported_by_STS_full_precision,fail,0.01,STS SUCCESS and p >= 0.01,6
encrypted,NonOverlappingTemplate,m=9 template=0 0 0 0 1 1 0 1 1,girl,4,5.7008277913008308e-06,5.7008277913008308e-06,reported_by_STS_full_precision,fail,0.01,STS SUCCESS and p >= 0.01,6
encrypted,NonOverlappingTemplate,m=9 template=0 0 0 0 1 1 0 1 1,lena,5,0.58066672922673856,0.58066672922673856,reported_by_STS_full_precision,pass,0.01,STS SUCCESS and p >= 0.01,6
encrypted,NonOverlappingTemplate,m=9 template=0 0 0 0 1 1 0 1 1,peppers,6,0.58347649351329967,0.58347649351329967,reported_by_STS_full_precision,pass,0.01,STS SUCCESS and p >= 0.01,6
encrypted,NonOverlappingTemplate,m=9 template=0 0 0 0 1 1 1 0 1,airplane,1,0.13715086796115222,0.13715086796115222,reported_by_STS_full_precision,pass,0.01,STS SUCCESS and p >= 0.01,6
encrypted,NonOverlappingTemplate,m=9 template=0 0 0 0 1 1 1 0 1,baboon,2,1.809224170248436e-07,1.809224170248436e-07,reported_by_STS_full_precision,fail,0.01,STS SUCCESS and p >= 0.01,6
encrypted,NonOverlappingTemplate,m=9 template=0 0 0 0 1 1 1 0 1,couple,3,1.4033291294418919e-05,1.4033291294418919e-05,reported_by_STS_full_precision,fail,0.01,STS SUCCESS and p >= 0.01,6
encrypted,NonOverlappingTemplate,m=9 template=0 0 0 0 1 1 1 0 1,girl,4,0.022216200326041304,0.022216200326041304,reported_by_STS_full_precision,pass,0.01,STS SUCCESS and p >= 0.01,6
encrypted,NonOverlappingTemplate,m=9 template=0 0 0 0 1 1 1 0 1,lena,5,7.2682387442067666e-15,7.2682387442067666e-15,reported_by_STS_full_precision,fail,0.01,STS SUCCESS and p >= 0.01,6
encrypted,NonOverlappingTemplate,m=9 template=0 0 0 0 1 1 1 0 1,peppers,6,5.9146101767369744e-13,5.9146101767369744e-13,reported_by_STS_full_precision,fail,0.01,STS SUCCESS and p >= 0.01,6
encrypted,NonOverlappingTemplate,m=9 template=0 0 0 0 1 1 1 1 1,airplane,1,<1e-300,0,double_underflow_lt_1e-300,fail,0.01,STS SUCCESS and p >= 0.01,6
encrypted,NonOverlappingTemplate,m=9 template=0 0 0 0 1 1 1 1 1,baboon,2,1.459334093941811e-59,1.459334093941811e-59,reported_by_STS_full_precision,fail,0.01,STS SUCCESS and p >= 0.01,6
encrypted,NonOverlappingTemplate,m=9 template=0 0 0 0 1 1 1 1 1,couple,3,3.86082540945023e-44,3.86082540945023e-44,reported_by_STS_full_precision,fail,0.01,STS SUCCESS and p >= 0.01,6
encrypted,NonOverlappingTemplate,m=9 template=0 0 0 0 1 1 1 1 1,girl,4,1.4245861598887844e-34,1.4245861598887844e-34,reported_by_STS_full_precision,fail,0.01,STS SUCCESS and p >= 0.01,6
encrypted,NonOverlappingTemplate,m=9 template=0 0 0 0 1 1 1 1 1,lena,5,5.0056476056902143e-82,5.0056476056902143e-82,reported_by_STS_full_precision,fail,0.01,STS SUCCESS and p >= 0.01,6
encrypted,NonOverlappingTemplate,m=9 template=0 0 0 0 1 1 1 1 1,peppers,6,1.123895722978782e-107,1.123895722978782e-107,reported_by_STS_full_precision,fail,0.01,STS SUCCESS and p >= 0.01,6
encrypted,NonOverlappingTemplate,m=9 template=0 0 0 1 0 0 0 1 1,airplane,1,<1e-300,0,double_underflow_lt_1e-300,fail,0.01,STS SUCCESS and p >= 0.01,6
encrypted,NonOverlappingTemplate,m=9 template=0 0 0 1 0 0 0 1 1,baboon,2,3.4488237931737713e-20,3.4488237931737713e-20,reported_by_STS_full_precision,fail,0.01,STS SUCCESS and p >= 0.01,6
encrypted,NonOverlappingTemplate,m=9 template=0 0 0 1 0 0 0 1 1,couple,3,6.3471892852529517e-89,6.3471892852529517e-89,reported_by_STS_full_precision,fail,0.01,STS SUCCESS and p >= 0.01,6
encrypted,NonOverlappingTemplate,m=9 template=0 0 0 1 0 0 0 1 1,girl,4,2.2632833194898915e-115,2.2632833194898915e-115,reported_by_STS_full_precision,fail,0.01,STS SUCCESS and p >= 0.01,6
encrypted,NonOverlappingTemplate,m=9 template=0 0 0 1 0 0 0 1 1,lena,5,1.3345170516282515e-17,1.3345170516282515e-17,reported_by_STS_full_precision,fail,0.01,STS SUCCESS and p >= 0.01,6
encrypted,NonOverlappingTemplate,m=9 template=0 0 0 1 0 0 0 1 1,peppers,6,0.00081502123662880724,0.00081502123662880724,reported_by_STS_full_precision,fail,0.01,STS SUCCESS and p >= 0.01,6
encrypted,NonOverlappingTemplate,m=9 template=0 0 0 1 0 0 1 0 1,airplane,1,2.3352291702341169e-136,2.3352291702341169e-136,reported_by_STS_full_precision,fail,0.01,STS SUCCESS and p >= 0.01,6
encrypted,NonOverlappingTemplate,m=9 template=0 0 0 1 0 0 1 0 1,baboon,2,7.2180364542330124e-54,7.2180364542330124e-54,reported_by_STS_full_precision,fail,0.01,STS SUCCESS and p >= 0.01,6
encrypted,NonOverlappingTemplate,m=9 template=0 0 0 1 0 0 1 0 1,couple,3,2.448433006482496e-16,2.448433006482496e-16,reported_by_STS_full_precision,fail,0.01,STS SUCCESS and p >= 0.01,6
encrypted,NonOverlappingTemplate,m=9 template=0 0 0 1 0 0 1 0 1,girl,4,2.8728114928511663e-132,2.8728114928511663e-132,reported_by_STS_full_precision,fail,0.01,STS SUCCESS and p >= 0.01,6
encrypted,NonOverlappingTemplate,m=9 template=0 0 0 1 0 0 1 0 1,lena,5,1.670803956875714e-10,1.670803956875714e-10,reported_by_STS_full_precision,fail,0.01,STS SUCCESS and p >= 0.01,6
encrypted,NonOverlappingTemplate,m=9 template=0 0 0 1 0 0 1 0 1,peppers,6,8.8796384062940147e-06,8.8796384062940147e-06,reported_by_STS_full_precision,fail,0.01,STS SUCCESS and p >= 0.01,6
encrypted,NonOverlappingTemplate,m=9 template=0 0 0 1 0 0 1 1 1,airplane,1,7.6042971210914965e-295,7.6042971210914965e-295,reported_by_STS_full_precision,fail,0.01,STS SUCCESS and p >= 0.01,6
encrypted,NonOverlappingTemplate,m=9 template=0 0 0 1 0 0 1 1 1,baboon,2,0.00099109972746200714,0.00099109972746200714,reported_by_STS_full_precision,fail,0.01,STS SUCCESS and p >= 0.01,6
encrypted,NonOverlappingTemplate,m=9 template=0 0 0 1 0 0 1 1 1,couple,3,4.5593121440625048e-06,4.5593121440625048e-06,reported_by_STS_full_precision,fail,0.01,STS SUCCESS and p >= 0.01,6
encrypted,NonOverlappingTemplate,m=9 template=0 0 0 1 0 0 1 1 1,girl,4,5.2777690143552576e-05,5.2777690143552576e-05,reported_by_STS_full_precision,fail,0.01,STS SUCCESS and p >= 0.01,6
encrypted,NonOverlappingTemplate,m=9 template=0 0 0 1 0 0 1 1 1,lena,5,9.3215247155706804e-06,9.3215247155706804e-06,reported_by_STS_full_precision,fail,0.01,STS SUCCESS and p >= 0.01,6
encrypted,NonOverlappingTemplate,m=9 template=0 0 0 1 0 0 1 1 1,peppers,6,7.8940051742731519e-07,7.8940051742731519e-07,reported_by_STS_full_precision,fail,0.01,STS SUCCESS and p >= 0.01,6
encrypted,NonOverlappingTemplate,m=9 template=0 0 0 1 0 1 0 0 1,airplane,1,9.8082524652358395e-270,9.8082524652358395e-270,reported_by_STS_full_precision,fail,0.01,STS SUCCESS and p >= 0.01,6
encrypted,NonOverlappingTemplate,m=9 template=0 0 0 1 0 1 0 0 1,baboon,2,2.0879943658019826e-61,2.0879943658019826e-61,reported_by_STS_full_precision,fail,0.01,STS SUCCESS and p >= 0.01,6
encrypted,NonOverlappingTemplate,m=9 template=0 0 0 1 0 1 0 0 1,couple,3,0.55576959882851884,0.55576959882851884,reported_by_STS_full_precision,pass,0.01,STS SUCCESS and p >= 0.01,6
encrypted,NonOverlappingTemplate,m=9 template=0 0 0 1 0 1 0 0 1,girl,4,9.4572042663359858e-36,9.4572042663359858e-36,reported_by_STS_full_precision,fail,0.01,STS SUCCESS and p >= 0.01,6
encrypted,NonOverlappingTemplate,m=9 template=0 0 0 1 0 1 0 0 1,lena,5,0.00015091315096100476,0.00015091315096100476,reported_by_STS_full_precision,fail,0.01,STS SUCCESS and p >= 0.01,6
encrypted,NonOverlappingTemplate,m=9 template=0 0 0 1 0 1 0 0 1,peppers,6,2.5754948983226578e-06,2.5754948983226578e-06,reported_by_STS_full_precision,fail,0.01,STS SUCCESS and p >= 0.01,6
encrypted,NonOverlappingTemplate,m=9 template=0 0 0 1 0 1 0 1 1,airplane,1,2.4655866838855444e-65,2.4655866838855444e-65,reported_by_STS_full_precision,fail,0.01,STS SUCCESS and p >= 0.01,6
encrypted,NonOverlappingTemplate,m=9 template=0 0 0 1 0 1 0 1 1,baboon,2,2.5124810724097888e-08,2.5124810724097888e-08,reported_by_STS_full_precision,fail,0.01,STS SUCCESS and p >= 0.01,6
encrypted,NonOverlappingTemplate,m=9 template=0 0 0 1 0 1 0 1 1,couple,3,1.8405075220718842e-31,1.8405075220718842e-31,reported_by_STS_full_precision,fail,0.01,STS SUCCESS and p >= 0.01,6
encrypted,NonOverlappingTemplate,m=9 template=0 0 0 1 0 1 0 1 1,girl,4,1.7977423492896843e-11,1.7977423492896843e-11,reported_by_STS_full_precision,fail,0.01,STS SUCCESS and p >= 0.01,6
encrypted,NonOverlappingTemplate,m=9 template=0 0 0 1 0 1 0 1 1,lena,5,0.00014475908355792504,0.00014475908355792504,reported_by_STS_full_precision,fail,0.01,STS SUCCESS and p >= 0.01,6
encrypted,NonOverlappingTemplate,m=9 template=0 0 0 1 0 1 0 1 1,peppers,6,0.0035351176060350641,0.0035351176060350641,reported_by_STS_full_precision,fail,0.01,STS SUCCESS and p >= 0.01,6
encrypted,NonOverlappingTemplate,m=9 template=0 0 0 1 0 1 1 0 1,airplane,1,5.4308019715703064e-20,5.4308019715703064e-20,reported_by_STS_full_precision,fail,0.01,STS SUCCESS and p >= 0.01,6
encrypted,NonOverlappingTemplate,m=9 template=0 0 0 1 0 1 1 0 1,baboon,2,0.097765370443335747,0.097765370443335747,reported_by_STS_full_precision,pass,0.01,STS SUCCESS and p >= 0.01,6
encrypted,NonOverlappingTemplate,m=9 template=0 0 0 1 0 1 1 0 1,couple,3,8.2885885703834322e-57,8.2885885703834322e-57,reported_by_STS_full_precision,fail,0.01,STS SUCCESS and p >= 0.01,6
encrypted,NonOverlappingTemplate,m=9 template=0 0 0 1 0 1 1 0 1,girl,4,3.5893448315829958e-12,3.5893448315829958e-12,reported_by_STS_full_precision,fail,0.01,STS SUCCESS and p >= 0.01,6
encrypted,NonOverlappingTemplate,m=9 template=0 0 0 1 0 1 1 0 1,lena,5,0.33087845422736556,0.33087845422736556,reported_by_STS_full_precision,pass,0.01,STS SUCCESS and p >= 0.01,6
encrypted,NonOverlappingTemplate,m=9 template=0 0 0 1 0 1 1 0 1,peppers,6,0.12208660960452487,0.12208660960452487,reported_by_STS_full_precision,pass,0.01,STS SUCCESS and p >= 0.01,6
encrypted,NonOverlappingTemplate,m=9 template=0 0 0 1 0 1 1 1 1,airplane,1,5.1588821703625935e-61,5.1588821703625935e-61,reported_by_STS_full_precision,fail,0.01,STS SUCCESS and p >= 0.01,6
encrypted,NonOverlappingTemplate,m=9 template=0 0 0 1 0 1 1 1 1,baboon,2,4.2945621858356728e-22,4.2945621858356728e-22,reported_by_STS_full_precision,fail,0.01,STS SUCCESS and p >= 0.01,6
encrypted,NonOverlappingTemplate,m=9 template=0 0 0 1 0 1 1 1 1,couple,3,3.0904051689150612e-99,3.0904051689150612e-99,reported_by_STS_full_precision,fail,0.01,STS SUCCESS and p >= 0.01,6
encrypted,NonOverlappingTemplate,m=9 template=0 0 0 1 0 1 1 1 1,girl,4,2.7899115233857746e-32,2.7899115233857746e-32,reported_by_STS_full_precision,fail,0.01,STS SUCCESS and p >= 0.01,6
encrypted,NonOverlappingTemplate,m=9 template=0 0 0 1 0 1 1 1 1,lena,5,1.8016514298137587e-19,1.8016514298137587e-19,reported_by_STS_full_precision,fail,0.01,STS SUCCESS and p >= 0.01,6
encrypted,NonOverlappingTemplate,m=9 template=0 0 0 1 0 1 1 1 1,peppers,6,7.3041391462513588e-15,7.3041391462513588e-15,reported_by_STS_full_precision,fail,0.01,STS SUCCESS and p >= 0.01,6
encrypted,NonOverlappingTemplate,m=9 template=0 0 0 1 1 0 0 1 1,airplane,1,0.93220666753892689,0.93220666753892689,reported_by_STS_full_precision,pass,0.01,STS SUCCESS and p >= 0.01,6
encrypted,NonOverlappingTemplate,m=9 template=0 0 0 1 1 0 0 1 1,baboon,2,9.9094704974444012e-05,9.9094704974444012e-05,reported_by_STS_full_precision,fail,0.01,STS SUCCESS and p >= 0.01,6
encrypted,NonOverlappingTemplate,m=9 template=0 0 0 1 1 0 0 1 1,couple,3,2.4048151872804327e-29,2.4048151872804327e-29,reported_by_STS_full_precision,fail,0.01,STS SUCCESS and p >= 0.01,6
encrypted,NonOverlappingTemplate,m=9 template=0 0 0 1 1 0 0 1 1,girl,4,4.9099585696313064e-12,4.9099585696313064e-12,reported_by_STS_full_precision,fail,0.01,STS SUCCESS and p >= 0.01,6
encrypted,NonOverlappingTemplate,m=9 template=0 0 0 1 1 0 0 1 1,lena,5,0.074366352850151113,0.074366352850151113,reported_by_STS_full_precision,pass,0.01,STS SUCCESS and p >= 0.01,6
encrypted,NonOverlappingTemplate,m=9 template=0 0 0 1 1 0 0 1 1,peppers,6,0.00026833922281986833,0.00026833922281986833,reported_by_STS_full_precision,fail,0.01,STS SUCCESS and p >= 0.01,6
encrypted,NonOverlappingTemplate,m=9 template=0 0 0 1 1 0 1 0 1,airplane,1,7.4633806782194637e-25,7.4633806782194637e-25,reported_by_STS_full_precision,fail,0.01,STS SUCCESS and p >= 0.01,6
encrypted,NonOverlappingTemplate,m=9 template=0 0 0 1 1 0 1 0 1,baboon,2,0.0070451319236231246,0.0070451319236231246,reported_by_STS_full_precision,fail,0.01,STS SUCCESS and p >= 0.01,6
encrypted,NonOverlappingTemplate,m=9 template=0 0 0 1 1 0 1 0 1,couple,3,1.2206050591651404e-47,1.2206050591651404e-47,reported_by_STS_full_precision,fail,0.01,STS SUCCESS and p >= 0.01,6
encrypted,NonOverlappingTemplate,m=9 template=0 0 0 1 1 0 1 0 1,girl,4,4.3106052539104916e-20,4.3106052539104916e-20,reported_by_STS_full_precision,fail,0.01,STS SUCCESS and p >= 0.01,6
encrypted,NonOverlappingTemplate,m=9 template=0 0 0 1 1 0 1 0 1,lena,5,0.023025571267842229,0.023025571267842229,reported_by_STS_full_precision,pass,0.01,STS SUCCESS and p >= 0.01,6
encrypted,NonOverlappingTemplate,m=9 template=0 0 0 1 1 0 1 0 1,peppers,6,0.0001198296061394246,0.0001198296061394246,reported_by_STS_full_precision,fail,0.01,STS SUCCESS and p >= 0.01,6
encrypted,NonOverlappingTemplate,m=9 template=0 0 0 1 1 0 1 1 1,airplane,1,0.00010387522038932985,0.00010387522038932985,reported_by_STS_full_precision,fail,0.01,STS SUCCESS and p >= 0.01,6
encrypted,NonOverlappingTemplate,m=9 template=0 0 0 1 1 0 1 1 1,baboon,2,1.2247315584147692e-11,1.2247315584147692e-11,reported_by_STS_full_precision,fail,0.01,STS SUCCESS and p >= 0.01,6
encrypted,NonOverlappingTemplate,m=9 template=0 0 0 1 1 0 1 1 1,couple,3,4.9941006540831965e-133,4.9941006540831965e-133,reported_by_STS_full_precision,fail,0.01,STS SUCCESS and p >= 0.01,6
encrypted,NonOverlappingTemplate,m=9 template=0 0 0 1 1 0 1 1 1,girl,4,7.1436535224523092e-54,7.1436535224523092e-54,reported_by_STS_full_precision,fail,0.01,STS SUCCESS and p >= 0.01,6
encrypted,NonOverlappingTemplate,m=9 template=0 0 0 1 1 0 1 1 1,lena,5,0.00081741961128471631,0.00081741961128471631,reported_by_STS_full_precision,fail,0.01,STS SUCCESS and p >= 0.01,6
encrypted,NonOverlappingTemplate,m=9 template=0 0 0 1 1 0 1 1 1,peppers,6,0.004334804871217123,0.004334804871217123,reported_by_STS_full_precision,fail,0.01,STS SUCCESS and p >= 0.01,6
encrypted,NonOverlappingTemplate,m=9 template=0 0 0 1 1 1 0 0 1,airplane,1,1.1215332516145801e-07,1.1215332516145801e-07,reported_by_STS_full_precision,fail,0.01,STS SUCCESS and p >= 0.01,6
encrypted,NonOverlappingTemplate,m=9 template=0 0 0 1 1 1 0 0 1,baboon,2,0.00054487037051028243,0.00054487037051028243,reported_by_STS_full_precision,fail,0.01,STS SUCCESS and p >= 0.01,6
encrypted,NonOverlappingTemplate,m=9 template=0 0 0 1 1 1 0 0 1,couple,3,2.4568141454873056e-40,2.4568141454873056e-40,reported_by_STS_full_precision,fail,0.01,STS SUCCESS and p >= 0.01,6
encrypted,NonOverlappingTemplate,m=9 template=0 0 0 1 1 1 0 0 1,girl,4,4.5813337155014262e-09,4.5813337155014262e-09,reported_by_STS_full_precision,fail,0.01,STS SUCCESS and p >= 0.01,6
encrypted,NonOverlappingTemplate,m=9 template=0 0 0 1 1 1 0 0 1,lena,5,1.4061377746030804e-10,1.4061377746030804e-10,reported_by_STS_full_precision,fail,0.01,STS SUCCESS and p >= 0.01,6
encrypted,NonOverlappingTemplate,m=9 template=0 0 0 1 1 1 0 0 1,peppers,6,2.3438166605994001e-06,2.3438166605994001e-06,reported_by_STS_full_precision,fail,0.01,STS SUCCESS and p >= 0.01,6
encrypted,NonOverlappingTemplate,m=9 template=0 0 0 1 1 1 0 1 1,airplane,1,2.4370954134370792e-09,2.4370954134370792e-09,reported_by_STS_full_precision,fail,0.01,STS SUCCESS and p >= 0.01,6
encrypted,NonOverlappingTemplate,m=9 template=0 0 0 1 1 1 0 1 1,baboon,2,4.7042571110036583e-22,4.7042571110036583e-22,reported_by_STS_full_precision,fail,0.01,STS SUCCESS and p >= 0.01,6
encrypted,NonOverlappingTemplate,m=9 template=0 0 0 1 1 1 0 1 1,couple,3,1.4089066424255589e-127,1.4089066424255589e-127,reported_by_STS_full_precision,fail,0.01,STS SUCCESS and p >= 0.01,6
encrypted,NonOverlappingTemplate,m=9 template=0 0 0 1 1 1 0 1 1,girl,4,7.7852796363164939e-75,7.7852796363164939e-75,reported_by_STS_full_precision,fail,0.01,STS SUCCESS and p >= 0.01,6
encrypted,NonOverlappingTemplate,m=9 template=0 0 0 1 1 1 0 1 1,lena,5,0.72071743104402786,0.72071743104402786,reported_by_STS_full_precision,pass,0.01,STS SUCCESS and p >= 0.01,6
encrypted,NonOverlappingTemplate,m=9 template=0 0 0 1 1 1 0 1 1,peppers,6,0.058664584048990658,0.058664584048990658,reported_by_STS_full_precision,pass,0.01,STS SUCCESS and p >= 0.01,6
encrypted,NonOverlappingTemplate,m=9 template=0 0 0 1 1 1 1 0 1,airplane,1,6.8650372890371489e-08,6.8650372890371489e-08,reported_by_STS_full_precision,fail,0.01,STS SUCCESS and p >= 0.01,6
encrypted,NonOverlappingTemplate,m=9 template=0 0 0 1 1 1 1 0 1,baboon,2,2.0839044640755242e-32,2.0839044640755242e-32,reported_by_STS_full_precision,fail,0.01,STS SUCCESS and p >= 0.01,6
encrypted,NonOverlappingTemplate,m=9 template=0 0 0 1 1 1 1 0 1,couple,3,8.1239162892715818e-143,8.1239162892715818e-143,reported_by_STS_full_precision,fail,0.01,STS SUCCESS and p >= 0.01,6
encrypted,NonOverlappingTemplate,m=9 template=0 0 0 1 1 1 1 0 1,girl,4,4.6230203978728549e-85,4.6230203978728549e-85,reported_by_STS_full_precision,fail,0.01,STS SUCCESS and p >= 0.01,6
encrypted,NonOverlappingTemplate,m=9 template=0 0 0 1 1 1 1 0 1,lena,5,1.2948173458067322e-24,1.2948173458067322e-24,reported_by_STS_full_precision,fail,0.01,STS SUCCESS and p >= 0.01,6
encrypted,NonOverlappingTemplate,m=9 template=0 0 0 1 1 1 1 0 1,peppers,6,3.8621437498808447e-16,3.8621437498808447e-16,reported_by_STS_full_precision,fail,0.01,STS SUCCESS and p >= 0.01,6
encrypted,NonOverlappingTemplate,m=9 template=0 0 0 1 1 1 1 1 1,airplane,1,<1e-300,0,double_underflow_lt_1e-300,fail,0.01,STS SUCCESS and p >= 0.01,6
encrypted,NonOverlappingTemplate,m=9 template=0 0 0 1 1 1 1 1 1,baboon,2,3.1641431108357999e-105,3.1641431108357999e-105,reported_by_STS_full_precision,fail,0.01,STS SUCCESS and p >= 0.01,6
encrypted,NonOverlappingTemplate,m=9 template=0 0 0 1 1 1 1 1 1,couple,3,1.3838808392712856e-216,1.3838808392712856e-216,reported_by_STS_full_precision,fail,0.01,STS SUCCESS and p >= 0.01,6
encrypted,NonOverlappingTemplate,m=9 template=0 0 0 1 1 1 1 1 1,girl,4,1.7333011124642336e-177,1.7333011124642336e-177,reported_by_STS_full_precision,fail,0.01,STS SUCCESS and p >= 0.01,6
encrypted,NonOverlappingTemplate,m=9 template=0 0 0 1 1 1 1 1 1,lena,5,6.6114258412842271e-101,6.6114258412842271e-101,reported_by_STS_full_precision,fail,0.01,STS SUCCESS and p >= 0.01,6
encrypted,NonOverlappingTemplate,m=9 template=0 0 0 1 1 1 1 1 1,peppers,6,4.7545726802850319e-86,4.7545726802850319e-86,reported_by_STS_full_precision,fail,0.01,STS SUCCESS and p >= 0.01,6
encrypted,NonOverlappingTemplate,m=9 template=0 0 1 0 0 0 0 1 1,airplane,1,<1e-300,0,double_underflow_lt_1e-300,fail,0.01,STS SUCCESS and p >= 0.01,6
encrypted,NonOverlappingTemplate,m=9 template=0 0 1 0 0 0 0 1 1,baboon,2,0.00048655690825310171,0.00048655690825310171,reported_by_STS_full_precision,fail,0.01,STS SUCCESS and p >= 0.01,6
encrypted,NonOverlappingTemplate,m=9 template=0 0 1 0 0 0 0 1 1,couple,3,1.9693075842573883e-124,1.9693075842573883e-124,reported_by_STS_full_precision,fail,0.01,STS SUCCESS and p >= 0.01,6
encrypted,NonOverlappingTemplate,m=9 template=0 0 1 0 0 0 0 1 1,girl,4,1.863487036078843e-17,1.863487036078843e-17,reported_by_STS_full_precision,fail,0.01,STS SUCCESS and p >= 0.01,6
encrypted,NonOverlappingTemplate,m=9 template=0 0 1 0 0 0 0 1 1,lena,5,1.4436145934437285e-18,1.4436145934437285e-18,reported_by_STS_full_precision,fail,0.01,STS SUCCESS and p >= 0.01,6
encrypted,NonOverlappingTemplate,m=9 template=0 0 1 0 0 0 0 1 1,peppers,6,1.294407592364642e-06,1.294407592364642e-06,reported_by_STS_full_precision,fail,0.01,STS SUCCESS and p >= 0.01,6
encrypted,NonOverlappingTemplate,m=9 template=0 0 1 0 0 0 1 0 1,airplane,1,5.24956756257094e-149,5.24956756257094e-149,reported_by_STS_full_precision,fail,0.01,STS SUCCESS and p >= 0.01,6
encrypted,NonOverlappingTemplate,m=9 template=0 0 1 0 0 0 1 0 1,baboon,2,2.1379661860198334e-13,2.1379661860198334e-13,reported_by_STS_full_precision,fail,0.01,STS SUCCESS and p >= 0.01,6
encrypted,NonOverlappingTemplate,m=9 template=0 0 1 0 0 0 1 0 1,couple,3,1.5274195286232726e-37,1.5274195286232726e-37,reported_by_STS_full_precision,fail,0.01,STS SUCCESS and p >= 0.01,6
encrypted,NonOverlappingTemplate,m=9 template=0 0 1 0 0 0 1 0 1,girl,4,1.3426005016545983e-41,1.3426005016545983e-41,reported_by_STS_full_precision,fail,0.01,STS SUCCESS and p >= 0.01,6
encrypted,NonOverlappingTemplate,m=9 template=0 0 1 0 0 0 1 0 1,lena,5,1.531335795192711e-12,1.531335795192711e-12,reported_by_STS_full_precision,fail,0.01,STS SUCCESS and p >= 0.01,6
encrypted,NonOverlappingTemplate,m=9 template=0 0 1 0 0 0 1 0 1,peppers,6,7.325297223110884e-10,7.325297223110884e-10,reported_by_STS_full_precision,fail,0.01,STS SUCCESS and p >= 0.01,6
encrypted,NonOverlappingTemplate,m=9 template=0 0 1 0 0 0 1 1 1,airplane,1,<1e-300,0,double_underflow_lt_1e-300,fail,0.01,STS SUCCESS and p >= 0.01,6
encrypted,NonOverlappingTemplate,m=9 template=0 0 1 0 0 0 1 1 1,baboon,2,0.00055230286206891339,0.00055230286206891339,reported_by_STS_full_precision,fail,0.01,STS SUCCESS and p >= 0.01,6
encrypted,NonOverlappingTemplate,m=9 template=0 0 1 0 0 0 1 1 1,couple,3,0.74679096947636159,0.74679096947636159,reported_by_STS_full_precision,pass,0.01,STS SUCCESS and p >= 0.01,6
encrypted,NonOverlappingTemplate,m=9 template=0 0 1 0 0 0 1 1 1,girl,4,0.15301592321357413,0.15301592321357413,reported_by_STS_full_precision,pass,0.01,STS SUCCESS and p >= 0.01,6
encrypted,NonOverlappingTemplate,m=9 template=0 0 1 0 0 0 1 1 1,lena,5,4.4081202892463836e-13,4.4081202892463836e-13,reported_by_STS_full_precision,fail,0.01,STS SUCCESS and p >= 0.01,6
encrypted,NonOverlappingTemplate,m=9 template=0 0 1 0 0 0 1 1 1,peppers,6,0.0074645889541680626,0.0074645889541680626,reported_by_STS_full_precision,fail,0.01,STS SUCCESS and p >= 0.01,6
encrypted,NonOverlappingTemplate,m=9 template=0 0 1 0 0 1 0 1 1,airplane,1,3.5382444267505374e-125,3.5382444267505374e-125,reported_by_STS_full_precision,fail,0.01,STS SUCCESS and p >= 0.01,6
encrypted,NonOverlappingTemplate,m=9 template=0 0 1 0 0 1 0 1 1,baboon,2,1.7236912285570497e-12,1.7236912285570497e-12,reported_by_STS_full_precision,fail,0.01,STS SUCCESS and p >= 0.01,6
encrypted,NonOverlappingTemplate,m=9 template=0 0 1 0 0 1 0 1 1,couple,3,1.9362533303772868e-19,1.9362533303772868e-19,reported_by_STS_full_precision,fail,0.01,STS SUCCESS and p >= 0.01,6
encrypted,NonOverlappingTemplate,m=9 template=0 0 1 0 0 1 0 1 1,girl,4,5.7614104184503236e-11,5.7614104184503236e-11,reported_by_STS_full_precision,fail,0.01,STS SUCCESS and p >= 0.01,6
encrypted,NonOverlappingTemplate,m=9 template=0 0 1 0 0 1 0 1 1,lena,5,0.27260525155038129,0.27260525155038129,reported_by_STS_full_precision,pass,0.01,STS SUCCESS and p >= 0.01,6
encrypted,NonOverlappingTemplate,m=9 template=0 0 1 0 0 1 0 1 1,peppers,6,1.9285686777920234e-36,1.9285686777920234e-36,reported_by_STS_full_precision,fail,0.01,STS SUCCESS and p >= 0.01,6
encrypted,NonOverlappingTemplate,m=9 template=0 0 1 0 0 1 1 0 1,airplane,1,0.012489647721071431,0.012489647721071431,reported_by_STS_full_precision,pass,0.01,STS SUCCESS and p >= 0.01,6
encrypted,NonOverlappingTemplate,m=9 template=0 0 1 0 0 1 1 0 1,baboon,2,0.00024287997347267833,0.00024287997347267833,reported_by_STS_full_precision,fail,0.01,STS SUCCESS and p >= 0.01,6
encrypted,NonOverlappingTemplate,m=9 template=0 0 1 0 0 1 1 0 1,couple,3,1.2946487208302797e-44,1.2946487208302797e-44,reported_by_STS_full_precision,fail,0.01,STS SUCCESS and p >= 0.01,6
encrypted,NonOverlappingTemplate,m=9 template=0 0 1 0 0 1 1 0 1,girl,4,5.4262274833560089e-08,5.4262274833560089e-08,reported_by_STS_full_precision,fail,0.01,STS SUCCESS and p >= 0.01,6
encrypted,NonOverlappingTemplate,m=9 template=0 0 1 0 0 1 1 0 1,lena,5,0.21671417042584404,0.21671417042584404,reported_by_STS_full_precision,pass,0.01,STS SUCCESS and p >= 0.01,6
encrypted,NonOverlappingTemplate,m=9 template=0 0 1 0 0 1 1 0 1,peppers,6,2.409807798018651e-20,2.409807798018651e-20,reported_by_STS_full_precision,fail,0.01,STS SUCCESS and p >= 0.01,6
encrypted,NonOverlappingTemplate,m=9 template=0 0 1 0 0 1 1 1 1,airplane,1,1.4577208057192067e-280,1.4577208057192067e-280,reported_by_STS_full_precision,fail,0.01,STS SUCCESS and p >= 0.01,6
encrypted,NonOverlappingTemplate,m=9 template=0 0 1 0 0 1 1 1 1,baboon,2,1.5210029664418305e-09,1.5210029664418305e-09,reported_by_STS_full_precision,fail,0.01,STS SUCCESS and p >= 0.01,6
encrypted,NonOverlappingTemplate,m=9 template=0 0 1 0 0 1 1 1 1,couple,3,2.3292228727138712e-107,2.3292228727138712e-107,reported_by_STS_full_precision,fail,0.01,STS SUCCESS and p >= 0.01,6
encrypted,NonOverlappingTemplate,m=9 template=0 0 1 0 0 1 1 1 1,girl,4,2.4162219061272905e-53,2.4162219061272905e-53,reported_by_STS_full_precision,fail,0.01,STS SUCCESS and p >= 0.01,6
encrypted,NonOverlappingTemplate,m=9 template=0 0 1 0 0 1 1 1 1,lena,5,8.657348339562174e-16,8.657348339562174e-16,reported_by_STS_full_precision,fail,0.01,STS SUCCESS and p >= 0.01,6
encrypted,NonOverlappingTemplate,m=9 template=0 0 1 0 0 1 1 1 1,peppers,6,2.280714016956247e-07,2.280714016956247e-07,reported_by_STS_full_precision,fail,0.01,STS SUCCESS and p >= 0.01,6
encrypted,NonOverlappingTemplate,m=9 template=0 0 1 0 1 0 0 1 1,airplane,1,9.6708716795090391e-214,9.6708716795090391e-214,reported_by_STS_full_precision,fail,0.01,STS SUCCESS and p >= 0.01,6
encrypted,NonOverlappingTemplate,m=9 template=0 0 1 0 1 0 0 1 1,baboon,2,1.2829253347155805e-33,1.2829253347155805e-33,reported_by_STS_full_precision,fail,0.01,STS SUCCESS and p >= 0.01,6
encrypted,NonOverlappingTemplate,m=9 template=0 0 1 0 1 0 0 1 1,couple,3,1.9554266698300858e-38,1.9554266698300858e-38,reported_by_STS_full_precision,fail,0.01,STS SUCCESS and p >= 0.01,6
encrypted,NonOverlappingTemplate,m=9 template=0 0 1 0 1 0 0 1 1,girl,4,6.7997891646455741e-22,6.7997891646455741e-22,reported_by_STS_full_precision,fail,0.01,STS SUCCESS and p >= 0.01,6
encrypted,NonOverlappingTemplate,m=9 template=0 0 1 0 1 0 0 1 1,lena,5,0.00072850243908740696,0.00072850243908740696,reported_by_STS_full_precision,fail,0.01,STS SUCCESS and p >= 0.01,6
encrypted,NonOverlappingTemplate,m=9 template=0 0 1 0 1 0 0 1 1,peppers,6,1.5439423777403123e-13,1.5439423777403123e-13,reported_by_STS_full_precision,fail,0.01,STS SUCCESS and p >= 0.01,6
encrypted,NonOverlappingTemplate,m=9 template=0 0 1 0 1 0 1 0 1,airplane,1,1.5712599138939164e-53,1.5712599138939164e-53,reported_by_STS_full_precision,fail,0.01,STS SUCCESS and p >= 0.01,6
encrypted,NonOverlappingTemplate,m=9 template=0 0 1 0 1 0 1 0 1,baboon,2,7.8206850721730381e-20,7.8206850721730381e-20,reported_by_STS_full_precision,fail,0.01,STS SUCCESS and p >= 0.01,6
encrypted,NonOverlappingTemplate,m=9 template=0 0 1 0 1 0 1 0 1,couple,3,2.3852330256477335e-80,2.3852330256477335e-80,reported_by_STS_full_precision,fail,0.01,STS SUCCESS and p >= 0.01,6
encrypted,NonOverlappingTemplate,m=9 template=0 0 1 0 1 0 1 0 1,girl,4,6.3323710387275813e-38,6.3323710387275813e-38,reported_by_STS_full_precision,fail,0.01,STS SUCCESS and p >= 0.01,6
encrypted,NonOverlappingTemplate,m=9 template=0 0 1 0 1 0 1 0 1,lena,5,2.0494221344831613e-22,2.0494221344831613e-22,reported_by_STS_full_precision,fail,0.01,STS SUCCESS and p >= 0.01,6
encrypted,NonOverlappingTemplate,m=9 template=0 0 1 0 1 0 1 0 1,peppers,6,2.0366546447358762e-11,2.0366546447358762e-11,reported_by_STS_full_precision,fail,0.01,STS SUCCESS and p >= 0.01,6
encrypted,NonOverlappingTemplate,m=9 template=0 0 1 0 1 0 1 1 1,airplane,1,1.0490692249630923e-31,1.0490692249630923e-31,reported_by_STS_full_precision,fail,0.01,STS SUCCESS and p >= 0.01,6
encrypted,NonOverlappingTemplate,m=9 template=0 0 1 0 1 0 1 1 1,baboon,2,2.0594312133653877e-11,2.0594312133653877e-11,reported_by_STS_full_precision,fail,0.01,STS SUCCESS and p >= 0.01,6
encrypted,NonOverlappingTemplate,m=9 template=0 0 1 0 1 0 1 1 1,couple,3,5.9906537180350585e-167,5.9906537180350585e-167,reported_by_STS_full_precision,fail,0.01,STS SUCCESS and p >= 0.01,6
encrypted,NonOverlappingTemplate,m=9 template=0 0 1 0 1 0 1 1 1,girl,4,1.4995805554960157e-131,1.4995805554960157e-131,reported_by_STS_full_precision,fail,0.01,STS SUCCESS and p >= 0.01,6
encrypted,NonOverlappingTemplate,m=9 template=0 0 1 0 1 0 1 1 1,lena,5,0.0077361642027390567,0.0077361642027390567,reported_by_STS_full_precision,fail,0.01,STS SUCCESS and p >= 0.01,6
encrypted,NonOverlappingTemplate,m=9 template=0 0 1 0 1 0 1 1 1,peppers,6,0.00092733773293498167,0.00092733773293498167,reported_by_STS_full_precision,fail,0.01,STS SUCCESS and p >= 0.01,6
encrypted,NonOverlappingTemplate,m=9 template=0 0 1 0 1 1 0 1 1,airplane,1,2.5169088634732273e-11,2.5169088634732273e-11,reported_by_STS_full_precision,fail,0.01,STS SUCCESS and p >= 0.01,6
encrypted,NonOverlappingTemplate,m=9 template=0 0 1 0 1 1 0 1 1,baboon,2,1.7073029456467801e-10,1.7073029456467801e-10,reported_by_STS_full_precision,fail,0.01,STS SUCCESS and p >= 0.01,6
encrypted,NonOverlappingTemplate,m=9 template=0 0 1 0 1 1 0 1 1,couple,3,1.7648769286810702e-193,1.7648769286810702e-193,reported_by_STS_full_precision,fail,0.01,STS SUCCESS and p >= 0.01,6
encrypted,NonOverlappingTemplate,m=9 template=0 0 1 0 1 1 0 1 1,girl,4,5.1387281773964749e-136,5.1387281773964749e-136,reported_by_STS_full_precision,fail,0.01,STS SUCCESS and p >= 0.01,6
encrypted,NonOverlappingTemplate,m=9 template=0 0 1 0 1 1 0 1 1,lena,5,4.5509971023336804e-17,4.5509971023336804e-17,reported_by_STS_full_precision,fail,0.01,STS SUCCESS and p >= 0.01,6
encrypted,NonOverlappingTemplate,m=9 template=0 0 1 0 1 1 0 1 1,peppers,6,5.3096588112763761e-13,5.3096588112763761e-13,reported_by_STS_full_precision,fail,0.01,STS SUCCESS and p >= 0.01,6
encrypted,NonOverlappingTemplate,m=9 template=0 0 1 0 1 1 1 0 1,airplane,1,3.0559349174100596e-27,3.0559349174100596e-27,reported_by_STS_full_precision,fail,0.01,STS SUCCESS and p >= 0.01,6
encrypted,NonOverlappingTemplate,m=9 template=0 0 1 0 1 1 1 0 1,baboon,2,9.5150720043465805e-25,9.5150720043465805e-25,reported_by_STS_full_precision,fail,0.01,STS SUCCESS and p >= 0.01,6
encrypted,NonOverlappingTemplate,m=9 template=0 0 1 0 1 1 1 0 1,couple,3,1.3915353712255409e-197,1.3915353712255409e-197,reported_by_STS_full_precision,fail,0.01,STS SUCCESS and p >= 0.01,6
encrypted,NonOverlappingTemplate,m=9 template=0 0 1 0 1 1 1 0 1,girl,4,2.0985701844607608e-116,2.0985701844607608e-116,reported_by_STS_full_precision,fail,0.01,STS SUCCESS and p >= 0.01,6
encrypted,NonOverlappingTemplate,m=9 template=0 0 1 0 1 1 1 0 1,lena,5,0.0086528080542567169,0.0086528080542567169,reported_by_STS_full_precision,fail,0.01,STS SUCCESS and p >= 0.01,6
encrypted,NonOverlappingTemplate,m=9 template=0 0 1 0 1 1 1 0 1,peppers,6,0.064093632597277239,0.064093632597277239,reported_by_STS_full_precision,pass,0.01,STS SUCCESS and p >= 0.01,6
encrypted,NonOverlappingTemplate,m=9 template=0 0 1 0 1 1 1 1 1,airplane,1,1.4669965744890761e-54,1.4669965744890761e-54,reported_by_STS_full_precision,fail,0.01,STS SUCCESS and p >= 0.01,6
encrypted,NonOverlappingTemplate,m=9 template=0 0 1 0 1 1 1 1 1,baboon,2,3.87310582940058e-81,3.87310582940058e-81,reported_by_STS_full_precision,fail,0.01,STS SUCCESS and p >= 0.01,6
encrypted,NonOverlappingTemplate,m=9 template=0 0 1 0 1 1 1 1 1,couple,3,5.4732214019253337e-275,5.4732214019253337e-275,reported_by_STS_full_precision,fail,0.01,STS SUCCESS and p >= 0.01,6
encrypted,NonOverlappingTemplate,m=9 template=0 0 1 0 1 1 1 1 1,girl,4,9.7172634773175898e-236,9.7172634773175898e-236,reported_by_STS_full_precision,fail,0.01,STS SUCCESS and p >= 0.01,6
encrypted,NonOverlappingTemplate,m=9 template=0 0 1 0 1 1 1 1 1,lena,5,7.4166520801207693e-34,7.4166520801207693e-34,reported_by_STS_full_precision,fail,0.01,STS SUCCESS and p >= 0.01,6
encrypted,NonOverlappingTemplate,m=9 template=0 0 1 0 1 1 1 1 1,peppers,6,4.5230859889279488e-09,4.5230859889279488e-09,reported_by_STS_full_precision,fail,0.01,STS SUCCESS and p >= 0.01,6
encrypted,NonOverlappingTemplate,m=9 template=0 0 1 1 0 0 1 0 1,airplane,1,2.1843783799018589e-18,2.1843783799018589e-18,reported_by_STS_full_precision,fail,0.01,STS SUCCESS and p >= 0.01,6
encrypted,NonOverlappingTemplate,m=9 template=0 0 1 1 0 0 1 0 1,baboon,2,1.5067945959625281e-05,1.5067945959625281e-05,reported_by_STS_full_precision,fail,0.01,STS SUCCESS and p >= 0.01,6
encrypted,NonOverlappingTemplate,m=9 template=0 0 1 1 0 0 1 0 1,couple,3,6.5423362408723187e-43,6.5423362408723187e-43,reported_by_STS_full_precision,fail,0.01,STS SUCCESS and p >= 0.01,6
encrypted,NonOverlappingTemplate,m=9 template=0 0 1 1 0 0 1 0 1,girl,4,1.5637653635826806e-05,1.5637653635826806e-05,reported_by_STS_full_precision,fail,0.01,STS SUCCESS and p >= 0.01,6
encrypted,NonOverlappingTemplate,m=9 template=0 0 1 1 0 0 1 0 1,lena,5,0.17108673355391912,0.17108673355391912,reported_by_STS_full_precision,pass,0.01,STS SUCCESS and p >= 0.01,6
encrypted,NonOverlappingTemplate,m=9 template=0 0 1 1 0 0 1 0 1,peppers,6,6.5374058083917917e-23,6.5374058083917917e-23,reported_by_STS_full_precision,fail,0.01,STS SUCCESS and p >= 0.01,6
encrypted,NonOverlappingTemplate,m=9 template=0 0 1 1 0 0 1 1 1,airplane,1,0.87867922421350075,0.87867922421350075,reported_by_STS_full_precision,pass,0.01,STS SUCCESS and p >= 0.01,6
encrypted,NonOverlappingTemplate,m=9 template=0 0 1 1 0 0 1 1 1,baboon,2,1.9760909078964373e-07,1.9760909078964373e-07,reported_by_STS_full_precision,fail,0.01,STS SUCCESS and p >= 0.01,6
encrypted,NonOverlappingTemplate,m=9 template=0 0 1 1 0 0 1 1 1,couple,3,1.0917816147961844e-131,1.0917816147961844e-131,reported_by_STS_full_precision,fail,0.01,STS SUCCESS and p >= 0.01,6
encrypted,NonOverlappingTemplate,m=9 template=0 0 1 1 0 0 1 1 1,girl,4,3.6070903174030443e-64,3.6070903174030443e-64,reported_by_STS_full_precision,fail,0.01,STS SUCCESS and p >= 0.01,6
encrypted,NonOverlappingTemplate,m=9 template=0 0 1 1 0 0 1 1 1,lena,5,0.049815560036449172,0.049815560036449172,reported_by_STS_full_precision,pass,0.01,STS SUCCESS and p >= 0.01,6
encrypted,NonOverlappingTemplate,m=9 template=0 0 1 1 0 0 1 1 1,peppers,6,0.1388998308926194,0.1388998308926194,reported_by_STS_full_precision,pass,0.01,STS SUCCESS and p >= 0.01,6
encrypted,NonOverlappingTemplate,m=9 template=0 0 1 1 0 1 0 1 1,airplane,1,2.0852153694305361e-29,2.0852153694305361e-29,reported_by_STS_full_precision,fail,0.01,STS SUCCESS and p >= 0.01,6
encrypted,NonOverlappingTemplate,m=9 template=0 0 1 1 0 1 0 1 1,baboon,2,1.2547474962131382e-11,1.2547474962131382e-11,reported_by_STS_full_precision,fail,0.01,STS SUCCESS and p >= 0.01,6
encrypted,NonOverlappingTemplate,m=9 template=0 0 1 1 0 1 0 1 1,couple,3,1.3093597799503952e-172,1.3093597799503952e-172,reported_by_STS_full_precision,fail,0.01,STS SUCCESS and p >= 0.01,6
encrypted,NonOverlappingTemplate,m=9 template=0 0 1 1 0 1 0 1 1,girl,4,1.579442023305384e-113,1.579442023305384e-113,reported_by_STS_full_precision,fail,0.01,STS SUCCESS and p >= 0.01,6
encrypted,NonOverlappingTemplate,m=9 template=0 0 1 1 0 1 0 1 1,lena,5,4.906346371998643e-32,4.906346371998643e-32,reported_by_STS_full_precision,fail,0.01,STS SUCCESS and p >= 0.01,6
encrypted,NonOverlappingTemplate,m=9 template=0 0 1 1 0 1 0 1 1,peppers,6,1.9109497596677709e-15,1.9109497596677709e-15,reported_by_STS_full_precision,fail,0.01,STS SUCCESS and p >= 0.01,6
encrypted,NonOverlappingTemplate,m=9 template=0 0 1 1 0 1 1 0 1,airplane,1,1.2105334452084823e-179,1.2105334452084823e-179,reported_by_STS_full_precision,fail,0.01,STS SUCCESS and p >= 0.01,6
encrypted,NonOverlappingTemplate,m=9 template=0 0 1 1 0 1 1 0 1,baboon,2,2.6931822595569154e-23,2.6931822595569154e-23,reported_by_STS_full_precision,fail,0.01,STS SUCCESS and p >= 0.01,6
encrypted,NonOverlappingTemplate,m=9 template=0 0 1 1 0 1 1 0 1,couple,3,2.293313109637346e-204,2.293313109637346e-204,reported_by_STS_full_precision,fail,0.01,STS SUCCESS and p >= 0.01,6
encrypted,NonOverlappingTemplate,m=9 template=0 0 1 1 0 1 1 0 1,girl,4,1.9989067507395652e-111,1.9989067507395652e-111,reported_by_STS_full_precision,fail,0.01,STS SUCCESS and p >= 0.01,6
encrypted,NonOverlappingTemplate,m=9 template=0 0 1 1 0 1 1 0 1,lena,5,8.6977824362275946e-06,8.6977824362275946e-06,reported_by_STS_full_precision,fail,0.01,STS SUCCESS and p >= 0.01,6
encrypted,NonOverlappingTemplate,m=9 template=0 0 1 1 0 1 1 0 1,peppers,6,0.0070812941262565262,0.0070812941262565262,reported_by_STS_full_precision,fail,0.01,STS SUCCESS and p >= 0.01,6
encrypted,NonOverlappingTemplate,m=9 template=0 0 1 1 0 1 1 1 1,airplane,1,0.0025224018801187726,0.0025224018801187726,reported_by_STS_full_precision,fail,0.01,STS SUCCESS and p >= 0.01,6
encrypted,NonOverlappingTemplate,m=9 template=0 0 1 1 0 1 1 1 1,baboon,2,1.547123130782797e-105,1.547123130782797e-105,reported_by_STS_full_precision,fail,0.01,STS SUCCESS and p >= 0.01,6
encrypted,NonOverlappingTemplate,m=9 template=0 0 1 1 0 1 1 1 1,couple,3,5.4545918069537589e-298,5.4545918069537589e-298,reported_by_STS_full_precision,fail,0.01,STS SUCCESS and p >= 0.01,6
encrypted,NonOverlappingTemplate,m=9 template=0 0 1 1 0 1 1 1 1,girl,4,3.0369793005824774e-224,3.0369793005824774e-224,reported_by_STS_full_precision,fail,0.01,STS SUCCESS and p >= 0.01,6
encrypted,NonOverlappingTemplate,m=9 template=0 0 1 1 0 1 1 1 1,lena,5,2.3627481344524124e-10,2.3627481344524124e-10,reported_by_STS_full_precision,fail,0.01,STS SUCCESS and p >= 0.01,6
encrypted,NonOverlappingTemplate,m=9 template=0 0 1 1 0 1 1 1 1,peppers,6,8.8929453764123331e-17,8.8929453764123331e-17,reported_by_STS_full_precision,fail,0.01,STS SUCCESS and p >= 0.01,6
encrypted,NonOverlappingTemplate,m=9 template=0 0 1 1 1 0 1 0 1,airplane,1,7.7722788928428609e-19,7.7722788928428609e-19,reported_by_STS_full_precision,fail,0.01,STS SUCCESS and p >= 0.01,6
encrypted,NonOverlappingTemplate,m=9 template=0 0 1 1 1 0 1 0 1,baboon,2,1.6888011882454906e-12,1.6888011882454906e-12,reported_by_STS_full_precision,fail,0.01,STS SUCCESS and p >= 0.01,6
encrypted,NonOverlappingTemplate,m=9 template=0 0 1 1 1 0 1 0 1,couple,3,5.8488305095710874e-186,5.8488305095710874e-186,reported_by_STS_full_precision,fail,0.01,STS SUCCESS and p >= 0.01,6
encrypted,NonOverlappingTemplate,m=9 template=0 0 1 1 1 0 1 0 1,girl,4,8.6661026400426767e-90,8.6661026400426767e-90,reported_by_STS_full_precision,fail,0.01,STS SUCCESS and p >= 0.01,6
encrypted,NonOverlappingTemplate,m=9 template=0 0 1 1 1 0 1 0 1,lena,5,1.7958951510802374e-09,1.7958951510802374e-09,reported_by_STS_full_precision,fail,0.01,STS SUCCESS and p >= 0.01,6
encrypted,NonOverlappingTemplate,m=9 template=0 0 1 1 1 0 1 0 1,peppers,6,2.1809926881175065e-06,2.1809926881175065e-06,reported_by_STS_full_precision,fail,0.01,STS SUCCESS and p >= 0.01,6
encrypted,NonOverlappingTemplate,m=9 template=0 0 1 1 1 0 1 1 1,airplane,1,0.0001194131879883017,0.0001194131879883017,reported_by_STS_full_precision,fail,0.01,STS SUCCESS and p >= 0.01,6
encrypted,NonOverlappingTemplate,m=9 template=0 0 1 1 1 0 1 1 1,baboon,2,1.6649421741514954e-97,1.6649421741514954e-97,reported_by_STS_full_precision,fail,0.01,STS SUCCESS and p >= 0.01,6
encrypted,NonOverlappingTemplate,m=9 template=0 0 1 1 1 0 1 1 1,couple,3,2.7722178264161994e-282,2.7722178264161994e-282,reported_by_STS_full_precision,fail,0.01,STS SUCCESS and p >= 0.01,6
encrypted,NonOverlappingTemplate,m=9 template=0 0 1 1 1 0 1 1 1,girl,4,9.0535100759487031e-204,9.0535100759487031e-204,reported_by_STS_full_precision,fail,0.01,STS SUCCESS and p >= 0.01,6
encrypted,NonOverlappingTemplate,m=9 template=0 0 1 1 1 0 1 1 1,lena,5,0.028306946497880181,0.028306946497880181,reported_by_STS_full_precision,pass,0.01,STS SUCCESS and p >= 0.01,6
encrypted,NonOverlappingTemplate,m=9 template=0 0 1 1 1 0 1 1 1,peppers,6,4.9998537246864667e-15,4.9998537246864667e-15,reported_by_STS_full_precision,fail,0.01,STS SUCCESS and p >= 0.01,6
encrypted,NonOverlappingTemplate,m=9 template=0 0 1 1 1 1 0 1 1,airplane,1,6.295729022972052e-05,6.295729022972052e-05,reported_by_STS_full_precision,fail,0.01,STS SUCCESS and p >= 0.01,6
encrypted,NonOverlappingTemplate,m=9 template=0 0 1 1 1 1 0 1 1,baboon,2,1.8572688140008696e-101,1.8572688140008696e-101,reported_by_STS_full_precision,fail,0.01,STS SUCCESS and p >= 0.01,6
encrypted,NonOverlappingTemplate,m=9 template=0 0 1 1 1 1 0 1 1,couple,3,5.7790646571526247e-281,5.7790646571526247e-281,reported_by_STS_full_precision,fail,0.01,STS SUCCESS and p >= 0.01,6
encrypted,NonOverlappingTemplate,m=9 template=0 0 1 1 1 1 0 1 1,girl,4,1.797262399410239e-192,1.797262399410239e-192,reported_by_STS_full_precision,fail,0.01,STS SUCCESS and p >= 0.01,6
encrypted,NonOverlappingTemplate,m=9 template=0 0 1 1 1 1 0 1 1,lena,5,0.0289167823121168,0.0289167823121168,reported_by_STS_full_precision,pass,0.01,STS SUCCESS and p >= 0.01,6
encrypted,NonOverlappingTemplate,m=9 template=0 0 1 1 1 1 0 1 1,peppers,6,6.0964961805684499e-08,6.0964961805684499e-08,reported_by_STS_full_precision,fail,0.01,STS SUCCESS and p >= 0.01,6
encrypted,NonOverlappingTemplate,m=9 template=0 0 1 1 1 1 1 0 1,airplane,1,1.889074604806456e-07,1.889074604806456e-07,reported_by_STS_full_precision,fail,0.01,STS SUCCESS and p >= 0.01,6
encrypted,NonOverlappingTemplate,m=9 template=0 0 1 1 1 1 1 0 1,baboon,2,3.0055354960225106e-102,3.0055354960225106e-102,reported_by_STS_full_precision,fail,0.01,STS SUCCESS and p >= 0.01,6
encrypted,NonOverlappingTemplate,m=9 template=0 0 1 1 1 1 1 0 1,couple,3,6.0015971939161729e-287,6.0015971939161729e-287,reported_by_STS_full_precision,fail,0.01,STS SUCCESS and p >= 0.01,6
encrypted,NonOverlappingTemplate,m=9 template=0 0 1 1 1 1 1 0 1,girl,4,5.9827022099824611e-170,5.9827022099824611e-170,reported_by_STS_full_precision,fail,0.01,STS SUCCESS and p >= 0.01,6
encrypted,NonOverlappingTemplate,m=9 template=0 0 1 1 1 1 1 0 1,lena,5,6.8651155680758114e-22,6.8651155680758114e-22,reported_by_STS_full_precision,fail,0.01,STS SUCCESS and p >= 0.01,6
encrypted,NonOverlappingTemplate,m=9 template=0 0 1 1 1 1 1 0 1,peppers,6,2.8500096432867924e-81,2.8500096432867924e-81,reported_by_STS_full_precision,fail,0.01,STS SUCCESS and p >= 0.01,6
encrypted,NonOverlappingTemplate,m=9 template=0 0 1 1 1 1 1 1 1,airplane,1,<1e-300,0,double_underflow_lt_1e-300,fail,0.01,STS SUCCESS and p >= 0.01,6
encrypted,NonOverlappingTemplate,m=9 template=0 0 1 1 1 1 1 1 1,baboon,2,1.7358275975648213e-222,1.7358275975648213e-222,reported_by_STS_full_precision,fail,0.01,STS SUCCESS and p >= 0.01,6
encrypted,NonOverlappingTemplate,m=9 template=0 0 1 1 1 1 1 1 1,couple,3,<1e-300,0,double_underflow_lt_1e-300,fail,0.01,STS SUCCESS and p >= 0.01,6
encrypted,NonOverlappingTemplate,m=9 template=0 0 1 1 1 1 1 1 1,girl,4,<1e-300,0,double_underflow_lt_1e-300,fail,0.01,STS SUCCESS and p >= 0.01,6
encrypted,NonOverlappingTemplate,m=9 template=0 0 1 1 1 1 1 1 1,lena,5,5.7649552975028052e-122,5.7649552975028052e-122,reported_by_STS_full_precision,fail,0.01,STS SUCCESS and p >= 0.01,6
encrypted,NonOverlappingTemplate,m=9 template=0 0 1 1 1 1 1 1 1,peppers,6,1.2494400232625682e-142,1.2494400232625682e-142,reported_by_STS_full_precision,fail,0.01,STS SUCCESS and p >= 0.01,6
encrypted,NonOverlappingTemplate,m=9 template=0 1 0 0 0 0 0 1 1,airplane,1,<1e-300,0,double_underflow_lt_1e-300,fail,0.01,STS SUCCESS and p >= 0.01,6
encrypted,NonOverlappingTemplate,m=9 template=0 1 0 0 0 0 0 1 1,baboon,2,9.2399562530374823e-20,9.2399562530374823e-20,reported_by_STS_full_precision,fail,0.01,STS SUCCESS and p >= 0.01,6
encrypted,NonOverlappingTemplate,m=9 template=0 1 0 0 0 0 0 1 1,couple,3,5.8527462602069161e-96,5.8527462602069161e-96,reported_by_STS_full_precision,fail,0.01,STS SUCCESS and p >= 0.01,6
encrypted,NonOverlappingTemplate,m=9 template=0 1 0 0 0 0 0 1 1,girl,4,6.471596670928019e-12,6.471596670928019e-12,reported_by_STS_full_precision,fail,0.01,STS SUCCESS and p >= 0.01,6
encrypted,NonOverlappingTemplate,m=9 template=0 1 0 0 0 0 0 1 1,lena,5,2.4857379799098549e-33,2.4857379799098549e-33,reported_by_STS_full_precision,fail,0.01,STS SUCCESS and p >= 0.01,6
encrypted,NonOverlappingTemplate,m=9 template=0 1 0 0 0 0 0 1 1,peppers,6,1.7570090803527631e-09,1.7570090803527631e-09,reported_by_STS_full_precision,fail,0.01,STS SUCCESS and p >= 0.01,6
encrypted,NonOverlappingTemplate,m=9 template=0 1 0 0 0 0 1 1 1,airplane,1,1.9593853769519443e-297,1.9593853769519443e-297,reported_by_STS_full_precision,fail,0.01,STS SUCCESS and p >= 0.01,6
encrypted,NonOverlappingTemplate,m=9 template=0 1 0 0 0 0 1 1 1,baboon,2,6.6415093970275971e-17,6.6415093970275971e-17,reported_by_STS_full_precision,fail,0.01,STS SUCCESS and p >= 0.01,6
encrypted,NonOverlappingTemplate,m=9 template=0 1 0 0 0 0 1 1 1,couple,3,6.620269665258205e-29,6.620269665258205e-29,reported_by_STS_full_precision,fail,0.01,STS SUCCESS and p >= 0.01,6
encrypted,NonOverlappingTemplate,m=9 template=0 1 0 0 0 0 1 1 1,girl,4,1.366871829598524e-06,1.366871829598524e-06,reported_by_STS_full_precision,fail,0.01,STS SUCCESS and p >= 0.01,6
encrypted,NonOverlappingTemplate,m=9 template=0 1 0 0 0 0 1 1 1,lena,5,1.7622697631807894e-25,1.7622697631807894e-25,reported_by_STS_full_precision,fail,0.01,STS SUCCESS and p >= 0.01,6
encrypted,NonOverlappingTemplate,m=9 template=0 1 0 0 0 0 1 1 1,peppers,6,1.1872635833380746e-10,1.1872635833380746e-10,reported_by_STS_full_precision,fail,0.01,STS SUCCESS and p >= 0.01,6
encrypted,NonOverlappingTemplate,m=9 template=0 1 0 0 0 1 0 1 1,airplane,1,1.1968493924792032e-114,1.1968493924792032e-114,reported_by_STS_full_precision,fail,0.01,STS SUCCESS and p >= 0.01,6
encrypted,NonOverlappingTemplate,m=9 template=0 1 0 0 0 1 0 1 1,baboon,2,0.0025964643464030492,0.0025964643464030492,reported_by_STS_full_precision,fail,0.01,STS SUCCESS and p >= 0.01,6
encrypted,NonOverlappingTemplate,m=9 template=0 1 0 0 0 1 0 1 1,couple,3,0.1736716871789345,0.1736716871789345,reported_by_STS_full_precision,pass,0.01,STS SUCCESS and p >= 0.01,6
encrypted,NonOverlappingTemplate,m=9 template=0 1 0 0 0 1 0 1 1,girl,4,0.034157577584887695,0.034157577584887695,reported_by_STS_full_precision,pass,0.01,STS SUCCESS and p >= 0.01,6
encrypted,NonOverlappingTemplate,m=9 template=0 1 0 0 0 1 0 1 1,lena,5,0.035664220506489847,0.035664220506489847,reported_by_STS_full_precision,pass,0.01,STS SUCCESS and p >= 0.01,6
encrypted,NonOverlappingTemplate,m=9 template=0 1 0 0 0 1 0 1 1,peppers,6,6.8143474052669643e-20,6.8143474052669643e-20,reported_by_STS_full_precision,fail,0.01,STS SUCCESS and p >= 0.01,6
encrypted,NonOverlappingTemplate,m=9 template=0 1 0 0 0 1 1 1 1,airplane,1,2.4065257728752028e-286,2.4065257728752028e-286,reported_by_STS_full_precision,fail,0.01,STS SUCCESS and p >= 0.01,6
encrypted,NonOverlappingTemplate,m=9 template=0 1 0 0 0 1 1 1 1,baboon,2,2.1337551356610687e-18,2.1337551356610687e-18,reported_by_STS_full_precision,fail,0.01,STS SUCCESS and p >= 0.01,6
encrypted,NonOverlappingTemplate,m=9 template=0 1 0 0 0 1 1 1 1,couple,3,2.6901138897193031e-24,2.6901138897193031e-24,reported_by_STS_full_precision,fail,0.01,STS SUCCESS and p >= 0.01,6
encrypted,NonOverlappingTemplate,m=9 template=0 1 0 0 0 1 1 1 1,girl,4,1.4838003669213704e-09,1.4838003669213704e-09,reported_by_STS_full_precision,fail,0.01,STS SUCCESS and p >= 0.01,6
encrypted,NonOverlappingTemplate,m=9 template=0 1 0 0 0 1 1 1 1,lena,5,6.4048229520742977e-29,6.4048229520742977e-29,reported_by_STS_full_precision,fail,0.01,STS SUCCESS and p >= 0.01,6
encrypted,NonOverlappingTemplate,m=9 template=0 1 0 0 0 1 1 1 1,peppers,6,3.305722788444071e-06,3.305722788444071e-06,reported_by_STS_full_precision,fail,0.01,STS SUCCESS and p >= 0.01,6
encrypted,NonOverlappingTemplate,m=9 template=0 1 0 0 1 0 0 1 1,airplane,1,7.4501503316963577e-252,7.4501503316963577e-252,reported_by_STS_full_precision,fail,0.01,STS SUCCESS and p >= 0.01,6
encrypted,NonOverlappingTemplate,m=9 template=0 1 0 0 1 0 0 1 1,baboon,2,6.8100624182067503e-22,6.8100624182067503e-22,reported_by_STS_full_precision,fail,0.01,STS SUCCESS and p >= 0.01,6
encrypted,NonOverlappingTemplate,m=9 template=0 1 0 0 1 0 0 1 1,couple,3,0.22347192406125169,0.22347192406125169,reported_by_STS_full_precision,pass,0.01,STS SUCCESS and p >= 0.01,6
encrypted,NonOverlappingTemplate,m=9 template=0 1 0 0 1 0 0 1 1,girl,4,1.9590152911078068e-41,1.9590152911078068e-41,reported_by_STS_full_precision,fail,0.01,STS SUCCESS and p >= 0.01,6
encrypted,NonOverlappingTemplate,m=9 template=0 1 0 0 1 0 0 1 1,lena,5,0.93527889293293009,0.93527889293293009,reported_by_STS_full_precision,pass,0.01,STS SUCCESS and p >= 0.01,6
encrypted,NonOverlappingTemplate,m=9 template=0 1 0 0 1 0 0 1 1,peppers,6,1.1936386475617927e-48,1.1936386475617927e-48,reported_by_STS_full_precision,fail,0.01,STS SUCCESS and p >= 0.01,6
encrypted,NonOverlappingTemplate,m=9 template=0 1 0 0 1 0 1 1 1,airplane,1,1.0356876853600617e-54,1.0356876853600617e-54,reported_by_STS_full_precision,fail,0.01,STS SUCCESS and p >= 0.01,6
encrypted,NonOverlappingTemplate,m=9 template=0 1 0 0 1 0 1 1 1,baboon,2,0.014397129798345577,0.014397129798345577,reported_by_STS_full_precision,pass,0.01,STS SUCCESS and p >= 0.01,6
encrypted,NonOverlappingTemplate,m=9 template=0 1 0 0 1 0 1 1 1,couple,3,8.4899895159915964e-73,8.4899895159915964e-73,reported_by_STS_full_precision,fail,0.01,STS SUCCESS and p >= 0.01,6
encrypted,NonOverlappingTemplate,m=9 template=0 1 0 0 1 0 1 1 1,girl,4,6.5375885788526508e-15,6.5375885788526508e-15,reported_by_STS_full_precision,fail,0.01,STS SUCCESS and p >= 0.01,6
encrypted,NonOverlappingTemplate,m=9 template=0 1 0 0 1 0 1 1 1,lena,5,0.039004883008631232,0.039004883008631232,reported_by_STS_full_precision,pass,0.01,STS SUCCESS and p >= 0.01,6
encrypted,NonOverlappingTemplate,m=9 template=0 1 0 0 1 0 1 1 1,peppers,6,4.867793815666277e-09,4.867793815666277e-09,reported_by_STS_full_precision,fail,0.01,STS SUCCESS and p >= 0.01,6
encrypted,NonOverlappingTemplate,m=9 template=0 1 0 0 1 1 0 1 1,airplane,1,0.099790706025758305,0.099790706025758305,reported_by_STS_full_precision,pass,0.01,STS SUCCESS and p >= 0.01,6
encrypted,NonOverlappingTemplate,m=9 template=0 1 0 0 1 1 0 1 1,baboon,2,0.0072135284971662174,0.0072135284971662174,reported_by_STS_full_precision,fail,0.01,STS SUCCESS and p >= 0.01,6
encrypted,NonOverlappingTemplate,m=9 template=0 1 0 0 1 1 0 1 1,couple,3,9.4622956146629376e-102,9.4622956146629376e-102,reported_by_STS_full_precision,fail,0.01,STS SUCCESS and p >= 0.01,6
encrypted,NonOverlappingTemplate,m=9 template=0 1 0 0 1 1 0 1 1,girl,4,1.3794194898279247e-26,1.3794194898279247e-26,reported_by_STS_full_precision,fail,0.01,STS SUCCESS and p >= 0.01,6
encrypted,NonOverlappingTemplate,m=9 template=0 1 0 0 1 1 0 1 1,lena,5,1.0184915367102013e-21,1.0184915367102013e-21,reported_by_STS_full_precision,fail,0.01,STS SUCCESS and p >= 0.01,6
encrypted,NonOverlappingTemplate,m=9 template=0 1 0 0 1 1 0 1 1,peppers,6,1.3370185563954284e-31,1.3370185563954284e-31,reported_by_STS_full_precision,fail,0.01,STS SUCCESS and p >= 0.01,6
encrypted,NonOverlappingTemplate,m=9 template=0 1 0 0 1 1 1 1 1,airplane,1,9.154107081620487e-240,9.154107081620487e-240,reported_by_STS_full_precision,fail,0.01,STS SUCCESS and p >= 0.01,6
encrypted,NonOverlappingTemplate,m=9 template=0 1 0 0 1 1 1 1 1,baboon,2,2.106718690907033e-51,2.106718690907033e-51,reported_by_STS_full_precision,fail,0.01,STS SUCCESS and p >= 0.01,6
encrypted,NonOverlappingTemplate,m=9 template=0 1 0 0 1 1 1 1 1,couple,3,1.8335332492005284e-175,1.8335332492005284e-175,reported_by_STS_full_precision,fail,0.01,STS SUCCESS and p >= 0.01,6
encrypted,NonOverlappingTemplate,m=9 template=0 1 0 0 1 1 1 1 1,girl,4,2.1116399510776704e-91,2.1116399510776704e-91,reported_by_STS_full_precision,fail,0.01,STS SUCCESS and p >= 0.01,6
encrypted,NonOverlappingTemplate,m=9 template=0 1 0 0 1 1 1 1 1,lena,5,5.2837953688827121e-13,5.2837953688827121e-13,reported_by_STS_full_precision,fail,0.01,STS SUCCESS and p >= 0.01,6
encrypted,NonOverlappingTemplate,m=9 template=0 1 0 0 1 1 1 1 1,peppers,6,4.6145992216131845e-29,4.6145992216131845e-29,reported_by_STS_full_precision,fail,0.01,STS SUCCESS and p >= 0.01,6
encrypted,NonOverlappingTemplate,m=9 template=0 1 0 1 0 0 0 1 1,airplane,1,4.2673806974190332e-220,4.2673806974190332e-220,reported_by_STS_full_precision,fail,0.01,STS SUCCESS and p >= 0.01,6
encrypted,NonOverlappingTemplate,m=9 template=0 1 0 1 0 0 0 1 1,baboon,2,1.2564565595863388e-08,1.2564565595863388e-08,reported_by_STS_full_precision,fail,0.01,STS SUCCESS and p >= 0.01,6
encrypted,NonOverlappingTemplate,m=9 template=0 1 0 1 0 0 0 1 1,couple,3,0.022982739684343546,0.022982739684343546,reported_by_STS_full_precision,pass,0.01,STS SUCCESS and p >= 0.01,6
encrypted,NonOverlappingTemplate,m=9 template=0 1 0 1 0 0 0 1 1,girl,4,8.5978591781242817e-08,8.5978591781242817e-08,reported_by_STS_full_precision,fail,0.01,STS SUCCESS and p >= 0.01,6
encrypted,NonOverlappingTemplate,m=9 template=0 1 0 1 0 0 0 1 1,lena,5,0.010044532487006163,0.010044532487006163,reported_by_STS_full_precision,pass,0.01,STS SUCCESS and p >= 0.01,6
encrypted,NonOverlappingTemplate,m=9 template=0 1 0 1 0 0 0 1 1,peppers,6,1.4026351085600838e-13,1.4026351085600838e-13,reported_by_STS_full_precision,fail,0.01,STS SUCCESS and p >= 0.01,6
encrypted,NonOverlappingTemplate,m=9 template=0 1 0 1 0 0 1 1 1,airplane,1,4.7036785059575312e-164,4.7036785059575312e-164,reported_by_STS_full_precision,fail,0.01,STS SUCCESS and p >= 0.01,6
encrypted,NonOverlappingTemplate,m=9 template=0 1 0 1 0 0 1 1 1,baboon,2,3.2884124193398342e-05,3.2884124193398342e-05,reported_by_STS_full_precision,fail,0.01,STS SUCCESS and p >= 0.01,6
encrypted,NonOverlappingTemplate,m=9 template=0 1 0 1 0 0 1 1 1,couple,3,4.8412557162417756e-72,4.8412557162417756e-72,reported_by_STS_full_precision,fail,0.01,STS SUCCESS and p >= 0.01,6
encrypted,NonOverlappingTemplate,m=9 template=0 1 0 1 0 0 1 1 1,girl,4,1.7260707722793734e-30,1.7260707722793734e-30,reported_by_STS_full_precision,fail,0.01,STS SUCCESS and p >= 0.01,6
encrypted,NonOverlappingTemplate,m=9 template=0 1 0 1 0 0 1 1 1,lena,5,1.6952996631700329e-07,1.6952996631700329e-07,reported_by_STS_full_precision,fail,0.01,STS SUCCESS and p >= 0.01,6
encrypted,NonOverlappingTemplate,m=9 template=0 1 0 1 0 0 1 1 1,peppers,6,0.29176488078186208,0.29176488078186208,reported_by_STS_full_precision,pass,0.01,STS SUCCESS and p >= 0.01,6
encrypted,NonOverlappingTemplate,m=9 template=0 1 0 1 0 1 0 1 1,airplane,1,3.1720149738833826e-43,3.1720149738833826e-43,reported_by_STS_full_precision,fail,0.01,STS SUCCESS and p >= 0.01,6
encrypted,NonOverlappingTemplate,m=9 template=0 1 0 1 0 1 0 1 1,baboon,2,1.6171199071269639e-10,1.6171199071269639e-10,reported_by_STS_full_precision,fail,0.01,STS SUCCESS and p >= 0.01,6
encrypted,NonOverlappingTemplate,m=9 template=0 1 0 1 0 1 0 1 1,couple,3,2.8350504439053793e-140,2.8350504439053793e-140,reported_by_STS_full_precision,fail,0.01,STS SUCCESS and p >= 0.01,6
encrypted,NonOverlappingTemplate,m=9 template=0 1 0 1 0 1 0 1 1,girl,4,3.5377373031956204e-78,3.5377373031956204e-78,reported_by_STS_full_precision,fail,0.01,STS SUCCESS and p >= 0.01,6
encrypted,NonOverlappingTemplate,m=9 template=0 1 0 1 0 1 0 1 1,lena,5,4.8164104803706069e-74,4.8164104803706069e-74,reported_by_STS_full_precision,fail,0.01,STS SUCCESS and p >= 0.01,6
encrypted,NonOverlappingTemplate,m=9 template=0 1 0 1 0 1 0 1 1,peppers,6,3.5089372785832349e-29,3.5089372785832349e-29,reported_by_STS_full_precision,fail,0.01,STS SUCCESS and p >= 0.01,6
encrypted,NonOverlappingTemplate,m=9 template=0 1 0 1 0 1 1 1 1,airplane,1,3.7435049110332351e-16,3.7435049110332351e-16,reported_by_STS_full_precision,fail,0.01,STS SUCCESS and p >= 0.01,6
encrypted,NonOverlappingTemplate,m=9 template=0 1 0 1 0 1 1 1 1,baboon,2,4.726778389815578e-35,4.726778389815578e-35,reported_by_STS_full_precision,fail,0.01,STS SUCCESS and p >= 0.01,6
encrypted,NonOverlappingTemplate,m=9 template=0 1 0 1 0 1 1 1 1,couple,3,8.3979107849301077e-228,8.3979107849301077e-228,reported_by_STS_full_precision,fail,0.01,STS SUCCESS and p >= 0.01,6
encrypted,NonOverlappingTemplate,m=9 template=0 1 0 1 0 1 1 1 1,girl,4,1.1154079467922573e-163,1.1154079467922573e-163,reported_by_STS_full_precision,fail,0.01,STS SUCCESS and p >= 0.01,6
encrypted,NonOverlappingTemplate,m=9 template=0 1 0 1 0 1 1 1 1,lena,5,0.0016422881083883096,0.0016422881083883096,reported_by_STS_full_precision,fail,0.01,STS SUCCESS and p >= 0.01,6
encrypted,NonOverlappingTemplate,m=9 template=0 1 0 1 0 1 1 1 1,peppers,6,0.31915207250671451,0.31915207250671451,reported_by_STS_full_precision,pass,0.01,STS SUCCESS and p >= 0.01,6
encrypted,NonOverlappingTemplate,m=9 template=0 1 0 1 1 0 0 1 1,airplane,1,5.1360240629616112e-34,5.1360240629616112e-34,reported_by_STS_full_precision,fail,0.01,STS SUCCESS and p >= 0.01,6
encrypted,NonOverlappingTemplate,m=9 template=0 1 0 1 1 0 0 1 1,baboon,2,8.2478448029243187e-05,8.2478448029243187e-05,reported_by_STS_full_precision,fail,0.01,STS SUCCESS and p >= 0.01,6
encrypted,NonOverlappingTemplate,m=9 template=0 1 0 1 1 0 0 1 1,couple,3,9.3486659140062727e-80,9.3486659140062727e-80,reported_by_STS_full_precision,fail,0.01,STS SUCCESS and p >= 0.01,6
encrypted,NonOverlappingTemplate,m=9 template=0 1 0 1 1 0 0 1 1,girl,4,2.0661863712425409e-29,2.0661863712425409e-29,reported_by_STS_full_precision,fail,0.01,STS SUCCESS and p >= 0.01,6
encrypted,NonOverlappingTemplate,m=9 template=0 1 0 1 1 0 0 1 1,lena,5,7.4874521718261964e-27,7.4874521718261964e-27,reported_by_STS_full_precision,fail,0.01,STS SUCCESS and p >= 0.01,6
encrypted,NonOverlappingTemplate,m=9 template=0 1 0 1 1 0 0 1 1,peppers,6,2.6923669914613345e-40,2.6923669914613345e-40,reported_by_STS_full_precision,fail,0.01,STS SUCCESS and p >= 0.01,6
encrypted,NonOverlappingTemplate,m=9 template=0 1 0 1 1 0 1 1 1,airplane,1,1.2979246831906777e-55,1.2979246831906777e-55,reported_by_STS_full_precision,fail,0.01,STS SUCCESS and p >= 0.01,6
encrypted,NonOverlappingTemplate,m=9 template=0 1 0 1 1 0 1 1 1,baboon,2,1.5443878445859234e-41,1.5443878445859234e-41,reported_by_STS_full_precision,fail,0.01,STS SUCCESS and p >= 0.01,6
encrypted,NonOverlappingTemplate,m=9 template=0 1 0 1 1 0 1 1 1,couple,3,2.8341905223973202e-253,2.8341905223973202e-253,reported_by_STS_full_precision,fail,0.01,STS SUCCESS and p >= 0.01,6
encrypted,NonOverlappingTemplate,m=9 template=0 1 0 1 1 0 1 1 1,girl,4,2.8565132427478187e-164,2.8565132427478187e-164,reported_by_STS_full_precision,fail,0.01,STS SUCCESS and p >= 0.01,6
encrypted,NonOverlappingTemplate,m=9 template=0 1 0 1 1 0 1 1 1,lena,5,1.1017838141942943e-20,1.1017838141942943e-20,reported_by_STS_full_precision,fail,0.01,STS SUCCESS and p >= 0.01,6
encrypted,NonOverlappingTemplate,m=9 template=0 1 0 1 1 0 1 1 1,peppers,6,4.9207164358334029e-05,4.9207164358334029e-05,reported_by_STS_full_precision,fail,0.01,STS SUCCESS and p >= 0.01,6
encrypted,NonOverlappingTemplate,m=9 template=0 1 0 1 1 1 0 1 1,airplane,1,4.6173219419307818e-67,4.6173219419307818e-67,reported_by_STS_full_precision,fail,0.01,STS SUCCESS and p >= 0.01,6
encrypted,NonOverlappingTemplate,m=9 template=0 1 0 1 1 1 0 1 1,baboon,2,5.2690358571750704e-45,5.2690358571750704e-45,reported_by_STS_full_precision,fail,0.01,STS SUCCESS and p >= 0.01,6
encrypted,NonOverlappingTemplate,m=9 template=0 1 0 1 1 1 0 1 1,couple,3,6.8207742058359978e-247,6.8207742058359978e-247,reported_by_STS_full_precision,fail,0.01,STS SUCCESS and p >= 0.01,6
encrypted,NonOverlappingTemplate,m=9 template=0 1 0 1 1 1 0 1 1,girl,4,2.8103313782649099e-159,2.8103313782649099e-159,reported_by_STS_full_precision,fail,0.01,STS SUCCESS and p >= 0.01,6
encrypted,NonOverlappingTemplate,m=9 template=0 1 0 1 1 1 0 1 1,lena,5,2.9996126001053997e-29,2.9996126001053997e-29,reported_by_STS_full_precision,fail,0.01,STS SUCCESS and p >= 0.01,6
encrypted,NonOverlappingTemplate,m=9 template=0 1 0 1 1 1 0 1 1,peppers,6,2.3934771676234289e-09,2.3934771676234289e-09,reported_by_STS_full_precision,fail,0.01,STS SUCCESS and p >= 0.01,6
encrypted,NonOverlappingTemplate,m=9 template=0 1 0 1 1 1 1 1 1,airplane,1,2.9856259365408371e-22,2.9856259365408371e-22,reported_by_STS_full_precision,fail,0.01,STS SUCCESS and p >= 0.01,6
encrypted,NonOverlappingTemplate,m=9 template=0 1 0 1 1 1 1 1 1,baboon,2,6.128595074639968e-151,6.128595074639968e-151,reported_by_STS_full_precision,fail,0.01,STS SUCCESS and p >= 0.01,6
encrypted,NonOverlappingTemplate,m=9 template=0 1 0 1 1 1 1 1 1,couple,3,<1e-300,0,double_underflow_lt_1e-300,fail,0.01,STS SUCCESS and p >= 0.01,6
encrypted,NonOverlappingTemplate,m=9 template=0 1 0 1 1 1 1 1 1,girl,4,2.7456701492970696e-280,2.7456701492970696e-280,reported_by_STS_full_precision,fail,0.01,STS SUCCESS and p >= 0.01,6
encrypted,NonOverlappingTemplate,m=9 template=0 1 0 1 1 1 1 1 1,lena,5,9.4776898089073352e-29,9.4776898089073352e-29,reported_by_STS_full_precision,fail,0.01,STS SUCCESS and p >= 0.01,6
encrypted,NonOverlappingTemplate,m=9 template=0 1 0 1 1 1 1 1 1,peppers,6,8.6086655364253593e-26,8.6086655364253593e-26,reported_by_STS_full_precision,fail,0.01,STS SUCCESS and p >= 0.01,6
encrypted,NonOverlappingTemplate,m=9 template=0 1 1 0 0 0 1 1 1,airplane,1,8.8596905902363696e-06,8.8596905902363696e-06,reported_by_STS_full_precision,fail,0.01,STS SUCCESS and p >= 0.01,6
encrypted,NonOverlappingTemplate,m=9 template=0 1 1 0 0 0 1 1 1,baboon,2,9.8119888471122573e-09,9.8119888471122573e-09,reported_by_STS_full_precision,fail,0.01,STS SUCCESS and p >= 0.01,6
encrypted,NonOverlappingTemplate,m=9 template=0 1 1 0 0 0 1 1 1,couple,3,1.7343055723662724e-23,1.7343055723662724e-23,reported_by_STS_full_precision,fail,0.01,STS SUCCESS and p >= 0.01,6
encrypted,NonOverlappingTemplate,m=9 template=0 1 1 0 0 0 1 1 1,girl,4,4.1452821729779607e-07,4.1452821729779607e-07,reported_by_STS_full_precision,fail,0.01,STS SUCCESS and p >= 0.01,6
encrypted,NonOverlappingTemplate,m=9 template=0 1 1 0 0 0 1 1 1,lena,5,0.74987258646526112,0.74987258646526112,reported_by_STS_full_precision,pass,0.01,STS SUCCESS and p >= 0.01,6
encrypted,NonOverlappingTemplate,m=9 template=0 1 1 0 0 0 1 1 1,peppers,6,1.7191292881662443e-05,1.7191292881662443e-05,reported_by_STS_full_precision,fail,0.01,STS SUCCESS and p >= 0.01,6
encrypted,NonOverlappingTemplate,m=9 template=0 1 1 0 0 1 1 1 1,airplane,1,1.1945023489010617e-20,1.1945023489010617e-20,reported_by_STS_full_precision,fail,0.01,STS SUCCESS and p >= 0.01,6
encrypted,NonOverlappingTemplate,m=9 template=0 1 1 0 0 1 1 1 1,baboon,2,7.2554852310311131e-27,7.2554852310311131e-27,reported_by_STS_full_precision,fail,0.01,STS SUCCESS and p >= 0.01,6
encrypted,NonOverlappingTemplate,m=9 template=0 1 1 0 0 1 1 1 1,couple,3,1.6203668668726811e-159,1.6203668668726811e-159,reported_by_STS_full_precision,fail,0.01,STS SUCCESS and p >= 0.01,6
encrypted,NonOverlappingTemplate,m=9 template=0 1 1 0 0 1 1 1 1,girl,4,1.4994295657218988e-80,1.4994295657218988e-80,reported_by_STS_full_precision,fail,0.01,STS SUCCESS and p >= 0.01,6
encrypted,NonOverlappingTemplate,m=9 template=0 1 1 0 0 1 1 1 1,lena,5,0.10556998443740009,0.10556998443740009,reported_by_STS_full_precision,pass,0.01,STS SUCCESS and p >= 0.01,6
encrypted,NonOverlappingTemplate,m=9 template=0 1 1 0 0 1 1 1 1,peppers,6,0.037692254974833923,0.037692254974833923,reported_by_STS_full_precision,pass,0.01,STS SUCCESS and p >= 0.01,6
encrypted,NonOverlappingTemplate,m=9 template=0 1 1 0 1 0 1 1 1,airplane,1,6.8397800835781748e-169,6.8397800835781748e-169,reported_by_STS_full_precision,fail,0.01,STS SUCCESS and p >= 0.01,6
encrypted,NonOverlappingTemplate,m=9 template=0 1 1 0 1 0 1 1 1,baboon,2,1.1078767048839506e-34,1.1078767048839506e-34,reported_by_STS_full_precision,fail,0.01,STS SUCCESS and p >= 0.01,6
encrypted,NonOverlappingTemplate,m=9 template=0 1 1 0 1 0 1 1 1,couple,3,3.7556566979604042e-228,3.7556566979604042e-228,reported_by_STS_full_precision,fail,0.01,STS SUCCESS and p >= 0.01,6
encrypted,NonOverlappingTemplate,m=9 template=0 1 1 0 1 0 1 1 1,girl,4,1.1986341248769032e-144,1.1986341248769032e-144,reported_by_STS_full_precision,fail,0.01,STS SUCCESS and p >= 0.01,6
encrypted,NonOverlappingTemplate,m=9 template=0 1 1 0 1 0 1 1 1,lena,5,1.2255051892755423e-36,1.2255051892755423e-36,reported_by_STS_full_precision,fail,0.01,STS SUCCESS and p >= 0.01,6
encrypted,NonOverlappingTemplate,m=9 template=0 1 1 0 1 0 1 1 1,peppers,6,5.6753233738036772e-07,5.6753233738036772e-07,reported_by_STS_full_precision,fail,0.01,STS SUCCESS and p >= 0.01,6
encrypted,NonOverlappingTemplate,m=9 template=0 1 1 0 1 1 1 1 1,airplane,1,2.4800175554320417e-10,2.4800175554320417e-10,reported_by_STS_full_precision,fail,0.01,STS SUCCESS and p >= 0.01,6
encrypted,NonOverlappingTemplate,m=9 template=0 1 1 0 1 1 1 1 1,baboon,2,2.9484490810977284e-141,2.9484490810977284e-141,reported_by_STS_full_precision,fail,0.01,STS SUCCESS and p >= 0.01,6
encrypted,NonOverlappingTemplate,m=9 template=0 1 1 0 1 1 1 1 1,couple,3,<1e-300,0,double_underflow_lt_1e-300,fail,0.01,STS SUCCESS and p >= 0.01,6
encrypted,NonOverlappingTemplate,m=9 template=0 1 1 0 1 1 1 1 1,girl,4,4.3977388263776417e-247,4.3977388263776417e-247,reported_by_STS_full_precision,fail,0.01,STS SUCCESS and p >= 0.01,6
encrypted,NonOverlappingTemplate,m=9 template=0 1 1 0 1 1 1 1 1,lena,5,2.8710541793358088e-08,2.8710541793358088e-08,reported_by_STS_full_precision,fail,0.01,STS SUCCESS and p >= 0.01,6
encrypted,NonOverlappingTemplate,m=9 template=0 1 1 0 1 1 1 1 1,peppers,6,1.0903572497533725e-38,1.0903572497533725e-38,reported_by_STS_full_precision,fail,0.01,STS SUCCESS and p >= 0.01,6
encrypted,NonOverlappingTemplate,m=9 template=0 1 1 1 0 1 1 1 1,airplane,1,4.6291566146346265e-45,4.6291566146346265e-45,reported_by_STS_full_precision,fail,0.01,STS SUCCESS and p >= 0.01,6
encrypted,NonOverlappingTemplate,m=9 template=0 1 1 1 0 1 1 1 1,baboon,2,1.2665977008341571e-123,1.2665977008341571e-123,reported_by_STS_full_precision,fail,0.01,STS SUCCESS and p >= 0.01,6
encrypted,NonOverlappingTemplate,m=9 template=0 1 1 1 0 1 1 1 1,couple,3,<1e-300,0,double_underflow_lt_1e-300,fail,0.01,STS SUCCESS and p >= 0.01,6
encrypted,NonOverlappingTemplate,m=9 template=0 1 1 1 0 1 1 1 1,girl,4,3.4572990552929311e-227,3.4572990552929311e-227,reported_by_STS_full_precision,fail,0.01,STS SUCCESS and p >= 0.01,6
encrypted,NonOverlappingTemplate,m=9 template=0 1 1 1 0 1 1 1 1,lena,5,6.436251976681151e-08,6.436251976681151e-08,reported_by_STS_full_precision,fail,0.01,STS SUCCESS and p >= 0.01,6
encrypted,NonOverlappingTemplate,m=9 template=0 1 1 1 0 1 1 1 1,peppers,6,9.075793228738236e-53,9.075793228738236e-53,reported_by_STS_full_precision,fail,0.01,STS SUCCESS and p >= 0.01,6
encrypted,NonOverlappingTemplate,m=9 template=0 1 1 1 1 1 1 1 1,airplane,1,7.1709079001793481e-25,7.1709079001793481e-25,reported_by_STS_full_precision,fail,0.01,STS SUCCESS and p >= 0.01,6
encrypted,NonOverlappingTemplate,m=9 template=0 1 1 1 1 1 1 1 1,baboon,2,9.7092939653818667e-272,9.7092939653818667e-272,reported_by_STS_full_precision,fail,0.01,STS SUCCESS and p >= 0.01,6
encrypted,NonOverlappingTemplate,m=9 template=0 1 1 1 1 1 1 1 1,couple,3,<1e-300,0,double_underflow_lt_1e-300,fail,0.01,STS SUCCESS and p >= 0.01,6
encrypted,NonOverlappingTemplate,m=9 template=0 1 1 1 1 1 1 1 1,girl,4,<1e-300,0,double_underflow_lt_1e-300,fail,0.01,STS SUCCESS and p >= 0.01,6
encrypted,NonOverlappingTemplate,m=9 template=0 1 1 1 1 1 1 1 1,lena,5,3.8515569487555118e-147,3.8515569487555118e-147,reported_by_STS_full_precision,fail,0.01,STS SUCCESS and p >= 0.01,6
encrypted,NonOverlappingTemplate,m=9 template=0 1 1 1 1 1 1 1 1,peppers,6,7.2278516960602461e-230,7.2278516960602461e-230,reported_by_STS_full_precision,fail,0.01,STS SUCCESS and p >= 0.01,6
encrypted,NonOverlappingTemplate,m=9 template=1 0 0 0 0 0 0 0 0,airplane,1,2.233787855469396e-22,2.233787855469396e-22,reported_by_STS_full_precision,fail,0.01,STS SUCCESS and p >= 0.01,6
encrypted,NonOverlappingTemplate,m=9 template=1 0 0 0 0 0 0 0 0,baboon,2,3.9355700335981239e-54,3.9355700335981239e-54,reported_by_STS_full_precision,fail,0.01,STS SUCCESS and p >= 0.01,6
encrypted,NonOverlappingTemplate,m=9 template=1 0 0 0 0 0 0 0 0,couple,3,<1e-300,0,double_underflow_lt_1e-300,fail,0.01,STS SUCCESS and p >= 0.01,6
encrypted,NonOverlappingTemplate,m=9 template=1 0 0 0 0 0 0 0 0,girl,4,<1e-300,0,double_underflow_lt_1e-300,fail,0.01,STS SUCCESS and p >= 0.01,6
encrypted,NonOverlappingTemplate,m=9 template=1 0 0 0 0 0 0 0 0,lena,5,0.00046022767249134219,0.00046022767249134219,reported_by_STS_full_precision,fail,0.01,STS SUCCESS and p >= 0.01,6
encrypted,NonOverlappingTemplate,m=9 template=1 0 0 0 0 0 0 0 0,peppers,6,<1e-300,0,double_underflow_lt_1e-300,fail,0.01,STS SUCCESS and p >= 0.01,6
encrypted,NonOverlappingTemplate,m=9 template=1 0 0 0 1 0 0 0 0,airplane,1,<1e-300,0,double_underflow_lt_1e-300,fail,0.01,STS SUCCESS and p >= 0.01,6
encrypted,NonOverlappingTemplate,m=9 template=1 0 0 0 1 0 0 0 0,baboon,2,2.0856724686825358e-08,2.0856724686825358e-08,reported_by_STS_full_precision,fail,0.01,STS SUCCESS and p >= 0.01,6
encrypted,NonOverlappingTemplate,m=9 template=1 0 0 0 1 0 0 0 0,couple,3,<1e-300,0,double_underflow_lt_1e-300,fail,0.01,STS SUCCESS and p >= 0.01,6
encrypted,NonOverlappingTemplate,m=9 template=1 0 0 0 1 0 0 0 0,girl,4,1.0512940682356458e-202,1.0512940682356458e-202,reported_by_STS_full_precision,fail,0.01,STS SUCCESS and p >= 0.01,6
encrypted,NonOverlappingTemplate,m=9 template=1 0 0 0 1 0 0 0 0,lena,5,1.6942523079895604e-69,1.6942523079895604e-69,reported_by_STS_full_precision,fail,0.01,STS SUCCESS and p >= 0.01,6
encrypted,NonOverlappingTemplate,m=9 template=1 0 0 0 1 0 0 0 0,peppers,6,1.6897944020705114e-07,1.6897944020705114e-07,reported_by_STS_full_precision,fail,0.01,STS SUCCESS and p >= 0.01,6
encrypted,NonOverlappingTemplate,m=9 template=1 0 0 1 0 0 0 0 0,airplane,1,6.0667845080433531e-283,6.0667845080433531e-283,reported_by_STS_full_precision,fail,0.01,STS SUCCESS and p >= 0.01,6
encrypted,NonOverlappingTemplate,m=9 template=1 0 0 1 0 0 0 0 0,baboon,2,3.1387585223403447e-12,3.1387585223403447e-12,reported_by_STS_full_precision,fail,0.01,STS SUCCESS and p >= 0.01,6
encrypted,NonOverlappingTemplate,m=9 template=1 0 0 1 0 0 0 0 0,couple,3,2.4099473191929846e-249,2.4099473191929846e-249,reported_by_STS_full_precision,fail,0.01,STS SUCCESS and p >= 0.01,6
encrypted,NonOverlappingTemplate,m=9 template=1 0 0 1 0 0 0 0 0,girl,4,2.839283624404424e-114,2.839283624404424e-114,reported_by_STS_full_precision,fail,0.01,STS SUCCESS and p >= 0.01,6
encrypted,NonOverlappingTemplate,m=9 template=1 0 0 1 0 0 0 0 0,lena,5,2.6912919983777919e-49,2.6912919983777919e-49,reported_by_STS_full_precision,fail,0.01,STS SUCCESS and p >= 0.01,6
encrypted,NonOverlappingTemplate,m=9 template=1 0 0 1 0 0 0 0 0,peppers,6,5.2935089006323538e-09,5.2935089006323538e-09,reported_by_STS_full_precision,fail,0.01,STS SUCCESS and p >= 0.01,6
encrypted,NonOverlappingTemplate,m=9 template=1 0 0 1 0 1 0 0 0,airplane,1,4.6523088945220058e-273,4.6523088945220058e-273,reported_by_STS_full_precision,fail,0.01,STS SUCCESS and p >= 0.01,6
encrypted,NonOverlappingTemplate,m=9 template=1 0 0 1 0 1 0 0 0,baboon,2,5.7090902140262011e-62,5.7090902140262011e-62,reported_by_STS_full_precision,fail,0.01,STS SUCCESS and p >= 0.01,6
encrypted,NonOverlappingTemplate,m=9 template=1 0 0 1 0 1 0 0 0,couple,3,4.4325560343021629e-33,4.4325560343021629e-33,reported_by_STS_full_precision,fail,0.01,STS SUCCESS and p >= 0.01,6
encrypted,NonOverlappingTemplate,m=9 template=1 0 0 1 0 1 0 0 0,girl,4,1.5787792784754966e-74,1.5787792784754966e-74,reported_by_STS_full_precision,fail,0.01,STS SUCCESS and p >= 0.01,6
encrypted,NonOverlappingTemplate,m=9 template=1 0 0 1 0 1 0 0 0,lena,5,9.362505854862126e-15,9.362505854862126e-15,reported_by_STS_full_precision,fail,0.01,STS SUCCESS and p >= 0.01,6
encrypted,NonOverlappingTemplate,m=9 template=1 0 0 1 0 1 0 0 0,peppers,6,1.6048834181133312e-06,1.6048834181133312e-06,reported_by_STS_full_precision,fail,0.01,STS SUCCESS and p >= 0.01,6
encrypted,NonOverlappingTemplate,m=9 template=1 0 0 1 1 0 0 0 0,airplane,1,1.4187117080396529e-22,1.4187117080396529e-22,reported_by_STS_full_precision,fail,0.01,STS SUCCESS and p >= 0.01,6
encrypted,NonOverlappingTemplate,m=9 template=1 0 0 1 1 0 0 0 0,baboon,2,2.7306362729886796e-05,2.7306362729886796e-05,reported_by_STS_full_precision,fail,0.01,STS SUCCESS and p >= 0.01,6
encrypted,NonOverlappingTemplate,m=9 template=1 0 0 1 1 0 0 0 0,couple,3,1.4447084820883055e-20,1.4447084820883055e-20,reported_by_STS_full_precision,fail,0.01,STS SUCCESS and p >= 0.01,6
encrypted,NonOverlappingTemplate,m=9 template=1 0 0 1 1 0 0 0 0,girl,4,1.5903099192016215e-39,1.5903099192016215e-39,reported_by_STS_full_precision,fail,0.01,STS SUCCESS and p >= 0.01,6
encrypted,NonOverlappingTemplate,m=9 template=1 0 0 1 1 0 0 0 0,lena,5,2.3855958390550332e-13,2.3855958390550332e-13,reported_by_STS_full_precision,fail,0.01,STS SUCCESS and p >= 0.01,6
encrypted,NonOverlappingTemplate,m=9 template=1 0 0 1 1 0 0 0 0,peppers,6,1.1164144495681545e-09,1.1164144495681545e-09,reported_by_STS_full_precision,fail,0.01,STS SUCCESS and p >= 0.01,6
encrypted,NonOverlappingTemplate,m=9 template=1 0 0 1 1 1 0 0 0,airplane,1,0.0091957899106262751,0.0091957899106262751,reported_by_STS_full_precision,fail,0.01,STS SUCCESS and p >= 0.01,6
encrypted,NonOverlappingTemplate,m=9 template=1 0 0 1 1 1 0 0 0,baboon,2,0.082916249528422234,0.082916249528422234,reported_by_STS_full_precision,pass,0.01,STS SUCCESS and p >= 0.01,6
encrypted,NonOverlappingTemplate,m=9 template=1 0 0 1 1 1 0 0 0,couple,3,6.2232220469492868e-11,6.2232220469492868e-11,reported_by_STS_full_precision,fail,0.01,STS SUCCESS and p >= 0.01,6
encrypted,NonOverlappingTemplate,m=9 template=1 0 0 1 1 1 0 0 0,girl,4,0.27207411310982282,0.27207411310982282,reported_by_STS_full_precision,pass,0.01,STS SUCCESS and p >= 0.01,6
encrypted,NonOverlappingTemplate,m=9 template=1 0 0 1 1 1 0 0 0,lena,5,0.070650325972576561,0.070650325972576561,reported_by_STS_full_precision,pass,0.01,STS SUCCESS and p >= 0.01,6
encrypted,NonOverlappingTemplate,m=9 template=1 0 0 1 1 1 0 0 0,peppers,6,0.40960210509810474,0.40960210509810474,reported_by_STS_full_precision,pass,0.01,STS SUCCESS and p >= 0.01,6
encrypted,NonOverlappingTemplate,m=9 template=1 0 1 0 0 0 0 0 0,airplane,1,3.924226091678722e-176,3.924226091678722e-176,reported_by_STS_full_precision,fail,0.01,STS SUCCESS and p >= 0.01,6
encrypted,NonOverlappingTemplate,m=9 template=1 0 1 0 0 0 0 0 0,baboon,2,3.5002542631413413e-07,3.5002542631413413e-07,reported_by_STS_full_precision,fail,0.01,STS SUCCESS and p >= 0.01,6
encrypted,NonOverlappingTemplate,m=9 template=1 0 1 0 0 0 0 0 0,couple,3,9.1187015282632447e-154,9.1187015282632447e-154,reported_by_STS_full_precision,fail,0.01,STS SUCCESS and p >= 0.01,6
encrypted,NonOverlappingTemplate,m=9 template=1 0 1 0 0 0 0 0 0,girl,4,7.8755479890905842e-43,7.8755479890905842e-43,reported_by_STS_full_precision,fail,0.01,STS SUCCESS and p >= 0.01,6
encrypted,NonOverlappingTemplate,m=9 template=1 0 1 0 0 0 0 0 0,lena,5,1.4490584318674973e-22,1.4490584318674973e-22,reported_by_STS_full_precision,fail,0.01,STS SUCCESS and p >= 0.01,6
encrypted,NonOverlappingTemplate,m=9 template=1 0 1 0 0 0 0 0 0,peppers,6,9.9795645533798044e-23,9.9795645533798044e-23,reported_by_STS_full_precision,fail,0.01,STS SUCCESS and p >= 0.01,6
encrypted,NonOverlappingTemplate,m=9 template=1 0 1 0 0 0 1 0 0,airplane,1,<1e-300,0,double_underflow_lt_1e-300,fail,0.01,STS SUCCESS and p >= 0.01,6
encrypted,NonOverlappingTemplate,m=9 template=1 0 1 0 0 0 1 0 0,baboon,2,2.3521948503191882e-32,2.3521948503191882e-32,reported_by_STS_full_precision,fail,0.01,STS SUCCESS and p >= 0.01,6
encrypted,NonOverlappingTemplate,m=9 template=1 0 1 0 0 0 1 0 0,couple,3,9.194238514117514e-61,9.194238514117514e-61,reported_by_STS_full_precision,fail,0.01,STS SUCCESS and p >= 0.01,6
encrypted,NonOverlappingTemplate,m=9 template=1 0 1 0 0 0 1 0 0,girl,4,8.8343335563135911e-43,8.8343335563135911e-43,reported_by_STS_full_precision,fail,0.01,STS SUCCESS and p >= 0.01,6
encrypted,NonOverlappingTemplate,m=9 template=1 0 1 0 0 0 1 0 0,lena,5,0.00043548139594015711,0.00043548139594015711,reported_by_STS_full_precision,fail,0.01,STS SUCCESS and p >= 0.01,6
encrypted,NonOverlappingTemplate,m=9 template=1 0 1 0 0 0 1 0 0,peppers,6,0.55819908526158746,0.55819908526158746,reported_by_STS_full_precision,pass,0.01,STS SUCCESS and p >= 0.01,6
encrypted,NonOverlappingTemplate,m=9 template=1 0 1 0 0 1 0 0 0,airplane,1,2.1711037897167219e-309,2.1711037897167219e-309,reported_by_STS_full_precision,fail,0.01,STS SUCCESS and p >= 0.01,6
encrypted,NonOverlappingTemplate,m=9 template=1 0 1 0 0 1 0 0 0,baboon,2,2.9285631490626605e-24,2.9285631490626605e-24,reported_by_STS_full_precision,fail,0.01,STS SUCCESS and p >= 0.01,6
encrypted,NonOverlappingTemplate,m=9 template=1 0 1 0 0 1 0 0 0,couple,3,2.6893515299482241e-10,2.6893515299482241e-10,reported_by_STS_full_precision,fail,0.01,STS SUCCESS and p >= 0.01,6
encrypted,NonOverlappingTemplate,m=9 template=1 0 1 0 0 1 0 0 0,girl,4,4.5691220640118906e-17,4.5691220640118906e-17,reported_by_STS_full_precision,fail,0.01,STS SUCCESS and p >= 0.01,6
encrypted,NonOverlappingTemplate,m=9 template=1 0 1 0 0 1 0 0 0,lena,5,3.4418644310907719e-11,3.4418644310907719e-11,reported_by_STS_full_precision,fail,0.01,STS SUCCESS and p >= 0.01,6
encrypted,NonOverlappingTemplate,m=9 template=1 0 1 0 0 1 0 0 0,peppers,6,0.0043295948246338881,0.0043295948246338881,reported_by_STS_full_precision,fail,0.01,STS SUCCESS and p >= 0.01,6
encrypted,NonOverlappingTemplate,m=9 template=1 0 1 0 0 1 1 0 0,airplane,1,0.043139806416844603,0.043139806416844603,reported_by_STS_full_precision,pass,0.01,STS SUCCESS and p >= 0.01,6
encrypted,NonOverlappingTemplate,m=9 template=1 0 1 0 0 1 1 0 0,baboon,2,2.630729214563099e-34,2.630729214563099e-34,reported_by_STS_full_precision,fail,0.01,STS SUCCESS and p >= 0.01,6
encrypted,NonOverlappingTemplate,m=9 template=1 0 1 0 0 1 1 0 0,couple,3,9.670043015345328e-27,9.670043015345328e-27,reported_by_STS_full_precision,fail,0.01,STS SUCCESS and p >= 0.01,6
encrypted,NonOverlappingTemplate,m=9 template=1 0 1 0 0 1 1 0 0,girl,4,3.0906715944411248e-08,3.0906715944411248e-08,reported_by_STS_full_precision,fail,0.01,STS SUCCESS and p >= 0.01,6
encrypted,NonOverlappingTemplate,m=9 template=1 0 1 0 0 1 1 0 0,lena,5,0.00021650775510594872,0.00021650775510594872,reported_by_STS_full_precision,fail,0.01,STS SUCCESS and p >= 0.01,6
encrypted,NonOverlappingTemplate,m=9 template=1 0 1 0 0 1 1 0 0,peppers,6,9.1478792672747948e-11,9.1478792672747948e-11,reported_by_STS_full_precision,fail,0.01,STS SUCCESS and p >= 0.01,6
encrypted,NonOverlappingTemplate,m=9 template=1 0 1 0 1 0 0 0 0,airplane,1,1.839315882917609e-242,1.839315882917609e-242,reported_by_STS_full_precision,fail,0.01,STS SUCCESS and p >= 0.01,6
encrypted,NonOverlappingTemplate,m=9 template=1 0 1 0 1 0 0 0 0,baboon,2,3.784483481669918e-06,3.784483481669918e-06,reported_by_STS_full_precision,fail,0.01,STS SUCCESS and p >= 0.01,6
encrypted,NonOverlappingTemplate,m=9 template=1 0 1 0 1 0 0 0 0,couple,3,0.017350381321034516,0.017350381321034516,reported_by_STS_full_precision,pass,0.01,STS SUCCESS and p >= 0.01,6
encrypted,NonOverlappingTemplate,m=9 template=1 0 1 0 1 0 0 0 0,girl,4,0.90358145045872451,0.90358145045872451,reported_by_STS_full_precision,pass,0.01,STS SUCCESS and p >= 0.01,6
encrypted,NonOverlappingTemplate,m=9 template=1 0 1 0 1 0 0 0 0,lena,5,7.3989922391620358e-05,7.3989922391620358e-05,reported_by_STS_full_precision,fail,0.01,STS SUCCESS and p >= 0.01,6
encrypted,NonOverlappingTemplate,m=9 template=1 0 1 0 1 0 0 0 0,peppers,6,0.10293209554735344,0.10293209554735344,reported_by_STS_full_precision,pass,0.01,STS SUCCESS and p >= 0.01,6
encrypted,NonOverlappingTemplate,m=9 template=1 0 1 0 1 0 1 0 0,airplane,1,5.2404989358827397e-172,5.2404989358827397e-172,reported_by_STS_full_precision,fail,0.01,STS SUCCESS and p >= 0.01,6
encrypted,NonOverlappingTemplate,m=9 template=1 0 1 0 1 0 1 0 0,baboon,2,3.430857885026314e-56,3.430857885026314e-56,reported_by_STS_full_precision,fail,0.01,STS SUCCESS and p >= 0.01,6
encrypted,NonOverlappingTemplate,m=9 template=1 0 1 0 1 0 1 0 0,couple,3,2.9937458419056351e-30,2.9937458419056351e-30,reported_by_STS_full_precision,fail,0.01,STS SUCCESS and p >= 0.01,6
encrypted,NonOverlappingTemplate,m=9 template=1 0 1 0 1 0 1 0 0,girl,4,1.2665796319087391e-31,1.2665796319087391e-31,reported_by_STS_full_precision,fail,0.01,STS SUCCESS and p >= 0.01,6
encrypted,NonOverlappingTemplate,m=9 template=1 0 1 0 1 0 1 0 0,lena,5,2.4445537879100217e-22,2.4445537879100217e-22,reported_by_STS_full_precision,fail,0.01,STS SUCCESS and p >= 0.01,6
encrypted,NonOverlappingTemplate,m=9 template=1 0 1 0 1 0 1 0 0,peppers,6,0.0089902056672081579,0.0089902056672081579,reported_by_STS_full_precision,fail,0.01,STS SUCCESS and p >= 0.01,6
encrypted,NonOverlappingTemplate,m=9 template=1 0 1 0 1 1 0 0 0,airplane,1,0.00020710467018394908,0.00020710467018394908,reported_by_STS_full_precision,fail,0.01,STS SUCCESS and p >= 0.01,6
encrypted,NonOverlappingTemplate,m=9 template=1 0 1 0 1 1 0 0 0,baboon,2,0.023554206791443488,0.023554206791443488,reported_by_STS_full_precision,pass,0.01,STS SUCCESS and p >= 0.01,6
encrypted,NonOverlappingTemplate,m=9 template=1 0 1 0 1 1 0 0 0,couple,3,5.1130044614799533e-70,5.1130044614799533e-70,reported_by_STS_full_precision,fail,0.01,STS SUCCESS and p >= 0.01,6
encrypted,NonOverlappingTemplate,m=9 template=1 0 1 0 1 1 0 0 0,girl,4,3.8184923487450134e-36,3.8184923487450134e-36,reported_by_STS_full_precision,fail,0.01,STS SUCCESS and p >= 0.01,6
encrypted,NonOverlappingTemplate,m=9 template=1 0 1 0 1 1 0 0 0,lena,5,0.075284032596782749,0.075284032596782749,reported_by_STS_full_precision,pass,0.01,STS SUCCESS and p >= 0.01,6
encrypted,NonOverlappingTemplate,m=9 template=1 0 1 0 1 1 0 0 0,peppers,6,0.0010778557704396771,0.0010778557704396771,reported_by_STS_full_precision,fail,0.01,STS SUCCESS and p >= 0.01,6
encrypted,NonOverlappingTemplate,m=9 template=1 0 1 0 1 1 1 0 0,airplane,1,6.5646956904332707e-50,6.5646956904332707e-50,reported_by_STS_full_precision,fail,0.01,STS SUCCESS and p >= 0.01,6
encrypted,NonOverlappingTemplate,m=9 template=1 0 1 0 1 1 1 0 0,baboon,2,1.2622160873953094e-06,1.2622160873953094e-06,reported_by_STS_full_precision,fail,0.01,STS SUCCESS and p >= 0.01,6
encrypted,NonOverlappingTemplate,m=9 template=1 0 1 0 1 1 1 0 0,couple,3,5.7123783367114097e-172,5.7123783367114097e-172,reported_by_STS_full_precision,fail,0.01,STS SUCCESS and p >= 0.01,6
encrypted,NonOverlappingTemplate,m=9 template=1 0 1 0 1 1 1 0 0,girl,4,6.3416526989523016e-114,6.3416526989523016e-114,reported_by_STS_full_precision,fail,0.01,STS SUCCESS and p >= 0.01,6
encrypted,NonOverlappingTemplate,m=9 template=1 0 1 0 1 1 1 0 0,lena,5,1.0461418679789884e-12,1.0461418679789884e-12,reported_by_STS_full_precision,fail,0.01,STS SUCCESS and p >= 0.01,6
encrypted,NonOverlappingTemplate,m=9 template=1 0 1 0 1 1 1 0 0,peppers,6,1.959248022937468e-05,1.959248022937468e-05,reported_by_STS_full_precision,fail,0.01,STS SUCCESS and p >= 0.01,6
encrypted,NonOverlappingTemplate,m=9 template=1 0 1 1 0 0 0 0 0,airplane,1,4.8621582665298702e-11,4.8621582665298702e-11,reported_by_STS_full_precision,fail,0.01,STS SUCCESS and p >= 0.01,6
encrypted,NonOverlappingTemplate,m=9 template=1 0 1 1 0 0 0 0 0,baboon,2,1.1487445235282132e-08,1.1487445235282132e-08,reported_by_STS_full_precision,fail,0.01,STS SUCCESS and p >= 0.01,6
encrypted,NonOverlappingTemplate,m=9 template=1 0 1 1 0 0 0 0 0,couple,3,0.014574048757759949,0.014574048757759949,reported_by_STS_full_precision,pass,0.01,STS SUCCESS and p >= 0.01,6
encrypted,NonOverlappingTemplate,m=9 template=1 0 1 1 0 0 0 0 0,girl,4,1.8370373226592828e-23,1.8370373226592828e-23,reported_by_STS_full_precision,fail,0.01,STS SUCCESS and p >= 0.01,6
encrypted,NonOverlappingTemplate,m=9 template=1 0 1 1 0 0 0 0 0,lena,5,1.2296918309302654e-06,1.2296918309302654e-06,reported_by_STS_full_precision,fail,0.01,STS SUCCESS and p >= 0.01,6
encrypted,NonOverlappingTemplate,m=9 template=1 0 1 1 0 0 0 0 0,peppers,6,0.001348162474094366,0.001348162474094366,reported_by_STS_full_precision,fail,0.01,STS SUCCESS and p >= 0.01,6
encrypted,NonOverlappingTemplate,m=9 template=1 0 1 1 0 0 1 0 0,airplane,1,0.022701928222230744,0.022701928222230744,reported_by_STS_full_precision,pass,0.01,STS SUCCESS and p >= 0.01,6
encrypted,NonOverlappingTemplate,m=9 template=1 0 1 1 0 0 1 0 0,baboon,2,0.00027100160895777184,0.00027100160895777184,reported_by_STS_full_precision,fail,0.01,STS SUCCESS and p >= 0.01,6
encrypted,NonOverlappingTemplate,m=9 template=1 0 1 1 0 0 1 0 0,couple,3,1.1838705009519158e-19,1.1838705009519158e-19,reported_by_STS_full_precision,fail,0.01,STS SUCCESS and p >= 0.01,6
encrypted,NonOverlappingTemplate,m=9 template=1 0 1 1 0 0 1 0 0,girl,4,0.003453301691921859,0.003453301691921859,reported_by_STS_full_precision,fail,0.01,STS SUCCESS and p >= 0.01,6
encrypted,NonOverlappingTemplate,m=9 template=1 0 1 1 0 0 1 0 0,lena,5,0.33871134351763105,0.33871134351763105,reported_by_STS_full_precision,pass,0.01,STS SUCCESS and p >= 0.01,6
encrypted,NonOverlappingTemplate,m=9 template=1 0 1 1 0 0 1 0 0,peppers,6,6.1051386692915836e-21,6.1051386692915836e-21,reported_by_STS_full_precision,fail,0.01,STS SUCCESS and p >= 0.01,6
encrypted,NonOverlappingTemplate,m=9 template=1 0 1 1 0 1 0 0 0,airplane,1,0.15898348207089935,0.15898348207089935,reported_by_STS_full_precision,pass,0.01,STS SUCCESS and p >= 0.01,6
encrypted,NonOverlappingTemplate,m=9 template=1 0 1 1 0 1 0 0 0,baboon,2,0.4002513540873493,0.4002513540873493,reported_by_STS_full_precision,pass,0.01,STS SUCCESS and p >= 0.01,6
encrypted,NonOverlappingTemplate,m=9 template=1 0 1 1 0 1 0 0 0,couple,3,5.5118874492957457e-60,5.5118874492957457e-60,reported_by_STS_full_precision,fail,0.01,STS SUCCESS and p >= 0.01,6
encrypted,NonOverlappingTemplate,m=9 template=1 0 1 1 0 1 0 0 0,girl,4,4.0817660264776282e-29,4.0817660264776282e-29,reported_by_STS_full_precision,fail,0.01,STS SUCCESS and p >= 0.01,6
encrypted,NonOverlappingTemplate,m=9 template=1 0 1 1 0 1 0 0 0,lena,5,0.44699268274540382,0.44699268274540382,reported_by_STS_full_precision,pass,0.01,STS SUCCESS and p >= 0.01,6
encrypted,NonOverlappingTemplate,m=9 template=1 0 1 1 0 1 0 0 0,peppers,6,0.010683120383255635,0.010683120383255635,reported_by_STS_full_precision,pass,0.01,STS SUCCESS and p >= 0.01,6
encrypted,NonOverlappingTemplate,m=9 template=1 0 1 1 0 1 1 0 0,airplane,1,2.2278425097739004e-217,2.2278425097739004e-217,reported_by_STS_full_precision,fail,0.01,STS SUCCESS and p >= 0.01,6
encrypted,NonOverlappingTemplate,m=9 template=1 0 1 1 0 1 1 0 0,baboon,2,9.5867885224950305e-07,9.5867885224950305e-07,reported_by_STS_full_precision,fail,0.01,STS SUCCESS and p >= 0.01,6
encrypted,NonOverlappingTemplate,m=9 template=1 0 1 1 0 1 1 0 0,couple,3,6.1887000563976576e-197,6.1887000563976576e-197,reported_by_STS_full_precision,fail,0.01,STS SUCCESS and p >= 0.01,6
encrypted,NonOverlappingTemplate,m=9 template=1 0 1 1 0 1 1 0 0,girl,4,1.4712924373464554e-106,1.4712924373464554e-106,reported_by_STS_full_precision,fail,0.01,STS SUCCESS and p >= 0.01,6
encrypted,NonOverlappingTemplate,m=9 template=1 0 1 1 0 1 1 0 0,lena,5,8.0365074359332199e-17,8.0365074359332199e-17,reported_by_STS_full_precision,fail,0.01,STS SUCCESS and p >= 0.01,6
encrypted,NonOverlappingTemplate,m=9 template=1 0 1 1 0 1 1 0 0,peppers,6,1.5054474366082458e-05,1.5054474366082458e-05,reported_by_STS_full_precision,fail,0.01,STS SUCCESS and p >= 0.01,6
encrypted,NonOverlappingTemplate,m=9 template=1 0 1 1 1 0 0 0 0,airplane,1,0.035612587820325801,0.035612587820325801,reported_by_STS_full_precision,pass,0.01,STS SUCCESS and p >= 0.01,6
encrypted,NonOverlappingTemplate,m=9 template=1 0 1 1 1 0 0 0 0,baboon,2,2.944271653695783e-33,2.944271653695783e-33,reported_by_STS_full_precision,fail,0.01,STS SUCCESS and p >= 0.01,6
encrypted,NonOverlappingTemplate,m=9 template=1 0 1 1 1 0 0 0 0,couple,3,1.847032840575153e-47,1.847032840575153e-47,reported_by_STS_full_precision,fail,0.01,STS SUCCESS and p >= 0.01,6
encrypted,NonOverlappingTemplate,m=9 template=1 0 1 1 1 0 0 0 0,girl,4,6.0073031575537043e-67,6.0073031575537043e-67,reported_by_STS_full_precision,fail,0.01,STS SUCCESS and p >= 0.01,6
encrypted,NonOverlappingTemplate,m=9 template=1 0 1 1 1 0 0 0 0,lena,5,0.051007520530005318,0.051007520530005318,reported_by_STS_full_precision,pass,0.01,STS SUCCESS and p >= 0.01,6
encrypted,NonOverlappingTemplate,m=9 template=1 0 1 1 1 0 0 0 0,peppers,6,0.12398732972444783,0.12398732972444783,reported_by_STS_full_precision,pass,0.01,STS SUCCESS and p >= 0.01,6
encrypted,NonOverlappingTemplate,m=9 template=1 0 1 1 1 0 1 0 0,airplane,1,0.62000318848405778,0.62000318848405778,reported_by_STS_full_precision,pass,0.01,STS SUCCESS and p >= 0.01,6
encrypted,NonOverlappingTemplate,m=9 template=1 0 1 1 1 0 1 0 0,baboon,2,5.9530149051057668e-09,5.9530149051057668e-09,reported_by_STS_full_precision,fail,0.01,STS SUCCESS and p >= 0.01,6
encrypted,NonOverlappingTemplate,m=9 template=1 0 1 1 1 0 1 0 0,couple,3,1.818166196399815e-132,1.818166196399815e-132,reported_by_STS_full_precision,fail,0.01,STS SUCCESS and p >= 0.01,6
encrypted,NonOverlappingTemplate,m=9 template=1 0 1 1 1 0 1 0 0,girl,4,1.1477442110382016e-93,1.1477442110382016e-93,reported_by_STS_full_precision,fail,0.01,STS SUCCESS and p >= 0.01,6
encrypted,NonOverlappingTemplate,m=9 template=1 0 1 1 1 0 1 0 0,lena,5,7.3034962841735165e-06,7.3034962841735165e-06,reported_by_STS_full_precision,fail,0.01,STS SUCCESS and p >= 0.01,6
encrypted,NonOverlappingTemplate,m=9 template=1 0 1 1 1 0 1 0 0,peppers,6,0.022232785207709757,0.022232785207709757,reported_by_STS_full_precision,pass,0.01,STS SUCCESS and p >= 0.01,6
encrypted,NonOverlappingTemplate,m=9 template=1 0 1 1 1 1 0 0 0,airplane,1,0.00013487069612467403,0.00013487069612467403,reported_by_STS_full_precision,fail,0.01,STS SUCCESS and p >= 0.01,6
encrypted,NonOverlappingTemplate,m=9 template=1 0 1 1 1 1 0 0 0,baboon,2,6.041131818325789e-57,6.041131818325789e-57,reported_by_STS_full_precision,fail,0.01,STS SUCCESS and p >= 0.01,6
encrypted,NonOverlappingTemplate,m=9 template=1 0 1 1 1 1 0 0 0,couple,3,2.9752342265399008e-174,2.9752342265399008e-174,reported_by_STS_full_precision,fail,0.01,STS SUCCESS and p >= 0.01,6
encrypted,NonOverlappingTemplate,m=9 template=1 0 1 1 1 1 0 0 0,girl,4,5.487480403458101e-117,5.487480403458101e-117,reported_by_STS_full_precision,fail,0.01,STS SUCCESS and p >= 0.01,6
encrypted,NonOverlappingTemplate,m=9 template=1 0 1 1 1 1 0 0 0,lena,5,4.6891026519916868e-06,4.6891026519916868e-06,reported_by_STS_full_precision,fail,0.01,STS SUCCESS and p >= 0.01,6
encrypted,NonOverlappingTemplate,m=9 template=1 0 1 1 1 1 0 0 0,peppers,6,4.5969123934704343e-07,4.5969123934704343e-07,reported_by_STS_full_precision,fail,0.01,STS SUCCESS and p >= 0.01,6
encrypted,NonOverlappingTemplate,m=9 template=1 0 1 1 1 1 1 0 0,airplane,1,0.0073597002607657122,0.0073597002607657122,reported_by_STS_full_precision,fail,0.01,STS SUCCESS and p >= 0.01,6
encrypted,NonOverlappingTemplate,m=9 template=1 0 1 1 1 1 1 0 0,baboon,2,2.9227926039388301e-83,2.9227926039388301e-83,reported_by_STS_full_precision,fail,0.01,STS SUCCESS and p >= 0.01,6
encrypted,NonOverlappingTemplate,m=9 template=1 0 1 1 1 1 1 0 0,couple,3,1.2889300308233174e-273,1.2889300308233174e-273,reported_by_STS_full_precision,fail,0.01,STS SUCCESS and p >= 0.01,6
encrypted,NonOverlappingTemplate,m=9 template=1 0 1 1 1 1 1 0 0,girl,4,2.4876109193514292e-206,2.4876109193514292e-206,reported_by_STS_full_precision,fail,0.01,STS SUCCESS and p >= 0.01,6
encrypted,NonOverlappingTemplate,m=9 template=1 0 1 1 1 1 1 0 0,lena,5,2.3100773849438891e-10,2.3100773849438891e-10,reported_by_STS_full_precision,fail,0.01,STS SUCCESS and p >= 0.01,6
encrypted,NonOverlappingTemplate,m=9 template=1 0 1 1 1 1 1 0 0,peppers,6,2.427147369909509e-31,2.427147369909509e-31,reported_by_STS_full_precision,fail,0.01,STS SUCCESS and p >= 0.01,6
encrypted,NonOverlappingTemplate,m=9 template=1 1 0 0 0 0 0 0 0,airplane,1,6.8089096976685828e-72,6.8089096976685828e-72,reported_by_STS_full_precision,fail,0.01,STS SUCCESS and p >= 0.01,6
encrypted,NonOverlappingTemplate,m=9 template=1 1 0 0 0 0 0 0 0,baboon,2,1.8939862722610213e-16,1.8939862722610213e-16,reported_by_STS_full_precision,fail,0.01,STS SUCCESS and p >= 0.01,6
encrypted,NonOverlappingTemplate,m=9 template=1 1 0 0 0 0 0 0 0,couple,3,2.2464975628808319e-141,2.2464975628808319e-141,reported_by_STS_full_precision,fail,0.01,STS SUCCESS and p >= 0.01,6
encrypted,NonOverlappingTemplate,m=9 template=1 1 0 0 0 0 0 0 0,girl,4,9.9624974652909406e-64,9.9624974652909406e-64,reported_by_STS_full_precision,fail,0.01,STS SUCCESS and p >= 0.01,6
encrypted,NonOverlappingTemplate,m=9 template=1 1 0 0 0 0 0 0 0,lena,5,0.40153684588126298,0.40153684588126298,reported_by_STS_full_precision,pass,0.01,STS SUCCESS and p >= 0.01,6
encrypted,NonOverlappingTemplate,m=9 template=1 1 0 0 0 0 0 0 0,peppers,6,6.0307966030006874e-122,6.0307966030006874e-122,reported_by_STS_full_precision,fail,0.01,STS SUCCESS and p >= 0.01,6
encrypted,NonOverlappingTemplate,m=9 template=1 1 0 0 0 0 0 1 0,airplane,1,4.0549551213529001e-292,4.0549551213529001e-292,reported_by_STS_full_precision,fail,0.01,STS SUCCESS and p >= 0.01,6
encrypted,NonOverlappingTemplate,m=9 template=1 1 0 0 0 0 0 1 0,baboon,2,1.4306618888753219e-11,1.4306618888753219e-11,reported_by_STS_full_precision,fail,0.01,STS SUCCESS and p >= 0.01,6
encrypted,NonOverlappingTemplate,m=9 template=1 1 0 0 0 0 0 1 0,couple,3,1.4305861557189697e-77,1.4305861557189697e-77,reported_by_STS_full_precision,fail,0.01,STS SUCCESS and p >= 0.01,6
encrypted,NonOverlappingTemplate,m=9 template=1 1 0 0 0 0 0 1 0,girl,4,1.4889955110500212e-13,1.4889955110500212e-13,reported_by_STS_full_precision,fail,0.01,STS SUCCESS and p >= 0.01,6
encrypted,NonOverlappingTemplate,m=9 template=1 1 0 0 0 0 0 1 0,lena,5,1.9154128355120606e-08,1.9154128355120606e-08,reported_by_STS_full_precision,fail,0.01,STS SUCCESS and p >= 0.01,6
encrypted,NonOverlappingTemplate,m=9 template=1 1 0 0 0 0 0 1 0,peppers,6,0.23995618230063467,0.23995618230063467,reported_by_STS_full_precision,pass,0.01,STS SUCCESS and p >= 0.01,6
encrypted,NonOverlappingTemplate,m=9 template=1 1 0 0 0 0 1 0 0,airplane,1,1.7621403487723731e-301,1.7621403487723731e-301,reported_by_STS_full_precision,fail,0.01,STS SUCCESS and p >= 0.01,6
encrypted,NonOverlappingTemplate,m=9 template=1 1 0 0 0 0 1 0 0,baboon,2,0.0002248728375963196,0.0002248728375963196,reported_by_STS_full_precision,fail,0.01,STS SUCCESS and p >= 0.01,6
encrypted,NonOverlappingTemplate,m=9 template=1 1 0 0 0 0 1 0 0,couple,3,9.9312335330244222e-55,9.9312335330244222e-55,reported_by_STS_full_precision,fail,0.01,STS SUCCESS and p >= 0.01,6
encrypted,NonOverlappingTemplate,m=9 template=1 1 0 0 0 0 1 0 0,girl,4,7.9579158293359319e-15,7.9579158293359319e-15,reported_by_STS_full_precision,fail,0.01,STS SUCCESS and p >= 0.01,6
encrypted,NonOverlappingTemplate,m=9 template=1 1 0 0 0 0 1 0 0,lena,5,6.6872159606008729e-25,6.6872159606008729e-25,reported_by_STS_full_precision,fail,0.01,STS SUCCESS and p >= 0.01,6
encrypted,NonOverlappingTemplate,m=9 template=1 1 0 0 0 0 1 0 0,peppers,6,0.0016067488613253048,0.0016067488613253048,reported_by_STS_full_precision,fail,0.01,STS SUCCESS and p >= 0.01,6
encrypted,NonOverlappingTemplate,m=9 template=1 1 0 0 0 1 0 0 0,airplane,1,5.5552295187221351e-302,5.5552295187221351e-302,reported_by_STS_full_precision,fail,0.01,STS SUCCESS and p >= 0.01,6
encrypted,NonOverlappingTemplate,m=9 template=1 1 0 0 0 1 0 0 0,baboon,2,7.0894130116986083e-06,7.0894130116986083e-06,reported_by_STS_full_precision,fail,0.01,STS SUCCESS and p >= 0.01,6
encrypted,NonOverlappingTemplate,m=9 template=1 1 0 0 0 1 0 0 0,couple,3,3.099350704561899e-30,3.099350704561899e-30,reported_by_STS_full_precision,fail,0.01,STS SUCCESS and p >= 0.01,6
encrypted,NonOverlappingTemplate,m=9 template=1 1 0 0 0 1 0 0 0,girl,4,8.4359118375928459e-26,8.4359118375928459e-26,reported_by_STS_full_precision,fail,0.01,STS SUCCESS and p >= 0.01,6
encrypted,NonOverlappingTemplate,m=9 template=1 1 0 0 0 1 0 0 0,lena,5,2.138573899944576e-16,2.138573899944576e-16,reported_by_STS_full_precision,fail,0.01,STS SUCCESS and p >= 0.01,6
encrypted,NonOverlappingTemplate,m=9 template=1 1 0 0 0 1 0 0 0,peppers,6,0.0026273184717008277,0.0026273184717008277,reported_by_STS_full_precision,fail,0.01,STS SUCCESS and p >= 0.01,6
encrypted,NonOverlappingTemplate,m=9 template=1 1 0 0 0 1 0 1 0,airplane,1,4.1366977411596948e-193,4.1366977411596948e-193,reported_by_STS_full_precision,fail,0.01,STS SUCCESS and p >= 0.01,6
encrypted,NonOverlappingTemplate,m=9 template=1 1 0 0 0 1 0 1 0,baboon,2,3.7240609485683097e-05,3.7240609485683097e-05,reported_by_STS_full_precision,fail,0.01,STS SUCCESS and p >= 0.01,6
encrypted,NonOverlappingTemplate,m=9 template=1 1 0 0 0 1 0 1 0,couple,3,1.8225107167827827e-10,1.8225107167827827e-10,reported_by_STS_full_precision,fail,0.01,STS SUCCESS and p >= 0.01,6
encrypted,NonOverlappingTemplate,m=9 template=1 1 0 0 0 1 0 1 0,girl,4,4.3941065478169913e-10,4.3941065478169913e-10,reported_by_STS_full_precision,fail,0.01,STS SUCCESS and p >= 0.01,6
encrypted,NonOverlappingTemplate,m=9 template=1 1 0 0 0 1 0 1 0,lena,5,9.2734019739081412e-16,9.2734019739081412e-16,reported_by_STS_full_precision,fail,0.01,STS SUCCESS and p >= 0.01,6
encrypted,NonOverlappingTemplate,m=9 template=1 1 0 0 0 1 0 1 0,peppers,6,7.8374294614259664e-27,7.8374294614259664e-27,reported_by_STS_full_precision,fail,0.01,STS SUCCESS and p >= 0.01,6
encrypted,NonOverlappingTemplate,m=9 template=1 1 0 0 1 0 0 0 0,airplane,1,1.2442100018294141e-266,1.2442100018294141e-266,reported_by_STS_full_precision,fail,0.01,STS SUCCESS and p >= 0.01,6
encrypted,NonOverlappingTemplate,m=9 template=1 1 0 0 1 0 0 0 0,baboon,2,9.733719764920113e-05,9.733719764920113e-05,reported_by_STS_full_precision,fail,0.01,STS SUCCESS and p >= 0.01,6
encrypted,NonOverlappingTemplate,m=9 template=1 1 0 0 1 0 0 0 0,couple,3,0.27313716538794069,0.27313716538794069,reported_by_STS_full_precision,pass,0.01,STS SUCCESS and p >= 0.01,6
encrypted,NonOverlappingTemplate,m=9 template=1 1 0 0 1 0 0 0 0,girl,4,0.00048987213452808239,0.00048987213452808239,reported_by_STS_full_precision,fail,0.01,STS SUCCESS and p >= 0.01,6
encrypted,NonOverlappingTemplate,m=9 template=1 1 0 0 1 0 0 0 0,lena,5,1.4937661067082805e-08,1.4937661067082805e-08,reported_by_STS_full_precision,fail,0.01,STS SUCCESS and p >= 0.01,6
encrypted,NonOverlappingTemplate,m=9 template=1 1 0 0 1 0 0 0 0,peppers,6,2.1784527257380118e-05,2.1784527257380118e-05,reported_by_STS_full_precision,fail,0.01,STS SUCCESS and p >= 0.01,6
encrypted,NonOverlappingTemplate,m=9 template=1 1 0 0 1 0 0 1 0,airplane,1,3.6032567166616814e-262,3.6032567166616814e-262,reported_by_STS_full_precision,fail,0.01,STS SUCCESS and p >= 0.01,6
encrypted,NonOverlappingTemplate,m=9 template=1 1 0 0 1 0 0 1 0,baboon,2,2.7227760338357127e-25,2.7227760338357127e-25,reported_by_STS_full_precision,fail,0.01,STS SUCCESS and p >= 0.01,6
encrypted,NonOverlappingTemplate,m=9 template=1 1 0 0 1 0 0 1 0,couple,3,0.00019454416056380382,0.00019454416056380382,reported_by_STS_full_precision,fail,0.01,STS SUCCESS and p >= 0.01,6
encrypted,NonOverlappingTemplate,m=9 template=1 1 0 0 1 0 0 1 0,girl,4,1.0155109477552804e-43,1.0155109477552804e-43,reported_by_STS_full_precision,fail,0.01,STS SUCCESS and p >= 0.01,6
encrypted,NonOverlappingTemplate,m=9 template=1 1 0 0 1 0 0 1 0,lena,5,1.2999327046054403e-07,1.2999327046054403e-07,reported_by_STS_full_precision,fail,0.01,STS SUCCESS and p >= 0.01,6
encrypted,NonOverlappingTemplate,m=9 template=1 1 0 0 1 0 0 1 0,peppers,6,3.3790917849410291e-78,3.3790917849410291e-78,reported_by_STS_full_precision,fail,0.01,STS SUCCESS and p >= 0.01,6
encrypted,NonOverlappingTemplate,m=9 template=1 1 0 0 1 0 1 0 0,airplane,1,9.5858038745104029e-213,9.5858038745104029e-213,reported_by_STS_full_precision,fail,0.01,STS SUCCESS and p >= 0.01,6
encrypted,NonOverlappingTemplate,m=9 template=1 1 0 0 1 0 1 0 0,baboon,2,2.0428501873067968e-13,2.0428501873067968e-13,reported_by_STS_full_precision,fail,0.01,STS SUCCESS and p >= 0.01,6
encrypted,NonOverlappingTemplate,m=9 template=1 1 0 0 1 0 1 0 0,couple,3,6.6799555974057102e-11,6.6799555974057102e-11,reported_by_STS_full_precision,fail,0.01,STS SUCCESS and p >= 0.01,6
encrypted,NonOverlappingTemplate,m=9 template=1 1 0 0 1 0 1 0 0,girl,4,4.051247431452368e-08,4.051247431452368e-08,reported_by_STS_full_precision,fail,0.01,STS SUCCESS and p >= 0.01,6
encrypted,NonOverlappingTemplate,m=9 template=1 1 0 0 1 0 1 0 0,lena,5,0.46991013599798359,0.46991013599798359,reported_by_STS_full_precision,pass,0.01,STS SUCCESS and p >= 0.01,6
encrypted,NonOverlappingTemplate,m=9 template=1 1 0 0 1 0 1 0 0,peppers,6,2.2157121321568142e-13,2.2157121321568142e-13,reported_by_STS_full_precision,fail,0.01,STS SUCCESS and p >= 0.01,6
encrypted,NonOverlappingTemplate,m=9 template=1 1 0 0 1 1 0 0 0,airplane,1,3.1798390229486007e-11,3.1798390229486007e-11,reported_by_STS_full_precision,fail,0.01,STS SUCCESS and p >= 0.01,6
encrypted,NonOverlappingTemplate,m=9 template=1 1 0 0 1 1 0 0 0,baboon,2,0.0012443465108699342,0.0012443465108699342,reported_by_STS_full_precision,fail,0.01,STS SUCCESS and p >= 0.01,6
encrypted,NonOverlappingTemplate,m=9 template=1 1 0 0 1 1 0 0 0,couple,3,1.8898582919663401e-55,1.8898582919663401e-55,reported_by_STS_full_precision,fail,0.01,STS SUCCESS and p >= 0.01,6
encrypted,NonOverlappingTemplate,m=9 template=1 1 0 0 1 1 0 0 0,girl,4,0.00011157197007303516,0.00011157197007303516,reported_by_STS_full_precision,fail,0.01,STS SUCCESS and p >= 0.01,6
encrypted,NonOverlappingTemplate,m=9 template=1 1 0 0 1 1 0 0 0,lena,5,0.81545485499672232,0.81545485499672232,reported_by_STS_full_precision,pass,0.01,STS SUCCESS and p >= 0.01,6
encrypted,NonOverlappingTemplate,m=9 template=1 1 0 0 1 1 0 0 0,peppers,6,3.5858105314571867e-15,3.5858105314571867e-15,reported_by_STS_full_precision,fail,0.01,STS SUCCESS and p >= 0.01,6
encrypted,NonOverlappingTemplate,m=9 template=1 1 0 0 1 1 0 1 0,airplane,1,0.15106929134402838,0.15106929134402838,reported_by_STS_full_precision,pass,0.01,STS SUCCESS and p >= 0.01,6
encrypted,NonOverlappingTemplate,m=9 template=1 1 0 0 1 1 0 1 0,baboon,2,1.8969854310922907e-07,1.8969854310922907e-07,reported_by_STS_full_precision,fail,0.01,STS SUCCESS and p >= 0.01,6
encrypted,NonOverlappingTemplate,m=9 template=1 1 0 0 1 1 0 1 0,couple,3,4.5587791865228406e-51,4.5587791865228406e-51,reported_by_STS_full_precision,fail,0.01,STS SUCCESS and p >= 0.01,6
encrypted,NonOverlappingTemplate,m=9 template=1 1 0 0 1 1 0 1 0,girl,4,8.158011607717101e-13,8.158011607717101e-13,reported_by_STS_full_precision,fail,0.01,STS SUCCESS and p >= 0.01,6
encrypted,NonOverlappingTemplate,m=9 template=1 1 0 0 1 1 0 1 0,lena,5,2.5338508470023497e-62,2.5338508470023497e-62,reported_by_STS_full_precision,fail,0.01,STS SUCCESS and p >= 0.01,6
encrypted,NonOverlappingTemplate,m=9 template=1 1 0 0 1 1 0 1 0,peppers,6,2.5893742382364014e-41,2.5893742382364014e-41,reported_by_STS_full_precision,fail,0.01,STS SUCCESS and p >= 0.01,6
encrypted,NonOverlappingTemplate,m=9 template=1 1 0 1 0 0 0 0 0,airplane,1,7.2413323060332185e-206,7.2413323060332185e-206,reported_by_STS_full_precision,fail,0.01,STS SUCCESS and p >= 0.01,6
encrypted,NonOverlappingTemplate,m=9 template=1 1 0 1 0 0 0 0 0,baboon,2,6.9261714335035175e-09,6.9261714335035175e-09,reported_by_STS_full_precision,fail,0.01,STS SUCCESS and p >= 0.01,6
encrypted,NonOverlappingTemplate,m=9 template=1 1 0 1 0 0 0 0 0,couple,3,9.8292248531741052e-06,9.8292248531741052e-06,reported_by_STS_full_precision,fail,0.01,STS SUCCESS and p >= 0.01,6
encrypted,NonOverlappingTemplate,m=9 template=1 1 0 1 0 0 0 0 0,girl,4,5.7752883934255466e-14,5.7752883934255466e-14,reported_by_STS_full_precision,fail,0.01,STS SUCCESS and p >= 0.01,6
encrypted,NonOverlappingTemplate,m=9 template=1 1 0 1 0 0 0 0 0,lena,5,9.4036916381199471e-05,9.4036916381199471e-05,reported_by_STS_full_precision,fail,0.01,STS SUCCESS and p >= 0.01,6
encrypted,NonOverlappingTemplate,m=9 template=1 1 0 1 0 0 0 0 0,peppers,6,0.00013335612067731279,0.00013335612067731279,reported_by_STS_full_precision,fail,0.01,STS SUCCESS and p >= 0.01,6
encrypted,NonOverlappingTemplate,m=9 template=1 1 0 1 0 0 0 1 0,airplane,1,1.2420437421944597e-245,1.2420437421944597e-245,reported_by_STS_full_precision,fail,0.01,STS SUCCESS and p >= 0.01,6
encrypted,NonOverlappingTemplate,m=9 template=1 1 0 1 0 0 0 1 0,baboon,2,1.3137036986048545e-14,1.3137036986048545e-14,reported_by_STS_full_precision,fail,0.01,STS SUCCESS and p >= 0.01,6
encrypted,NonOverlappingTemplate,m=9 template=1 1 0 1 0 0 0 1 0,couple,3,4.4404799740439065e-26,4.4404799740439065e-26,reported_by_STS_full_precision,fail,0.01,STS SUCCESS and p >= 0.01,6
encrypted,NonOverlappingTemplate,m=9 template=1 1 0 1 0 0 0 1 0,girl,4,1.1927115704234638e-05,1.1927115704234638e-05,reported_by_STS_full_precision,fail,0.01,STS SUCCESS and p >= 0.01,6
encrypted,NonOverlappingTemplate,m=9 template=1 1 0 1 0 0 0 1 0,lena,5,1.6328774549600571e-14,1.6328774549600571e-14,reported_by_STS_full_precision,fail,0.01,STS SUCCESS and p >= 0.01,6
encrypted,NonOverlappingTemplate,m=9 template=1 1 0 1 0 0 0 1 0,peppers,6,4.5039086840834784e-06,4.5039086840834784e-06,reported_by_STS_full_precision,fail,0.01,STS SUCCESS and p >= 0.01,6
encrypted,NonOverlappingTemplate,m=9 template=1 1 0 1 0 0 1 0 0,airplane,1,8.2960025417595622e-232,8.2960025417595622e-232,reported_by_STS_full_precision,fail,0.01,STS SUCCESS and p >= 0.01,6
encrypted,NonOverlappingTemplate,m=9 template=1 1 0 1 0 0 1 0 0,baboon,2,2.754911796791058e-09,2.754911796791058e-09,reported_by_STS_full_precision,fail,0.01,STS SUCCESS and p >= 0.01,6
encrypted,NonOverlappingTemplate,m=9 template=1 1 0 1 0 0 1 0 0,couple,3,2.0809856299622342e-12,2.0809856299622342e-12,reported_by_STS_full_precision,fail,0.01,STS SUCCESS and p >= 0.01,6
encrypted,NonOverlappingTemplate,m=9 template=1 1 0 1 0 0 1 0 0,girl,4,0.015925961152623846,0.015925961152623846,reported_by_STS_full_precision,pass,0.01,STS SUCCESS and p >= 0.01,6
encrypted,NonOverlappingTemplate,m=9 template=1 1 0 1 0 0 1 0 0,lena,5,0.72745216086246911,0.72745216086246911,reported_by_STS_full_precision,pass,0.01,STS SUCCESS and p >= 0.01,6
encrypted,NonOverlappingTemplate,m=9 template=1 1 0 1 0 0 1 0 0,peppers,6,9.22109890860709e-08,9.22109890860709e-08,reported_by_STS_full_precision,fail,0.01,STS SUCCESS and p >= 0.01,6
encrypted,NonOverlappingTemplate,m=9 template=1 1 0 1 0 1 0 0 0,airplane,1,1.6616052898025312e-205,1.6616052898025312e-205,reported_by_STS_full_precision,fail,0.01,STS SUCCESS and p >= 0.01,6
encrypted,NonOverlappingTemplate,m=9 template=1 1 0 1 0 1 0 0 0,baboon,2,0.092675046089364735,0.092675046089364735,reported_by_STS_full_precision,pass,0.01,STS SUCCESS and p >= 0.01,6
encrypted,NonOverlappingTemplate,m=9 template=1 1 0 1 0 1 0 0 0,couple,3,1.3080950467534236e-71,1.3080950467534236e-71,reported_by_STS_full_precision,fail,0.01,STS SUCCESS and p >= 0.01,6
encrypted,NonOverlappingTemplate,m=9 template=1 1 0 1 0 1 0 0 0,girl,4,5.9461044032734674e-35,5.9461044032734674e-35,reported_by_STS_full_precision,fail,0.01,STS SUCCESS and p >= 0.01,6
encrypted,NonOverlappingTemplate,m=9 template=1 1 0 1 0 1 0 0 0,lena,5,0.0022333044678458495,0.0022333044678458495,reported_by_STS_full_precision,fail,0.01,STS SUCCESS and p >= 0.01,6
encrypted,NonOverlappingTemplate,m=9 template=1 1 0 1 0 1 0 0 0,peppers,6,0.92218623660530852,0.92218623660530852,reported_by_STS_full_precision,pass,0.01,STS SUCCESS and p >= 0.01,6
encrypted,NonOverlappingTemplate,m=9 template=1 1 0 1 0 1 0 1 0,airplane,1,1.3129053592154871e-101,1.3129053592154871e-101,reported_by_STS_full_precision,fail,0.01,STS SUCCESS and p >= 0.01,6
encrypted,NonOverlappingTemplate,m=9 template=1 1 0 1 0 1 0 1 0,baboon,2,8.2011172130225822e-31,8.2011172130225822e-31,reported_by_STS_full_precision,fail,0.01,STS SUCCESS and p >= 0.01,6
encrypted,NonOverlappingTemplate,m=9 template=1 1 0 1 0 1 0 1 0,couple,3,4.8279124775785908e-68,4.8279124775785908e-68,reported_by_STS_full_precision,fail,0.01,STS SUCCESS and p >= 0.01,6
encrypted,NonOverlappingTemplate,m=9 template=1 1 0 1 0 1 0 1 0,girl,4,1.8652662232834452e-63,1.8652662232834452e-63,reported_by_STS_full_precision,fail,0.01,STS SUCCESS and p >= 0.01,6
encrypted,NonOverlappingTemplate,m=9 template=1 1 0 1 0 1 0 1 0,lena,5,1.5607118983611329e-77,1.5607118983611329e-77,reported_by_STS_full_precision,fail,0.01,STS SUCCESS and p >= 0.01,6
encrypted,NonOverlappingTemplate,m=9 template=1 1 0 1 0 1 0 1 0,peppers,6,2.0467949375593826e-08,2.0467949375593826e-08,reported_by_STS_full_precision,fail,0.01,STS SUCCESS and p >= 0.01,6
encrypted,NonOverlappingTemplate,m=9 template=1 1 0 1 0 1 1 0 0,airplane,1,6.9951023734211448e-27,6.9951023734211448e-27,reported_by_STS_full_precision,fail,0.01,STS SUCCESS and p >= 0.01,6
encrypted,NonOverlappingTemplate,m=9 template=1 1 0 1 0 1 1 0 0,baboon,2,2.2564399931117929e-05,2.2564399931117929e-05,reported_by_STS_full_precision,fail,0.01,STS SUCCESS and p >= 0.01,6
encrypted,NonOverlappingTemplate,m=9 template=1 1 0 1 0 1 1 0 0,couple,3,1.188752361279085e-171,1.188752361279085e-171,reported_by_STS_full_precision,fail,0.01,STS SUCCESS and p >= 0.01,6
encrypted,NonOverlappingTemplate,m=9 template=1 1 0 1 0 1 1 0 0,girl,4,4.2338148066716357e-110,4.2338148066716357e-110,reported_by_STS_full_precision,fail,0.01,STS SUCCESS and p >= 0.01,6
encrypted,NonOverlappingTemplate,m=9 template=1 1 0 1 0 1 1 0 0,lena,5,2.0955005649031408e-13,2.0955005649031408e-13,reported_by_STS_full_precision,fail,0.01,STS SUCCESS and p >= 0.01,6
encrypted,NonOverlappingTemplate,m=9 template=1 1 0 1 0 1 1 0 0,peppers,6,7.9848901602958757e-06,7.9848901602958757e-06,reported_by_STS_full_precision,fail,0.01,STS SUCCESS and p >= 0.01,6
encrypted,NonOverlappingTemplate,m=9 template=1 1 0 1 1 0 0 0 0,airplane,1,0.00039536073260584191,0.00039536073260584191,reported_by_STS_full_precision,fail,0.01,STS SUCCESS and p >= 0.01,6
encrypted,NonOverlappingTemplate,m=9 template=1 1 0 1 1 0 0 0 0,baboon,2,1.0779661455277839e-22,1.0779661455277839e-22,reported_by_STS_full_precision,fail,0.01,STS SUCCESS and p >= 0.01,6
encrypted,NonOverlappingTemplate,m=9 template=1 1 0 1 1 0 0 0 0,couple,3,1.066582418851483e-102,1.066582418851483e-102,reported_by_STS_full_precision,fail,0.01,STS SUCCESS and p >= 0.01,6
encrypted,NonOverlappingTemplate,m=9 template=1 1 0 1 1 0 0 0 0,girl,4,2.9487904583511293e-86,2.9487904583511293e-86,reported_by_STS_full_precision,fail,0.01,STS SUCCESS and p >= 0.01,6
encrypted,NonOverlappingTemplate,m=9 template=1 1 0 1 1 0 0 0 0,lena,5,0.4145272316362808,0.4145272316362808,reported_by_STS_full_precision,pass,0.01,STS SUCCESS and p >= 0.01,6
encrypted,NonOverlappingTemplate,m=9 template=1 1 0 1 1 0 0 0 0,peppers,6,0.25010702681930347,0.25010702681930347,reported_by_STS_full_precision,pass,0.01,STS SUCCESS and p >= 0.01,6
encrypted,NonOverlappingTemplate,m=9 template=1 1 0 1 1 0 0 1 0,airplane,1,3.188155087533852e-10,3.188155087533852e-10,reported_by_STS_full_precision,fail,0.01,STS SUCCESS and p >= 0.01,6
encrypted,NonOverlappingTemplate,m=9 template=1 1 0 1 1 0 0 1 0,baboon,2,0.36724812873884694,0.36724812873884694,reported_by_STS_full_precision,pass,0.01,STS SUCCESS and p >= 0.01,6
encrypted,NonOverlappingTemplate,m=9 template=1 1 0 1 1 0 0 1 0,couple,3,7.7496203150949518e-31,7.7496203150949518e-31,reported_by_STS_full_precision,fail,0.01,STS SUCCESS and p >= 0.01,6
encrypted,NonOverlappingTemplate,m=9 template=1 1 0 1 1 0 0 1 0,girl,4,1.2361136592679299e-13,1.2361136592679299e-13,reported_by_STS_full_precision,fail,0.01,STS SUCCESS and p >= 0.01,6
encrypted,NonOverlappingTemplate,m=9 template=1 1 0 1 1 0 0 1 0,lena,5,2.0536720883280597e-35,2.0536720883280597e-35,reported_by_STS_full_precision,fail,0.01,STS SUCCESS and p >= 0.01,6
encrypted,NonOverlappingTemplate,m=9 template=1 1 0 1 1 0 0 1 0,peppers,6,2.1817569794602236e-17,2.1817569794602236e-17,reported_by_STS_full_precision,fail,0.01,STS SUCCESS and p >= 0.01,6
encrypted,NonOverlappingTemplate,m=9 template=1 1 0 1 1 0 1 0 0,airplane,1,6.080695978580326e-15,6.080695978580326e-15,reported_by_STS_full_precision,fail,0.01,STS SUCCESS and p >= 0.01,6
encrypted,NonOverlappingTemplate,m=9 template=1 1 0 1 1 0 1 0 0,baboon,2,6.8678324675289845e-10,6.8678324675289845e-10,reported_by_STS_full_precision,fail,0.01,STS SUCCESS and p >= 0.01,6
encrypted,NonOverlappingTemplate,m=9 template=1 1 0 1 1 0 1 0 0,couple,3,2.1021592081346889e-146,2.1021592081346889e-146,reported_by_STS_full_precision,fail,0.01,STS SUCCESS and p >= 0.01,6
encrypted,NonOverlappingTemplate,m=9 template=1 1 0 1 1 0 1 0 0,girl,4,2.0588330377361702e-98,2.0588330377361702e-98,reported_by_STS_full_precision,fail,0.01,STS SUCCESS and p >= 0.01,6
encrypted,NonOverlappingTemplate,m=9 template=1 1 0 1 1 0 1 0 0,lena,5,1.4965745019386404e-09,1.4965745019386404e-09,reported_by_STS_full_precision,fail,0.01,STS SUCCESS and p >= 0.01,6
encrypted,NonOverlappingTemplate,m=9 template=1 1 0 1 1 0 1 0 0,peppers,6,0.50037351047486323,0.50037351047486323,reported_by_STS_full_precision,pass,0.01,STS SUCCESS and p >= 0.01,6
encrypted,NonOverlappingTemplate,m=9 template=1 1 0 1 1 1 0 0 0,airplane,1,5.0987612926399593e-13,5.0987612926399593e-13,reported_by_STS_full_precision,fail,0.01,STS SUCCESS and p >= 0.01,6
encrypted,NonOverlappingTemplate,m=9 template=1 1 0 1 1 1 0 0 0,baboon,2,1.3237610781053208e-56,1.3237610781053208e-56,reported_by_STS_full_precision,fail,0.01,STS SUCCESS and p >= 0.01,6
encrypted,NonOverlappingTemplate,m=9 template=1 1 0 1 1 1 0 0 0,couple,3,5.4568137324443739e-219,5.4568137324443739e-219,reported_by_STS_full_precision,fail,0.01,STS SUCCESS and p >= 0.01,6
encrypted,NonOverlappingTemplate,m=9 template=1 1 0 1 1 1 0 0 0,girl,4,2.6369573834847593e-140,2.6369573834847593e-140,reported_by_STS_full_precision,fail,0.01,STS SUCCESS and p >= 0.01,6
encrypted,NonOverlappingTemplate,m=9 template=1 1 0 1 1 1 0 0 0,lena,5,0.0047699131540623997,0.0047699131540623997,reported_by_STS_full_precision,fail,0.01,STS SUCCESS and p >= 0.01,6
encrypted,NonOverlappingTemplate,m=9 template=1 1 0 1 1 1 0 0 0,peppers,6,0.023712368045889012,0.023712368045889012,reported_by_STS_full_precision,pass,0.01,STS SUCCESS and p >= 0.01,6
encrypted,NonOverlappingTemplate,m=9 template=1 1 0 1 1 1 0 1 0,airplane,1,2.9434207829442977e-41,2.9434207829442977e-41,reported_by_STS_full_precision,fail,0.01,STS SUCCESS and p >= 0.01,6
encrypted,NonOverlappingTemplate,m=9 template=1 1 0 1 1 1 0 1 0,baboon,2,1.8170422618303858e-19,1.8170422618303858e-19,reported_by_STS_full_precision,fail,0.01,STS SUCCESS and p >= 0.01,6
encrypted,NonOverlappingTemplate,m=9 template=1 1 0 1 1 1 0 1 0,couple,3,1.7761162536563e-179,1.7761162536563e-179,reported_by_STS_full_precision,fail,0.01,STS SUCCESS and p >= 0.01,6
encrypted,NonOverlappingTemplate,m=9 template=1 1 0 1 1 1 0 1 0,girl,4,1.2253790955152785e-133,1.2253790955152785e-133,reported_by_STS_full_precision,fail,0.01,STS SUCCESS and p >= 0.01,6
encrypted,NonOverlappingTemplate,m=9 template=1 1 0 1 1 1 0 1 0,lena,5,1.8392566963802725e-24,1.8392566963802725e-24,reported_by_STS_full_precision,fail,0.01,STS SUCCESS and p >= 0.01,6
encrypted,NonOverlappingTemplate,m=9 template=1 1 0 1 1 1 0 1 0,peppers,6,0.29256409830743657,0.29256409830743657,reported_by_STS_full_precision,pass,0.01,STS SUCCESS and p >= 0.01,6
encrypted,NonOverlappingTemplate,m=9 template=1 1 0 1 1 1 1 0 0,airplane,1,1.2210042247419626e-53,1.2210042247419626e-53,reported_by_STS_full_precision,fail,0.01,STS SUCCESS and p >= 0.01,6
encrypted,NonOverlappingTemplate,m=9 template=1 1 0 1 1 1 1 0 0,baboon,2,2.2348620711750929e-93,2.2348620711750929e-93,reported_by_STS_full_precision,fail,0.01,STS SUCCESS and p >= 0.01,6
encrypted,NonOverlappingTemplate,m=9 template=1 1 0 1 1 1 1 0 0,couple,3,7.287522836524074e-288,7.287522836524074e-288,reported_by_STS_full_precision,fail,0.01,STS SUCCESS and p >= 0.01,6
encrypted,NonOverlappingTemplate,m=9 template=1 1 0 1 1 1 1 0 0,girl,4,9.4321334491047641e-198,9.4321334491047641e-198,reported_by_STS_full_precision,fail,0.01,STS SUCCESS and p >= 0.01,6
encrypted,NonOverlappingTemplate,m=9 template=1 1 0 1 1 1 1 0 0,lena,5,1.0835231980517182e-07,1.0835231980517182e-07,reported_by_STS_full_precision,fail,0.01,STS SUCCESS and p >= 0.01,6
encrypted,NonOverlappingTemplate,m=9 template=1 1 0 1 1 1 1 0 0,peppers,6,1.8500274768198317e-30,1.8500274768198317e-30,reported_by_STS_full_precision,fail,0.01,STS SUCCESS and p >= 0.01,6
encrypted,NonOverlappingTemplate,m=9 template=1 1 1 0 0 0 0 0 0,airplane,1,4.2775667405592444e-08,4.2775667405592444e-08,reported_by_STS_full_precision,fail,0.01,STS SUCCESS and p >= 0.01,6
encrypted,NonOverlappingTemplate,m=9 template=1 1 1 0 0 0 0 0 0,baboon,2,1.428610547052563e-59,1.428610547052563e-59,reported_by_STS_full_precision,fail,0.01,STS SUCCESS and p >= 0.01,6
encrypted,NonOverlappingTemplate,m=9 template=1 1 1 0 0 0 0 0 0,couple,3,0.00092191937931604276,0.00092191937931604276,reported_by_STS_full_precision,fail,0.01,STS SUCCESS and p >= 0.01,6
encrypted,NonOverlappingTemplate,m=9 template=1 1 1 0 0 0 0 0 0,girl,4,1.101279336426853e-55,1.101279336426853e-55,reported_by_STS_full_precision,fail,0.01,STS SUCCESS and p >= 0.01,6
encrypted,NonOverlappingTemplate,m=9 template=1 1 1 0 0 0 0 0 0,lena,5,8.1222758200690548e-13,8.1222758200690548e-13,reported_by_STS_full_precision,fail,0.01,STS SUCCESS and p >= 0.01,6
encrypted,NonOverlappingTemplate,m=9 template=1 1 1 0 0 0 0 0 0,peppers,6,1.9499174748579173e-11,1.9499174748579173e-11,reported_by_STS_full_precision,fail,0.01,STS SUCCESS and p >= 0.01,6
encrypted,NonOverlappingTemplate,m=9 template=1 1 1 0 0 0 0 1 0,airplane,1,7.248975801520318e-30,7.248975801520318e-30,reported_by_STS_full_precision,fail,0.01,STS SUCCESS and p >= 0.01,6
encrypted,NonOverlappingTemplate,m=9 template=1 1 1 0 0 0 0 1 0,baboon,2,1.476676752085131e-07,1.476676752085131e-07,reported_by_STS_full_precision,fail,0.01,STS SUCCESS and p >= 0.01,6
encrypted,NonOverlappingTemplate,m=9 template=1 1 1 0 0 0 0 1 0,couple,3,2.7907156841744524e-75,2.7907156841744524e-75,reported_by_STS_full_precision,fail,0.01,STS SUCCESS and p >= 0.01,6
encrypted,NonOverlappingTemplate,m=9 template=1 1 1 0 0 0 0 1 0,girl,4,1.0942834055190128e-05,1.0942834055190128e-05,reported_by_STS_full_precision,fail,0.01,STS SUCCESS and p >= 0.01,6
encrypted,NonOverlappingTemplate,m=9 template=1 1 1 0 0 0 0 1 0,lena,5,5.7627097578359752e-25,5.7627097578359752e-25,reported_by_STS_full_precision,fail,0.01,STS SUCCESS and p >= 0.01,6
encrypted,NonOverlappingTemplate,m=9 template=1 1 1 0 0 0 0 1 0,peppers,6,4.9071567955443561e-09,4.9071567955443561e-09,reported_by_STS_full_precision,fail,0.01,STS SUCCESS and p >= 0.01,6
encrypted,NonOverlappingTemplate,m=9 template=1 1 1 0 0 0 1 0 0,airplane,1,1.347077913493993e-19,1.347077913493993e-19,reported_by_STS_full_precision,fail,0.01,STS SUCCESS and p >= 0.01,6
encrypted,NonOverlappingTemplate,m=9 template=1 1 1 0 0 0 1 0 0,baboon,2,1.3677499734900232e-08,1.3677499734900232e-08,reported_by_STS_full_precision,fail,0.01,STS SUCCESS and p >= 0.01,6
encrypted,NonOverlappingTemplate,m=9 template=1 1 1 0 0 0 1 0 0,couple,3,4.0236679506647963e-05,4.0236679506647963e-05,reported_by_STS_full_precision,fail,0.01,STS SUCCESS and p >= 0.01,6
encrypted,NonOverlappingTemplate,m=9 template=1 1 1 0 0 0 1 0 0,girl,4,9.0211339550942004e-08,9.0211339550942004e-08,reported_by_STS_full_precision,fail,0.01,STS SUCCESS and p >= 0.01,6
encrypted,NonOverlappingTemplate,m=9 template=1 1 1 0 0 0 1 0 0,lena,5,1.2878497481366648e-27,1.2878497481366648e-27,reported_by_STS_full_precision,fail,0.01,STS SUCCESS and p >= 0.01,6
encrypted,NonOverlappingTemplate,m=9 template=1 1 1 0 0 0 1 0 0,peppers,6,3.5598153979436175e-12,3.5598153979436175e-12,reported_by_STS_full_precision,fail,0.01,STS SUCCESS and p >= 0.01,6
encrypted,NonOverlappingTemplate,m=9 template=1 1 1 0 0 0 1 1 0,airplane,1,1.2792369374316553e-17,1.2792369374316553e-17,reported_by_STS_full_precision,fail,0.01,STS SUCCESS and p >= 0.01,6
encrypted,NonOverlappingTemplate,m=9 template=1 1 1 0 0 0 1 1 0,baboon,2,1.8377033553619385e-08,1.8377033553619385e-08,reported_by_STS_full_precision,fail,0.01,STS SUCCESS and p >= 0.01,6
encrypted,NonOverlappingTemplate,m=9 template=1 1 1 0 0 0 1 1 0,couple,3,0.047239305483634565,0.047239305483634565,reported_by_STS_full_precision,pass,0.01,STS SUCCESS and p >= 0.01,6
encrypted,NonOverlappingTemplate,m=9 template=1 1 1 0 0 0 1 1 0,girl,4,0.0093256506921106895,0.0093256506921106895,reported_by_STS_full_precision,fail,0.01,STS SUCCESS and p >= 0.01,6
encrypted,NonOverlappingTemplate,m=9 template=1 1 1 0 0 0 1 1 0,lena,5,0.46045895189555086,0.46045895189555086,reported_by_STS_full_precision,pass,0.01,STS SUCCESS and p >= 0.01,6
encrypted,NonOverlappingTemplate,m=9 template=1 1 1 0 0 0 1 1 0,peppers,6,0.10115032519828442,0.10115032519828442,reported_by_STS_full_precision,pass,0.01,STS SUCCESS and p >= 0.01,6
encrypted,NonOverlappingTemplate,m=9 template=1 1 1 0 0 1 0 0 0,airplane,1,7.4635073412122755e-09,7.4635073412122755e-09,reported_by_STS_full_precision,fail,0.01,STS SUCCESS and p >= 0.01,6
encrypted,NonOverlappingTemplate,m=9 template=1 1 1 0 0 1 0 0 0,baboon,2,1.4307030738544075e-07,1.4307030738544075e-07,reported_by_STS_full_precision,fail,0.01,STS SUCCESS and p >= 0.01,6
encrypted,NonOverlappingTemplate,m=9 template=1 1 1 0 0 1 0 0 0,couple,3,4.7462101255292575e-30,4.7462101255292575e-30,reported_by_STS_full_precision,fail,0.01,STS SUCCESS and p >= 0.01,6
encrypted,NonOverlappingTemplate,m=9 template=1 1 1 0 0 1 0 0 0,girl,4,0.0014447686132919107,0.0014447686132919107,reported_by_STS_full_precision,fail,0.01,STS SUCCESS and p >= 0.01,6
encrypted,NonOverlappingTemplate,m=9 template=1 1 1 0 0 1 0 0 0,lena,5,1.2229376790080386e-16,1.2229376790080386e-16,reported_by_STS_full_precision,fail,0.01,STS SUCCESS and p >= 0.01,6
encrypted,NonOverlappingTemplate,m=9 template=1 1 1 0 0 1 0 0 0,peppers,6,1.9433135183675761e-06,1.9433135183675761e-06,reported_by_STS_full_precision,fail,0.01,STS SUCCESS and p >= 0.01,6
encrypted,NonOverlappingTemplate,m=9 template=1 1 1 0 0 1 0 1 0,airplane,1,0.097733003963618198,0.097733003963618198,reported_by_STS_full_precision,pass,0.01,STS SUCCESS and p >= 0.01,6
encrypted,NonOverlappingTemplate,m=9 template=1 1 1 0 0 1 0 1 0,baboon,2,1.1991461726992233e-05,1.1991461726992233e-05,reported_by_STS_full_precision,fail,0.01,STS SUCCESS and p >= 0.01,6
encrypted,NonOverlappingTemplate,m=9 template=1 1 1 0 0 1 0 1 0,couple,3,1.3979886465607171e-23,1.3979886465607171e-23,reported_by_STS_full_precision,fail,0.01,STS SUCCESS and p >= 0.01,6
encrypted,NonOverlappingTemplate,m=9 template=1 1 1 0 0 1 0 1 0,girl,4,0.00056102048769688057,0.00056102048769688057,reported_by_STS_full_precision,fail,0.01,STS SUCCESS and p >= 0.01,6
encrypted,NonOverlappingTemplate,m=9 template=1 1 1 0 0 1 0 1 0,lena,5,0.20200024833741048,0.20200024833741048,reported_by_STS_full_precision,pass,0.01,STS SUCCESS and p >= 0.01,6
encrypted,NonOverlappingTemplate,m=9 template=1 1 1 0 0 1 0 1 0,peppers,6,0.0046308744720346545,0.0046308744720346545,reported_by_STS_full_precision,fail,0.01,STS SUCCESS and p >= 0.01,6
encrypted,NonOverlappingTemplate,m=9 template=1 1 1 0 0 1 1 0 0,airplane,1,2.5806613032631731e-190,2.5806613032631731e-190,reported_by_STS_full_precision,fail,0.01,STS SUCCESS and p >= 0.01,6
encrypted,NonOverlappingTemplate,m=9 template=1 1 1 0 0 1 1 0 0,baboon,2,4.5900262782403243e-09,4.5900262782403243e-09,reported_by_STS_full_precision,fail,0.01,STS SUCCESS and p >= 0.01,6
encrypted,NonOverlappingTemplate,m=9 template=1 1 1 0 0 1 1 0 0,couple,3,1.7655788089547152e-111,1.7655788089547152e-111,reported_by_STS_full_precision,fail,0.01,STS SUCCESS and p >= 0.01,6
encrypted,NonOverlappingTemplate,m=9 template=1 1 1 0 0 1 1 0 0,girl,4,2.0836449265245314e-26,2.0836449265245314e-26,reported_by_STS_full_precision,fail,0.01,STS SUCCESS and p >= 0.01,6
encrypted,NonOverlappingTemplate,m=9 template=1 1 1 0 0 1 1 0 0,lena,5,0.40870125348264891,0.40870125348264891,reported_by_STS_full_precision,pass,0.01,STS SUCCESS and p >= 0.01,6
encrypted,NonOverlappingTemplate,m=9 template=1 1 1 0 0 1 1 0 0,peppers,6,0.085179806168589584,0.085179806168589584,reported_by_STS_full_precision,pass,0.01,STS SUCCESS and p >= 0.01,6
encrypted,NonOverlappingTemplate,m=9 template=1 1 1 0 1 0 0 0 0,airplane,1,0.10894192525944332,0.10894192525944332,reported_by_STS_full_precision,pass,0.01,STS SUCCESS and p >= 0.01,6
encrypted,NonOverlappingTemplate,m=9 template=1 1 1 0 1 0 0 0 0,baboon,2,1.1813869974955755e-20,1.1813869974955755e-20,reported_by_STS_full_precision,fail,0.01,STS SUCCESS and p >= 0.01,6
encrypted,NonOverlappingTemplate,m=9 template=1 1 1 0 1 0 0 0 0,couple,3,1.3658763801478879e-70,1.3658763801478879e-70,reported_by_STS_full_precision,fail,0.01,STS SUCCESS and p >= 0.01,6
encrypted,NonOverlappingTemplate,m=9 template=1 1 1 0 1 0 0 0 0,girl,4,2.3463116119801165e-68,2.3463116119801165e-68,reported_by_STS_full_precision,fail,0.01,STS SUCCESS and p >= 0.01,6
encrypted,NonOverlappingTemplate,m=9 template=1 1 1 0 1 0 0 0 0,lena,5,5.2417418915328527e-23,5.2417418915328527e-23,reported_by_STS_full_precision,fail,0.01,STS SUCCESS and p >= 0.01,6
encrypted,NonOverlappingTemplate,m=9 template=1 1 1 0 1 0 0 0 0,peppers,6,5.1939236343840965e-33,5.1939236343840965e-33,reported_by_STS_full_precision,fail,0.01,STS SUCCESS and p >= 0.01,6
encrypted,NonOverlappingTemplate,m=9 template=1 1 1 0 1 0 0 1 0,airplane,1,0.015901779037510503,0.015901779037510503,reported_by_STS_full_precision,pass,0.01,STS SUCCESS and p >= 0.01,6
encrypted,NonOverlappingTemplate,m=9 template=1 1 1 0 1 0 0 1 0,baboon,2,0.001031218873855563,0.001031218873855563,reported_by_STS_full_precision,fail,0.01,STS SUCCESS and p >= 0.01,6
encrypted,NonOverlappingTemplate,m=9 template=1 1 1 0 1 0 0 1 0,couple,3,2.9772487508189911e-13,2.9772487508189911e-13,reported_by_STS_full_precision,fail,0.01,STS SUCCESS and p >= 0.01,6
encrypted,NonOverlappingTemplate,m=9 template=1 1 1 0 1 0 0 1 0,girl,4,2.1373133808917274e-08,2.1373133808917274e-08,reported_by_STS_full_precision,fail,0.01,STS SUCCESS and p >= 0.01,6
encrypted,NonOverlappingTemplate,m=9 template=1 1 1 0 1 0 0 1 0,lena,5,0.63635621387980801,0.63635621387980801,reported_by_STS_full_precision,pass,0.01,STS SUCCESS and p >= 0.01,6
encrypted,NonOverlappingTemplate,m=9 template=1 1 1 0 1 0 0 1 0,peppers,6,0.72571302141765504,0.72571302141765504,reported_by_STS_full_precision,pass,0.01,STS SUCCESS and p >= 0.01,6
encrypted,NonOverlappingTemplate,m=9 template=1 1 1 0 1 0 1 0 0,airplane,1,0.90677632063606395,0.90677632063606395,reported_by_STS_full_precision,pass,0.01,STS SUCCESS and p >= 0.01,6
encrypted,NonOverlappingTemplate,m=9 template=1 1 1 0 1 0 1 0 0,baboon,2,0.00013563431915110787,0.00013563431915110787,reported_by_STS_full_precision,fail,0.01,STS SUCCESS and p >= 0.01,6
encrypted,NonOverlappingTemplate,m=9 template=1 1 1 0 1 0 1 0 0,couple,3,1.0926042986133023e-125,1.0926042986133023e-125,reported_by_STS_full_precision,fail,0.01,STS SUCCESS and p >= 0.01,6
encrypted,NonOverlappingTemplate,m=9 template=1 1 1 0 1 0 1 0 0,girl,4,4.1706341596842354e-89,4.1706341596842354e-89,reported_by_STS_full_precision,fail,0.01,STS SUCCESS and p >= 0.01,6
encrypted,NonOverlappingTemplate,m=9 template=1 1 1 0 1 0 1 0 0,lena,5,0.016373464046598493,0.016373464046598493,reported_by_STS_full_precision,pass,0.01,STS SUCCESS and p >= 0.01,6
encrypted,NonOverlappingTemplate,m=9 template=1 1 1 0 1 0 1 0 0,peppers,6,3.5486155975869224e-14,3.5486155975869224e-14,reported_by_STS_full_precision,fail,0.01,STS SUCCESS and p >= 0.01,6
encrypted,NonOverlappingTemplate,m=9 template=1 1 1 0 1 0 1 1 0,airplane,1,2.4006937988688822e-179,2.4006937988688822e-179,reported_by_STS_full_precision,fail,0.01,STS SUCCESS and p >= 0.01,6
encrypted,NonOverlappingTemplate,m=9 template=1 1 1 0 1 0 1 1 0,baboon,2,7.6693023683388159e-16,7.6693023683388159e-16,reported_by_STS_full_precision,fail,0.01,STS SUCCESS and p >= 0.01,6
encrypted,NonOverlappingTemplate,m=9 template=1 1 1 0 1 0 1 1 0,couple,3,1.0988336405297558e-203,1.0988336405297558e-203,reported_by_STS_full_precision,fail,0.01,STS SUCCESS and p >= 0.01,6
encrypted,NonOverlappingTemplate,m=9 template=1 1 1 0 1 0 1 1 0,girl,4,2.1564627216900543e-123,2.1564627216900543e-123,reported_by_STS_full_precision,fail,0.01,STS SUCCESS and p >= 0.01,6
encrypted,NonOverlappingTemplate,m=9 template=1 1 1 0 1 0 1 1 0,lena,5,7.110746792084254e-20,7.110746792084254e-20,reported_by_STS_full_precision,fail,0.01,STS SUCCESS and p >= 0.01,6
encrypted,NonOverlappingTemplate,m=9 template=1 1 1 0 1 0 1 1 0,peppers,6,0.00016371964687539323,0.00016371964687539323,reported_by_STS_full_precision,fail,0.01,STS SUCCESS and p >= 0.01,6
encrypted,NonOverlappingTemplate,m=9 template=1 1 1 0 1 1 0 0 0,airplane,1,1.7201205681679252e-104,1.7201205681679252e-104,reported_by_STS_full_precision,fail,0.01,STS SUCCESS and p >= 0.01,6
encrypted,NonOverlappingTemplate,m=9 template=1 1 1 0 1 1 0 0 0,baboon,2,1.2613016851374721e-49,1.2613016851374721e-49,reported_by_STS_full_precision,fail,0.01,STS SUCCESS and p >= 0.01,6
encrypted,NonOverlappingTemplate,m=9 template=1 1 1 0 1 1 0 0 0,couple,3,3.969624300696457e-215,3.969624300696457e-215,reported_by_STS_full_precision,fail,0.01,STS SUCCESS and p >= 0.01,6
encrypted,NonOverlappingTemplate,m=9 template=1 1 1 0 1 1 0 0 0,girl,4,1.5244273043050517e-146,1.5244273043050517e-146,reported_by_STS_full_precision,fail,0.01,STS SUCCESS and p >= 0.01,6
encrypted,NonOverlappingTemplate,m=9 template=1 1 1 0 1 1 0 0 0,lena,5,0.033984278118276139,0.033984278118276139,reported_by_STS_full_precision,pass,0.01,STS SUCCESS and p >= 0.01,6
encrypted,NonOverlappingTemplate,m=9 template=1 1 1 0 1 1 0 0 0,peppers,6,3.1208830127568044e-07,3.1208830127568044e-07,reported_by_STS_full_precision,fail,0.01,STS SUCCESS and p >= 0.01,6
encrypted,NonOverlappingTemplate,m=9 template=1 1 1 0 1 1 0 1 0,airplane,1,1.9261855757874613e-190,1.9261855757874613e-190,reported_by_STS_full_precision,fail,0.01,STS SUCCESS and p >= 0.01,6
encrypted,NonOverlappingTemplate,m=9 template=1 1 1 0 1 1 0 1 0,baboon,2,1.2642698994615444e-16,1.2642698994615444e-16,reported_by_STS_full_precision,fail,0.01,STS SUCCESS and p >= 0.01,6
encrypted,NonOverlappingTemplate,m=9 template=1 1 1 0 1 1 0 1 0,couple,3,3.9800487932304232e-178,3.9800487932304232e-178,reported_by_STS_full_precision,fail,0.01,STS SUCCESS and p >= 0.01,6
encrypted,NonOverlappingTemplate,m=9 template=1 1 1 0 1 1 0 1 0,girl,4,1.2697656039991131e-124,1.2697656039991131e-124,reported_by_STS_full_precision,fail,0.01,STS SUCCESS and p >= 0.01,6
encrypted,NonOverlappingTemplate,m=9 template=1 1 1 0 1 1 0 1 0,lena,5,6.0702170568832825e-06,6.0702170568832825e-06,reported_by_STS_full_precision,fail,0.01,STS SUCCESS and p >= 0.01,6
encrypted,NonOverlappingTemplate,m=9 template=1 1 1 0 1 1 0 1 0,peppers,6,0.0011734728029438068,0.0011734728029438068,reported_by_STS_full_precision,fail,0.01,STS SUCCESS and p >= 0.01,6
encrypted,NonOverlappingTemplate,m=9 template=1 1 1 0 1 1 1 0 0,airplane,1,2.3401359959412884e-136,2.3401359959412884e-136,reported_by_STS_full_precision,fail,0.01,STS SUCCESS and p >= 0.01,6
encrypted,NonOverlappingTemplate,m=9 template=1 1 1 0 1 1 1 0 0,baboon,2,7.4614912103565945e-81,7.4614912103565945e-81,reported_by_STS_full_precision,fail,0.01,STS SUCCESS and p >= 0.01,6
encrypted,NonOverlappingTemplate,m=9 template=1 1 1 0 1 1 1 0 0,couple,3,2.4702766165484888e-296,2.4702766165484888e-296,reported_by_STS_full_precision,fail,0.01,STS SUCCESS and p >= 0.01,6
encrypted,NonOverlappingTemplate,m=9 template=1 1 1 0 1 1 1 0 0,girl,4,1.2285402261858939e-203,1.2285402261858939e-203,reported_by_STS_full_precision,fail,0.01,STS SUCCESS and p >= 0.01,6
encrypted,NonOverlappingTemplate,m=9 template=1 1 1 0 1 1 1 0 0,lena,5,0.007193684724981211,0.007193684724981211,reported_by_STS_full_precision,fail,0.01,STS SUCCESS and p >= 0.01,6
encrypted,NonOverlappingTemplate,m=9 template=1 1 1 0 1 1 1 0 0,peppers,6,2.9482723453397097e-22,2.9482723453397097e-22,reported_by_STS_full_precision,fail,0.01,STS SUCCESS and p >= 0.01,6
encrypted,NonOverlappingTemplate,m=9 template=1 1 1 1 0 0 0 0 0,airplane,1,2.2847729536545885e-06,2.2847729536545885e-06,reported_by_STS_full_precision,fail,0.01,STS SUCCESS and p >= 0.01,6
encrypted,NonOverlappingTemplate,m=9 template=1 1 1 1 0 0 0 0 0,baboon,2,4.5056496006329431e-104,4.5056496006329431e-104,reported_by_STS_full_precision,fail,0.01,STS SUCCESS and p >= 0.01,6
encrypted,NonOverlappingTemplate,m=9 template=1 1 1 1 0 0 0 0 0,couple,3,3.6430267735296356e-110,3.6430267735296356e-110,reported_by_STS_full_precision,fail,0.01,STS SUCCESS and p >= 0.01,6
encrypted,NonOverlappingTemplate,m=9 template=1 1 1 1 0 0 0 0 0,girl,4,6.713636833845704e-145,6.713636833845704e-145,reported_by_STS_full_precision,fail,0.01,STS SUCCESS and p >= 0.01,6
encrypted,NonOverlappingTemplate,m=9 template=1 1 1 1 0 0 0 0 0,lena,5,4.7000367525975228e-53,4.7000367525975228e-53,reported_by_STS_full_precision,fail,0.01,STS SUCCESS and p >= 0.01,6
encrypted,NonOverlappingTemplate,m=9 template=1 1 1 1 0 0 0 0 0,peppers,6,3.1822227957157778e-40,3.1822227957157778e-40,reported_by_STS_full_precision,fail,0.01,STS SUCCESS and p >= 0.01,6
encrypted,NonOverlappingTemplate,m=9 template=1 1 1 1 0 0 0 1 0,airplane,1,2.5757702584427749e-10,2.5757702584427749e-10,reported_by_STS_full_precision,fail,0.01,STS SUCCESS and p >= 0.01,6
encrypted,NonOverlappingTemplate,m=9 template=1 1 1 1 0 0 0 1 0,baboon,2,4.8516770281256519e-09,4.8516770281256519e-09,reported_by_STS_full_precision,fail,0.01,STS SUCCESS and p >= 0.01,6
encrypted,NonOverlappingTemplate,m=9 template=1 1 1 1 0 0 0 1 0,couple,3,0.0007309591187431723,0.0007309591187431723,reported_by_STS_full_precision,fail,0.01,STS SUCCESS and p >= 0.01,6
encrypted,NonOverlappingTemplate,m=9 template=1 1 1 1 0 0 0 1 0,girl,4,1.1517112224031629e-05,1.1517112224031629e-05,reported_by_STS_full_precision,fail,0.01,STS SUCCESS and p >= 0.01,6
encrypted,NonOverlappingTemplate,m=9 template=1 1 1 1 0 0 0 1 0,lena,5,3.8629045881170139e-33,3.8629045881170139e-33,reported_by_STS_full_precision,fail,0.01,STS SUCCESS and p >= 0.01,6
encrypted,NonOverlappingTemplate,m=9 template=1 1 1 1 0 0 0 1 0,peppers,6,9.0592784475280871e-09,9.0592784475280871e-09,reported_by_STS_full_precision,fail,0.01,STS SUCCESS and p >= 0.01,6
encrypted,NonOverlappingTemplate,m=9 template=1 1 1 1 0 0 1 0 0,airplane,1,6.703711760940365e-05,6.703711760940365e-05,reported_by_STS_full_precision,fail,0.01,STS SUCCESS and p >= 0.01,6
encrypted,NonOverlappingTemplate,m=9 template=1 1 1 1 0 0 1 0 0,baboon,2,1.1502835809454188e-18,1.1502835809454188e-18,reported_by_STS_full_precision,fail,0.01,STS SUCCESS and p >= 0.01,6
encrypted,NonOverlappingTemplate,m=9 template=1 1 1 1 0 0 1 0 0,couple,3,1.030201825856896e-67,1.030201825856896e-67,reported_by_STS_full_precision,fail,0.01,STS SUCCESS and p >= 0.01,6
encrypted,NonOverlappingTemplate,m=9 template=1 1 1 1 0 0 1 0 0,girl,4,3.7525447692902114e-18,3.7525447692902114e-18,reported_by_STS_full_precision,fail,0.01,STS SUCCESS and p >= 0.01,6
encrypted,NonOverlappingTemplate,m=9 template=1 1 1 1 0 0 1 0 0,lena,5,1.7876806309311819e-26,1.7876806309311819e-26,reported_by_STS_full_precision,fail,0.01,STS SUCCESS and p >= 0.01,6
encrypted,NonOverlappingTemplate,m=9 template=1 1 1 1 0 0 1 0 0,peppers,6,1.4911506979124815e-17,1.4911506979124815e-17,reported_by_STS_full_precision,fail,0.01,STS SUCCESS and p >= 0.01,6
encrypted,NonOverlappingTemplate,m=9 template=1 1 1 1 0 0 1 1 0,airplane,1,1.2351352651636378e-98,1.2351352651636378e-98,reported_by_STS_full_precision,fail,0.01,STS SUCCESS and p >= 0.01,6
encrypted,NonOverlappingTemplate,m=9 template=1 1 1 1 0 0 1 1 0,baboon,2,9.4360321318073753e-14,9.4360321318073753e-14,reported_by_STS_full_precision,fail,0.01,STS SUCCESS and p >= 0.01,6
encrypted,NonOverlappingTemplate,m=9 template=1 1 1 1 0 0 1 1 0,couple,3,1.4299342671386958e-119,1.4299342671386958e-119,reported_by_STS_full_precision,fail,0.01,STS SUCCESS and p >= 0.01,6
encrypted,NonOverlappingTemplate,m=9 template=1 1 1 1 0 0 1 1 0,girl,4,1.6944159836356649e-31,1.6944159836356649e-31,reported_by_STS_full_precision,fail,0.01,STS SUCCESS and p >= 0.01,6
encrypted,NonOverlappingTemplate,m=9 template=1 1 1 1 0 0 1 1 0,lena,5,0.047306382351287556,0.047306382351287556,reported_by_STS_full_precision,pass,0.01,STS SUCCESS and p >= 0.01,6
encrypted,NonOverlappingTemplate,m=9 template=1 1 1 1 0 0 1 1 0,peppers,6,1.0050765839985307e-06,1.0050765839985307e-06,reported_by_STS_full_precision,fail,0.01,STS SUCCESS and p >= 0.01,6
encrypted,NonOverlappingTemplate,m=9 template=1 1 1 1 0 1 0 0 0,airplane,1,4.8539315757813861e-05,4.8539315757813861e-05,reported_by_STS_full_precision,fail,0.01,STS SUCCESS and p >= 0.01,6
encrypted,NonOverlappingTemplate,m=9 template=1 1 1 1 0 1 0 0 0,baboon,2,5.4669889398599857e-35,5.4669889398599857e-35,reported_by_STS_full_precision,fail,0.01,STS SUCCESS and p >= 0.01,6
encrypted,NonOverlappingTemplate,m=9 template=1 1 1 1 0 1 0 0 0,couple,3,7.0607811953139943e-168,7.0607811953139943e-168,reported_by_STS_full_precision,fail,0.01,STS SUCCESS and p >= 0.01,6
encrypted,NonOverlappingTemplate,m=9 template=1 1 1 1 0 1 0 0 0,girl,4,3.4410896987324884e-130,3.4410896987324884e-130,reported_by_STS_full_precision,fail,0.01,STS SUCCESS and p >= 0.01,6
encrypted,NonOverlappingTemplate,m=9 template=1 1 1 1 0 1 0 0 0,lena,5,1.892479759885734e-21,1.892479759885734e-21,reported_by_STS_full_precision,fail,0.01,STS SUCCESS and p >= 0.01,6
encrypted,NonOverlappingTemplate,m=9 template=1 1 1 1 0 1 0 0 0,peppers,6,1.7164061647693488e-51,1.7164061647693488e-51,reported_by_STS_full_precision,fail,0.01,STS SUCCESS and p >= 0.01,6
encrypted,NonOverlappingTemplate,m=9 template=1 1 1 1 0 1 0 1 0,airplane,1,0.83258421766147772,0.83258421766147772,reported_by_STS_full_precision,pass,0.01,STS SUCCESS and p >= 0.01,6
encrypted,NonOverlappingTemplate,m=9 template=1 1 1 1 0 1 0 1 0,baboon,2,2.8108688908547381e-07,2.8108688908547381e-07,reported_by_STS_full_precision,fail,0.01,STS SUCCESS and p >= 0.01,6
encrypted,NonOverlappingTemplate,m=9 template=1 1 1 1 0 1 0 1 0,couple,3,1.2324715059140721e-133,1.2324715059140721e-133,reported_by_STS_full_precision,fail,0.01,STS SUCCESS and p >= 0.01,6
encrypted,NonOverlappingTemplate,m=9 template=1 1 1 1 0 1 0 1 0,girl,4,1.1145804403022962e-115,1.1145804403022962e-115,reported_by_STS_full_precision,fail,0.01,STS SUCCESS and p >= 0.01,6
encrypted,NonOverlappingTemplate,m=9 template=1 1 1 1 0 1 0 1 0,lena,5,0.11153253421603204,0.11153253421603204,reported_by_STS_full_precision,pass,0.01,STS SUCCESS and p >= 0.01,6
encrypted,NonOverlappingTemplate,m=9 template=1 1 1 1 0 1 0 1 0,peppers,6,2.8643639975729469e-14,2.8643639975729469e-14,reported_by_STS_full_precision,fail,0.01,STS SUCCESS and p >= 0.01,6
encrypted,NonOverlappingTemplate,m=9 template=1 1 1 1 0 1 1 0 0,airplane,1,6.3299106347565842e-126,6.3299106347565842e-126,reported_by_STS_full_precision,fail,0.01,STS SUCCESS and p >= 0.01,6
encrypted,NonOverlappingTemplate,m=9 template=1 1 1 1 0 1 1 0 0,baboon,2,4.1833159214249503e-73,4.1833159214249503e-73,reported_by_STS_full_precision,fail,0.01,STS SUCCESS and p >= 0.01,6
encrypted,NonOverlappingTemplate,m=9 template=1 1 1 1 0 1 1 0 0,couple,3,9.549209295853184e-282,9.549209295853184e-282,reported_by_STS_full_precision,fail,0.01,STS SUCCESS and p >= 0.01,6
encrypted,NonOverlappingTemplate,m=9 template=1 1 1 1 0 1 1 0 0,girl,4,9.4281289722440621e-196,9.4281289722440621e-196,reported_by_STS_full_precision,fail,0.01,STS SUCCESS and p >= 0.01,6
encrypted,NonOverlappingTemplate,m=9 template=1 1 1 1 0 1 1 0 0,lena,5,0.011921444982153442,0.011921444982153442,reported_by_STS_full_precision,pass,0.01,STS SUCCESS and p >= 0.01,6
encrypted,NonOverlappingTemplate,m=9 template=1 1 1 1 0 1 1 0 0,peppers,6,1.3735164829723489e-30,1.3735164829723489e-30,reported_by_STS_full_precision,fail,0.01,STS SUCCESS and p >= 0.01,6
encrypted,NonOverlappingTemplate,m=9 template=1 1 1 1 0 1 1 1 0,airplane,1,3.5208705456793954e-73,3.5208705456793954e-73,reported_by_STS_full_precision,fail,0.01,STS SUCCESS and p >= 0.01,6
encrypted,NonOverlappingTemplate,m=9 template=1 1 1 1 0 1 1 1 0,baboon,2,1.0546279032717351e-131,1.0546279032717351e-131,reported_by_STS_full_precision,fail,0.01,STS SUCCESS and p >= 0.01,6
encrypted,NonOverlappingTemplate,m=9 template=1 1 1 1 0 1 1 1 0,couple,3,1.2505300734163262e-309,1.2505300734163262e-309,reported_by_STS_full_precision,fail,0.01,STS SUCCESS and p >= 0.01,6
encrypted,NonOverlappingTemplate,m=9 template=1 1 1 1 0 1 1 1 0,girl,4,5.8149482269853643e-225,5.8149482269853643e-225,reported_by_STS_full_precision,fail,0.01,STS SUCCESS and p >= 0.01,6
encrypted,NonOverlappingTemplate,m=9 template=1 1 1 1 0 1 1 1 0,lena,5,9.4904752585582352e-07,9.4904752585582352e-07,reported_by_STS_full_precision,fail,0.01,STS SUCCESS and p >= 0.01,6
encrypted,NonOverlappingTemplate,m=9 template=1 1 1 1 0 1 1 1 0,peppers,6,2.0915675589084406e-45,2.0915675589084406e-45,reported_by_STS_full_precision,fail,0.01,STS SUCCESS and p >= 0.01,6
encrypted,NonOverlappingTemplate,m=9 template=1 1 1 1 1 0 0 0 0,airplane,1,7.4758506173491854e-13,7.4758506173491854e-13,reported_by_STS_full_precision,fail,0.01,STS SUCCESS and p >= 0.01,6
encrypted,NonOverlappingTemplate,m=9 template=1 1 1 1 1 0 0 0 0,baboon,2,1.5974371720719e-139,1.5974371720719e-139,reported_by_STS_full_precision,fail,0.01,STS SUCCESS and p >= 0.01,6
encrypted,NonOverlappingTemplate,m=9 template=1 1 1 1 1 0 0 0 0,couple,3,2.5389567805799891e-232,2.5389567805799891e-232,reported_by_STS_full_precision,fail,0.01,STS SUCCESS and p >= 0.01,6
encrypted,NonOverlappingTemplate,m=9 template=1 1 1 1 1 0 0 0 0,girl,4,3.4592501615720755e-204,3.4592501615720755e-204,reported_by_STS_full_precision,fail,0.01,STS SUCCESS and p >= 0.01,6
encrypted,NonOverlappingTemplate,m=9 template=1 1 1 1 1 0 0 0 0,lena,5,6.6407917194532761e-77,6.6407917194532761e-77,reported_by_STS_full_precision,fail,0.01,STS SUCCESS and p >= 0.01,6
encrypted,NonOverlappingTemplate,m=9 template=1 1 1 1 1 0 0 0 0,peppers,6,7.3781818533160076e-88,7.3781818533160076e-88,reported_by_STS_full_precision,fail,0.01,STS SUCCESS and p >= 0.01,6
encrypted,NonOverlappingTemplate,m=9 template=1 1 1 1 1 0 0 1 0,airplane,1,2.0916810638669902e-10,2.0916810638669902e-10,reported_by_STS_full_precision,fail,0.01,STS SUCCESS and p >= 0.01,6
encrypted,NonOverlappingTemplate,m=9 template=1 1 1 1 1 0 0 1 0,baboon,2,3.0676484159729364e-23,3.0676484159729364e-23,reported_by_STS_full_precision,fail,0.01,STS SUCCESS and p >= 0.01,6
encrypted,NonOverlappingTemplate,m=9 template=1 1 1 1 1 0 0 1 0,couple,3,4.9855643965859847e-77,4.9855643965859847e-77,reported_by_STS_full_precision,fail,0.01,STS SUCCESS and p >= 0.01,6
encrypted,NonOverlappingTemplate,m=9 template=1 1 1 1 1 0 0 1 0,girl,4,2.2337911821158145e-27,2.2337911821158145e-27,reported_by_STS_full_precision,fail,0.01,STS SUCCESS and p >= 0.01,6
encrypted,NonOverlappingTemplate,m=9 template=1 1 1 1 1 0 0 1 0,lena,5,9.0319214142162855e-25,9.0319214142162855e-25,reported_by_STS_full_precision,fail,0.01,STS SUCCESS and p >= 0.01,6
encrypted,NonOverlappingTemplate,m=9 template=1 1 1 1 1 0 0 1 0,peppers,6,2.0309610812400816e-12,2.0309610812400816e-12,reported_by_STS_full_precision,fail,0.01,STS SUCCESS and p >= 0.01,6
encrypted,NonOverlappingTemplate,m=9 template=1 1 1 1 1 0 1 0 0,airplane,1,3.9000704657956261e-07,3.9000704657956261e-07,reported_by_STS_full_precision,fail,0.01,STS SUCCESS and p >= 0.01,6
encrypted,NonOverlappingTemplate,m=9 template=1 1 1 1 1 0 1 0 0,baboon,2,3.079557710815629e-63,3.079557710815629e-63,reported_by_STS_full_precision,fail,0.01,STS SUCCESS and p >= 0.01,6
encrypted,NonOverlappingTemplate,m=9 template=1 1 1 1 1 0 1 0 0,couple,3,5.6408233778689763e-238,5.6408233778689763e-238,reported_by_STS_full_precision,fail,0.01,STS SUCCESS and p >= 0.01,6
encrypted,NonOverlappingTemplate,m=9 template=1 1 1 1 1 0 1 0 0,girl,4,3.8146149195613993e-185,3.8146149195613993e-185,reported_by_STS_full_precision,fail,0.01,STS SUCCESS and p >= 0.01,6
encrypted,NonOverlappingTemplate,m=9 template=1 1 1 1 1 0 1 0 0,lena,5,3.5451701535898127e-40,3.5451701535898127e-40,reported_by_STS_full_precision,fail,0.01,STS SUCCESS and p >= 0.01,6
encrypted,NonOverlappingTemplate,m=9 template=1 1 1 1 1 0 1 0 0,peppers,6,2.1713748564111898e-76,2.1713748564111898e-76,reported_by_STS_full_precision,fail,0.01,STS SUCCESS and p >= 0.01,6
encrypted,NonOverlappingTemplate,m=9 template=1 1 1 1 1 0 1 1 0,airplane,1,5.5166203561405599e-97,5.5166203561405599e-97,reported_by_STS_full_precision,fail,0.01,STS SUCCESS and p >= 0.01,6
encrypted,NonOverlappingTemplate,m=9 template=1 1 1 1 1 0 1 1 0,baboon,2,1.3462257645321833e-113,1.3462257645321833e-113,reported_by_STS_full_precision,fail,0.01,STS SUCCESS and p >= 0.01,6
encrypted,NonOverlappingTemplate,m=9 template=1 1 1 1 1 0 1 1 0,couple,3,5.2361880979703018e-299,5.2361880979703018e-299,reported_by_STS_full_precision,fail,0.01,STS SUCCESS and p >= 0.01,6
encrypted,NonOverlappingTemplate,m=9 template=1 1 1 1 1 0 1 1 0,girl,4,1.7304246427816446e-212,1.7304246427816446e-212,reported_by_STS_full_precision,fail,0.01,STS SUCCESS and p >= 0.01,6
encrypted,NonOverlappingTemplate,m=9 template=1 1 1 1 1 0 1 1 0,lena,5,2.3533872366900272e-11,2.3533872366900272e-11,reported_by_STS_full_precision,fail,0.01,STS SUCCESS and p >= 0.01,6
encrypted,NonOverlappingTemplate,m=9 template=1 1 1 1 1 0 1 1 0,peppers,6,1.0513256694257335e-52,1.0513256694257335e-52,reported_by_STS_full_precision,fail,0.01,STS SUCCESS and p >= 0.01,6
encrypted,NonOverlappingTemplate,m=9 template=1 1 1 1 1 1 0 0 0,airplane,1,4.5147773649469084e-23,4.5147773649469084e-23,reported_by_STS_full_precision,fail,0.01,STS SUCCESS and p >= 0.01,6
encrypted,NonOverlappingTemplate,m=9 template=1 1 1 1 1 1 0 0 0,baboon,2,1.0094987453418412e-183,1.0094987453418412e-183,reported_by_STS_full_precision,fail,0.01,STS SUCCESS and p >= 0.01,6
encrypted,NonOverlappingTemplate,m=9 template=1 1 1 1 1 1 0 0 0,couple,3,<1e-300,0,double_underflow_lt_1e-300,fail,0.01,STS SUCCESS and p >= 0.01,6
encrypted,NonOverlappingTemplate,m=9 template=1 1 1 1 1 1 0 0 0,girl,4,6.0747172210089518e-284,6.0747172210089518e-284,reported_by_STS_full_precision,fail,0.01,STS SUCCESS and p >= 0.01,6
encrypted,NonOverlappingTemplate,m=9 template=1 1 1 1 1 1 0 0 0,lena,5,2.9609736438897024e-91,2.9609736438897024e-91,reported_by_STS_full_precision,fail,0.01,STS SUCCESS and p >= 0.01,6
encrypted,NonOverlappingTemplate,m=9 template=1 1 1 1 1 1 0 0 0,peppers,6,9.0536641889237124e-108,9.0536641889237124e-108,reported_by_STS_full_precision,fail,0.01,STS SUCCESS and p >= 0.01,6
encrypted,NonOverlappingTemplate,m=9 template=1 1 1 1 1 1 0 1 0,airplane,1,4.8603553467065956e-05,4.8603553467065956e-05,reported_by_STS_full_precision,fail,0.01,STS SUCCESS and p >= 0.01,6
encrypted,NonOverlappingTemplate,m=9 template=1 1 1 1 1 1 0 1 0,baboon,2,1.0712826221694391e-85,1.0712826221694391e-85,reported_by_STS_full_precision,fail,0.01,STS SUCCESS and p >= 0.01,6
encrypted,NonOverlappingTemplate,m=9 template=1 1 1 1 1 1 0 1 0,couple,3,7.501791289063955e-246,7.501791289063955e-246,reported_by_STS_full_precision,fail,0.01,STS SUCCESS and p >= 0.01,6
encrypted,NonOverlappingTemplate,m=9 template=1 1 1 1 1 1 0 1 0,girl,4,3.2088227039127265e-217,3.2088227039127265e-217,reported_by_STS_full_precision,fail,0.01,STS SUCCESS and p >= 0.01,6
encrypted,NonOverlappingTemplate,m=9 template=1 1 1 1 1 1 0 1 0,lena,5,6.4484859717982426e-36,6.4484859717982426e-36,reported_by_STS_full_precision,fail,0.01,STS SUCCESS and p >= 0.01,6
encrypted,NonOverlappingTemplate,m=9 template=1 1 1 1 1 1 0 1 0,peppers,6,9.5562546081478335e-72,9.5562546081478335e-72,reported_by_STS_full_precision,fail,0.01,STS SUCCESS and p >= 0.01,6
encrypted,NonOverlappingTemplate,m=9 template=1 1 1 1 1 1 1 0 0,airplane,1,1.390629398329235e-31,1.390629398329235e-31,reported_by_STS_full_precision,fail,0.01,STS SUCCESS and p >= 0.01,6
encrypted,NonOverlappingTemplate,m=9 template=1 1 1 1 1 1 1 0 0,baboon,2,9.8043708406686925e-225,9.8043708406686925e-225,reported_by_STS_full_precision,fail,0.01,STS SUCCESS and p >= 0.01,6
encrypted,NonOverlappingTemplate,m=9 template=1 1 1 1 1 1 1 0 0,couple,3,<1e-300,0,double_underflow_lt_1e-300,fail,0.01,STS SUCCESS and p >= 0.01,6
encrypted,NonOverlappingTemplate,m=9 template=1 1 1 1 1 1 1 0 0,girl,4,<1e-300,0,double_underflow_lt_1e-300,fail,0.01,STS SUCCESS and p >= 0.01,6
encrypted,NonOverlappingTemplate,m=9 template=1 1 1 1 1 1 1 0 0,lena,5,5.595376816300378e-114,5.595376816300378e-114,reported_by_STS_full_precision,fail,0.01,STS SUCCESS and p >= 0.01,6
encrypted,NonOverlappingTemplate,m=9 template=1 1 1 1 1 1 1 0 0,peppers,6,7.3172917343225472e-162,7.3172917343225472e-162,reported_by_STS_full_precision,fail,0.01,STS SUCCESS and p >= 0.01,6
encrypted,NonOverlappingTemplate,m=9 template=1 1 1 1 1 1 1 1 0,airplane,1,7.1709079001793481e-25,7.1709079001793481e-25,reported_by_STS_full_precision,fail,0.01,STS SUCCESS and p >= 0.01,6
encrypted,NonOverlappingTemplate,m=9 template=1 1 1 1 1 1 1 1 0,baboon,2,9.7092939653818667e-272,9.7092939653818667e-272,reported_by_STS_full_precision,fail,0.01,STS SUCCESS and p >= 0.01,6
encrypted,NonOverlappingTemplate,m=9 template=1 1 1 1 1 1 1 1 0,couple,3,<1e-300,0,double_underflow_lt_1e-300,fail,0.01,STS SUCCESS and p >= 0.01,6
encrypted,NonOverlappingTemplate,m=9 template=1 1 1 1 1 1 1 1 0,girl,4,<1e-300,0,double_underflow_lt_1e-300,fail,0.01,STS SUCCESS and p >= 0.01,6
encrypted,NonOverlappingTemplate,m=9 template=1 1 1 1 1 1 1 1 0,lena,5,3.8515569487555118e-147,3.8515569487555118e-147,reported_by_STS_full_precision,fail,0.01,STS SUCCESS and p >= 0.01,6
encrypted,NonOverlappingTemplate,m=9 template=1 1 1 1 1 1 1 1 0,peppers,6,7.2278516960602461e-230,7.2278516960602461e-230,reported_by_STS_full_precision,fail,0.01,STS SUCCESS and p >= 0.01,6
encrypted,OverlappingTemplate,single,airplane,1,<1e-300,0,double_underflow_lt_1e-300,fail,0.01,STS SUCCESS and p >= 0.01,6
encrypted,OverlappingTemplate,single,baboon,2,8.198537154363377e-293,8.198537154363377e-293,reported_by_STS_full_precision,fail,0.01,STS SUCCESS and p >= 0.01,6
encrypted,OverlappingTemplate,single,couple,3,<1e-300,0,double_underflow_lt_1e-300,fail,0.01,STS SUCCESS and p >= 0.01,6
encrypted,OverlappingTemplate,single,girl,4,<1e-300,0,double_underflow_lt_1e-300,fail,0.01,STS SUCCESS and p >= 0.01,6
encrypted,OverlappingTemplate,single,lena,5,1.3559917532333024e-113,1.3559917532333024e-113,reported_by_STS_full_precision,fail,0.01,STS SUCCESS and p >= 0.01,6
encrypted,OverlappingTemplate,single,peppers,6,2.1462380140100704e-265,2.1462380140100704e-265,reported_by_STS_full_precision,fail,0.01,STS SUCCESS and p >= 0.01,6
encrypted,Universal,single,airplane,1,<1e-300,0,double_underflow_lt_1e-300,fail,0.01,STS SUCCESS and p >= 0.01,6
encrypted,Universal,single,baboon,2,1.5442642304052468e-73,1.5442642304052468e-73,reported_by_STS_full_precision,fail,0.01,STS SUCCESS and p >= 0.01,6
encrypted,Universal,single,couple,3,<1e-300,0,double_underflow_lt_1e-300,fail,0.01,STS SUCCESS and p >= 0.01,6
encrypted,Universal,single,girl,4,<1e-300,0,double_underflow_lt_1e-300,fail,0.01,STS SUCCESS and p >= 0.01,6
encrypted,Universal,single,lena,5,1.0758395218569019e-18,1.0758395218569019e-18,reported_by_STS_full_precision,fail,0.01,STS SUCCESS and p >= 0.01,6
encrypted,Universal,single,peppers,6,7.0444934031024664e-164,7.0444934031024664e-164,reported_by_STS_full_precision,fail,0.01,STS SUCCESS and p >= 0.01,6
encrypted,ApproximateEntropy,single,airplane,1,<1e-300,0,double_underflow_lt_1e-300,fail,0.01,STS SUCCESS and p >= 0.01,6
encrypted,ApproximateEntropy,single,baboon,2,<1e-300,0,double_underflow_lt_1e-300,fail,0.01,STS SUCCESS and p >= 0.01,6
encrypted,ApproximateEntropy,single,couple,3,<1e-300,0,double_underflow_lt_1e-300,fail,0.01,STS SUCCESS and p >= 0.01,6
encrypted,ApproximateEntropy,single,girl,4,<1e-300,0,double_underflow_lt_1e-300,fail,0.01,STS SUCCESS and p >= 0.01,6
encrypted,ApproximateEntropy,single,lena,5,<1e-300,0,double_underflow_lt_1e-300,fail,0.01,STS SUCCESS and p >= 0.01,6
encrypted,ApproximateEntropy,single,peppers,6,<1e-300,0,double_underflow_lt_1e-300,fail,0.01,STS SUCCESS and p >= 0.01,6
encrypted,RandomExcursions,state=-4,airplane,1,N/A,,not_applicable,N/A,0.01,STS SUCCESS and p >= 0.01,6
encrypted,RandomExcursions,state=-4,baboon,2,N/A,,not_applicable,N/A,0.01,STS SUCCESS and p >= 0.01,6
encrypted,RandomExcursions,state=-4,couple,3,N/A,,not_applicable,N/A,0.01,STS SUCCESS and p >= 0.01,6
encrypted,RandomExcursions,state=-4,girl,4,N/A,,not_applicable,N/A,0.01,STS SUCCESS and p >= 0.01,6
encrypted,RandomExcursions,state=-4,lena,5,N/A,,not_applicable,N/A,0.01,STS SUCCESS and p >= 0.01,6
encrypted,RandomExcursions,state=-4,peppers,6,N/A,,not_applicable,N/A,0.01,STS SUCCESS and p >= 0.01,6
encrypted,RandomExcursions,state=-3,airplane,1,N/A,,not_applicable,N/A,0.01,STS SUCCESS and p >= 0.01,6
encrypted,RandomExcursions,state=-3,baboon,2,N/A,,not_applicable,N/A,0.01,STS SUCCESS and p >= 0.01,6
encrypted,RandomExcursions,state=-3,couple,3,N/A,,not_applicable,N/A,0.01,STS SUCCESS and p >= 0.01,6
encrypted,RandomExcursions,state=-3,girl,4,N/A,,not_applicable,N/A,0.01,STS SUCCESS and p >= 0.01,6
encrypted,RandomExcursions,state=-3,lena,5,N/A,,not_applicable,N/A,0.01,STS SUCCESS and p >= 0.01,6
encrypted,RandomExcursions,state=-3,peppers,6,N/A,,not_applicable,N/A,0.01,STS SUCCESS and p >= 0.01,6
encrypted,RandomExcursions,state=-2,airplane,1,N/A,,not_applicable,N/A,0.01,STS SUCCESS and p >= 0.01,6
encrypted,RandomExcursions,state=-2,baboon,2,N/A,,not_applicable,N/A,0.01,STS SUCCESS and p >= 0.01,6
encrypted,RandomExcursions,state=-2,couple,3,N/A,,not_applicable,N/A,0.01,STS SUCCESS and p >= 0.01,6
encrypted,RandomExcursions,state=-2,girl,4,N/A,,not_applicable,N/A,0.01,STS SUCCESS and p >= 0.01,6
encrypted,RandomExcursions,state=-2,lena,5,N/A,,not_applicable,N/A,0.01,STS SUCCESS and p >= 0.01,6
encrypted,RandomExcursions,state=-2,peppers,6,N/A,,not_applicable,N/A,0.01,STS SUCCESS and p >= 0.01,6
encrypted,RandomExcursions,state=-1,airplane,1,N/A,,not_applicable,N/A,0.01,STS SUCCESS and p >= 0.01,6
encrypted,RandomExcursions,state=-1,baboon,2,N/A,,not_applicable,N/A,0.01,STS SUCCESS and p >= 0.01,6
encrypted,RandomExcursions,state=-1,couple,3,N/A,,not_applicable,N/A,0.01,STS SUCCESS and p >= 0.01,6
encrypted,RandomExcursions,state=-1,girl,4,N/A,,not_applicable,N/A,0.01,STS SUCCESS and p >= 0.01,6
encrypted,RandomExcursions,state=-1,lena,5,N/A,,not_applicable,N/A,0.01,STS SUCCESS and p >= 0.01,6
encrypted,RandomExcursions,state=-1,peppers,6,N/A,,not_applicable,N/A,0.01,STS SUCCESS and p >= 0.01,6
encrypted,RandomExcursions,state=1,airplane,1,N/A,,not_applicable,N/A,0.01,STS SUCCESS and p >= 0.01,6
encrypted,RandomExcursions,state=1,baboon,2,N/A,,not_applicable,N/A,0.01,STS SUCCESS and p >= 0.01,6
encrypted,RandomExcursions,state=1,couple,3,N/A,,not_applicable,N/A,0.01,STS SUCCESS and p >= 0.01,6
encrypted,RandomExcursions,state=1,girl,4,N/A,,not_applicable,N/A,0.01,STS SUCCESS and p >= 0.01,6
encrypted,RandomExcursions,state=1,lena,5,N/A,,not_applicable,N/A,0.01,STS SUCCESS and p >= 0.01,6
encrypted,RandomExcursions,state=1,peppers,6,N/A,,not_applicable,N/A,0.01,STS SUCCESS and p >= 0.01,6
encrypted,RandomExcursions,state=2,airplane,1,N/A,,not_applicable,N/A,0.01,STS SUCCESS and p >= 0.01,6
encrypted,RandomExcursions,state=2,baboon,2,N/A,,not_applicable,N/A,0.01,STS SUCCESS and p >= 0.01,6
encrypted,RandomExcursions,state=2,couple,3,N/A,,not_applicable,N/A,0.01,STS SUCCESS and p >= 0.01,6
encrypted,RandomExcursions,state=2,girl,4,N/A,,not_applicable,N/A,0.01,STS SUCCESS and p >= 0.01,6
encrypted,RandomExcursions,state=2,lena,5,N/A,,not_applicable,N/A,0.01,STS SUCCESS and p >= 0.01,6
encrypted,RandomExcursions,state=2,peppers,6,N/A,,not_applicable,N/A,0.01,STS SUCCESS and p >= 0.01,6
encrypted,RandomExcursions,state=3,airplane,1,N/A,,not_applicable,N/A,0.01,STS SUCCESS and p >= 0.01,6
encrypted,RandomExcursions,state=3,baboon,2,N/A,,not_applicable,N/A,0.01,STS SUCCESS and p >= 0.01,6
encrypted,RandomExcursions,state=3,couple,3,N/A,,not_applicable,N/A,0.01,STS SUCCESS and p >= 0.01,6
encrypted,RandomExcursions,state=3,girl,4,N/A,,not_applicable,N/A,0.01,STS SUCCESS and p >= 0.01,6
encrypted,RandomExcursions,state=3,lena,5,N/A,,not_applicable,N/A,0.01,STS SUCCESS and p >= 0.01,6
encrypted,RandomExcursions,state=3,peppers,6,N/A,,not_applicable,N/A,0.01,STS SUCCESS and p >= 0.01,6
encrypted,RandomExcursions,state=4,airplane,1,N/A,,not_applicable,N/A,0.01,STS SUCCESS and p >= 0.01,6
encrypted,RandomExcursions,state=4,baboon,2,N/A,,not_applicable,N/A,0.01,STS SUCCESS and p >= 0.01,6
encrypted,RandomExcursions,state=4,couple,3,N/A,,not_applicable,N/A,0.01,STS SUCCESS and p >= 0.01,6
encrypted,RandomExcursions,state=4,girl,4,N/A,,not_applicable,N/A,0.01,STS SUCCESS and p >= 0.01,6
encrypted,RandomExcursions,state=4,lena,5,N/A,,not_applicable,N/A,0.01,STS SUCCESS and p >= 0.01,6
encrypted,RandomExcursions,state=4,peppers,6,N/A,,not_applicable,N/A,0.01,STS SUCCESS and p >= 0.01,6
encrypted,RandomExcursionsVariant,state=-9,airplane,1,N/A,,not_applicable,N/A,0.01,STS SUCCESS and p >= 0.01,6
encrypted,RandomExcursionsVariant,state=-9,baboon,2,N/A,,not_applicable,N/A,0.01,STS SUCCESS and p >= 0.01,6
encrypted,RandomExcursionsVariant,state=-9,couple,3,N/A,,not_applicable,N/A,0.01,STS SUCCESS and p >= 0.01,6
encrypted,RandomExcursionsVariant,state=-9,girl,4,N/A,,not_applicable,N/A,0.01,STS SUCCESS and p >= 0.01,6
encrypted,RandomExcursionsVariant,state=-9,lena,5,N/A,,not_applicable,N/A,0.01,STS SUCCESS and p >= 0.01,6
encrypted,RandomExcursionsVariant,state=-9,peppers,6,N/A,,not_applicable,N/A,0.01,STS SUCCESS and p >= 0.01,6
encrypted,RandomExcursionsVariant,state=-8,airplane,1,N/A,,not_applicable,N/A,0.01,STS SUCCESS and p >= 0.01,6
encrypted,RandomExcursionsVariant,state=-8,baboon,2,N/A,,not_applicable,N/A,0.01,STS SUCCESS and p >= 0.01,6
encrypted,RandomExcursionsVariant,state=-8,couple,3,N/A,,not_applicable,N/A,0.01,STS SUCCESS and p >= 0.01,6
encrypted,RandomExcursionsVariant,state=-8,girl,4,N/A,,not_applicable,N/A,0.01,STS SUCCESS and p >= 0.01,6
encrypted,RandomExcursionsVariant,state=-8,lena,5,N/A,,not_applicable,N/A,0.01,STS SUCCESS and p >= 0.01,6
encrypted,RandomExcursionsVariant,state=-8,peppers,6,N/A,,not_applicable,N/A,0.01,STS SUCCESS and p >= 0.01,6
encrypted,RandomExcursionsVariant,state=-7,airplane,1,N/A,,not_applicable,N/A,0.01,STS SUCCESS and p >= 0.01,6
encrypted,RandomExcursionsVariant,state=-7,baboon,2,N/A,,not_applicable,N/A,0.01,STS SUCCESS and p >= 0.01,6
encrypted,RandomExcursionsVariant,state=-7,couple,3,N/A,,not_applicable,N/A,0.01,STS SUCCESS and p >= 0.01,6
encrypted,RandomExcursionsVariant,state=-7,girl,4,N/A,,not_applicable,N/A,0.01,STS SUCCESS and p >= 0.01,6
encrypted,RandomExcursionsVariant,state=-7,lena,5,N/A,,not_applicable,N/A,0.01,STS SUCCESS and p >= 0.01,6
encrypted,RandomExcursionsVariant,state=-7,peppers,6,N/A,,not_applicable,N/A,0.01,STS SUCCESS and p >= 0.01,6
encrypted,RandomExcursionsVariant,state=-6,airplane,1,N/A,,not_applicable,N/A,0.01,STS SUCCESS and p >= 0.01,6
encrypted,RandomExcursionsVariant,state=-6,baboon,2,N/A,,not_applicable,N/A,0.01,STS SUCCESS and p >= 0.01,6
encrypted,RandomExcursionsVariant,state=-6,couple,3,N/A,,not_applicable,N/A,0.01,STS SUCCESS and p >= 0.01,6
encrypted,RandomExcursionsVariant,state=-6,girl,4,N/A,,not_applicable,N/A,0.01,STS SUCCESS and p >= 0.01,6
encrypted,RandomExcursionsVariant,state=-6,lena,5,N/A,,not_applicable,N/A,0.01,STS SUCCESS and p >= 0.01,6
encrypted,RandomExcursionsVariant,state=-6,peppers,6,N/A,,not_applicable,N/A,0.01,STS SUCCESS and p >= 0.01,6
encrypted,RandomExcursionsVariant,state=-5,airplane,1,N/A,,not_applicable,N/A,0.01,STS SUCCESS and p >= 0.01,6
encrypted,RandomExcursionsVariant,state=-5,baboon,2,N/A,,not_applicable,N/A,0.01,STS SUCCESS and p >= 0.01,6
encrypted,RandomExcursionsVariant,state=-5,couple,3,N/A,,not_applicable,N/A,0.01,STS SUCCESS and p >= 0.01,6
encrypted,RandomExcursionsVariant,state=-5,girl,4,N/A,,not_applicable,N/A,0.01,STS SUCCESS and p >= 0.01,6
encrypted,RandomExcursionsVariant,state=-5,lena,5,N/A,,not_applicable,N/A,0.01,STS SUCCESS and p >= 0.01,6
encrypted,RandomExcursionsVariant,state=-5,peppers,6,N/A,,not_applicable,N/A,0.01,STS SUCCESS and p >= 0.01,6
encrypted,RandomExcursionsVariant,state=-4,airplane,1,N/A,,not_applicable,N/A,0.01,STS SUCCESS and p >= 0.01,6
encrypted,RandomExcursionsVariant,state=-4,baboon,2,N/A,,not_applicable,N/A,0.01,STS SUCCESS and p >= 0.01,6
encrypted,RandomExcursionsVariant,state=-4,couple,3,N/A,,not_applicable,N/A,0.01,STS SUCCESS and p >= 0.01,6
encrypted,RandomExcursionsVariant,state=-4,girl,4,N/A,,not_applicable,N/A,0.01,STS SUCCESS and p >= 0.01,6
encrypted,RandomExcursionsVariant,state=-4,lena,5,N/A,,not_applicable,N/A,0.01,STS SUCCESS and p >= 0.01,6
encrypted,RandomExcursionsVariant,state=-4,peppers,6,N/A,,not_applicable,N/A,0.01,STS SUCCESS and p >= 0.01,6
encrypted,RandomExcursionsVariant,state=-3,airplane,1,N/A,,not_applicable,N/A,0.01,STS SUCCESS and p >= 0.01,6
encrypted,RandomExcursionsVariant,state=-3,baboon,2,N/A,,not_applicable,N/A,0.01,STS SUCCESS and p >= 0.01,6
encrypted,RandomExcursionsVariant,state=-3,couple,3,N/A,,not_applicable,N/A,0.01,STS SUCCESS and p >= 0.01,6
encrypted,RandomExcursionsVariant,state=-3,girl,4,N/A,,not_applicable,N/A,0.01,STS SUCCESS and p >= 0.01,6
encrypted,RandomExcursionsVariant,state=-3,lena,5,N/A,,not_applicable,N/A,0.01,STS SUCCESS and p >= 0.01,6
encrypted,RandomExcursionsVariant,state=-3,peppers,6,N/A,,not_applicable,N/A,0.01,STS SUCCESS and p >= 0.01,6
encrypted,RandomExcursionsVariant,state=-2,airplane,1,N/A,,not_applicable,N/A,0.01,STS SUCCESS and p >= 0.01,6
encrypted,RandomExcursionsVariant,state=-2,baboon,2,N/A,,not_applicable,N/A,0.01,STS SUCCESS and p >= 0.01,6
encrypted,RandomExcursionsVariant,state=-2,couple,3,N/A,,not_applicable,N/A,0.01,STS SUCCESS and p >= 0.01,6
encrypted,RandomExcursionsVariant,state=-2,girl,4,N/A,,not_applicable,N/A,0.01,STS SUCCESS and p >= 0.01,6
encrypted,RandomExcursionsVariant,state=-2,lena,5,N/A,,not_applicable,N/A,0.01,STS SUCCESS and p >= 0.01,6
encrypted,RandomExcursionsVariant,state=-2,peppers,6,N/A,,not_applicable,N/A,0.01,STS SUCCESS and p >= 0.01,6
encrypted,RandomExcursionsVariant,state=-1,airplane,1,N/A,,not_applicable,N/A,0.01,STS SUCCESS and p >= 0.01,6
encrypted,RandomExcursionsVariant,state=-1,baboon,2,N/A,,not_applicable,N/A,0.01,STS SUCCESS and p >= 0.01,6
encrypted,RandomExcursionsVariant,state=-1,couple,3,N/A,,not_applicable,N/A,0.01,STS SUCCESS and p >= 0.01,6
encrypted,RandomExcursionsVariant,state=-1,girl,4,N/A,,not_applicable,N/A,0.01,STS SUCCESS and p >= 0.01,6
encrypted,RandomExcursionsVariant,state=-1,lena,5,N/A,,not_applicable,N/A,0.01,STS SUCCESS and p >= 0.01,6
encrypted,RandomExcursionsVariant,state=-1,peppers,6,N/A,,not_applicable,N/A,0.01,STS SUCCESS and p >= 0.01,6
encrypted,RandomExcursionsVariant,state=1,airplane,1,N/A,,not_applicable,N/A,0.01,STS SUCCESS and p >= 0.01,6
encrypted,RandomExcursionsVariant,state=1,baboon,2,N/A,,not_applicable,N/A,0.01,STS SUCCESS and p >= 0.01,6
encrypted,RandomExcursionsVariant,state=1,couple,3,N/A,,not_applicable,N/A,0.01,STS SUCCESS and p >= 0.01,6
encrypted,RandomExcursionsVariant,state=1,girl,4,N/A,,not_applicable,N/A,0.01,STS SUCCESS and p >= 0.01,6
encrypted,RandomExcursionsVariant,state=1,lena,5,N/A,,not_applicable,N/A,0.01,STS SUCCESS and p >= 0.01,6
encrypted,RandomExcursionsVariant,state=1,peppers,6,N/A,,not_applicable,N/A,0.01,STS SUCCESS and p >= 0.01,6
encrypted,RandomExcursionsVariant,state=2,airplane,1,N/A,,not_applicable,N/A,0.01,STS SUCCESS and p >= 0.01,6
encrypted,RandomExcursionsVariant,state=2,baboon,2,N/A,,not_applicable,N/A,0.01,STS SUCCESS and p >= 0.01,6
encrypted,RandomExcursionsVariant,state=2,couple,3,N/A,,not_applicable,N/A,0.01,STS SUCCESS and p >= 0.01,6
encrypted,RandomExcursionsVariant,state=2,girl,4,N/A,,not_applicable,N/A,0.01,STS SUCCESS and p >= 0.01,6
encrypted,RandomExcursionsVariant,state=2,lena,5,N/A,,not_applicable,N/A,0.01,STS SUCCESS and p >= 0.01,6
encrypted,RandomExcursionsVariant,state=2,peppers,6,N/A,,not_applicable,N/A,0.01,STS SUCCESS and p >= 0.01,6
encrypted,RandomExcursionsVariant,state=3,airplane,1,N/A,,not_applicable,N/A,0.01,STS SUCCESS and p >= 0.01,6
encrypted,RandomExcursionsVariant,state=3,baboon,2,N/A,,not_applicable,N/A,0.01,STS SUCCESS and p >= 0.01,6
encrypted,RandomExcursionsVariant,state=3,couple,3,N/A,,not_applicable,N/A,0.01,STS SUCCESS and p >= 0.01,6
encrypted,RandomExcursionsVariant,state=3,girl,4,N/A,,not_applicable,N/A,0.01,STS SUCCESS and p >= 0.01,6
encrypted,RandomExcursionsVariant,state=3,lena,5,N/A,,not_applicable,N/A,0.01,STS SUCCESS and p >= 0.01,6
encrypted,RandomExcursionsVariant,state=3,peppers,6,N/A,,not_applicable,N/A,0.01,STS SUCCESS and p >= 0.01,6
encrypted,RandomExcursionsVariant,state=4,airplane,1,N/A,,not_applicable,N/A,0.01,STS SUCCESS and p >= 0.01,6
encrypted,RandomExcursionsVariant,state=4,baboon,2,N/A,,not_applicable,N/A,0.01,STS SUCCESS and p >= 0.01,6
encrypted,RandomExcursionsVariant,state=4,couple,3,N/A,,not_applicable,N/A,0.01,STS SUCCESS and p >= 0.01,6
encrypted,RandomExcursionsVariant,state=4,girl,4,N/A,,not_applicable,N/A,0.01,STS SUCCESS and p >= 0.01,6
encrypted,RandomExcursionsVariant,state=4,lena,5,N/A,,not_applicable,N/A,0.01,STS SUCCESS and p >= 0.01,6
encrypted,RandomExcursionsVariant,state=4,peppers,6,N/A,,not_applicable,N/A,0.01,STS SUCCESS and p >= 0.01,6
encrypted,RandomExcursionsVariant,state=5,airplane,1,N/A,,not_applicable,N/A,0.01,STS SUCCESS and p >= 0.01,6
encrypted,RandomExcursionsVariant,state=5,baboon,2,N/A,,not_applicable,N/A,0.01,STS SUCCESS and p >= 0.01,6
encrypted,RandomExcursionsVariant,state=5,couple,3,N/A,,not_applicable,N/A,0.01,STS SUCCESS and p >= 0.01,6
encrypted,RandomExcursionsVariant,state=5,girl,4,N/A,,not_applicable,N/A,0.01,STS SUCCESS and p >= 0.01,6
encrypted,RandomExcursionsVariant,state=5,lena,5,N/A,,not_applicable,N/A,0.01,STS SUCCESS and p >= 0.01,6
encrypted,RandomExcursionsVariant,state=5,peppers,6,N/A,,not_applicable,N/A,0.01,STS SUCCESS and p >= 0.01,6
encrypted,RandomExcursionsVariant,state=6,airplane,1,N/A,,not_applicable,N/A,0.01,STS SUCCESS and p >= 0.01,6
encrypted,RandomExcursionsVariant,state=6,baboon,2,N/A,,not_applicable,N/A,0.01,STS SUCCESS and p >= 0.01,6
encrypted,RandomExcursionsVariant,state=6,couple,3,N/A,,not_applicable,N/A,0.01,STS SUCCESS and p >= 0.01,6
encrypted,RandomExcursionsVariant,state=6,girl,4,N/A,,not_applicable,N/A,0.01,STS SUCCESS and p >= 0.01,6
encrypted,RandomExcursionsVariant,state=6,lena,5,N/A,,not_applicable,N/A,0.01,STS SUCCESS and p >= 0.01,6
encrypted,RandomExcursionsVariant,state=6,peppers,6,N/A,,not_applicable,N/A,0.01,STS SUCCESS and p >= 0.01,6
encrypted,RandomExcursionsVariant,state=7,airplane,1,N/A,,not_applicable,N/A,0.01,STS SUCCESS and p >= 0.01,6
encrypted,RandomExcursionsVariant,state=7,baboon,2,N/A,,not_applicable,N/A,0.01,STS SUCCESS and p >= 0.01,6
encrypted,RandomExcursionsVariant,state=7,couple,3,N/A,,not_applicable,N/A,0.01,STS SUCCESS and p >= 0.01,6
encrypted,RandomExcursionsVariant,state=7,girl,4,N/A,,not_applicable,N/A,0.01,STS SUCCESS and p >= 0.01,6
encrypted,RandomExcursionsVariant,state=7,lena,5,N/A,,not_applicable,N/A,0.01,STS SUCCESS and p >= 0.01,6
encrypted,RandomExcursionsVariant,state=7,peppers,6,N/A,,not_applicable,N/A,0.01,STS SUCCESS and p >= 0.01,6
encrypted,RandomExcursionsVariant,state=8,airplane,1,N/A,,not_applicable,N/A,0.01,STS SUCCESS and p >= 0.01,6
encrypted,RandomExcursionsVariant,state=8,baboon,2,N/A,,not_applicable,N/A,0.01,STS SUCCESS and p >= 0.01,6
encrypted,RandomExcursionsVariant,state=8,couple,3,N/A,,not_applicable,N/A,0.01,STS SUCCESS and p >= 0.01,6
encrypted,RandomExcursionsVariant,state=8,girl,4,N/A,,not_applicable,N/A,0.01,STS SUCCESS and p >= 0.01,6
encrypted,RandomExcursionsVariant,state=8,lena,5,N/A,,not_applicable,N/A,0.01,STS SUCCESS and p >= 0.01,6
encrypted,RandomExcursionsVariant,state=8,peppers,6,N/A,,not_applicable,N/A,0.01,STS SUCCESS and p >= 0.01,6
encrypted,RandomExcursionsVariant,state=9,airplane,1,N/A,,not_applicable,N/A,0.01,STS SUCCESS and p >= 0.01,6
encrypted,RandomExcursionsVariant,state=9,baboon,2,N/A,,not_applicable,N/A,0.01,STS SUCCESS and p >= 0.01,6
encrypted,RandomExcursionsVariant,state=9,couple,3,N/A,,not_applicable,N/A,0.01,STS SUCCESS and p >= 0.01,6
encrypted,RandomExcursionsVariant,state=9,girl,4,N/A,,not_applicable,N/A,0.01,STS SUCCESS and p >= 0.01,6
encrypted,RandomExcursionsVariant,state=9,lena,5,N/A,,not_applicable,N/A,0.01,STS SUCCESS and p >= 0.01,6
encrypted,RandomExcursionsVariant,state=9,peppers,6,N/A,,not_applicable,N/A,0.01,STS SUCCESS and p >= 0.01,6
encrypted,Serial,delta_1,airplane,1,<1e-300,0,double_underflow_lt_1e-300,fail,0.01,STS SUCCESS and p >= 0.01,6
encrypted,Serial,delta_1,baboon,2,<1e-300,0,double_underflow_lt_1e-300,fail,0.01,STS SUCCESS and p >= 0.01,6
encrypted,Serial,delta_1,couple,3,<1e-300,0,double_underflow_lt_1e-300,fail,0.01,STS SUCCESS and p >= 0.01,6
encrypted,Serial,delta_1,girl,4,<1e-300,0,double_underflow_lt_1e-300,fail,0.01,STS SUCCESS and p >= 0.01,6
encrypted,Serial,delta_1,lena,5,<1e-300,0,double_underflow_lt_1e-300,fail,0.01,STS SUCCESS and p >= 0.01,6
encrypted,Serial,delta_1,peppers,6,<1e-300,0,double_underflow_lt_1e-300,fail,0.01,STS SUCCESS and p >= 0.01,6
encrypted,Serial,delta_2,airplane,1,<1e-300,0,double_underflow_lt_1e-300,fail,0.01,STS SUCCESS and p >= 0.01,6
encrypted,Serial,delta_2,baboon,2,2.1431967252518941e-115,2.1431967252518941e-115,reported_by_STS_full_precision,fail,0.01,STS SUCCESS and p >= 0.01,6
encrypted,Serial,delta_2,couple,3,<1e-300,0,double_underflow_lt_1e-300,fail,0.01,STS SUCCESS and p >= 0.01,6
encrypted,Serial,delta_2,girl,4,<1e-300,0,double_underflow_lt_1e-300,fail,0.01,STS SUCCESS and p >= 0.01,6
encrypted,Serial,delta_2,lena,5,3.2424958025787119e-199,3.2424958025787119e-199,reported_by_STS_full_precision,fail,0.01,STS SUCCESS and p >= 0.01,6
encrypted,Serial,delta_2,peppers,6,<1e-300,0,double_underflow_lt_1e-300,fail,0.01,STS SUCCESS and p >= 0.01,6
encrypted,LinearComplexity,single,airplane,1,0.0015190530146946496,0.0015190530146946496,reported_by_STS_full_precision,fail,0.01,STS SUCCESS and p >= 0.01,6
encrypted,LinearComplexity,single,baboon,2,0.069336827368754253,0.069336827368754253,reported_by_STS_full_precision,pass,0.01,STS SUCCESS and p >= 0.01,6
encrypted,LinearComplexity,single,couple,3,0.69009417959415797,0.69009417959415797,reported_by_STS_full_precision,pass,0.01,STS SUCCESS and p >= 0.01,6
encrypted,LinearComplexity,single,girl,4,0.22143767353804841,0.22143767353804841,reported_by_STS_full_precision,pass,0.01,STS SUCCESS and p >= 0.01,6
encrypted,LinearComplexity,single,lena,5,0.34556641532767524,0.34556641532767524,reported_by_STS_full_precision,pass,0.01,STS SUCCESS and p >= 0.01,6
encrypted,LinearComplexity,single,peppers,6,0.42166081852148135,0.42166081852148135,reported_by_STS_full_precision,pass,0.01,STS SUCCESS and p >= 0.01,6
decrypted,Frequency,single,airplane,1,<1e-300,0,double_underflow_lt_1e-300,fail,0.01,STS SUCCESS and p >= 0.01,6
decrypted,Frequency,single,baboon,2,<1e-300,0,double_underflow_lt_1e-300,fail,0.01,STS SUCCESS and p >= 0.01,6
decrypted,Frequency,single,couple,3,<1e-300,0,double_underflow_lt_1e-300,fail,0.01,STS SUCCESS and p >= 0.01,6
decrypted,Frequency,single,girl,4,<1e-300,0,double_underflow_lt_1e-300,fail,0.01,STS SUCCESS and p >= 0.01,6
decrypted,Frequency,single,lena,5,<1e-300,0,double_underflow_lt_1e-300,fail,0.01,STS SUCCESS and p >= 0.01,6
decrypted,Frequency,single,peppers,6,<1e-300,0,double_underflow_lt_1e-300,fail,0.01,STS SUCCESS and p >= 0.01,6
decrypted,BlockFrequency,single,airplane,1,<1e-300,0,double_underflow_lt_1e-300,fail,0.01,STS SUCCESS and p >= 0.01,6
decrypted,BlockFrequency,single,baboon,2,4.2368077357821034e-174,4.2368077357821034e-174,reported_by_STS_full_precision,fail,0.01,STS SUCCESS and p >= 0.01,6
decrypted,BlockFrequency,single,couple,3,<1e-300,0,double_underflow_lt_1e-300,fail,0.01,STS SUCCESS and p >= 0.01,6
decrypted,BlockFrequency,single,girl,4,<1e-300,0,double_underflow_lt_1e-300,fail,0.01,STS SUCCESS and p >= 0.01,6
decrypted,BlockFrequency,single,lena,5,<1e-300,0,double_underflow_lt_1e-300,fail,0.01,STS SUCCESS and p >= 0.01,6
decrypted,BlockFrequency,single,peppers,6,<1e-300,0,double_underflow_lt_1e-300,fail,0.01,STS SUCCESS and p >= 0.01,6
decrypted,CumulativeSums,forward,airplane,1,<1e-300,0,double_underflow_lt_1e-300,fail,0.01,STS SUCCESS and p >= 0.01,6
decrypted,CumulativeSums,forward,baboon,2,<1e-300,0,double_underflow_lt_1e-300,fail,0.01,STS SUCCESS and p >= 0.01,6
decrypted,CumulativeSums,forward,couple,3,<1e-300,0,double_underflow_lt_1e-300,fail,0.01,STS SUCCESS and p >= 0.01,6
decrypted,CumulativeSums,forward,girl,4,<1e-300,0,double_underflow_lt_1e-300,fail,0.01,STS SUCCESS and p >= 0.01,6
decrypted,CumulativeSums,forward,lena,5,<1e-300,0,double_underflow_lt_1e-300,fail,0.01,STS SUCCESS and p >= 0.01,6
decrypted,CumulativeSums,forward,peppers,6,<1e-300,0,double_underflow_lt_1e-300,fail,0.01,STS SUCCESS and p >= 0.01,6
decrypted,CumulativeSums,reverse,airplane,1,<1e-300,0,double_underflow_lt_1e-300,fail,0.01,STS SUCCESS and p >= 0.01,6
decrypted,CumulativeSums,reverse,baboon,2,<1e-300,0,double_underflow_lt_1e-300,fail,0.01,STS SUCCESS and p >= 0.01,6
decrypted,CumulativeSums,reverse,couple,3,<1e-300,0,double_underflow_lt_1e-300,fail,0.01,STS SUCCESS and p >= 0.01,6
decrypted,CumulativeSums,reverse,girl,4,<1e-300,0,double_underflow_lt_1e-300,fail,0.01,STS SUCCESS and p >= 0.01,6
decrypted,CumulativeSums,reverse,lena,5,<1e-300,0,double_underflow_lt_1e-300,fail,0.01,STS SUCCESS and p >= 0.01,6
decrypted,CumulativeSums,reverse,peppers,6,<1e-300,0,double_underflow_lt_1e-300,fail,0.01,STS SUCCESS and p >= 0.01,6
decrypted,Runs,single,airplane,1,algorithm-defined zero,0,algorithm_defined_zero (Runs criterion unmet),fail,0.01,STS SUCCESS and p >= 0.01,6
decrypted,Runs,single,baboon,2,algorithm-defined zero,0,algorithm_defined_zero (Runs criterion unmet),fail,0.01,STS SUCCESS and p >= 0.01,6
decrypted,Runs,single,couple,3,algorithm-defined zero,0,algorithm_defined_zero (Runs criterion unmet),fail,0.01,STS SUCCESS and p >= 0.01,6
decrypted,Runs,single,girl,4,algorithm-defined zero,0,algorithm_defined_zero (Runs criterion unmet),fail,0.01,STS SUCCESS and p >= 0.01,6
decrypted,Runs,single,lena,5,algorithm-defined zero,0,algorithm_defined_zero (Runs criterion unmet),fail,0.01,STS SUCCESS and p >= 0.01,6
decrypted,Runs,single,peppers,6,algorithm-defined zero,0,algorithm_defined_zero (Runs criterion unmet),fail,0.01,STS SUCCESS and p >= 0.01,6
decrypted,LongestRun,single,airplane,1,4.4003844943604797e-220,4.4003844943604797e-220,reported_by_STS_full_precision,fail,0.01,STS SUCCESS and p >= 0.01,6
decrypted,LongestRun,single,baboon,2,4.4003844943604797e-220,4.4003844943604797e-220,reported_by_STS_full_precision,fail,0.01,STS SUCCESS and p >= 0.01,6
decrypted,LongestRun,single,couple,3,4.4003844943604797e-220,4.4003844943604797e-220,reported_by_STS_full_precision,fail,0.01,STS SUCCESS and p >= 0.01,6
decrypted,LongestRun,single,girl,4,4.4003844943604797e-220,4.4003844943604797e-220,reported_by_STS_full_precision,fail,0.01,STS SUCCESS and p >= 0.01,6
decrypted,LongestRun,single,lena,5,9.7711897237108684e-105,9.7711897237108684e-105,reported_by_STS_full_precision,fail,0.01,STS SUCCESS and p >= 0.01,6
decrypted,LongestRun,single,peppers,6,4.4003844943604797e-220,4.4003844943604797e-220,reported_by_STS_full_precision,fail,0.01,STS SUCCESS and p >= 0.01,6
decrypted,Rank,single,airplane,1,<1e-300,0,double_underflow_lt_1e-300,fail,0.01,STS SUCCESS and p >= 0.01,6
decrypted,Rank,single,baboon,2,2.8229377751254136e-22,2.8229377751254136e-22,reported_by_STS_full_precision,fail,0.01,STS SUCCESS and p >= 0.01,6
decrypted,Rank,single,couple,3,<1e-300,0,double_underflow_lt_1e-300,fail,0.01,STS SUCCESS and p >= 0.01,6
decrypted,Rank,single,girl,4,<1e-300,0,double_underflow_lt_1e-300,fail,0.01,STS SUCCESS and p >= 0.01,6
decrypted,Rank,single,lena,5,<1e-300,0,double_underflow_lt_1e-300,fail,0.01,STS SUCCESS and p >= 0.01,6
decrypted,Rank,single,peppers,6,1.0909987686145109e-277,1.0909987686145109e-277,reported_by_STS_full_precision,fail,0.01,STS SUCCESS and p >= 0.01,6
decrypted,FFT,single,airplane,1,<1e-300,0,double_underflow_lt_1e-300,fail,0.01,STS SUCCESS and p >= 0.01,6
decrypted,FFT,single,baboon,2,1.7395679875650904e-171,1.7395679875650904e-171,reported_by_STS_full_precision,fail,0.01,STS SUCCESS and p >= 0.01,6
decrypted,FFT,single,couple,3,<1e-300,0,double_underflow_lt_1e-300,fail,0.01,STS SUCCESS and p >= 0.01,6
decrypted,FFT,single,girl,4,<1e-300,0,double_underflow_lt_1e-300,fail,0.01,STS SUCCESS and p >= 0.01,6
decrypted,FFT,single,lena,5,<1e-300,0,double_underflow_lt_1e-300,fail,0.01,STS SUCCESS and p >= 0.01,6
decrypted,FFT,single,peppers,6,<1e-300,0,double_underflow_lt_1e-300,fail,0.01,STS SUCCESS and p >= 0.01,6
decrypted,NonOverlappingTemplate,m=9 template=0 0 0 0 0 0 0 0 1,airplane,1,<1e-300,0,double_underflow_lt_1e-300,fail,0.01,STS SUCCESS and p >= 0.01,6
decrypted,NonOverlappingTemplate,m=9 template=0 0 0 0 0 0 0 0 1,baboon,2,2.1692694840509334e-110,2.1692694840509334e-110,reported_by_STS_full_precision,fail,0.01,STS SUCCESS and p >= 0.01,6
decrypted,NonOverlappingTemplate,m=9 template=0 0 0 0 0 0 0 0 1,couple,3,6.9443569853321773e-90,6.9443569853321773e-90,reported_by_STS_full_precision,fail,0.01,STS SUCCESS and p >= 0.01,6
decrypted,NonOverlappingTemplate,m=9 template=0 0 0 0 0 0 0 0 1,girl,4,8.4368917381461977e-53,8.4368917381461977e-53,reported_by_STS_full_precision,fail,0.01,STS SUCCESS and p >= 0.01,6
decrypted,NonOverlappingTemplate,m=9 template=0 0 0 0 0 0 0 0 1,lena,5,5.2120836433709028e-205,5.2120836433709028e-205,reported_by_STS_full_precision,fail,0.01,STS SUCCESS and p >= 0.01,6
decrypted,NonOverlappingTemplate,m=9 template=0 0 0 0 0 0 0 0 1,peppers,6,1.5443441578274717e-226,1.5443441578274717e-226,reported_by_STS_full_precision,fail,0.01,STS SUCCESS and p >= 0.01,6
decrypted,NonOverlappingTemplate,m=9 template=0 0 0 0 0 0 0 1 1,airplane,1,<1e-300,0,double_underflow_lt_1e-300,fail,0.01,STS SUCCESS and p >= 0.01,6
decrypted,NonOverlappingTemplate,m=9 template=0 0 0 0 0 0 0 1 1,baboon,2,1.4770882077581283e-66,1.4770882077581283e-66,reported_by_STS_full_precision,fail,0.01,STS SUCCESS and p >= 0.01,6
decrypted,NonOverlappingTemplate,m=9 template=0 0 0 0 0 0 0 1 1,couple,3,5.2624681249429052e-192,5.2624681249429052e-192,reported_by_STS_full_precision,fail,0.01,STS SUCCESS and p >= 0.01,6
decrypted,NonOverlappingTemplate,m=9 template=0 0 0 0 0 0 0 1 1,girl,4,1.3338296803185115e-43,1.3338296803185115e-43,reported_by_STS_full_precision,fail,0.01,STS SUCCESS and p >= 0.01,6
decrypted,NonOverlappingTemplate,m=9 template=0 0 0 0 0 0 0 1 1,lena,5,1.9372593662558193e-133,1.9372593662558193e-133,reported_by_STS_full_precision,fail,0.01,STS SUCCESS and p >= 0.01,6
decrypted,NonOverlappingTemplate,m=9 template=0 0 0 0 0 0 0 1 1,peppers,6,2.29435655274603e-72,2.29435655274603e-72,reported_by_STS_full_precision,fail,0.01,STS SUCCESS and p >= 0.01,6
decrypted,NonOverlappingTemplate,m=9 template=0 0 0 0 0 0 1 0 1,airplane,1,5.5783955491181887e-186,5.5783955491181887e-186,reported_by_STS_full_precision,fail,0.01,STS SUCCESS and p >= 0.01,6
decrypted,NonOverlappingTemplate,m=9 template=0 0 0 0 0 0 1 0 1,baboon,2,1.6723503729665486e-30,1.6723503729665486e-30,reported_by_STS_full_precision,fail,0.01,STS SUCCESS and p >= 0.01,6
decrypted,NonOverlappingTemplate,m=9 template=0 0 0 0 0 0 1 0 1,couple,3,6.6045247768774568e-105,6.6045247768774568e-105,reported_by_STS_full_precision,fail,0.01,STS SUCCESS and p >= 0.01,6
decrypted,NonOverlappingTemplate,m=9 template=0 0 0 0 0 0 1 0 1,girl,4,6.6967578266491245e-78,6.6967578266491245e-78,reported_by_STS_full_precision,fail,0.01,STS SUCCESS and p >= 0.01,6
decrypted,NonOverlappingTemplate,m=9 template=0 0 0 0 0 0 1 0 1,lena,5,2.4500825140032321e-44,2.4500825140032321e-44,reported_by_STS_full_precision,fail,0.01,STS SUCCESS and p >= 0.01,6
decrypted,NonOverlappingTemplate,m=9 template=0 0 0 0 0 0 1 0 1,peppers,6,3.863189445165434e-48,3.863189445165434e-48,reported_by_STS_full_precision,fail,0.01,STS SUCCESS and p >= 0.01,6
decrypted,NonOverlappingTemplate,m=9 template=0 0 0 0 0 0 1 1 1,airplane,1,<1e-300,0,double_underflow_lt_1e-300,fail,0.01,STS SUCCESS and p >= 0.01,6
decrypted,NonOverlappingTemplate,m=9 template=0 0 0 0 0 0 1 1 1,baboon,2,1.5671654857504754e-62,1.5671654857504754e-62,reported_by_STS_full_precision,fail,0.01,STS SUCCESS and p >= 0.01,6
decrypted,NonOverlappingTemplate,m=9 template=0 0 0 0 0 0 1 1 1,couple,3,2.1762455789823967e-153,2.1762455789823967e-153,reported_by_STS_full_precision,fail,0.01,STS SUCCESS and p >= 0.01,6
decrypted,NonOverlappingTemplate,m=9 template=0 0 0 0 0 0 1 1 1,girl,4,4.1894634666522721e-34,4.1894634666522721e-34,reported_by_STS_full_precision,fail,0.01,STS SUCCESS and p >= 0.01,6
decrypted,NonOverlappingTemplate,m=9 template=0 0 0 0 0 0 1 1 1,lena,5,3.032782341216979e-155,3.032782341216979e-155,reported_by_STS_full_precision,fail,0.01,STS SUCCESS and p >= 0.01,6
decrypted,NonOverlappingTemplate,m=9 template=0 0 0 0 0 0 1 1 1,peppers,6,7.9413178206157189e-142,7.9413178206157189e-142,reported_by_STS_full_precision,fail,0.01,STS SUCCESS and p >= 0.01,6
decrypted,NonOverlappingTemplate,m=9 template=0 0 0 0 0 1 0 0 1,airplane,1,<1e-300,0,double_underflow_lt_1e-300,fail,0.01,STS SUCCESS and p >= 0.01,6
decrypted,NonOverlappingTemplate,m=9 template=0 0 0 0 0 1 0 0 1,baboon,2,1.4644932423464722e-08,1.4644932423464722e-08,reported_by_STS_full_precision,fail,0.01,STS SUCCESS and p >= 0.01,6
decrypted,NonOverlappingTemplate,m=9 template=0 0 0 0 0 1 0 0 1,couple,3,9.3949260864467981e-180,9.3949260864467981e-180,reported_by_STS_full_precision,fail,0.01,STS SUCCESS and p >= 0.01,6
decrypted,NonOverlappingTemplate,m=9 template=0 0 0 0 0 1 0 0 1,girl,4,8.8753847015767476e-42,8.8753847015767476e-42,reported_by_STS_full_precision,fail,0.01,STS SUCCESS and p >= 0.01,6
decrypted,NonOverlappingTemplate,m=9 template=0 0 0 0 0 1 0 0 1,lena,5,2.1200081236750127e-118,2.1200081236750127e-118,reported_by_STS_full_precision,fail,0.01,STS SUCCESS and p >= 0.01,6
decrypted,NonOverlappingTemplate,m=9 template=0 0 0 0 0 1 0 0 1,peppers,6,1.7802656012732612e-18,1.7802656012732612e-18,reported_by_STS_full_precision,fail,0.01,STS SUCCESS and p >= 0.01,6
decrypted,NonOverlappingTemplate,m=9 template=0 0 0 0 0 1 0 1 1,airplane,1,4.7690694393883296e-186,4.7690694393883296e-186,reported_by_STS_full_precision,fail,0.01,STS SUCCESS and p >= 0.01,6
decrypted,NonOverlappingTemplate,m=9 template=0 0 0 0 0 1 0 1 1,baboon,2,1.8438285576603134e-14,1.8438285576603134e-14,reported_by_STS_full_precision,fail,0.01,STS SUCCESS and p >= 0.01,6
decrypted,NonOverlappingTemplate,m=9 template=0 0 0 0 0 1 0 1 1,couple,3,1.0635237294287598e-51,1.0635237294287598e-51,reported_by_STS_full_precision,fail,0.01,STS SUCCESS and p >= 0.01,6
decrypted,NonOverlappingTemplate,m=9 template=0 0 0 0 0 1 0 1 1,girl,4,3.5208495552610291e-11,3.5208495552610291e-11,reported_by_STS_full_precision,fail,0.01,STS SUCCESS and p >= 0.01,6
decrypted,NonOverlappingTemplate,m=9 template=0 0 0 0 0 1 0 1 1,lena,5,2.7070836424896604e-45,2.7070836424896604e-45,reported_by_STS_full_precision,fail,0.01,STS SUCCESS and p >= 0.01,6
decrypted,NonOverlappingTemplate,m=9 template=0 0 0 0 0 1 0 1 1,peppers,6,1.8414473482048806e-31,1.8414473482048806e-31,reported_by_STS_full_precision,fail,0.01,STS SUCCESS and p >= 0.01,6
decrypted,NonOverlappingTemplate,m=9 template=0 0 0 0 0 1 1 0 1,airplane,1,4.1206654244665838e-173,4.1206654244665838e-173,reported_by_STS_full_precision,fail,0.01,STS SUCCESS and p >= 0.01,6
decrypted,NonOverlappingTemplate,m=9 template=0 0 0 0 0 1 1 0 1,baboon,2,2.360068890412059e-14,2.360068890412059e-14,reported_by_STS_full_precision,fail,0.01,STS SUCCESS and p >= 0.01,6
decrypted,NonOverlappingTemplate,m=9 template=0 0 0 0 0 1 1 0 1,couple,3,5.7657214812757914e-73,5.7657214812757914e-73,reported_by_STS_full_precision,fail,0.01,STS SUCCESS and p >= 0.01,6
decrypted,NonOverlappingTemplate,m=9 template=0 0 0 0 0 1 1 0 1,girl,4,3.0563820496652071e-11,3.0563820496652071e-11,reported_by_STS_full_precision,fail,0.01,STS SUCCESS and p >= 0.01,6
decrypted,NonOverlappingTemplate,m=9 template=0 0 0 0 0 1 1 0 1,lena,5,6.8491584070569582e-17,6.8491584070569582e-17,reported_by_STS_full_precision,fail,0.01,STS SUCCESS and p >= 0.01,6
decrypted,NonOverlappingTemplate,m=9 template=0 0 0 0 0 1 1 0 1,peppers,6,8.1450427340491865e-53,8.1450427340491865e-53,reported_by_STS_full_precision,fail,0.01,STS SUCCESS and p >= 0.01,6
decrypted,NonOverlappingTemplate,m=9 template=0 0 0 0 0 1 1 1 1,airplane,1,<1e-300,0,double_underflow_lt_1e-300,fail,0.01,STS SUCCESS and p >= 0.01,6
decrypted,NonOverlappingTemplate,m=9 template=0 0 0 0 0 1 1 1 1,baboon,2,1.2636594092358661e-54,1.2636594092358661e-54,reported_by_STS_full_precision,fail,0.01,STS SUCCESS and p >= 0.01,6
decrypted,NonOverlappingTemplate,m=9 template=0 0 0 0 0 1 1 1 1,couple,3,2.8856439799998061e-31,2.8856439799998061e-31,reported_by_STS_full_precision,fail,0.01,STS SUCCESS and p >= 0.01,6
decrypted,NonOverlappingTemplate,m=9 template=0 0 0 0 0 1 1 1 1,girl,4,1.3092210769403954e-30,1.3092210769403954e-30,reported_by_STS_full_precision,fail,0.01,STS SUCCESS and p >= 0.01,6
decrypted,NonOverlappingTemplate,m=9 template=0 0 0 0 0 1 1 1 1,lena,5,8.0718705325841119e-187,8.0718705325841119e-187,reported_by_STS_full_precision,fail,0.01,STS SUCCESS and p >= 0.01,6
decrypted,NonOverlappingTemplate,m=9 template=0 0 0 0 0 1 1 1 1,peppers,6,2.7341019170282867e-134,2.7341019170282867e-134,reported_by_STS_full_precision,fail,0.01,STS SUCCESS and p >= 0.01,6
decrypted,NonOverlappingTemplate,m=9 template=0 0 0 0 1 0 0 0 1,airplane,1,<1e-300,0,double_underflow_lt_1e-300,fail,0.01,STS SUCCESS and p >= 0.01,6
decrypted,NonOverlappingTemplate,m=9 template=0 0 0 0 1 0 0 0 1,baboon,2,1.425822483928976e-11,1.425822483928976e-11,reported_by_STS_full_precision,fail,0.01,STS SUCCESS and p >= 0.01,6
decrypted,NonOverlappingTemplate,m=9 template=0 0 0 0 1 0 0 0 1,couple,3,1.9310666377509308e-266,1.9310666377509308e-266,reported_by_STS_full_precision,fail,0.01,STS SUCCESS and p >= 0.01,6
decrypted,NonOverlappingTemplate,m=9 template=0 0 0 0 1 0 0 0 1,girl,4,1.6514121970316414e-85,1.6514121970316414e-85,reported_by_STS_full_precision,fail,0.01,STS SUCCESS and p >= 0.01,6
decrypted,NonOverlappingTemplate,m=9 template=0 0 0 0 1 0 0 0 1,lena,5,1.1927140204830382e-106,1.1927140204830382e-106,reported_by_STS_full_precision,fail,0.01,STS SUCCESS and p >= 0.01,6
decrypted,NonOverlappingTemplate,m=9 template=0 0 0 0 1 0 0 0 1,peppers,6,7.2546512031666022e-20,7.2546512031666022e-20,reported_by_STS_full_precision,fail,0.01,STS SUCCESS and p >= 0.01,6
decrypted,NonOverlappingTemplate,m=9 template=0 0 0 0 1 0 0 1 1,airplane,1,<1e-300,0,double_underflow_lt_1e-300,fail,0.01,STS SUCCESS and p >= 0.01,6
decrypted,NonOverlappingTemplate,m=9 template=0 0 0 0 1 0 0 1 1,baboon,2,1.7475413694017551e-13,1.7475413694017551e-13,reported_by_STS_full_precision,fail,0.01,STS SUCCESS and p >= 0.01,6
decrypted,NonOverlappingTemplate,m=9 template=0 0 0 0 1 0 0 1 1,couple,3,1.1942556492392229e-48,1.1942556492392229e-48,reported_by_STS_full_precision,fail,0.01,STS SUCCESS and p >= 0.01,6
decrypted,NonOverlappingTemplate,m=9 template=0 0 0 0 1 0 0 1 1,girl,4,8.0987341622161585e-24,8.0987341622161585e-24,reported_by_STS_full_precision,fail,0.01,STS SUCCESS and p >= 0.01,6
decrypted,NonOverlappingTemplate,m=9 template=0 0 0 0 1 0 0 1 1,lena,5,4.8912017371091399e-53,4.8912017371091399e-53,reported_by_STS_full_precision,fail,0.01,STS SUCCESS and p >= 0.01,6
decrypted,NonOverlappingTemplate,m=9 template=0 0 0 0 1 0 0 1 1,peppers,6,0.00049530663521524373,0.00049530663521524373,reported_by_STS_full_precision,fail,0.01,STS SUCCESS and p >= 0.01,6
decrypted,NonOverlappingTemplate,m=9 template=0 0 0 0 1 0 1 0 1,airplane,1,1.8178720183978185e-119,1.8178720183978185e-119,reported_by_STS_full_precision,fail,0.01,STS SUCCESS and p >= 0.01,6
decrypted,NonOverlappingTemplate,m=9 template=0 0 0 0 1 0 1 0 1,baboon,2,0.00037244809096341003,0.00037244809096341003,reported_by_STS_full_precision,fail,0.01,STS SUCCESS and p >= 0.01,6
decrypted,NonOverlappingTemplate,m=9 template=0 0 0 0 1 0 1 0 1,couple,3,0.00046356393526302307,0.00046356393526302307,reported_by_STS_full_precision,fail,0.01,STS SUCCESS and p >= 0.01,6
decrypted,NonOverlappingTemplate,m=9 template=0 0 0 0 1 0 1 0 1,girl,4,1.410561538737578e-26,1.410561538737578e-26,reported_by_STS_full_precision,fail,0.01,STS SUCCESS and p >= 0.01,6
decrypted,NonOverlappingTemplate,m=9 template=0 0 0 0 1 0 1 0 1,lena,5,2.3276486755704698e-19,2.3276486755704698e-19,reported_by_STS_full_precision,fail,0.01,STS SUCCESS and p >= 0.01,6
decrypted,NonOverlappingTemplate,m=9 template=0 0 0 0 1 0 1 0 1,peppers,6,0.00022371371550069494,0.00022371371550069494,reported_by_STS_full_precision,fail,0.01,STS SUCCESS and p >= 0.01,6
decrypted,NonOverlappingTemplate,m=9 template=0 0 0 0 1 0 1 1 1,airplane,1,6.5738710756947654e-142,6.5738710756947654e-142,reported_by_STS_full_precision,fail,0.01,STS SUCCESS and p >= 0.01,6
decrypted,NonOverlappingTemplate,m=9 template=0 0 0 0 1 0 1 1 1,baboon,2,2.0447217801862839e-15,2.0447217801862839e-15,reported_by_STS_full_precision,fail,0.01,STS SUCCESS and p >= 0.01,6
decrypted,NonOverlappingTemplate,m=9 template=0 0 0 0 1 0 1 1 1,couple,3,0.15746127507638352,0.15746127507638352,reported_by_STS_full_precision,pass,0.01,STS SUCCESS and p >= 0.01,6
decrypted,NonOverlappingTemplate,m=9 template=0 0 0 0 1 0 1 1 1,girl,4,0.010929809048582872,0.010929809048582872,reported_by_STS_full_precision,pass,0.01,STS SUCCESS and p >= 0.01,6
decrypted,NonOverlappingTemplate,m=9 template=0 0 0 0 1 0 1 1 1,lena,5,0.00022594054884062344,0.00022594054884062344,reported_by_STS_full_precision,fail,0.01,STS SUCCESS and p >= 0.01,6
decrypted,NonOverlappingTemplate,m=9 template=0 0 0 0 1 0 1 1 1,peppers,6,3.9914214865459579e-33,3.9914214865459579e-33,reported_by_STS_full_precision,fail,0.01,STS SUCCESS and p >= 0.01,6
decrypted,NonOverlappingTemplate,m=9 template=0 0 0 0 1 1 0 0 1,airplane,1,1.9276007475826825e-123,1.9276007475826825e-123,reported_by_STS_full_precision,fail,0.01,STS SUCCESS and p >= 0.01,6
decrypted,NonOverlappingTemplate,m=9 template=0 0 0 0 1 1 0 0 1,baboon,2,2.5558796790194122e-19,2.5558796790194122e-19,reported_by_STS_full_precision,fail,0.01,STS SUCCESS and p >= 0.01,6
decrypted,NonOverlappingTemplate,m=9 template=0 0 0 0 1 1 0 0 1,couple,3,1.3648133504645134e-53,1.3648133504645134e-53,reported_by_STS_full_precision,fail,0.01,STS SUCCESS and p >= 0.01,6
decrypted,NonOverlappingTemplate,m=9 template=0 0 0 0 1 1 0 0 1,girl,4,4.4117785800159177e-32,4.4117785800159177e-32,reported_by_STS_full_precision,fail,0.01,STS SUCCESS and p >= 0.01,6
decrypted,NonOverlappingTemplate,m=9 template=0 0 0 0 1 1 0 0 1,lena,5,1.3130649819527202e-29,1.3130649819527202e-29,reported_by_STS_full_precision,fail,0.01,STS SUCCESS and p >= 0.01,6
decrypted,NonOverlappingTemplate,m=9 template=0 0 0 0 1 1 0 0 1,peppers,6,4.3418485407995106e-10,4.3418485407995106e-10,reported_by_STS_full_precision,fail,0.01,STS SUCCESS and p >= 0.01,6
decrypted,NonOverlappingTemplate,m=9 template=0 0 0 0 1 1 0 1 1,airplane,1,4.9837977125311301e-184,4.9837977125311301e-184,reported_by_STS_full_precision,fail,0.01,STS SUCCESS and p >= 0.01,6
decrypted,NonOverlappingTemplate,m=9 template=0 0 0 0 1 1 0 1 1,baboon,2,3.1228507412405755e-09,3.1228507412405755e-09,reported_by_STS_full_precision,fail,0.01,STS SUCCESS and p >= 0.01,6
decrypted,NonOverlappingTemplate,m=9 template=0 0 0 0 1 1 0 1 1,couple,3,0.00015589945022587205,0.00015589945022587205,reported_by_STS_full_precision,fail,0.01,STS SUCCESS and p >= 0.01,6
decrypted,NonOverlappingTemplate,m=9 template=0 0 0 0 1 1 0 1 1,girl,4,0.00029237682213348966,0.00029237682213348966,reported_by_STS_full_precision,fail,0.01,STS SUCCESS and p >= 0.01,6
decrypted,NonOverlappingTemplate,m=9 template=0 0 0 0 1 1 0 1 1,lena,5,0.00039823540331226589,0.00039823540331226589,reported_by_STS_full_precision,fail,0.01,STS SUCCESS and p >= 0.01,6
decrypted,NonOverlappingTemplate,m=9 template=0 0 0 0 1 1 0 1 1,peppers,6,6.5110573205826408e-32,6.5110573205826408e-32,reported_by_STS_full_precision,fail,0.01,STS SUCCESS and p >= 0.01,6
decrypted,NonOverlappingTemplate,m=9 template=0 0 0 0 1 1 1 0 1,airplane,1,3.103805407566993e-148,3.103805407566993e-148,reported_by_STS_full_precision,fail,0.01,STS SUCCESS and p >= 0.01,6
decrypted,NonOverlappingTemplate,m=9 template=0 0 0 0 1 1 1 0 1,baboon,2,4.7954724555967631e-08,4.7954724555967631e-08,reported_by_STS_full_precision,fail,0.01,STS SUCCESS and p >= 0.01,6
decrypted,NonOverlappingTemplate,m=9 template=0 0 0 0 1 1 1 0 1,couple,3,4.3592196034553631e-12,4.3592196034553631e-12,reported_by_STS_full_precision,fail,0.01,STS SUCCESS and p >= 0.01,6
decrypted,NonOverlappingTemplate,m=9 template=0 0 0 0 1 1 1 0 1,girl,4,9.0530345183297411e-06,9.0530345183297411e-06,reported_by_STS_full_precision,fail,0.01,STS SUCCESS and p >= 0.01,6
decrypted,NonOverlappingTemplate,m=9 template=0 0 0 0 1 1 1 0 1,lena,5,1.0146958239043861e-22,1.0146958239043861e-22,reported_by_STS_full_precision,fail,0.01,STS SUCCESS and p >= 0.01,6
decrypted,NonOverlappingTemplate,m=9 template=0 0 0 0 1 1 1 0 1,peppers,6,1.2872063496164011e-55,1.2872063496164011e-55,reported_by_STS_full_precision,fail,0.01,STS SUCCESS and p >= 0.01,6
decrypted,NonOverlappingTemplate,m=9 template=0 0 0 0 1 1 1 1 1,airplane,1,<1e-300,0,double_underflow_lt_1e-300,fail,0.01,STS SUCCESS and p >= 0.01,6
decrypted,NonOverlappingTemplate,m=9 template=0 0 0 0 1 1 1 1 1,baboon,2,7.4721314122529894e-57,7.4721314122529894e-57,reported_by_STS_full_precision,fail,0.01,STS SUCCESS and p >= 0.01,6
decrypted,NonOverlappingTemplate,m=9 template=0 0 0 0 1 1 1 1 1,couple,3,2.0776168736049617e-38,2.0776168736049617e-38,reported_by_STS_full_precision,fail,0.01,STS SUCCESS and p >= 0.01,6
decrypted,NonOverlappingTemplate,m=9 template=0 0 0 0 1 1 1 1 1,girl,4,2.6600449127174467e-72,2.6600449127174467e-72,reported_by_STS_full_precision,fail,0.01,STS SUCCESS and p >= 0.01,6
decrypted,NonOverlappingTemplate,m=9 template=0 0 0 0 1 1 1 1 1,lena,5,2.9401892235674986e-185,2.9401892235674986e-185,reported_by_STS_full_precision,fail,0.01,STS SUCCESS and p >= 0.01,6
decrypted,NonOverlappingTemplate,m=9 template=0 0 0 0 1 1 1 1 1,peppers,6,1.194494706561654e-149,1.194494706561654e-149,reported_by_STS_full_precision,fail,0.01,STS SUCCESS and p >= 0.01,6
decrypted,NonOverlappingTemplate,m=9 template=0 0 0 1 0 0 0 1 1,airplane,1,<1e-300,0,double_underflow_lt_1e-300,fail,0.01,STS SUCCESS and p >= 0.01,6
decrypted,NonOverlappingTemplate,m=9 template=0 0 0 1 0 0 0 1 1,baboon,2,2.3604320603149427e-25,2.3604320603149427e-25,reported_by_STS_full_precision,fail,0.01,STS SUCCESS and p >= 0.01,6
decrypted,NonOverlappingTemplate,m=9 template=0 0 0 1 0 0 0 1 1,couple,3,3.2425038866728901e-48,3.2425038866728901e-48,reported_by_STS_full_precision,fail,0.01,STS SUCCESS and p >= 0.01,6
decrypted,NonOverlappingTemplate,m=9 template=0 0 0 1 0 0 0 1 1,girl,4,1.0311434512556609e-13,1.0311434512556609e-13,reported_by_STS_full_precision,fail,0.01,STS SUCCESS and p >= 0.01,6
decrypted,NonOverlappingTemplate,m=9 template=0 0 0 1 0 0 0 1 1,lena,5,7.9220559227199382e-67,7.9220559227199382e-67,reported_by_STS_full_precision,fail,0.01,STS SUCCESS and p >= 0.01,6
decrypted,NonOverlappingTemplate,m=9 template=0 0 0 1 0 0 0 1 1,peppers,6,9.1440693217809009e-07,9.1440693217809009e-07,reported_by_STS_full_precision,fail,0.01,STS SUCCESS and p >= 0.01,6
decrypted,NonOverlappingTemplate,m=9 template=0 0 0 1 0 0 1 0 1,airplane,1,7.3288632883579935e-145,7.3288632883579935e-145,reported_by_STS_full_precision,fail,0.01,STS SUCCESS and p >= 0.01,6
decrypted,NonOverlappingTemplate,m=9 template=0 0 0 1 0 0 1 0 1,baboon,2,3.8877466073911011e-18,3.8877466073911011e-18,reported_by_STS_full_precision,fail,0.01,STS SUCCESS and p >= 0.01,6
decrypted,NonOverlappingTemplate,m=9 template=0 0 0 1 0 0 1 0 1,couple,3,0.017882936415468904,0.017882936415468904,reported_by_STS_full_precision,pass,0.01,STS SUCCESS and p >= 0.01,6
decrypted,NonOverlappingTemplate,m=9 template=0 0 0 1 0 0 1 0 1,girl,4,3.3755239593077373e-222,3.3755239593077373e-222,reported_by_STS_full_precision,fail,0.01,STS SUCCESS and p >= 0.01,6
decrypted,NonOverlappingTemplate,m=9 template=0 0 0 1 0 0 1 0 1,lena,5,3.9355333664790742e-31,3.9355333664790742e-31,reported_by_STS_full_precision,fail,0.01,STS SUCCESS and p >= 0.01,6
decrypted,NonOverlappingTemplate,m=9 template=0 0 0 1 0 0 1 0 1,peppers,6,3.6365790424886335e-11,3.6365790424886335e-11,reported_by_STS_full_precision,fail,0.01,STS SUCCESS and p >= 0.01,6
decrypted,NonOverlappingTemplate,m=9 template=0 0 0 1 0 0 1 1 1,airplane,1,<1e-300,0,double_underflow_lt_1e-300,fail,0.01,STS SUCCESS and p >= 0.01,6
decrypted,NonOverlappingTemplate,m=9 template=0 0 0 1 0 0 1 1 1,baboon,2,7.2410269933316525e-09,7.2410269933316525e-09,reported_by_STS_full_precision,fail,0.01,STS SUCCESS and p >= 0.01,6
decrypted,NonOverlappingTemplate,m=9 template=0 0 0 1 0 0 1 1 1,couple,3,2.2847303308899491e-10,2.2847303308899491e-10,reported_by_STS_full_precision,fail,0.01,STS SUCCESS and p >= 0.01,6
decrypted,NonOverlappingTemplate,m=9 template=0 0 0 1 0 0 1 1 1,girl,4,4.021573157484068e-06,4.021573157484068e-06,reported_by_STS_full_precision,fail,0.01,STS SUCCESS and p >= 0.01,6
decrypted,NonOverlappingTemplate,m=9 template=0 0 0 1 0 0 1 1 1,lena,5,4.3854751452894158e-92,4.3854751452894158e-92,reported_by_STS_full_precision,fail,0.01,STS SUCCESS and p >= 0.01,6
decrypted,NonOverlappingTemplate,m=9 template=0 0 0 1 0 0 1 1 1,peppers,6,1.347988368325571e-07,1.347988368325571e-07,reported_by_STS_full_precision,fail,0.01,STS SUCCESS and p >= 0.01,6
decrypted,NonOverlappingTemplate,m=9 template=0 0 0 1 0 1 0 0 1,airplane,1,<1e-300,0,double_underflow_lt_1e-300,fail,0.01,STS SUCCESS and p >= 0.01,6
decrypted,NonOverlappingTemplate,m=9 template=0 0 0 1 0 1 0 0 1,baboon,2,2.2992282113538169e-51,2.2992282113538169e-51,reported_by_STS_full_precision,fail,0.01,STS SUCCESS and p >= 0.01,6
decrypted,NonOverlappingTemplate,m=9 template=0 0 0 1 0 1 0 0 1,couple,3,1.4993637691995338e-15,1.4993637691995338e-15,reported_by_STS_full_precision,fail,0.01,STS SUCCESS and p >= 0.01,6
decrypted,NonOverlappingTemplate,m=9 template=0 0 0 1 0 1 0 0 1,girl,4,1.6164112802091321e-46,1.6164112802091321e-46,reported_by_STS_full_precision,fail,0.01,STS SUCCESS and p >= 0.01,6
decrypted,NonOverlappingTemplate,m=9 template=0 0 0 1 0 1 0 0 1,lena,5,9.6151422069842492e-44,9.6151422069842492e-44,reported_by_STS_full_precision,fail,0.01,STS SUCCESS and p >= 0.01,6
decrypted,NonOverlappingTemplate,m=9 template=0 0 0 1 0 1 0 0 1,peppers,6,8.8444654628745432e-90,8.8444654628745432e-90,reported_by_STS_full_precision,fail,0.01,STS SUCCESS and p >= 0.01,6
decrypted,NonOverlappingTemplate,m=9 template=0 0 0 1 0 1 0 1 1,airplane,1,1.9264153330878076e-122,1.9264153330878076e-122,reported_by_STS_full_precision,fail,0.01,STS SUCCESS and p >= 0.01,6
decrypted,NonOverlappingTemplate,m=9 template=0 0 0 1 0 1 0 1 1,baboon,2,0.10145095806205622,0.10145095806205622,reported_by_STS_full_precision,pass,0.01,STS SUCCESS and p >= 0.01,6
decrypted,NonOverlappingTemplate,m=9 template=0 0 0 1 0 1 0 1 1,couple,3,1.4475302324642241e-93,1.4475302324642241e-93,reported_by_STS_full_precision,fail,0.01,STS SUCCESS and p >= 0.01,6
decrypted,NonOverlappingTemplate,m=9 template=0 0 0 1 0 1 0 1 1,girl,4,6.32983879556243e-13,6.32983879556243e-13,reported_by_STS_full_precision,fail,0.01,STS SUCCESS and p >= 0.01,6
decrypted,NonOverlappingTemplate,m=9 template=0 0 0 1 0 1 0 1 1,lena,5,8.037694405982771e-122,8.037694405982771e-122,reported_by_STS_full_precision,fail,0.01,STS SUCCESS and p >= 0.01,6
decrypted,NonOverlappingTemplate,m=9 template=0 0 0 1 0 1 0 1 1,peppers,6,1.0840335249466821e-16,1.0840335249466821e-16,reported_by_STS_full_precision,fail,0.01,STS SUCCESS and p >= 0.01,6
decrypted,NonOverlappingTemplate,m=9 template=0 0 0 1 0 1 1 0 1,airplane,1,2.7056938064137663e-57,2.7056938064137663e-57,reported_by_STS_full_precision,fail,0.01,STS SUCCESS and p >= 0.01,6
decrypted,NonOverlappingTemplate,m=9 template=0 0 0 1 0 1 1 0 1,baboon,2,0.010486359090151331,0.010486359090151331,reported_by_STS_full_precision,pass,0.01,STS SUCCESS and p >= 0.01,6
decrypted,NonOverlappingTemplate,m=9 template=0 0 0 1 0 1 1 0 1,couple,3,5.4813307445487267e-82,5.4813307445487267e-82,reported_by_STS_full_precision,fail,0.01,STS SUCCESS and p >= 0.01,6
decrypted,NonOverlappingTemplate,m=9 template=0 0 0 1 0 1 1 0 1,girl,4,8.5421625335457453e-14,8.5421625335457453e-14,reported_by_STS_full_precision,fail,0.01,STS SUCCESS and p >= 0.01,6
decrypted,NonOverlappingTemplate,m=9 template=0 0 0 1 0 1 1 0 1,lena,5,5.012074626808551e-49,5.012074626808551e-49,reported_by_STS_full_precision,fail,0.01,STS SUCCESS and p >= 0.01,6
decrypted,NonOverlappingTemplate,m=9 template=0 0 0 1 0 1 1 0 1,peppers,6,2.8954426383739623e-11,2.8954426383739623e-11,reported_by_STS_full_precision,fail,0.01,STS SUCCESS and p >= 0.01,6
decrypted,NonOverlappingTemplate,m=9 template=0 0 0 1 0 1 1 1 1,airplane,1,2.486305968204263e-93,2.486305968204263e-93,reported_by_STS_full_precision,fail,0.01,STS SUCCESS and p >= 0.01,6
decrypted,NonOverlappingTemplate,m=9 template=0 0 0 1 0 1 1 1 1,baboon,2,1.8707225773978129e-21,1.8707225773978129e-21,reported_by_STS_full_precision,fail,0.01,STS SUCCESS and p >= 0.01,6
decrypted,NonOverlappingTemplate,m=9 template=0 0 0 1 0 1 1 1 1,couple,3,5.8751423664638513e-108,5.8751423664638513e-108,reported_by_STS_full_precision,fail,0.01,STS SUCCESS and p >= 0.01,6
decrypted,NonOverlappingTemplate,m=9 template=0 0 0 1 0 1 1 1 1,girl,4,4.5864945409674835e-15,4.5864945409674835e-15,reported_by_STS_full_precision,fail,0.01,STS SUCCESS and p >= 0.01,6
decrypted,NonOverlappingTemplate,m=9 template=0 0 0 1 0 1 1 1 1,lena,5,1.8454021224696983e-10,1.8454021224696983e-10,reported_by_STS_full_precision,fail,0.01,STS SUCCESS and p >= 0.01,6
decrypted,NonOverlappingTemplate,m=9 template=0 0 0 1 0 1 1 1 1,peppers,6,4.811800446301392e-21,4.811800446301392e-21,reported_by_STS_full_precision,fail,0.01,STS SUCCESS and p >= 0.01,6
decrypted,NonOverlappingTemplate,m=9 template=0 0 0 1 1 0 0 1 1,airplane,1,2.6080532746287599e-177,2.6080532746287599e-177,reported_by_STS_full_precision,fail,0.01,STS SUCCESS and p >= 0.01,6
decrypted,NonOverlappingTemplate,m=9 template=0 0 0 1 1 0 0 1 1,baboon,2,2.1953272158237675e-23,2.1953272158237675e-23,reported_by_STS_full_precision,fail,0.01,STS SUCCESS and p >= 0.01,6
decrypted,NonOverlappingTemplate,m=9 template=0 0 0 1 1 0 0 1 1,couple,3,5.3440365913536899e-06,5.3440365913536899e-06,reported_by_STS_full_precision,fail,0.01,STS SUCCESS and p >= 0.01,6
decrypted,NonOverlappingTemplate,m=9 template=0 0 0 1 1 0 0 1 1,girl,4,4.7201003168467474e-34,4.7201003168467474e-34,reported_by_STS_full_precision,fail,0.01,STS SUCCESS and p >= 0.01,6
decrypted,NonOverlappingTemplate,m=9 template=0 0 0 1 1 0 0 1 1,lena,5,5.1236451168783206e-31,5.1236451168783206e-31,reported_by_STS_full_precision,fail,0.01,STS SUCCESS and p >= 0.01,6
decrypted,NonOverlappingTemplate,m=9 template=0 0 0 1 1 0 0 1 1,peppers,6,0.044642953951139701,0.044642953951139701,reported_by_STS_full_precision,pass,0.01,STS SUCCESS and p >= 0.01,6
decrypted,NonOverlappingTemplate,m=9 template=0 0 0 1 1 0 1 0 1,airplane,1,4.9723316779232993e-12,4.9723316779232993e-12,reported_by_STS_full_precision,fail,0.01,STS SUCCESS and p >= 0.01,6
decrypted,NonOverlappingTemplate,m=9 template=0 0 0 1 1 0 1 0 1,baboon,2,7.1762311999553839e-06,7.1762311999553839e-06,reported_by_STS_full_precision,fail,0.01,STS SUCCESS and p >= 0.01,6
decrypted,NonOverlappingTemplate,m=9 template=0 0 0 1 1 0 1 0 1,couple,3,8.7655418839241118e-48,8.7655418839241118e-48,reported_by_STS_full_precision,fail,0.01,STS SUCCESS and p >= 0.01,6
decrypted,NonOverlappingTemplate,m=9 template=0 0 0 1 1 0 1 0 1,girl,4,1.6752934743455462e-38,1.6752934743455462e-38,reported_by_STS_full_precision,fail,0.01,STS SUCCESS and p >= 0.01,6
decrypted,NonOverlappingTemplate,m=9 template=0 0 0 1 1 0 1 0 1,lena,5,6.322964526382851e-10,6.322964526382851e-10,reported_by_STS_full_precision,fail,0.01,STS SUCCESS and p >= 0.01,6
decrypted,NonOverlappingTemplate,m=9 template=0 0 0 1 1 0 1 0 1,peppers,6,8.3443118462990495e-09,8.3443118462990495e-09,reported_by_STS_full_precision,fail,0.01,STS SUCCESS and p >= 0.01,6
decrypted,NonOverlappingTemplate,m=9 template=0 0 0 1 1 0 1 1 1,airplane,1,5.6802143228554259e-160,5.6802143228554259e-160,reported_by_STS_full_precision,fail,0.01,STS SUCCESS and p >= 0.01,6
decrypted,NonOverlappingTemplate,m=9 template=0 0 0 1 1 0 1 1 1,baboon,2,4.8996009212268603e-21,4.8996009212268603e-21,reported_by_STS_full_precision,fail,0.01,STS SUCCESS and p >= 0.01,6
decrypted,NonOverlappingTemplate,m=9 template=0 0 0 1 1 0 1 1 1,couple,3,2.1689347006187097e-104,2.1689347006187097e-104,reported_by_STS_full_precision,fail,0.01,STS SUCCESS and p >= 0.01,6
decrypted,NonOverlappingTemplate,m=9 template=0 0 0 1 1 0 1 1 1,girl,4,4.9718779032163402e-63,4.9718779032163402e-63,reported_by_STS_full_precision,fail,0.01,STS SUCCESS and p >= 0.01,6
decrypted,NonOverlappingTemplate,m=9 template=0 0 0 1 1 0 1 1 1,lena,5,1.5277930369064616e-22,1.5277930369064616e-22,reported_by_STS_full_precision,fail,0.01,STS SUCCESS and p >= 0.01,6
decrypted,NonOverlappingTemplate,m=9 template=0 0 0 1 1 0 1 1 1,peppers,6,3.267978087806683e-45,3.267978087806683e-45,reported_by_STS_full_precision,fail,0.01,STS SUCCESS and p >= 0.01,6
decrypted,NonOverlappingTemplate,m=9 template=0 0 0 1 1 1 0 0 1,airplane,1,4.5597919663778104e-115,4.5597919663778104e-115,reported_by_STS_full_precision,fail,0.01,STS SUCCESS and p >= 0.01,6
decrypted,NonOverlappingTemplate,m=9 template=0 0 0 1 1 1 0 0 1,baboon,2,5.3644546922077034e-05,5.3644546922077034e-05,reported_by_STS_full_precision,fail,0.01,STS SUCCESS and p >= 0.01,6
decrypted,NonOverlappingTemplate,m=9 template=0 0 0 1 1 1 0 0 1,couple,3,1.3817711795342381e-12,1.3817711795342381e-12,reported_by_STS_full_precision,fail,0.01,STS SUCCESS and p >= 0.01,6
decrypted,NonOverlappingTemplate,m=9 template=0 0 0 1 1 1 0 0 1,girl,4,9.6119026574451343e-08,9.6119026574451343e-08,reported_by_STS_full_precision,fail,0.01,STS SUCCESS and p >= 0.01,6
decrypted,NonOverlappingTemplate,m=9 template=0 0 0 1 1 1 0 0 1,lena,5,5.4387655458182709e-26,5.4387655458182709e-26,reported_by_STS_full_precision,fail,0.01,STS SUCCESS and p >= 0.01,6
decrypted,NonOverlappingTemplate,m=9 template=0 0 0 1 1 1 0 0 1,peppers,6,1.3328449913256347e-12,1.3328449913256347e-12,reported_by_STS_full_precision,fail,0.01,STS SUCCESS and p >= 0.01,6
decrypted,NonOverlappingTemplate,m=9 template=0 0 0 1 1 1 0 1 1,airplane,1,5.9649303947126821e-154,5.9649303947126821e-154,reported_by_STS_full_precision,fail,0.01,STS SUCCESS and p >= 0.01,6
decrypted,NonOverlappingTemplate,m=9 template=0 0 0 1 1 1 0 1 1,baboon,2,4.5874279290961204e-18,4.5874279290961204e-18,reported_by_STS_full_precision,fail,0.01,STS SUCCESS and p >= 0.01,6
decrypted,NonOverlappingTemplate,m=9 template=0 0 0 1 1 1 0 1 1,couple,3,1.2341917747020406e-129,1.2341917747020406e-129,reported_by_STS_full_precision,fail,0.01,STS SUCCESS and p >= 0.01,6
decrypted,NonOverlappingTemplate,m=9 template=0 0 0 1 1 1 0 1 1,girl,4,9.8290811682599498e-66,9.8290811682599498e-66,reported_by_STS_full_precision,fail,0.01,STS SUCCESS and p >= 0.01,6
decrypted,NonOverlappingTemplate,m=9 template=0 0 0 1 1 1 0 1 1,lena,5,5.9187371629753705e-14,5.9187371629753705e-14,reported_by_STS_full_precision,fail,0.01,STS SUCCESS and p >= 0.01,6
decrypted,NonOverlappingTemplate,m=9 template=0 0 0 1 1 1 0 1 1,peppers,6,3.8765368370887546e-19,3.8765368370887546e-19,reported_by_STS_full_precision,fail,0.01,STS SUCCESS and p >= 0.01,6
decrypted,NonOverlappingTemplate,m=9 template=0 0 0 1 1 1 1 0 1,airplane,1,1.5299613858607437e-95,1.5299613858607437e-95,reported_by_STS_full_precision,fail,0.01,STS SUCCESS and p >= 0.01,6
decrypted,NonOverlappingTemplate,m=9 template=0 0 0 1 1 1 1 0 1,baboon,2,5.277247998681847e-34,5.277247998681847e-34,reported_by_STS_full_precision,fail,0.01,STS SUCCESS and p >= 0.01,6
decrypted,NonOverlappingTemplate,m=9 template=0 0 0 1 1 1 1 0 1,couple,3,6.7258492877787959e-137,6.7258492877787959e-137,reported_by_STS_full_precision,fail,0.01,STS SUCCESS and p >= 0.01,6
decrypted,NonOverlappingTemplate,m=9 template=0 0 0 1 1 1 1 0 1,girl,4,4.008174667955523e-100,4.008174667955523e-100,reported_by_STS_full_precision,fail,0.01,STS SUCCESS and p >= 0.01,6
decrypted,NonOverlappingTemplate,m=9 template=0 0 0 1 1 1 1 0 1,lena,5,6.6976410516944223e-79,6.6976410516944223e-79,reported_by_STS_full_precision,fail,0.01,STS SUCCESS and p >= 0.01,6
decrypted,NonOverlappingTemplate,m=9 template=0 0 0 1 1 1 1 0 1,peppers,6,2.0837891031166621e-46,2.0837891031166621e-46,reported_by_STS_full_precision,fail,0.01,STS SUCCESS and p >= 0.01,6
decrypted,NonOverlappingTemplate,m=9 template=0 0 0 1 1 1 1 1 1,airplane,1,<1e-300,0,double_underflow_lt_1e-300,fail,0.01,STS SUCCESS and p >= 0.01,6
decrypted,NonOverlappingTemplate,m=9 template=0 0 0 1 1 1 1 1 1,baboon,2,5.2115144164281173e-115,5.2115144164281173e-115,reported_by_STS_full_precision,fail,0.01,STS SUCCESS and p >= 0.01,6
decrypted,NonOverlappingTemplate,m=9 template=0 0 0 1 1 1 1 1 1,couple,3,8.656808235188004e-187,8.656808235188004e-187,reported_by_STS_full_precision,fail,0.01,STS SUCCESS and p >= 0.01,6
decrypted,NonOverlappingTemplate,m=9 template=0 0 0 1 1 1 1 1 1,girl,4,2.7382964151618734e-213,2.7382964151618734e-213,reported_by_STS_full_precision,fail,0.01,STS SUCCESS and p >= 0.01,6
decrypted,NonOverlappingTemplate,m=9 template=0 0 0 1 1 1 1 1 1,lena,5,1.6120634529280966e-186,1.6120634529280966e-186,reported_by_STS_full_precision,fail,0.01,STS SUCCESS and p >= 0.01,6
decrypted,NonOverlappingTemplate,m=9 template=0 0 0 1 1 1 1 1 1,peppers,6,2.1471288562530655e-132,2.1471288562530655e-132,reported_by_STS_full_precision,fail,0.01,STS SUCCESS and p >= 0.01,6
decrypted,NonOverlappingTemplate,m=9 template=0 0 1 0 0 0 0 1 1,airplane,1,<1e-300,0,double_underflow_lt_1e-300,fail,0.01,STS SUCCESS and p >= 0.01,6
decrypted,NonOverlappingTemplate,m=9 template=0 0 1 0 0 0 0 1 1,baboon,2,6.4810226375560941e-12,6.4810226375560941e-12,reported_by_STS_full_precision,fail,0.01,STS SUCCESS and p >= 0.01,6
decrypted,NonOverlappingTemplate,m=9 template=0 0 1 0 0 0 0 1 1,couple,3,7.9773552376871838e-94,7.9773552376871838e-94,reported_by_STS_full_precision,fail,0.01,STS SUCCESS and p >= 0.01,6
decrypted,NonOverlappingTemplate,m=9 template=0 0 1 0 0 0 0 1 1,girl,4,3.9345401754070378e-18,3.9345401754070378e-18,reported_by_STS_full_precision,fail,0.01,STS SUCCESS and p >= 0.01,6
decrypted,NonOverlappingTemplate,m=9 template=0 0 1 0 0 0 0 1 1,lena,5,1.2805577568929132e-56,1.2805577568929132e-56,reported_by_STS_full_precision,fail,0.01,STS SUCCESS and p >= 0.01,6
decrypted,NonOverlappingTemplate,m=9 template=0 0 1 0 0 0 0 1 1,peppers,6,2.6427870652896205e-11,2.6427870652896205e-11,reported_by_STS_full_precision,fail,0.01,STS SUCCESS and p >= 0.01,6
decrypted,NonOverlappingTemplate,m=9 template=0 0 1 0 0 0 1 0 1,airplane,1,1.9996553431183998e-123,1.9996553431183998e-123,reported_by_STS_full_precision,fail,0.01,STS SUCCESS and p >= 0.01,6
decrypted,NonOverlappingTemplate,m=9 template=0 0 1 0 0 0 1 0 1,baboon,2,1.8969854310922971e-07,1.8969854310922971e-07,reported_by_STS_full_precision,fail,0.01,STS SUCCESS and p >= 0.01,6
decrypted,NonOverlappingTemplate,m=9 template=0 0 1 0 0 0 1 0 1,couple,3,1.5527407350016166e-18,1.5527407350016166e-18,reported_by_STS_full_precision,fail,0.01,STS SUCCESS and p >= 0.01,6
decrypted,NonOverlappingTemplate,m=9 template=0 0 1 0 0 0 1 0 1,girl,4,6.5698818825953167e-147,6.5698818825953167e-147,reported_by_STS_full_precision,fail,0.01,STS SUCCESS and p >= 0.01,6
decrypted,NonOverlappingTemplate,m=9 template=0 0 1 0 0 0 1 0 1,lena,5,6.7670452788083552e-30,6.7670452788083552e-30,reported_by_STS_full_precision,fail,0.01,STS SUCCESS and p >= 0.01,6
decrypted,NonOverlappingTemplate,m=9 template=0 0 1 0 0 0 1 0 1,peppers,6,2.012997196486954e-26,2.012997196486954e-26,reported_by_STS_full_precision,fail,0.01,STS SUCCESS and p >= 0.01,6
decrypted,NonOverlappingTemplate,m=9 template=0 0 1 0 0 0 1 1 1,airplane,1,<1e-300,0,double_underflow_lt_1e-300,fail,0.01,STS SUCCESS and p >= 0.01,6
decrypted,NonOverlappingTemplate,m=9 template=0 0 1 0 0 0 1 1 1,baboon,2,0.00088484739786536069,0.00088484739786536069,reported_by_STS_full_precision,fail,0.01,STS SUCCESS and p >= 0.01,6
decrypted,NonOverlappingTemplate,m=9 template=0 0 1 0 0 0 1 1 1,couple,3,0.20169999722867402,0.20169999722867402,reported_by_STS_full_precision,pass,0.01,STS SUCCESS and p >= 0.01,6
decrypted,NonOverlappingTemplate,m=9 template=0 0 1 0 0 0 1 1 1,girl,4,0.00030543756593612965,0.00030543756593612965,reported_by_STS_full_precision,fail,0.01,STS SUCCESS and p >= 0.01,6
decrypted,NonOverlappingTemplate,m=9 template=0 0 1 0 0 0 1 1 1,lena,5,6.549044586826385e-111,6.549044586826385e-111,reported_by_STS_full_precision,fail,0.01,STS SUCCESS and p >= 0.01,6
decrypted,NonOverlappingTemplate,m=9 template=0 0 1 0 0 0 1 1 1,peppers,6,1.2446608659763075e-08,1.2446608659763075e-08,reported_by_STS_full_precision,fail,0.01,STS SUCCESS and p >= 0.01,6
decrypted,NonOverlappingTemplate,m=9 template=0 0 1 0 0 1 0 1 1,airplane,1,3.1801557521405195e-166,3.1801557521405195e-166,reported_by_STS_full_precision,fail,0.01,STS SUCCESS and p >= 0.01,6
decrypted,NonOverlappingTemplate,m=9 template=0 0 1 0 0 1 0 1 1,baboon,2,1.0136617048795013e-07,1.0136617048795013e-07,reported_by_STS_full_precision,fail,0.01,STS SUCCESS and p >= 0.01,6
decrypted,NonOverlappingTemplate,m=9 template=0 0 1 0 0 1 0 1 1,couple,3,2.3647002458640605e-48,2.3647002458640605e-48,reported_by_STS_full_precision,fail,0.01,STS SUCCESS and p >= 0.01,6
decrypted,NonOverlappingTemplate,m=9 template=0 0 1 0 0 1 0 1 1,girl,4,3.3646859747182335e-12,3.3646859747182335e-12,reported_by_STS_full_precision,fail,0.01,STS SUCCESS and p >= 0.01,6
decrypted,NonOverlappingTemplate,m=9 template=0 0 1 0 0 1 0 1 1,lena,5,1.4993354066052267e-17,1.4993354066052267e-17,reported_by_STS_full_precision,fail,0.01,STS SUCCESS and p >= 0.01,6
decrypted,NonOverlappingTemplate,m=9 template=0 0 1 0 0 1 0 1 1,peppers,6,3.8655467750359717e-114,3.8655467750359717e-114,reported_by_STS_full_precision,fail,0.01,STS SUCCESS and p >= 0.01,6
decrypted,NonOverlappingTemplate,m=9 template=0 0 1 0 0 1 1 0 1,airplane,1,8.7862244361743345e-87,8.7862244361743345e-87,reported_by_STS_full_precision,fail,0.01,STS SUCCESS and p >= 0.01,6
decrypted,NonOverlappingTemplate,m=9 template=0 0 1 0 0 1 1 0 1,baboon,2,0.0021183883442252058,0.0021183883442252058,reported_by_STS_full_precision,fail,0.01,STS SUCCESS and p >= 0.01,6
decrypted,NonOverlappingTemplate,m=9 template=0 0 1 0 0 1 1 0 1,couple,3,2.3842416435017318e-43,2.3842416435017318e-43,reported_by_STS_full_precision,fail,0.01,STS SUCCESS and p >= 0.01,6
decrypted,NonOverlappingTemplate,m=9 template=0 0 1 0 0 1 1 0 1,girl,4,4.5927580987090623e-13,4.5927580987090623e-13,reported_by_STS_full_precision,fail,0.01,STS SUCCESS and p >= 0.01,6
decrypted,NonOverlappingTemplate,m=9 template=0 0 1 0 0 1 1 0 1,lena,5,6.1372719490937423e-17,6.1372719490937423e-17,reported_by_STS_full_precision,fail,0.01,STS SUCCESS and p >= 0.01,6
decrypted,NonOverlappingTemplate,m=9 template=0 0 1 0 0 1 1 0 1,peppers,6,4.6705798934988082e-55,4.6705798934988082e-55,reported_by_STS_full_precision,fail,0.01,STS SUCCESS and p >= 0.01,6
decrypted,NonOverlappingTemplate,m=9 template=0 0 1 0 0 1 1 1 1,airplane,1,<1e-300,0,double_underflow_lt_1e-300,fail,0.01,STS SUCCESS and p >= 0.01,6
decrypted,NonOverlappingTemplate,m=9 template=0 0 1 0 0 1 1 1 1,baboon,2,1.3703314646017167e-08,1.3703314646017167e-08,reported_by_STS_full_precision,fail,0.01,STS SUCCESS and p >= 0.01,6
decrypted,NonOverlappingTemplate,m=9 template=0 0 1 0 0 1 1 1 1,couple,3,1.5367575338394552e-88,1.5367575338394552e-88,reported_by_STS_full_precision,fail,0.01,STS SUCCESS and p >= 0.01,6
decrypted,NonOverlappingTemplate,m=9 template=0 0 1 0 0 1 1 1 1,girl,4,1.7156185609942463e-92,1.7156185609942463e-92,reported_by_STS_full_precision,fail,0.01,STS SUCCESS and p >= 0.01,6
decrypted,NonOverlappingTemplate,m=9 template=0 0 1 0 0 1 1 1 1,lena,5,2.1923701794563118e-105,2.1923701794563118e-105,reported_by_STS_full_precision,fail,0.01,STS SUCCESS and p >= 0.01,6
decrypted,NonOverlappingTemplate,m=9 template=0 0 1 0 0 1 1 1 1,peppers,6,1.5068699969855287e-10,1.5068699969855287e-10,reported_by_STS_full_precision,fail,0.01,STS SUCCESS and p >= 0.01,6
decrypted,NonOverlappingTemplate,m=9 template=0 0 1 0 1 0 0 1 1,airplane,1,8.5232328841817093e-309,8.5232328841817093e-309,reported_by_STS_full_precision,fail,0.01,STS SUCCESS and p >= 0.01,6
decrypted,NonOverlappingTemplate,m=9 template=0 0 1 0 1 0 0 1 1,baboon,2,2.9312639857005512e-19,2.9312639857005512e-19,reported_by_STS_full_precision,fail,0.01,STS SUCCESS and p >= 0.01,6
decrypted,NonOverlappingTemplate,m=9 template=0 0 1 0 1 0 0 1 1,couple,3,4.2647784625300277e-69,4.2647784625300277e-69,reported_by_STS_full_precision,fail,0.01,STS SUCCESS and p >= 0.01,6
decrypted,NonOverlappingTemplate,m=9 template=0 0 1 0 1 0 0 1 1,girl,4,1.8039491519501657e-35,1.8039491519501657e-35,reported_by_STS_full_precision,fail,0.01,STS SUCCESS and p >= 0.01,6
decrypted,NonOverlappingTemplate,m=9 template=0 0 1 0 1 0 0 1 1,lena,5,0.0014688906886352639,0.0014688906886352639,reported_by_STS_full_precision,fail,0.01,STS SUCCESS and p >= 0.01,6
decrypted,NonOverlappingTemplate,m=9 template=0 0 1 0 1 0 0 1 1,peppers,6,5.9488421774966202e-162,5.9488421774966202e-162,reported_by_STS_full_precision,fail,0.01,STS SUCCESS and p >= 0.01,6
decrypted,NonOverlappingTemplate,m=9 template=0 0 1 0 1 0 1 0 1,airplane,1,2.2969233770982134e-62,2.2969233770982134e-62,reported_by_STS_full_precision,fail,0.01,STS SUCCESS and p >= 0.01,6
decrypted,NonOverlappingTemplate,m=9 template=0 0 1 0 1 0 1 0 1,baboon,2,8.5925695672362222e-14,8.5925695672362222e-14,reported_by_STS_full_precision,fail,0.01,STS SUCCESS and p >= 0.01,6
decrypted,NonOverlappingTemplate,m=9 template=0 0 1 0 1 0 1 0 1,couple,3,1.5422924961021281e-184,1.5422924961021281e-184,reported_by_STS_full_precision,fail,0.01,STS SUCCESS and p >= 0.01,6
decrypted,NonOverlappingTemplate,m=9 template=0 0 1 0 1 0 1 0 1,girl,4,3.3313316547264637e-104,3.3313316547264637e-104,reported_by_STS_full_precision,fail,0.01,STS SUCCESS and p >= 0.01,6
decrypted,NonOverlappingTemplate,m=9 template=0 0 1 0 1 0 1 0 1,lena,5,1.1140321651427927e-62,1.1140321651427927e-62,reported_by_STS_full_precision,fail,0.01,STS SUCCESS and p >= 0.01,6
decrypted,NonOverlappingTemplate,m=9 template=0 0 1 0 1 0 1 0 1,peppers,6,2.9505458833317368e-88,2.9505458833317368e-88,reported_by_STS_full_precision,fail,0.01,STS SUCCESS and p >= 0.01,6
decrypted,NonOverlappingTemplate,m=9 template=0 0 1 0 1 0 1 1 1,airplane,1,7.8698403059604103e-103,7.8698403059604103e-103,reported_by_STS_full_precision,fail,0.01,STS SUCCESS and p >= 0.01,6
decrypted,NonOverlappingTemplate,m=9 template=0 0 1 0 1 0 1 1 1,baboon,2,2.7639832000078579e-13,2.7639832000078579e-13,reported_by_STS_full_precision,fail,0.01,STS SUCCESS and p >= 0.01,6
decrypted,NonOverlappingTemplate,m=9 template=0 0 1 0 1 0 1 1 1,couple,3,8.8505381443677914e-217,8.8505381443677914e-217,reported_by_STS_full_precision,fail,0.01,STS SUCCESS and p >= 0.01,6
decrypted,NonOverlappingTemplate,m=9 template=0 0 1 0 1 0 1 1 1,girl,4,1.0896490682899885e-173,1.0896490682899885e-173,reported_by_STS_full_precision,fail,0.01,STS SUCCESS and p >= 0.01,6
decrypted,NonOverlappingTemplate,m=9 template=0 0 1 0 1 0 1 1 1,lena,5,1.1873220750205757e-85,1.1873220750205757e-85,reported_by_STS_full_precision,fail,0.01,STS SUCCESS and p >= 0.01,6
decrypted,NonOverlappingTemplate,m=9 template=0 0 1 0 1 0 1 1 1,peppers,6,5.0597761427064311e-27,5.0597761427064311e-27,reported_by_STS_full_precision,fail,0.01,STS SUCCESS and p >= 0.01,6
decrypted,NonOverlappingTemplate,m=9 template=0 0 1 0 1 1 0 1 1,airplane,1,9.4792429671276853e-49,9.4792429671276853e-49,reported_by_STS_full_precision,fail,0.01,STS SUCCESS and p >= 0.01,6
decrypted,NonOverlappingTemplate,m=9 template=0 0 1 0 1 1 0 1 1,baboon,2,2.0499002197390407e-19,2.0499002197390407e-19,reported_by_STS_full_precision,fail,0.01,STS SUCCESS and p >= 0.01,6
decrypted,NonOverlappingTemplate,m=9 template=0 0 1 0 1 1 0 1 1,couple,3,6.7192444491527966e-235,6.7192444491527966e-235,reported_by_STS_full_precision,fail,0.01,STS SUCCESS and p >= 0.01,6
decrypted,NonOverlappingTemplate,m=9 template=0 0 1 0 1 1 0 1 1,girl,4,3.7688786427475368e-158,3.7688786427475368e-158,reported_by_STS_full_precision,fail,0.01,STS SUCCESS and p >= 0.01,6
decrypted,NonOverlappingTemplate,m=9 template=0 0 1 0 1 1 0 1 1,lena,5,3.6656896347860638e-108,3.6656896347860638e-108,reported_by_STS_full_precision,fail,0.01,STS SUCCESS and p >= 0.01,6
decrypted,NonOverlappingTemplate,m=9 template=0 0 1 0 1 1 0 1 1,peppers,6,1.6875097751793029e-31,1.6875097751793029e-31,reported_by_STS_full_precision,fail,0.01,STS SUCCESS and p >= 0.01,6
decrypted,NonOverlappingTemplate,m=9 template=0 0 1 0 1 1 1 0 1,airplane,1,1.5255631370354685e-75,1.5255631370354685e-75,reported_by_STS_full_precision,fail,0.01,STS SUCCESS and p >= 0.01,6
decrypted,NonOverlappingTemplate,m=9 template=0 0 1 0 1 1 1 0 1,baboon,2,6.5766085172068697e-29,6.5766085172068697e-29,reported_by_STS_full_precision,fail,0.01,STS SUCCESS and p >= 0.01,6
decrypted,NonOverlappingTemplate,m=9 template=0 0 1 0 1 1 1 0 1,couple,3,1.3763919320794845e-243,1.3763919320794845e-243,reported_by_STS_full_precision,fail,0.01,STS SUCCESS and p >= 0.01,6
decrypted,NonOverlappingTemplate,m=9 template=0 0 1 0 1 1 1 0 1,girl,4,4.8011962285878204e-130,4.8011962285878204e-130,reported_by_STS_full_precision,fail,0.01,STS SUCCESS and p >= 0.01,6
decrypted,NonOverlappingTemplate,m=9 template=0 0 1 0 1 1 1 0 1,lena,5,1.6816659368393498e-34,1.6816659368393498e-34,reported_by_STS_full_precision,fail,0.01,STS SUCCESS and p >= 0.01,6
decrypted,NonOverlappingTemplate,m=9 template=0 0 1 0 1 1 1 0 1,peppers,6,9.4848684547840068e-13,9.4848684547840068e-13,reported_by_STS_full_precision,fail,0.01,STS SUCCESS and p >= 0.01,6
decrypted,NonOverlappingTemplate,m=9 template=0 0 1 0 1 1 1 1 1,airplane,1,5.0198654152461667e-86,5.0198654152461667e-86,reported_by_STS_full_precision,fail,0.01,STS SUCCESS and p >= 0.01,6
decrypted,NonOverlappingTemplate,m=9 template=0 0 1 0 1 1 1 1 1,baboon,2,5.1201411997978446e-111,5.1201411997978446e-111,reported_by_STS_full_precision,fail,0.01,STS SUCCESS and p >= 0.01,6
decrypted,NonOverlappingTemplate,m=9 template=0 0 1 0 1 1 1 1 1,couple,3,3.1345501634168514e-282,3.1345501634168514e-282,reported_by_STS_full_precision,fail,0.01,STS SUCCESS and p >= 0.01,6
decrypted,NonOverlappingTemplate,m=9 template=0 0 1 0 1 1 1 1 1,girl,4,3.8093622002451291e-210,3.8093622002451291e-210,reported_by_STS_full_precision,fail,0.01,STS SUCCESS and p >= 0.01,6
decrypted,NonOverlappingTemplate,m=9 template=0 0 1 0 1 1 1 1 1,lena,5,4.1291620175222623e-16,4.1291620175222623e-16,reported_by_STS_full_precision,fail,0.01,STS SUCCESS and p >= 0.01,6
decrypted,NonOverlappingTemplate,m=9 template=0 0 1 0 1 1 1 1 1,peppers,6,1.5635861405627884e-41,1.5635861405627884e-41,reported_by_STS_full_precision,fail,0.01,STS SUCCESS and p >= 0.01,6
decrypted,NonOverlappingTemplate,m=9 template=0 0 1 1 0 0 1 0 1,airplane,1,2.2762616755058469e-209,2.2762616755058469e-209,reported_by_STS_full_precision,fail,0.01,STS SUCCESS and p >= 0.01,6
decrypted,NonOverlappingTemplate,m=9 template=0 0 1 1 0 0 1 0 1,baboon,2,1.3163715565567506e-07,1.3163715565567506e-07,reported_by_STS_full_precision,fail,0.01,STS SUCCESS and p >= 0.01,6
decrypted,NonOverlappingTemplate,m=9 template=0 0 1 1 0 0 1 0 1,couple,3,6.3976971316307036e-37,6.3976971316307036e-37,reported_by_STS_full_precision,fail,0.01,STS SUCCESS and p >= 0.01,6
decrypted,NonOverlappingTemplate,m=9 template=0 0 1 1 0 0 1 0 1,girl,4,6.6888818729118858e-54,6.6888818729118858e-54,reported_by_STS_full_precision,fail,0.01,STS SUCCESS and p >= 0.01,6
decrypted,NonOverlappingTemplate,m=9 template=0 0 1 1 0 0 1 0 1,lena,5,3.9148884445022175e-17,3.9148884445022175e-17,reported_by_STS_full_precision,fail,0.01,STS SUCCESS and p >= 0.01,6
decrypted,NonOverlappingTemplate,m=9 template=0 0 1 1 0 0 1 0 1,peppers,6,1.4490087827293285e-39,1.4490087827293285e-39,reported_by_STS_full_precision,fail,0.01,STS SUCCESS and p >= 0.01,6
decrypted,NonOverlappingTemplate,m=9 template=0 0 1 1 0 0 1 1 1,airplane,1,3.2592426306012438e-156,3.2592426306012438e-156,reported_by_STS_full_precision,fail,0.01,STS SUCCESS and p >= 0.01,6
decrypted,NonOverlappingTemplate,m=9 template=0 0 1 1 0 0 1 1 1,baboon,2,0.019976061890180252,0.019976061890180252,reported_by_STS_full_precision,pass,0.01,STS SUCCESS and p >= 0.01,6
decrypted,NonOverlappingTemplate,m=9 template=0 0 1 1 0 0 1 1 1,couple,3,1.6552095232603186e-56,1.6552095232603186e-56,reported_by_STS_full_precision,fail,0.01,STS SUCCESS and p >= 0.01,6
decrypted,NonOverlappingTemplate,m=9 template=0 0 1 1 0 0 1 1 1,girl,4,2.7426390222294401e-68,2.7426390222294401e-68,reported_by_STS_full_precision,fail,0.01,STS SUCCESS and p >= 0.01,6
decrypted,NonOverlappingTemplate,m=9 template=0 0 1 1 0 0 1 1 1,lena,5,4.108610618625192e-08,4.108610618625192e-08,reported_by_STS_full_precision,fail,0.01,STS SUCCESS and p >= 0.01,6
decrypted,NonOverlappingTemplate,m=9 template=0 0 1 1 0 0 1 1 1,peppers,6,2.4320156288423474e-11,2.4320156288423474e-11,reported_by_STS_full_precision,fail,0.01,STS SUCCESS and p >= 0.01,6
decrypted,NonOverlappingTemplate,m=9 template=0 0 1 1 0 1 0 1 1,airplane,1,4.3558239963092966e-11,4.3558239963092966e-11,reported_by_STS_full_precision,fail,0.01,STS SUCCESS and p >= 0.01,6
decrypted,NonOverlappingTemplate,m=9 template=0 0 1 1 0 1 0 1 1,baboon,2,4.8373763948234517e-15,4.8373763948234517e-15,reported_by_STS_full_precision,fail,0.01,STS SUCCESS and p >= 0.01,6
decrypted,NonOverlappingTemplate,m=9 template=0 0 1 1 0 1 0 1 1,couple,3,6.0125872194812599e-210,6.0125872194812599e-210,reported_by_STS_full_precision,fail,0.01,STS SUCCESS and p >= 0.01,6
decrypted,NonOverlappingTemplate,m=9 template=0 0 1 1 0 1 0 1 1,girl,4,1.6581583138921399e-162,1.6581583138921399e-162,reported_by_STS_full_precision,fail,0.01,STS SUCCESS and p >= 0.01,6
decrypted,NonOverlappingTemplate,m=9 template=0 0 1 1 0 1 0 1 1,lena,5,3.3504287426535595e-158,3.3504287426535595e-158,reported_by_STS_full_precision,fail,0.01,STS SUCCESS and p >= 0.01,6
decrypted,NonOverlappingTemplate,m=9 template=0 0 1 1 0 1 0 1 1,peppers,6,2.2255959023736429e-17,2.2255959023736429e-17,reported_by_STS_full_precision,fail,0.01,STS SUCCESS and p >= 0.01,6
decrypted,NonOverlappingTemplate,m=9 template=0 0 1 1 0 1 1 0 1,airplane,1,1.1152964063554542e-60,1.1152964063554542e-60,reported_by_STS_full_precision,fail,0.01,STS SUCCESS and p >= 0.01,6
decrypted,NonOverlappingTemplate,m=9 template=0 0 1 1 0 1 1 0 1,baboon,2,2.0173137996181665e-29,2.0173137996181665e-29,reported_by_STS_full_precision,fail,0.01,STS SUCCESS and p >= 0.01,6
decrypted,NonOverlappingTemplate,m=9 template=0 0 1 1 0 1 1 0 1,couple,3,5.0182636600604066e-205,5.0182636600604066e-205,reported_by_STS_full_precision,fail,0.01,STS SUCCESS and p >= 0.01,6
decrypted,NonOverlappingTemplate,m=9 template=0 0 1 1 0 1 1 0 1,girl,4,4.0282609765284743e-142,4.0282609765284743e-142,reported_by_STS_full_precision,fail,0.01,STS SUCCESS and p >= 0.01,6
decrypted,NonOverlappingTemplate,m=9 template=0 0 1 1 0 1 1 0 1,lena,5,1.8130279330787895e-45,1.8130279330787895e-45,reported_by_STS_full_precision,fail,0.01,STS SUCCESS and p >= 0.01,6
decrypted,NonOverlappingTemplate,m=9 template=0 0 1 1 0 1 1 0 1,peppers,6,1.2216198476704727e-32,1.2216198476704727e-32,reported_by_STS_full_precision,fail,0.01,STS SUCCESS and p >= 0.01,6
decrypted,NonOverlappingTemplate,m=9 template=0 0 1 1 0 1 1 1 1,airplane,1,3.9665140954614717e-84,3.9665140954614717e-84,reported_by_STS_full_precision,fail,0.01,STS SUCCESS and p >= 0.01,6
decrypted,NonOverlappingTemplate,m=9 template=0 0 1 1 0 1 1 1 1,baboon,2,6.8299379743524129e-107,6.8299379743524129e-107,reported_by_STS_full_precision,fail,0.01,STS SUCCESS and p >= 0.01,6
decrypted,NonOverlappingTemplate,m=9 template=0 0 1 1 0 1 1 1 1,couple,3,1.3338224741417565e-285,1.3338224741417565e-285,reported_by_STS_full_precision,fail,0.01,STS SUCCESS and p >= 0.01,6
decrypted,NonOverlappingTemplate,m=9 template=0 0 1 1 0 1 1 1 1,girl,4,4.6840070062301026e-202,4.6840070062301026e-202,reported_by_STS_full_precision,fail,0.01,STS SUCCESS and p >= 0.01,6
decrypted,NonOverlappingTemplate,m=9 template=0 0 1 1 0 1 1 1 1,lena,5,1.1552163690084699e-41,1.1552163690084699e-41,reported_by_STS_full_precision,fail,0.01,STS SUCCESS and p >= 0.01,6
decrypted,NonOverlappingTemplate,m=9 template=0 0 1 1 0 1 1 1 1,peppers,6,9.5264470724942243e-72,9.5264470724942243e-72,reported_by_STS_full_precision,fail,0.01,STS SUCCESS and p >= 0.01,6
decrypted,NonOverlappingTemplate,m=9 template=0 0 1 1 1 0 1 0 1,airplane,1,2.5975255369241458e-27,2.5975255369241458e-27,reported_by_STS_full_precision,fail,0.01,STS SUCCESS and p >= 0.01,6
decrypted,NonOverlappingTemplate,m=9 template=0 0 1 1 1 0 1 0 1,baboon,2,1.3585582064160633e-16,1.3585582064160633e-16,reported_by_STS_full_precision,fail,0.01,STS SUCCESS and p >= 0.01,6
decrypted,NonOverlappingTemplate,m=9 template=0 0 1 1 1 0 1 0 1,couple,3,1.3712267347086057e-218,1.3712267347086057e-218,reported_by_STS_full_precision,fail,0.01,STS SUCCESS and p >= 0.01,6
decrypted,NonOverlappingTemplate,m=9 template=0 0 1 1 1 0 1 0 1,girl,4,7.5042683010514388e-122,7.5042683010514388e-122,reported_by_STS_full_precision,fail,0.01,STS SUCCESS and p >= 0.01,6
decrypted,NonOverlappingTemplate,m=9 template=0 0 1 1 1 0 1 0 1,lena,5,3.6789912967383197e-15,3.6789912967383197e-15,reported_by_STS_full_precision,fail,0.01,STS SUCCESS and p >= 0.01,6
decrypted,NonOverlappingTemplate,m=9 template=0 0 1 1 1 0 1 0 1,peppers,6,4.1488106401215571e-29,4.1488106401215571e-29,reported_by_STS_full_precision,fail,0.01,STS SUCCESS and p >= 0.01,6
decrypted,NonOverlappingTemplate,m=9 template=0 0 1 1 1 0 1 1 1,airplane,1,3.1720987155383573e-145,3.1720987155383573e-145,reported_by_STS_full_precision,fail,0.01,STS SUCCESS and p >= 0.01,6
decrypted,NonOverlappingTemplate,m=9 template=0 0 1 1 1 0 1 1 1,baboon,2,8.929306481808821e-97,8.929306481808821e-97,reported_by_STS_full_precision,fail,0.01,STS SUCCESS and p >= 0.01,6
decrypted,NonOverlappingTemplate,m=9 template=0 0 1 1 1 0 1 1 1,couple,3,<1e-300,0,double_underflow_lt_1e-300,fail,0.01,STS SUCCESS and p >= 0.01,6
decrypted,NonOverlappingTemplate,m=9 template=0 0 1 1 1 0 1 1 1,girl,4,3.8540243024644501e-186,3.8540243024644501e-186,reported_by_STS_full_precision,fail,0.01,STS SUCCESS and p >= 0.01,6
decrypted,NonOverlappingTemplate,m=9 template=0 0 1 1 1 0 1 1 1,lena,5,1.966089862581517e-56,1.966089862581517e-56,reported_by_STS_full_precision,fail,0.01,STS SUCCESS and p >= 0.01,6
decrypted,NonOverlappingTemplate,m=9 template=0 0 1 1 1 0 1 1 1,peppers,6,3.3786954370848703e-62,3.3786954370848703e-62,reported_by_STS_full_precision,fail,0.01,STS SUCCESS and p >= 0.01,6
decrypted,NonOverlappingTemplate,m=9 template=0 0 1 1 1 1 0 1 1,airplane,1,1.1640091302338909e-74,1.1640091302338909e-74,reported_by_STS_full_precision,fail,0.01,STS SUCCESS and p >= 0.01,6
decrypted,NonOverlappingTemplate,m=9 template=0 0 1 1 1 1 0 1 1,baboon,2,1.6420495212780008e-99,1.6420495212780008e-99,reported_by_STS_full_precision,fail,0.01,STS SUCCESS and p >= 0.01,6
decrypted,NonOverlappingTemplate,m=9 template=0 0 1 1 1 1 0 1 1,couple,3,<1e-300,0,double_underflow_lt_1e-300,fail,0.01,STS SUCCESS and p >= 0.01,6
decrypted,NonOverlappingTemplate,m=9 template=0 0 1 1 1 1 0 1 1,girl,4,2.940250133444101e-177,2.940250133444101e-177,reported_by_STS_full_precision,fail,0.01,STS SUCCESS and p >= 0.01,6
decrypted,NonOverlappingTemplate,m=9 template=0 0 1 1 1 1 0 1 1,lena,5,2.9609669479012293e-36,2.9609669479012293e-36,reported_by_STS_full_precision,fail,0.01,STS SUCCESS and p >= 0.01,6
decrypted,NonOverlappingTemplate,m=9 template=0 0 1 1 1 1 0 1 1,peppers,6,2.6158952724245907e-09,2.6158952724245907e-09,reported_by_STS_full_precision,fail,0.01,STS SUCCESS and p >= 0.01,6
decrypted,NonOverlappingTemplate,m=9 template=0 0 1 1 1 1 1 0 1,airplane,1,6.2699744031631894e-160,6.2699744031631894e-160,reported_by_STS_full_precision,fail,0.01,STS SUCCESS and p >= 0.01,6
decrypted,NonOverlappingTemplate,m=9 template=0 0 1 1 1 1 1 0 1,baboon,2,2.1728910743392121e-102,2.1728910743392121e-102,reported_by_STS_full_precision,fail,0.01,STS SUCCESS and p >= 0.01,6
decrypted,NonOverlappingTemplate,m=9 template=0 0 1 1 1 1 1 0 1,couple,3,<1e-300,0,double_underflow_lt_1e-300,fail,0.01,STS SUCCESS and p >= 0.01,6
decrypted,NonOverlappingTemplate,m=9 template=0 0 1 1 1 1 1 0 1,girl,4,1.8746803140653941e-173,1.8746803140653941e-173,reported_by_STS_full_precision,fail,0.01,STS SUCCESS and p >= 0.01,6
decrypted,NonOverlappingTemplate,m=9 template=0 0 1 1 1 1 1 0 1,lena,5,4.9961613054080865e-42,4.9961613054080865e-42,reported_by_STS_full_precision,fail,0.01,STS SUCCESS and p >= 0.01,6
decrypted,NonOverlappingTemplate,m=9 template=0 0 1 1 1 1 1 0 1,peppers,6,6.6370616223505537e-109,6.6370616223505537e-109,reported_by_STS_full_precision,fail,0.01,STS SUCCESS and p >= 0.01,6
decrypted,NonOverlappingTemplate,m=9 template=0 0 1 1 1 1 1 1 1,airplane,1,<1e-300,0,double_underflow_lt_1e-300,fail,0.01,STS SUCCESS and p >= 0.01,6
decrypted,NonOverlappingTemplate,m=9 template=0 0 1 1 1 1 1 1 1,baboon,2,1.0109496685223862e-276,1.0109496685223862e-276,reported_by_STS_full_precision,fail,0.01,STS SUCCESS and p >= 0.01,6
decrypted,NonOverlappingTemplate,m=9 template=0 0 1 1 1 1 1 1 1,couple,3,<1e-300,0,double_underflow_lt_1e-300,fail,0.01,STS SUCCESS and p >= 0.01,6
decrypted,NonOverlappingTemplate,m=9 template=0 0 1 1 1 1 1 1 1,girl,4,5.4976952585377469e-272,5.4976952585377469e-272,reported_by_STS_full_precision,fail,0.01,STS SUCCESS and p >= 0.01,6
decrypted,NonOverlappingTemplate,m=9 template=0 0 1 1 1 1 1 1 1,lena,5,1.1907270922097553e-227,1.1907270922097553e-227,reported_by_STS_full_precision,fail,0.01,STS SUCCESS and p >= 0.01,6
decrypted,NonOverlappingTemplate,m=9 template=0 0 1 1 1 1 1 1 1,peppers,6,2.7274159227523269e-167,2.7274159227523269e-167,reported_by_STS_full_precision,fail,0.01,STS SUCCESS and p >= 0.01,6
decrypted,NonOverlappingTemplate,m=9 template=0 1 0 0 0 0 0 1 1,airplane,1,<1e-300,0,double_underflow_lt_1e-300,fail,0.01,STS SUCCESS and p >= 0.01,6
decrypted,NonOverlappingTemplate,m=9 template=0 1 0 0 0 0 0 1 1,baboon,2,5.2735623136960081e-23,5.2735623136960081e-23,reported_by_STS_full_precision,fail,0.01,STS SUCCESS and p >= 0.01,6
decrypted,NonOverlappingTemplate,m=9 template=0 1 0 0 0 0 0 1 1,couple,3,4.9878391462984095e-128,4.9878391462984095e-128,reported_by_STS_full_precision,fail,0.01,STS SUCCESS and p >= 0.01,6
decrypted,NonOverlappingTemplate,m=9 template=0 1 0 0 0 0 0 1 1,girl,4,4.4806546012120747e-48,4.4806546012120747e-48,reported_by_STS_full_precision,fail,0.01,STS SUCCESS and p >= 0.01,6
decrypted,NonOverlappingTemplate,m=9 template=0 1 0 0 0 0 0 1 1,lena,5,6.4478591604214468e-74,6.4478591604214468e-74,reported_by_STS_full_precision,fail,0.01,STS SUCCESS and p >= 0.01,6
decrypted,NonOverlappingTemplate,m=9 template=0 1 0 0 0 0 0 1 1,peppers,6,3.9180098245333355e-16,3.9180098245333355e-16,reported_by_STS_full_precision,fail,0.01,STS SUCCESS and p >= 0.01,6
decrypted,NonOverlappingTemplate,m=9 template=0 1 0 0 0 0 1 1 1,airplane,1,<1e-300,0,double_underflow_lt_1e-300,fail,0.01,STS SUCCESS and p >= 0.01,6
decrypted,NonOverlappingTemplate,m=9 template=0 1 0 0 0 0 1 1 1,baboon,2,4.3312745081152899e-13,4.3312745081152899e-13,reported_by_STS_full_precision,fail,0.01,STS SUCCESS and p >= 0.01,6
decrypted,NonOverlappingTemplate,m=9 template=0 1 0 0 0 0 1 1 1,couple,3,1.6578204930333534e-46,1.6578204930333534e-46,reported_by_STS_full_precision,fail,0.01,STS SUCCESS and p >= 0.01,6
decrypted,NonOverlappingTemplate,m=9 template=0 1 0 0 0 0 1 1 1,girl,4,3.6318862369925196e-27,3.6318862369925196e-27,reported_by_STS_full_precision,fail,0.01,STS SUCCESS and p >= 0.01,6
decrypted,NonOverlappingTemplate,m=9 template=0 1 0 0 0 0 1 1 1,lena,5,8.4371021488475032e-126,8.4371021488475032e-126,reported_by_STS_full_precision,fail,0.01,STS SUCCESS and p >= 0.01,6
decrypted,NonOverlappingTemplate,m=9 template=0 1 0 0 0 0 1 1 1,peppers,6,1.5362197814266807e-25,1.5362197814266807e-25,reported_by_STS_full_precision,fail,0.01,STS SUCCESS and p >= 0.01,6
decrypted,NonOverlappingTemplate,m=9 template=0 1 0 0 0 1 0 1 1,airplane,1,1.6069935877649908e-107,1.6069935877649908e-107,reported_by_STS_full_precision,fail,0.01,STS SUCCESS and p >= 0.01,6
decrypted,NonOverlappingTemplate,m=9 template=0 1 0 0 0 1 0 1 1,baboon,2,0.013857331213249488,0.013857331213249488,reported_by_STS_full_precision,pass,0.01,STS SUCCESS and p >= 0.01,6
decrypted,NonOverlappingTemplate,m=9 template=0 1 0 0 0 1 0 1 1,couple,3,0.0015290276830861702,0.0015290276830861702,reported_by_STS_full_precision,fail,0.01,STS SUCCESS and p >= 0.01,6
decrypted,NonOverlappingTemplate,m=9 template=0 1 0 0 0 1 0 1 1,girl,4,1.3822219615419834e-26,1.3822219615419834e-26,reported_by_STS_full_precision,fail,0.01,STS SUCCESS and p >= 0.01,6
decrypted,NonOverlappingTemplate,m=9 template=0 1 0 0 0 1 0 1 1,lena,5,1.1197555941431575e-26,1.1197555941431575e-26,reported_by_STS_full_precision,fail,0.01,STS SUCCESS and p >= 0.01,6
decrypted,NonOverlappingTemplate,m=9 template=0 1 0 0 0 1 0 1 1,peppers,6,7.2129484085546592e-73,7.2129484085546592e-73,reported_by_STS_full_precision,fail,0.01,STS SUCCESS and p >= 0.01,6
decrypted,NonOverlappingTemplate,m=9 template=0 1 0 0 0 1 1 1 1,airplane,1,<1e-300,0,double_underflow_lt_1e-300,fail,0.01,STS SUCCESS and p >= 0.01,6
decrypted,NonOverlappingTemplate,m=9 template=0 1 0 0 0 1 1 1 1,baboon,2,6.9731858611289948e-20,6.9731858611289948e-20,reported_by_STS_full_precision,fail,0.01,STS SUCCESS and p >= 0.01,6
decrypted,NonOverlappingTemplate,m=9 template=0 1 0 0 0 1 1 1 1,couple,3,3.6727755348844994e-19,3.6727755348844994e-19,reported_by_STS_full_precision,fail,0.01,STS SUCCESS and p >= 0.01,6
decrypted,NonOverlappingTemplate,m=9 template=0 1 0 0 0 1 1 1 1,girl,4,6.5574091835044013e-18,6.5574091835044013e-18,reported_by_STS_full_precision,fail,0.01,STS SUCCESS and p >= 0.01,6
decrypted,NonOverlappingTemplate,m=9 template=0 1 0 0 0 1 1 1 1,lena,5,9.5773418743831338e-164,9.5773418743831338e-164,reported_by_STS_full_precision,fail,0.01,STS SUCCESS and p >= 0.01,6
decrypted,NonOverlappingTemplate,m=9 template=0 1 0 0 0 1 1 1 1,peppers,6,2.1729739514467903e-11,2.1729739514467903e-11,reported_by_STS_full_precision,fail,0.01,STS SUCCESS and p >= 0.01,6
decrypted,NonOverlappingTemplate,m=9 template=0 1 0 0 1 0 0 1 1,airplane,1,<1e-300,0,double_underflow_lt_1e-300,fail,0.01,STS SUCCESS and p >= 0.01,6
decrypted,NonOverlappingTemplate,m=9 template=0 1 0 0 1 0 0 1 1,baboon,2,9.7389941477902245e-27,9.7389941477902245e-27,reported_by_STS_full_precision,fail,0.01,STS SUCCESS and p >= 0.01,6
decrypted,NonOverlappingTemplate,m=9 template=0 1 0 0 1 0 0 1 1,couple,3,6.6748177688604248e-26,6.6748177688604248e-26,reported_by_STS_full_precision,fail,0.01,STS SUCCESS and p >= 0.01,6
decrypted,NonOverlappingTemplate,m=9 template=0 1 0 0 1 0 0 1 1,girl,4,1.3092429634387755e-64,1.3092429634387755e-64,reported_by_STS_full_precision,fail,0.01,STS SUCCESS and p >= 0.01,6
decrypted,NonOverlappingTemplate,m=9 template=0 1 0 0 1 0 0 1 1,lena,5,2.9921312688524164e-31,2.9921312688524164e-31,reported_by_STS_full_precision,fail,0.01,STS SUCCESS and p >= 0.01,6
decrypted,NonOverlappingTemplate,m=9 template=0 1 0 0 1 0 0 1 1,peppers,6,9.5701712550026966e-277,9.5701712550026966e-277,reported_by_STS_full_precision,fail,0.01,STS SUCCESS and p >= 0.01,6
decrypted,NonOverlappingTemplate,m=9 template=0 1 0 0 1 0 1 1 1,airplane,1,3.5105249829847629e-125,3.5105249829847629e-125,reported_by_STS_full_precision,fail,0.01,STS SUCCESS and p >= 0.01,6
decrypted,NonOverlappingTemplate,m=9 template=0 1 0 0 1 0 1 1 1,baboon,2,0.002436430028781422,0.002436430028781422,reported_by_STS_full_precision,fail,0.01,STS SUCCESS and p >= 0.01,6
decrypted,NonOverlappingTemplate,m=9 template=0 1 0 0 1 0 1 1 1,couple,3,2.9155769960170448e-75,2.9155769960170448e-75,reported_by_STS_full_precision,fail,0.01,STS SUCCESS and p >= 0.01,6
decrypted,NonOverlappingTemplate,m=9 template=0 1 0 0 1 0 1 1 1,girl,4,7.4430500589814137e-06,7.4430500589814137e-06,reported_by_STS_full_precision,fail,0.01,STS SUCCESS and p >= 0.01,6
decrypted,NonOverlappingTemplate,m=9 template=0 1 0 0 1 0 1 1 1,lena,5,0.00013663932595230741,0.00013663932595230741,reported_by_STS_full_precision,fail,0.01,STS SUCCESS and p >= 0.01,6
decrypted,NonOverlappingTemplate,m=9 template=0 1 0 0 1 0 1 1 1,peppers,6,3.7763597013527344e-48,3.7763597013527344e-48,reported_by_STS_full_precision,fail,0.01,STS SUCCESS and p >= 0.01,6
decrypted,NonOverlappingTemplate,m=9 template=0 1 0 0 1 1 0 1 1,airplane,1,1.7215133055828427e-65,1.7215133055828427e-65,reported_by_STS_full_precision,fail,0.01,STS SUCCESS and p >= 0.01,6
decrypted,NonOverlappingTemplate,m=9 template=0 1 0 0 1 1 0 1 1,baboon,2,0.0010342369490063616,0.0010342369490063616,reported_by_STS_full_precision,fail,0.01,STS SUCCESS and p >= 0.01,6
decrypted,NonOverlappingTemplate,m=9 template=0 1 0 0 1 1 0 1 1,couple,3,1.2925411129848482e-68,1.2925411129848482e-68,reported_by_STS_full_precision,fail,0.01,STS SUCCESS and p >= 0.01,6
decrypted,NonOverlappingTemplate,m=9 template=0 1 0 0 1 1 0 1 1,girl,4,1.0467003882158798e-27,1.0467003882158798e-27,reported_by_STS_full_precision,fail,0.01,STS SUCCESS and p >= 0.01,6
decrypted,NonOverlappingTemplate,m=9 template=0 1 0 0 1 1 0 1 1,lena,5,4.3142192798664134e-06,4.3142192798664134e-06,reported_by_STS_full_precision,fail,0.01,STS SUCCESS and p >= 0.01,6
decrypted,NonOverlappingTemplate,m=9 template=0 1 0 0 1 1 0 1 1,peppers,6,2.160437855950339e-126,2.160437855950339e-126,reported_by_STS_full_precision,fail,0.01,STS SUCCESS and p >= 0.01,6
decrypted,NonOverlappingTemplate,m=9 template=0 1 0 0 1 1 1 1 1,airplane,1,7.5519241974701683e-300,7.5519241974701683e-300,reported_by_STS_full_precision,fail,0.01,STS SUCCESS and p >= 0.01,6
decrypted,NonOverlappingTemplate,m=9 template=0 1 0 0 1 1 1 1 1,baboon,2,2.7953171636769413e-50,2.7953171636769413e-50,reported_by_STS_full_precision,fail,0.01,STS SUCCESS and p >= 0.01,6
decrypted,NonOverlappingTemplate,m=9 template=0 1 0 0 1 1 1 1 1,couple,3,8.0143133930147921e-141,8.0143133930147921e-141,reported_by_STS_full_precision,fail,0.01,STS SUCCESS and p >= 0.01,6
decrypted,NonOverlappingTemplate,m=9 template=0 1 0 0 1 1 1 1 1,girl,4,3.0476033703795431e-138,3.0476033703795431e-138,reported_by_STS_full_precision,fail,0.01,STS SUCCESS and p >= 0.01,6
decrypted,NonOverlappingTemplate,m=9 template=0 1 0 0 1 1 1 1 1,lena,5,4.5382520066442628e-84,4.5382520066442628e-84,reported_by_STS_full_precision,fail,0.01,STS SUCCESS and p >= 0.01,6
decrypted,NonOverlappingTemplate,m=9 template=0 1 0 0 1 1 1 1 1,peppers,6,6.0377980716146919e-12,6.0377980716146919e-12,reported_by_STS_full_precision,fail,0.01,STS SUCCESS and p >= 0.01,6
decrypted,NonOverlappingTemplate,m=9 template=0 1 0 1 0 0 0 1 1,airplane,1,3.4691860690931258e-281,3.4691860690931258e-281,reported_by_STS_full_precision,fail,0.01,STS SUCCESS and p >= 0.01,6
decrypted,NonOverlappingTemplate,m=9 template=0 1 0 1 0 0 0 1 1,baboon,2,1.6691999508769253e-10,1.6691999508769253e-10,reported_by_STS_full_precision,fail,0.01,STS SUCCESS and p >= 0.01,6
decrypted,NonOverlappingTemplate,m=9 template=0 1 0 1 0 0 0 1 1,couple,3,0.00019080059102011911,0.00019080059102011911,reported_by_STS_full_precision,fail,0.01,STS SUCCESS and p >= 0.01,6
decrypted,NonOverlappingTemplate,m=9 template=0 1 0 1 0 0 0 1 1,girl,4,1.4713831650684515e-12,1.4713831650684515e-12,reported_by_STS_full_precision,fail,0.01,STS SUCCESS and p >= 0.01,6
decrypted,NonOverlappingTemplate,m=9 template=0 1 0 1 0 0 0 1 1,lena,5,3.1608522660997534e-24,3.1608522660997534e-24,reported_by_STS_full_precision,fail,0.01,STS SUCCESS and p >= 0.01,6
decrypted,NonOverlappingTemplate,m=9 template=0 1 0 1 0 0 0 1 1,peppers,6,4.2680862784242396e-210,4.2680862784242396e-210,reported_by_STS_full_precision,fail,0.01,STS SUCCESS and p >= 0.01,6
decrypted,NonOverlappingTemplate,m=9 template=0 1 0 1 0 0 1 1 1,airplane,1,2.2156001539083299e-269,2.2156001539083299e-269,reported_by_STS_full_precision,fail,0.01,STS SUCCESS and p >= 0.01,6
decrypted,NonOverlappingTemplate,m=9 template=0 1 0 1 0 0 1 1 1,baboon,2,0.029194132486006399,0.029194132486006399,reported_by_STS_full_precision,pass,0.01,STS SUCCESS and p >= 0.01,6
decrypted,NonOverlappingTemplate,m=9 template=0 1 0 1 0 0 1 1 1,couple,3,9.7503067660973918e-58,9.7503067660973918e-58,reported_by_STS_full_precision,fail,0.01,STS SUCCESS and p >= 0.01,6
decrypted,NonOverlappingTemplate,m=9 template=0 1 0 1 0 0 1 1 1,girl,4,9.1857690374602585e-56,9.1857690374602585e-56,reported_by_STS_full_precision,fail,0.01,STS SUCCESS and p >= 0.01,6
decrypted,NonOverlappingTemplate,m=9 template=0 1 0 1 0 0 1 1 1,lena,5,7.2004517556134367e-27,7.2004517556134367e-27,reported_by_STS_full_precision,fail,0.01,STS SUCCESS and p >= 0.01,6
decrypted,NonOverlappingTemplate,m=9 template=0 1 0 1 0 0 1 1 1,peppers,6,2.0713229876420797e-100,2.0713229876420797e-100,reported_by_STS_full_precision,fail,0.01,STS SUCCESS and p >= 0.01,6
decrypted,NonOverlappingTemplate,m=9 template=0 1 0 1 0 1 0 1 1,airplane,1,9.1653005852926809e-59,9.1653005852926809e-59,reported_by_STS_full_precision,fail,0.01,STS SUCCESS and p >= 0.01,6
decrypted,NonOverlappingTemplate,m=9 template=0 1 0 1 0 1 0 1 1,baboon,2,9.2514079314295388e-10,9.2514079314295388e-10,reported_by_STS_full_precision,fail,0.01,STS SUCCESS and p >= 0.01,6
decrypted,NonOverlappingTemplate,m=9 template=0 1 0 1 0 1 0 1 1,couple,3,4.2707963002712408e-237,4.2707963002712408e-237,reported_by_STS_full_precision,fail,0.01,STS SUCCESS and p >= 0.01,6
decrypted,NonOverlappingTemplate,m=9 template=0 1 0 1 0 1 0 1 1,girl,4,3.8160139549322976e-145,3.8160139549322976e-145,reported_by_STS_full_precision,fail,0.01,STS SUCCESS and p >= 0.01,6
decrypted,NonOverlappingTemplate,m=9 template=0 1 0 1 0 1 0 1 1,lena,5,8.2921980683748879e-150,8.2921980683748879e-150,reported_by_STS_full_precision,fail,0.01,STS SUCCESS and p >= 0.01,6
decrypted,NonOverlappingTemplate,m=9 template=0 1 0 1 0 1 0 1 1,peppers,6,1.6283956190763587e-223,1.6283956190763587e-223,reported_by_STS_full_precision,fail,0.01,STS SUCCESS and p >= 0.01,6
decrypted,NonOverlappingTemplate,m=9 template=0 1 0 1 0 1 1 1 1,airplane,1,6.4673758355051227e-60,6.4673758355051227e-60,reported_by_STS_full_precision,fail,0.01,STS SUCCESS and p >= 0.01,6
decrypted,NonOverlappingTemplate,m=9 template=0 1 0 1 0 1 1 1 1,baboon,2,3.4056269681445313e-48,3.4056269681445313e-48,reported_by_STS_full_precision,fail,0.01,STS SUCCESS and p >= 0.01,6
decrypted,NonOverlappingTemplate,m=9 template=0 1 0 1 0 1 1 1 1,couple,3,2.705824447677135e-279,2.705824447677135e-279,reported_by_STS_full_precision,fail,0.01,STS SUCCESS and p >= 0.01,6
decrypted,NonOverlappingTemplate,m=9 template=0 1 0 1 0 1 1 1 1,girl,4,3.1909510350530657e-168,3.1909510350530657e-168,reported_by_STS_full_precision,fail,0.01,STS SUCCESS and p >= 0.01,6
decrypted,NonOverlappingTemplate,m=9 template=0 1 0 1 0 1 1 1 1,lena,5,2.2865509898876421e-87,2.2865509898876421e-87,reported_by_STS_full_precision,fail,0.01,STS SUCCESS and p >= 0.01,6
decrypted,NonOverlappingTemplate,m=9 template=0 1 0 1 0 1 1 1 1,peppers,6,6.6135337572100236e-29,6.6135337572100236e-29,reported_by_STS_full_precision,fail,0.01,STS SUCCESS and p >= 0.01,6
decrypted,NonOverlappingTemplate,m=9 template=0 1 0 1 1 0 0 1 1,airplane,1,6.3690921952713724e-286,6.3690921952713724e-286,reported_by_STS_full_precision,fail,0.01,STS SUCCESS and p >= 0.01,6
decrypted,NonOverlappingTemplate,m=9 template=0 1 0 1 1 0 0 1 1,baboon,2,0.0069349734906897663,0.0069349734906897663,reported_by_STS_full_precision,fail,0.01,STS SUCCESS and p >= 0.01,6
decrypted,NonOverlappingTemplate,m=9 template=0 1 0 1 1 0 0 1 1,couple,3,1.6289619746138988e-110,1.6289619746138988e-110,reported_by_STS_full_precision,fail,0.01,STS SUCCESS and p >= 0.01,6
decrypted,NonOverlappingTemplate,m=9 template=0 1 0 1 1 0 0 1 1,girl,4,2.518397343751376e-41,2.518397343751376e-41,reported_by_STS_full_precision,fail,0.01,STS SUCCESS and p >= 0.01,6
decrypted,NonOverlappingTemplate,m=9 template=0 1 0 1 1 0 0 1 1,lena,5,1.309421032997726e-225,1.309421032997726e-225,reported_by_STS_full_precision,fail,0.01,STS SUCCESS and p >= 0.01,6
decrypted,NonOverlappingTemplate,m=9 template=0 1 0 1 1 0 0 1 1,peppers,6,5.1890105632901462e-254,5.1890105632901462e-254,reported_by_STS_full_precision,fail,0.01,STS SUCCESS and p >= 0.01,6
decrypted,NonOverlappingTemplate,m=9 template=0 1 0 1 1 0 1 1 1,airplane,1,6.712383931123375e-61,6.712383931123375e-61,reported_by_STS_full_precision,fail,0.01,STS SUCCESS and p >= 0.01,6
decrypted,NonOverlappingTemplate,m=9 template=0 1 0 1 1 0 1 1 1,baboon,2,2.6726663721983938e-59,2.6726663721983938e-59,reported_by_STS_full_precision,fail,0.01,STS SUCCESS and p >= 0.01,6
decrypted,NonOverlappingTemplate,m=9 template=0 1 0 1 1 0 1 1 1,couple,3,5.4452114181906264e-269,5.4452114181906264e-269,reported_by_STS_full_precision,fail,0.01,STS SUCCESS and p >= 0.01,6
decrypted,NonOverlappingTemplate,m=9 template=0 1 0 1 1 0 1 1 1,girl,4,9.4133515259048714e-183,9.4133515259048714e-183,reported_by_STS_full_precision,fail,0.01,STS SUCCESS and p >= 0.01,6
decrypted,NonOverlappingTemplate,m=9 template=0 1 0 1 1 0 1 1 1,lena,5,3.9337309304759435e-87,3.9337309304759435e-87,reported_by_STS_full_precision,fail,0.01,STS SUCCESS and p >= 0.01,6
decrypted,NonOverlappingTemplate,m=9 template=0 1 0 1 1 0 1 1 1,peppers,6,8.0998134725775696e-07,8.0998134725775696e-07,reported_by_STS_full_precision,fail,0.01,STS SUCCESS and p >= 0.01,6
decrypted,NonOverlappingTemplate,m=9 template=0 1 0 1 1 1 0 1 1,airplane,1,3.2609862021820403e-101,3.2609862021820403e-101,reported_by_STS_full_precision,fail,0.01,STS SUCCESS and p >= 0.01,6
decrypted,NonOverlappingTemplate,m=9 template=0 1 0 1 1 1 0 1 1,baboon,2,1.3223219773067538e-46,1.3223219773067538e-46,reported_by_STS_full_precision,fail,0.01,STS SUCCESS and p >= 0.01,6
decrypted,NonOverlappingTemplate,m=9 template=0 1 0 1 1 1 0 1 1,couple,3,1.6346027764693865e-310,1.6346027764693865e-310,reported_by_STS_full_precision,fail,0.01,STS SUCCESS and p >= 0.01,6
decrypted,NonOverlappingTemplate,m=9 template=0 1 0 1 1 1 0 1 1,girl,4,2.8977098446662811e-181,2.8977098446662811e-181,reported_by_STS_full_precision,fail,0.01,STS SUCCESS and p >= 0.01,6
decrypted,NonOverlappingTemplate,m=9 template=0 1 0 1 1 1 0 1 1,lena,5,9.1881960847559215e-103,9.1881960847559215e-103,reported_by_STS_full_precision,fail,0.01,STS SUCCESS and p >= 0.01,6
decrypted,NonOverlappingTemplate,m=9 template=0 1 0 1 1 1 0 1 1,peppers,6,1.3520443977059458e-13,1.3520443977059458e-13,reported_by_STS_full_precision,fail,0.01,STS SUCCESS and p >= 0.01,6
decrypted,NonOverlappingTemplate,m=9 template=0 1 0 1 1 1 1 1 1,airplane,1,1.6111831254481821e-56,1.6111831254481821e-56,reported_by_STS_full_precision,fail,0.01,STS SUCCESS and p >= 0.01,6
decrypted,NonOverlappingTemplate,m=9 template=0 1 0 1 1 1 1 1 1,baboon,2,6.441493958708843e-165,6.441493958708843e-165,reported_by_STS_full_precision,fail,0.01,STS SUCCESS and p >= 0.01,6
decrypted,NonOverlappingTemplate,m=9 template=0 1 0 1 1 1 1 1 1,couple,3,<1e-300,0,double_underflow_lt_1e-300,fail,0.01,STS SUCCESS and p >= 0.01,6
decrypted,NonOverlappingTemplate,m=9 template=0 1 0 1 1 1 1 1 1,girl,4,2.1020051210497895e-228,2.1020051210497895e-228,reported_by_STS_full_precision,fail,0.01,STS SUCCESS and p >= 0.01,6
decrypted,NonOverlappingTemplate,m=9 template=0 1 0 1 1 1 1 1 1,lena,5,7.486800729212159e-13,7.486800729212159e-13,reported_by_STS_full_precision,fail,0.01,STS SUCCESS and p >= 0.01,6
decrypted,NonOverlappingTemplate,m=9 template=0 1 0 1 1 1 1 1 1,peppers,6,5.4898753449135095e-32,5.4898753449135095e-32,reported_by_STS_full_precision,fail,0.01,STS SUCCESS and p >= 0.01,6
decrypted,NonOverlappingTemplate,m=9 template=0 1 1 0 0 0 1 1 1,airplane,1,1.7983398580282433e-25,1.7983398580282433e-25,reported_by_STS_full_precision,fail,0.01,STS SUCCESS and p >= 0.01,6
decrypted,NonOverlappingTemplate,m=9 template=0 1 1 0 0 0 1 1 1,baboon,2,0.0015988068213583081,0.0015988068213583081,reported_by_STS_full_precision,fail,0.01,STS SUCCESS and p >= 0.01,6
decrypted,NonOverlappingTemplate,m=9 template=0 1 1 0 0 0 1 1 1,couple,3,6.966676307220199e-15,6.966676307220199e-15,reported_by_STS_full_precision,fail,0.01,STS SUCCESS and p >= 0.01,6
decrypted,NonOverlappingTemplate,m=9 template=0 1 1 0 0 0 1 1 1,girl,4,3.675363124741032e-15,3.675363124741032e-15,reported_by_STS_full_precision,fail,0.01,STS SUCCESS and p >= 0.01,6
decrypted,NonOverlappingTemplate,m=9 template=0 1 1 0 0 0 1 1 1,lena,5,0.10055141782055109,0.10055141782055109,reported_by_STS_full_precision,pass,0.01,STS SUCCESS and p >= 0.01,6
decrypted,NonOverlappingTemplate,m=9 template=0 1 1 0 0 0 1 1 1,peppers,6,7.1632156862170538e-24,7.1632156862170538e-24,reported_by_STS_full_precision,fail,0.01,STS SUCCESS and p >= 0.01,6
decrypted,NonOverlappingTemplate,m=9 template=0 1 1 0 0 1 1 1 1,airplane,1,8.2358536700878634e-228,8.2358536700878634e-228,reported_by_STS_full_precision,fail,0.01,STS SUCCESS and p >= 0.01,6
decrypted,NonOverlappingTemplate,m=9 template=0 1 1 0 0 1 1 1 1,baboon,2,1.2680079673477181e-13,1.2680079673477181e-13,reported_by_STS_full_precision,fail,0.01,STS SUCCESS and p >= 0.01,6
decrypted,NonOverlappingTemplate,m=9 template=0 1 1 0 0 1 1 1 1,couple,3,4.5423855048612614e-120,4.5423855048612614e-120,reported_by_STS_full_precision,fail,0.01,STS SUCCESS and p >= 0.01,6
decrypted,NonOverlappingTemplate,m=9 template=0 1 1 0 0 1 1 1 1,girl,4,2.396206705854338e-110,2.396206705854338e-110,reported_by_STS_full_precision,fail,0.01,STS SUCCESS and p >= 0.01,6
decrypted,NonOverlappingTemplate,m=9 template=0 1 1 0 0 1 1 1 1,lena,5,7.6023485233558682e-06,7.6023485233558682e-06,reported_by_STS_full_precision,fail,0.01,STS SUCCESS and p >= 0.01,6
decrypted,NonOverlappingTemplate,m=9 template=0 1 1 0 0 1 1 1 1,peppers,6,1.7755010298864045e-09,1.7755010298864045e-09,reported_by_STS_full_precision,fail,0.01,STS SUCCESS and p >= 0.01,6
decrypted,NonOverlappingTemplate,m=9 template=0 1 1 0 1 0 1 1 1,airplane,1,1.9825949749283725e-26,1.9825949749283725e-26,reported_by_STS_full_precision,fail,0.01,STS SUCCESS and p >= 0.01,6
decrypted,NonOverlappingTemplate,m=9 template=0 1 1 0 1 0 1 1 1,baboon,2,1.2743639145133613e-31,1.2743639145133613e-31,reported_by_STS_full_precision,fail,0.01,STS SUCCESS and p >= 0.01,6
decrypted,NonOverlappingTemplate,m=9 template=0 1 1 0 1 0 1 1 1,couple,3,1.8421577409258555e-271,1.8421577409258555e-271,reported_by_STS_full_precision,fail,0.01,STS SUCCESS and p >= 0.01,6
decrypted,NonOverlappingTemplate,m=9 template=0 1 1 0 1 0 1 1 1,girl,4,1.3000127349458843e-186,1.3000127349458843e-186,reported_by_STS_full_precision,fail,0.01,STS SUCCESS and p >= 0.01,6
decrypted,NonOverlappingTemplate,m=9 template=0 1 1 0 1 0 1 1 1,lena,5,5.7806612327648147e-89,5.7806612327648147e-89,reported_by_STS_full_precision,fail,0.01,STS SUCCESS and p >= 0.01,6
decrypted,NonOverlappingTemplate,m=9 template=0 1 1 0 1 0 1 1 1,peppers,6,9.0286400538379966e-06,9.0286400538379966e-06,reported_by_STS_full_precision,fail,0.01,STS SUCCESS and p >= 0.01,6
decrypted,NonOverlappingTemplate,m=9 template=0 1 1 0 1 1 1 1 1,airplane,1,2.0939601479446568e-52,2.0939601479446568e-52,reported_by_STS_full_precision,fail,0.01,STS SUCCESS and p >= 0.01,6
decrypted,NonOverlappingTemplate,m=9 template=0 1 1 0 1 1 1 1 1,baboon,2,1.1270717410085715e-141,1.1270717410085715e-141,reported_by_STS_full_precision,fail,0.01,STS SUCCESS and p >= 0.01,6
decrypted,NonOverlappingTemplate,m=9 template=0 1 1 0 1 1 1 1 1,couple,3,<1e-300,0,double_underflow_lt_1e-300,fail,0.01,STS SUCCESS and p >= 0.01,6
decrypted,NonOverlappingTemplate,m=9 template=0 1 1 0 1 1 1 1 1,girl,4,3.8844079048970172e-249,3.8844079048970172e-249,reported_by_STS_full_precision,fail,0.01,STS SUCCESS and p >= 0.01,6
decrypted,NonOverlappingTemplate,m=9 template=0 1 1 0 1 1 1 1 1,lena,5,1.4399399802057955e-09,1.4399399802057955e-09,reported_by_STS_full_precision,fail,0.01,STS SUCCESS and p >= 0.01,6
decrypted,NonOverlappingTemplate,m=9 template=0 1 1 0 1 1 1 1 1,peppers,6,1.2132648935038397e-80,1.2132648935038397e-80,reported_by_STS_full_precision,fail,0.01,STS SUCCESS and p >= 0.01,6
decrypted,NonOverlappingTemplate,m=9 template=0 1 1 1 0 1 1 1 1,airplane,1,1.7414555761407757e-75,1.7414555761407757e-75,reported_by_STS_full_precision,fail,0.01,STS SUCCESS and p >= 0.01,6
decrypted,NonOverlappingTemplate,m=9 template=0 1 1 1 0 1 1 1 1,baboon,2,2.4239419196992306e-119,2.4239419196992306e-119,reported_by_STS_full_precision,fail,0.01,STS SUCCESS and p >= 0.01,6
decrypted,NonOverlappingTemplate,m=9 template=0 1 1 1 0 1 1 1 1,couple,3,<1e-300,0,double_underflow_lt_1e-300,fail,0.01,STS SUCCESS and p >= 0.01,6
decrypted,NonOverlappingTemplate,m=9 template=0 1 1 1 0 1 1 1 1,girl,4,3.4050592876592685e-204,3.4050592876592685e-204,reported_by_STS_full_precision,fail,0.01,STS SUCCESS and p >= 0.01,6
decrypted,NonOverlappingTemplate,m=9 template=0 1 1 1 0 1 1 1 1,lena,5,1.2837814048916569e-60,1.2837814048916569e-60,reported_by_STS_full_precision,fail,0.01,STS SUCCESS and p >= 0.01,6
decrypted,NonOverlappingTemplate,m=9 template=0 1 1 1 0 1 1 1 1,peppers,6,1.682379829963676e-77,1.682379829963676e-77,reported_by_STS_full_precision,fail,0.01,STS SUCCESS and p >= 0.01,6
decrypted,NonOverlappingTemplate,m=9 template=0 1 1 1 1 1 1 1 1,airplane,1,1.0106329779689698e-27,1.0106329779689698e-27,reported_by_STS_full_precision,fail,0.01,STS SUCCESS and p >= 0.01,6
decrypted,NonOverlappingTemplate,m=9 template=0 1 1 1 1 1 1 1 1,baboon,2,2.6976410731882508e-268,2.6976410731882508e-268,reported_by_STS_full_precision,fail,0.01,STS SUCCESS and p >= 0.01,6
decrypted,NonOverlappingTemplate,m=9 template=0 1 1 1 1 1 1 1 1,couple,3,<1e-300,0,double_underflow_lt_1e-300,fail,0.01,STS SUCCESS and p >= 0.01,6
decrypted,NonOverlappingTemplate,m=9 template=0 1 1 1 1 1 1 1 1,girl,4,5.6140443750888453e-292,5.6140443750888453e-292,reported_by_STS_full_precision,fail,0.01,STS SUCCESS and p >= 0.01,6
decrypted,NonOverlappingTemplate,m=9 template=0 1 1 1 1 1 1 1 1,lena,5,5.1512253703028589e-288,5.1512253703028589e-288,reported_by_STS_full_precision,fail,0.01,STS SUCCESS and p >= 0.01,6
decrypted,NonOverlappingTemplate,m=9 template=0 1 1 1 1 1 1 1 1,peppers,6,7.507801838716673e-219,7.507801838716673e-219,reported_by_STS_full_precision,fail,0.01,STS SUCCESS and p >= 0.01,6
decrypted,NonOverlappingTemplate,m=9 template=1 0 0 0 0 0 0 0 0,airplane,1,<1e-300,0,double_underflow_lt_1e-300,fail,0.01,STS SUCCESS and p >= 0.01,6
decrypted,NonOverlappingTemplate,m=9 template=1 0 0 0 0 0 0 0 0,baboon,2,2.1692694840509334e-110,2.1692694840509334e-110,reported_by_STS_full_precision,fail,0.01,STS SUCCESS and p >= 0.01,6
decrypted,NonOverlappingTemplate,m=9 template=1 0 0 0 0 0 0 0 0,couple,3,6.9443569853321773e-90,6.9443569853321773e-90,reported_by_STS_full_precision,fail,0.01,STS SUCCESS and p >= 0.01,6
decrypted,NonOverlappingTemplate,m=9 template=1 0 0 0 0 0 0 0 0,girl,4,8.4368917381461977e-53,8.4368917381461977e-53,reported_by_STS_full_precision,fail,0.01,STS SUCCESS and p >= 0.01,6
decrypted,NonOverlappingTemplate,m=9 template=1 0 0 0 0 0 0 0 0,lena,5,5.2120836433709028e-205,5.2120836433709028e-205,reported_by_STS_full_precision,fail,0.01,STS SUCCESS and p >= 0.01,6
decrypted,NonOverlappingTemplate,m=9 template=1 0 0 0 0 0 0 0 0,peppers,6,1.5443441578274717e-226,1.5443441578274717e-226,reported_by_STS_full_precision,fail,0.01,STS SUCCESS and p >= 0.01,6
decrypted,NonOverlappingTemplate,m=9 template=1 0 0 0 1 0 0 0 0,airplane,1,<1e-300,0,double_underflow_lt_1e-300,fail,0.01,STS SUCCESS and p >= 0.01,6
decrypted,NonOverlappingTemplate,m=9 template=1 0 0 0 1 0 0 0 0,baboon,2,7.6844925718858535e-16,7.6844925718858535e-16,reported_by_STS_full_precision,fail,0.01,STS SUCCESS and p >= 0.01,6
decrypted,NonOverlappingTemplate,m=9 template=1 0 0 0 1 0 0 0 0,couple,3,<1e-300,0,double_underflow_lt_1e-300,fail,0.01,STS SUCCESS and p >= 0.01,6
decrypted,NonOverlappingTemplate,m=9 template=1 0 0 0 1 0 0 0 0,girl,4,5.7411421990149113e-188,5.7411421990149113e-188,reported_by_STS_full_precision,fail,0.01,STS SUCCESS and p >= 0.01,6
decrypted,NonOverlappingTemplate,m=9 template=1 0 0 0 1 0 0 0 0,lena,5,1.724304015521821e-126,1.724304015521821e-126,reported_by_STS_full_precision,fail,0.01,STS SUCCESS and p >= 0.01,6
decrypted,NonOverlappingTemplate,m=9 template=1 0 0 0 1 0 0 0 0,peppers,6,3.5414714415477872e-13,3.5414714415477872e-13,reported_by_STS_full_precision,fail,0.01,STS SUCCESS and p >= 0.01,6
decrypted,NonOverlappingTemplate,m=9 template=1 0 0 1 0 0 0 0 0,airplane,1,<1e-300,0,double_underflow_lt_1e-300,fail,0.01,STS SUCCESS and p >= 0.01,6
decrypted,NonOverlappingTemplate,m=9 template=1 0 0 1 0 0 0 0 0,baboon,2,1.215690372454177e-06,1.215690372454177e-06,reported_by_STS_full_precision,fail,0.01,STS SUCCESS and p >= 0.01,6
decrypted,NonOverlappingTemplate,m=9 template=1 0 0 1 0 0 0 0 0,couple,3,3.3086568713862611e-179,3.3086568713862611e-179,reported_by_STS_full_precision,fail,0.01,STS SUCCESS and p >= 0.01,6
decrypted,NonOverlappingTemplate,m=9 template=1 0 0 1 0 0 0 0 0,girl,4,6.8276155135607858e-85,6.8276155135607858e-85,reported_by_STS_full_precision,fail,0.01,STS SUCCESS and p >= 0.01,6
decrypted,NonOverlappingTemplate,m=9 template=1 0 0 1 0 0 0 0 0,lena,5,1.2411240414555143e-170,1.2411240414555143e-170,reported_by_STS_full_precision,fail,0.01,STS SUCCESS and p >= 0.01,6
decrypted,NonOverlappingTemplate,m=9 template=1 0 0 1 0 0 0 0 0,peppers,6,7.9489633449692448e-19,7.9489633449692448e-19,reported_by_STS_full_precision,fail,0.01,STS SUCCESS and p >= 0.01,6
decrypted,NonOverlappingTemplate,m=9 template=1 0 0 1 0 1 0 0 0,airplane,1,<1e-300,0,double_underflow_lt_1e-300,fail,0.01,STS SUCCESS and p >= 0.01,6
decrypted,NonOverlappingTemplate,m=9 template=1 0 0 1 0 1 0 0 0,baboon,2,6.4865302185590107e-42,6.4865302185590107e-42,reported_by_STS_full_precision,fail,0.01,STS SUCCESS and p >= 0.01,6
decrypted,NonOverlappingTemplate,m=9 template=1 0 0 1 0 1 0 0 0,couple,3,6.640998134241939e-08,6.640998134241939e-08,reported_by_STS_full_precision,fail,0.01,STS SUCCESS and p >= 0.01,6
decrypted,NonOverlappingTemplate,m=9 template=1 0 0 1 0 1 0 0 0,girl,4,2.7258924369671382e-59,2.7258924369671382e-59,reported_by_STS_full_precision,fail,0.01,STS SUCCESS and p >= 0.01,6
decrypted,NonOverlappingTemplate,m=9 template=1 0 0 1 0 1 0 0 0,lena,5,2.7023431901898951e-125,2.7023431901898951e-125,reported_by_STS_full_precision,fail,0.01,STS SUCCESS and p >= 0.01,6
decrypted,NonOverlappingTemplate,m=9 template=1 0 0 1 0 1 0 0 0,peppers,6,7.440962945548539e-74,7.440962945548539e-74,reported_by_STS_full_precision,fail,0.01,STS SUCCESS and p >= 0.01,6
decrypted,NonOverlappingTemplate,m=9 template=1 0 0 1 1 0 0 0 0,airplane,1,9.2341500052627919e-23,9.2341500052627919e-23,reported_by_STS_full_precision,fail,0.01,STS SUCCESS and p >= 0.01,6
decrypted,NonOverlappingTemplate,m=9 template=1 0 0 1 1 0 0 0 0,baboon,2,0.00048223901452517395,0.00048223901452517395,reported_by_STS_full_precision,fail,0.01,STS SUCCESS and p >= 0.01,6
decrypted,NonOverlappingTemplate,m=9 template=1 0 0 1 1 0 0 0 0,couple,3,7.6806922073930409e-16,7.6806922073930409e-16,reported_by_STS_full_precision,fail,0.01,STS SUCCESS and p >= 0.01,6
decrypted,NonOverlappingTemplate,m=9 template=1 0 0 1 1 0 0 0 0,girl,4,1.0322531975540481e-70,1.0322531975540481e-70,reported_by_STS_full_precision,fail,0.01,STS SUCCESS and p >= 0.01,6
decrypted,NonOverlappingTemplate,m=9 template=1 0 0 1 1 0 0 0 0,lena,5,1.4368737914631167e-10,1.4368737914631167e-10,reported_by_STS_full_precision,fail,0.01,STS SUCCESS and p >= 0.01,6
decrypted,NonOverlappingTemplate,m=9 template=1 0 0 1 1 0 0 0 0,peppers,6,1.2117988748173175e-24,1.2117988748173175e-24,reported_by_STS_full_precision,fail,0.01,STS SUCCESS and p >= 0.01,6
decrypted,NonOverlappingTemplate,m=9 template=1 0 0 1 1 1 0 0 0,airplane,1,4.2545999156355751e-49,4.2545999156355751e-49,reported_by_STS_full_precision,fail,0.01,STS SUCCESS and p >= 0.01,6
decrypted,NonOverlappingTemplate,m=9 template=1 0 0 1 1 1 0 0 0,baboon,2,0.34218322258016409,0.34218322258016409,reported_by_STS_full_precision,pass,0.01,STS SUCCESS and p >= 0.01,6
decrypted,NonOverlappingTemplate,m=9 template=1 0 0 1 1 1 0 0 0,couple,3,4.2282151932215659e-23,4.2282151932215659e-23,reported_by_STS_full_precision,fail,0.01,STS SUCCESS and p >= 0.01,6
decrypted,NonOverlappingTemplate,m=9 template=1 0 0 1 1 1 0 0 0,girl,4,0.0015468283648728514,0.0015468283648728514,reported_by_STS_full_precision,fail,0.01,STS SUCCESS and p >= 0.01,6
decrypted,NonOverlappingTemplate,m=9 template=1 0 0 1 1 1 0 0 0,lena,5,4.0028562420052559e-49,4.0028562420052559e-49,reported_by_STS_full_precision,fail,0.01,STS SUCCESS and p >= 0.01,6
decrypted,NonOverlappingTemplate,m=9 template=1 0 0 1 1 1 0 0 0,peppers,6,1.6834124064096138e-23,1.6834124064096138e-23,reported_by_STS_full_precision,fail,0.01,STS SUCCESS and p >= 0.01,6
decrypted,NonOverlappingTemplate,m=9 template=1 0 1 0 0 0 0 0 0,airplane,1,<1e-300,0,double_underflow_lt_1e-300,fail,0.01,STS SUCCESS and p >= 0.01,6
decrypted,NonOverlappingTemplate,m=9 template=1 0 1 0 0 0 0 0 0,baboon,2,1.5823242657487405e-21,1.5823242657487405e-21,reported_by_STS_full_precision,fail,0.01,STS SUCCESS and p >= 0.01,6
decrypted,NonOverlappingTemplate,m=9 template=1 0 1 0 0 0 0 0 0,couple,3,0.12575213352006581,0.12575213352006581,reported_by_STS_full_precision,pass,0.01,STS SUCCESS and p >= 0.01,6
decrypted,NonOverlappingTemplate,m=9 template=1 0 1 0 0 0 0 0 0,girl,4,4.7516110554437592e-34,4.7516110554437592e-34,reported_by_STS_full_precision,fail,0.01,STS SUCCESS and p >= 0.01,6
decrypted,NonOverlappingTemplate,m=9 template=1 0 1 0 0 0 0 0 0,lena,5,2.142840234998154e-203,2.142840234998154e-203,reported_by_STS_full_precision,fail,0.01,STS SUCCESS and p >= 0.01,6
decrypted,NonOverlappingTemplate,m=9 template=1 0 1 0 0 0 0 0 0,peppers,6,2.6512477293888224e-49,2.6512477293888224e-49,reported_by_STS_full_precision,fail,0.01,STS SUCCESS and p >= 0.01,6
decrypted,NonOverlappingTemplate,m=9 template=1 0 1 0 0 0 1 0 0,airplane,1,<1e-300,0,double_underflow_lt_1e-300,fail,0.01,STS SUCCESS and p >= 0.01,6
decrypted,NonOverlappingTemplate,m=9 template=1 0 1 0 0 0 1 0 0,baboon,2,9.1769740206061394e-32,9.1769740206061394e-32,reported_by_STS_full_precision,fail,0.01,STS SUCCESS and p >= 0.01,6
decrypted,NonOverlappingTemplate,m=9 template=1 0 1 0 0 0 1 0 0,couple,3,9.2068345666705053e-67,9.2068345666705053e-67,reported_by_STS_full_precision,fail,0.01,STS SUCCESS and p >= 0.01,6
decrypted,NonOverlappingTemplate,m=9 template=1 0 1 0 0 0 1 0 0,girl,4,2.0704321327083143e-65,2.0704321327083143e-65,reported_by_STS_full_precision,fail,0.01,STS SUCCESS and p >= 0.01,6
decrypted,NonOverlappingTemplate,m=9 template=1 0 1 0 0 0 1 0 0,lena,5,2.760257062003965e-55,2.760257062003965e-55,reported_by_STS_full_precision,fail,0.01,STS SUCCESS and p >= 0.01,6
decrypted,NonOverlappingTemplate,m=9 template=1 0 1 0 0 0 1 0 0,peppers,6,9.3178331705323143e-05,9.3178331705323143e-05,reported_by_STS_full_precision,fail,0.01,STS SUCCESS and p >= 0.01,6
decrypted,NonOverlappingTemplate,m=9 template=1 0 1 0 0 1 0 0 0,airplane,1,<1e-300,0,double_underflow_lt_1e-300,fail,0.01,STS SUCCESS and p >= 0.01,6
decrypted,NonOverlappingTemplate,m=9 template=1 0 1 0 0 1 0 0 0,baboon,2,4.8883865694610862e-20,4.8883865694610862e-20,reported_by_STS_full_precision,fail,0.01,STS SUCCESS and p >= 0.01,6
decrypted,NonOverlappingTemplate,m=9 template=1 0 1 0 0 1 0 0 0,couple,3,0.019759728176904495,0.019759728176904495,reported_by_STS_full_precision,pass,0.01,STS SUCCESS and p >= 0.01,6
decrypted,NonOverlappingTemplate,m=9 template=1 0 1 0 0 1 0 0 0,girl,4,2.1512398021315377e-07,2.1512398021315377e-07,reported_by_STS_full_precision,fail,0.01,STS SUCCESS and p >= 0.01,6
decrypted,NonOverlappingTemplate,m=9 template=1 0 1 0 0 1 0 0 0,lena,5,1.3956792892196598e-177,1.3956792892196598e-177,reported_by_STS_full_precision,fail,0.01,STS SUCCESS and p >= 0.01,6
decrypted,NonOverlappingTemplate,m=9 template=1 0 1 0 0 1 0 0 0,peppers,6,1.7091778983085e-05,1.7091778983085e-05,reported_by_STS_full_precision,fail,0.01,STS SUCCESS and p >= 0.01,6
decrypted,NonOverlappingTemplate,m=9 template=1 0 1 0 0 1 1 0 0,airplane,1,3.5107645957662843e-25,3.5107645957662843e-25,reported_by_STS_full_precision,fail,0.01,STS SUCCESS and p >= 0.01,6
decrypted,NonOverlappingTemplate,m=9 template=1 0 1 0 0 1 1 0 0,baboon,2,1.2187152816440238e-25,1.2187152816440238e-25,reported_by_STS_full_precision,fail,0.01,STS SUCCESS and p >= 0.01,6
decrypted,NonOverlappingTemplate,m=9 template=1 0 1 0 0 1 1 0 0,couple,3,1.0279310054432479e-25,1.0279310054432479e-25,reported_by_STS_full_precision,fail,0.01,STS SUCCESS and p >= 0.01,6
decrypted,NonOverlappingTemplate,m=9 template=1 0 1 0 0 1 1 0 0,girl,4,1.2842525911550274e-11,1.2842525911550274e-11,reported_by_STS_full_precision,fail,0.01,STS SUCCESS and p >= 0.01,6
decrypted,NonOverlappingTemplate,m=9 template=1 0 1 0 0 1 1 0 0,lena,5,0.081418948673862998,0.081418948673862998,reported_by_STS_full_precision,pass,0.01,STS SUCCESS and p >= 0.01,6
decrypted,NonOverlappingTemplate,m=9 template=1 0 1 0 0 1 1 0 0,peppers,6,1.0233109953902112e-10,1.0233109953902112e-10,reported_by_STS_full_precision,fail,0.01,STS SUCCESS and p >= 0.01,6
decrypted,NonOverlappingTemplate,m=9 template=1 0 1 0 1 0 0 0 0,airplane,1,<1e-300,0,double_underflow_lt_1e-300,fail,0.01,STS SUCCESS and p >= 0.01,6
decrypted,NonOverlappingTemplate,m=9 template=1 0 1 0 1 0 0 0 0,baboon,2,1.8365400104963525e-05,1.8365400104963525e-05,reported_by_STS_full_precision,fail,0.01,STS SUCCESS and p >= 0.01,6
decrypted,NonOverlappingTemplate,m=9 template=1 0 1 0 1 0 0 0 0,couple,3,2.3204426744900381e-06,2.3204426744900381e-06,reported_by_STS_full_precision,fail,0.01,STS SUCCESS and p >= 0.01,6
decrypted,NonOverlappingTemplate,m=9 template=1 0 1 0 1 0 0 0 0,girl,4,2.9949801423821113e-19,2.9949801423821113e-19,reported_by_STS_full_precision,fail,0.01,STS SUCCESS and p >= 0.01,6
decrypted,NonOverlappingTemplate,m=9 template=1 0 1 0 1 0 0 0 0,lena,5,6.2196390705382134e-106,6.2196390705382134e-106,reported_by_STS_full_precision,fail,0.01,STS SUCCESS and p >= 0.01,6
decrypted,NonOverlappingTemplate,m=9 template=1 0 1 0 1 0 0 0 0,peppers,6,2.211434238034655e-43,2.211434238034655e-43,reported_by_STS_full_precision,fail,0.01,STS SUCCESS and p >= 0.01,6
decrypted,NonOverlappingTemplate,m=9 template=1 0 1 0 1 0 1 0 0,airplane,1,3.6222968510407504e-262,3.6222968510407504e-262,reported_by_STS_full_precision,fail,0.01,STS SUCCESS and p >= 0.01,6
decrypted,NonOverlappingTemplate,m=9 template=1 0 1 0 1 0 1 0 0,baboon,2,9.132086036982909e-51,9.132086036982909e-51,reported_by_STS_full_precision,fail,0.01,STS SUCCESS and p >= 0.01,6
decrypted,NonOverlappingTemplate,m=9 template=1 0 1 0 1 0 1 0 0,couple,3,6.7566303814305054e-114,6.7566303814305054e-114,reported_by_STS_full_precision,fail,0.01,STS SUCCESS and p >= 0.01,6
decrypted,NonOverlappingTemplate,m=9 template=1 0 1 0 1 0 1 0 0,girl,4,3.7919807979963737e-100,3.7919807979963737e-100,reported_by_STS_full_precision,fail,0.01,STS SUCCESS and p >= 0.01,6
decrypted,NonOverlappingTemplate,m=9 template=1 0 1 0 1 0 1 0 0,lena,5,4.2239231980669253e-49,4.2239231980669253e-49,reported_by_STS_full_precision,fail,0.01,STS SUCCESS and p >= 0.01,6
decrypted,NonOverlappingTemplate,m=9 template=1 0 1 0 1 0 1 0 0,peppers,6,2.7184051372387074e-13,2.7184051372387074e-13,reported_by_STS_full_precision,fail,0.01,STS SUCCESS and p >= 0.01,6
decrypted,NonOverlappingTemplate,m=9 template=1 0 1 0 1 1 0 0 0,airplane,1,6.7164580968131163e-09,6.7164580968131163e-09,reported_by_STS_full_precision,fail,0.01,STS SUCCESS and p >= 0.01,6
decrypted,NonOverlappingTemplate,m=9 template=1 0 1 0 1 1 0 0 0,baboon,2,4.1700729536893812e-06,4.1700729536893812e-06,reported_by_STS_full_precision,fail,0.01,STS SUCCESS and p >= 0.01,6
decrypted,NonOverlappingTemplate,m=9 template=1 0 1 0 1 1 0 0 0,couple,3,8.7462587212142937e-125,8.7462587212142937e-125,reported_by_STS_full_precision,fail,0.01,STS SUCCESS and p >= 0.01,6
decrypted,NonOverlappingTemplate,m=9 template=1 0 1 0 1 1 0 0 0,girl,4,2.8429174709125312e-74,2.8429174709125312e-74,reported_by_STS_full_precision,fail,0.01,STS SUCCESS and p >= 0.01,6
decrypted,NonOverlappingTemplate,m=9 template=1 0 1 0 1 1 0 0 0,lena,5,1.9369028706794139e-116,1.9369028706794139e-116,reported_by_STS_full_precision,fail,0.01,STS SUCCESS and p >= 0.01,6
decrypted,NonOverlappingTemplate,m=9 template=1 0 1 0 1 1 0 0 0,peppers,6,2.2223878984978621e-08,2.2223878984978621e-08,reported_by_STS_full_precision,fail,0.01,STS SUCCESS and p >= 0.01,6
decrypted,NonOverlappingTemplate,m=9 template=1 0 1 0 1 1 1 0 0,airplane,1,7.9530297581460552e-12,7.9530297581460552e-12,reported_by_STS_full_precision,fail,0.01,STS SUCCESS and p >= 0.01,6
decrypted,NonOverlappingTemplate,m=9 template=1 0 1 0 1 1 1 0 0,baboon,2,1.1844127633434123e-10,1.1844127633434123e-10,reported_by_STS_full_precision,fail,0.01,STS SUCCESS and p >= 0.01,6
decrypted,NonOverlappingTemplate,m=9 template=1 0 1 0 1 1 1 0 0,couple,3,7.344633103280581e-224,7.344633103280581e-224,reported_by_STS_full_precision,fail,0.01,STS SUCCESS and p >= 0.01,6
decrypted,NonOverlappingTemplate,m=9 template=1 0 1 0 1 1 1 0 0,girl,4,1.8334866104610842e-155,1.8334866104610842e-155,reported_by_STS_full_precision,fail,0.01,STS SUCCESS and p >= 0.01,6
decrypted,NonOverlappingTemplate,m=9 template=1 0 1 0 1 1 1 0 0,lena,5,2.4441158410975007e-174,2.4441158410975007e-174,reported_by_STS_full_precision,fail,0.01,STS SUCCESS and p >= 0.01,6
decrypted,NonOverlappingTemplate,m=9 template=1 0 1 0 1 1 1 0 0,peppers,6,1.5829474252581628e-11,1.5829474252581628e-11,reported_by_STS_full_precision,fail,0.01,STS SUCCESS and p >= 0.01,6
decrypted,NonOverlappingTemplate,m=9 template=1 0 1 1 0 0 0 0 0,airplane,1,6.620370620049608e-30,6.620370620049608e-30,reported_by_STS_full_precision,fail,0.01,STS SUCCESS and p >= 0.01,6
decrypted,NonOverlappingTemplate,m=9 template=1 0 1 1 0 0 0 0 0,baboon,2,1.4160079689971481e-43,1.4160079689971481e-43,reported_by_STS_full_precision,fail,0.01,STS SUCCESS and p >= 0.01,6
decrypted,NonOverlappingTemplate,m=9 template=1 0 1 1 0 0 0 0 0,couple,3,1.6690694665029549e-24,1.6690694665029549e-24,reported_by_STS_full_precision,fail,0.01,STS SUCCESS and p >= 0.01,6
decrypted,NonOverlappingTemplate,m=9 template=1 0 1 1 0 0 0 0 0,girl,4,1.1615721538024618e-85,1.1615721538024618e-85,reported_by_STS_full_precision,fail,0.01,STS SUCCESS and p >= 0.01,6
decrypted,NonOverlappingTemplate,m=9 template=1 0 1 1 0 0 0 0 0,lena,5,7.2406025589212554e-36,7.2406025589212554e-36,reported_by_STS_full_precision,fail,0.01,STS SUCCESS and p >= 0.01,6
decrypted,NonOverlappingTemplate,m=9 template=1 0 1 1 0 0 0 0 0,peppers,6,3.2296651286036082e-10,3.2296651286036082e-10,reported_by_STS_full_precision,fail,0.01,STS SUCCESS and p >= 0.01,6
decrypted,NonOverlappingTemplate,m=9 template=1 0 1 1 0 0 1 0 0,airplane,1,5.8766623257720537e-18,5.8766623257720537e-18,reported_by_STS_full_precision,fail,0.01,STS SUCCESS and p >= 0.01,6
decrypted,NonOverlappingTemplate,m=9 template=1 0 1 1 0 0 1 0 0,baboon,2,0.00076300091159357169,0.00076300091159357169,reported_by_STS_full_precision,fail,0.01,STS SUCCESS and p >= 0.01,6
decrypted,NonOverlappingTemplate,m=9 template=1 0 1 1 0 0 1 0 0,couple,3,9.7386789668374942e-16,9.7386789668374942e-16,reported_by_STS_full_precision,fail,0.01,STS SUCCESS and p >= 0.01,6
decrypted,NonOverlappingTemplate,m=9 template=1 0 1 1 0 0 1 0 0,girl,4,0.00061311111766753235,0.00061311111766753235,reported_by_STS_full_precision,fail,0.01,STS SUCCESS and p >= 0.01,6
decrypted,NonOverlappingTemplate,m=9 template=1 0 1 1 0 0 1 0 0,lena,5,1.8295271529267638e-27,1.8295271529267638e-27,reported_by_STS_full_precision,fail,0.01,STS SUCCESS and p >= 0.01,6
decrypted,NonOverlappingTemplate,m=9 template=1 0 1 1 0 0 1 0 0,peppers,6,4.391903359621524e-31,4.391903359621524e-31,reported_by_STS_full_precision,fail,0.01,STS SUCCESS and p >= 0.01,6
decrypted,NonOverlappingTemplate,m=9 template=1 0 1 1 0 1 0 0 0,airplane,1,2.7925482637452557e-133,2.7925482637452557e-133,reported_by_STS_full_precision,fail,0.01,STS SUCCESS and p >= 0.01,6
decrypted,NonOverlappingTemplate,m=9 template=1 0 1 1 0 1 0 0 0,baboon,2,0.051079504631438698,0.051079504631438698,reported_by_STS_full_precision,pass,0.01,STS SUCCESS and p >= 0.01,6
decrypted,NonOverlappingTemplate,m=9 template=1 0 1 1 0 1 0 0 0,couple,3,3.6230381322263758e-57,3.6230381322263758e-57,reported_by_STS_full_precision,fail,0.01,STS SUCCESS and p >= 0.01,6
decrypted,NonOverlappingTemplate,m=9 template=1 0 1 1 0 1 0 0 0,girl,4,3.796416295279009e-76,3.796416295279009e-76,reported_by_STS_full_precision,fail,0.01,STS SUCCESS and p >= 0.01,6
decrypted,NonOverlappingTemplate,m=9 template=1 0 1 1 0 1 0 0 0,lena,5,0.00029275301729647359,0.00029275301729647359,reported_by_STS_full_precision,fail,0.01,STS SUCCESS and p >= 0.01,6
decrypted,NonOverlappingTemplate,m=9 template=1 0 1 1 0 1 0 0 0,peppers,6,1.0262688456799317e-10,1.0262688456799317e-10,reported_by_STS_full_precision,fail,0.01,STS SUCCESS and p >= 0.01,6
decrypted,NonOverlappingTemplate,m=9 template=1 0 1 1 0 1 1 0 0,airplane,1,1.080189119323391e-28,1.080189119323391e-28,reported_by_STS_full_precision,fail,0.01,STS SUCCESS and p >= 0.01,6
decrypted,NonOverlappingTemplate,m=9 template=1 0 1 1 0 1 1 0 0,baboon,2,6.8615147043709619e-18,6.8615147043709619e-18,reported_by_STS_full_precision,fail,0.01,STS SUCCESS and p >= 0.01,6
decrypted,NonOverlappingTemplate,m=9 template=1 0 1 1 0 1 1 0 0,couple,3,2.4929981534735032e-195,2.4929981534735032e-195,reported_by_STS_full_precision,fail,0.01,STS SUCCESS and p >= 0.01,6
decrypted,NonOverlappingTemplate,m=9 template=1 0 1 1 0 1 1 0 0,girl,4,3.6216439515669452e-184,3.6216439515669452e-184,reported_by_STS_full_precision,fail,0.01,STS SUCCESS and p >= 0.01,6
decrypted,NonOverlappingTemplate,m=9 template=1 0 1 1 0 1 1 0 0,lena,5,2.2574254775791541e-83,2.2574254775791541e-83,reported_by_STS_full_precision,fail,0.01,STS SUCCESS and p >= 0.01,6
decrypted,NonOverlappingTemplate,m=9 template=1 0 1 1 0 1 1 0 0,peppers,6,3.5135781802270715e-23,3.5135781802270715e-23,reported_by_STS_full_precision,fail,0.01,STS SUCCESS and p >= 0.01,6
decrypted,NonOverlappingTemplate,m=9 template=1 0 1 1 1 0 0 0 0,airplane,1,1.370044624783719e-39,1.370044624783719e-39,reported_by_STS_full_precision,fail,0.01,STS SUCCESS and p >= 0.01,6
decrypted,NonOverlappingTemplate,m=9 template=1 0 1 1 1 0 0 0 0,baboon,2,5.1949560207027921e-54,5.1949560207027921e-54,reported_by_STS_full_precision,fail,0.01,STS SUCCESS and p >= 0.01,6
decrypted,NonOverlappingTemplate,m=9 template=1 0 1 1 1 0 0 0 0,couple,3,1.2537648631579526e-89,1.2537648631579526e-89,reported_by_STS_full_precision,fail,0.01,STS SUCCESS and p >= 0.01,6
decrypted,NonOverlappingTemplate,m=9 template=1 0 1 1 1 0 0 0 0,girl,4,8.9454393479967635e-95,8.9454393479967635e-95,reported_by_STS_full_precision,fail,0.01,STS SUCCESS and p >= 0.01,6
decrypted,NonOverlappingTemplate,m=9 template=1 0 1 1 1 0 0 0 0,lena,5,2.7406225068222439e-08,2.7406225068222439e-08,reported_by_STS_full_precision,fail,0.01,STS SUCCESS and p >= 0.01,6
decrypted,NonOverlappingTemplate,m=9 template=1 0 1 1 1 0 0 0 0,peppers,6,1.3666926339415906e-13,1.3666926339415906e-13,reported_by_STS_full_precision,fail,0.01,STS SUCCESS and p >= 0.01,6
decrypted,NonOverlappingTemplate,m=9 template=1 0 1 1 1 0 1 0 0,airplane,1,5.0904302564758353e-84,5.0904302564758353e-84,reported_by_STS_full_precision,fail,0.01,STS SUCCESS and p >= 0.01,6
decrypted,NonOverlappingTemplate,m=9 template=1 0 1 1 1 0 1 0 0,baboon,2,3.3824975561459473e-07,3.3824975561459473e-07,reported_by_STS_full_precision,fail,0.01,STS SUCCESS and p >= 0.01,6
decrypted,NonOverlappingTemplate,m=9 template=1 0 1 1 1 0 1 0 0,couple,3,1.6723749424597151e-161,1.6723749424597151e-161,reported_by_STS_full_precision,fail,0.01,STS SUCCESS and p >= 0.01,6
decrypted,NonOverlappingTemplate,m=9 template=1 0 1 1 1 0 1 0 0,girl,4,4.0110548083834857e-137,4.0110548083834857e-137,reported_by_STS_full_precision,fail,0.01,STS SUCCESS and p >= 0.01,6
decrypted,NonOverlappingTemplate,m=9 template=1 0 1 1 1 0 1 0 0,lena,5,4.3748535385919934e-08,4.3748535385919934e-08,reported_by_STS_full_precision,fail,0.01,STS SUCCESS and p >= 0.01,6
decrypted,NonOverlappingTemplate,m=9 template=1 0 1 1 1 0 1 0 0,peppers,6,4.0176199323615225e-12,4.0176199323615225e-12,reported_by_STS_full_precision,fail,0.01,STS SUCCESS and p >= 0.01,6
decrypted,NonOverlappingTemplate,m=9 template=1 0 1 1 1 1 0 0 0,airplane,1,2.1741118731491607e-56,2.1741118731491607e-56,reported_by_STS_full_precision,fail,0.01,STS SUCCESS and p >= 0.01,6
decrypted,NonOverlappingTemplate,m=9 template=1 0 1 1 1 1 0 0 0,baboon,2,5.1685796590552142e-79,5.1685796590552142e-79,reported_by_STS_full_precision,fail,0.01,STS SUCCESS and p >= 0.01,6
decrypted,NonOverlappingTemplate,m=9 template=1 0 1 1 1 1 0 0 0,couple,3,2.7765409171173883e-253,2.7765409171173883e-253,reported_by_STS_full_precision,fail,0.01,STS SUCCESS and p >= 0.01,6
decrypted,NonOverlappingTemplate,m=9 template=1 0 1 1 1 1 0 0 0,girl,4,4.8744148655085376e-125,4.8744148655085376e-125,reported_by_STS_full_precision,fail,0.01,STS SUCCESS and p >= 0.01,6
decrypted,NonOverlappingTemplate,m=9 template=1 0 1 1 1 1 0 0 0,lena,5,2.7605227782020261e-19,2.7605227782020261e-19,reported_by_STS_full_precision,fail,0.01,STS SUCCESS and p >= 0.01,6
decrypted,NonOverlappingTemplate,m=9 template=1 0 1 1 1 1 0 0 0,peppers,6,4.4471575616883871e-06,4.4471575616883871e-06,reported_by_STS_full_precision,fail,0.01,STS SUCCESS and p >= 0.01,6
decrypted,NonOverlappingTemplate,m=9 template=1 0 1 1 1 1 1 0 0,airplane,1,6.2883795478128428e-119,6.2883795478128428e-119,reported_by_STS_full_precision,fail,0.01,STS SUCCESS and p >= 0.01,6
decrypted,NonOverlappingTemplate,m=9 template=1 0 1 1 1 1 1 0 0,baboon,2,4.0738697897085447e-96,4.0738697897085447e-96,reported_by_STS_full_precision,fail,0.01,STS SUCCESS and p >= 0.01,6
decrypted,NonOverlappingTemplate,m=9 template=1 0 1 1 1 1 1 0 0,couple,3,<1e-300,0,double_underflow_lt_1e-300,fail,0.01,STS SUCCESS and p >= 0.01,6
decrypted,NonOverlappingTemplate,m=9 template=1 0 1 1 1 1 1 0 0,girl,4,1.5051371774322062e-238,1.5051371774322062e-238,reported_by_STS_full_precision,fail,0.01,STS SUCCESS and p >= 0.01,6
decrypted,NonOverlappingTemplate,m=9 template=1 0 1 1 1 1 1 0 0,lena,5,6.9584565703211817e-05,6.9584565703211817e-05,reported_by_STS_full_precision,fail,0.01,STS SUCCESS and p >= 0.01,6
decrypted,NonOverlappingTemplate,m=9 template=1 0 1 1 1 1 1 0 0,peppers,6,3.0533359028116148e-43,3.0533359028116148e-43,reported_by_STS_full_precision,fail,0.01,STS SUCCESS and p >= 0.01,6
decrypted,NonOverlappingTemplate,m=9 template=1 1 0 0 0 0 0 0 0,airplane,1,3.5977056049163705e-281,3.5977056049163705e-281,reported_by_STS_full_precision,fail,0.01,STS SUCCESS and p >= 0.01,6
decrypted,NonOverlappingTemplate,m=9 template=1 1 0 0 0 0 0 0 0,baboon,2,2.916904004794526e-175,2.916904004794526e-175,reported_by_STS_full_precision,fail,0.01,STS SUCCESS and p >= 0.01,6
decrypted,NonOverlappingTemplate,m=9 template=1 1 0 0 0 0 0 0 0,couple,3,9.8957225085601122e-90,9.8957225085601122e-90,reported_by_STS_full_precision,fail,0.01,STS SUCCESS and p >= 0.01,6
decrypted,NonOverlappingTemplate,m=9 template=1 1 0 0 0 0 0 0 0,girl,4,4.9746198251529647e-157,4.9746198251529647e-157,reported_by_STS_full_precision,fail,0.01,STS SUCCESS and p >= 0.01,6
decrypted,NonOverlappingTemplate,m=9 template=1 1 0 0 0 0 0 0 0,lena,5,4.3393389887232199e-117,4.3393389887232199e-117,reported_by_STS_full_precision,fail,0.01,STS SUCCESS and p >= 0.01,6
decrypted,NonOverlappingTemplate,m=9 template=1 1 0 0 0 0 0 0 0,peppers,6,1.3165918540662258e-41,1.3165918540662258e-41,reported_by_STS_full_precision,fail,0.01,STS SUCCESS and p >= 0.01,6
decrypted,NonOverlappingTemplate,m=9 template=1 1 0 0 0 0 0 1 0,airplane,1,1.9357647348013472e-297,1.9357647348013472e-297,reported_by_STS_full_precision,fail,0.01,STS SUCCESS and p >= 0.01,6
decrypted,NonOverlappingTemplate,m=9 template=1 1 0 0 0 0 0 1 0,baboon,2,2.8261798311826923e-19,2.8261798311826923e-19,reported_by_STS_full_precision,fail,0.01,STS SUCCESS and p >= 0.01,6
decrypted,NonOverlappingTemplate,m=9 template=1 1 0 0 0 0 0 1 0,couple,3,2.3503879986730751e-76,2.3503879986730751e-76,reported_by_STS_full_precision,fail,0.01,STS SUCCESS and p >= 0.01,6
decrypted,NonOverlappingTemplate,m=9 template=1 1 0 0 0 0 0 1 0,girl,4,4.6091681184322962e-15,4.6091681184322962e-15,reported_by_STS_full_precision,fail,0.01,STS SUCCESS and p >= 0.01,6
decrypted,NonOverlappingTemplate,m=9 template=1 1 0 0 0 0 0 1 0,lena,5,2.577710001686618e-12,2.577710001686618e-12,reported_by_STS_full_precision,fail,0.01,STS SUCCESS and p >= 0.01,6
decrypted,NonOverlappingTemplate,m=9 template=1 1 0 0 0 0 0 1 0,peppers,6,7.1237164247778679e-29,7.1237164247778679e-29,reported_by_STS_full_precision,fail,0.01,STS SUCCESS and p >= 0.01,6
decrypted,NonOverlappingTemplate,m=9 template=1 1 0 0 0 0 1 0 0,airplane,1,<1e-300,0,double_underflow_lt_1e-300,fail,0.01,STS SUCCESS and p >= 0.01,6
decrypted,NonOverlappingTemplate,m=9 template=1 1 0 0 0 0 1 0 0,baboon,2,3.4483073080785059e-06,3.4483073080785059e-06,reported_by_STS_full_precision,fail,0.01,STS SUCCESS and p >= 0.01,6
decrypted,NonOverlappingTemplate,m=9 template=1 1 0 0 0 0 1 0 0,couple,3,4.3990904946499557e-135,4.3990904946499557e-135,reported_by_STS_full_precision,fail,0.01,STS SUCCESS and p >= 0.01,6
decrypted,NonOverlappingTemplate,m=9 template=1 1 0 0 0 0 1 0 0,girl,4,2.3906704041445602e-68,2.3906704041445602e-68,reported_by_STS_full_precision,fail,0.01,STS SUCCESS and p >= 0.01,6
decrypted,NonOverlappingTemplate,m=9 template=1 1 0 0 0 0 1 0 0,lena,5,1.3192380365791344e-58,1.3192380365791344e-58,reported_by_STS_full_precision,fail,0.01,STS SUCCESS and p >= 0.01,6
decrypted,NonOverlappingTemplate,m=9 template=1 1 0 0 0 0 1 0 0,peppers,6,1.0279246151606438e-06,1.0279246151606438e-06,reported_by_STS_full_precision,fail,0.01,STS SUCCESS and p >= 0.01,6
decrypted,NonOverlappingTemplate,m=9 template=1 1 0 0 0 1 0 0 0,airplane,1,<1e-300,0,double_underflow_lt_1e-300,fail,0.01,STS SUCCESS and p >= 0.01,6
decrypted,NonOverlappingTemplate,m=9 template=1 1 0 0 0 1 0 0 0,baboon,2,5.137862016581386e-05,5.137862016581386e-05,reported_by_STS_full_precision,fail,0.01,STS SUCCESS and p >= 0.01,6
decrypted,NonOverlappingTemplate,m=9 template=1 1 0 0 0 1 0 0 0,couple,3,2.2293046992420461e-52,2.2293046992420461e-52,reported_by_STS_full_precision,fail,0.01,STS SUCCESS and p >= 0.01,6
decrypted,NonOverlappingTemplate,m=9 template=1 1 0 0 0 1 0 0 0,girl,4,3.0409332819786522e-44,3.0409332819786522e-44,reported_by_STS_full_precision,fail,0.01,STS SUCCESS and p >= 0.01,6
decrypted,NonOverlappingTemplate,m=9 template=1 1 0 0 0 1 0 0 0,lena,5,9.3243603951817499e-73,9.3243603951817499e-73,reported_by_STS_full_precision,fail,0.01,STS SUCCESS and p >= 0.01,6
decrypted,NonOverlappingTemplate,m=9 template=1 1 0 0 0 1 0 0 0,peppers,6,1.35223640137043e-18,1.35223640137043e-18,reported_by_STS_full_precision,fail,0.01,STS SUCCESS and p >= 0.01,6
decrypted,NonOverlappingTemplate,m=9 template=1 1 0 0 0 1 0 1 0,airplane,1,4.0539187824503945e-309,4.0539187824503945e-309,reported_by_STS_full_precision,fail,0.01,STS SUCCESS and p >= 0.01,6
decrypted,NonOverlappingTemplate,m=9 template=1 1 0 0 0 1 0 1 0,baboon,2,1.5268761675348854e-06,1.5268761675348854e-06,reported_by_STS_full_precision,fail,0.01,STS SUCCESS and p >= 0.01,6
decrypted,NonOverlappingTemplate,m=9 template=1 1 0 0 0 1 0 1 0,couple,3,0.47380403664800841,0.47380403664800841,reported_by_STS_full_precision,pass,0.01,STS SUCCESS and p >= 0.01,6
decrypted,NonOverlappingTemplate,m=9 template=1 1 0 0 0 1 0 1 0,girl,4,7.3888229324723695e-13,7.3888229324723695e-13,reported_by_STS_full_precision,fail,0.01,STS SUCCESS and p >= 0.01,6
decrypted,NonOverlappingTemplate,m=9 template=1 1 0 0 0 1 0 1 0,lena,5,3.4417342828190833e-57,3.4417342828190833e-57,reported_by_STS_full_precision,fail,0.01,STS SUCCESS and p >= 0.01,6
decrypted,NonOverlappingTemplate,m=9 template=1 1 0 0 0 1 0 1 0,peppers,6,1.185811978653634e-235,1.185811978653634e-235,reported_by_STS_full_precision,fail,0.01,STS SUCCESS and p >= 0.01,6
decrypted,NonOverlappingTemplate,m=9 template=1 1 0 0 1 0 0 0 0,airplane,1,<1e-300,0,double_underflow_lt_1e-300,fail,0.01,STS SUCCESS and p >= 0.01,6
decrypted,NonOverlappingTemplate,m=9 template=1 1 0 0 1 0 0 0 0,baboon,2,1.8381797286403394e-05,1.8381797286403394e-05,reported_by_STS_full_precision,fail,0.01,STS SUCCESS and p >= 0.01,6
decrypted,NonOverlappingTemplate,m=9 template=1 1 0 0 1 0 0 0 0,couple,3,0.0089587019718320483,0.0089587019718320483,reported_by_STS_full_precision,fail,0.01,STS SUCCESS and p >= 0.01,6
decrypted,NonOverlappingTemplate,m=9 template=1 1 0 0 1 0 0 0 0,girl,4,2.4426253122358611e-18,2.4426253122358611e-18,reported_by_STS_full_precision,fail,0.01,STS SUCCESS and p >= 0.01,6
decrypted,NonOverlappingTemplate,m=9 template=1 1 0 0 1 0 0 0 0,lena,5,1.0141641342563499e-55,1.0141641342563499e-55,reported_by_STS_full_precision,fail,0.01,STS SUCCESS and p >= 0.01,6
decrypted,NonOverlappingTemplate,m=9 template=1 1 0 0 1 0 0 0 0,peppers,6,3.1003534397619775e-33,3.1003534397619775e-33,reported_by_STS_full_precision,fail,0.01,STS SUCCESS and p >= 0.01,6
decrypted,NonOverlappingTemplate,m=9 template=1 1 0 0 1 0 0 1 0,airplane,1,<1e-300,0,double_underflow_lt_1e-300,fail,0.01,STS SUCCESS and p >= 0.01,6
decrypted,NonOverlappingTemplate,m=9 template=1 1 0 0 1 0 0 1 0,baboon,2,4.2211698403346554e-30,4.2211698403346554e-30,reported_by_STS_full_precision,fail,0.01,STS SUCCESS and p >= 0.01,6
decrypted,NonOverlappingTemplate,m=9 template=1 1 0 0 1 0 0 1 0,couple,3,0.31373572118113813,0.31373572118113813,reported_by_STS_full_precision,pass,0.01,STS SUCCESS and p >= 0.01,6
decrypted,NonOverlappingTemplate,m=9 template=1 1 0 0 1 0 0 1 0,girl,4,0.00012262470959759571,0.00012262470959759571,reported_by_STS_full_precision,fail,0.01,STS SUCCESS and p >= 0.01,6
decrypted,NonOverlappingTemplate,m=9 template=1 1 0 0 1 0 0 1 0,lena,5,8.6987453054158108e-08,8.6987453054158108e-08,reported_by_STS_full_precision,fail,0.01,STS SUCCESS and p >= 0.01,6
decrypted,NonOverlappingTemplate,m=9 template=1 1 0 0 1 0 0 1 0,peppers,6,6.4675995578605222e-254,6.4675995578605222e-254,reported_by_STS_full_precision,fail,0.01,STS SUCCESS and p >= 0.01,6
decrypted,NonOverlappingTemplate,m=9 template=1 1 0 0 1 0 1 0 0,airplane,1,3.2599668082703178e-303,3.2599668082703178e-303,reported_by_STS_full_precision,fail,0.01,STS SUCCESS and p >= 0.01,6
decrypted,NonOverlappingTemplate,m=9 template=1 1 0 0 1 0 1 0 0,baboon,2,2.4283285288969159e-14,2.4283285288969159e-14,reported_by_STS_full_precision,fail,0.01,STS SUCCESS and p >= 0.01,6
decrypted,NonOverlappingTemplate,m=9 template=1 1 0 0 1 0 1 0 0,couple,3,2.2850806542817799e-21,2.2850806542817799e-21,reported_by_STS_full_precision,fail,0.01,STS SUCCESS and p >= 0.01,6
decrypted,NonOverlappingTemplate,m=9 template=1 1 0 0 1 0 1 0 0,girl,4,1.0845854029902503e-06,1.0845854029902503e-06,reported_by_STS_full_precision,fail,0.01,STS SUCCESS and p >= 0.01,6
decrypted,NonOverlappingTemplate,m=9 template=1 1 0 0 1 0 1 0 0,lena,5,8.6081852916572321e-10,8.6081852916572321e-10,reported_by_STS_full_precision,fail,0.01,STS SUCCESS and p >= 0.01,6
decrypted,NonOverlappingTemplate,m=9 template=1 1 0 0 1 0 1 0 0,peppers,6,6.6757125427011685e-114,6.6757125427011685e-114,reported_by_STS_full_precision,fail,0.01,STS SUCCESS and p >= 0.01,6
decrypted,NonOverlappingTemplate,m=9 template=1 1 0 0 1 1 0 0 0,airplane,1,2.6770789627341058e-21,2.6770789627341058e-21,reported_by_STS_full_precision,fail,0.01,STS SUCCESS and p >= 0.01,6
decrypted,NonOverlappingTemplate,m=9 template=1 1 0 0 1 1 0 0 0,baboon,2,0.097797746409636427,0.097797746409636427,reported_by_STS_full_precision,pass,0.01,STS SUCCESS and p >= 0.01,6
decrypted,NonOverlappingTemplate,m=9 template=1 1 0 0 1 1 0 0 0,couple,3,2.3452460172420554e-43,2.3452460172420554e-43,reported_by_STS_full_precision,fail,0.01,STS SUCCESS and p >= 0.01,6
decrypted,NonOverlappingTemplate,m=9 template=1 1 0 0 1 1 0 0 0,girl,4,2.9051248727101322e-10,2.9051248727101322e-10,reported_by_STS_full_precision,fail,0.01,STS SUCCESS and p >= 0.01,6
decrypted,NonOverlappingTemplate,m=9 template=1 1 0 0 1 1 0 0 0,lena,5,1.218075649487089e-87,1.218075649487089e-87,reported_by_STS_full_precision,fail,0.01,STS SUCCESS and p >= 0.01,6
decrypted,NonOverlappingTemplate,m=9 template=1 1 0 0 1 1 0 0 0,peppers,6,5.4934362678107787e-76,5.4934362678107787e-76,reported_by_STS_full_precision,fail,0.01,STS SUCCESS and p >= 0.01,6
decrypted,NonOverlappingTemplate,m=9 template=1 1 0 0 1 1 0 1 0,airplane,1,2.0168533561682894e-32,2.0168533561682894e-32,reported_by_STS_full_precision,fail,0.01,STS SUCCESS and p >= 0.01,6
decrypted,NonOverlappingTemplate,m=9 template=1 1 0 0 1 1 0 1 0,baboon,2,3.7808965925376865e-12,3.7808965925376865e-12,reported_by_STS_full_precision,fail,0.01,STS SUCCESS and p >= 0.01,6
decrypted,NonOverlappingTemplate,m=9 template=1 1 0 0 1 1 0 1 0,couple,3,7.7664535018229185e-40,7.7664535018229185e-40,reported_by_STS_full_precision,fail,0.01,STS SUCCESS and p >= 0.01,6
decrypted,NonOverlappingTemplate,m=9 template=1 1 0 0 1 1 0 1 0,girl,4,2.1580142345234571e-17,2.1580142345234571e-17,reported_by_STS_full_precision,fail,0.01,STS SUCCESS and p >= 0.01,6
decrypted,NonOverlappingTemplate,m=9 template=1 1 0 0 1 1 0 1 0,lena,5,5.4531594039959346e-276,5.4531594039959346e-276,reported_by_STS_full_precision,fail,0.01,STS SUCCESS and p >= 0.01,6
decrypted,NonOverlappingTemplate,m=9 template=1 1 0 0 1 1 0 1 0,peppers,6,4.4335091162021513e-99,4.4335091162021513e-99,reported_by_STS_full_precision,fail,0.01,STS SUCCESS and p >= 0.01,6
decrypted,NonOverlappingTemplate,m=9 template=1 1 0 1 0 0 0 0 0,airplane,1,<1e-300,0,double_underflow_lt_1e-300,fail,0.01,STS SUCCESS and p >= 0.01,6
decrypted,NonOverlappingTemplate,m=9 template=1 1 0 1 0 0 0 0 0,baboon,2,3.563970161619752e-30,3.563970161619752e-30,reported_by_STS_full_precision,fail,0.01,STS SUCCESS and p >= 0.01,6
decrypted,NonOverlappingTemplate,m=9 template=1 1 0 1 0 0 0 0 0,couple,3,5.2806706526771938e-49,5.2806706526771938e-49,reported_by_STS_full_precision,fail,0.01,STS SUCCESS and p >= 0.01,6
decrypted,NonOverlappingTemplate,m=9 template=1 1 0 1 0 0 0 0 0,girl,4,9.9561664327071236e-82,9.9561664327071236e-82,reported_by_STS_full_precision,fail,0.01,STS SUCCESS and p >= 0.01,6
decrypted,NonOverlappingTemplate,m=9 template=1 1 0 1 0 0 0 0 0,lena,5,4.1179202040827699e-21,4.1179202040827699e-21,reported_by_STS_full_precision,fail,0.01,STS SUCCESS and p >= 0.01,6
decrypted,NonOverlappingTemplate,m=9 template=1 1 0 1 0 0 0 0 0,peppers,6,4.6971581678905871e-22,4.6971581678905871e-22,reported_by_STS_full_precision,fail,0.01,STS SUCCESS and p >= 0.01,6
decrypted,NonOverlappingTemplate,m=9 template=1 1 0 1 0 0 0 1 0,airplane,1,<1e-300,0,double_underflow_lt_1e-300,fail,0.01,STS SUCCESS and p >= 0.01,6
decrypted,NonOverlappingTemplate,m=9 template=1 1 0 1 0 0 0 1 0,baboon,2,1.3472648850217377e-10,1.3472648850217377e-10,reported_by_STS_full_precision,fail,0.01,STS SUCCESS and p >= 0.01,6
decrypted,NonOverlappingTemplate,m=9 template=1 1 0 1 0 0 0 1 0,couple,3,1.9207921644789558e-44,1.9207921644789558e-44,reported_by_STS_full_precision,fail,0.01,STS SUCCESS and p >= 0.01,6
decrypted,NonOverlappingTemplate,m=9 template=1 1 0 1 0 0 0 1 0,girl,4,2.8444877488371367e-05,2.8444877488371367e-05,reported_by_STS_full_precision,fail,0.01,STS SUCCESS and p >= 0.01,6
decrypted,NonOverlappingTemplate,m=9 template=1 1 0 1 0 0 0 1 0,lena,5,3.8062370070416009e-32,3.8062370070416009e-32,reported_by_STS_full_precision,fail,0.01,STS SUCCESS and p >= 0.01,6
decrypted,NonOverlappingTemplate,m=9 template=1 1 0 1 0 0 0 1 0,peppers,6,7.2325144681633642e-15,7.2325144681633642e-15,reported_by_STS_full_precision,fail,0.01,STS SUCCESS and p >= 0.01,6
decrypted,NonOverlappingTemplate,m=9 template=1 1 0 1 0 0 1 0 0,airplane,1,9.4768173701526255e-307,9.4768173701526255e-307,reported_by_STS_full_precision,fail,0.01,STS SUCCESS and p >= 0.01,6
decrypted,NonOverlappingTemplate,m=9 template=1 1 0 1 0 0 1 0 0,baboon,2,4.1276466345178893e-09,4.1276466345178893e-09,reported_by_STS_full_precision,fail,0.01,STS SUCCESS and p >= 0.01,6
decrypted,NonOverlappingTemplate,m=9 template=1 1 0 1 0 0 1 0 0,couple,3,1.7286084695629405e-08,1.7286084695629405e-08,reported_by_STS_full_precision,fail,0.01,STS SUCCESS and p >= 0.01,6
decrypted,NonOverlappingTemplate,m=9 template=1 1 0 1 0 0 1 0 0,girl,4,0.00067275667968822123,0.00067275667968822123,reported_by_STS_full_precision,fail,0.01,STS SUCCESS and p >= 0.01,6
decrypted,NonOverlappingTemplate,m=9 template=1 1 0 1 0 0 1 0 0,lena,5,3.6048792033712223e-17,3.6048792033712223e-17,reported_by_STS_full_precision,fail,0.01,STS SUCCESS and p >= 0.01,6
decrypted,NonOverlappingTemplate,m=9 template=1 1 0 1 0 0 1 0 0,peppers,6,8.39172620457227e-08,8.39172620457227e-08,reported_by_STS_full_precision,fail,0.01,STS SUCCESS and p >= 0.01,6
decrypted,NonOverlappingTemplate,m=9 template=1 1 0 1 0 1 0 0 0,airplane,1,5.3472595484597339e-263,5.3472595484597339e-263,reported_by_STS_full_precision,fail,0.01,STS SUCCESS and p >= 0.01,6
decrypted,NonOverlappingTemplate,m=9 template=1 1 0 1 0 1 0 0 0,baboon,2,0.012761273323629597,0.012761273323629597,reported_by_STS_full_precision,pass,0.01,STS SUCCESS and p >= 0.01,6
decrypted,NonOverlappingTemplate,m=9 template=1 1 0 1 0 1 0 0 0,couple,3,1.1147620597189811e-92,1.1147620597189811e-92,reported_by_STS_full_precision,fail,0.01,STS SUCCESS and p >= 0.01,6
decrypted,NonOverlappingTemplate,m=9 template=1 1 0 1 0 1 0 0 0,girl,4,6.3954390687598597e-70,6.3954390687598597e-70,reported_by_STS_full_precision,fail,0.01,STS SUCCESS and p >= 0.01,6
decrypted,NonOverlappingTemplate,m=9 template=1 1 0 1 0 1 0 0 0,lena,5,1.3413872725349228e-37,1.3413872725349228e-37,reported_by_STS_full_precision,fail,0.01,STS SUCCESS and p >= 0.01,6
decrypted,NonOverlappingTemplate,m=9 template=1 1 0 1 0 1 0 0 0,peppers,6,1.1288958632750114e-14,1.1288958632750114e-14,reported_by_STS_full_precision,fail,0.01,STS SUCCESS and p >= 0.01,6
decrypted,NonOverlappingTemplate,m=9 template=1 1 0 1 0 1 0 1 0,airplane,1,1.2115851907181422e-177,1.2115851907181422e-177,reported_by_STS_full_precision,fail,0.01,STS SUCCESS and p >= 0.01,6
decrypted,NonOverlappingTemplate,m=9 template=1 1 0 1 0 1 0 1 0,baboon,2,1.9158832472858827e-25,1.9158832472858827e-25,reported_by_STS_full_precision,fail,0.01,STS SUCCESS and p >= 0.01,6
decrypted,NonOverlappingTemplate,m=9 template=1 1 0 1 0 1 0 1 0,couple,3,6.2746645291531344e-155,6.2746645291531344e-155,reported_by_STS_full_precision,fail,0.01,STS SUCCESS and p >= 0.01,6
decrypted,NonOverlappingTemplate,m=9 template=1 1 0 1 0 1 0 1 0,girl,4,1.348214265586405e-138,1.348214265586405e-138,reported_by_STS_full_precision,fail,0.01,STS SUCCESS and p >= 0.01,6
decrypted,NonOverlappingTemplate,m=9 template=1 1 0 1 0 1 0 1 0,lena,5,6.8375671433603961e-76,6.8375671433603961e-76,reported_by_STS_full_precision,fail,0.01,STS SUCCESS and p >= 0.01,6
decrypted,NonOverlappingTemplate,m=9 template=1 1 0 1 0 1 0 1 0,peppers,6,4.0250060203774928e-25,4.0250060203774928e-25,reported_by_STS_full_precision,fail,0.01,STS SUCCESS and p >= 0.01,6
decrypted,NonOverlappingTemplate,m=9 template=1 1 0 1 0 1 1 0 0,airplane,1,7.6263682167395204e-47,7.6263682167395204e-47,reported_by_STS_full_precision,fail,0.01,STS SUCCESS and p >= 0.01,6
decrypted,NonOverlappingTemplate,m=9 template=1 1 0 1 0 1 1 0 0,baboon,2,7.6083131010231173e-13,7.6083131010231173e-13,reported_by_STS_full_precision,fail,0.01,STS SUCCESS and p >= 0.01,6
decrypted,NonOverlappingTemplate,m=9 template=1 1 0 1 0 1 1 0 0,couple,3,5.9694470362633519e-217,5.9694470362633519e-217,reported_by_STS_full_precision,fail,0.01,STS SUCCESS and p >= 0.01,6
decrypted,NonOverlappingTemplate,m=9 template=1 1 0 1 0 1 1 0 0,girl,4,7.4168534988445076e-179,7.4168534988445076e-179,reported_by_STS_full_precision,fail,0.01,STS SUCCESS and p >= 0.01,6
decrypted,NonOverlappingTemplate,m=9 template=1 1 0 1 0 1 1 0 0,lena,5,<1e-300,0,double_underflow_lt_1e-300,fail,0.01,STS SUCCESS and p >= 0.01,6
decrypted,NonOverlappingTemplate,m=9 template=1 1 0 1 0 1 1 0 0,peppers,6,1.5008568365924341e-09,1.5008568365924341e-09,reported_by_STS_full_precision,fail,0.01,STS SUCCESS and p >= 0.01,6
decrypted,NonOverlappingTemplate,m=9 template=1 1 0 1 1 0 0 0 0,airplane,1,6.8066362785262551e-22,6.8066362785262551e-22,reported_by_STS_full_precision,fail,0.01,STS SUCCESS and p >= 0.01,6
decrypted,NonOverlappingTemplate,m=9 template=1 1 0 1 1 0 0 0 0,baboon,2,1.8739375252852859e-47,1.8739375252852859e-47,reported_by_STS_full_precision,fail,0.01,STS SUCCESS and p >= 0.01,6
decrypted,NonOverlappingTemplate,m=9 template=1 1 0 1 1 0 0 0 0,couple,3,8.9824711303797453e-184,8.9824711303797453e-184,reported_by_STS_full_precision,fail,0.01,STS SUCCESS and p >= 0.01,6
decrypted,NonOverlappingTemplate,m=9 template=1 1 0 1 1 0 0 0 0,girl,4,3.2470834721926522e-126,3.2470834721926522e-126,reported_by_STS_full_precision,fail,0.01,STS SUCCESS and p >= 0.01,6
decrypted,NonOverlappingTemplate,m=9 template=1 1 0 1 1 0 0 0 0,lena,5,2.4195565567886024e-29,2.4195565567886024e-29,reported_by_STS_full_precision,fail,0.01,STS SUCCESS and p >= 0.01,6
decrypted,NonOverlappingTemplate,m=9 template=1 1 0 1 1 0 0 0 0,peppers,6,6.4243030349535036e-11,6.4243030349535036e-11,reported_by_STS_full_precision,fail,0.01,STS SUCCESS and p >= 0.01,6
decrypted,NonOverlappingTemplate,m=9 template=1 1 0 1 1 0 0 1 0,airplane,1,6.4229829127677313e-93,6.4229829127677313e-93,reported_by_STS_full_precision,fail,0.01,STS SUCCESS and p >= 0.01,6
decrypted,NonOverlappingTemplate,m=9 template=1 1 0 1 1 0 0 1 0,baboon,2,0.012504058275022524,0.012504058275022524,reported_by_STS_full_precision,pass,0.01,STS SUCCESS and p >= 0.01,6
decrypted,NonOverlappingTemplate,m=9 template=1 1 0 1 1 0 0 1 0,couple,3,1.9913915875026035e-44,1.9913915875026035e-44,reported_by_STS_full_precision,fail,0.01,STS SUCCESS and p >= 0.01,6
decrypted,NonOverlappingTemplate,m=9 template=1 1 0 1 1 0 0 1 0,girl,4,3.7839462336994561e-79,3.7839462336994561e-79,reported_by_STS_full_precision,fail,0.01,STS SUCCESS and p >= 0.01,6
decrypted,NonOverlappingTemplate,m=9 template=1 1 0 1 1 0 0 1 0,lena,5,4.5503754046990466e-72,4.5503754046990466e-72,reported_by_STS_full_precision,fail,0.01,STS SUCCESS and p >= 0.01,6
decrypted,NonOverlappingTemplate,m=9 template=1 1 0 1 1 0 0 1 0,peppers,6,1.2439561319406179e-40,1.2439561319406179e-40,reported_by_STS_full_precision,fail,0.01,STS SUCCESS and p >= 0.01,6
decrypted,NonOverlappingTemplate,m=9 template=1 1 0 1 1 0 1 0 0,airplane,1,3.3866211644043324e-99,3.3866211644043324e-99,reported_by_STS_full_precision,fail,0.01,STS SUCCESS and p >= 0.01,6
decrypted,NonOverlappingTemplate,m=9 template=1 1 0 1 1 0 1 0 0,baboon,2,3.4040242547331204e-05,3.4040242547331204e-05,reported_by_STS_full_precision,fail,0.01,STS SUCCESS and p >= 0.01,6
decrypted,NonOverlappingTemplate,m=9 template=1 1 0 1 1 0 1 0 0,couple,3,1.1775409206506375e-118,1.1775409206506375e-118,reported_by_STS_full_precision,fail,0.01,STS SUCCESS and p >= 0.01,6
decrypted,NonOverlappingTemplate,m=9 template=1 1 0 1 1 0 1 0 0,girl,4,2.7225129217390279e-158,2.7225129217390279e-158,reported_by_STS_full_precision,fail,0.01,STS SUCCESS and p >= 0.01,6
decrypted,NonOverlappingTemplate,m=9 template=1 1 0 1 1 0 1 0 0,lena,5,2.4557949509674723e-15,2.4557949509674723e-15,reported_by_STS_full_precision,fail,0.01,STS SUCCESS and p >= 0.01,6
decrypted,NonOverlappingTemplate,m=9 template=1 1 0 1 1 0 1 0 0,peppers,6,1.1150128966495219e-21,1.1150128966495219e-21,reported_by_STS_full_precision,fail,0.01,STS SUCCESS and p >= 0.01,6
decrypted,NonOverlappingTemplate,m=9 template=1 1 0 1 1 1 0 0 0,airplane,1,1.575414132934714e-127,1.575414132934714e-127,reported_by_STS_full_precision,fail,0.01,STS SUCCESS and p >= 0.01,6
decrypted,NonOverlappingTemplate,m=9 template=1 1 0 1 1 1 0 0 0,baboon,2,7.9759121536272547e-64,7.9759121536272547e-64,reported_by_STS_full_precision,fail,0.01,STS SUCCESS and p >= 0.01,6
decrypted,NonOverlappingTemplate,m=9 template=1 1 0 1 1 1 0 0 0,couple,3,1.0203952003989754e-272,1.0203952003989754e-272,reported_by_STS_full_precision,fail,0.01,STS SUCCESS and p >= 0.01,6
decrypted,NonOverlappingTemplate,m=9 template=1 1 0 1 1 1 0 0 0,girl,4,5.8603322548778842e-121,5.8603322548778842e-121,reported_by_STS_full_precision,fail,0.01,STS SUCCESS and p >= 0.01,6
decrypted,NonOverlappingTemplate,m=9 template=1 1 0 1 1 1 0 0 0,lena,5,5.5141634139304184e-11,5.5141634139304184e-11,reported_by_STS_full_precision,fail,0.01,STS SUCCESS and p >= 0.01,6
decrypted,NonOverlappingTemplate,m=9 template=1 1 0 1 1 1 0 0 0,peppers,6,8.0512303217443792e-47,8.0512303217443792e-47,reported_by_STS_full_precision,fail,0.01,STS SUCCESS and p >= 0.01,6
decrypted,NonOverlappingTemplate,m=9 template=1 1 0 1 1 1 0 1 0,airplane,1,1.1218285057679839e-86,1.1218285057679839e-86,reported_by_STS_full_precision,fail,0.01,STS SUCCESS and p >= 0.01,6
decrypted,NonOverlappingTemplate,m=9 template=1 1 0 1 1 1 0 1 0,baboon,2,3.7469644280334342e-19,3.7469644280334342e-19,reported_by_STS_full_precision,fail,0.01,STS SUCCESS and p >= 0.01,6
decrypted,NonOverlappingTemplate,m=9 template=1 1 0 1 1 1 0 1 0,couple,3,8.0759287732235448e-215,8.0759287732235448e-215,reported_by_STS_full_precision,fail,0.01,STS SUCCESS and p >= 0.01,6
decrypted,NonOverlappingTemplate,m=9 template=1 1 0 1 1 1 0 1 0,girl,4,1.3103035448098827e-175,1.3103035448098827e-175,reported_by_STS_full_precision,fail,0.01,STS SUCCESS and p >= 0.01,6
decrypted,NonOverlappingTemplate,m=9 template=1 1 0 1 1 1 0 1 0,lena,5,1.738802271695038e-40,1.738802271695038e-40,reported_by_STS_full_precision,fail,0.01,STS SUCCESS and p >= 0.01,6
decrypted,NonOverlappingTemplate,m=9 template=1 1 0 1 1 1 0 1 0,peppers,6,4.5406933246617567e-14,4.5406933246617567e-14,reported_by_STS_full_precision,fail,0.01,STS SUCCESS and p >= 0.01,6
decrypted,NonOverlappingTemplate,m=9 template=1 1 0 1 1 1 1 0 0,airplane,1,6.2984698860878643e-74,6.2984698860878643e-74,reported_by_STS_full_precision,fail,0.01,STS SUCCESS and p >= 0.01,6
decrypted,NonOverlappingTemplate,m=9 template=1 1 0 1 1 1 1 0 0,baboon,2,1.1658825028271652e-93,1.1658825028271652e-93,reported_by_STS_full_precision,fail,0.01,STS SUCCESS and p >= 0.01,6
decrypted,NonOverlappingTemplate,m=9 template=1 1 0 1 1 1 1 0 0,couple,3,<1e-300,0,double_underflow_lt_1e-300,fail,0.01,STS SUCCESS and p >= 0.01,6
decrypted,NonOverlappingTemplate,m=9 template=1 1 0 1 1 1 1 0 0,girl,4,5.0708917661591244e-208,5.0708917661591244e-208,reported_by_STS_full_precision,fail,0.01,STS SUCCESS and p >= 0.01,6
decrypted,NonOverlappingTemplate,m=9 template=1 1 0 1 1 1 1 0 0,lena,5,0.0074323882465747648,0.0074323882465747648,reported_by_STS_full_precision,fail,0.01,STS SUCCESS and p >= 0.01,6
decrypted,NonOverlappingTemplate,m=9 template=1 1 0 1 1 1 1 0 0,peppers,6,1.5714209860583819e-92,1.5714209860583819e-92,reported_by_STS_full_precision,fail,0.01,STS SUCCESS and p >= 0.01,6
decrypted,NonOverlappingTemplate,m=9 template=1 1 1 0 0 0 0 0 0,airplane,1,6.7750557407927541e-50,6.7750557407927541e-50,reported_by_STS_full_precision,fail,0.01,STS SUCCESS and p >= 0.01,6
decrypted,NonOverlappingTemplate,m=9 template=1 1 1 0 0 0 0 0 0,baboon,2,2.2296197525261118e-168,2.2296197525261118e-168,reported_by_STS_full_precision,fail,0.01,STS SUCCESS and p >= 0.01,6
decrypted,NonOverlappingTemplate,m=9 template=1 1 1 0 0 0 0 0 0,couple,3,1.5375887091246382e-208,1.5375887091246382e-208,reported_by_STS_full_precision,fail,0.01,STS SUCCESS and p >= 0.01,6
decrypted,NonOverlappingTemplate,m=9 template=1 1 1 0 0 0 0 0 0,girl,4,1.0042116298921369e-175,1.0042116298921369e-175,reported_by_STS_full_precision,fail,0.01,STS SUCCESS and p >= 0.01,6
decrypted,NonOverlappingTemplate,m=9 template=1 1 1 0 0 0 0 0 0,lena,5,3.7331114905129578e-126,3.7331114905129578e-126,reported_by_STS_full_precision,fail,0.01,STS SUCCESS and p >= 0.01,6
decrypted,NonOverlappingTemplate,m=9 template=1 1 1 0 0 0 0 0 0,peppers,6,3.1695412186569657e-60,3.1695412186569657e-60,reported_by_STS_full_precision,fail,0.01,STS SUCCESS and p >= 0.01,6
decrypted,NonOverlappingTemplate,m=9 template=1 1 1 0 0 0 0 1 0,airplane,1,7.6019370107629099e-39,7.6019370107629099e-39,reported_by_STS_full_precision,fail,0.01,STS SUCCESS and p >= 0.01,6
decrypted,NonOverlappingTemplate,m=9 template=1 1 1 0 0 0 0 1 0,baboon,2,1.9963347499427371e-06,1.9963347499427371e-06,reported_by_STS_full_precision,fail,0.01,STS SUCCESS and p >= 0.01,6
decrypted,NonOverlappingTemplate,m=9 template=1 1 1 0 0 0 0 1 0,couple,3,4.5969109857906214e-100,4.5969109857906214e-100,reported_by_STS_full_precision,fail,0.01,STS SUCCESS and p >= 0.01,6
decrypted,NonOverlappingTemplate,m=9 template=1 1 1 0 0 0 0 1 0,girl,4,4.2480957769659322e-37,4.2480957769659322e-37,reported_by_STS_full_precision,fail,0.01,STS SUCCESS and p >= 0.01,6
decrypted,NonOverlappingTemplate,m=9 template=1 1 1 0 0 0 0 1 0,lena,5,2.9154209130446102e-60,2.9154209130446102e-60,reported_by_STS_full_precision,fail,0.01,STS SUCCESS and p >= 0.01,6
decrypted,NonOverlappingTemplate,m=9 template=1 1 1 0 0 0 0 1 0,peppers,6,0.069951557369842723,0.069951557369842723,reported_by_STS_full_precision,pass,0.01,STS SUCCESS and p >= 0.01,6
decrypted,NonOverlappingTemplate,m=9 template=1 1 1 0 0 0 1 0 0,airplane,1,6.531580329862836e-09,6.531580329862836e-09,reported_by_STS_full_precision,fail,0.01,STS SUCCESS and p >= 0.01,6
decrypted,NonOverlappingTemplate,m=9 template=1 1 1 0 0 0 1 0 0,baboon,2,6.5870351477032162e-05,6.5870351477032162e-05,reported_by_STS_full_precision,fail,0.01,STS SUCCESS and p >= 0.01,6
decrypted,NonOverlappingTemplate,m=9 template=1 1 1 0 0 0 1 0 0,couple,3,4.4639192781962696e-32,4.4639192781962696e-32,reported_by_STS_full_precision,fail,0.01,STS SUCCESS and p >= 0.01,6
decrypted,NonOverlappingTemplate,m=9 template=1 1 1 0 0 0 1 0 0,girl,4,1.3576557658616811e-31,1.3576557658616811e-31,reported_by_STS_full_precision,fail,0.01,STS SUCCESS and p >= 0.01,6
decrypted,NonOverlappingTemplate,m=9 template=1 1 1 0 0 0 1 0 0,lena,5,2.0035975339737938e-98,2.0035975339737938e-98,reported_by_STS_full_precision,fail,0.01,STS SUCCESS and p >= 0.01,6
decrypted,NonOverlappingTemplate,m=9 template=1 1 1 0 0 0 1 0 0,peppers,6,0.0014382029926076467,0.0014382029926076467,reported_by_STS_full_precision,fail,0.01,STS SUCCESS and p >= 0.01,6
decrypted,NonOverlappingTemplate,m=9 template=1 1 1 0 0 0 1 1 0,airplane,1,8.0801639570878667e-73,8.0801639570878667e-73,reported_by_STS_full_precision,fail,0.01,STS SUCCESS and p >= 0.01,6
decrypted,NonOverlappingTemplate,m=9 template=1 1 1 0 0 0 1 1 0,baboon,2,0.13889983089261959,0.13889983089261959,reported_by_STS_full_precision,pass,0.01,STS SUCCESS and p >= 0.01,6
decrypted,NonOverlappingTemplate,m=9 template=1 1 1 0 0 0 1 1 0,couple,3,0.11292142567985071,0.11292142567985071,reported_by_STS_full_precision,pass,0.01,STS SUCCESS and p >= 0.01,6
decrypted,NonOverlappingTemplate,m=9 template=1 1 1 0 0 0 1 1 0,girl,4,1.2298772542463336e-07,1.2298772542463336e-07,reported_by_STS_full_precision,fail,0.01,STS SUCCESS and p >= 0.01,6
decrypted,NonOverlappingTemplate,m=9 template=1 1 1 0 0 0 1 1 0,lena,5,7.349867072452026e-16,7.349867072452026e-16,reported_by_STS_full_precision,fail,0.01,STS SUCCESS and p >= 0.01,6
decrypted,NonOverlappingTemplate,m=9 template=1 1 1 0 0 0 1 1 0,peppers,6,0.014860292790884811,0.014860292790884811,reported_by_STS_full_precision,pass,0.01,STS SUCCESS and p >= 0.01,6
decrypted,NonOverlappingTemplate,m=9 template=1 1 1 0 0 1 0 0 0,airplane,1,1.5867820330722271e-11,1.5867820330722271e-11,reported_by_STS_full_precision,fail,0.01,STS SUCCESS and p >= 0.01,6
decrypted,NonOverlappingTemplate,m=9 template=1 1 1 0 0 1 0 0 0,baboon,2,0.0014622182782675014,0.0014622182782675014,reported_by_STS_full_precision,fail,0.01,STS SUCCESS and p >= 0.01,6
decrypted,NonOverlappingTemplate,m=9 template=1 1 1 0 0 1 0 0 0,couple,3,2.4583151632890256e-26,2.4583151632890256e-26,reported_by_STS_full_precision,fail,0.01,STS SUCCESS and p >= 0.01,6
decrypted,NonOverlappingTemplate,m=9 template=1 1 1 0 0 1 0 0 0,girl,4,6.0255269373333229e-17,6.0255269373333229e-17,reported_by_STS_full_precision,fail,0.01,STS SUCCESS and p >= 0.01,6
decrypted,NonOverlappingTemplate,m=9 template=1 1 1 0 0 1 0 0 0,lena,5,2.2806584063695203e-103,2.2806584063695203e-103,reported_by_STS_full_precision,fail,0.01,STS SUCCESS and p >= 0.01,6
decrypted,NonOverlappingTemplate,m=9 template=1 1 1 0 0 1 0 0 0,peppers,6,2.2557014531133215e-14,2.2557014531133215e-14,reported_by_STS_full_precision,fail,0.01,STS SUCCESS and p >= 0.01,6
decrypted,NonOverlappingTemplate,m=9 template=1 1 1 0 0 1 0 1 0,airplane,1,1.7347384027917079e-94,1.7347384027917079e-94,reported_by_STS_full_precision,fail,0.01,STS SUCCESS and p >= 0.01,6
decrypted,NonOverlappingTemplate,m=9 template=1 1 1 0 0 1 0 1 0,baboon,2,2.5509926722369595e-06,2.5509926722369595e-06,reported_by_STS_full_precision,fail,0.01,STS SUCCESS and p >= 0.01,6
decrypted,NonOverlappingTemplate,m=9 template=1 1 1 0 0 1 0 1 0,couple,3,7.8756528725909216e-36,7.8756528725909216e-36,reported_by_STS_full_precision,fail,0.01,STS SUCCESS and p >= 0.01,6
decrypted,NonOverlappingTemplate,m=9 template=1 1 1 0 0 1 0 1 0,girl,4,0.0024255143320673451,0.0024255143320673451,reported_by_STS_full_precision,fail,0.01,STS SUCCESS and p >= 0.01,6
decrypted,NonOverlappingTemplate,m=9 template=1 1 1 0 0 1 0 1 0,lena,5,2.1017421968624449e-10,2.1017421968624449e-10,reported_by_STS_full_precision,fail,0.01,STS SUCCESS and p >= 0.01,6
decrypted,NonOverlappingTemplate,m=9 template=1 1 1 0 0 1 0 1 0,peppers,6,6.8502079243780569e-96,6.8502079243780569e-96,reported_by_STS_full_precision,fail,0.01,STS SUCCESS and p >= 0.01,6
decrypted,NonOverlappingTemplate,m=9 template=1 1 1 0 0 1 1 0 0,airplane,1,<1e-300,0,double_underflow_lt_1e-300,fail,0.01,STS SUCCESS and p >= 0.01,6
decrypted,NonOverlappingTemplate,m=9 template=1 1 1 0 0 1 1 0 0,baboon,2,0.0503816236315765,0.0503816236315765,reported_by_STS_full_precision,pass,0.01,STS SUCCESS and p >= 0.01,6
decrypted,NonOverlappingTemplate,m=9 template=1 1 1 0 0 1 1 0 0,couple,3,1.9505040348346163e-63,1.9505040348346163e-63,reported_by_STS_full_precision,fail,0.01,STS SUCCESS and p >= 0.01,6
decrypted,NonOverlappingTemplate,m=9 template=1 1 1 0 0 1 1 0 0,girl,4,0.0003002488309431811,0.0003002488309431811,reported_by_STS_full_precision,fail,0.01,STS SUCCESS and p >= 0.01,6
decrypted,NonOverlappingTemplate,m=9 template=1 1 1 0 0 1 1 0 0,lena,5,1.296851488824962e-90,1.296851488824962e-90,reported_by_STS_full_precision,fail,0.01,STS SUCCESS and p >= 0.01,6
decrypted,NonOverlappingTemplate,m=9 template=1 1 1 0 0 1 1 0 0,peppers,6,0.0060296497539270169,0.0060296497539270169,reported_by_STS_full_precision,fail,0.01,STS SUCCESS and p >= 0.01,6
decrypted,NonOverlappingTemplate,m=9 template=1 1 1 0 1 0 0 0 0,airplane,1,3.817790160096189e-129,3.817790160096189e-129,reported_by_STS_full_precision,fail,0.01,STS SUCCESS and p >= 0.01,6
decrypted,NonOverlappingTemplate,m=9 template=1 1 1 0 1 0 0 0 0,baboon,2,8.2022573573977791e-29,8.2022573573977791e-29,reported_by_STS_full_precision,fail,0.01,STS SUCCESS and p >= 0.01,6
decrypted,NonOverlappingTemplate,m=9 template=1 1 1 0 1 0 0 0 0,couple,3,1.1110590485646508e-96,1.1110590485646508e-96,reported_by_STS_full_precision,fail,0.01,STS SUCCESS and p >= 0.01,6
decrypted,NonOverlappingTemplate,m=9 template=1 1 1 0 1 0 0 0 0,girl,4,2.586593738739449e-110,2.586593738739449e-110,reported_by_STS_full_precision,fail,0.01,STS SUCCESS and p >= 0.01,6
decrypted,NonOverlappingTemplate,m=9 template=1 1 1 0 1 0 0 0 0,lena,5,1.901472040075198e-63,1.901472040075198e-63,reported_by_STS_full_precision,fail,0.01,STS SUCCESS and p >= 0.01,6
decrypted,NonOverlappingTemplate,m=9 template=1 1 1 0 1 0 0 0 0,peppers,6,3.1449972024941719e-62,3.1449972024941719e-62,reported_by_STS_full_precision,fail,0.01,STS SUCCESS and p >= 0.01,6
decrypted,NonOverlappingTemplate,m=9 template=1 1 1 0 1 0 0 1 0,airplane,1,1.5071310107883123e-34,1.5071310107883123e-34,reported_by_STS_full_precision,fail,0.01,STS SUCCESS and p >= 0.01,6
decrypted,NonOverlappingTemplate,m=9 template=1 1 1 0 1 0 0 1 0,baboon,2,1.8952246304234273e-07,1.8952246304234273e-07,reported_by_STS_full_precision,fail,0.01,STS SUCCESS and p >= 0.01,6
decrypted,NonOverlappingTemplate,m=9 template=1 1 1 0 1 0 0 1 0,couple,3,7.4287002421005747e-41,7.4287002421005747e-41,reported_by_STS_full_precision,fail,0.01,STS SUCCESS and p >= 0.01,6
decrypted,NonOverlappingTemplate,m=9 template=1 1 1 0 1 0 0 1 0,girl,4,4.0578885345394075e-63,4.0578885345394075e-63,reported_by_STS_full_precision,fail,0.01,STS SUCCESS and p >= 0.01,6
decrypted,NonOverlappingTemplate,m=9 template=1 1 1 0 1 0 0 1 0,lena,5,3.8276152867053326e-30,3.8276152867053326e-30,reported_by_STS_full_precision,fail,0.01,STS SUCCESS and p >= 0.01,6
decrypted,NonOverlappingTemplate,m=9 template=1 1 1 0 1 0 0 1 0,peppers,6,1.0027736735650608e-06,1.0027736735650608e-06,reported_by_STS_full_precision,fail,0.01,STS SUCCESS and p >= 0.01,6
decrypted,NonOverlappingTemplate,m=9 template=1 1 1 0 1 0 1 0 0,airplane,1,1.5211736656799958e-43,1.5211736656799958e-43,reported_by_STS_full_precision,fail,0.01,STS SUCCESS and p >= 0.01,6
decrypted,NonOverlappingTemplate,m=9 template=1 1 1 0 1 0 1 0 0,baboon,2,7.71273329032686e-06,7.71273329032686e-06,reported_by_STS_full_precision,fail,0.01,STS SUCCESS and p >= 0.01,6
decrypted,NonOverlappingTemplate,m=9 template=1 1 1 0 1 0 1 0 0,couple,3,4.1551600760146794e-120,4.1551600760146794e-120,reported_by_STS_full_precision,fail,0.01,STS SUCCESS and p >= 0.01,6
decrypted,NonOverlappingTemplate,m=9 template=1 1 1 0 1 0 1 0 0,girl,4,1.0287219514010716e-115,1.0287219514010716e-115,reported_by_STS_full_precision,fail,0.01,STS SUCCESS and p >= 0.01,6
decrypted,NonOverlappingTemplate,m=9 template=1 1 1 0 1 0 1 0 0,lena,5,1.0125618383654113e-70,1.0125618383654113e-70,reported_by_STS_full_precision,fail,0.01,STS SUCCESS and p >= 0.01,6
decrypted,NonOverlappingTemplate,m=9 template=1 1 1 0 1 0 1 0 0,peppers,6,6.1270812023623562e-27,6.1270812023623562e-27,reported_by_STS_full_precision,fail,0.01,STS SUCCESS and p >= 0.01,6
decrypted,NonOverlappingTemplate,m=9 template=1 1 1 0 1 0 1 1 0,airplane,1,6.8948455823600779e-39,6.8948455823600779e-39,reported_by_STS_full_precision,fail,0.01,STS SUCCESS and p >= 0.01,6
decrypted,NonOverlappingTemplate,m=9 template=1 1 1 0 1 0 1 1 0,baboon,2,3.5474207875914356e-23,3.5474207875914356e-23,reported_by_STS_full_precision,fail,0.01,STS SUCCESS and p >= 0.01,6
decrypted,NonOverlappingTemplate,m=9 template=1 1 1 0 1 0 1 1 0,couple,3,1.8508408402706765e-255,1.8508408402706765e-255,reported_by_STS_full_precision,fail,0.01,STS SUCCESS and p >= 0.01,6
decrypted,NonOverlappingTemplate,m=9 template=1 1 1 0 1 0 1 1 0,girl,4,1.3963474262093532e-184,1.3963474262093532e-184,reported_by_STS_full_precision,fail,0.01,STS SUCCESS and p >= 0.01,6
decrypted,NonOverlappingTemplate,m=9 template=1 1 1 0 1 0 1 1 0,lena,5,7.2086228910490966e-79,7.2086228910490966e-79,reported_by_STS_full_precision,fail,0.01,STS SUCCESS and p >= 0.01,6
decrypted,NonOverlappingTemplate,m=9 template=1 1 1 0 1 0 1 1 0,peppers,6,8.448476789362853e-21,8.448476789362853e-21,reported_by_STS_full_precision,fail,0.01,STS SUCCESS and p >= 0.01,6
decrypted,NonOverlappingTemplate,m=9 template=1 1 1 0 1 1 0 0 0,airplane,1,1.4443149715446412e-161,1.4443149715446412e-161,reported_by_STS_full_precision,fail,0.01,STS SUCCESS and p >= 0.01,6
decrypted,NonOverlappingTemplate,m=9 template=1 1 1 0 1 1 0 0 0,baboon,2,8.1106018981667474e-58,8.1106018981667474e-58,reported_by_STS_full_precision,fail,0.01,STS SUCCESS and p >= 0.01,6
decrypted,NonOverlappingTemplate,m=9 template=1 1 1 0 1 1 0 0 0,couple,3,1.1954617555016727e-275,1.1954617555016727e-275,reported_by_STS_full_precision,fail,0.01,STS SUCCESS and p >= 0.01,6
decrypted,NonOverlappingTemplate,m=9 template=1 1 1 0 1 1 0 0 0,girl,4,7.941750013433179e-138,7.941750013433179e-138,reported_by_STS_full_precision,fail,0.01,STS SUCCESS and p >= 0.01,6
decrypted,NonOverlappingTemplate,m=9 template=1 1 1 0 1 1 0 0 0,lena,5,9.49541468330173e-24,9.49541468330173e-24,reported_by_STS_full_precision,fail,0.01,STS SUCCESS and p >= 0.01,6
decrypted,NonOverlappingTemplate,m=9 template=1 1 1 0 1 1 0 0 0,peppers,6,6.8669935947323613e-26,6.8669935947323613e-26,reported_by_STS_full_precision,fail,0.01,STS SUCCESS and p >= 0.01,6
decrypted,NonOverlappingTemplate,m=9 template=1 1 1 0 1 1 0 1 0,airplane,1,6.6144096511282475e-110,6.6144096511282475e-110,reported_by_STS_full_precision,fail,0.01,STS SUCCESS and p >= 0.01,6
decrypted,NonOverlappingTemplate,m=9 template=1 1 1 0 1 1 0 1 0,baboon,2,5.7617196485324432e-09,5.7617196485324432e-09,reported_by_STS_full_precision,fail,0.01,STS SUCCESS and p >= 0.01,6
decrypted,NonOverlappingTemplate,m=9 template=1 1 1 0 1 1 0 1 0,couple,3,7.9570797045611986e-149,7.9570797045611986e-149,reported_by_STS_full_precision,fail,0.01,STS SUCCESS and p >= 0.01,6
decrypted,NonOverlappingTemplate,m=9 template=1 1 1 0 1 1 0 1 0,girl,4,1.1363206817817798e-183,1.1363206817817798e-183,reported_by_STS_full_precision,fail,0.01,STS SUCCESS and p >= 0.01,6
decrypted,NonOverlappingTemplate,m=9 template=1 1 1 0 1 1 0 1 0,lena,5,1.7535400620569792e-13,1.7535400620569792e-13,reported_by_STS_full_precision,fail,0.01,STS SUCCESS and p >= 0.01,6
decrypted,NonOverlappingTemplate,m=9 template=1 1 1 0 1 1 0 1 0,peppers,6,1.5250983354958617e-05,1.5250983354958617e-05,reported_by_STS_full_precision,fail,0.01,STS SUCCESS and p >= 0.01,6
decrypted,NonOverlappingTemplate,m=9 template=1 1 1 0 1 1 1 0 0,airplane,1,1.9478283518266788e-56,1.9478283518266788e-56,reported_by_STS_full_precision,fail,0.01,STS SUCCESS and p >= 0.01,6
decrypted,NonOverlappingTemplate,m=9 template=1 1 1 0 1 1 1 0 0,baboon,2,4.5221435334857725e-81,4.5221435334857725e-81,reported_by_STS_full_precision,fail,0.01,STS SUCCESS and p >= 0.01,6
decrypted,NonOverlappingTemplate,m=9 template=1 1 1 0 1 1 1 0 0,couple,3,<1e-300,0,double_underflow_lt_1e-300,fail,0.01,STS SUCCESS and p >= 0.01,6
decrypted,NonOverlappingTemplate,m=9 template=1 1 1 0 1 1 1 0 0,girl,4,9.5369410324280167e-198,9.5369410324280167e-198,reported_by_STS_full_precision,fail,0.01,STS SUCCESS and p >= 0.01,6
decrypted,NonOverlappingTemplate,m=9 template=1 1 1 0 1 1 1 0 0,lena,5,0.92484639987801398,0.92484639987801398,reported_by_STS_full_precision,pass,0.01,STS SUCCESS and p >= 0.01,6
decrypted,NonOverlappingTemplate,m=9 template=1 1 1 0 1 1 1 0 0,peppers,6,9.4561367131252377e-65,9.4561367131252377e-65,reported_by_STS_full_precision,fail,0.01,STS SUCCESS and p >= 0.01,6
decrypted,NonOverlappingTemplate,m=9 template=1 1 1 1 0 0 0 0 0,airplane,1,2.5738160668581103e-48,2.5738160668581103e-48,reported_by_STS_full_precision,fail,0.01,STS SUCCESS and p >= 0.01,6
decrypted,NonOverlappingTemplate,m=9 template=1 1 1 1 0 0 0 0 0,baboon,2,6.6778236037012438e-177,6.6778236037012438e-177,reported_by_STS_full_precision,fail,0.01,STS SUCCESS and p >= 0.01,6
decrypted,NonOverlappingTemplate,m=9 template=1 1 1 1 0 0 0 0 0,couple,3,1.6663447488395482e-265,1.6663447488395482e-265,reported_by_STS_full_precision,fail,0.01,STS SUCCESS and p >= 0.01,6
decrypted,NonOverlappingTemplate,m=9 template=1 1 1 1 0 0 0 0 0,girl,4,3.6095641275910846e-199,3.6095641275910846e-199,reported_by_STS_full_precision,fail,0.01,STS SUCCESS and p >= 0.01,6
decrypted,NonOverlappingTemplate,m=9 template=1 1 1 1 0 0 0 0 0,lena,5,3.5803362253261729e-108,3.5803362253261729e-108,reported_by_STS_full_precision,fail,0.01,STS SUCCESS and p >= 0.01,6
decrypted,NonOverlappingTemplate,m=9 template=1 1 1 1 0 0 0 0 0,peppers,6,9.3772437723234348e-83,9.3772437723234348e-83,reported_by_STS_full_precision,fail,0.01,STS SUCCESS and p >= 0.01,6
decrypted,NonOverlappingTemplate,m=9 template=1 1 1 1 0 0 0 1 0,airplane,1,1.0567781899390571e-41,1.0567781899390571e-41,reported_by_STS_full_precision,fail,0.01,STS SUCCESS and p >= 0.01,6
decrypted,NonOverlappingTemplate,m=9 template=1 1 1 1 0 0 0 1 0,baboon,2,1.1715085650765562e-05,1.1715085650765562e-05,reported_by_STS_full_precision,fail,0.01,STS SUCCESS and p >= 0.01,6
decrypted,NonOverlappingTemplate,m=9 template=1 1 1 1 0 0 0 1 0,couple,3,3.6959866913232583e-29,3.6959866913232583e-29,reported_by_STS_full_precision,fail,0.01,STS SUCCESS and p >= 0.01,6
decrypted,NonOverlappingTemplate,m=9 template=1 1 1 1 0 0 0 1 0,girl,4,1.7429523426552046e-33,1.7429523426552046e-33,reported_by_STS_full_precision,fail,0.01,STS SUCCESS and p >= 0.01,6
decrypted,NonOverlappingTemplate,m=9 template=1 1 1 1 0 0 0 1 0,lena,5,1.8405510654832321e-32,1.8405510654832321e-32,reported_by_STS_full_precision,fail,0.01,STS SUCCESS and p >= 0.01,6
decrypted,NonOverlappingTemplate,m=9 template=1 1 1 1 0 0 0 1 0,peppers,6,0.0042709688774408882,0.0042709688774408882,reported_by_STS_full_precision,fail,0.01,STS SUCCESS and p >= 0.01,6
decrypted,NonOverlappingTemplate,m=9 template=1 1 1 1 0 0 1 0 0,airplane,1,1.1009742587971129e-23,1.1009742587971129e-23,reported_by_STS_full_precision,fail,0.01,STS SUCCESS and p >= 0.01,6
decrypted,NonOverlappingTemplate,m=9 template=1 1 1 1 0 0 1 0 0,baboon,2,2.2088813419153903e-07,2.2088813419153903e-07,reported_by_STS_full_precision,fail,0.01,STS SUCCESS and p >= 0.01,6
decrypted,NonOverlappingTemplate,m=9 template=1 1 1 1 0 0 1 0 0,couple,3,1.9901489715753053e-62,1.9901489715753053e-62,reported_by_STS_full_precision,fail,0.01,STS SUCCESS and p >= 0.01,6
decrypted,NonOverlappingTemplate,m=9 template=1 1 1 1 0 0 1 0 0,girl,4,3.6836553506629167e-38,3.6836553506629167e-38,reported_by_STS_full_precision,fail,0.01,STS SUCCESS and p >= 0.01,6
decrypted,NonOverlappingTemplate,m=9 template=1 1 1 1 0 0 1 0 0,lena,5,9.9591125529629105e-100,9.9591125529629105e-100,reported_by_STS_full_precision,fail,0.01,STS SUCCESS and p >= 0.01,6
decrypted,NonOverlappingTemplate,m=9 template=1 1 1 1 0 0 1 0 0,peppers,6,8.0199138796955101e-13,8.0199138796955101e-13,reported_by_STS_full_precision,fail,0.01,STS SUCCESS and p >= 0.01,6
decrypted,NonOverlappingTemplate,m=9 template=1 1 1 1 0 0 1 1 0,airplane,1,<1e-300,0,double_underflow_lt_1e-300,fail,0.01,STS SUCCESS and p >= 0.01,6
decrypted,NonOverlappingTemplate,m=9 template=1 1 1 1 0 0 1 1 0,baboon,2,1.2588432519477489e-07,1.2588432519477489e-07,reported_by_STS_full_precision,fail,0.01,STS SUCCESS and p >= 0.01,6
decrypted,NonOverlappingTemplate,m=9 template=1 1 1 1 0 0 1 1 0,couple,3,1.1497382141485751e-69,1.1497382141485751e-69,reported_by_STS_full_precision,fail,0.01,STS SUCCESS and p >= 0.01,6
decrypted,NonOverlappingTemplate,m=9 template=1 1 1 1 0 0 1 1 0,girl,4,1.0364767180003287e-30,1.0364767180003287e-30,reported_by_STS_full_precision,fail,0.01,STS SUCCESS and p >= 0.01,6
decrypted,NonOverlappingTemplate,m=9 template=1 1 1 1 0 0 1 1 0,lena,5,3.8206831795002038e-08,3.8206831795002038e-08,reported_by_STS_full_precision,fail,0.01,STS SUCCESS and p >= 0.01,6
decrypted,NonOverlappingTemplate,m=9 template=1 1 1 1 0 0 1 1 0,peppers,6,1.6772775550863216e-07,1.6772775550863216e-07,reported_by_STS_full_precision,fail,0.01,STS SUCCESS and p >= 0.01,6
decrypted,NonOverlappingTemplate,m=9 template=1 1 1 1 0 1 0 0 0,airplane,1,2.0178605906356757e-121,2.0178605906356757e-121,reported_by_STS_full_precision,fail,0.01,STS SUCCESS and p >= 0.01,6
decrypted,NonOverlappingTemplate,m=9 template=1 1 1 1 0 1 0 0 0,baboon,2,3.5496954673842804e-37,3.5496954673842804e-37,reported_by_STS_full_precision,fail,0.01,STS SUCCESS and p >= 0.01,6
decrypted,NonOverlappingTemplate,m=9 template=1 1 1 1 0 1 0 0 0,couple,3,1.6486516658928312e-178,1.6486516658928312e-178,reported_by_STS_full_precision,fail,0.01,STS SUCCESS and p >= 0.01,6
decrypted,NonOverlappingTemplate,m=9 template=1 1 1 1 0 1 0 0 0,girl,4,2.3524482139415149e-136,2.3524482139415149e-136,reported_by_STS_full_precision,fail,0.01,STS SUCCESS and p >= 0.01,6
decrypted,NonOverlappingTemplate,m=9 template=1 1 1 1 0 1 0 0 0,lena,5,2.7045274715411585e-39,2.7045274715411585e-39,reported_by_STS_full_precision,fail,0.01,STS SUCCESS and p >= 0.01,6
decrypted,NonOverlappingTemplate,m=9 template=1 1 1 1 0 1 0 0 0,peppers,6,1.0588985620283869e-91,1.0588985620283869e-91,reported_by_STS_full_precision,fail,0.01,STS SUCCESS and p >= 0.01,6
decrypted,NonOverlappingTemplate,m=9 template=1 1 1 1 0 1 0 1 0,airplane,1,1.1518376218105094e-10,1.1518376218105094e-10,reported_by_STS_full_precision,fail,0.01,STS SUCCESS and p >= 0.01,6
decrypted,NonOverlappingTemplate,m=9 template=1 1 1 1 0 1 0 1 0,baboon,2,2.2554064163374866e-09,2.2554064163374866e-09,reported_by_STS_full_precision,fail,0.01,STS SUCCESS and p >= 0.01,6
decrypted,NonOverlappingTemplate,m=9 template=1 1 1 1 0 1 0 1 0,couple,3,9.4581948373493587e-142,9.4581948373493587e-142,reported_by_STS_full_precision,fail,0.01,STS SUCCESS and p >= 0.01,6
decrypted,NonOverlappingTemplate,m=9 template=1 1 1 1 0 1 0 1 0,girl,4,6.5305366094495633e-157,6.5305366094495633e-157,reported_by_STS_full_precision,fail,0.01,STS SUCCESS and p >= 0.01,6
decrypted,NonOverlappingTemplate,m=9 template=1 1 1 1 0 1 0 1 0,lena,5,2.1765574098827871e-24,2.1765574098827871e-24,reported_by_STS_full_precision,fail,0.01,STS SUCCESS and p >= 0.01,6
decrypted,NonOverlappingTemplate,m=9 template=1 1 1 1 0 1 0 1 0,peppers,6,6.7007701640795178e-05,6.7007701640795178e-05,reported_by_STS_full_precision,fail,0.01,STS SUCCESS and p >= 0.01,6
decrypted,NonOverlappingTemplate,m=9 template=1 1 1 1 0 1 1 0 0,airplane,1,5.4631097685800361e-30,5.4631097685800361e-30,reported_by_STS_full_precision,fail,0.01,STS SUCCESS and p >= 0.01,6
decrypted,NonOverlappingTemplate,m=9 template=1 1 1 1 0 1 1 0 0,baboon,2,9.3615356436860231e-69,9.3615356436860231e-69,reported_by_STS_full_precision,fail,0.01,STS SUCCESS and p >= 0.01,6
decrypted,NonOverlappingTemplate,m=9 template=1 1 1 1 0 1 1 0 0,couple,3,8.6497915447058202e-305,8.6497915447058202e-305,reported_by_STS_full_precision,fail,0.01,STS SUCCESS and p >= 0.01,6
decrypted,NonOverlappingTemplate,m=9 template=1 1 1 1 0 1 1 0 0,girl,4,1.1721293059517491e-205,1.1721293059517491e-205,reported_by_STS_full_precision,fail,0.01,STS SUCCESS and p >= 0.01,6
decrypted,NonOverlappingTemplate,m=9 template=1 1 1 1 0 1 1 0 0,lena,5,1.8337904944131613e-61,1.8337904944131613e-61,reported_by_STS_full_precision,fail,0.01,STS SUCCESS and p >= 0.01,6
decrypted,NonOverlappingTemplate,m=9 template=1 1 1 1 0 1 1 0 0,peppers,6,3.0625849886541762e-46,3.0625849886541762e-46,reported_by_STS_full_precision,fail,0.01,STS SUCCESS and p >= 0.01,6
decrypted,NonOverlappingTemplate,m=9 template=1 1 1 1 0 1 1 1 0,airplane,1,1.647662106310689e-77,1.647662106310689e-77,reported_by_STS_full_precision,fail,0.01,STS SUCCESS and p >= 0.01,6
decrypted,NonOverlappingTemplate,m=9 template=1 1 1 1 0 1 1 1 0,baboon,2,8.1596705897870396e-113,8.1596705897870396e-113,reported_by_STS_full_precision,fail,0.01,STS SUCCESS and p >= 0.01,6
decrypted,NonOverlappingTemplate,m=9 template=1 1 1 1 0 1 1 1 0,couple,3,<1e-300,0,double_underflow_lt_1e-300,fail,0.01,STS SUCCESS and p >= 0.01,6
decrypted,NonOverlappingTemplate,m=9 template=1 1 1 1 0 1 1 1 0,girl,4,9.9270490368868759e-196,9.9270490368868759e-196,reported_by_STS_full_precision,fail,0.01,STS SUCCESS and p >= 0.01,6
decrypted,NonOverlappingTemplate,m=9 template=1 1 1 1 0 1 1 1 0,lena,5,1.2627547706075483e-88,1.2627547706075483e-88,reported_by_STS_full_precision,fail,0.01,STS SUCCESS and p >= 0.01,6
decrypted,NonOverlappingTemplate,m=9 template=1 1 1 1 0 1 1 1 0,peppers,6,1.2835965259251256e-66,1.2835965259251256e-66,reported_by_STS_full_precision,fail,0.01,STS SUCCESS and p >= 0.01,6
decrypted,NonOverlappingTemplate,m=9 template=1 1 1 1 1 0 0 0 0,airplane,1,8.4054827789040474e-37,8.4054827789040474e-37,reported_by_STS_full_precision,fail,0.01,STS SUCCESS and p >= 0.01,6
decrypted,NonOverlappingTemplate,m=9 template=1 1 1 1 1 0 0 0 0,baboon,2,3.2406777409732329e-185,3.2406777409732329e-185,reported_by_STS_full_precision,fail,0.01,STS SUCCESS and p >= 0.01,6
decrypted,NonOverlappingTemplate,m=9 template=1 1 1 1 1 0 0 0 0,couple,3,<1e-300,0,double_underflow_lt_1e-300,fail,0.01,STS SUCCESS and p >= 0.01,6
decrypted,NonOverlappingTemplate,m=9 template=1 1 1 1 1 0 0 0 0,girl,4,5.4598453787316326e-240,5.4598453787316326e-240,reported_by_STS_full_precision,fail,0.01,STS SUCCESS and p >= 0.01,6
decrypted,NonOverlappingTemplate,m=9 template=1 1 1 1 1 0 0 0 0,lena,5,2.2048731109315479e-95,2.2048731109315479e-95,reported_by_STS_full_precision,fail,0.01,STS SUCCESS and p >= 0.01,6
decrypted,NonOverlappingTemplate,m=9 template=1 1 1 1 1 0 0 0 0,peppers,6,3.978473341528536e-102,3.978473341528536e-102,reported_by_STS_full_precision,fail,0.01,STS SUCCESS and p >= 0.01,6
decrypted,NonOverlappingTemplate,m=9 template=1 1 1 1 1 0 0 1 0,airplane,1,1.7364345826005665e-59,1.7364345826005665e-59,reported_by_STS_full_precision,fail,0.01,STS SUCCESS and p >= 0.01,6
decrypted,NonOverlappingTemplate,m=9 template=1 1 1 1 1 0 0 1 0,baboon,2,6.9754167296407479e-13,6.9754167296407479e-13,reported_by_STS_full_precision,fail,0.01,STS SUCCESS and p >= 0.01,6
decrypted,NonOverlappingTemplate,m=9 template=1 1 1 1 1 0 0 1 0,couple,3,3.3832005249371181e-95,3.3832005249371181e-95,reported_by_STS_full_precision,fail,0.01,STS SUCCESS and p >= 0.01,6
decrypted,NonOverlappingTemplate,m=9 template=1 1 1 1 1 0 0 1 0,girl,4,2.7839606767141963e-61,2.7839606767141963e-61,reported_by_STS_full_precision,fail,0.01,STS SUCCESS and p >= 0.01,6
decrypted,NonOverlappingTemplate,m=9 template=1 1 1 1 1 0 0 1 0,lena,5,1.3685318442474947e-28,1.3685318442474947e-28,reported_by_STS_full_precision,fail,0.01,STS SUCCESS and p >= 0.01,6
decrypted,NonOverlappingTemplate,m=9 template=1 1 1 1 1 0 0 1 0,peppers,6,2.0247676710350744e-08,2.0247676710350744e-08,reported_by_STS_full_precision,fail,0.01,STS SUCCESS and p >= 0.01,6
decrypted,NonOverlappingTemplate,m=9 template=1 1 1 1 1 0 1 0 0,airplane,1,3.762424784010194e-41,3.762424784010194e-41,reported_by_STS_full_precision,fail,0.01,STS SUCCESS and p >= 0.01,6
decrypted,NonOverlappingTemplate,m=9 template=1 1 1 1 1 0 1 0 0,baboon,2,6.6926612560333348e-52,6.6926612560333348e-52,reported_by_STS_full_precision,fail,0.01,STS SUCCESS and p >= 0.01,6
decrypted,NonOverlappingTemplate,m=9 template=1 1 1 1 1 0 1 0 0,couple,3,2.9491604577821252e-209,2.9491604577821252e-209,reported_by_STS_full_precision,fail,0.01,STS SUCCESS and p >= 0.01,6
decrypted,NonOverlappingTemplate,m=9 template=1 1 1 1 1 0 1 0 0,girl,4,4.3355194380202483e-179,4.3355194380202483e-179,reported_by_STS_full_precision,fail,0.01,STS SUCCESS and p >= 0.01,6
decrypted,NonOverlappingTemplate,m=9 template=1 1 1 1 1 0 1 0 0,lena,5,7.9940508794146309e-94,7.9940508794146309e-94,reported_by_STS_full_precision,fail,0.01,STS SUCCESS and p >= 0.01,6
decrypted,NonOverlappingTemplate,m=9 template=1 1 1 1 1 0 1 0 0,peppers,6,3.1243310421688503e-107,3.1243310421688503e-107,reported_by_STS_full_precision,fail,0.01,STS SUCCESS and p >= 0.01,6
decrypted,NonOverlappingTemplate,m=9 template=1 1 1 1 1 0 1 1 0,airplane,1,9.5944707220344641e-45,9.5944707220344641e-45,reported_by_STS_full_precision,fail,0.01,STS SUCCESS and p >= 0.01,6
decrypted,NonOverlappingTemplate,m=9 template=1 1 1 1 1 0 1 1 0,baboon,2,3.3533822888250052e-97,3.3533822888250052e-97,reported_by_STS_full_precision,fail,0.01,STS SUCCESS and p >= 0.01,6
decrypted,NonOverlappingTemplate,m=9 template=1 1 1 1 1 0 1 1 0,couple,3,<1e-300,0,double_underflow_lt_1e-300,fail,0.01,STS SUCCESS and p >= 0.01,6
decrypted,NonOverlappingTemplate,m=9 template=1 1 1 1 1 0 1 1 0,girl,4,2.0712402829250242e-208,2.0712402829250242e-208,reported_by_STS_full_precision,fail,0.01,STS SUCCESS and p >= 0.01,6
decrypted,NonOverlappingTemplate,m=9 template=1 1 1 1 1 0 1 1 0,lena,5,5.0543836359336422e-15,5.0543836359336422e-15,reported_by_STS_full_precision,fail,0.01,STS SUCCESS and p >= 0.01,6
decrypted,NonOverlappingTemplate,m=9 template=1 1 1 1 1 0 1 1 0,peppers,6,7.6626743637983441e-94,7.6626743637983441e-94,reported_by_STS_full_precision,fail,0.01,STS SUCCESS and p >= 0.01,6
decrypted,NonOverlappingTemplate,m=9 template=1 1 1 1 1 1 0 0 0,airplane,1,6.4587648969008432e-23,6.4587648969008432e-23,reported_by_STS_full_precision,fail,0.01,STS SUCCESS and p >= 0.01,6
decrypted,NonOverlappingTemplate,m=9 template=1 1 1 1 1 1 0 0 0,baboon,2,1.096983053448337e-201,1.096983053448337e-201,reported_by_STS_full_precision,fail,0.01,STS SUCCESS and p >= 0.01,6
decrypted,NonOverlappingTemplate,m=9 template=1 1 1 1 1 1 0 0 0,couple,3,<1e-300,0,double_underflow_lt_1e-300,fail,0.01,STS SUCCESS and p >= 0.01,6
decrypted,NonOverlappingTemplate,m=9 template=1 1 1 1 1 1 0 0 0,girl,4,8.785591216206915e-240,8.785591216206915e-240,reported_by_STS_full_precision,fail,0.01,STS SUCCESS and p >= 0.01,6
decrypted,NonOverlappingTemplate,m=9 template=1 1 1 1 1 1 0 0 0,lena,5,2.1682946246926905e-95,2.1682946246926905e-95,reported_by_STS_full_precision,fail,0.01,STS SUCCESS and p >= 0.01,6
decrypted,NonOverlappingTemplate,m=9 template=1 1 1 1 1 1 0 0 0,peppers,6,1.5715363563824832e-170,1.5715363563824832e-170,reported_by_STS_full_precision,fail,0.01,STS SUCCESS and p >= 0.01,6
decrypted,NonOverlappingTemplate,m=9 template=1 1 1 1 1 1 0 1 0,airplane,1,8.9858778918571641e-73,8.9858778918571641e-73,reported_by_STS_full_precision,fail,0.01,STS SUCCESS and p >= 0.01,6
decrypted,NonOverlappingTemplate,m=9 template=1 1 1 1 1 1 0 1 0,baboon,2,2.9507232455783888e-78,2.9507232455783888e-78,reported_by_STS_full_precision,fail,0.01,STS SUCCESS and p >= 0.01,6
decrypted,NonOverlappingTemplate,m=9 template=1 1 1 1 1 1 0 1 0,couple,3,9.4797481163391726e-222,9.4797481163391726e-222,reported_by_STS_full_precision,fail,0.01,STS SUCCESS and p >= 0.01,6
decrypted,NonOverlappingTemplate,m=9 template=1 1 1 1 1 1 0 1 0,girl,4,7.0917954840308548e-203,7.0917954840308548e-203,reported_by_STS_full_precision,fail,0.01,STS SUCCESS and p >= 0.01,6
decrypted,NonOverlappingTemplate,m=9 template=1 1 1 1 1 1 0 1 0,lena,5,1.1672849290257799e-34,1.1672849290257799e-34,reported_by_STS_full_precision,fail,0.01,STS SUCCESS and p >= 0.01,6
decrypted,NonOverlappingTemplate,m=9 template=1 1 1 1 1 1 0 1 0,peppers,6,1.0609732008397603e-65,1.0609732008397603e-65,reported_by_STS_full_precision,fail,0.01,STS SUCCESS and p >= 0.01,6
decrypted,NonOverlappingTemplate,m=9 template=1 1 1 1 1 1 1 0 0,airplane,1,7.2401860916105417e-25,7.2401860916105417e-25,reported_by_STS_full_precision,fail,0.01,STS SUCCESS and p >= 0.01,6
decrypted,NonOverlappingTemplate,m=9 template=1 1 1 1 1 1 1 0 0,baboon,2,1.7811988425634689e-222,1.7811988425634689e-222,reported_by_STS_full_precision,fail,0.01,STS SUCCESS and p >= 0.01,6
decrypted,NonOverlappingTemplate,m=9 template=1 1 1 1 1 1 1 0 0,couple,3,<1e-300,0,double_underflow_lt_1e-300,fail,0.01,STS SUCCESS and p >= 0.01,6
decrypted,NonOverlappingTemplate,m=9 template=1 1 1 1 1 1 1 0 0,girl,4,2.2642693784671931e-288,2.2642693784671931e-288,reported_by_STS_full_precision,fail,0.01,STS SUCCESS and p >= 0.01,6
decrypted,NonOverlappingTemplate,m=9 template=1 1 1 1 1 1 1 0 0,lena,5,5.3224966595941205e-72,5.3224966595941205e-72,reported_by_STS_full_precision,fail,0.01,STS SUCCESS and p >= 0.01,6
decrypted,NonOverlappingTemplate,m=9 template=1 1 1 1 1 1 1 0 0,peppers,6,2.626445462286579e-161,2.626445462286579e-161,reported_by_STS_full_precision,fail,0.01,STS SUCCESS and p >= 0.01,6
decrypted,NonOverlappingTemplate,m=9 template=1 1 1 1 1 1 1 1 0,airplane,1,1.0106329779689698e-27,1.0106329779689698e-27,reported_by_STS_full_precision,fail,0.01,STS SUCCESS and p >= 0.01,6
decrypted,NonOverlappingTemplate,m=9 template=1 1 1 1 1 1 1 1 0,baboon,2,2.6976410731882508e-268,2.6976410731882508e-268,reported_by_STS_full_precision,fail,0.01,STS SUCCESS and p >= 0.01,6
decrypted,NonOverlappingTemplate,m=9 template=1 1 1 1 1 1 1 1 0,couple,3,<1e-300,0,double_underflow_lt_1e-300,fail,0.01,STS SUCCESS and p >= 0.01,6
decrypted,NonOverlappingTemplate,m=9 template=1 1 1 1 1 1 1 1 0,girl,4,5.6140443750888453e-292,5.6140443750888453e-292,reported_by_STS_full_precision,fail,0.01,STS SUCCESS and p >= 0.01,6
decrypted,NonOverlappingTemplate,m=9 template=1 1 1 1 1 1 1 1 0,lena,5,5.1512253703028589e-288,5.1512253703028589e-288,reported_by_STS_full_precision,fail,0.01,STS SUCCESS and p >= 0.01,6
decrypted,NonOverlappingTemplate,m=9 template=1 1 1 1 1 1 1 1 0,peppers,6,7.507801838716673e-219,7.507801838716673e-219,reported_by_STS_full_precision,fail,0.01,STS SUCCESS and p >= 0.01,6
decrypted,OverlappingTemplate,single,airplane,1,<1e-300,0,double_underflow_lt_1e-300,fail,0.01,STS SUCCESS and p >= 0.01,6
decrypted,OverlappingTemplate,single,baboon,2,<1e-300,0,double_underflow_lt_1e-300,fail,0.01,STS SUCCESS and p >= 0.01,6
decrypted,OverlappingTemplate,single,couple,3,<1e-300,0,double_underflow_lt_1e-300,fail,0.01,STS SUCCESS and p >= 0.01,6
decrypted,OverlappingTemplate,single,girl,4,<1e-300,0,double_underflow_lt_1e-300,fail,0.01,STS SUCCESS and p >= 0.01,6
decrypted,OverlappingTemplate,single,lena,5,4.9509815954243315e-242,4.9509815954243315e-242,reported_by_STS_full_precision,fail,0.01,STS SUCCESS and p >= 0.01,6
decrypted,OverlappingTemplate,single,peppers,6,<1e-300,0,double_underflow_lt_1e-300,fail,0.01,STS SUCCESS and p >= 0.01,6
decrypted,Universal,single,airplane,1,<1e-300,0,double_underflow_lt_1e-300,fail,0.01,STS SUCCESS and p >= 0.01,6
decrypted,Universal,single,baboon,2,1.8705717732705882e-70,1.8705717732705882e-70,reported_by_STS_full_precision,fail,0.01,STS SUCCESS and p >= 0.01,6
decrypted,Universal,single,couple,3,<1e-300,0,double_underflow_lt_1e-300,fail,0.01,STS SUCCESS and p >= 0.01,6
decrypted,Universal,single,girl,4,<1e-300,0,double_underflow_lt_1e-300,fail,0.01,STS SUCCESS and p >= 0.01,6
decrypted,Universal,single,lena,5,<1e-300,0,double_underflow_lt_1e-300,fail,0.01,STS SUCCESS and p >= 0.01,6
decrypted,Universal,single,peppers,6,<1e-300,0,double_underflow_lt_1e-300,fail,0.01,STS SUCCESS and p >= 0.01,6
decrypted,ApproximateEntropy,single,airplane,1,<1e-300,0,double_underflow_lt_1e-300,fail,0.01,STS SUCCESS and p >= 0.01,6
decrypted,ApproximateEntropy,single,baboon,2,<1e-300,0,double_underflow_lt_1e-300,fail,0.01,STS SUCCESS and p >= 0.01,6
decrypted,ApproximateEntropy,single,couple,3,<1e-300,0,double_underflow_lt_1e-300,fail,0.01,STS SUCCESS and p >= 0.01,6
decrypted,ApproximateEntropy,single,girl,4,<1e-300,0,double_underflow_lt_1e-300,fail,0.01,STS SUCCESS and p >= 0.01,6
decrypted,ApproximateEntropy,single,lena,5,<1e-300,0,double_underflow_lt_1e-300,fail,0.01,STS SUCCESS and p >= 0.01,6
decrypted,ApproximateEntropy,single,peppers,6,<1e-300,0,double_underflow_lt_1e-300,fail,0.01,STS SUCCESS and p >= 0.01,6
decrypted,RandomExcursions,state=-4,airplane,1,N/A,,not_applicable,N/A,0.01,STS SUCCESS and p >= 0.01,6
decrypted,RandomExcursions,state=-4,baboon,2,N/A,,not_applicable,N/A,0.01,STS SUCCESS and p >= 0.01,6
decrypted,RandomExcursions,state=-4,couple,3,N/A,,not_applicable,N/A,0.01,STS SUCCESS and p >= 0.01,6
decrypted,RandomExcursions,state=-4,girl,4,N/A,,not_applicable,N/A,0.01,STS SUCCESS and p >= 0.01,6
decrypted,RandomExcursions,state=-4,lena,5,N/A,,not_applicable,N/A,0.01,STS SUCCESS and p >= 0.01,6
decrypted,RandomExcursions,state=-4,peppers,6,N/A,,not_applicable,N/A,0.01,STS SUCCESS and p >= 0.01,6
decrypted,RandomExcursions,state=-3,airplane,1,N/A,,not_applicable,N/A,0.01,STS SUCCESS and p >= 0.01,6
decrypted,RandomExcursions,state=-3,baboon,2,N/A,,not_applicable,N/A,0.01,STS SUCCESS and p >= 0.01,6
decrypted,RandomExcursions,state=-3,couple,3,N/A,,not_applicable,N/A,0.01,STS SUCCESS and p >= 0.01,6
decrypted,RandomExcursions,state=-3,girl,4,N/A,,not_applicable,N/A,0.01,STS SUCCESS and p >= 0.01,6
decrypted,RandomExcursions,state=-3,lena,5,N/A,,not_applicable,N/A,0.01,STS SUCCESS and p >= 0.01,6
decrypted,RandomExcursions,state=-3,peppers,6,N/A,,not_applicable,N/A,0.01,STS SUCCESS and p >= 0.01,6
decrypted,RandomExcursions,state=-2,airplane,1,N/A,,not_applicable,N/A,0.01,STS SUCCESS and p >= 0.01,6
decrypted,RandomExcursions,state=-2,baboon,2,N/A,,not_applicable,N/A,0.01,STS SUCCESS and p >= 0.01,6
decrypted,RandomExcursions,state=-2,couple,3,N/A,,not_applicable,N/A,0.01,STS SUCCESS and p >= 0.01,6
decrypted,RandomExcursions,state=-2,girl,4,N/A,,not_applicable,N/A,0.01,STS SUCCESS and p >= 0.01,6
decrypted,RandomExcursions,state=-2,lena,5,N/A,,not_applicable,N/A,0.01,STS SUCCESS and p >= 0.01,6
decrypted,RandomExcursions,state=-2,peppers,6,N/A,,not_applicable,N/A,0.01,STS SUCCESS and p >= 0.01,6
decrypted,RandomExcursions,state=-1,airplane,1,N/A,,not_applicable,N/A,0.01,STS SUCCESS and p >= 0.01,6
decrypted,RandomExcursions,state=-1,baboon,2,N/A,,not_applicable,N/A,0.01,STS SUCCESS and p >= 0.01,6
decrypted,RandomExcursions,state=-1,couple,3,N/A,,not_applicable,N/A,0.01,STS SUCCESS and p >= 0.01,6
decrypted,RandomExcursions,state=-1,girl,4,N/A,,not_applicable,N/A,0.01,STS SUCCESS and p >= 0.01,6
decrypted,RandomExcursions,state=-1,lena,5,N/A,,not_applicable,N/A,0.01,STS SUCCESS and p >= 0.01,6
decrypted,RandomExcursions,state=-1,peppers,6,N/A,,not_applicable,N/A,0.01,STS SUCCESS and p >= 0.01,6
decrypted,RandomExcursions,state=1,airplane,1,N/A,,not_applicable,N/A,0.01,STS SUCCESS and p >= 0.01,6
decrypted,RandomExcursions,state=1,baboon,2,N/A,,not_applicable,N/A,0.01,STS SUCCESS and p >= 0.01,6
decrypted,RandomExcursions,state=1,couple,3,N/A,,not_applicable,N/A,0.01,STS SUCCESS and p >= 0.01,6
decrypted,RandomExcursions,state=1,girl,4,N/A,,not_applicable,N/A,0.01,STS SUCCESS and p >= 0.01,6
decrypted,RandomExcursions,state=1,lena,5,N/A,,not_applicable,N/A,0.01,STS SUCCESS and p >= 0.01,6
decrypted,RandomExcursions,state=1,peppers,6,N/A,,not_applicable,N/A,0.01,STS SUCCESS and p >= 0.01,6
decrypted,RandomExcursions,state=2,airplane,1,N/A,,not_applicable,N/A,0.01,STS SUCCESS and p >= 0.01,6
decrypted,RandomExcursions,state=2,baboon,2,N/A,,not_applicable,N/A,0.01,STS SUCCESS and p >= 0.01,6
decrypted,RandomExcursions,state=2,couple,3,N/A,,not_applicable,N/A,0.01,STS SUCCESS and p >= 0.01,6
decrypted,RandomExcursions,state=2,girl,4,N/A,,not_applicable,N/A,0.01,STS SUCCESS and p >= 0.01,6
decrypted,RandomExcursions,state=2,lena,5,N/A,,not_applicable,N/A,0.01,STS SUCCESS and p >= 0.01,6
decrypted,RandomExcursions,state=2,peppers,6,N/A,,not_applicable,N/A,0.01,STS SUCCESS and p >= 0.01,6
decrypted,RandomExcursions,state=3,airplane,1,N/A,,not_applicable,N/A,0.01,STS SUCCESS and p >= 0.01,6
decrypted,RandomExcursions,state=3,baboon,2,N/A,,not_applicable,N/A,0.01,STS SUCCESS and p >= 0.01,6
decrypted,RandomExcursions,state=3,couple,3,N/A,,not_applicable,N/A,0.01,STS SUCCESS and p >= 0.01,6
decrypted,RandomExcursions,state=3,girl,4,N/A,,not_applicable,N/A,0.01,STS SUCCESS and p >= 0.01,6
decrypted,RandomExcursions,state=3,lena,5,N/A,,not_applicable,N/A,0.01,STS SUCCESS and p >= 0.01,6
decrypted,RandomExcursions,state=3,peppers,6,N/A,,not_applicable,N/A,0.01,STS SUCCESS and p >= 0.01,6
decrypted,RandomExcursions,state=4,airplane,1,N/A,,not_applicable,N/A,0.01,STS SUCCESS and p >= 0.01,6
decrypted,RandomExcursions,state=4,baboon,2,N/A,,not_applicable,N/A,0.01,STS SUCCESS and p >= 0.01,6
decrypted,RandomExcursions,state=4,couple,3,N/A,,not_applicable,N/A,0.01,STS SUCCESS and p >= 0.01,6
decrypted,RandomExcursions,state=4,girl,4,N/A,,not_applicable,N/A,0.01,STS SUCCESS and p >= 0.01,6
decrypted,RandomExcursions,state=4,lena,5,N/A,,not_applicable,N/A,0.01,STS SUCCESS and p >= 0.01,6
decrypted,RandomExcursions,state=4,peppers,6,N/A,,not_applicable,N/A,0.01,STS SUCCESS and p >= 0.01,6
decrypted,RandomExcursionsVariant,state=-9,airplane,1,N/A,,not_applicable,N/A,0.01,STS SUCCESS and p >= 0.01,6
decrypted,RandomExcursionsVariant,state=-9,baboon,2,N/A,,not_applicable,N/A,0.01,STS SUCCESS and p >= 0.01,6
decrypted,RandomExcursionsVariant,state=-9,couple,3,N/A,,not_applicable,N/A,0.01,STS SUCCESS and p >= 0.01,6
decrypted,RandomExcursionsVariant,state=-9,girl,4,N/A,,not_applicable,N/A,0.01,STS SUCCESS and p >= 0.01,6
decrypted,RandomExcursionsVariant,state=-9,lena,5,N/A,,not_applicable,N/A,0.01,STS SUCCESS and p >= 0.01,6
decrypted,RandomExcursionsVariant,state=-9,peppers,6,N/A,,not_applicable,N/A,0.01,STS SUCCESS and p >= 0.01,6
decrypted,RandomExcursionsVariant,state=-8,airplane,1,N/A,,not_applicable,N/A,0.01,STS SUCCESS and p >= 0.01,6
decrypted,RandomExcursionsVariant,state=-8,baboon,2,N/A,,not_applicable,N/A,0.01,STS SUCCESS and p >= 0.01,6
decrypted,RandomExcursionsVariant,state=-8,couple,3,N/A,,not_applicable,N/A,0.01,STS SUCCESS and p >= 0.01,6
decrypted,RandomExcursionsVariant,state=-8,girl,4,N/A,,not_applicable,N/A,0.01,STS SUCCESS and p >= 0.01,6
decrypted,RandomExcursionsVariant,state=-8,lena,5,N/A,,not_applicable,N/A,0.01,STS SUCCESS and p >= 0.01,6
decrypted,RandomExcursionsVariant,state=-8,peppers,6,N/A,,not_applicable,N/A,0.01,STS SUCCESS and p >= 0.01,6
decrypted,RandomExcursionsVariant,state=-7,airplane,1,N/A,,not_applicable,N/A,0.01,STS SUCCESS and p >= 0.01,6
decrypted,RandomExcursionsVariant,state=-7,baboon,2,N/A,,not_applicable,N/A,0.01,STS SUCCESS and p >= 0.01,6
decrypted,RandomExcursionsVariant,state=-7,couple,3,N/A,,not_applicable,N/A,0.01,STS SUCCESS and p >= 0.01,6
decrypted,RandomExcursionsVariant,state=-7,girl,4,N/A,,not_applicable,N/A,0.01,STS SUCCESS and p >= 0.01,6
decrypted,RandomExcursionsVariant,state=-7,lena,5,N/A,,not_applicable,N/A,0.01,STS SUCCESS and p >= 0.01,6
decrypted,RandomExcursionsVariant,state=-7,peppers,6,N/A,,not_applicable,N/A,0.01,STS SUCCESS and p >= 0.01,6
decrypted,RandomExcursionsVariant,state=-6,airplane,1,N/A,,not_applicable,N/A,0.01,STS SUCCESS and p >= 0.01,6
decrypted,RandomExcursionsVariant,state=-6,baboon,2,N/A,,not_applicable,N/A,0.01,STS SUCCESS and p >= 0.01,6
decrypted,RandomExcursionsVariant,state=-6,couple,3,N/A,,not_applicable,N/A,0.01,STS SUCCESS and p >= 0.01,6
decrypted,RandomExcursionsVariant,state=-6,girl,4,N/A,,not_applicable,N/A,0.01,STS SUCCESS and p >= 0.01,6
decrypted,RandomExcursionsVariant,state=-6,lena,5,N/A,,not_applicable,N/A,0.01,STS SUCCESS and p >= 0.01,6
decrypted,RandomExcursionsVariant,state=-6,peppers,6,N/A,,not_applicable,N/A,0.01,STS SUCCESS and p >= 0.01,6
decrypted,RandomExcursionsVariant,state=-5,airplane,1,N/A,,not_applicable,N/A,0.01,STS SUCCESS and p >= 0.01,6
decrypted,RandomExcursionsVariant,state=-5,baboon,2,N/A,,not_applicable,N/A,0.01,STS SUCCESS and p >= 0.01,6
decrypted,RandomExcursionsVariant,state=-5,couple,3,N/A,,not_applicable,N/A,0.01,STS SUCCESS and p >= 0.01,6
decrypted,RandomExcursionsVariant,state=-5,girl,4,N/A,,not_applicable,N/A,0.01,STS SUCCESS and p >= 0.01,6
decrypted,RandomExcursionsVariant,state=-5,lena,5,N/A,,not_applicable,N/A,0.01,STS SUCCESS and p >= 0.01,6
decrypted,RandomExcursionsVariant,state=-5,peppers,6,N/A,,not_applicable,N/A,0.01,STS SUCCESS and p >= 0.01,6
decrypted,RandomExcursionsVariant,state=-4,airplane,1,N/A,,not_applicable,N/A,0.01,STS SUCCESS and p >= 0.01,6
decrypted,RandomExcursionsVariant,state=-4,baboon,2,N/A,,not_applicable,N/A,0.01,STS SUCCESS and p >= 0.01,6
decrypted,RandomExcursionsVariant,state=-4,couple,3,N/A,,not_applicable,N/A,0.01,STS SUCCESS and p >= 0.01,6
decrypted,RandomExcursionsVariant,state=-4,girl,4,N/A,,not_applicable,N/A,0.01,STS SUCCESS and p >= 0.01,6
decrypted,RandomExcursionsVariant,state=-4,lena,5,N/A,,not_applicable,N/A,0.01,STS SUCCESS and p >= 0.01,6
decrypted,RandomExcursionsVariant,state=-4,peppers,6,N/A,,not_applicable,N/A,0.01,STS SUCCESS and p >= 0.01,6
decrypted,RandomExcursionsVariant,state=-3,airplane,1,N/A,,not_applicable,N/A,0.01,STS SUCCESS and p >= 0.01,6
decrypted,RandomExcursionsVariant,state=-3,baboon,2,N/A,,not_applicable,N/A,0.01,STS SUCCESS and p >= 0.01,6
decrypted,RandomExcursionsVariant,state=-3,couple,3,N/A,,not_applicable,N/A,0.01,STS SUCCESS and p >= 0.01,6
decrypted,RandomExcursionsVariant,state=-3,girl,4,N/A,,not_applicable,N/A,0.01,STS SUCCESS and p >= 0.01,6
decrypted,RandomExcursionsVariant,state=-3,lena,5,N/A,,not_applicable,N/A,0.01,STS SUCCESS and p >= 0.01,6
decrypted,RandomExcursionsVariant,state=-3,peppers,6,N/A,,not_applicable,N/A,0.01,STS SUCCESS and p >= 0.01,6
decrypted,RandomExcursionsVariant,state=-2,airplane,1,N/A,,not_applicable,N/A,0.01,STS SUCCESS and p >= 0.01,6
decrypted,RandomExcursionsVariant,state=-2,baboon,2,N/A,,not_applicable,N/A,0.01,STS SUCCESS and p >= 0.01,6
decrypted,RandomExcursionsVariant,state=-2,couple,3,N/A,,not_applicable,N/A,0.01,STS SUCCESS and p >= 0.01,6
decrypted,RandomExcursionsVariant,state=-2,girl,4,N/A,,not_applicable,N/A,0.01,STS SUCCESS and p >= 0.01,6
decrypted,RandomExcursionsVariant,state=-2,lena,5,N/A,,not_applicable,N/A,0.01,STS SUCCESS and p >= 0.01,6
decrypted,RandomExcursionsVariant,state=-2,peppers,6,N/A,,not_applicable,N/A,0.01,STS SUCCESS and p >= 0.01,6
decrypted,RandomExcursionsVariant,state=-1,airplane,1,N/A,,not_applicable,N/A,0.01,STS SUCCESS and p >= 0.01,6
decrypted,RandomExcursionsVariant,state=-1,baboon,2,N/A,,not_applicable,N/A,0.01,STS SUCCESS and p >= 0.01,6
decrypted,RandomExcursionsVariant,state=-1,couple,3,N/A,,not_applicable,N/A,0.01,STS SUCCESS and p >= 0.01,6
decrypted,RandomExcursionsVariant,state=-1,girl,4,N/A,,not_applicable,N/A,0.01,STS SUCCESS and p >= 0.01,6
decrypted,RandomExcursionsVariant,state=-1,lena,5,N/A,,not_applicable,N/A,0.01,STS SUCCESS and p >= 0.01,6
decrypted,RandomExcursionsVariant,state=-1,peppers,6,N/A,,not_applicable,N/A,0.01,STS SUCCESS and p >= 0.01,6
decrypted,RandomExcursionsVariant,state=1,airplane,1,N/A,,not_applicable,N/A,0.01,STS SUCCESS and p >= 0.01,6
decrypted,RandomExcursionsVariant,state=1,baboon,2,N/A,,not_applicable,N/A,0.01,STS SUCCESS and p >= 0.01,6
decrypted,RandomExcursionsVariant,state=1,couple,3,N/A,,not_applicable,N/A,0.01,STS SUCCESS and p >= 0.01,6
decrypted,RandomExcursionsVariant,state=1,girl,4,N/A,,not_applicable,N/A,0.01,STS SUCCESS and p >= 0.01,6
decrypted,RandomExcursionsVariant,state=1,lena,5,N/A,,not_applicable,N/A,0.01,STS SUCCESS and p >= 0.01,6
decrypted,RandomExcursionsVariant,state=1,peppers,6,N/A,,not_applicable,N/A,0.01,STS SUCCESS and p >= 0.01,6
decrypted,RandomExcursionsVariant,state=2,airplane,1,N/A,,not_applicable,N/A,0.01,STS SUCCESS and p >= 0.01,6
decrypted,RandomExcursionsVariant,state=2,baboon,2,N/A,,not_applicable,N/A,0.01,STS SUCCESS and p >= 0.01,6
decrypted,RandomExcursionsVariant,state=2,couple,3,N/A,,not_applicable,N/A,0.01,STS SUCCESS and p >= 0.01,6
decrypted,RandomExcursionsVariant,state=2,girl,4,N/A,,not_applicable,N/A,0.01,STS SUCCESS and p >= 0.01,6
decrypted,RandomExcursionsVariant,state=2,lena,5,N/A,,not_applicable,N/A,0.01,STS SUCCESS and p >= 0.01,6
decrypted,RandomExcursionsVariant,state=2,peppers,6,N/A,,not_applicable,N/A,0.01,STS SUCCESS and p >= 0.01,6
decrypted,RandomExcursionsVariant,state=3,airplane,1,N/A,,not_applicable,N/A,0.01,STS SUCCESS and p >= 0.01,6
decrypted,RandomExcursionsVariant,state=3,baboon,2,N/A,,not_applicable,N/A,0.01,STS SUCCESS and p >= 0.01,6
decrypted,RandomExcursionsVariant,state=3,couple,3,N/A,,not_applicable,N/A,0.01,STS SUCCESS and p >= 0.01,6
decrypted,RandomExcursionsVariant,state=3,girl,4,N/A,,not_applicable,N/A,0.01,STS SUCCESS and p >= 0.01,6
decrypted,RandomExcursionsVariant,state=3,lena,5,N/A,,not_applicable,N/A,0.01,STS SUCCESS and p >= 0.01,6
decrypted,RandomExcursionsVariant,state=3,peppers,6,N/A,,not_applicable,N/A,0.01,STS SUCCESS and p >= 0.01,6
decrypted,RandomExcursionsVariant,state=4,airplane,1,N/A,,not_applicable,N/A,0.01,STS SUCCESS and p >= 0.01,6
decrypted,RandomExcursionsVariant,state=4,baboon,2,N/A,,not_applicable,N/A,0.01,STS SUCCESS and p >= 0.01,6
decrypted,RandomExcursionsVariant,state=4,couple,3,N/A,,not_applicable,N/A,0.01,STS SUCCESS and p >= 0.01,6
decrypted,RandomExcursionsVariant,state=4,girl,4,N/A,,not_applicable,N/A,0.01,STS SUCCESS and p >= 0.01,6
decrypted,RandomExcursionsVariant,state=4,lena,5,N/A,,not_applicable,N/A,0.01,STS SUCCESS and p >= 0.01,6
decrypted,RandomExcursionsVariant,state=4,peppers,6,N/A,,not_applicable,N/A,0.01,STS SUCCESS and p >= 0.01,6
decrypted,RandomExcursionsVariant,state=5,airplane,1,N/A,,not_applicable,N/A,0.01,STS SUCCESS and p >= 0.01,6
decrypted,RandomExcursionsVariant,state=5,baboon,2,N/A,,not_applicable,N/A,0.01,STS SUCCESS and p >= 0.01,6
decrypted,RandomExcursionsVariant,state=5,couple,3,N/A,,not_applicable,N/A,0.01,STS SUCCESS and p >= 0.01,6
decrypted,RandomExcursionsVariant,state=5,girl,4,N/A,,not_applicable,N/A,0.01,STS SUCCESS and p >= 0.01,6
decrypted,RandomExcursionsVariant,state=5,lena,5,N/A,,not_applicable,N/A,0.01,STS SUCCESS and p >= 0.01,6
decrypted,RandomExcursionsVariant,state=5,peppers,6,N/A,,not_applicable,N/A,0.01,STS SUCCESS and p >= 0.01,6
decrypted,RandomExcursionsVariant,state=6,airplane,1,N/A,,not_applicable,N/A,0.01,STS SUCCESS and p >= 0.01,6
decrypted,RandomExcursionsVariant,state=6,baboon,2,N/A,,not_applicable,N/A,0.01,STS SUCCESS and p >= 0.01,6
decrypted,RandomExcursionsVariant,state=6,couple,3,N/A,,not_applicable,N/A,0.01,STS SUCCESS and p >= 0.01,6
decrypted,RandomExcursionsVariant,state=6,girl,4,N/A,,not_applicable,N/A,0.01,STS SUCCESS and p >= 0.01,6
decrypted,RandomExcursionsVariant,state=6,lena,5,N/A,,not_applicable,N/A,0.01,STS SUCCESS and p >= 0.01,6
decrypted,RandomExcursionsVariant,state=6,peppers,6,N/A,,not_applicable,N/A,0.01,STS SUCCESS and p >= 0.01,6
decrypted,RandomExcursionsVariant,state=7,airplane,1,N/A,,not_applicable,N/A,0.01,STS SUCCESS and p >= 0.01,6
decrypted,RandomExcursionsVariant,state=7,baboon,2,N/A,,not_applicable,N/A,0.01,STS SUCCESS and p >= 0.01,6
decrypted,RandomExcursionsVariant,state=7,couple,3,N/A,,not_applicable,N/A,0.01,STS SUCCESS and p >= 0.01,6
decrypted,RandomExcursionsVariant,state=7,girl,4,N/A,,not_applicable,N/A,0.01,STS SUCCESS and p >= 0.01,6
decrypted,RandomExcursionsVariant,state=7,lena,5,N/A,,not_applicable,N/A,0.01,STS SUCCESS and p >= 0.01,6
decrypted,RandomExcursionsVariant,state=7,peppers,6,N/A,,not_applicable,N/A,0.01,STS SUCCESS and p >= 0.01,6
decrypted,RandomExcursionsVariant,state=8,airplane,1,N/A,,not_applicable,N/A,0.01,STS SUCCESS and p >= 0.01,6
decrypted,RandomExcursionsVariant,state=8,baboon,2,N/A,,not_applicable,N/A,0.01,STS SUCCESS and p >= 0.01,6
decrypted,RandomExcursionsVariant,state=8,couple,3,N/A,,not_applicable,N/A,0.01,STS SUCCESS and p >= 0.01,6
decrypted,RandomExcursionsVariant,state=8,girl,4,N/A,,not_applicable,N/A,0.01,STS SUCCESS and p >= 0.01,6
decrypted,RandomExcursionsVariant,state=8,lena,5,N/A,,not_applicable,N/A,0.01,STS SUCCESS and p >= 0.01,6
decrypted,RandomExcursionsVariant,state=8,peppers,6,N/A,,not_applicable,N/A,0.01,STS SUCCESS and p >= 0.01,6
decrypted,RandomExcursionsVariant,state=9,airplane,1,N/A,,not_applicable,N/A,0.01,STS SUCCESS and p >= 0.01,6
decrypted,RandomExcursionsVariant,state=9,baboon,2,N/A,,not_applicable,N/A,0.01,STS SUCCESS and p >= 0.01,6
decrypted,RandomExcursionsVariant,state=9,couple,3,N/A,,not_applicable,N/A,0.01,STS SUCCESS and p >= 0.01,6
decrypted,RandomExcursionsVariant,state=9,girl,4,N/A,,not_applicable,N/A,0.01,STS SUCCESS and p >= 0.01,6
decrypted,RandomExcursionsVariant,state=9,lena,5,N/A,,not_applicable,N/A,0.01,STS SUCCESS and p >= 0.01,6
decrypted,RandomExcursionsVariant,state=9,peppers,6,N/A,,not_applicable,N/A,0.01,STS SUCCESS and p >= 0.01,6
decrypted,Serial,delta_1,airplane,1,<1e-300,0,double_underflow_lt_1e-300,fail,0.01,STS SUCCESS and p >= 0.01,6
decrypted,Serial,delta_1,baboon,2,<1e-300,0,double_underflow_lt_1e-300,fail,0.01,STS SUCCESS and p >= 0.01,6
decrypted,Serial,delta_1,couple,3,<1e-300,0,double_underflow_lt_1e-300,fail,0.01,STS SUCCESS and p >= 0.01,6
decrypted,Serial,delta_1,girl,4,<1e-300,0,double_underflow_lt_1e-300,fail,0.01,STS SUCCESS and p >= 0.01,6
decrypted,Serial,delta_1,lena,5,<1e-300,0,double_underflow_lt_1e-300,fail,0.01,STS SUCCESS and p >= 0.01,6
decrypted,Serial,delta_1,peppers,6,<1e-300,0,double_underflow_lt_1e-300,fail,0.01,STS SUCCESS and p >= 0.01,6
decrypted,Serial,delta_2,airplane,1,<1e-300,0,double_underflow_lt_1e-300,fail,0.01,STS SUCCESS and p >= 0.01,6
decrypted,Serial,delta_2,baboon,2,<1e-300,0,double_underflow_lt_1e-300,fail,0.01,STS SUCCESS and p >= 0.01,6
decrypted,Serial,delta_2,couple,3,<1e-300,0,double_underflow_lt_1e-300,fail,0.01,STS SUCCESS and p >= 0.01,6
decrypted,Serial,delta_2,girl,4,<1e-300,0,double_underflow_lt_1e-300,fail,0.01,STS SUCCESS and p >= 0.01,6
decrypted,Serial,delta_2,lena,5,<1e-300,0,double_underflow_lt_1e-300,fail,0.01,STS SUCCESS and p >= 0.01,6
decrypted,Serial,delta_2,peppers,6,<1e-300,0,double_underflow_lt_1e-300,fail,0.01,STS SUCCESS and p >= 0.01,6
decrypted,LinearComplexity,single,airplane,1,0.77263965985098104,0.77263965985098104,reported_by_STS_full_precision,pass,0.01,STS SUCCESS and p >= 0.01,6
decrypted,LinearComplexity,single,baboon,2,0.74394341173016054,0.74394341173016054,reported_by_STS_full_precision,pass,0.01,STS SUCCESS and p >= 0.01,6
decrypted,LinearComplexity,single,couple,3,0.61581659148214607,0.61581659148214607,reported_by_STS_full_precision,pass,0.01,STS SUCCESS and p >= 0.01,6
decrypted,LinearComplexity,single,girl,4,0.13559999968504191,0.13559999968504191,reported_by_STS_full_precision,pass,0.01,STS SUCCESS and p >= 0.01,6
decrypted,LinearComplexity,single,lena,5,0.88595994364545205,0.88595994364545205,reported_by_STS_full_precision,pass,0.01,STS SUCCESS and p >= 0.01,6
decrypted,LinearComplexity,single,peppers,6,0.6568312834495309,0.6568312834495309,reported_by_STS_full_precision,pass,0.01,STS SUCCESS and p >= 0.01,6
