2.41619685337358e-21
2.42772471930914e-24
1.5705667643028134e-43
1.4669576251993683e-171
0
9.3467107659324293e-54
0.013073580294010897
0
0
5.0384499799511306e-299
1.7023123341488028e-78
5.9499830260401409e-79
0.035125536020399355
6.4743494836260662e-07
0.10777230493925571
0
0
1.7680270747675833e-137
9.8622620819881572e-271
7.7511161122323322e-259
1.2725416513621434e-69
5.8494433719316419e-14
1.9728849766324898e-59
0.53177960336053498
3.5964557886444209e-19
5.3361876479800907e-05
1.2367681061420935e-07
1.3656662955796769e-07
8.4931860766945558e-05
2.9772811792000521e-303
0
6.7329270331193232e-152
2.7435868782347743e-290
1.0943244032312749e-125
0.0002019875962636344
5.7703481421489678e-239
5.7564362696746252e-201
5.4413703003199175e-49
1.4487221610171865e-29
8.0670838790348619e-10
7.3794487673272237e-26
6.1736985117077147e-42
4.6696678756986267e-13
0.9278092348468896
8.4497487834095621e-24
1.2285214157731927e-146
0.053752758048940655
7.6643271710012379e-19
0.047071996577197302
0.16377613373687769
0.00038373673857005318
5.6098246127459314e-243
0
1.6558389455720601e-265
3.475003408432961e-118
5.974186244694279e-238
3.0836266865364965e-245
5.111489207236331e-49
0.04542869667525927
7.1875475819166661e-178
5.9925896531142448e-203
5.9755893442090206e-133
1.5381610713271167e-36
8.1948693364422863e-16
1.0298162417990845e-27
1.8065657555288765e-72
3.5340976320128457e-71
1.4086717514208784e-11
2.6576416223906704e-05
5.273152892905642e-26
1.9861324789830982e-168
3.678288231279778e-27
6.765214645116733e-70
6.9668366046471737e-19
2.41619685337358e-21
0
3.6427372769959191e-284
1.7058008860627383e-267
2.1157395389264949e-31
0.0041476758826993563
2.1039778037488536e-171
7.4148908303800122e-310
4.0584704608461154e-307
0.00033991933830152953
4.1321571036913832e-235
8.8421136126373606e-168
0.0010381300045259488
1.0267216370804176e-49
3.0496111133969882e-18
6.8228286961018185e-06
0.0027364643868767282
2.1900447340581038e-178
0.012374931970657145
0.55068990068127688
0.00039721848102902766
0.0015227187785606618
1.1455141286169928e-70
8.030958894717277e-290
2.1264875932905676e-293
6.1369065181370458e-299
1.8851524848887549e-185
1.6038652377373313e-269
2.6560073578991898e-258
1.142451219821047e-202
8.4329478742839856e-17
0.42734876278396167
9.4008163959160708e-201
1.787136449934592e-240
1.5993157201792063e-229
1.9788295086429286e-196
5.5707840322173646e-95
9.826936877738593e-20
1.1665819427427769e-06
3.4873300427577976e-07
3.7520244930587331e-10
7.788578806607403e-13
8.5439783000552867e-49
1.3202798805872023e-60
1.6046557585066957e-08
2.1130113512317944e-29
2.7385208518925332e-19
1.4994940922315052e-16
1.5487016154629922e-10
0.067241740193376962
1.2112277499433467e-160
0.050810044490043837
0.00061001102010969758
0.97637742182795251
4.9002140121197275e-174
2.3168776480427457e-81
5.9580956284639685e-180
4.3819274546327036e-134
1.713245026559435e-06
1.9529479274769355e-10
2.238431574224498e-05
9.1083414286038537e-104
2.4884547226232211e-05
0.44952143546269596
2.4239732621651916e-108
1.5831649497176566e-106
2.1383632007056174e-10
2.87510157505187e-08
5.8775665627099221e-07
1.8350543920567264e-101
1.5659711782945865e-18
1.1879080425448164e-05
4.3192552133924619e-20
6.9668366046471737e-19
4.380695518305642e-70
1.8678603049398869e-12
3.8351392795528015e-09
3.0570298218376917e-28
7.1929070204129177e-32
0.10556998443740007
0.0029298052213215706
2.3154229372426392e-49
1.3259104302363606e-17
3.9116933392871186e-12
1.1912662232148223e-10
7.5820359174984989e-11
0.0044154547811160452
0.00020016567466135809
8.5001591676816988e-07
8.4394210420456028e-61
1.0163087136638173e-18
2.1838494889895918e-55
0.0051599795049786261
1.3904591784438315e-51
4.7618248411329483e-06
0.10640425430731494
8.5713185156561094e-20
0.00024267115755777953
0.0022813204585260564
5.5862408193194451e-13
0.039413955212390162
1.3823064621360071e-20
2.1185561782524759e-28
1.357764940321003e-104
0.004194554153408663
4.0949730413756845e-11
0.0016987861924419568
6.8493970986111843e-11
7.8704382727661125e-05
1.628168804280243e-09
2.3379212211274859e-26
9.2604452826035691e-18
2.0916810638669902e-10
2.8551662396585878e-11
4.6331793764604068e-20
3.9014179210595213e-75
2.0340049014010439e-05
5.8640440053611276e-07
8.2435543558261372e-12
3.8127748505975781e-25
2.0167939788681167e-100
1.1523916260626253e-10
5.9852271237962878e-91
3.8223562671751637e-92
4.2542754109073378e-90
2.965730395433423e-206
2.0865441907312139e-15
2.7879810829100132e-14
0.0027858703857961777
9.820986798307115e-17
3.4849360665055237e-19
0.020415461254465399
0.0027098749960953565
8.2472007984851429e-48
3.0764292574067519e-07
0.00014780460907931828
4.3178386881574264e-08
1.114705979300468e-34
8.7113678298533868e-05
3.4849003333268457e-38
2.727489467931846e-43
8.7393664467749469e-141
1.6844155240429175e-08
2.9211704009644514e-24
2.7030852796018314e-34
1.9843905969735368e-131
2.0241224413805603e-114
4.4664638873202258e-249
4.380695518305642e-70
3.2391840074847529e-08
4.5578746188724267e-11
5.8662162740341385e-59
2.3206040615969844e-05
0.21349107584669047
5.5383887471660775e-07
3.8393400499999463e-30
3.188688151580319e-21
1.6208315269706438e-33
1.8873767952389056e-06
6.6744601897892139e-55
0.030529120317563354
4.6825533123834458e-07
6.284617914237215e-08
4.3240699027616274e-05
0.42611804711819906
4.2794917386766162e-07
4.1371621663459215e-28
1.0978675751745095e-08
1.1768774513180489e-49
3.4305896420066665e-79
2.2661450022465971e-13
1.1303402577800964e-09
4.3088228879751325e-05
3.7571163591707933e-06
9.0979272187364706e-06
1.2620131482017112e-05
2.9975663853629998e-21
1.5210029664418305e-09
0.0021525103653923022
5.3174246265659493e-05
2.6685626609283276e-06
3.2934944767533334e-12
5.6362308863835695e-07
0.14858404663437577
4.4191690471281392e-29
0.00022084153303981275
5.695545919059127e-20
0.37640057101012625
3.9209921863465962e-10
1.3374576220241382e-47
9.4694758499095467e-20
1.6291491144423676e-85
3.574438574892539e-49
2.0575174425717371e-07
5.9084446477858704e-08
1.7039868117937646e-07
1.7180598776709259e-08
0.00020603561771994765
2.9220215419688723e-09
3.1647050837065996e-17
0.12271735468119961
7.1189805331669013e-05
6.0478171139866422e-15
4.7240788080037904e-43
1.955044774285612e-16
7.7286981611362931e-75
9.1022588942534909e-90
4.8383250077179317e-08
2.7327227111687381e-18
9.189089218823459e-17
9.5135431566549138e-31
1.6313279588040313e-08
1.3553475996886753e-65
1.7537458311104239e-128
3.6322227869298339e-129
1.6659174046833861e-25
3.8352930850587545e-61
5.665944172694399e-101
4.4914014783063514e-167
6.4474287889799525e-89
1.71281815785098e-206
4.4664638873202258e-249
0
0
2.3708568151437403e-274
1.1558875804668447e-160
0
4.7119286270418754e-72
4.6834989824029305e-50
3.3913985750039991e-10
0
5.650830222565051e-75
5.5501576553115959e-24
0.010972156469861827
3.8127334242954434e-16
5.1227006273221444e-08
8.1934028242417668e-07
4.6659348086115591e-52
2.1499788786970524e-76
2.2979201129324175e-10
7.237199910069188e-08
0.27290910735305174
3.4944882213846734e-33
4.0675128099305085e-49
1.3003890047497099e-99
1.9647890246274495e-31
4.6348769289466456e-51
6.2461121112977052e-139
1.0634047627408803e-34
1.3322665939707265e-121
1.568644151317458e-137
1.974127364881658e-219
2.6445874287513193e-121
5.5080804420301664e-39
0.64394837113685643
8.0671469068148586e-21
7.715521089665936e-44
1.98384480736159e-106
4.5494937115011394e-40
5.7488316111527437e-75
3.1299425656551157e-159
4.5005969414900796e-182
1.3676910068814722e-188
1.9180946640471085e-270
8.1050791736448184e-40
3.4976144591934783e-129
1.5184771828515982e-163
2.1912382463964524e-188
1.9067866029329821e-296
5.7575292328312991e-177
1.0563676787002068e-271
1.0987353698608467e-274
2.343520890829023e-274
0
3.4587330013907122e-108
4.2674929437033519e-28
0.34182602733560102
2.7436784839386508e-24
0.16191480004406267
4.7284946538924015e-75
1.0464363750784701e-98
8.4937042628627135e-169
0.0181207660403662
4.0288042468193833e-76
7.6008549963478161e-136
6.0178362352365415e-222
1.8038647877803411e-73
1.4123858044944722e-243
9.3301153650318481e-244
0
4.2338128010252261e-26
1.0524887529852194e-149
1.9925465651735113e-217
0
0
0
0
0
2.244480454582331e-249
5.2128603476235888e-30
1.1989247359923908e-22
6.8725313064593933e-11
1.8707575254571947e-163
1.4277111514086614e-53
1.5350692711667736e-12
2.7807535805387571e-26
0.0017571744318460114
4.6005251773088856e-29
5.6318414367609642e-65
4.8467134108714739e-164
0.00023365579876191131
1.2433977973215282e-19
9.6817760416077056e-51
6.7927006976679774e-185
1.9702899049967204e-37
2.7866954125510636e-128
2.0970746467163162e-169
6.0298020151161287e-264
8.7481935053943858e-185
8.6070668181501226e-88
1.1183530296116313e-66
2.4375188982465153e-34
8.7770295080891523e-09
0.011981288307951692
0.0011111641302466333
6.7005905504336504e-09
1.2825392176529462e-52
1.1215818455846e-53
0.0022534978923782014
6.9947365306397302e-19
5.5488833425879088e-12
1.6638875264078956e-66
8.4935844678160457e-69
4.7336064426752278e-161
3.7498861180332638e-85
7.421343912053219e-33
1.4723338286391955e-136
5.268261069664042e-200
1.4865860480485156e-177
1.0737611479212274e-284
0.11893648359002733
4.8199756473414617e-73
0.0010078027427370335
0.0023920742760514019
1.5635889444012665e-26
7.5007418580860409e-21
1.7435255445130886e-111
1.6571924964940006e-61
7.9159720770668046e-18
2.2138362862739236e-119
1.6528123821222027e-197
7.5071919662804316e-196
2.0687285754527105e-179
3.9830365497905177e-281
1.3773707778381318e-89
0.10801948093531399
3.7755205984621349e-67
9.8474121515755654e-128
1.0136026969376944e-152
8.0019464385566057e-136
7.2836435245456768e-271
1.0715047857364486e-304
4.4931531127636729e-205
8.3513706416997286e-81
2.0191044715562772e-226
4.0722192489691346e-290
0
7.3207125895858226e-242
0
0
0
9.5783588453862353e-91
1.2603617959160326e-58
2.3425448391673865e-33
3.7169041366291702e-261
1.5722596055529989e-11
5.4023457334569036e-19
1.76512781022973e-17
1.4764490476386692e-282
1.7729192568486338e-85
2.0319497204108596e-12
0.00020621341572697993
1.5939847785827696e-14
1.1649793386412275e-06
0.083168183552661604
8.0935675719240882e-32
4.9060936155559994e-105
8.9996770485840549e-107
0.00020417781143657304
1.458335499001574e-35
1.1839082912488448e-11
5.9290642459383554e-13
6.2394133169084999e-35
1.4385689367328237e-09
3.0692749641861674e-19
5.8728926144312934e-56
9.6176365419247884e-07
2.5020791496725228e-76
1.2485995777273559e-77
5.0765542603923876e-167
2.567029211088761e-17
8.3694560553740161e-42
0.063103528087684185
3.8873472571450855e-10
1.1436929699441366e-07
2.2969269639250814e-56
9.3329587902953005e-20
5.4984405162847532e-38
6.4358573499039832e-128
5.7027523984864819e-132
4.2233732432209517e-114
6.9639846155840906e-226
1.9980612601738981e-05
1.3053122750318243e-63
5.3017858502072189e-112
3.719435737638726e-109
3.2970559153603984e-214
3.0928841208142411e-85
3.1821308324937393e-200
1.9543555539159848e-183
3.6772649661827959e-163
1.7665236539735415e-304
1.3298122644880294e-11
5.4934461128353127e-06
0.091600109861502396
1.2985154234302196e-09
1.9688051298209993e-31
4.1454573868617857e-15
4.5804971637956377e-27
9.6393673615506815e-89
4.9738352703747979e-08
6.9164936057360904e-29
3.6711476866550371e-78
1.0757290784747319e-156
3.9488968803269517e-29
3.4056744333072879e-163
3.1448657824861386e-156
1.7420161543439598e-261
7.8650307419804026e-07
3.8913322598876003e-81
8.5809733102047519e-140
2.166691336812659e-236
2.7319456743820052e-220
0
0
3.4850916415166468e-207
5.5756928152829349e-124
2.3531182838672658e-70
8.156350752427849e-39
0.69107371357721048
9.6052349760380402e-44
2.5789310755024347e-46
6.0840715619957954e-16
3.0050394013321715e-09
0.95279680633516917
1.0752496987191561e-30
1.4441157989142181e-36
1.1698354063875778e-106
4.6631500110738871e-17
0.00044768698610948821
4.1297373474538864e-24
1.4928999917263307e-100
2.6713960645372369e-58
3.0026009837153842e-90
9.4028950019777964e-112
1.1221755413191348e-196
5.8379595731238649e-66
5.3583127475022344e-12
1.4663750421659647e-12
7.2695555723576667e-25
4.9595236687573711e-10
5.4862464556816942e-05
6.9089490901846056e-35
4.7984718037435763e-07
0.00038015319407524133
7.033521243869651e-13
2.1271065001239999e-10
5.8972841175348938e-06
0.29991029716707168
8.4763337401496051e-33
5.4620826673221741e-63
5.2274982463840387e-106
2.9290526533968556e-72
6.4588880599789594e-14
4.8130890136697037e-88
5.9874680377936425e-134
1.3428065498404908e-130
1.7496789648600567e-192
8.1221731054282502e-45
0.0035151988152016902
7.7751641074314466e-07
0.0073077882594033096
0.0034756866591649565
0.00045131767034058579
1.0600418388212915e-28
9.4930665829464335e-54
5.5183310277434512e-06
3.994378640330769e-85
3.9552086686264883e-118
5.9676706660775163e-136
3.583421482742615e-113
4.472295801523061e-203
6.4756667346476464e-119
2.8778694573108239e-06
3.0372115392073809e-19
1.3510634913570168e-29
2.9829614193464394e-115
4.9462391256880943e-110
9.3737117026755136e-191
4.7607500862368281e-218
4.24155867051007e-173
6.0957539742967931e-30
3.9980480769648597e-174
1.716901790513107e-204
1.5768746280903207e-255
4.4790898708729446e-202
0
0
2.4475414330587273e-09
0.0072362714968714726
0.093480812080306119
1.7191943512148169e-26
9.9706712980115778e-20
0.35283375124473731
6.2448805503214312e-17
8.2232150624131301e-70
5.4114541165611239e-70
5.1265578146675775e-05
0.023310150995362908
0.01444668072136553
3.506595583982621e-16
0.32308540623303472
1.6814627953055984e-15
1.9695405388174149e-71
6.533417546788257e-16
2.4999387205954766e-11
2.3268081384987245e-05
5.8548186736235422e-06
0.00023883972047321445
0.20356738478782868
3.3365905291384376e-15
0.04609594173027224
0.035832508314487803
0.0043365428991161813
1.5412799320509859e-10
0.76526675568459024
4.3496926625971003e-21
1.7868121044322277e-83
2.1909358041939393e-19
1.1049148386746618e-13
6.8857858032364759e-11
0.27435588138789946
0.86045729170911012
4.7711085193900502e-13
0.031069844702799693
1.3576472888495694e-18
0.010197700337770193
8.7181222916977535e-17
0.011903089097970509
8.5871907216483121e-27
0.88694750853302573
0.15130555678934285
1.8519703997934936e-27
1.6654687234729594e-05
1.6753426323614247e-09
4.0198270229230812e-10
0.14627138532798148
0.12410697192191719
2.7854860634506445e-19
9.9323303952604036e-101
3.7390534644341705e-36
1.8604726365352461e-22
0.27619155931451311
9.5142668486110972e-27
0.97520947031338934
0.16796519488300787
3.6483269233009333e-16
7.9839390595114997e-12
0.056870796029580249
6.3855484005075791e-07
2.6791762152209049e-68
0.0011369208793761169
5.234202484702728e-24
4.63009057653221e-23
2.2793741573395052e-26
3.8741413072100903e-20
0.12753863533520216
0.18294772699421158
1.4709647172978375e-31
3.0185794430358493e-06
0.00014608382788942103
5.835929216156133e-123
2.4475414330587273e-09
3.1909282454325601e-68
3.243174463869234e-46
3.4492221987734123e-13
9.3887071767611324e-11
0.11454848936970669
2.2307032498892577e-20
4.9555399068608599e-05
6.8526972272100938e-11
0.0061526809006983221
0.00017162808949927461
1.4129598642140938e-18
0.054915224395568105
2.9728847635754502e-13
6.4312851956857209e-06
0.57389003535625127
0.24383798796798606
7.5277297352264729e-19
0.24119863659949467
2.9577399122066916e-07
0.00025562738509211187
3.7620228810122218e-08
0.46249136150542103
4.9468365989586404e-09
2.2598324953312534e-25
5.6104749397655069e-14
2.4470579772335967e-13
5.2268514437329387e-11
3.6248916294003823e-05
0.6559311394896693
0.79378298760931254
3.5988930972154538e-51
2.6411626259002822e-05
3.1477683168904974e-08
0.78108393313768698
0.032591460034976316
1.3370149724404884e-71
5.1467126064966954e-12
0.17725863591324298
4.7462101255293269e-30
3.5920319684229281e-10
0.0096655434574465949
1.0746076158952497e-23
2.214641086762159e-05
3.7434318996815974e-11
4.1067788656195983e-27
1.5222294748825576e-21
0.49737647271193519
3.1243594854973626e-16
0.059861213078049445
0.17671940508024697
1.7462059117714732e-21
0.89445240822278005
0.075155969868606398
7.0398674352683704e-20
0.15363756246317639
3.3268075258977276e-06
0.15947715110630462
1.4549354026140579e-47
5.9977736898694634e-26
2.3394678342817611e-23
0.12587324901433813
1.5598408375155931e-19
0.17176939772536151
0.010908693938834658
0.00042540883711353079
1.2744809798608332e-71
1.0556341559124877e-19
6.3750991613154965e-35
9.2626465945245059e-09
1.7092138615579579e-79
1.0155432873510787e-30
2.058742681640489e-97
5.835929216156133e-123
0
7.0253910441899969e-76
1.0062367491475182e-51
4.2254468553526901e-25
4.9965081627410397e-23
3.7250108923612246e-16
0.014173436296969001
5.4434061670375974e-80
1.5328280974846382e-12
0.01491135803608536
0.016826505764853752
4.1681835953597095e-06
2.1176859679450266e-15
0.4190805881825404
4.8652336614410375e-13
7.8126907109156746e-91
0.00043808242043991494
0.00087599294952804975
7.7430621802685427e-07
0.00021923007923829575
0.00085387574160060897
0.08222001497979968
8.1263749602714179e-11
0.000445977194730257
0.0013303838559354574
0.0036598940674610289
6.0197788804140671e-05
0.064049329792706611
9.0111943655532747e-16
1.0987261350989739e-76
4.1427372415509951e-05
6.8691409973592855e-06
0.0135791033002459
1.1273138872106574e-27
2.4438440301661513e-18
1.0052517426179239e-05
4.2250038405967654e-10
1.9623440473389761e-10
0.00096655091125684043
1.1702264088884338e-11
0.015059818398090829
1.9003420077118387e-06
9.7650790008563154e-19
0.18810496382812844
2.4862925322446883e-15
0.0033098265376820465
1.5590467848138593e-15
8.6220671841317166e-07
2.2164734785736285e-11
6.3199738598072957e-08
1.3479009663109973e-66
4.3329952224353909e-123
3.3596650518699017e-09
3.6544965869431029e-10
7.8166849662000045e-14
1.4653097431244042e-06
2.8973647128724624e-39
9.7336837034140759e-08
3.5707637271577656e-23
8.8969624468674054e-26
3.8296863151071497e-09
0.34415230617518888
3.5988394683609143e-27
0.28684531042756622
1.7949435106565427e-36
1.4293164739534726e-05
3.0963198009016581e-10
2.7689767884961919e-23
0.0016730627200084891
0.066230361567374829
5.1802896738592939e-07
4.4528334303026119e-31
2.1659181228909249e-40
1.512387693962556e-202
0
3.2671639249762994e-07
4.6006660032403782e-10
7.5070455110342734e-06
3.638833318975394e-08
0.54873126367214531
7.8750681122666123e-21
0.89529045449774436
0.08761583673209232
4.8224931076638341e-08
0.27603823746216771
0.0057175762929302879
0.0086392978074200915
0.00027950483406507718
0.0013019799604543037
1.1932914745795608e-15
0.040085394894004443
7.3472858930869874e-05
0.20380935205251255
0.024500093900660977
5.4785685360575243e-06
5.5980357530785332e-24
2.849858790637265e-131
0.1316805812981767
0.00029312968761850488
0.0050199792362313894
2.3231840895877116e-20
0.0003054375659361297
4.531445987098019e-64
2.5015200344971822e-13
1.0075336518827725e-11
9.0686998567328141e-34
0.00014251553908232155
0.00090168578395672587
1.7306828491970592e-05
0.85425012289906632
8.1561697662310135e-08
1.2944075923646374e-06
0.021266036656227179
4.3615158398944348e-14
0.38242194991165945
0.10235759256422386
0.37355450585213873
1.4656360024694106e-24
1.1358094968803036e-08
1.1059666309930657e-07
1.3756507293116414e-11
0.39552650767351316
1.0618633771351604e-05
0.0099745841811178602
0.054915224395568181
1.062201690712783e-28
0.62947928000559861
8.7458116066241346e-12
4.1702796872327654e-05
2.1650477665914595e-09
0.00054973681309458189
1.1664639126088276e-15
2.3534382786908812e-30
8.3014977804689766e-10
3.7044888018554361e-15
6.4052170411776825e-06
5.3932519302625716e-47
2.2861167802368655e-11
1.8135980982263207e-30
5.4860005144838742e-33
2.6781134114170314e-72
4.6889561578368141e-09
1.8720797046776453e-68
5.8437875528477606e-44
1.8811398987937432e-94
1.7102386758922759e-63
2.3917252917217999e-139
1.512387693962556e-202
5.2962119122434491e-07
2.4197839328930626e-09
1.5630720621752631e-46
7.9907859483093049e-166
0
1.3751434894902248e-69
7.9950157364404835e-14
0
0
7.3437845100806237e-303
2.0507942452199616e-69
5.4462458787006567e-80
0.0022498132142798255
0.0062459186018827655
0.2949713209349234
0
0
1.7534932005538795e-141
1.1167176048758973e-278
3.3346429675366911e-262
2.2349894018995571e-60
6.9743620331276126e-16
8.8477081154217412e-61
0.42550344214025188
1.1303022716593642e-32
0.093917258145954072
0.00025442200833860403
6.2736047216412633e-06
1.6899770477645706e-08
1.1030395050966689e-304
0
3.6935942862171084e-140
5.4670937448516935e-301
2.4172972456740008e-122
7.7914208972391817e-08
1.3434750581413978e-245
3.1407270278873141e-218
2.3321580633822981e-38
5.0392665064856207e-27
5.1417719055874182e-16
8.2353285067694917e-32
4.6179474754450683e-39
3.5408299140511806e-27
0.0066536295028079909
6.4063744603525409e-39
5.5887839816170836e-154
0.11612065753933529
7.5424827564877531e-22
0.097927345184204581
0.25361103638763915
0.00024017908073625493
1.1868607519418885e-260
4.5574708267244526e-309
1.2754127814817946e-273
1.4364618461118655e-102
3.7139075846948442e-245
6.7748601504438818e-245
5.3190158245820707e-48
0.00037628130033634738
2.1114200159010266e-186
1.2736211132133502e-200
2.9702302221257524e-138
1.5256710833901075e-30
1.396465860643619e-13
1.2898602633621966e-29
6.1078572366345283e-62
1.8781374457551842e-69
1.743269128964222e-13
0.00070378251118292977
1.6099098540668485e-17
3.6173747032409517e-202
1.4968677824192077e-27
1.8669458056776548e-65
9.8695690856758058e-16
5.2962119122434491e-07
0
7.6873254461025115e-272
1.5736417163438068e-267
2.5814049004658409e-23
2.0710080539847139e-08
1.7341375623318729e-175
0
3.1161374811489869e-301
7.2477494019739083e-06
1.9428041981350242e-250
1.0243460596255169e-169
3.1950033857968418e-06
7.3302746613810382e-38
5.7693162489981412e-18
1.0652055960041045e-05
0.070868465063734717
1.3829445760945627e-172
0.011027442496197734
0.59756944361481623
0.0087002535858451326
0.035074629809726844
5.4569719600971582e-54
4.682345848154671e-299
1.4169995614507474e-296
6.2436729400613861e-287
1.0266397348301429e-194
2.1882880444200059e-265
2.5937627817663285e-258
3.6720592865032628e-215
3.040448227351752e-10
0.046540271350633607
1.2149764444520666e-196
3.428601466278328e-228
2.9278828565254441e-212
3.0765311540668616e-189
3.8763779505636106e-107
2.0801510236831908e-35
5.7399401263253774e-09
1.3600080455423795e-06
9.9224036392129409e-06
2.8911710292480147e-13
4.6420411753632518e-43
5.2152400715446501e-47
6.8843109620373258e-08
1.2033962904075697e-38
2.4524767137631245e-20
2.9026217993550882e-14
1.1882188280558909e-07
0.48678550948732002
5.2829772947553199e-164
0.0018583454143940694
0.20092103402923503
0.64157555311347347
7.4617291265039056e-144
1.413667491159792e-116
4.8852262203840851e-161
4.4436291319346525e-168
7.6472460450125933e-08
9.4883447438455912e-10
1.2380855791592596e-09
1.7417003565768248e-83
2.1252844922305746e-08
0.95707651637217717
6.3983386964037539e-135
1.0008174925148211e-113
1.4366813594171737e-12
9.3383021631165301e-06
0.000489248848425758
1.8587501852757554e-100
4.0960602111089724e-22
7.4257740064474016e-07
6.032684239300774e-24
9.8695690856758058e-16
1.4029316459576032e-45
5.3226378547558992e-13
1.4233963425246359e-13
2.1608969297483917e-29
5.7894578442057222e-34
0.0038011519108708935
0.012805449215951493
2.3610375488985938e-48
4.1392663267004666e-28
8.929426170033633e-27
4.3312745081153212e-13
8.6004986131740738e-06
5.3031197038053921e-06
1.5922016364811547e-07
1.1383604916319392e-11
1.668664507846285e-57
8.6756330014442668e-18
8.6558677507176094e-33
2.2315370285851312e-07
6.649391673288323e-40
3.3390016181172198e-09
0.031115306834941913
2.1322229188454255e-16
3.7214943503540783e-06
0.0084688050513466017
8.371812580647013e-25
0.0606361671195976
2.3033249909337668e-19
3.6311219877754411e-33
2.2118919390973249e-102
0.0047224958413561542
1.3279234433258578e-09
0.0031072710322816686
6.6961161925748257e-10
0.013423981447124481
0.00019204051078638144
4.8738343422064359e-19
6.063032512003357e-16
7.5197577088402774e-08
1.1835281570663979e-14
1.6621959099252931e-19
5.9092196134526815e-76
5.139840790423827e-07
1.5946470936220233e-06
1.1895491620749012e-10
3.0618014391974998e-18
7.7253108095117033e-97
3.4524799660086492e-12
6.2414822404771108e-96
3.045676901128146e-87
4.4519487720109834e-87
7.4021770527922745e-216
3.4986478500752092e-10
1.3956913272311049e-15
0.092767703086275896
5.1162204136309104e-13
3.4361026205012177e-16
0.026217665376303208
0.037556496893122002
8.3247102509340361e-40
4.1785134683721828e-08
0.00065126174097634429
2.5703121822129784e-09
1.0373498713079508e-38
0.00010225700713907193
5.2771382143504621e-38
8.2169514109183928e-41
1.380231174511026e-122
2.6100760815828387e-07
4.535370912867481e-19
2.1304080366226675e-19
1.7751211672854265e-124
9.2770965007010956e-126
4.8695779328290997e-249
1.4029316459576032e-45
1.2797282385518456e-10
2.2469622731372786e-15
4.4396467061382787e-30
0.00085602677756613319
0.044168100888285954
0.0014872392985901218
4.7804370343291815e-17
4.6414652332196515e-41
1.2898265715145586e-20
4.4854332187661155e-05
6.5270049860464508e-37
0.0041610177516477886
1.4077326786926364e-05
0.00028839348566020483
0.00064497254937483973
0.86896360095023273
5.0664947512528804e-13
9.5892730522224166e-29
2.8144486686570295e-06
3.1334633221060085e-54
1.1860792567130938e-78
1.1433483418252671e-09
8.0954801937723778e-08
6.4516330186301488e-06
7.3544058193366315e-07
1.1703712468266193e-09
0.0005696317603560428
1.0165353128907073e-25
8.1600476714685516e-10
0.02328414386566521
2.0724147961214964e-06
9.1155633800807219e-10
4.9799970305350794e-06
8.2553928334739204e-06
0.016041303716625439
1.5789698339648583e-17
2.1087592476954115e-05
5.331049516437656e-20
0.26822777181196883
1.4210254767127702e-05
1.5218050711752715e-47
4.3056227108303274e-19
7.3379131837934732e-91
5.1605226000372039e-41
9.0721255872196414e-09
1.4004125347573115e-07
0.0001436953347062981
7.6366747256714657e-06
2.483382646261165e-06
1.4521578315345993e-07
1.9824310551382845e-27
1.447986769724781e-06
0.10912010860111278
1.8242541005149361e-15
1.0562166997647062e-40
4.5184738816842762e-11
2.056515423240662e-71
4.9455869742295834e-88
3.3176365462923953e-08
1.8893252273688067e-10
3.8321107174588048e-24
9.0763225118130285e-39
0.00029539972079832137
6.8094595919938051e-67
2.5014715785688025e-105
1.5003146731781931e-123
2.3266818997169355e-20
2.5145671704977949e-61
1.0909111655520388e-96
7.205588390565316e-159
2.3054979512925064e-76
3.2732670783770103e-204
4.8695779328290997e-249
0
0
6.0490173743529924e-304
2.8373884861504993e-181
0
1.1194879788957249e-86
4.0637230873884607e-52
1.27045190779963e-19
0
2.0851286858897072e-90
9.4815573792278175e-19
0.60700011404997811
1.8492778560525722e-14
1.4222979123301826e-05
2.390068030128197e-11
1.0600303499152499e-39
1.4032522011591584e-58
1.5694210237286285e-07
8.4524184334990379e-05
3.1015300579504551e-05
1.2144898451227495e-35
1.6532340270895253e-58
2.9412036895452145e-104
1.4434173930638373e-25
4.174021930536112e-62
4.9773865989525647e-128
1.519789438380468e-26
5.7940923971002384e-141
4.0536905773987469e-151
4.9039274814237567e-198
1.4092195094746084e-73
1.6550875634795655e-31
0.15537017608675993
5.8146285573128611e-22
2.332758267253023e-36
8.33143427863484e-84
1.2841615480203609e-31
2.8243365900334951e-85
2.807921413002461e-171
7.8634939799345946e-188
1.4545268761111626e-189
1.6969968553334867e-272
4.557943699492423e-35
4.5233270480527345e-123
8.8066515535717992e-174
8.1197188027538792e-209
1.0022930447035259e-285
3.9938461792345876e-174
1.5962191707052248e-284
7.4733690216573022e-274
1.0181030061359808e-264
0
2.2004332119398739e-112
1.320981812543481e-09
0.55057462450245864
5.5600533556445665e-34
0.15296819305401646
1.0567535872246574e-77
2.0567044420239524e-88
5.4853993498752811e-163
0.0022042457218225103
1.2871815535051534e-70
6.6462473354349604e-126
2.9081868080975242e-222
1.9719500940766262e-81
1.7343504216241138e-247
1.1293115763309036e-236
0
1.4708341287213597e-24
2.1610988186695712e-166
1.9126493366004402e-237
0
3.3676522503075993e-299
0
0
0
9.9410083920154905e-269
2.5819368213084312e-21
2.6146773427705605e-25
1.9111304677013224e-07
9.4241494305822868e-167
3.2033349235365535e-69
2.4257843163323364e-07
1.0435883377527252e-23
0.022744266599305844
1.9275798008305391e-36
2.9062512587361923e-62
8.5842334164536421e-181
0.091569560983130877
1.1417924534574979e-13
9.5994973542323566e-56
1.2050775131591864e-178
4.9628011456549648e-58
3.3756182251521778e-146
6.5800359158550902e-176
1.6456770471361771e-262
1.0494813130508499e-167
2.5175096581793202e-113
1.4213574366560993e-62
6.2949338176370808e-29
4.8104773402740407e-09
0.020119009325572416
3.4155093342472427e-07
2.6108214333280095e-15
5.7925745924171306e-51
2.59448341430182e-40
6.9798559241999292e-05
5.0429922935773455e-30
3.4424850684312754e-13
2.1997513437419269e-55
1.0745924599048521e-64
1.2321792906206563e-165
1.9922134905562995e-88
6.0242640959942365e-40
6.3578830215329542e-157
9.5276735940958098e-215
1.1405120264591391e-183
1.1010868419504909e-275
6.2804571652677118e-11
7.7262560534842583e-66
0.051731572741505451
9.6411231392169608e-06
3.536698609614118e-23
5.8160639601684531e-32
3.6933730337921387e-101
4.2030833578126572e-71
4.3559387505573948e-27
2.3414330560644375e-111
1.3981613166839271e-212
1.7414524040872046e-211
1.9246149532257035e-173
2.4152298437809938e-283
2.9106797752143234e-84
0.037583612109792962
2.0493961590723996e-60
2.6540459252965418e-115
3.2693834428863442e-155
2.8818767030203041e-137
7.5730011289756628e-267
1.1921541688575664e-301
3.8700190239208088e-194
5.2205606086973464e-75
7.522879663967923e-218
1.3814048213275148e-280
2.5744207356968034e-305
5.9650746487716765e-240
0
0
0
2.0417450692464023e-72
1.0397283682101494e-71
5.5994587137397281e-29
5.0212339922725439e-246
4.893830787256305e-13
6.7174137652759692e-14
3.8575718607533229e-21
1.8136196030461472e-296
1.0971994572948891e-82
2.8482257452045178e-08
0.0036042434318724137
2.9983014595551969e-14
1.6175647300054936e-07
1.4420378012687974e-06
2.0053213302578149e-31
3.8221574582808109e-98
1.7965084519855769e-82
4.7434425579838385e-07
2.2654906021970828e-37
3.2802978330165593e-06
4.948029271926018e-14
3.0112781486584755e-33
1.0989042886927804e-08
7.6245335659020695e-17
1.192480891349591e-62
6.0197788804140671e-05
2.2888915247157376e-79
3.4118071520633529e-85
9.9723651892958966e-179
1.5739701079109638e-24
7.3944314083370847e-45
0.01444668072136553
6.2359391685328625e-10
1.2768120910286068e-11
4.1919809292745656e-66
2.2719788893219908e-23
8.5774165154671061e-48
1.2592956685421236e-115
8.8529188670654779e-128
1.2855583886596261e-96
2.7384430082882228e-203
0.011761742584718656
1.1375412105835631e-59
2.1648041912677718e-120
2.5601498244877056e-93
1.1447998873808474e-207
1.7723411664710764e-100
4.9431278613192917e-207
5.029850777302804e-200
4.5118581313338204e-159
1.1623628312305756e-295
1.1732504914000344e-19
6.9006980860897966e-05
0.046177928665027262
2.3558015492425022e-08
1.5057224936403087e-33
4.2412361460742374e-13
6.6303435882619105e-34
3.5912025649701638e-100
4.2447334650061874e-09
3.3143177058736763e-42
1.1153377107603944e-73
4.684867000737869e-147
7.7399105898703912e-29
5.6481716115091383e-158
2.2550489205106952e-149
4.3682140408668075e-245
1.187875126899811e-08
2.1334724376597596e-78
2.1698953996634484e-124
2.043290404013637e-233
3.1624722095051665e-221
0
0
9.2487818255066454e-257
4.014249180636025e-146
1.8242926694105509e-61
7.5069944066316449e-28
0.16703805451216625
7.5097635227801029e-23
2.040319496674954e-30
1.4839700142536959e-35
0.00015712007234368493
0.069164017014064966
4.4731275634524859e-39
1.7632498298183639e-31
1.3425843063655016e-93
5.3462575410915487e-10
0.11193303600055207
1.7142855373144455e-23
6.5881075171796201e-102
1.3698939506724897e-50
7.8837334010588537e-78
6.7680526610451662e-97
1.2111949684084053e-189
4.3384030652160998e-23
2.9015208672411004e-06
5.4209361413202784e-18
4.9463902170725559e-31
8.3495142810075478e-05
7.7073503141218209e-09
2.2172482860855871e-34
1.0743298837273917e-05
3.5210686956848017e-06
1.279512270146046e-20
1.3045769709193235e-12
1.8521758845826279e-05
0.026529386746297096
1.0262853577735285e-31
1.0708890978813708e-58
1.6023810345180729e-114
6.7711720248084876e-71
2.1758534410097894e-08
8.5536638742826924e-90
1.0075281041951034e-138
1.3491331514926348e-121
5.6561580566265203e-197
2.4068747633207141e-41
2.1878137778617216e-09
5.1554355111312357e-10
0.0067275623540242529
0.25795268635226132
6.6342368814265986e-07
5.378846640093738e-32
2.4425080269423718e-55
1.9306279961345316e-05
3.0959125406610171e-80
3.5280698589073848e-123
1.0298894191939044e-144
1.2350580041996297e-118
1.3165550182219348e-200
1.960212072941849e-123
0.00030819678098845013
1.1725272894812404e-20
4.9120407672190607e-37
9.5226350819120502e-104
5.7653140267810791e-98
8.8827518542046787e-202
2.7850036248657221e-210
9.4428901276986585e-197
2.1745027707234428e-25
2.3630861389779542e-166
5.4224928935199273e-209
1.2126330706763453e-268
4.9223373219452695e-192
0
0
0.0053440018268018164
0.013174238850150373
0.05695032756034403
3.6802862299037199e-30
7.9191697356064991e-33
0.48964368376567657
1.2213990195884533e-08
4.1508235758579386e-65
5.5888075355733055e-62
2.5728173314635228e-05
7.3440660982703035e-05
0.0247191626535203
3.1089197928406923e-16
0.64786374614496289
4.5359432296743058e-11
4.003953202340146e-84
2.0826670837292058e-10
3.132550433142568e-13
2.0921782483342064e-07
2.2465732903872492e-06
0.0011284279185669508
0.50527430983514376
5.3065445730875757e-12
0.1005182371928046
0.08788049317730369
0.26516538447417265
2.4174990947699418e-08
0.022474581422954963
5.9314325544594866e-20
6.4528966612628534e-91
2.7920588649011617e-26
1.3413132387928592e-12
1.5135408015785345e-12
0.24847516924856111
0.12893409720049828
1.0341719352689226e-14
0.078656715955426379
2.4631936692731309e-14
0.15135284742399938
7.4444491414775151e-22
0.062235136596618383
6.9113697646099347e-19
0.010518910291941231
0.64240602003829905
5.9282007723155128e-27
2.2967947482996454e-16
0.0063030110202672201
0.026343885128902466
0.0035666394837162436
0.076940681438496042
6.858194450249068e-23
1.8041455455605343e-100
2.1801019840278528e-34
1.3958727263803588e-23
0.00047532761390982499
2.1676958292224082e-17
0.61515241802822884
0.10633451110483438
3.9638248704405265e-23
3.177279027752055e-13
0.014216822532277615
0.0093220198517473488
1.7797141103261516e-51
0.05222562949157878
9.3079604131639856e-21
2.9492527573995576e-26
7.893569174841153e-19
5.4091887556154495e-21
0.36193750497677274
0.93023173374050261
2.1191182034999319e-21
0.00051348866787746025
8.2935757593146252e-10
8.9054947660399682e-127
0.0053440018268018164
1.7756971963056715e-71
1.433043123451467e-56
1.347615903273637e-06
4.8085053102639386e-19
0.0081725755254534477
1.6315142195798033e-24
0.098349591393754016
8.8426032191700079e-15
4.9240477915464112e-07
0.012576349133168376
8.6100375816331795e-20
0.038990847591040684
1.5853341763041925e-09
1.6783852389197881e-06
0.015793390262978328
0.56504159384155495
6.5275236115908964e-23
0.046921885667268418
1.7642301638880223e-05
0.0080613091829292577
3.3979029029716145e-10
0.48327838838675286
7.6723660898660382e-14
5.5014553948993794e-22
5.2264510933045807e-16
2.9931532043570056e-22
3.3446238753731041e-13
7.4338072223102344e-11
0.01054338705902763
0.28315675295605597
3.1200250091377987e-46
4.3836050591387922e-10
2.2331256982591654e-13
0.64299922435454926
0.074696567658005461
5.0836764235105616e-65
3.461346127687403e-25
0.28245444269594461
1.9537226400364193e-23
1.3586831652014618e-13
0.00090168578395672413
3.099701638554926e-27
0.05396070223266685
1.4019482958354711e-13
2.5997393701210165e-16
2.7207972647212958e-17
0.1420960879086903
7.5498587844793654e-21
0.0091528891834055711
0.16601291794312523
5.4117879311843517e-20
0.17019742876766797
0.56783180136047395
1.1784263556182595e-20
0.0085888142583765478
5.1480438858512652e-10
0.014831995082424372
6.8935552446002353e-46
8.4754118662692785e-14
1.0940361048080299e-25
0.021044402581741378
1.9215031541412005e-18
0.50248724140438905
1.7665945173078931e-05
0.00024976341344324
4.9822899064712376e-74
2.0585030882946856e-32
1.2847734970656907e-37
6.1389983562903933e-09
2.0422105700416088e-89
1.0552459254779616e-27
8.841470289166055e-106
8.9054947660399682e-127
0
1.7014539531115869e-49
3.2227166815282889e-62
9.8966462313643224e-29
9.2711655439094886e-27
5.0959824124013182e-20
0.38714680389599621
6.4488681897809516e-73
1.1221305296626866e-05
0.014956889347665857
0.29400670901823378
0.00029527315636644158
1.281906474884798e-07
0.26029127241515315
1.6526059432000584e-11
2.9243182396593845e-83
1.512976767963294e-06
6.2116096911253216e-06
0.00028901235135673592
8.8456911485587414e-05
8.2880651121688354e-07
0.0030215597652176653
1.6510075088656838e-11
2.6111740580693342e-08
0.23483282447310211
0.00018186659551455307
0.010099260884437003
0.012218837309231127
3.0330822786663337e-13
9.3037496565464869e-76
0.0030032324359682365
9.1604255656204729e-05
0.0020249550098598223
4.6618242313301677e-29
4.5645840772218772e-17
1.0025459560417905e-05
5.9911020033417537e-12
3.8141074982796885e-12
4.1081698024239292e-06
3.2011190547501753e-15
1.1211240240584762e-05
3.0798120679660304e-12
8.3106333251633294e-13
0.17234880554158835
1.5760236661503556e-13
1.601968868854929e-05
1.5672285696251423e-17
9.9228439686771615e-11
3.8456522034145874e-19
9.9707796100901721e-09
3.2491072545802338e-56
1.5420291876298714e-119
2.3901036264612259e-10
4.7396619672892388e-08
6.159369099223218e-09
1.887746875737472e-11
3.9515795266038684e-37
6.8692216575918502e-11
4.8971405412924919e-21
8.3902080648628415e-24
8.8533537373916265e-11
0.5881662795441247
3.7245519524055743e-19
0.1833915145708411
2.4530556969790154e-29
0.00026776385092038815
5.3974522351139717e-06
5.5793784546771789e-31
0.00012135113995568465
0.054895983370326008
0.058318008771412091
6.7834122937302249e-38
2.7106751826222009e-43
7.3732171503724596e-198
0
6.8394224752303233e-08
2.8163043873199191e-08
2.0757389577105578e-07
1.065704557055216e-08
0.039413955212390162
1.4696545734673789e-19
0.0080077913761028349
0.0018212575617613559
2.5684705581631743e-06
0.42591312296184747
0.033178280303754804
3.3755029001144706e-06
0.007870853237492809
0.0080897809055897382
5.8514287359923326e-13
0.0094315360792067062
1.5054538426559537e-12
0.026072732871718803
0.14380818088833783
6.4866633871589944e-06
1.9557817521321271e-13
9.4442306715111965e-106
0.065052903851126234
0.003046164911034095
0.00054187897851998203
7.1795646515355908e-22
2.7586699466963892e-05
3.8597241457409578e-55
1.8114466379128679e-12
2.5115250075798525e-19
2.8680240980788739e-31
2.0016271901280658e-05
2.6833003266170734e-08
5.2336819609642181e-09
0.68918746517823826
0.0032991349805400207
3.878714289313124e-05
0.77343327959424801
1.2372085123650455e-20
0.90098904202697583
2.3105210634535022e-07
0.044089413850075511
1.0272027943047912e-27
2.4323154267350258e-08
3.4364530788151994e-08
1.3648607931316415e-10
0.35420327997856693
1.7524552358734571e-05
0.0002703045831789336
0.75940710673705047
6.8471415651680524e-28
0.077071478585909292
1.0402930577977073e-16
6.9910144340482776e-06
2.0632543727187078e-07
0.26412575750501166
1.4486853484660663e-24
4.3186513784889454e-42
3.2712620291032376e-08
2.0694131104477954e-11
7.7405764410865621e-06
3.2753031108410183e-44
2.2331145465183699e-12
6.3833536612383779e-18
1.9421464614632366e-40
4.6768977967568044e-80
6.2474370313852797e-09
8.258000007746411e-74
7.7457705924338355e-45
5.2087995953389114e-102
1.7345669345844115e-66
1.0799123017281396e-132
7.3732171503724596e-198
0.0032265308299088075
0.00054648781209884186
1.176666373747558e-21
8.7543442995449295e-153
0
5.7134873500713711e-40
1.2051551285953769e-06
0
0
1.1696291818262014e-307
1.2580353294042723e-70
5.7279024109742804e-75
0.0058646344550572129
0.0013254249368032101
0.25289289430695466
0
0
1.3034671304153931e-141
1.5789531697391859e-285
1.874769676419295e-258
3.6040109310138537e-68
2.7495176834728263e-20
4.3411978068451949e-56
0.0044545370239174476
3.5844022201332359e-25
0.0028326857710664912
0.018299375096127134
3.2851062801282918e-08
3.3414088353283322e-10
4.2646625814865025e-308
0
1.530355536789185e-134
4.0502662586486531e-299
1.1903901278816532e-120
3.3852490625641095e-08
3.374915541291319e-255
2.6385994970247054e-219
5.3519324676725748e-50
4.9086750432807119e-31
1.3801967293534908e-18
5.467469880528196e-38
2.6477569506837457e-42
8.8303187051752079e-16
0.017330705855205995
4.9134312799378391e-25
1.0223275755743982e-177
0.0083700272002347927
1.0165016101263898e-14
0.0010538457811113684
3.012061713209052e-05
4.8072983533960777e-06
9.0412118164407476e-269
0
3.3844501541318468e-254
2.2206545448944196e-87
2.8959693959677061e-256
6.9049003072783214e-242
2.2717723994706229e-50
0.072685260519986611
2.3136376834943219e-201
6.6559962129734557e-212
7.2695511773330232e-146
2.4744752423773593e-36
6.6747113636789969e-14
3.1454219980897561e-35
2.2541763058150077e-68
4.6503456324915599e-91
3.7416256245101127e-11
0.060762693592175697
2.143257241288793e-14
1.4314836138825222e-168
4.0296198466809985e-34
5.1255652202350951e-60
1.4860873640596819e-15
0.0032265308299088075
0
3.4213264371322033e-250
4.8607221408348106e-262
4.4068375870025229e-26
0.0002186640940512365
1.9397037150389869e-168
3.7974718499756733e-308
1.8075287767602515e-299
0.026884230609059246
3.4369472582020151e-256
1.1143262976473933e-170
1.676502061127453e-08
3.4738886228492491e-52
2.1252844922305822e-08
0.0061942256876506892
0.034657267678163448
4.1761990452382155e-188
0.034745410559096558
0.85988882798001554
0.0028006324448955852
0.011675904091544122
3.5590588552229785e-38
3.6396579405774851e-285
8.5592565880522922e-297
4.7103373281143403e-296
6.2219378285673733e-191
3.3127031357603793e-248
5.7120435511502351e-256
5.6943361251070316e-204
3.0756308861974692e-11
0.0078185496008909509
5.4890294429041548e-197
2.5785781102531648e-230
4.7851741546580688e-217
6.5591632506522404e-199
1.236992204796754e-104
2.014209526598678e-21
0.00025816587074731451
7.3290519305361565e-08
2.2089857483519072e-11
2.1311929977073427e-10
3.0422965065160345e-54
1.670071042992936e-47
0.021594549848003668
8.0993196616877354e-33
2.5290194918519487e-17
3.3315710624557005e-20
2.9583204859124693e-09
0.070215868271749471
1.0563008079572723e-158
4.9228858120351175e-05
0.14747012070884594
0.19084266521673843
2.9542794707761594e-156
1.9999844483534083e-100
1.4808429387217863e-158
6.0796670570254026e-132
0.0018122851794902155
3.1887627749376427e-09
5.2714595502922231e-14
3.1464401756883733e-98
9.9635333692486281e-07
0.169936602658526
2.7311064032826253e-102
6.6910140176574835e-89
8.850765445594147e-07
3.2666280635832954e-05
9.5337228766543911e-10
1.3002788122594382e-91
3.7115892915367194e-13
1.4500715517600338e-08
6.2791893299765886e-19
1.4860873640596819e-15
5.7199208182484151e-41
2.6321012896105739e-09
4.5376384448035532e-19
5.2895448292439512e-23
1.0947200183597308e-36
1.9479237525669653e-05
0.023774144762720849
1.6659795017840376e-44
3.0640044395176988e-20
1.909856955298295e-22
1.1490815886610266e-14
9.2199477743156268e-07
6.2805815010973512e-07
0.0086157035194442903
8.3109450659141963e-07
1.0478060413030134e-58
3.3734951846938749e-19
1.1722988286896752e-27
2.1609339069769545e-09
9.0930054097431454e-32
9.1150804667307561e-09
0.64501618435307462
4.2343151870737424e-15
2.6966366276663978e-06
0.00046101055226776432
1.7158669607247819e-15
0.0018317799707085654
1.3244601768146258e-15
5.2646813062175169e-32
5.0626027014418875e-105
0.26190836908865139
2.5303230736332335e-11
0.012393981238931711
1.6313279588040313e-08
0.00012768525492724294
1.6749238124903061e-08
2.925300071441814e-13
1.5625065387344372e-16
4.6757304551447192e-08
2.2201142833491148e-12
1.508649095502482e-30
7.2482851919434106e-90
0.00059348360009279014
1.3445354068697522e-06
9.0167566451038169e-11
1.4776687097515197e-14
4.3153244471349264e-93
4.7755964359650107e-10
8.3044686149539493e-87
1.0083171166558972e-77
1.6561001047110805e-86
1.5944355782915011e-216
7.8355215186537294e-10
3.0794034952110867e-13
0.80827899044319995
2.2440237437611161e-18
1.1252888924002884e-18
0.11365847878805817
0.003281832506459532
3.0451989040415511e-49
8.1936135093885923e-17
0.010963674465310729
6.037136533788949e-11
8.410643469786457e-35
0.0046327270231462242
2.6183529162904663e-39
6.2418434855188907e-47
7.9570797045616536e-149
0.00069964483967419608
8.4977234647370743e-22
6.2677682279477703e-25
3.7551847336741858e-123
1.565820918991207e-120
4.7088350325000471e-257
5.7199208182484151e-41
3.8832829618100982e-11
2.0922349736812595e-14
2.5350197653284156e-50
1.4947129475837289e-05
0.021345724177306933
5.2379324656077427e-07
1.7622232733463154e-20
3.223782290183275e-24
2.8617369460220044e-19
1.7470035258091733e-09
3.5062861964449194e-41
0.00025475019271865146
4.5357968316176712e-07
2.848278702263829e-11
1.1755588717428257e-07
0.30532101794355798
3.2117131133279633e-07
2.0546430818988681e-29
6.7585103389762222e-06
1.3546140746293336e-43
2.921637319364495e-78
1.5311431009278096e-13
3.6934948622258327e-13
0.0032501201160578309
0.004984064443663048
3.2188518421636633e-10
0.0015981467128680261
5.0266316722349537e-25
2.0803709114926887e-15
0.08586956461276915
0.012460874100622837
6.2934585822416753e-06
1.951824358215266e-09
8.115364893352916e-05
0.39327461417944576
4.7102206685095584e-18
3.512361715238586e-11
1.4752056320207091e-25
0.058074494152707851
8.2943798242382091e-08
9.7471492434686728e-54
3.8300354746134161e-18
3.3148088402220954e-77
2.8863057194785521e-52
0.00091614831841832153
3.677854196495922e-06
0.001788568568930914
4.768294879399068e-06
1.0815054706854475e-07
3.9566518154896797e-05
3.158751638649394e-15
0.0071064339262824436
0.00172489447407492
4.9806115210667855e-18
3.5287983056610884e-40
1.6948915693935796e-16
1.1476939839575003e-84
5.2030017653269778e-99
1.6469043234058422e-10
2.9416840506180933e-17
4.7313959081011671e-18
1.9094523316272052e-30
3.5709594447894187e-06
1.2659027334999198e-63
1.7644633964833111e-121
1.8031890095770656e-130
1.0326328155296479e-19
8.5339856261198562e-56
6.1697792803130453e-97
6.2365955003796066e-177
1.5020472662504996e-86
4.2554372781364061e-206
4.7088350325000471e-257
0
0
2.0185851359299161e-290
6.0150357328180587e-160
0
1.5971789584299137e-79
3.9212790372118146e-37
1.9890533305455521e-21
0
4.5462190611760541e-97
2.0494973196913431e-11
0.27131668851406898
4.284759063196771e-20
3.2462075200096241e-06
1.9195958723268366e-09
5.0963454649328542e-36
1.7915266711096881e-85
1.3823264341285975e-11
1.3103107210385806e-08
0.047172316268821603
2.0247773379459001e-40
6.051061225318609e-53
1.2575152598773065e-91
2.4796035123090672e-26
5.3564108333953887e-57
4.6087704921209542e-132
2.8436116397403631e-34
1.7151079778645518e-127
1.6301070098734497e-141
1.6439465960795194e-200
7.3054071946978686e-142
4.4460219120446969e-31
0.67027459633621844
8.473773432144933e-19
1.4248993839588749e-42
1.1704088642728641e-111
2.1008676016288182e-24
9.381327883151307e-98
5.8431928158111195e-171
6.3839139436308935e-200
2.0931705659061092e-206
2.4788469999795419e-269
1.1798777213330547e-44
8.3269389549030621e-124
2.4617549758398132e-196
1.25762419060441e-198
1.1097979160425849e-297
1.6608859851889516e-180
4.240045263836283e-284
6.8236597128043883e-283
1.6432275717277106e-282
0
3.2043786226957627e-94
3.3110562913507208e-29
0.27025895042425074
2.4697548561787498e-20
0.3113029515348103
4.7669962858594949e-63
6.9858205182284907e-92
2.8988107763428053e-176
0.054512457011389404
4.6961477353276831e-61
1.288368484922798e-153
8.475348271594465e-242
1.2431401301548684e-85
1.1544886268386984e-266
7.4881339311233213e-245
0
1.2422128137920375e-18
1.9541637150645575e-163
1.6015469234068538e-237
0
0
0
0
0
1.040824485978966e-244
1.1502802398368379e-26
2.0087209806807118e-23
1.1406740464245218e-13
2.9453341993178828e-126
7.8422753045343535e-75
5.7961784999926903e-10
2.4766030719902133e-28
0.046030448876008059
6.8645129443331198e-42
3.2833375027467452e-70
6.4765063241126423e-183
0.00042831524238711062
1.1584191463737129e-15
7.2628999293532511e-52
1.4552962876155789e-195
4.6881181415585601e-57
1.3247554434321053e-137
2.0893878749597976e-182
1.0130031924934863e-281
1.5182566010130044e-94
9.8876981496254767e-96
3.9076055191733768e-81
4.1230690084720337e-42
1.5016113333534812e-11
0.16781037372942817
0.0018744641803524703
6.7576341039840931e-13
1.5458395554885585e-45
3.2660152686166554e-53
0.00017424629390723449
1.0152672259210817e-42
2.2046929937575885e-08
1.9875501736169121e-58
2.15257445974928e-81
7.7198667683332347e-184
1.0688098914053993e-108
2.1056639342381197e-28
5.9594219535593459e-127
8.3178787070263472e-232
1.266331009408511e-181
1.721926139770641e-294
2.0318967297841137e-07
4.4873100813028421e-77
0.00017736331520099238
2.8118453653786907e-05
3.5842486392934279e-27
1.8829892240632457e-21
3.581579074095585e-95
4.5975042797466956e-68
1.5664489259017951e-17
4.0977509835991265e-109
5.0075713606916993e-218
7.0674254236237987e-233
1.2924354010055265e-153
3.8973127669805621e-299
2.5749271954904065e-117
3.5528287661553412e-08
5.5133827002078502e-61
2.0480471702810488e-113
1.0928177361012752e-156
1.4494630340035798e-132
1.584525933646819e-282
0
1.2139022747775795e-232
1.8640363674048079e-65
1.4579263466423479e-216
5.3115806060218102e-289
0
1.4744068831363513e-226
0
0
1.4640619597122783e-288
3.9426201714412233e-50
1.6404460486314939e-78
6.057055954170606e-31
3.2103557036091011e-207
3.8534110627323178e-23
1.2735914814157753e-10
4.2039296874597024e-20
1.7862910000806748e-182
1.0843953434528745e-65
5.7475429545406037e-11
0.054150381830497654
1.3131458963574365e-23
0.001319936159859373
0.01975972817690454
3.8732309967637633e-29
8.9634478993126591e-91
6.0641570804039319e-93
1.7778113380175054e-06
1.2057128851677538e-44
4.2317155430711324e-08
4.1510295071205275e-07
1.3880920707717885e-33
5.4375578079347047e-16
1.9272774511145562e-14
3.5626866684243055e-61
3.3437588446169006e-09
6.1096375234998622e-78
5.2115258576388135e-81
8.4842015599907826e-166
8.1365749429800908e-23
3.3088327494610028e-23
0.0045811251092221315
9.4750309897835506e-09
1.9888935128965597e-10
1.6441054153088418e-66
7.087882017208925e-17
5.9749019984625022e-40
3.3587026247263435e-120
5.2850496505473103e-132
1.1407297318861873e-86
1.6696435388329295e-215
0.11395447529652793
1.3924266144727543e-69
2.155155699015211e-124
6.968358622232385e-83
7.3759683413009248e-206
5.5863644654000825e-91
5.7119527340537317e-205
2.7769168727850702e-208
1.4038707145539109e-154
7.18430891926617e-305
2.013897509424514e-27
3.7028619061118456e-09
0.19084266521673843
3.1286204654323884e-08
4.9337864195286809e-31
2.9358399913047446e-17
1.7674031906045413e-27
1.7227395069283445e-95
1.0468079505074937e-09
1.9398732280595283e-31
3.6677447165008444e-74
4.1154512196943251e-156
2.2419378447234348e-19
2.2407990638547049e-157
2.8032558546312446e-153
6.1235127976216375e-256
0.00032167513331803473
1.7165279657909802e-76
2.5235203725806599e-144
1.0842056423620121e-221
3.5554847379358188e-228
0
8.1672310342981987e-289
2.0792863435462951e-252
3.4066890423135847e-111
1.4612692438033966e-67
5.5190811960123072e-30
0.63872845592706118
1.8707254908689772e-23
4.3600958547829106e-53
4.2231405255709807e-18
2.8945387280965036e-15
2.8877392337447894e-05
2.7480026061040745e-30
3.5408299140511806e-27
2.4252059333034205e-94
1.1009764589759575e-19
0.15469443093933219
4.1027406527715689e-15
9.2577064110415015e-107
3.4174341694340165e-51
3.7091099192782358e-73
2.9716793367837324e-100
6.3403263022813893e-197
0.00021363441711584486
6.71082646416648e-14
1.4671281766067871e-11
4.9163815170622661e-32
1.2440003212600877e-09
1.1506397096694755e-07
1.0016845504471492e-41
0.026696400548769348
0.014905675893998703
3.6717385243734238e-15
4.5392309592590836e-13
1.4181136438516864e-07
0.54195150922894519
3.0414010411182253e-31
5.4958867585443716e-56
2.6923822662360853e-98
8.4127761036637005e-83
4.886177217249386e-12
3.4350388180509221e-85
1.1712277751665813e-136
9.1305003505375587e-125
8.5378720321650864e-211
2.5823904573980046e-44
0.00011776171394466162
7.9308885746195215e-08
0.0017008886705487706
0.0099513718136901262
0.013265462367996072
4.5725056617789659e-29
2.2536946610440526e-64
1.6440931178137393e-07
2.125870401884786e-84
5.6036365534182644e-105
8.297940821742476e-151
2.0709430630535073e-122
2.5439778149616306e-207
2.8941874725480406e-118
4.2898387098112369e-05
3.345208729957674e-11
7.7988829330042021e-37
6.6958262265853985e-104
2.5886200872911781e-104
3.4568766509417714e-201
2.2471318046341503e-219
4.1114135614449333e-194
9.4420374842342286e-18
2.024601756924083e-172
3.2575352032629985e-199
6.4003992952855934e-258
2.4883260841948478e-212
2.0880019495177103e-309
0
1.3765760473237481e-05
0.14572092472542292
6.2791569012042266e-05
6.5922171026950668e-36
6.6235608763972911e-34
0.10598639757005561
2.0293886311543988e-06
1.3368874916585896e-63
8.9587632728062036e-72
5.0503372435066437e-05
0.13210108175941826
0.0050885006709814233
7.7482421359152809e-18
0.83065296202926553
1.3447791317082723e-13
6.7398530481637326e-81
1.6847887596126757e-15
9.4170363147870967e-09
4.153135395036384e-08
4.2709370786074167e-05
0.0001293611211205392
0.53269110736520142
4.2724307889725995e-13
0.077254930642276301
0.77765521453779218
0.15116375998539569
8.2355649070588614e-12
0.022625906233550555
1.397425028590788e-22
1.6053458971167839e-95
1.1613864712595415e-24
2.4907445550810514e-10
3.4249958891455834e-15
0.35879374981830819
0.10745523707990841
4.6387962720647329e-12
0.0054340459096268601
4.7969466020881773e-11
0.0037193717496019994
4.1414481526493995e-16
0.00018344536864024926
3.4901673449272653e-19
0.26368114747097049
0.225695576605555
2.4316659839277241e-15
9.1595516561503893e-18
0.065458317076642403
0.00045093413821899978
0.021154945674677104
0.23139805797843277
2.414761719922946e-18
8.3949850694414298e-106
4.1644780063420162e-33
2.7925884365059779e-20
0.10947724228033955
1.3721147818680708e-23
0.058828328028317008
0.26286749991082498
2.646532596856639e-16
2.4127091915031184e-12
9.8491094556110327e-05
0.00031271603444787624
1.3528440047107839e-51
0.076393511723239785
1.6680353191512478e-28
1.572446224446573e-28
1.1016532837958335e-34
1.0093774167771956e-23
0.21036850036731947
0.42070649137531346
4.313180557742648e-24
0.0070952501107535348
1.3400871488778707e-05
6.7589471259719102e-134
1.3765760473237481e-05
6.1833045763328903e-76
8.7721456665747126e-67
2.381216088849364e-07
1.6781453254622267e-12
0.00037853517943069794
1.664430964797925e-22
0.0019595326634612572
3.1927754943085015e-18
0.0031186230015682777
1.5115190471904106e-05
2.5674110807612721e-19
0.31618191090108877
1.0334002748897884e-15
2.0027198172493619e-06
0.0042266556029260669
0.22062003761049825
9.9281550383316242e-25
0.55357429846204598
0.011399939341067717
0.00032457822418338871
0.00076911938829482063
0.0092137219981303052
7.8945994025593984e-05
2.6376462248190375e-18
4.2684499417379846e-17
5.8923553417923374e-17
2.5594677315835053e-14
2.8243561103388708e-05
0.51524880110602789
0.025500494117977897
1.0351211438962701e-64
7.6127627925718215e-05
5.1332922919985176e-10
0.050953593620954508
0.021643024658222144
3.0615470380813623e-69
3.5470091405408026e-20
0.057369538568413821
6.2294041881309088e-28
9.2708519229440275e-19
0.0001275742934227626
5.5417511537618135e-24
0.1307178032829773
7.9177064990365837e-17
5.7371101801744469e-15
1.3285835940589866e-20
0.94132414604636372
2.2183066608460096e-21
0.31728283353694847
0.044436608297395437
1.6176047602406361e-18
0.90835455005300092
0.046705837664779919
1.0106329779689698e-27
0.0066195697500611335
1.0488068511707611e-09
0.82789515022442695
1.7759876938268821e-44
1.8939862722610213e-16
5.4692312088051776e-28
0.0092137219981302879
1.6233254577282899e-16
0.84380478928178815
3.7972083842240153e-10
0.0003613310420518737
3.0345703049532885e-61
3.8403260103220431e-34
1.3155825986071567e-35
9.1136695066253387e-12
1.8643096544095361e-82
1.1158887405054311e-24
1.3814181002695748e-104
6.7589471259719102e-134
0
5.1510085752852855e-50
5.6722200198422547e-43
3.0189124755897571e-27
7.3165966723494801e-12
8.9046332552882669e-11
0.3503774747248441
7.0152421891277879e-61
3.5929594554704317e-11
0.26073154518806979
3.7372638300824591e-05
5.5885502447150587e-08
1.2583775896862269e-10
0.4600316572228893
6.9524414441310329e-11
3.4008974376655792e-74
1.4896351813252449e-06
0.003741916112080568
6.9306958786287647e-07
2.0866396553489064e-06
2.0807610960883497e-05
0.021602621863912996
5.276636594925544e-14
1.8805780717668774e-08
0.035176511024221271
0.015584639289970352
7.4247901145265873e-09
0.2227562297259737
1.7866905207459947e-14
3.8835085595022158e-66
0.0023940288838217097
0.0045282655340458094
0.031377922844555151
4.9747368343993003e-19
1.7647350525891233e-13
5.5572637784798774e-08
3.8711682325880085e-08
6.5432593797813394e-07
0.00041538786529973559
1.9607384865628834e-14
0.30105221355610251
2.1192180251106987e-13
7.8581624072714416e-19
0.39818004578050348
1.6944964212262221e-23
0.00010625725164804315
4.5338167063568513e-09
1.2553154671821777e-12
5.4752310255817055e-18
8.6534994140130936e-10
1.2654243859003352e-53
8.3942128163295371e-118
9.2889333585882614e-09
3.539312984125719e-07
6.6121118219176354e-15
0.00024007579160663286
6.9687108597785479e-32
1.6960875823345913e-07
4.969586190455743e-22
1.3336597934859136e-19
2.0410258175339005e-08
0.51412406691302448
1.7051758428300447e-22
0.58652390815123512
1.0890236371914362e-27
0.04915095784931893
0.00025365785875749238
8.3720115574041474e-27
1.1380668121933878e-06
0.11874436933996282
2.5801883661996578e-06
3.5554796357386509e-31
7.4135254366346292e-45
6.0579189119396922e-201
0
4.0858859879212163e-06
3.3735755636625016e-10
9.851331444396171e-06
1.2644412904989538e-10
0.40005380668818208
3.6880773756721287e-15
0.36856017170745597
0.039343142744707925
1.9504201797621997e-06
1.6947359117814281e-05
0.27927132097315488
1.6409756131964572e-12
6.006562995015194e-05
0.033689098844805511
1.1401152528957636e-13
0.00052138492094214574
3.2028095800765902e-07
0.34031076456038789
0.032331153120687101
1.3710407241509001e-05
1.3310220888251249e-15
2.4476484814225338e-104
0.41674971295318403
0.00017349425378634307
0.00049362822066332135
2.0697094082249772e-17
0.00016035174632955418
1.0206045018187811e-68
4.5622735643303663e-11
4.0691842427110831e-20
5.0351339908080481e-50
0.04791403506101681
3.028636641684576e-13
0.0046717962954282068
0.0068561459935089705
0.0001134833910809756
1.1394387857383855e-07
0.14774793482347501
3.0479121713334888e-22
0.50415869071675457
0.003922356695549572
0.12639924990698112
1.7661112973201796e-23
1.0402802791754921e-13
1.447504012053119e-09
1.0712002838027243e-16
0.766614082780402
2.2795734530156399e-06
0.0082755928423215632
0.35164967415779608
2.2389674780711276e-23
0.6725244412011171
5.0552900579885522e-20
0.049168342373380983
3.7622327171503544e-06
0.0020483507047790099
1.3795348831161498e-20
2.1703149405397056e-41
1.3361740371179854e-09
2.5862370303359166e-09
0.18901393433253391
6.8225673489060749e-40
5.009724388935398e-15
5.4775337687540352e-21
1.678004521539988e-45
8.7359049454903229e-87
1.0257752795867861e-10
1.6351131153948249e-48
4.9828794247629218e-39
3.0387930523935294e-109
1.074156764817752e-56
1.2952822462445398e-141
6.0579189119396922e-201
1.0056965641062479e-09
1.8222565074444517e-11
8.7040417072200735e-47
2.4632833936665632e-165
0
5.5968213988451843e-65
0.00050936854973812357
0
0
6.2509449293198306e-297
3.9694615776950942e-88
2.2977768482814766e-77
0.00023365579876191177
6.5916255360252427e-07
0.099198918180989623
0
0
1.509098576025789e-136
8.3319292505978872e-269
1.3179531392800839e-259
1.27257675046648e-78
1.3038463931411618e-18
2.747287554714274e-58
0.26905389935090052
2.801718804179944e-16
0.0027509724655915388
0.0029620885432967035
0.00018352466002956614
1.2434873739304957e-08
2.4856210484092287e-302
0
6.3342950299723307e-143
4.5273226516733025e-289
4.7543108888142775e-123
0.0065055305341528797
7.9450901421520754e-251
8.2849997984000122e-220
1.1472036005556149e-45
9.7417480995114212e-29
9.0287633784898428e-14
1.5525222028864816e-26
2.2477621898707451e-42
2.0942935867507257e-14
0.44962696431423743
2.3347924645053145e-31
7.523231201977393e-175
0.35092232691898323
1.3620147361244497e-13
0.007061800061708633
4.2206543617466869e-09
3.3434675388314391e-06
8.5874302096550671e-254
0
5.0852318951826851e-255
2.8335360407623222e-100
1.4814315167066601e-237
2.1855426037735719e-228
1.4133867032967522e-48
0.40730226140279485
8.0770333134809521e-191
3.3334060076826228e-208
1.2782995729399268e-134
2.9378531818161456e-39
7.4322097038980094e-13
4.1556112702975262e-36
8.8169678994145078e-58
4.1550872624281615e-73
8.6749553827134621e-17
5.937434459750719e-07
7.4498151308518093e-20
5.7594132636413879e-193
2.7392675436014156e-22
2.0342250813381982e-59
4.4327192339926549e-17
1.0056965641062479e-09
0
5.6360166379832734e-265
3.7382115157219644e-273
2.8014913833113691e-35
1.2290801903933399e-05
3.9603895864522054e-174
7.236429387549695e-311
7.5519241974701683e-300
0.0053418755512090804
3.589784304432183e-244
4.4007260278819148e-158
1.0741921878662311e-06
1.8122760834492634e-38
1.4144382322868441e-15
0.015895738957719976
0.049552235918524722
5.117347025346067e-186
0.011884760182607413
0.46947845555487033
7.8976344177545378e-07
0.0074411570019224001
1.2212890702414449e-50
4.4554528175946861e-282
1.5622434647313881e-289
3.2861922533928167e-304
1.0295852086345536e-206
2.9073986564087373e-257
3.0816100180884763e-247
3.4538900207499811e-213
1.5532065982349506e-09
0.0072876954084265455
3.4615451512082033e-194
2.1958775872537537e-238
6.3765216783703889e-218
2.963642438415263e-188
2.0337297650169725e-99
4.5403412138821418e-30
1.3057164769256309e-06
1.0194721971693782e-06
7.6208027885780849e-12
3.5099997789934108e-12
9.4157711439946805e-49
2.3450534763620489e-30
7.4353294910422652e-09
2.9823009971987406e-36
3.236051402323128e-29
1.0726831952256084e-19
5.3513032686757162e-13
0.75408240829098239
1.7346122275498441e-148
0.00040542568471472746
0.54781033622723663
0.13649989098546361
4.3718465615168165e-181
1.648970473439614e-87
6.2293067113370657e-163
2.365212970825128e-138
1.5005746323263632e-06
3.6457897623172697e-14
9.39038881404105e-09
2.2114931450058994e-80
5.7437222697096467e-07
0.61893800920175357
5.7172008061095643e-102
1.0493155914721965e-100
2.9419637918739015e-11
2.5489150654056646e-05
7.1165082598329246e-08
6.8134612329944132e-87
2.2244392953858752e-12
8.2576557044591439e-07
9.1821361808009924e-16
4.4327192339926549e-17
1.6213116784476367e-40
1.8045373568257373e-15
0.0023217821325719891
2.1567321297644466e-21
8.0401944332353975e-22
0.00022946982053927405
7.7823157849772525e-07
5.5715947364449475e-35
4.4512133610509382e-12
3.1696817351363494e-15
4.3460062984885791e-10
3.2360306486262956e-09
1.0225877646459293e-13
7.9292722731102201e-11
1.4350843983556211e-05
7.6386515620733213e-45
9.5008488101930114e-16
4.575891223894894e-24
0.00016167664626102359
1.397152505589424e-45
4.4108316370505272e-05
0.23402107617635251
1.0814046148979082e-29
1.9638146888912439e-06
0.58394509303556519
6.3873894925487833e-21
0.01639832640955937
1.5348965644796629e-13
3.2984359248076428e-19
8.0074248946799439e-100
2.8988834493337385e-06
1.0305798497266269e-08
0.080706707685116008
0.00022381008435947206
0.012195351039147422
1.7742706356348404e-07
6.9557096153383237e-23
5.8449553314253779e-25
1.6085987172611073e-10
4.3228190180982245e-13
7.6803544607736024e-22
7.2378004955925589e-103
0.003805745895917595
3.0267940818610535e-05
8.171742919872898e-10
7.1745375505374453e-25
5.5959795790357271e-87
3.1492766930082973e-11
3.5362440001795257e-84
6.9719957246978196e-83
1.0062564623830239e-70
2.0949257997899243e-226
1.2199272783905394e-09
1.2694627779989572e-12
0.17877573216639503
7.0485901397299429e-18
3.05651746831878e-10
4.33970175621531e-06
0.35778050207040141
3.8283086912432002e-38
7.2348934515674197e-10
0.12165460640380399
2.0924819479397221e-17
1.4994982357989622e-32
1.3364912971346517e-05
6.0810755977024023e-46
9.4167344097415114e-42
5.8141064118250151e-134
1.0940747132568245e-06
1.0388558496002619e-23
4.4643049742488467e-22
1.9238456217403133e-127
4.8954994836922781e-118
5.2610091188531309e-258
1.6213116784476367e-40
3.2937308042834642e-10
1.0066746424694108e-13
5.0849404265842208e-47
0.003922356695549572
0.79324006556100923
0.00015335313261366862
2.208966881813559e-27
3.0782342420215091e-33
4.8334081093007712e-29
6.2032425618421649e-10
4.4616483050488437e-39
1.1236419643000993e-05
4.287029596956575e-11
4.4370982280946443e-06
0.017835726626470413
0.82666447220529682
8.3886267794140584e-15
2.1699386431631329e-26
1.8100646819115517e-07
3.9072754087758048e-58
4.293628160017855e-83
8.9995640996301075e-09
9.0938369778796791e-06
1.0727155306707126e-06
0.022625906233550559
2.1171984816218488e-09
0.002549282239636211
1.0339113421494235e-15
2.7329097431413488e-08
0.17569861019137964
1.5384852655690306e-09
3.3298304889824069e-06
6.0341008690518795e-08
1.3408480289027386e-06
0.19524388611838864
3.3082710702731571e-20
4.3096150282901915e-09
2.0911378853931499e-22
0.45917767641905349
7.2100833332849155e-05
3.3859972774699908e-37
9.4862936500280447e-19
1.462716631715692e-76
4.1178323721852992e-44
1.0682225568255458e-08
9.3379583348846498e-08
7.1796522889381125e-09
0.00093005856222116252
0.00010360377762228949
1.5233894914210749e-06
4.384550958012932e-26
6.6496438172473377e-06
0.015775393803883354
5.2305059035922867e-20
8.328218832546944e-37
5.5211650245482323e-13
4.6635339575886393e-60
1.9614946444684616e-90
5.8753779657553778e-08
7.6393029118410489e-12
1.9081237945788853e-16
2.2519040784559599e-29
2.4483781470000505e-07
1.5009767480112419e-74
1.2106405980173394e-101
2.9547082182633307e-116
2.2371660745380886e-22
5.0010981180544518e-51
3.0749919636855853e-104
4.9607633328452185e-158
2.8850234895525092e-88
4.280020644402892e-215
5.2610091188531309e-258
0
4.2407245307069854e-302
1.2136208821434801e-306
3.1303856997121169e-165
0
2.3315866459945814e-97
4.4322440526604061e-60
6.2635159970653501e-17
0
1.7677115762478569e-100
1.0326328155296479e-19
0.15022132272736494
7.3935639256506716e-19
0.016604811967405705
3.6287846223385067e-07
4.9016808416604552e-41
1.0357908206223107e-74
0.0026113152852322349
5.588604185943701e-06
0.39946151783500411
6.9828191212898024e-26
1.9418909671897048e-42
7.0497922578249377e-97
4.8607272465818048e-22
4.067538808201033e-69
3.9191320030265353e-115
1.3033114458145456e-36
1.9165490896068165e-139
2.4529817124007359e-144
2.2190217187200242e-200
1.5453341970207471e-96
3.6092854318098394e-32
0.0072905625627610101
9.6015074096131726e-24
3.2424869011231144e-57
1.2336853068167139e-108
3.5042313674048846e-26
3.4763353005620564e-88
1.7121355579820084e-170
1.4362770795393621e-196
5.8691074928226983e-211
4.7917141933771212e-284
2.3824603077382706e-42
6.9583421131779499e-118
3.8864017723586953e-183
2.571483052419282e-206
2.4507298775102233e-292
6.1184532623835706e-188
4.0584666806115838e-279
3.690551449371923e-280
6.2663700697940408e-279
0
5.7672847798329808e-105
7.4908551711552721e-23
0.086797003152028568
6.7093477331286993e-20
0.00077008983858688792
1.287793237825595e-72
5.4903565247221515e-117
5.8001364459027345e-172
0.010716255109289311
4.4801844908357146e-78
3.5993254870838756e-141
1.3986502250782602e-246
4.4644052856708899e-88
4.1682036126312678e-248
2.0948447444438477e-257
0
2.5606548724608931e-17
8.6850403145724602e-161
3.0193400888298962e-232
0
0
0
0
0
5.4282986082718544e-240
2.1642146225437922e-32
1.8804638483093469e-30
1.2144018427210344e-12
8.7125848143714088e-140
3.167048717427267e-89
3.2310885104036742e-07
7.0380646936502875e-18
0.77743352325831605
1.3121015879352275e-37
2.552043033046308e-67
1.4450731447026134e-183
0.00027404250401414612
3.1246410240010598e-14
3.3095534523951459e-51
4.4087814811217943e-190
1.2832917922691272e-51
1.2212591108941812e-134
3.6881842776512904e-187
4.6142524499304678e-290
1.199141594634059e-87
3.2924077849547468e-118
1.1642684070954753e-57
3.6888009323375519e-22
2.7289501707767451e-19
0.72397203932807253
3.109326296199488e-14
1.1537520528127273e-09
2.0409026131317419e-53
2.1230968636043236e-45
2.4518507599950744e-13
1.4008916888920687e-54
2.7205177841700763e-11
4.4433255812173466e-65
3.379703344023018e-74
8.4776088736257889e-182
1.8216869909873624e-119
4.1428463478816245e-36
6.4342107000083647e-158
1.9627264349138626e-219
7.64253512732896e-179
5.2229218906236625e-290
3.8089588747570657e-16
6.0594634107356803e-69
1.5533140876847079e-05
5.1975215293537784e-10
1.674056921157305e-30
1.0758402239731744e-18
6.8406724421654056e-107
9.2523442862534334e-87
5.87959108911919e-18
3.9620747736396655e-128
1.8221304607803738e-215
3.3483011892845822e-228
4.4263707947796763e-176
1.4248099327487755e-274
3.0593954603442125e-117
5.8753779657553778e-08
7.4475597065727285e-59
7.5344291792885449e-114
2.4749297542048539e-156
1.9758508996017126e-144
1.8272357417930677e-285
1.1919294276802414e-309
8.1540551918279405e-225
1.1120247350718004e-70
1.5748956843287235e-224
1.1820002282241949e-298
0
1.8269585461535512e-234
0
0
0
1.5372181430167889e-71
2.0435741839206485e-62
6.0648304915959378e-48
2.8381209965558747e-240
1.1702470249245269e-12
1.5591370923972228e-13
1.4622619067536963e-22
1.1684162392969275e-249
1.5705754269828432e-74
8.5933601150262305e-16
0.12071665937725894
4.8387558624703996e-22
2.5637982171450918e-06
0.00022036637165219727
6.802186398003697e-34
9.8169148190311651e-94
1.8971110311733364e-79
3.0978038372218592e-10
3.5372355022571366e-27
7.4665642609810185e-06
3.367896241506554e-11
3.3004038033735293e-43
1.5592028423638182e-08
2.4851714811004356e-21
8.2379781067534534e-63
1.7367575956456461e-07
3.2775280778650157e-76
8.2983918446956353e-90
1.7668378822469468e-167
3.3004959741776155e-23
1.6635588638446537e-31
0.39210283821983516
4.6126564515386838e-08
3.1139128322008856e-14
3.718724551039889e-63
2.0894994876209444e-21
1.9998375705296557e-37
5.3662186808664466e-120
4.1803916179546415e-133
1.4065297090421932e-96
8.3631428182829971e-222
0.00010048810108914158
1.0913112108225725e-49
5.5523555371272255e-124
1.0853185455223232e-93
1.1992350445458428e-214
3.0956262017965431e-75
5.4157655892732813e-199
1.0592228268913211e-208
2.1672222477606515e-168
1.4757312645854493e-300
7.8925244560893121e-16
4.1767854636764583e-11
0.16392783565103494
1.0158671362682463e-11
7.7041766677914242e-39
1.0289451595803956e-12
1.5706718352185263e-30
2.2233930949254785e-95
0.018361588712216114
3.0574873277488945e-27
3.2176989840169726e-62
7.5140391163039914e-146
2.4357063751998075e-21
7.6696201304265438e-152
7.1069481094232082e-151
4.1335800671728764e-249
1.9721171375127639e-08
2.019121683915732e-77
1.2396242082484557e-138
2.0226428143425749e-238
1.1857365095253308e-221
0
0
3.8116871243050273e-217
4.1180606497477052e-142
1.3026946869572051e-69
9.9980721389173092e-33
0.1467775273578372
3.7136377387384479e-15
7.6219735374801154e-38
2.5196259071303841e-23
2.9226595132613229e-14
0.69460737682627871
8.1461652894034928e-25
3.0855658743169348e-27
1.4632595807363613e-91
6.4999156626356628e-12
0.41695209912051795
1.0011418346764004e-30
3.1406908538945389e-89
2.5275654716198891e-45
5.3717019642054762e-76
2.6576919677494058e-107
5.6182411929859661e-191
7.1783110471884654e-29
1.3285562991236154e-09
3.3375855952650086e-17
1.1522693080419573e-17
1.4115319044361632e-07
1.8247738887576621e-08
2.1360656059270663e-46
4.0270461653442005e-06
0.0025691011912031929
1.0487260106831154e-10
3.1947909616897987e-16
0.00035294358970782769
0.51468630948816152
1.4057180029771961e-39
5.5479530424887234e-45
6.7616447919149145e-99
4.7590470294721551e-74
6.8673394211454407e-13
5.3297618689047648e-91
4.483066537184708e-137
1.6259405688683048e-116
1.1356025461586446e-209
2.505012393180058e-44
1.70566402429302e-10
5.5623656658554103e-12
0.09728086812040429
0.010703818093514903
0.00020782039858674797
1.1249573275289917e-24
9.1617013798922898e-60
1.3971587271488648e-07
2.98753165779754e-86
3.2943602468019288e-108
1.3291933742290719e-133
4.6902518936948744e-112
4.5057702160588902e-207
4.1291145915591323e-121
2.1894990315711678e-07
2.4808047769931244e-13
1.1285434666236788e-38
1.8010515963695435e-109
2.0337164614650413e-103
5.8120286378679783e-202
2.5242592729800158e-218
4.4690062631252639e-191
1.793604038414798e-33
6.9339013570824018e-169
4.7238805808590104e-204
3.5556552641931429e-260
1.8126982738145997e-186
0
0
0.0027465005129434922
0.068243641229396149
5.5008891778049275e-11
1.5365839603701142e-36
8.7307480368521263e-30
0.0033787782732815595
1.6165835078218739e-09
5.1183677023049801e-66
9.0926365762531525e-67
3.0279546784981248e-09
0.0019911651215668512
0.00017545623078132444
2.5988617966438941e-21
0.30598158955751403
6.9037895302560987e-17
9.2265585162872099e-75
2.9816191293428124e-13
3.3413556366383544e-13
5.1452011739204101e-09
0.0001973352418409684
0.0055696460194120164
0.96462113766620361
6.5006610403121137e-10
0.0096730625275969311
0.00045189356802711312
0.02439124554548459
2.0303819710198501e-05
0.25096169501269883
2.6760618217056506e-15
2.7079153753803845e-98
7.4963092350087701e-26
4.9211292998067571e-11
1.0418272830176024e-09
0.20826614784226366
0.020599939033026236
1.5877233423135984e-14
4.3050194315717687e-05
3.1721560552001076e-09
0.14236525621406726
1.7718559574873428e-15
0.030674691148962673
1.260904708467956e-17
0.42673315424420816
0.018292474804438918
1.4309285656608114e-21
1.8800553051567243e-15
2.6446853210592602e-05
0.00053300097514143272
0.46110027343057614
0.0053376254467303492
1.3411754741018272e-17
5.2746181575583547e-102
3.787616343168737e-34
2.6436529876977601e-21
0.049710076355558311
1.7933331841482326e-09
0.27711282242274154
0.31297928731260466
2.5387714615438039e-23
6.2895421270990957e-11
2.2251747483442873e-06
4.0070144667986518e-06
8.4546816531148992e-51
0.49660075629295031
2.9752729156768497e-29
1.6690367602830919e-16
1.7782109700780172e-27
4.1640676048775767e-16
0.52518854764871614
0.82553368622120971
2.1519289680384139e-18
5.0370030898685554e-05
2.3133866268210908e-05
9.458842499824291e-126
0.0027465005129434922
1.4511539818432897e-64
2.0209207504856785e-53
2.5220924170674868e-07
4.9524102582115951e-19
0.00081707656445719552
5.5383273358984363e-27
5.5542680534761754e-05
2.553634175464202e-10
0.0032108968730008864
1.9584459763598438e-06
2.7785148685935682e-21
4.5854929255656654e-05
3.9645925494077662e-09
2.6594571431349718e-08
0.15755911011099399
0.036871171031660918
6.8628407441712123e-12
0.0047149514223551216
3.0250807820805778e-09
3.3449861783165707e-06
2.0479910850693996e-07
0.044962137253531209
7.4510572061181374e-05
4.5049636428077885e-20
1.2592572608969491e-14
1.8147946020597113e-09
2.7673877105113018e-12
3.7523700234229069e-09
0.00052138492094214487
0.049850766975987795
2.37956382145662e-58
1.596648586312916e-07
6.3627626676075422e-15
0.25999807107158524
0.00049762358715725933
5.537161870080499e-75
2.6550832272036528e-34
0.0031850032250040705
2.7001469067682647e-26
5.1212196794797203e-13
0.1729827395613894
5.2218296617061388e-32
0.017416119216935134
1.2846540230315718e-25
4.2748175058531384e-17
8.7000107329018002e-25
0.17266553067362506
3.867122413833222e-14
0.0101779393207503
0.054207404724396405
6.0331427860206165e-19
0.093170168581380372
0.12347003467751592
9.4335587812438671e-32
0.0018914963562643027
5.5911302630926153e-06
0.16760413090540247
1.0615149178284649e-48
2.9628113134331533e-24
6.1990400218888207e-27
0.073961741612401141
1.3653138636638767e-16
0.87381556842435404
4.3171995924597457e-07
1.0830452510275332e-05
1.0310645679167845e-65
9.8073481980250538e-24
9.7276184885053337e-36
3.6453472538062856e-09
1.0118189580475077e-73
1.2806935470487491e-29
4.0084500134899701e-98
9.458842499824291e-126
0
6.5821579709768654e-62
5.8860939511647087e-49
7.4407552658464367e-25
5.0460825498346351e-11
1.0877711539220937e-10
0.61397000507165478
6.6454576586292449e-71
1.4486586228997325e-10
0.015111535010064611
0.0012433126123062212
9.4696302474582046e-05
1.3479619992235576e-11
0.053282886439178369
2.1509968986738722e-12
2.3016855287560087e-85
4.6112132723323392e-06
0.002399902017012282
8.3137588844046402e-08
0.013098676023334452
0.0030846871001352144
0.00018495768071600033
1.9283485583650626e-11
0.0026890029807016321
0.48163850998377844
0.00055865117480144943
3.3174215628016898e-07
0.56144334339119162
2.181987101642323e-06
2.9199502481064021e-69
0.00025705915368721207
0.40133891628601881
0.028927403841119175
3.4522279342853327e-29
1.1507791904041992e-13
0.00040785061373369561
1.1574491990467911e-08
2.2564106875558927e-10
0.00011299023149035388
2.5134840803700491e-20
0.030284240444808371
1.9048059973196257e-10
7.1567254931251768e-27
0.11870597891670615
1.7320106350758172e-11
4.3759227062917336e-05
6.475858546748116e-10
1.7079501221090049e-07
2.2178813969860554e-13
0.00013405306414122101
4.8084832465871139e-67
1.2130200356209841e-110
1.1554735383997014e-07
3.8804296587671831e-05
1.3051395510845736e-05
1.8908297290973255e-07
1.7848451971211476e-36
4.0254343497342026e-12
2.9454882413398287e-16
1.4443353421920643e-18
2.3581443378021762e-07
0.95088477446733122
1.8797556526774015e-26
0.49217844139276068
1.5968104053714066e-35
0.18200761513829253
0.00031151347100176019
1.2536755878024181e-30
2.555344336999357e-08
0.0012794707747524746
0.0079952485878753837
1.7651510595105583e-26
1.437431518257462e-42
9.4409559844210584e-211
0
1.6098634539081724e-05
2.8944013163814855e-09
1.3467343954912647e-07
1.9669651335831562e-11
0.13235393655744854
3.8776350267085104e-12
0.048135226185333918
0.075540747956267709
1.0951979424435795e-07
0.0017731689579456066
0.00084709891626727192
1.1006863542627744e-05
0.018299375096127134
0.00033131074711697389
1.0984971468063357e-17
0.74918846908336856
3.0924301878075887e-15
0.04379158291340448
0.56597123686030337
0.015655914099888049
4.0461751177450485e-16
3.997936741235684e-115
0.26590986493679208
0.0014823246183405569
0.11314210157839544
1.0661697038936006e-17
0.029931329527147998
9.5597030725740386e-74
8.8029563134312062e-13
2.2261834385856078e-18
6.09657956710769e-34
0.15854028009017002
6.0118459122539415e-05
1.6760864219784149e-06
0.22780435026284451
4.8247344967387833e-06
0.0005076434671469998
0.21837218193654609
2.8563298480299599e-27
0.17340643803160649
1.2072018805076637e-09
0.069140277932440458
2.8728437586167059e-24
8.5842734599230303e-09
3.1051113340369683e-09
4.5850470280673659e-12
0.80487215788232824
0.00063497965066633692
0.013043525880496639
0.33289065544712082
3.2459364349846994e-22
0.18612908176071952
9.2569723405895826e-19
0.00029262756614231733
4.8333228718936995e-09
0.0018355522886735975
1.0017236958255603e-21
1.9471480662255667e-40
6.8618302293710749e-08
4.5003462205463733e-07
0.00058328491389348475
1.0972107971360214e-48
4.9353881068193152e-11
8.2176023568391157e-14
1.7236626523006694e-40
1.2775833971540549e-86
2.2795376687686572e-08
1.5278725057807155e-58
1.7134975877463614e-43
2.6272586789306286e-107
7.1218343713653399e-56
3.7688166471532058e-144
9.4409559844210584e-211
0.00010483079692554727
7.7037075753970232e-09
1.5811195631138173e-30
4.7930607342147448e-151
0
7.2736431398537865e-46
0.00083125752064821981
0
0
1.8512656918403788e-310
1.5455571764073604e-79
1.2844185358847723e-67
1.1895070885090179e-05
0.0041560096968677063
0.17569861019137989
0
0
6.6483178297084691e-141
1.1726327908217626e-282
1.8003766228545307e-256
3.7503998651793209e-69
2.4618168707369649e-16
5.8956615352015314e-46
0.034682430079848746
5.7448148092690251e-22
0.00056316127982364772
0.0037223700540690969
0.00051654541534773861
2.8390502437367784e-10
2.9434081309968771e-295
0
5.2595702389580436e-153
1.1939356847034206e-307
4.947129880256224e-127
2.9066527055719123e-11
8.5342911885127508e-258
8.8281890658300593e-200
1.0222145989094821e-48
2.2982489436591703e-29
1.5736732065853742e-12
2.7401540533543728e-26
8.9993611718004649e-34
2.3421006750781051e-22
0.64359243850070658
8.5458883300895397e-30
1.7627139310227616e-177
0.011875605826649755
6.0387831102863919e-24
0.070577747966523427
1.1129956338326251e-08
0.015543204744496483
4.174011325742626e-262
0
4.7540434715656961e-270
1.8760630836558874e-114
6.6489458896898032e-251
1.0751429493989573e-235
3.2547385708112887e-55
0.35429470697846488
1.8993420687511268e-192
2.7700896318528904e-209
1.2949296413213888e-139
3.9276490951233522e-46
1.3878663190553384e-20
2.4060097530078976e-35
8.7764219484819943e-75
1.0737727781602096e-72
2.8820410758391288e-07
0.00011730130203526062
9.6148294843195256e-15
3.6478228884667769e-185
3.6281289903995476e-30
1.3771577511822734e-83
4.5488822967680891e-09
0.00010483079692554727
0
1.2941155695626293e-262
7.564660979447763e-278
1.2749549532468566e-30
3.3472077748645101e-05
4.222305696763747e-163
0
5.3136965740684212e-308
0.0017406030185323229
1.3097132051197085e-247
7.6078829398060396e-161
5.151459519723237e-05
4.4090210884052899e-46
1.9395720613667412e-11
0.067010659386815691
0.06297257045467354
7.3166208512888256e-184
0.016523176438770576
0.2328075732030864
0.0032858175668841368
0.03061862572872235
2.0701598865025103e-38
2.3418539933016198e-282
3.5790201603811688e-300
3.4243253328376275e-295
2.5729585152265274e-195
9.2441817574587309e-260
1.2241058204781493e-246
7.9489498179165135e-208
1.7305148335121521e-13
0.66399471681394728
6.7454889111600624e-194
2.1299830854240807e-247
2.0827994914960431e-232
3.1637633583416222e-200
1.0226307600238747e-98
1.8945238744863308e-22
1.7174994728377388e-07
5.0247760592111351e-09
2.5017667135527659e-05
2.6403388530083181e-19
9.1492923998323081e-43
2.9037217253258822e-47
4.4617413077553496e-05
2.9098789714992255e-34
2.2759038251950712e-20
9.5198871969659338e-25
1.0408471317508743e-08
0.35137680143324174
3.3707402521583054e-141
0.001016681529907314
0.013814989615052587
0.052594385113103242
4.8598464699741405e-167
5.0811163724522911e-95
1.8407724854039055e-143
3.7030398972655605e-156
1.1968748063315055e-08
8.3722651371980144e-07
8.940635978247037e-07
4.3693480474926832e-74
1.6647248905528199e-05
0.61763640286805321
1.5011775451930525e-110
5.5552320920009323e-100
1.9831743745331801e-10
0.00026456408665691657
0.0011317233549859146
2.6220024303928776e-116
5.9053052869332408e-09
4.7669750069928782e-05
2.2634779180842669e-14
4.5488822967680891e-09
6.4698524799417304e-42
2.1249958418758897e-17
8.246308980177658e-09
1.5269093890326604e-25
1.7339574897496597e-21
1.5498456995767373e-05
4.457604230611258e-08
6.354007643547167e-45
5.1642319416245653e-12
5.2222152768015138e-12
5.316119077541518e-09
1.6540382196068107e-10
9.2471521884345815e-12
7.1127395750838674e-05
0.00029050295321704397
7.3303990456780388e-58
1.8831048323650528e-22
4.7436915227699989e-32
3.5018751023585812e-05
1.0825364555637261e-43
0.00031798000528296606
0.070071586911411979
1.7073763115778265e-23
2.7056315423857478e-09
0.0010498952014783029
9.8894594133218732e-17
0.001201636608267
5.7286323255996886e-15
4.0404141510073284e-29
3.0202679385671151e-110
2.8193452286782366e-05
4.0595618716079281e-11
0.11672451159378774
3.2149537559109443e-08
8.6743354671937022e-06
3.2080746266199481e-10
1.8348318444971365e-16
4.3214204111232428e-20
2.3005003156812369e-14
1.0277491909383762e-11
8.0671469068148586e-21
3.947468723693133e-94
0.10671859653128793
7.3679470790151267e-07
1.2561619697577472e-14
2.0581211958032249e-19
3.8894304852295225e-88
2.439184163069253e-08
9.3695067443344024e-84
9.9818491704521216e-76
8.6238196530667028e-98
8.2403889831388239e-225
3.052979670975902e-12
7.0473001218029698e-10
0.19842102187860158
2.9776829857668243e-20
3.6943771281249599e-22
0.10522407348396186
0.002592236297080607
5.4790888063753087e-44
3.0978038372218592e-10
0.075412291876508636
8.9626115048428983e-14
1.470343188043482e-35
0.00010676799360822905
2.798621977361756e-35
8.7994113325404914e-49
3.3807097472633101e-163
4.3489599330896309e-05
9.4209297420590308e-22
3.294008831056295e-26
8.8436380561179671e-128
1.4257676949269772e-118
1.4472573834996583e-272
6.4698524799417304e-42
7.7776028849732564e-12
6.8977306918738995e-14
1.1337042456854373e-34
8.3530545449491326e-07
0.18708665800248583
0.0030264653328928577
7.0934027177211473e-26
1.6067486932647221e-22
1.7851767905529939e-22
8.5678060225527448e-05
1.1159556324398741e-39
0.00023925104793659158
6.6597211797650029e-05
2.3134041128216117e-10
1.1094331335500037e-10
0.18929872428746314
1.3940276211986559e-10
1.1023871033511351e-27
0.00010013795354481763
1.9989078551749466e-47
3.5266878389799218e-78
3.4441681192012442e-13
1.8961048277049875e-07
2.0866396553489064e-06
2.041986213004773e-08
0.0040521764607506835
0.00084426126663346218
1.7152194226805547e-32
3.8237744955494994e-11
0.30622956739576829
1.4147850276411473e-09
4.4077689094656213e-08
1.6035527137990085e-09
4.643820630226476e-07
0.016948026424941743
1.5355109302804057e-22
2.8939959203454269e-12
1.2041650397321012e-30
0.036738164162964389
2.1250475784781226e-06
5.3878818594853234e-51
1.905287885989558e-16
4.6837639166921622e-71
5.6476781270802007e-49
1.4194336464578391e-07
1.6023898592218761e-08
0.00085244465301837565
5.4695612952793426e-08
0.021497907343927369
8.1367047732560697e-05
1.6674004152176138e-15
1.442697598928827e-06
0.35980888084201529
9.6215706260714279e-25
1.4220976733161206e-54
2.1688637347787638e-12
2.3687276759441673e-85
1.1303691498092318e-91
1.4348040549778561e-10
2.6655493978198657e-19
2.7075496734531685e-16
1.6946316327940165e-34
2.3866051296217558e-11
1.2267371559815572e-79
1.1116644715100908e-115
2.9555158087653272e-130
1.2994100549912458e-24
4.7119367173962848e-58
1.6761113235270781e-116
1.398580985986388e-175
1.3515400647412874e-91
4.3003487940898788e-215
1.4472573834996583e-272
0
0
2.8258093064929461e-296
3.9323498747558514e-124
0
1.022530956752519e-56
1.8781129604932848e-57
1.3593193955304073e-17
0
2.8150586609290854e-84
6.2728545332898527e-17
0.93633002206906968
6.3350625825098781e-10
7.4903427462914902e-05
4.2185045872938793e-13
2.7317539728667599e-41
8.9933477451216424e-62
3.4925848464016949e-05
8.8090242162694893e-08
0.0034255167114297506
1.3655112286822417e-38
9.4639105356037286e-51
4.3907175725755069e-107
5.7658028544613103e-34
4.2442286729357011e-67
4.1966205010600675e-123
9.166070192118154e-36
3.5680241089457593e-129
1.2671014380892796e-150
1.1176937510937264e-206
2.0805546752479182e-101
4.1713679862968378e-35
0.00034064654789003359
1.1155535595263152e-22
5.8165655787502604e-35
1.0049989675963858e-90
2.8160816465282603e-30
2.9834505644451698e-73
2.2454364901515368e-164
1.6103684019870709e-186
1.1953698292082397e-189
1.2145760161974008e-259
2.3420565519729408e-40
4.3704470901707142e-134
8.6886975154817594e-181
4.8857367097408271e-203
4.4938432028382427e-277
6.2165482430383835e-159
8.7866932575687394e-275
2.1241239245294209e-287
5.4974780154668372e-266
0
1.8284661086510984e-131
2.6960416997063419e-26
0.60971583694940623
1.4594577608671531e-30
0.176719405080247
4.8744653006666517e-74
6.4596429837737591e-91
1.5508442742835617e-153
0.047440799445081616
3.8778316448041162e-79
4.9177081133717487e-128
1.772259918334094e-228
9.700382286332914e-77
1.7968803461566635e-248
1.3927921762720561e-232
0
2.4299659968826044e-19
2.1931870555430099e-155
5.3732892149703842e-225
0
2.06700158242136e-310
0
0
0
1.8430539394781589e-257
6.551604033797843e-19
6.6236401901470852e-29
2.7209990046138501e-16
4.7882870146770643e-125
1.6492506442299624e-91
2.3951330564971394e-14
1.5718329510059635e-16
0.0012391853893108005
6.9583570825972926e-33
6.1112927573597416e-67
4.5029930992785914e-160
0.31205651255870681
2.1157921663962789e-24
1.487332399125021e-53
4.4343680021327863e-181
1.8261713516995229e-45
1.9028361982346795e-131
4.4412940092941905e-168
9.4849844452123536e-271
5.0704102205537316e-129
1.1145804403023599e-115
4.1184600537893718e-73
5.2554034240342162e-24
1.579815971304495e-12
0.4870050955602967
0.00020550312721418889
4.6148574888610368e-14
8.8438588302691326e-51
2.5215720285087143e-52
1.7103325029500045e-07
3.4543439647365957e-41
5.8452284932479551e-08
1.028868108050388e-63
1.0890425598434552e-71
3.1652899240541042e-172
2.180941002578053e-84
2.5390360029226281e-40
1.0624913249170142e-132
1.8113612222285425e-209
2.1234499561444963e-173
7.5090369702857358e-278
0.00076043897204142175
1.9081579435648151e-65
0.0014459654961522215
0.00020435403363859702
2.859861125455123e-23
3.7868597272645153e-30
4.2984458695565205e-101
2.1606956762478414e-77
5.385820498558126e-27
4.7767029073130906e-124
2.8818334006087876e-187
3.9702477217689401e-221
6.3190843112142981e-172
1.171637337414702e-273
8.9200239822991034e-96
6.6276424171867078e-05
4.0416404308036472e-59
1.4213347534706035e-117
3.242293061965909e-153
1.4149089054050863e-138
2.5546911240442564e-282
3.8814474478805689e-291
8.1501714443441992e-207
1.4487320270169089e-74
6.2523383064032282e-206
4.4422416652504905e-292
1.0558159782997706e-292
2.0755921650282377e-230
0
0
0
1.7604024417278292e-40
1.7034572717052749e-86
8.8237748099160523e-18
3.9948798449872411e-265
1.3078772541079808e-19
4.0916593427710332e-10
1.3244601768146205e-15
3.0249836354868398e-225
1.2463569504730938e-84
3.5912255624694752e-11
0.01663000746744361
1.8740428317264226e-26
1.3210192206487872e-05
0.00015603461292533057
2.8507507306001405e-30
6.2640933875387295e-87
1.3148938621399743e-102
1.2767489438869845e-06
5.3107290884801279e-29
4.9620052596422761e-06
6.8325393714943564e-07
1.1944968748452093e-34
2.4458612428011543e-13
1.5613593831427857e-15
3.7849968061931094e-63
8.8667161160508322e-10
8.7211909020388444e-83
7.7002263384611642e-76
6.0832206772793846e-169
8.971504913872842e-31
1.2249846670735897e-26
0.52213094325697107
1.0885838986918997e-07
2.7618338595910433e-07
7.6532435435398235e-74
3.5107645957662347e-25
1.180674535332693e-42
9.9945188042816394e-127
1.1628244058280848e-132
1.9134334620725199e-105
1.8101450938589209e-206
8.136704773256086e-05
6.7142097204580082e-68
4.0000318094588661e-115
8.8795828933532197e-94
5.1260497333757509e-200
8.4399820375583387e-87
7.4204033730045819e-195
2.2842847000297848e-194
5.111596941423538e-165
4.7792021158459456e-301
3.5070264976564872e-14
4.7504932484328556e-12
0.0002458219955495437
3.362282266764962e-10
4.5543269890532164e-33
7.5716298383746337e-15
1.2848296471958039e-26
2.542089620923529e-111
0.0088337417552268715
2.5999348816971742e-34
3.5712855108718787e-83
1.1235617209286977e-154
2.3580424636818553e-25
2.4095043745644676e-165
5.889352189191661e-146
4.1092697701488739e-253
0.00032750702102767965
2.0426571246789796e-87
1.6891195222146431e-137
7.4704940934451413e-232
3.4493478679067654e-206
3.0864314520628871e-309
0
1.9675107288219399e-257
1.5346537953016338e-136
9.0617284369659255e-57
2.3860613091628187e-30
0.23646292281602127
2.5549105659772955e-24
1.2897583074584993e-41
3.2069435652542439e-22
9.5694663900860064e-09
0.033518016667966784
1.2774355235317306e-29
3.574420298198208e-32
6.5597412508045963e-105
2.309566081310545e-14
0.35046824423069067
1.7854971639991747e-19
6.7103242766874362e-92
1.3472834582023408e-60
8.7668170490564886e-83
9.3149384212810801e-102
1.4853131367007363e-187
8.1227868605978575e-43
1.7384700657847799e-06
1.1047044477575742e-14
3.7054077856178054e-29
2.4653269127790355e-05
3.1645099888001914e-07
3.3442670274395518e-31
2.6694744739568411e-05
0.032567715180237544
3.470985694295035e-12
1.3077588884810766e-12
4.1240433997546599e-08
0.0047489931876286955
3.4080086898159013e-33
6.4234361665580925e-62
5.2870385878465685e-94
2.1754626074807799e-71
8.3745459955432338e-17
2.1059288759674035e-90
3.8941803216937704e-141
3.3816659472563562e-120
4.0907223344749684e-206
1.9073187586851816e-48
2.7857506905426493e-05
0.00051479652677701099
0.14961141385108928
0.00010252497465149502
6.3904555351564936e-05
3.7007748891248601e-24
3.4008302531553399e-63
6.4152260625722741e-08
3.9446488686046186e-85
3.2138614208510998e-117
1.0876207586419326e-146
1.238518666563294e-111
3.4576974084962811e-210
6.6848856127813614e-134
9.460031923251829e-07
1.5648908002016811e-17
2.4603772693148623e-32
2.6137391849035132e-114
2.3782004792472201e-104
4.3043401667979238e-192
4.0463883750976444e-214
9.9741178256985907e-204
2.1395448577169059e-25
1.4438676709826537e-172
1.7612778818097025e-200
5.9808220091620004e-269
2.0179789109089768e-202
0
3.0864314520628871e-309
0.00011714822555923055
0.6077083879599523
0.13005162838755138
6.2740903499691867e-31
1.7709984696322209e-27
0.057449707310054311
2.3786673619963839e-10
3.9733998878079894e-69
1.5801902481301479e-70
0.00032778730281996063
0.1953023435509591
0.1110970544810615
7.3627108743602643e-14
0.11001486446995136
2.8490678531815554e-13
5.0562120184120843e-81
1.6373767630252951e-17
1.2180785423956139e-13
5.8911534277587457e-10
3.7418086079392646e-06
0.0012212853490829207
0.16166463526789207
1.0304611351841604e-09
0.60239952999454327
0.10780758536318309
0.18590435550712042
1.9945141547724983e-06
0.49737647271193486
1.3199451839010406e-20
7.3601613218662874e-86
2.4792126900766382e-17
2.8957761338126153e-09
9.8532442095728939e-12
0.12040540978275645
0.96679923304353232
8.7477317705388391e-16
0.063717945026575518
1.2530742723673987e-14
0.0067408475161064253
2.2463593619786114e-21
0.044089413850075428
1.7009756423766868e-26
0.16012084796951565
0.76874347836663959
4.3075164494411163e-25
5.2394021692747054e-16
2.5139237359182902e-07
0.00027076907115254379
0.36715452704664503
0.026558788324524244
5.7538678753053495e-21
3.9457667369711846e-100
7.1411780841747778e-43
1.5911817435366509e-18
0.37251439955594368
3.5973647143252316e-21
0.51053166457923638
0.10872844221277905
8.8489141494091403e-17
6.2342868493853833e-12
0.042557844996241039
1.5203319191377278e-05
1.0816795420119691e-76
0.0029705144255835329
5.5992287694781635e-22
1.088266767180512e-18
3.8210794137503695e-27
1.6133037011548788e-20
0.33429539589405766
0.57715908018756379
4.358839355133405e-29
2.7772261150873055e-07
4.1798850670948933e-07
1.5035721351274125e-127
0.00011714822555923055
2.968872504340573e-60
4.059518766681589e-52
1.21212537516626e-13
2.2413068042469878e-10
4.6429996347261232e-08
4.9422328375503061e-17
0.00010658199016226592
6.5843245143030493e-09
5.7532323677414797e-05
0.0010689015680311912
2.8240099785498946e-23
0.00023486551006308479
2.7426568112964803e-16
4.5814485769091292e-05
0.16022007188342013
0.82243692466091056
9.3028381287535916e-14
0.36781006283840539
5.3794307434572178e-09
0.00022208166926334592
5.8088097325009496e-11
0.79713976300118428
6.4101317924064423e-05
1.7978750661900107e-24
5.0467397528288636e-13
5.2219523326092045e-08
2.604756039029988e-11
5.6430628242506242e-10
0.07113590628864859
0.16413028800276755
8.1399718422887619e-42
3.2421113504172864e-05
1.0266985426772977e-05
0.87135339372199416
0.0032858175668841368
2.2561781470569045e-95
8.718588128290265e-22
0.010774477344644335
1.5796235978378883e-25
3.8682269798304612e-12
0.018923466514374598
1.1691186347978411e-25
0.018788565909534059
3.1975360732128501e-13
1.6873444102602631e-16
1.7770850664768851e-24
0.64976211118895466
1.1577668769723872e-12
0.37716184330750807
0.012586017964219563
1.1272297818493901e-14
0.70857888379646494
0.50493951372010315
5.5720607493726943e-14
0.0084953340092396266
7.0404493775686318e-08
0.64964346468015655
1.3204518988651723e-40
2.9408578459968334e-22
1.7969661198530775e-24
0.043309637336321108
2.3847671570324373e-23
0.30474385614293981
1.8956448131196843e-05
0.01044175839178979
4.9480707992531868e-70
2.367147461250761e-29
1.7303589177141841e-43
4.9482875836132934e-08
7.4260915983125668e-79
4.0310681699851376e-31
1.6841720147814965e-101
1.5035721351274125e-127
0
1.3360992483071965e-59
3.8332672671449784e-69
7.9145722118309793e-25
1.1776846406923967e-12
1.4711037503579907e-10
0.62604272233943115
8.5115017648235698e-67
1.6341896318717008e-07
0.10121706446292576
9.0065645048033937e-07
4.3713525423730824e-07
1.809082762475047e-11
0.94422842885122849
2.5654318986460655e-09
4.4244751445885548e-78
8.4857593948909523e-05
6.7066546308925003e-05
2.7731433784784902e-10
0.10061780809496676
1.5347851427333664e-07
0.4307435393023592
7.6015319971175803e-15
0.00028288192026214147
0.48931350261070206
0.0042829758716490555
4.1850428034597777e-05
0.10085047898429758
1.4853435337400161e-08
5.3014527054992049e-64
0.0026672009512856863
0.00062910992280954068
0.0054362075421379736
1.0204604675146244e-32
2.3753370909602542e-18
8.8650460253103695e-05
1.0940747132568245e-06
3.8154333591649852e-10
3.8293768589096421e-06
5.5051127166420932e-21
0.0019094636538826491
9.7224422745032639e-14
2.213756947733385e-30
0.6606751125274003
2.2828040433766799e-11
2.6453816878153087e-07
1.3602822266219936e-15
1.0840282141655762e-07
8.7571558584169286e-17
6.6919530066307918e-05
2.9745093746737438e-68
3.5002805653480394e-124
2.6196262825552543e-09
1.9751740279510313e-09
2.9660635401940373e-14
2.8804879279949716e-06
7.6575919040766773e-26
2.826828988002363e-10
2.7357659466096149e-20
5.4227892618866131e-21
2.0458322923239473e-08
0.11820788572755805
6.8858749420842688e-22
0.53782881619894596
3.2693306497329408e-39
0.012523297006625918
6.2653796625541654e-05
5.6489692283605561e-34
5.1262763415401436e-06
0.0079827246530487419
1.0972410560559955e-07
5.3815948122864211e-32
3.9474691349981362e-40
2.6018917281027525e-209
0
7.7303795237983986e-05
8.2628282113091415e-06
8.5196202685667075e-09
4.5639977187866395e-09
0.45779169325479385
5.9420166478436108e-14
0.047272832954609913
0.00031743613357415552
1.2568757652390239e-13
0.16565536537517253
0.00081194771695126922
4.7334592507653934e-05
0.007508715007634355
0.0015334590573399132
6.255304883843954e-08
0.012683096800779097
3.5310619575642563e-11
0.47217966457076754
0.098284525774611664
0.0021166527415004167
1.425521551971128e-16
3.8846880889824272e-137
0.046656110841744744
0.0083929760588847199
0.0047641989033240517
1.4200409945020163e-15
0.00076043897204142175
1.1437025033783659e-56
1.4519753565584122e-20
1.8531166832419879e-16
7.8716166566097406e-36
0.0030846871001352079
3.1125514770454417e-05
1.2682490145547345e-05
0.17774510772108762
1.7611321949559399e-07
0.04609594173027224
0.76447995235600896
7.8281932717850942e-14
0.16286839116687551
7.028942791005873e-06
0.20140010728407692
3.461346127687403e-25
5.2768095443180947e-06
1.7320759162372375e-10
1.440101471550009e-17
0.20338606161961142
5.4166617281400734e-05
8.305791315753204e-05
0.49074502152201149
8.0396980909979405e-25
0.11336315443367692
5.4503316503822503e-17
0.0027087725614794813
1.2828000539474736e-08
0.063894489091900625
8.6833303370655178e-23
1.5948868563328606e-30
1.5179701185366342e-12
5.7300571840497309e-10
0.00039603528963804167
4.0358619179153572e-44
7.9827940956554801e-10
1.9800741455877886e-21
1.9583913318951579e-39
9.4755074796334376e-77
1.1679185346975786e-07
3.7905629678328193e-70
1.8986824841832399e-40
5.2818387174924854e-105
2.2719527429270777e-66
1.5511001978774158e-152
2.6018917281027525e-209
3.4619750469578386e-10
1.1748431548874728e-09
2.9963760353884118e-40
9.5073280716926031e-168
0
2.1939506201517254e-40
0.00029502018717546681
0
0
7.1205453547068652e-306
2.1839823743124043e-80
8.9094170868930121e-70
0.0047813615089026245
0.038780877992918503
4.0183367194560326e-05
0
0
3.9312450337066132e-147
1.8137401419946832e-273
3.6582964649175989e-260
1.0567787937172004e-69
7.6203761681149439e-23
4.1740123194573411e-57
0.0031085303820724179
9.5221049247167741e-26
0.014894317783443006
8.7980820485395134e-07
2.3785444682710371e-11
4.7968216477510019e-09
4.4617757385478786e-298
0
3.7235813712904695e-144
9.3701089421283669e-295
1.2090181159329859e-126
1.7664542627962238e-08
9.8123967648269082e-261
1.0156747159578422e-221
3.7290639792073503e-39
7.0556029020539143e-28
3.6493729718969049e-14
1.5977804499778065e-33
1.3776767531192611e-37
5.473834763656223e-22
0.092736808278323701
6.9797346515409503e-33
8.6970128101295022e-169
0.082303285682785665
9.1563238242995971e-24
0.0002596116010856901
3.8804296587671601e-05
0.0011642287655011015
2.6920067024622698e-250
0
4.7516492430198268e-264
2.0778955251640348e-111
5.615738530609102e-243
5.5811432960000097e-237
2.6067578312638861e-41
0.0057975528383225972
1.7825016491505109e-183
1.1210794324325769e-216
5.9533423090185158e-124
4.5888295844029523e-29
4.5931849057014055e-11
1.0733261142814438e-45
1.231358794790609e-64
7.7243408232603635e-76
1.0353876839494025e-09
3.4358061124230277e-06
1.6881824670587172e-19
1.359542846980048e-183
5.0065575664714251e-24
1.2250769445939074e-70
1.5421177929787809e-11
3.968203043371978e-10
0
1.2496458515849783e-265
1.2250167216076117e-271
1.3846406191617859e-28
6.6250829244858623e-07
9.8398760270233443e-174
2.2218130931344267e-303
9.4742496314614568e-284
1.7705420686586153e-05
3.1847130343436008e-231
1.3247209869207565e-171
6.8194324231171701e-05
3.3687541752918305e-38
4.6000852922372737e-15
0.00021548386283312714
0.15158948844671788
6.0546994858178642e-182
0.00020907877727742362
0.042390742951148468
0.24628869866198691
0.0016153960881006824
5.1749231917784022e-72
1.146665298639348e-274
3.1982420938769643e-288
1.4547325413434627e-293
2.6792494397823726e-197
1.9971868188460088e-272
7.0435476548400771e-247
1.2939168383829393e-217
1.2809591215745028e-10
0.29200447859802453
8.5982554143062032e-195
1.6676971217548167e-232
1.2585189162581459e-219
2.1229413986314706e-187
1.3623238707018897e-106
1.379326532186013e-24
3.1403162036958874e-06
4.8089639119323209e-08
1.3143504227542719e-14
4.9431739851037079e-14
1.402367841576772e-33
3.0967778105679158e-48
1.3960401715427915e-09
4.4540707733924361e-35
2.4972733560795792e-26
1.9355235058377792e-20
3.1933068825371273e-09
0.026804993612858437
1.174253165020615e-160
0.00027298611395865666
0.066550656928719268
0.11135090302943131
2.0241510239070272e-177
8.0108218318835636e-98
7.0603763896912508e-176
4.0583525752586066e-169
2.8337146582124292e-06
3.6370375474126377e-10
6.6978129338354259e-06
6.2842428619709862e-72
1.1724768900804637e-06
0.73623384282708426
2.8443041859351006e-113
1.5875036279376047e-111
2.7404356636701063e-14
0.00060080249753127356
0.001590903012607949
7.5970122573781394e-109
4.0844263484235215e-18
0.0020067551296728569
1.7749433183920177e-18
1.5421177929787809e-11
3.253499681604906e-49
6.3166185284009335e-17
1.3078298001916914e-09
3.1373743461972102e-35
1.2430350095073655e-32
0.0007756117122704213
1.0345668630042165e-05
6.9094929947684065e-50
3.7317556476592752e-21
1.3510170079127426e-24
7.0843764185195408e-15
9.985098572112134e-11
3.2832789183653651e-06
0.00049741251716459405
1.8275473704077317e-05
2.5406851823511981e-53
2.604960252874605e-23
1.1985077307445833e-25
5.020848146896647e-12
1.1884952167244781e-49
1.2983158793479469e-10
0.60936151033066011
3.5718250039514457e-22
1.6729251476194464e-05
0.012218837309231127
3.1695219936484695e-13
0.065820608711593273
9.3198230667473215e-13
5.2140079881912871e-28
8.5853474177888925e-104
1.2535585395484524e-05
1.503255798240624e-12
0.029723613091035536
3.0048899025996534e-06
0.0003809647429740985
1.9523837690108414e-07
1.82243622796069e-22
6.8750086408900673e-16
4.4172981260120702e-10
3.113213102579948e-17
3.349143094151558e-23
1.2362421325859681e-86
0.00089079888110221695
1.1353403489875909e-10
7.2068657563861104e-09
1.2171221860830001e-17
8.5081620977939717e-89
1.0730343197880144e-11
5.3310756500014087e-85
1.3960666467421346e-70
2.3259461007261569e-91
8.6860717147599832e-214
6.6446511154597752e-11
3.228509800026056e-12
0.019589729781632367
7.0843636104842722e-17
6.4684577209997549e-12
0.0044939532994975597
5.1288166905293827e-05
1.4609122457607428e-48
5.0237036680710268e-05
3.1936217073470764e-05
4.8310334673866386e-09
5.2288551283530321e-34
0.024986328363117167
5.6106834983420462e-46
2.9018357429797996e-39
3.7889658851235622e-146
2.7800964524710305e-06
2.0713333254897724e-24
7.4621927727158474e-26
1.081692495496387e-123
1.3222368687811545e-123
1.1224975696658692e-255
3.253499681604906e-49
7.6455219853073161e-13
1.4391785133039015e-08
3.0517603254117805e-35
2.7788321600738538e-06
0.006169754990741118
2.9921661606901902e-08
2.4739550495752769e-21
8.2901847516847786e-32
8.1571117772353552e-23
3.4797578116180788e-06
6.6021408556445561e-50
5.0939184301298288e-06
1.4333675975437835e-07
5.4691608217967906e-11
0.0020399650903999947
0.066872356789794196
6.6496771557459816e-13
1.2163587151558958e-35
4.5634428546273982e-06
3.7201327094334968e-57
1.9760991760506224e-89
8.0524814618122317e-17
1.3823264341285975e-11
1.9496617279917364e-05
0.00019262184748211264
4.314919537419014e-10
0.0010556062485373595
7.2660450897082107e-17
2.9362854146979722e-11
0.65711728485816701
9.5291753537541627e-10
7.7621975498235553e-09
4.8383250077179396e-08
6.8284151444841042e-05
0.0014134006364998335
7.3117690645529763e-31
1.5198717837375049e-07
2.5036144637692898e-26
0.29288423185678181
3.5518367040744214e-05
1.6043775567739806e-55
6.9279256821609459e-13
5.1924583720159158e-78
2.207716836029691e-54
2.0290696205114755e-07
1.910485448751293e-09
0.011916853480752309
7.1181170899943918e-07
9.5693929896406818e-05
3.0578284563986305e-05
3.0425738346742295e-20
0.00099858236321196205
0.0002360813737391355
2.3658768196228294e-18
2.3087745548039433e-42
7.2214115449008888e-12
4.6074630603640168e-84
6.5885861900785114e-95
8.9632406099501978e-13
7.4257999604201307e-21
1.5330751051908037e-15
4.2568055742053896e-32
4.8447861035572019e-09
1.6413904893530499e-70
9.1271688803513609e-117
2.3482923268393969e-126
5.8399309553613024e-28
7.6686978842216226e-55
8.0822779338701585e-94
1.4018981929244999e-163
3.4011378983147572e-85
1.0607610252658073e-203
1.1224975696658692e-255
0
0
2.2691704883421581e-259
1.0668071060023734e-175
0
1.5014927760044012e-61
4.4432870620161581e-46
1.8689276853134446e-22
0
4.4506053379322244e-58
4.5555216008371966e-17
0.14169315023055262
3.4133899566738086e-18
2.5722091198536932e-08
2.9571011877899076e-10
2.9182886111259455e-39
1.227489846309729e-61
0.0015139288918804348
6.950346272026017e-10
1.4701784523660445e-05
5.0409898737485898e-32
1.2983531400021346e-49
6.1140269484060486e-95
1.5644073834795067e-22
5.5215853512903886e-56
7.846953802627961e-128
2.1244279055501925e-25
7.2805911619422286e-139
6.1485360661990587e-139
9.9558870558759938e-199
5.5902582735314142e-113
1.3374672613065826e-18
0.15512855298118752
7.2303218393271657e-22
9.775096126546388e-50
5.5031726550056257e-100
4.1943987749954981e-33
1.724387185307206e-80
8.6460761819002527e-174
7.3225089525617244e-194
2.0617838267762063e-176
3.6701970073800559e-274
2.8398577463094183e-42
2.4897151868101118e-115
2.4415470842693764e-174
1.7921082130945817e-208
1.7865671833911808e-286
7.4031717201056003e-158
1.276412845047299e-293
1.577448410356369e-268
3.3845472395316147e-271
0
1.3750907775252376e-114
5.7078189552893327e-21
0.096574110412675065
1.2038562728482794e-24
0.044010856351381945
1.5841360757557497e-76
1.678495487579234e-100
7.414209626489954e-176
0.14811904531235651
5.217320745259426e-79
3.0574272248517771e-124
1.8424370297671299e-237
1.7454492014265349e-71
4.9138913696069697e-233
1.9078515567750934e-230
0
2.1199211415153386e-27
2.2873221932332948e-155
1.0151034822517655e-227
0
0
0
0
0
1.488037601559827e-271
1.8249551233554131e-17
2.4628929131057579e-32
1.0828592009274492e-09
2.9920034290313053e-150
2.1781756139710532e-76
2.6332127136769961e-10
3.8539767289190642e-22
0.008683280197418302
1.1364244896702003e-37
1.042876702294239e-56
1.0216535998309988e-178
0.020646303854218714
8.0821568438043529e-16
7.4610024217446897e-52
1.3970820698777143e-184
6.2552868957721996e-44
9.3514659534661991e-130
1.2798896398277568e-161
7.1037385061294437e-268
7.0902211764378805e-154
5.2783378176758449e-72
3.2007093606294491e-64
2.106117703155977e-33
1.0924412442244156e-11
0.15561211682029225
0.0044013253457576658
4.4990260285600244e-12
4.0407411122073679e-46
5.5953040236960174e-50
0.00046218731948945548
5.1738175366047032e-41
7.0003277712681522e-10
3.2614919212678618e-55
9.7240311402307692e-68
1.1966079896115507e-152
5.0110981703116014e-91
4.8484232243309912e-38
3.9380550848413174e-137
1.7752083998147917e-208
1.4835761181173227e-168
2.336511375724971e-286
8.8199278983054852e-06
3.2501103040869848e-58
0.00023395765147103507
1.6585655746487416e-06
3.2017114643164258e-25
4.6010163070994276e-28
2.3405474766109336e-96
1.467195587914643e-63
9.7894919567584033e-19
1.5293207823611375e-120
2.3095273951571364e-185
1.4969137862818719e-198
1.7449010173635781e-166
1.2220488134442954e-285
2.052731638726297e-94
4.5284496336129085e-06
4.8324024504864994e-62
1.6819705800598306e-123
9.0035495599820392e-135
3.2156565206639063e-140
8.2241239241515987e-265
9.7541313848784591e-304
9.552677720273024e-203
7.7383301558062909e-73
7.8470781646402408e-207
2.2833352270943918e-282
0
8.4701304326513943e-221
0
0
0
1.8049715811989412e-74
3.1509997163209702e-84
7.8626935455202133e-33
1.4113481738463903e-226
1.0979504160330319e-17
8.8167768930513519e-21
2.125416479208294e-14
2.0658074455002098e-206
1.70978839069553e-77
4.6804595035387788e-19
0.030956460845824693
3.1588599482385648e-22
3.8424219238240865e-09
0.0045591803076396658
5.7015181228492802e-35
6.6825664085229021e-76
1.0843214254376988e-98
3.3132378080473867e-06
9.6015797446062954e-27
5.3260722742694059e-14
2.9224406973473848e-13
5.4182450228227287e-39
2.7899752466709412e-08
3.0608134020535774e-11
1.4496019157576059e-60
0.0011857451668993622
2.2555245900391265e-73
1.7823962845355207e-87
7.3389323240684474e-169
2.9255332908671775e-14
3.3260262305505868e-18
0.44185347952198517
5.1513177813483505e-13
1.3078417415836914e-08
7.7422686406952085e-69
1.2707475167089713e-23
4.2489626216953429e-38
1.5194255768464128e-127
8.9152165707357793e-137
1.2780503195263942e-91
1.0632134529945574e-213
2.1969623442546211e-05
7.9019823150829474e-60
6.9914338549055197e-113
4.5277045896082285e-100
5.1453443789584641e-212
2.9699729651434377e-89
7.7660123336617876e-211
3.3566039900359554e-214
1.1037352128842507e-169
5.120475725343318e-304
9.6439233044065685e-19
1.567233709523699e-07
0.14084570810286434
9.3806881224079771e-14
7.0146648345935438e-40
3.4373000492146898e-18
2.9436730363909834e-32
1.0864972058879561e-103
8.9149367382224317e-09
1.9881670353815981e-46
2.320279540523922e-70
9.7368652344952286e-159
9.2885735049418858e-26
1.8081514726584058e-169
5.443307741673021e-146
7.1256651700863619e-247
2.4587014553239115e-10
3.0831238637863105e-77
4.3161579954603708e-141
2.0355272358109125e-239
9.4754315116403895e-221
0
0
3.3923215959714185e-216
4.5854891316803318e-121
2.1702434628008651e-76
3.1651656996191469e-39
0.82254044908714419
4.2905749532435887e-35
1.5727715964877452e-37
3.630046220979003e-21
3.4234163185644345e-07
0.0095126297830330254
1.9877365348197068e-29
7.018717349484367e-32
8.2204289155489934e-104
1.8769746142330073e-12
0.12248049469441426
1.7277522404720573e-18
5.2742219774231963e-106
1.5892959642914763e-48
2.2451509342646746e-79
1.1924951218469291e-104
2.0137352202931302e-202
7.4890524211964631e-32
4.9028120694614662e-12
1.904704486619148e-20
1.5980328650187474e-24
1.9298890269023816e-08
5.4862464556816807e-05
6.9414924196391222e-37
2.5267215062017126e-06
0.016909561860002194
3.9127350544072854e-13
8.1263749602714179e-11
6.0278805037697468e-10
0.013321505910607613
1.9499647760709245e-32
9.3567947311028803e-55
4.6857924347730783e-106
1.4317909472383136e-76
2.3537069452289273e-15
3.2733156409112162e-78
4.8594693254387346e-130
1.4585263645365252e-127
4.5534600771611237e-213
7.4550648910071024e-47
2.0093889681238614e-07
4.8138632878119561e-14
0.033372020005280521
0.0016227483505056569
5.9052802720379789e-06
6.3270570797449431e-29
5.0280690181428007e-60
6.953667284891708e-10
2.3836847050087997e-89
5.9782617987256094e-126
1.9604682845278748e-143
1.4190990803086205e-106
1.3229731396894424e-212
4.1592586614243291e-124
6.4440015841041152e-05
1.9175728944590484e-23
9.1191773103332389e-33
8.7490085616701173e-118
1.3478414457242129e-120
3.0520324674851788e-203
2.2531443506460817e-231
2.0069545098687833e-194
3.8218247970698689e-32
3.6533512471260572e-169
3.1452524207755777e-211
5.5138898564953662e-256
3.2783269688510446e-202
1.919013003090905e-304
0
0.23153200840814359
0.003147816472687645
0.00029438869460176009
5.2715134358669691e-33
1.2214854556264786e-31
0.2345619974007169
1.5438155203052386e-14
5.1201416019032602e-57
7.9202286896476272e-56
5.8205385547435326e-06
0.061633749858282662
0.00036396286005503371
1.8239475230910661e-16
0.54861612013801353
1.204132053004778e-20
1.6769206105026663e-72
2.8485920479517381e-10
1.7515478563355057e-08
1.1592471301816116e-07
2.0257204563362394e-08
2.4219572216856435e-06
0.33245250648954611
2.5512424115074988e-16
0.60865294756501709
0.32368691149787682
0.20068184361191682
2.9309880749399765e-08
0.53200742581483951
1.2168642477325912e-25
1.1333175731212208e-90
1.6533071287353087e-25
4.3275768652176844e-12
2.9040485066885196e-14
0.0006193576431706764
0.22217201285612981
2.1099055488519244e-13
3.9654063835026576e-05
1.4959520766652736e-12
0.027729592802976658
2.109336410660213e-15
0.022880249916552999
1.2353325040506941e-19
0.50348982509558549
0.066184719439705719
2.0923928853372409e-25
1.527398795926254e-13
0.00017222310413271335
0.044357479422517276
0.053021406181048308
0.039385616048830785
2.1206283226207338e-16
2.2870911140893096e-110
3.774060474792324e-41
7.0235663798170351e-27
0.2500359055588337
4.3945880925123418e-24
0.32368691149787682
0.0008793031754577499
1.6094506918261208e-23
5.8025244840719788e-15
0.024237822214037866
6.9304533459155486e-10
4.7682189691159788e-56
0.19501019882428958
2.4884227606223022e-26
2.6476419861001026e-21
1.2045956149384516e-25
8.9889398300484176e-16
0.53155181669785589
0.63932156886600144
1.4012880536118499e-26
1.9479237525669653e-05
4.6806197482175288e-06
3.6296274133203755e-134
0.23153200840814359
1.1860412966568298e-66
4.0989407750670653e-57
1.0808108941504401e-16
5.6359851241178537e-22
0.063806161548527668
3.7026509394665164e-27
0.0080581515995934178
1.3582669769503474e-15
0.025909385737129916
0.00011235227742721462
2.1322537919728916e-20
0.37488095729592502
1.277985822627641e-13
2.8622080967613116e-06
0.020285734822777353
0.43239490605762892
3.8877466073911011e-18
0.0060993150882243117
1.0936680887938818e-07
0.00012321281733819185
4.5632344079506356e-08
0.0246916786645777
3.3628553210866791e-09
1.7803536310029767e-13
2.5851720354246629e-15
7.5230106379850373e-17
1.684085643182117e-11
1.1858609024992428e-14
0.35603478795679822
0.0040603247208221508
5.2152827245175581e-63
6.3657613331543439e-11
1.7454689805569163e-11
0.47337060463796432
0.011121610190793772
9.8170689241164329e-74
3.910255522188283e-21
0.33026771152079148
3.1389509507621688e-28
3.1392004814905482e-09
0.018831067485795817
1.6536927158381068e-30
0.14498972099777957
1.7862533837943964e-20
5.0778118823404343e-11
3.1260692294082592e-20
0.43945226287715899
3.8108456829498783e-16
0.36837255202184932
0.056395735525929219
6.6387622050948559e-27
0.054531574892219215
0.90285559840056251
2.8938158554068596e-17
0.016523176438770576
7.5726190548393615e-08
0.057329492546864022
1.3223471719978467e-62
3.3380905841162143e-13
5.2918386304711167e-29
0.019472286544300613
2.5630766851288944e-22
0.014640924819562404
2.4749811775649513e-08
3.3814838375362641e-05
2.3930388191765356e-81
4.9343279694278867e-26
2.3480877150819649e-40
1.9723181787792559e-15
6.8970147939158977e-73
3.4208704803071223e-23
2.4353904376540658e-101
3.6296274133203755e-134
0
2.5977802187235719e-42
2.5270449697098144e-70
8.0967485005659515e-40
2.3379464160936308e-10
1.293175376500006e-14
0.0099127993400648859
2.3731479073857127e-81
1.5019476534076542e-06
0.035936437046339913
0.014764289428074579
4.4548770033987988e-07
6.0755994283112844e-05
0.66980083957209668
4.278228351367036e-18
1.436742868940074e-91
0.00021180057279501891
0.00015295484005262814
1.3086519711182304e-05
0.0014110603631743723
4.192733877599223e-09
0.4397650615403681
1.8633197177694394e-12
0.00015664427293030916
0.17553787975516619
0.017226126701253251
6.5928211327999692e-05
0.049657411575399567
3.0789212079677789e-14
1.296796379222998e-76
1.1151037176629255e-05
0.00011522619620813088
2.92384529101228e-05
2.1586969663261716e-29
1.3483245118303507e-09
0.00058873585877952227
4.6073666510348111e-12
3.0529796709758568e-12
0.045202905986928957
3.7581656697020832e-22
0.01782899201589461
3.0443424098743913e-17
5.0574345440705924e-29
0.37897377356300993
4.2155610665726834e-15
0.020553672553784753
1.1315249934618822e-10
1.6287906077149581e-11
1.0673312651590645e-11
1.5968351271575858e-06
7.7805206127951574e-57
1.7459770562590236e-131
6.0346884201664292e-06
1.7831649911234572e-08
7.810324795523254e-15
1.4393808175298072e-07
1.5051415415794455e-29
2.1547700966333598e-13
2.5419154074076438e-14
3.3763373669450683e-15
5.5187567643342326e-09
0.14900360708287358
2.5823923482903908e-17
0.67997766258638548
3.5619640195791503e-34
2.7052388343383079e-06
2.1702010586943661e-09
3.148808397402081e-31
9.2772200562423317e-05
0.048700940545868612
2.3226702690494951e-05
1.6676151827415491e-20
9.9029972473682589e-34
3.0084659331207303e-201
0
2.7623474071537936e-05
4.8201357883580986e-11
7.1971340863902591e-07
2.701004924192295e-08
0.010036737341845384
1.5353492443612322e-15
0.0068642604435378103
0.0016207399630774981
2.1514559299115344e-05
0.031024444659841451
0.00077398362577837162
1.7062288095451072e-11
0.0074969236272343252
0.0012683589259799457
1.4018691930288245e-11
0.036354963062886284
2.0991533696167648e-09
0.01063360182926529
0.031504252616692478
0.086448170648361231
3.1615649088441438e-21
4.3033424345607956e-97
0.10252626981994872
0.00015535995020246805
0.21217510562212724
1.007531685665656e-14
4.0341942875540509e-08
2.349372311558766e-64
6.7438275569118414e-14
3.8707562981674245e-15
7.9212017939471565e-51
0.0094315360792067045
3.3305316810802719e-16
2.7763052844660376e-06
0.80273344985293416
0.00078413188504562813
0.020530576132542201
0.31753727535153853
5.3762675413310983e-24
0.89225925803031103
6.9786920950377743e-07
0.081556562445513722
9.43023462675165e-21
2.1375474835088795e-11
9.4433357699880977e-13
1.680934151586033e-09
0.018313183073212426
3.7688061413933416e-05
0.047914035061016831
0.8241940434745364
1.2413223886799674e-36
0.74496113671546405
7.646072517748305e-14
0.0024694640584301004
3.2144169286967241e-12
0.39985631816603506
5.5938110895106258e-18
8.0188186139439698e-46
6.3650027089311492e-07
3.5580177589900959e-06
0.21792480415290846
1.0299435742743325e-51
1.5504132268257316e-08
6.8588665498074999e-20
1.0181847893546743e-37
2.251210250788747e-86
1.4492808447797505e-05
2.6212134956427594e-66
1.8299095170396084e-37
2.2966925788198653e-110
5.8775717612773229e-62
1.0090777959382993e-142
3.0084659331207303e-201
0.00011274444357031534
3.0000606472333559e-05
1.0730921935585e-43
7.3235175544452826e-169
0
2.8785394096443666e-59
2.6992847610895231e-05
0
0
1.366983211722557e-310
1.5131197181442937e-76
5.0838154819530152e-70
8.3071273926220401e-07
0.0024225455742886773
6.2934585822417092e-06
0
0
1.1079312324933248e-138
2.8820400967889921e-286
1.3247526974053712e-254
3.5270432817082865e-69
5.8588394720161765e-21
1.4072203151162919e-55
0.0038987614599620348
8.024547684568165e-17
0.076679686129754343
0.020134112523007317
3.0351513171050708e-09
9.5739866019584304e-09
7.3027278362487358e-305
0
1.0030238863468057e-150
7.1092586295510884e-297
1.357056890276599e-120
0.00014780460907931885
7.4059002753422237e-262
6.0855686175705057e-216
4.3193680748632186e-47
2.0636074074945374e-27
6.8711142073553855e-10
1.3039562644907437e-28
6.339279877221271e-35
3.8415088449399175e-18
0.00712324141965592
2.307554637488427e-28
3.7367212422412152e-160
0.00081297096258194676
1.7488417987716669e-21
0.00017485023320931831
0.0005016506285357024
0.0063656375765013366
2.2303081787381968e-260
0
7.3360648378156732e-263
1.5529119332373696e-118
3.3170180992659158e-244
5.2254916569768065e-237
5.1513461919073449e-48
0.0051169768457067465
1.5634150484047439e-180
4.0713899319719928e-206
3.0264104981661246e-125
1.084468118595659e-42
1.480976448659076e-09
5.5450000244487323e-39
2.2731557316159267e-59
1.2528255610070555e-78
1.2589826534153959e-10
0.00024635102772392706
1.5514300253634947e-14
5.5273563781490689e-191
9.4636813509608514e-22
5.0608962028108343e-52
8.7343860219474769e-15
0.00012198628871368543
0
3.2739997806861705e-271
4.7977318832889723e-281
1.2330721415031086e-36
9.7456665374177979e-06
4.1035939910511724e-176
0
2.574246606860466e-304
0.00071694305113439983
5.0223225482772705e-236
1.1339181324038233e-164
0.0001151259013392975
1.0623161323418699e-34
3.6154738952159311e-14
0.00027593045068618761
0.2721499425655749
2.6690300577238809e-190
0.018838159920263498
0.2476270258583419
0.15997210896645672
0.035061913996277519
8.8880064395788828e-50
7.9967516435866114e-285
5.7066795781819139e-290
1.4847699167124725e-297
2.0505093194021521e-198
4.8783386482624047e-273
3.0296581138455582e-244
4.3271348510584778e-211
6.3256954460356115e-12
0.68942330560619047
2.9421458948153498e-200
2.2167977791404516e-238
5.8885316217180376e-231
1.8604527598663859e-190
6.9744595997962228e-107
1.4581165645152703e-25
0.00034313049626489954
5.7989589997246449e-05
7.9292722731102472e-11
1.3765120518148966e-15
8.0883002593555769e-30
6.7791093945832658e-44
1.3057164769256309e-06
3.8977435259171582e-38
2.6054252697040684e-25
1.7402612129018075e-20
1.6096717711312902e-09
0.010728705934834954
1.5004213511066428e-127
0.054665572103616028
0.00075217062304502673
0.54126363685023948
8.1002175824075557e-152
1.7206217282323385e-121
2.2200906101920328e-198
3.6124651272386376e-148
1.0070131020602313e-08
6.5822868649775482e-08
0.00021548386283312714
3.0602353782549152e-84
3.3874801659471032e-05
0.37025152035245829
8.5653918001309691e-98
8.9839905603408896e-100
3.0509300274281497e-13
0.0032898073141226325
0.00018344536864024926
1.8059118823979244e-104
4.1740651803120425e-17
3.171863123786295e-06
1.1365821508155269e-18
8.7343860219474769e-15
6.7928635921326003e-39
1.4881457950424561e-08
7.4230753151482077e-11
9.3531140798724519e-29
6.5934011891984047e-39
2.5428767171608795e-06
0.00010469375784703137
7.8912409424532289e-40
6.8353938916409858e-21
2.2331256982591654e-13
1.0272566880239479e-10
2.1792861692389745e-11
6.0811905523589547e-06
0.0033529293226226375
9.4385340057473783e-11
3.4303548425760081e-45
7.8112000140968393e-19
2.3838542413692161e-27
0.00018503761473902386
3.7580691234492988e-42
0.00043548139594015619
0.0054643843024312572
5.7817197501319796e-16
4.883981012133562e-05
0.0017022917294896287
6.3291784325201973e-17
0.0007496442483029928
4.1888589622412499e-19
5.511097989771644e-28
1.0964530818191714e-100
0.052928305921616826
2.4039021741313238e-08
0.058054243244948622
8.0589709526381702e-07
0.0037752204851328312
7.0617907996596269e-09
5.1411439423064082e-14
3.0164753762611341e-09
6.857293224461502e-13
4.3344713036788183e-16
1.203247462533013e-24
4.9926065810057928e-82
0.061228685118723564
2.580100496535392e-09
1.1699287203206415e-15
3.7543224066844513e-21
2.2117666640969756e-81
6.1677682723513676e-10
4.3308195625340076e-92
2.7958634586472199e-86
1.1397987607083066e-82
1.8222950647740866e-220
1.359623449124224e-10
5.0934212493852633e-14
0.16606404953566023
5.669195439069783e-24
2.1275076755539921e-14
0.00024987079520589724
0.37507069510969876
1.3071372137491244e-41
8.1974796482031258e-14
0.23267304439165848
3.9333640947472411e-08
1.5888511316174363e-31
0.014397129798345577
6.7523383214663862e-42
8.5038880364691572e-43
3.1029074902191984e-140
6.9982498519960022e-05
6.6031450654268946e-25
1.8481416357595467e-30
5.6257765557821364e-115
2.2517273232319838e-113
3.0262035899949588e-257
6.7928635921326003e-39
1.6089546391550044e-14
1.7320759162372375e-10
1.3218112240788585e-40
1.5037032694741414e-07
0.036001534869106892
0.076966824880312992
2.1380057286152091e-22
3.9694102208582023e-27
5.6170797137022131e-19
4.2617444338375689e-07
1.7448191821636674e-34
0.001016681529907312
1.8838914118684433e-10
3.0878553234245822e-15
0.015986569267324079
0.57144138493931851
1.9241039134503628e-10
9.2409082057462732e-31
1.5036525138457139e-08
9.9185872820545045e-47
1.719293242596182e-71
3.1972756015554681e-12
1.3485423978579901e-08
3.0133980880049141e-05
0.0094867551064713104
0.00013528135051295154
0.00095210772319178358
4.3600348011221744e-18
1.8956448131196843e-05
0.28645123938935546
1.6244275586166369e-08
4.5791631364088616e-09
0.00029628716414559827
3.6126370902145145e-09
0.50639097755566453
1.6456163931542279e-21
7.7146147285674572e-11
6.5550438714156256e-27
0.33959927874799206
8.3992336370693279e-07
1.776046625692239e-48
5.6976537052350395e-15
1.804598833326071e-76
1.5649107797115033e-43
3.3620680549159019e-05
2.8259926283000492e-06
2.484513646716198e-06
6.3806360067946061e-10
0.0024664430864441795
0.0028919851067419479
1.3860639571574053e-19
0.00038422796336420027
0.094104859595623438
9.019663863341098e-19
7.1931270470105809e-49
1.4802709301674747e-13
3.166187503294094e-77
9.7600829812002625e-92
1.8155467800226498e-06
1.0449209501371524e-14
1.3693729125096239e-13
1.4338783313633327e-35
3.5515643530340797e-06
3.7313429109566238e-74
5.4345788346599769e-115
1.4257614812232475e-124
2.8045804587984813e-17
8.0387691125186413e-47
1.9020832535985823e-110
5.671972509812179e-167
1.9453944596749847e-78
5.3026667317338134e-206
3.0262035899949588e-257
0
0
0
2.9133438710711331e-131
0
7.4304193126165552e-81
2.0059018837041771e-52
2.6914980596873473e-16
0
3.0342266758261206e-76
2.9935643409888364e-11
0.10570862865090687
5.6741585275935251e-14
7.5373372745549872e-08
1.8392110160676322e-10
3.1703808595240156e-43
8.8448308358207357e-64
0.00024666898365763578
1.8735107581785638e-08
0.0042984613698809774
2.380999466473343e-41
3.3781395896515287e-52
2.9470722768556209e-97
2.6482833256304421e-24
6.5449303434886469e-59
1.181908208207946e-139
2.0601072554116359e-28
9.349184355875781e-128
1.1916711779071783e-146
1.5962056475928861e-200
2.232676597912339e-98
4.8211208017786657e-29
0.006804968239377149
4.7167408330525841e-17
5.1441973387186803e-39
1.3861908795860018e-109
5.7044394485666668e-35
1.0877965205092702e-86
9.3291155003715558e-168
2.4164804085874176e-188
3.0135762577902595e-202
2.2995629224837365e-275
6.7142030650277467e-42
1.0240576660413289e-119
2.2437837672439489e-194
4.1377458305393842e-200
2.3463957892690959e-271
3.3592267948396353e-171
1.1704828386619976e-274
3.196272907991577e-284
4.6935758280098131e-272
0
4.0543112764065492e-131
3.3432824588018284e-20
0.48546895604351392
6.7827014715848314e-22
0.00011648716356775325
4.6951208000020774e-66
1.4498016890218456e-93
1.521550206596261e-182
1.3846105511176437e-05
2.4833424057506328e-72
7.4647830723150896e-145
1.1924401586089868e-234
4.3417917510985138e-89
2.7962661511320701e-237
1.100878304221103e-245
0
6.2238712558828342e-26
9.6890230240176911e-152
2.0310217363005091e-224
0
0
0
0
0
5.7535705216937958e-282
4.7096115852847501e-24
1.0111695847508486e-26
4.7097975621196322e-10
3.5507298257900073e-150
1.9346695125263334e-82
1.4313545680478257e-11
9.2155485174708363e-23
0.011138813906675675
4.1723436308805084e-34
1.6504051489048656e-67
2.1333146615074375e-168
0.037151943971024885
1.4359745307608659e-21
3.8077060580874525e-48
1.0213325081033363e-166
1.4307528704140145e-55
4.1151106931506528e-133
3.8310441247278235e-171
4.564956927050631e-270
9.3501948120313278e-135
6.9104974709316581e-79
9.9405682718747721e-74
2.1754669536379478e-37
9.5830334007655122e-09
0.14439792113162536
0.047795320240090991
5.6841799142611326e-11
3.3464969311797455e-50
7.6037232183713283e-46
0.0064645322071952768
1.7609469010043422e-43
3.7321543604893986e-08
4.7462793842568499e-58
2.3487562681095064e-72
8.8874219671052967e-181
1.8616514917613096e-90
2.6888319079222974e-36
3.1232322698090004e-146
2.105673658905904e-205
1.0987400184433269e-176
4.2831778290664648e-274
4.0453428678205935e-06
3.2508304827081103e-53
1.2593292665208167e-06
2.1716723080441721e-05
1.2290962415707348e-23
2.4673211121017349e-24
6.4241745962976294e-107
6.2105027078107253e-74
1.2864130196186872e-16
2.4383197449240874e-120
3.5556390779566331e-212
3.0064290852625204e-218
5.4568865643709562e-170
1.8590239159506288e-272
1.1604083192758471e-101
1.0033186407966859e-07
2.4911738767498416e-61
1.9906432902706838e-115
4.0426180474109337e-153
1.6234764514524259e-138
6.9080412119445672e-268
1.1779645393839165e-294
2.9105178570928992e-205
4.0620270734854445e-74
1.6972512024061197e-219
2.2255918958747818e-281
0
3.4728058603452494e-233
0
0
0
1.2131540680316567e-59
3.7736932862171815e-71
2.0466444753807726e-33
2.392034460761301e-207
1.5797557009024566e-17
2.6408689700756729e-09
1.7511890219350031e-18
4.7767637506364521e-294
3.2865004875329711e-57
4.9609129091017654e-25
0.0086157035194443059
1.7426148928119034e-16
8.5790545870420429e-05
0.0015784664025952967
2.2330295854857089e-30
5.4043871422076703e-94
1.2330425349374578e-80
4.2694974651842457e-06
2.2743976102785546e-30
0.03999909249707375
1.2880420198166092e-13
2.0468973831701471e-38
0.00050915260078142539
2.3700324723166832e-15
4.2556699987886692e-66
3.7921290981965473e-08
1.7556793260529032e-88
1.2718609003286792e-68
8.3994605796590867e-167
6.7133177866420346e-27
6.2516106951865444e-28
0.0051599795049786356
2.8740454944631736e-07
2.377034295517402e-05
1.5820401339048912e-66
1.310242650816903e-16
1.0802815711123719e-44
3.0002017566339331e-115
1.4573445424066076e-128
9.7947830960359713e-105
2.1535422356493926e-230
0.017923496132621224
1.5498166415569638e-61
2.2259882609880997e-126
4.6967394792338885e-91
4.738821638450323e-204
1.0667276658558152e-88
1.2835102455749142e-214
1.2569194009836206e-184
2.38654613665151e-167
1.1674523342975265e-294
2.3421146296138684e-15
1.5600401899778833e-06
0.029953273248018147
6.3320359085408209e-10
3.3056600631025594e-32
4.562316771812089e-17
5.2689052220650051e-25
2.3398125263703969e-100
5.154958379569177e-09
5.2205489314010944e-33
2.7065693072942375e-73
1.9329003250402172e-147
5.5349047623227242e-17
3.8495965282890494e-157
4.0240162771994112e-152
4.2833508465477311e-254
8.9791475173904773e-08
6.0242677316583687e-76
7.9496595191589736e-142
5.9106628629665667e-229
6.1277062105756833e-224
0
0
8.9586467083631845e-249
4.2976280927538797e-149
3.8925290968962368e-70
1.2076618457216247e-35
0.10577801079258234
1.0181847893546743e-37
2.9355623904673412e-38
4.8845491965084464e-26
1.1486157249305153e-05
0.0099436458491108902
1.3824225196461577e-33
1.3521215793809002e-31
3.4525317546580404e-102
9.1843927521092196e-15
0.0036422309566575802
6.0129052053447496e-18
2.3822508606136304e-111
6.4089962512736663e-53
2.2296777961568774e-82
4.2120662720091487e-97
2.0270796107430704e-185
1.4364002582044348e-39
9.5634445016308407e-06
1.3731149729687396e-15
7.3461113992452549e-18
8.7239980791546576e-10
6.9376291645523161e-06
6.9836652517941715e-35
0.00060436730702108702
0.0033004695936113674
6.9563851898506326e-15
5.0541388558528346e-13
9.1604255656204525e-05
0.018424002528966154
1.02038377196235e-29
1.7262966602814975e-52
5.5002948103064942e-100
8.1966251257143362e-71
4.728886761849897e-15
1.8585264232763134e-88
2.4243731879285508e-145
1.1496148034731057e-125
2.0453318642801657e-194
3.6746568800516514e-46
1.6558244718447546e-05
1.7187318071287573e-06
0.06591146555446524
0.02116286254559643
0.0042624123739189741
3.4015726767049768e-28
4.9123563756176752e-59
6.1079095012078122e-08
2.1660920399675408e-81
1.8651610552852739e-119
3.0024633584901905e-144
2.4938982206943545e-120
7.6817644099326121e-217
4.7560638085996447e-117
0.00631798709465267
2.7948621878155331e-15
1.1026103602081237e-36
1.0604461547990023e-107
1.809218909559755e-105
2.0265683607319533e-203
6.9012179203995831e-219
7.4086995541685982e-195
1.034704715546204e-31
1.0198618630347146e-168
6.6302085288610123e-209
2.8460442168178071e-256
7.0543586137213131e-192
0
0
0.00093278718865169748
0.0077361642027390411
0.019685645186031216
1.264592975129104e-30
2.0240807663188941e-32
0.18534351478617464
1.0422917072237791e-11
1.4232918475473964e-61
3.636752004441045e-67
0.00012707614002080284
0.0052679676558929772
0.036236796604728498
4.041108688185721e-12
0.41573863740838835
1.3071048871588557e-18
4.8803247602128812e-62
3.7808359719369785e-19
1.0841151244497218e-10
3.9984272596772851e-08
0.00036786737067181271
4.7790976301995252e-06
0.32774578231789703
1.2397525306207468e-13
0.1654003653135411
0.066025196671495923
0.46840011340413534
1.7624528588373024e-06
0.5785615190574358
2.8082286943713737e-24
9.3265400520969988e-79
6.1615048657806477e-18
1.3401534930880215e-11
1.5915979823760232e-20
0.0030105504005627278
0.33942156527599043
1.6184814993555033e-14
0.0019651740716761582
6.1024632881510225e-22
0.0011941617961045167
1.0851068224205429e-19
0.0019821932196667294
3.1870862510670831e-21
0.66292782623989543
0.013915752615491337
3.6124451597910227e-15
8.1009195780888377e-12
0.1176354251212909
0.045965041864915117
0.0030412283970353187
0.12595404874557709
2.5597741836432281e-15
6.3812236549553365e-106
7.5359887957159186e-36
5.2161132484531105e-16
0.40173483419776718
2.3135153357491217e-29
0.047172316268821554
0.011130208873934703
1.2637584542841396e-24
2.3127261362252466e-12
0.34146908453370628
4.5782198999496862e-08
4.6826175343530485e-67
8.5865617124850996e-05
3.4697076716069303e-28
1.0659709169314166e-26
2.5055605569614011e-18
1.1206794033107524e-15
0.19853949515441394
0.22081356279155437
4.8442848566764904e-25
9.957152500378567e-05
8.8833143601114561e-08
1.2522515330952808e-126
0.00093278718865169748
6.3540022631249868e-68
1.4595151910299533e-62
2.1231280233391032e-11
2.9135573676540276e-16
0.017239166306517402
3.6583355715984444e-18
0.00022877935761499087
3.1509884794681894e-12
0.004286412428028628
0.00032666758593840326
9.9093852795465691e-23
0.049029424438268604
1.7552577448169634e-13
1.1391104922675144e-06
0.33720548206683415
0.62023992211870538
1.3428294979202373e-29
0.064873453254495089
1.8289367822141717e-13
0.0018446367138377228
3.2392390028672368e-05
0.10101696319213917
9.26911838371309e-05
1.4345958553658131e-20
5.2863172159927175e-15
3.5122718496800237e-15
2.096160775183463e-09
5.5261514559636355e-08
0.0060487908784679365
0.18612908176071952
2.7579227830620786e-46
9.741288253199837e-06
1.5394864127326449e-05
0.05574845268467736
0.020194632504832288
1.5300318317398837e-71
1.4837874721052377e-22
0.30556861253327261
9.5015060093639791e-21
1.1408152075607722e-19
0.01472493025609543
3.4172507042668984e-29
0.030361956785370268
3.4617270814027582e-16
1.6669669630685234e-14
7.8887802989582916e-24
0.00037133730405143167
6.9632442474136658e-15
0.074798437771073437
0.00018664344643799067
2.9056041904031048e-18
0.35916267056896917
0.017614752025888809
1.2947944098682997e-33
0.0024765269692714614
3.3305316810802719e-16
0.44836148365418915
7.511712349755813e-54
9.7866786019765509e-18
3.795147669630322e-29
0.01764806547885096
8.858997248230205e-18
0.00081948085049343114
2.299394180306645e-06
0.0001454515163240557
5.4058241217514015e-70
5.4464292352379362e-30
4.935023068467613e-33
1.4253887824282117e-07
3.4398872139492133e-80
1.6317022365036947e-19
1.8640829503412888e-101
1.2522515330952808e-126
0
4.7037758674792759e-45
6.8658590275168265e-53
4.6021407926854939e-37
9.6513840725514893e-20
5.5950563752332856e-09
0.1462254461320969
4.4150027941975822e-72
5.5998778560703059e-11
0.0021862709162954151
4.2947182814975593e-06
0.035023792309353485
6.0000731150302876e-19
0.39985631816603506
6.3532529132687765e-10
1.0860981799604204e-73
5.6603525883547165e-05
0.0003987448213061652
2.4840329616694944e-05
0.49615773049636558
0.02182979732321071
0.0025513614368530835
1.1261324560511842e-06
5.6109731097850076e-09
0.33096576668469785
0.023827216778840379
7.0506258678035703e-05
0.0044154547811160443
2.116640471655109e-15
1.7372750311543093e-66
0.03978408967606218
5.3881233460927133e-05
0.1521112018474482
2.8454085225225054e-25
2.7552906558907636e-14
1.843107570372929e-05
3.5035320443387994e-06
2.2780351850138041e-09
0.06063616711959758
7.0437155255077174e-16
6.7196360909081086e-09
2.9762646827780123e-11
2.0206431671873099e-24
0.0019482970533858991
4.6847877369705136e-15
0.0015739084014026938
5.6348224300319892e-16
1.3943098093491924e-14
4.9723316779232993e-12
5.3682512225134716e-06
2.5478114596689008e-52
7.7313938066920445e-105
0.00011879123045074102
2.9440789198767194e-07
8.1413972678599414e-14
7.6472460450125933e-08
4.586732311810455e-34
1.4499751628665107e-06
1.7101587070701099e-14
2.4348327791230989e-19
8.6305695294545111e-14
0.96620484919939464
1.8698683574073211e-15
0.89984475435727118
2.4996119904398825e-38
0.046739016020083797
9.211367363264194e-12
6.8704750885850352e-26
0.001139765701870452
0.095999241377009145
3.853768327586341e-06
7.3682367617055206e-26
6.1191804363928447e-31
3.6064522289707541e-198
0
4.322161118121247e-05
3.2990087977592519e-08
8.7977872625962944e-09
2.3462442974763826e-13
0.63754229026575704
3.0771078060504952e-18
0.10068423707589282
0.0002531134181799874
1.8898092178675701e-12
0.0010325112803444972
0.027831875293030477
0.0028931597873077331
0.00016694019102530679
0.048220549773714219
6.7006782687202572e-15
0.11484650923233969
7.5057495413372e-11
0.26058472481960093
0.33570419320081635
5.3408885981326845e-05
7.2111770737089351e-20
3.6156666462099283e-107
0.010453904199918139
0.030607424148773751
0.12390762380450249
1.8234506055589922e-09
7.8169278430209284e-08
3.8611330363756703e-71
9.1232948332850459e-16
6.504523158168851e-23
6.0186320463656012e-46
0.0067222553422793697
0.020887429384778521
1.5083185317479729e-10
0.19170484952280167
6.978416725155857e-06
0.017252215267644786
0.024373148438556359
3.0096414558633992e-21
0.051007520530005318
2.0807610960883413e-05
0.14567513269852167
7.7906903879135222e-26
1.0511132358409818e-14
5.7288401055865828e-08
1.3375872530105615e-10
0.033615678448885314
9.9090390697395763e-06
0.0018190104228671994
0.066849331540483822
2.6521571608292846e-18
0.12704924470786366
2.7646774490580731e-15
0.00053549050181110483
7.8075997901541256e-13
0.00015952047579796902
8.0604469726183936e-22
1.7130231164569952e-44
5.0192782302636181e-05
2.1365142920188435e-11
0.00032043876598127449
1.1914129383070659e-36
3.274657484834689e-09
1.2043513964370541e-18
2.8627420265750919e-41
1.8664273344485041e-75
7.883919416384545e-12
3.3669122741861267e-59
1.5868395842209477e-43
2.9176208755628868e-99
2.6743677864074153e-55
1.3413763026878994e-121
3.6064522289707541e-198
7.581561163638508e-10
1.8578467037493073e-10
9.8581730179125087e-19
4.2516396781993569e-137
0
2.8146457725370627e-34
5.9081011702916229e-09
0
0
8.17520793004156e-305
2.9399399715001505e-82
3.7232550951055202e-58
0.002906111845885784
0.0011307808447008428
0.0001210874564554602
0
0
1.7775888842185358e-141
7.3947280039032397e-282
9.4389086225619687e-250
7.7737828398872572e-74
2.5845334782427304e-21
4.8107726988382886e-51
0.015572790156346623
6.6712573821858408e-17
2.6600760479095488e-06
0.025851963657883351
4.2555766001706512e-08
6.5546566483844753e-08
2.2610370686411429e-304
0
1.5508450967590801e-136
3.0650096155173204e-300
1.8599279387280483e-122
1.3117078270707601e-06
9.5438910110695183e-244
1.0033702587840424e-206
5.8287440409871399e-44
3.8996183509364531e-36
6.3749919306538489e-12
5.8160639601685352e-32
2.2748120486207636e-37
3.2637940697084161e-20
0.36027092610729083
4.2208188451550254e-20
1.074610347030246e-155
1.6266119175165098e-07
3.0035920532667307e-26
0.00011274444357031557
5.4983326148555739e-05
2.6399894244790633e-05
4.3520219672941219e-267
0
9.0293748690070964e-273
1.36632529985684e-97
3.2291116897958401e-240
1.0908795148777794e-234
5.4172982128379056e-44
0.0015590221772514726
2.2566779912020183e-190
1.4526532337876401e-206
6.3598213315829175e-129
4.1331371551601831e-31
1.4172195423977265e-12
1.3636045415102829e-37
4.2502039273516367e-49
2.2933928552861178e-82
7.6312115518434756e-09
0.0043313308342248112
3.2556233792720894e-20
1.0097268092833475e-168
2.4598479467297805e-24
1.7567022431001086e-67
5.4418873826064326e-21
7.581561163638508e-10
0
1.0528928533301835e-256
3.3729740289006719e-251
1.2102162902531616e-38
2.8495635827590423e-08
2.5868393430052472e-136
0
2.8921285911556387e-290
0.25541321919266119
5.132601532075154e-229
9.2207422017682865e-162
1.9496617279917364e-05
3.6775162742338759e-49
7.6178525967897874e-10
0.0030972140171192019
0.032107905878487483
6.4640494147758162e-194
0.068455045508645312
0.61834633114277482
0.009851380766928446
0.0059183680770145417
5.6683306619295016e-31
3.7942638184520478e-277
3.3676522503075993e-299
2.7474269154128943e-299
2.0474727971738085e-188
3.4006677164627057e-267
1.4114599672598101e-247
4.4622808195412242e-199
1.1776842858469109e-16
0.94598077757783428
1.026797460982003e-173
1.8225718742940269e-235
1.8165469544608749e-220
1.0644451884619433e-184
5.8808549634925074e-104
3.0878367448046431e-23
3.6137182370654566e-07
9.4385340057473073e-11
5.452106026022915e-10
1.8996097550160511e-09
1.6091329549224208e-35
1.0033089983373097e-42
0.0050299997959371819
5.3097569687273325e-38
2.28892532406528e-27
3.3056146203799791e-13
0.00022838572426323413
0.086855263924614651
1.0272464019098777e-121
0.0041560096968676985
0.00091193865102652148
0.27192250165638998
1.7784645780680307e-155
1.249254265159331e-81
6.7254370021261353e-166
1.3031667761704795e-126
9.8779242967119125e-06
8.6873720819684235e-16
0.0011321948975370174
1.360053130797248e-67
2.172063158943091e-06
0.73219604336381217
2.0608199238167689e-108
3.4974452553836406e-92
1.8962506515586899e-14
0.017063918512110064
6.4091292594354345e-09
2.0999700945130524e-110
2.5798854682668336e-20
1.4293726581966541e-07
4.3252922961444689e-23
5.4418873826064326e-21
2.7401471554401666e-44
5.7641879106790846e-11
1.1449964014896941e-11
3.9960289741735945e-26
9.1434914852041426e-28
1.0811024781313139e-05
0.003280505193586288
4.410094949987676e-44
2.3243494422486078e-20
8.3825837180626891e-18
6.5824221325900289e-12
4.0964522240842248e-09
1.3292560276899268e-10
2.6749585145164127e-07
8.2173115557752466e-08
4.9403981981351368e-54
2.195013047589938e-21
2.9257668442744066e-25
7.549721965152491e-07
1.8703315337267538e-41
0.05348916409596275
0.3466694382561199
6.3283615180814436e-15
4.0788108970863057e-07
0.015372659364716552
8.3016821104838184e-24
0.10330534565019608
5.1415662572226602e-19
1.6897942159520052e-26
2.5371885063683095e-88
0.00056507091957226196
2.3768042502661587e-07
0.071575505513538765
1.0136911941925646e-08
8.1331442905491089e-05
1.7697838981222873e-08
8.3586146909943823e-16
5.9621909406834634e-18
6.7446252461233278e-11
3.6880837144638185e-13
1.2012894205882048e-16
7.8646596820430271e-82
4.4491196397349547e-10
2.8842756718041907e-11
7.8580014276332962e-10
1.2679008899348003e-18
3.1858009619245694e-95
2.6240067984774759e-06
4.3755059387330751e-95
1.3077298507114822e-87
1.3966602219502231e-98
1.9612157274624171e-213
7.1829873588546643e-12
1.7722419399733075e-16
0.57459014811425435
6.2865123519951523e-11
2.8810745990577605e-18
0.097409860449817726
0.018045698699610119
3.3515149928617518e-48
1.1180125130041584e-09
0.012083215043038199
6.9591422768592091e-11
1.3370500373935611e-38
0.007615641918745945
2.7804509680541745e-47
5.2080354940600957e-39
2.8803019297720091e-142
0.0036348956990586061
4.4855227709072575e-28
1.9844462384207769e-27
1.3987947876734575e-139
6.3530012597160597e-121
2.7502099467201467e-256
2.7401471554401666e-44
1.8345195303650352e-12
1.5606647461180899e-13
2.6926545965328156e-29
8.7687400595545627e-09
0.5761078048613244
0.0030375311008038019
2.9780475380775758e-21
2.195013047589938e-21
8.723368524912e-27
5.6111730854488679e-12
3.3968961948371875e-45
2.1396305315652574e-06
2.8872778420782409e-08
2.829151560229755e-07
9.3005948440009223e-06
0.93788972560660566
3.0735829637307299e-07
6.7033961305173136e-32
2.3877588736553082e-11
4.3021406742143226e-51
5.054643141278648e-94
1.1277544861183156e-19
2.5553443369993517e-08
4.1818158367061613e-07
0.00010974006219581529
1.2505390443284519e-09
0.00015019514465079321
6.494560134376686e-28
4.4775687509521394e-13
0.70729078627281006
1.4693321130747343e-08
1.2811471432808701e-11
1.637432753240877e-05
0.03099043532777131
0.37091061297471206
2.0247342590624769e-24
7.4274601928287856e-10
2.5147447871368232e-20
0.00016062978220465296
0.00089453839941455704
1.0186584291780263e-54
4.9889535500869422e-23
2.5537903723948887e-79
1.3219192303628216e-54
4.6403280616833877e-09
9.9760404917710324e-06
3.6396723037660817e-06
2.18525406151631e-05
5.9026136951431226e-06
0.0019055436534304775
6.7152955258485387e-29
0.40232915126485264
0.017239166306517364
6.2077236045914942e-18
1.0131047146370136e-40
1.9918385522166129e-14
1.1269173842642371e-84
2.0460521693895646e-95
4.764186824102577e-10
3.8595330079949957e-14
5.3874389885001181e-20
2.3366215782958551e-32
1.1850556220472062e-11
3.4908516457246242e-66
9.4584805275399921e-113
7.4513447575866957e-129
1.7912514729087646e-23
1.8579685225117618e-52
2.6378523731815512e-104
9.6121375927117998e-158
4.3128767017694369e-78
2.1075332101073576e-208
2.7502099467201467e-256
0
0
0
2.3329618226838936e-176
0
2.0324292209245261e-90
9.2309410202987171e-69
1.8251554082303108e-15
0
1.9879413617431649e-98
6.2548225618397057e-22
0.49052466380631932
1.6592223947914279e-08
0.0010325112803444994
4.3066672132131504e-10
4.9826935994785058e-46
1.290287679396795e-77
2.2201804797036818e-07
2.0891217452082105e-05
0.0035580157294142242
2.0083209130383327e-30
1.005328649441879e-57
1.3575804281620841e-110
5.6885197938204204e-29
2.2073173733704096e-60
1.1080445016231118e-122
2.9902178358118329e-40
3.7370286671836195e-126
3.0230255879561108e-144
8.3750631114660538e-204
1.883024999852549e-96
3.7376194035600679e-29
0.36221575710812981
3.6689606744936368e-27
1.8216395454421458e-51
2.8110974842557792e-108
1.9760459605839053e-32
2.1332867619933459e-88
1.7646920701094704e-173
5.5219496771550061e-188
4.360468115960412e-202
4.2293858085014093e-293
2.7814256960813666e-43
6.4595893797213715e-125
4.0901862870043715e-192
3.1574311714188697e-206
1.7312232063586297e-293
5.9862168164766066e-171
5.8368568743353554e-288
3.9220134725992224e-270
2.4262936076822152e-273
0
2.4713959116140363e-110
4.9020625360676001e-21
0.66731306166937276
2.0615510707233122e-18
1.3643052135903582e-05
1.5938507253736086e-79
5.6430106908535439e-108
2.5631871542747545e-177
0.29456912010004255
5.7053501339389534e-71
1.2553590694855588e-123
6.4433165108047476e-236
1.1010154793584844e-71
1.3498605306914914e-245
1.2266270453080789e-242
0
1.157274424523582e-15
5.1949944933004619e-161
5.9490174061398331e-221
0
0
0
0
0
2.1358844360116474e-268
1.4727271435014756e-27
4.7143298300875934e-29
2.8651842043366881e-17
1.4628946860649696e-117
9.3333609813405847e-74
1.3920193915430497e-10
7.4603455973742355e-19
0.03773307122045326
3.9290999706137403e-44
7.3494588089669059e-73
2.3363795103124333e-178
0.00015630528423038736
1.1200384090563437e-14
3.8344786156213271e-63
4.1968375997755514e-186
1.5433636810010703e-78
1.6081418501757951e-126
2.5177685657796046e-177
1.6931165198830166e-299
2.3665935017931949e-74
1.2431460706593777e-109
4.081863416349756e-99
3.7903322543524146e-21
3.9576885772107812e-21
0.19641574391044295
1.1362584710443717e-07
2.0173430170669583e-19
6.0236706953929569e-55
5.4525627515317485e-48
4.4001740752209084e-11
3.2697769192302871e-30
2.0240540277508488e-12
1.5154556652932386e-67
4.4150299562273602e-70
9.5630565368703951e-183
1.2774063910334156e-100
2.8814359446747134e-30
4.0566261321780702e-146
2.3636638185895116e-220
2.6955120127414289e-168
7.7183554885027512e-294
2.016848590739031e-23
1.3110849896290894e-84
0.00012455977081859553
4.5820769697292932e-06
3.6143180863297655e-26
7.2813111811561532e-27
1.166336252578185e-99
1.5385595357372438e-86
9.8112437162453418e-17
5.2359611629849566e-116
4.121705612129454e-202
5.7917246392644909e-216
5.0015088355475965e-168
1.9088605380225832e-290
2.2610784043156629e-125
3.6495947698479822e-06
7.9810195934407341e-63
9.2016874822432972e-109
4.4947270868571789e-172
1.4312510198367422e-133
4.8553017491775575e-268
0
7.3014547099275362e-242
1.3279959014375739e-71
2.5076066669051381e-238
2.3470254020609403e-292
0
2.1090683740740007e-245
0
0
0
4.3578341028155334e-61
5.4263989611653942e-80
8.5501923833807372e-28
9.6395971529509192e-223
4.8877268335090016e-15
3.619907740888924e-19
1.3903236877109368e-13
5.0156120605741832e-241
7.5457388626845634e-88
1.0676549682995271e-13
0.14426164460123334
2.8290080878448935e-19
0.00048573154233795421
0.014238562999710122
3.2035103587311118e-33
1.1082476454613543e-93
2.347398634686444e-93
1.0610378488655695e-07
1.6427950252308767e-41
8.3940253786425719e-06
9.2982788467362412e-14
1.235539383754237e-39
4.4632994997520061e-06
7.1546729394339551e-13
5.8897946773100167e-62
1.6509842851853965e-07
3.9532498074238804e-78
1.0130890662435978e-70
2.3893132855303311e-166
3.1153566237840252e-25
1.2320024226185856e-22
0.0048177898693047404
1.0678078685847845e-06
5.5287375217215307e-08
8.7492586048110477e-69
4.6626810077204951e-14
1.7129443995723666e-52
7.8617936321204175e-113
3.3926990782934282e-130
7.2652571005883921e-102
7.6991889388966391e-225
0.00013463658751151051
3.2196207453533253e-61
1.0530763348840702e-116
3.6677753346049973e-92
2.2790445832675861e-191
4.7485746698781705e-83
8.3164306922703543e-206
4.2071148784413974e-190
4.9907679579551355e-159
9.7838479319862434e-298
5.9250427987718272e-10
1.829073624421286e-08
0.0093948945020357506
1.1823635024327611e-14
3.2392243841840699e-39
8.7447454700605725e-20
2.1723012751329169e-25
2.4816993547738713e-96
7.9012653169387813e-07
4.4870478001608221e-31
1.9110122860034308e-79
3.1810617131198574e-143
3.1501327619689463e-19
1.0068606868635876e-147
8.3443570063933477e-143
2.5055701726079307e-248
0.0064060323504202014
2.6211826146535538e-71
3.5197288195146509e-137
2.6905481726830147e-224
4.7017819067368248e-224
0
0
1.3280043128321284e-235
1.6298855877291611e-123
1.2441643646370269e-66
3.770722331317969e-46
0.28527141442929688
2.5311029718043241e-27
5.0795569708629284e-45
1.307637350129077e-25
8.7136346267313777e-07
0.39210283821983516
1.6815616483144332e-27
1.0032952481473922e-36
5.5175373403151859e-98
1.3836253304102346e-26
0.15517685220520908
5.3070634467266477e-20
7.6060451354885208e-99
7.6257236487364201e-49
6.00210669490426e-77
3.4193569263861072e-110
1.1269093654541724e-196
7.6392238183168517e-64
2.7649624955327848e-06
3.5635964430048107e-11
2.0050219525025514e-29
7.7700637837107949e-12
2.5417193861002306e-06
3.005728552835977e-29
0.023818363705740305
0.002332244238207964
4.1616390252424071e-17
1.6828919039939764e-13
9.7381370213953491e-09
0.0015277638687826625
6.0108766524784436e-31
1.1223081793710732e-43
4.9897207784645963e-104
1.4947443208573549e-80
6.503402285083119e-14
1.2504945171281591e-89
1.2066092329619991e-137
1.1947657514170554e-120
9.7380375634207707e-210
1.2120983760445907e-33
0.0016716831171953667
1.5191652263985857e-07
0.00288377528184256
5.2572878655791755e-07
1.7299102295420993e-05
1.3695050561594915e-17
9.2876303017492543e-62
0.00016868320758366777
7.3762606899542304e-87
2.0662585990988839e-117
1.3639946902485112e-139
1.2563361434465836e-110
1.2669618394011472e-191
2.4116286378392615e-120
8.7533657268716602e-05
1.9277723617151919e-20
5.5026990874802282e-28
1.1084588045545945e-109
2.3737526625257543e-101
6.2469680532379328e-198
1.5161586951204747e-197
2.7324739163039346e-199
1.0394127617590239e-32
1.8316915246424306e-168
2.8866227536394431e-211
4.8007933892205939e-249
3.8580809393661381e-186
0
0
1.8337571578392413e-07
0.00040976588593002181
8.0607501704541039e-06
3.406819848891073e-32
2.7689126082492997e-34
0.054876748518450515
2.3439732408490684e-07
1.6537538366280511e-61
4.5632063323894683e-76
5.8263449079561149e-07
0.0016120648824153865
0.0012531685672939382
2.6069578900953824e-15
0.26087842834381236
8.3462212894154544e-16
7.936521379075014e-80
1.6890274657125727e-19
8.9933863432737754e-16
4.1530992235452346e-06
0.00020111799074051277
1.7062161078841075e-06
0.0062582874995464619
1.0627346891536823e-23
0.001211674053294423
0.61467941801506187
0.61172424296411432
5.4464705223539648e-06
0.19682724311204167
1.3216976730100186e-19
3.0073104648985487e-90
8.9213038563936682e-31
2.6694705858082615e-08
3.4898164355693298e-15
0.048203473923524809
0.74759066536038565
1.9204096196366086e-12
0.00086613516122636491
1.2055545506203714e-18
0.0002451886298273131
5.0596610995096471e-21
0.0028639311094617163
2.9647684434727443e-31
0.83369870957270831
0.02182979732321071
7.6617185117474883e-16
4.2111836658342681e-11
0.00010373941157369166
1.5771035049360721e-05
4.3633563426653366e-06
7.523236589778096e-05
4.6695531926979206e-14
1.5201487942275405e-98
2.8904550359580463e-36
4.9045253864338955e-21
0.3620302401730342
4.3493590336488867e-23
0.23483282447310208
0.84192147178571719
1.1917912006418986e-16
4.5232533060587084e-07
0.38338326214584234
2.9854625194484887e-12
8.4259558243408602e-83
0.0018946092469258038
3.5959320271313679e-17
4.5459288327402743e-24
3.9057586712230588e-38
2.8017599722312487e-29
0.2163329803675613
0.079406471650875207
6.462681788224251e-16
6.7836178841696178e-05
4.6782338920211368e-07
2.2153099772667287e-125
1.8337571578392413e-07
1.5644286869488666e-78
5.5273124461881793e-56
3.7815651150918949e-11
9.5513611875106326e-23
3.1935522312918294e-06
2.9432760301466171e-26
9.0332877083742971e-10
4.7597289169300132e-12
0.0017826867665020544
1.7376517940181074e-05
9.2164948145410727e-17
0.46796912093483423
1.192540343308586e-11
3.4721018966275032e-08
0.011816266308930352
0.37241993640943388
6.6237145515028716e-24
0.79811125870008603
4.5825104495819889e-08
0.0028200511875193968
2.7985161829780344e-10
0.00020612449788199081
6.8674752500482648e-05
3.4961609363372238e-27
5.0442757873516537e-13
1.2864130196186869e-16
5.9133208153419771e-11
3.6374822863685921e-15
0.39523233677252828
0.35347242675519264
1.06452079321146e-54
6.2262214185422407e-11
0.0020517143250345388
0.0071260463799320524
0.043155220107617111
2.4685968488583209e-74
6.8251050781542159e-21
0.3617520811341276
1.3195377746842304e-33
7.8435021450758195e-21
0.011554951009215659
5.519312478744297e-26
0.0025859067483145269
1.7322767870616966e-16
8.6102963754935467e-19
1.3400957810066505e-26
0.052724012895951369
9.1594601900167537e-16
0.15088050412879012
0.039470690295706684
1.9694604086512414e-22
0.398574079314993
0.81859224566551747
1.9169743519624548e-19
0.11200598958203715
2.035256154393013e-09
0.57762646664184469
2.8806787575683889e-44
7.0117136987860044e-20
1.3246274338357579e-24
0.00021913564850619647
1.2601575412341061e-25
0.37279788099507488
1.5169363566942772e-05
0.092953264057719837
6.3276142883819927e-68
2.6648000712551873e-33
1.2852386419592615e-43
7.4428905558215303e-08
6.0906344775185727e-83
8.019507820156841e-32
5.8834578938488175e-99
2.2153099772667287e-125
0
5.646743208800526e-54
1.1985835985156889e-48
1.3971337640250799e-34
1.3457755383403157e-21
2.8510317273553462e-11
0.42182639796768451
2.630588502380472e-74
3.8959408685992638e-06
0.00066851562582915614
0.004821639979522117
4.1662950849863146e-06
9.6159488878169205e-10
0.29288423185678181
2.3071072319025062e-12
2.1424916584749298e-81
0.62118695272557445
1.0279368602757947e-07
1.4178345376633255e-06
0.18958386545981257
3.2802978330165475e-06
8.0763849248986753e-05
1.7687469965369563e-12
4.7852072613386229e-07
0.0054796146585718098
3.5947322647951678e-08
0.00012203936524938511
0.67157724134721364
9.0960175940589139e-12
3.9692668759902632e-69
0.0006744604616786288
7.1924237459966401e-06
0.26695478501689385
5.7429983624799476e-36
2.5927983150809924e-12
8.8956286537520751e-06
5.7462122710012148e-12
4.1163970492745929e-12
0.00052138492094214487
4.731859491735324e-14
0.019443029927073995
2.8227662673829051e-17
2.3991638777238159e-17
0.26021794854461155
1.5440191480506037e-16
0.0022096661069765425
1.7933995487162544e-11
1.4972571315947896e-11
6.2003126334308474e-09
1.2033550098447961e-10
2.6917502089806205e-68
1.692876180379482e-106
1.505151373512485e-09
6.1331904699487498e-09
6.6451227079871277e-10
6.9782280342224742e-08
1.3885483443783805e-26
5.0941602493582563e-10
1.6152273289679292e-25
5.8068212535331747e-23
8.967938104340832e-06
0.30146079925946384
2.9271841301455948e-29
0.0014075570319434605
2.978469221787635e-32
0.00012439737425720855
8.9467931365754216e-05
7.8808115568529048e-30
0.0018637032971099503
0.032615221047036708
2.7301609694835142e-09
1.922825896073172e-33
3.0959805773261669e-39
6.0369093112996786e-198
0
1.5771035049360721e-05
7.6352339249132836e-16
1.7603569293921381e-09
7.8433435310958978e-09
0.54711997327015327
4.3752739260680189e-18
0.55230457569579139
0.00085674496558364548
9.0165852600650294e-09
0.17910221729909445
0.0025296117140592143
4.7618248411329483e-06
0.082081398210012382
0.0076336046279417685
7.1404716775086742e-18
0.0024294781711537805
2.8581203620323181e-07
0.040796686028895239
0.46077955578169039
1.1221305296626866e-05
9.5102497321984476e-16
2.6068379739679254e-122
0.032484735285377625
0.0049012247776849711
0.029997205853211192
1.2641951056422434e-20
3.6099375345975771e-08
8.5062764257484527e-57
1.59087081901491e-23
2.2599804874936949e-20
6.0699758343594582e-28
0.0080015176236396691
1.0738477362417452e-05
9.2670225755285069e-09
0.038405575355134447
1.6499170116257218e-05
0.0032174020826063808
0.34757140287351729
5.7448210717259805e-19
0.52609581924766502
1.5072035627435501e-07
0.25671683732503925
9.1277014497918457e-23
3.6961575116688235e-05
3.3739705334571326e-06
4.8676103742965818e-13
0.99904333480426377
2.1182759624267673e-06
9.1564241113293075e-05
0.60346069585726658
3.0558308783083065e-26
0.24265447260363332
1.0603139726676869e-21
0.0003876838456975562
2.7099007439096575e-08
8.5004656824826284e-06
4.0450469337461655e-24
4.8450110817881326e-33
3.4376947230743125e-07
9.0849908567224881e-09
0.00010207874545500452
3.3244204458039899e-47
1.9251597298203207e-15
1.4446661502603717e-21
1.2015351859729336e-42
4.2746039531194241e-59
4.5743261900679987e-10
1.0896767552762122e-70
3.2585489022338009e-49
9.1834505131187617e-90
2.0143604141645959e-63
1.4713896521398898e-122
6.0369093112996786e-198
5.5462822760733017e-16
7.6843720926604842e-15
1.9384769913578196e-57
9.5221359756312589e-164
0
2.9894357845443727e-78
0.00011547730988078299
0
0
6.5682376973390838e-305
5.7288575193651842e-80
7.1039044071600253e-82
0.00046277680644089949
0.0017420379522290433
0.00016890233918376524
0
0
1.5438176136886069e-120
2.8020547696290066e-274
2.5945989332878482e-257
7.4205592379046586e-77
4.4685408696743886e-12
1.9749869615110997e-64
0.39210283821983516
6.6284243962977311e-15
0.012251790569481747
2.6134108720707399e-09
7.9633459502461415e-06
2.4508938315277172e-11
1.4283344704169858e-290
0
3.5349751303407628e-149
5.0176431633077147e-302
4.4931725627339694e-116
2.6576416223906704e-05
2.1474686960971434e-263
7.7900208300442976e-216
1.8925201660387677e-42
4.3668061970481476e-34
2.8897776784898977e-12
6.9277076290926506e-23
7.5876052179641856e-45
8.4291918009220517e-16
0.4644209875789389
2.3116518774662384e-21
5.1147344287919949e-178
0.00030543756593612965
8.6371658278155761e-21
0.0012874658667019147
0.00050314230854026283
0.0012731095764070418
1.7894615206706894e-255
5.9087847156842799e-302
1.0000167213769776e-271
2.6015007700574937e-108
9.0917923123711263e-249
1.7833745753530328e-240
2.1804500424474678e-40
0.34838451462349418
3.5028730730634913e-187
1.4514533773410987e-215
2.5611759594840061e-136
6.9820532074416234e-34
1.0028382211577431e-17
1.9604057661302417e-39
9.5994973542320795e-56
2.9346842315075172e-71
2.9866332447629127e-07
5.7551728675842083e-06
9.5877423219946755e-21
8.2733750884883757e-169
5.6243989147876789e-25
2.2371498535863511e-86
6.9658495466379408e-11
4.7643602630678559e-16
0
5.6906204533211892e-274
1.4460561269731527e-268
1.6630354676118596e-43
2.1272901976705271e-09
7.1196353532829913e-190
1.1613056914977703e-302
3.6942004332306287e-298
6.7302434868571383e-05
1.3445832783165744e-237
2.8418920853770178e-172
0.00028666757457701612
1.5081539343134613e-44
2.3474323511311768e-16
0.017788634910690864
0.038878732866356222
9.0336255519908729e-187
0.066573588851342125
0.70436056713588058
0.02720338166694708
0.047189055360535026
3.2323671257332407e-53
2.6068869141114691e-300
6.8119969054877614e-297
4.2637311894732995e-303
4.2836554717435833e-194
2.3388169492190882e-261
2.6911060912992137e-267
3.0616188137031306e-213
4.6953538314790504e-24
0.75997200128304976
1.4005076584253186e-204
1.3133770214056082e-229
6.1885824491265016e-219
1.6579908813298048e-190
1.7878969554937717e-109
2.3671653497606082e-17
1.0312304098812339e-06
5.5339132633811043e-08
8.3645208226666632e-11
1.8095353109286694e-16
3.2131426330318127e-43
3.2766966005064833e-47
1.9620234987781818e-06
7.6708212050963513e-30
4.0400536016450495e-21
2.0451597041453157e-18
6.9589033181904863e-14
0.53177960336053531
4.2306856067226771e-113
0.0082014241354047713
0.012973654692258096
0.68151414235794106
9.6627147030037234e-146
7.9114993175152086e-105
3.0259627258759701e-168
6.9705846306051514e-140
2.418634197124858e-09
2.4744397934238346e-09
8.2982520409251289e-08
1.3130394549988391e-65
0.00065484300434977532
0.17904776891018612
6.0973312624155525e-114
1.7420078402292314e-94
2.1624940688699179e-11
2.0342884010536316e-09
0.092736808278323632
1.2946809167451029e-103
4.6035432744476468e-14
0.0013172000873406841
7.0948565274924259e-15
6.9658495466379408e-11
9.1526115520316719e-34
7.2575030074835057e-15
3.2241640772856301e-06
1.5700453168043792e-36
2.3370847422377194e-28
0.01318940116025516
0.0010573695865393584
9.5205324007858281e-45
3.1865198386728257e-24
1.5023301239623772e-15
9.7712111969808714e-13
3.9724238011708251e-05
1.3737172040617156e-12
0.00030361157444572706
3.5447255884365898e-09
1.0416069922773386e-54
1.4067704494157831e-15
1.6807582465344142e-40
1.1393785271743258e-05
1.9396196480072524e-33
0.00032457822418338871
0.09514262443782355
1.1641499759223336e-18
1.055210032147353e-05
0.012973654692258096
6.1247774357507107e-18
0.094669661124707608
1.3804537839611293e-17
1.1921231673113334e-27
1.2760669061458201e-105
0.054150381830497654
2.2479133406017391e-09
0.55738889883028109
9.9539311193954862e-13
0.001076507987957988
2.4528127816008388e-10
3.6968267263997781e-25
8.2290208662029247e-25
4.255445234178351e-10
1.1173602089280104e-15
1.0121616589989639e-15
7.6985442238567345e-85
0.00059298207815815642
5.3010974887350062e-07
9.7941897729971028e-14
2.4514193735368365e-30
7.7066042968257876e-101
1.8624129223140282e-12
1.0994776804655412e-95
7.3963487921869715e-93
2.579865837332348e-86
2.4498081739197111e-224
1.2273103899206554e-10
1.0593636144956463e-09
0.64062647973389386
4.9387156506646198e-24
3.9581474683792298e-18
0.041773242567072821
0.15387722239366308
4.2287476407638309e-48
2.1295275241808951e-05
1.8659627213860194e-06
3.5173779458478989e-14
7.2264745273383398e-31
0.03793776907422388
3.2803731919334792e-44
3.3027030868838621e-36
2.8296272880467688e-143
0.017442480411015496
1.1948273298422589e-23
1.0275644826957356e-24
4.1123843966109139e-134
3.6351958117931148e-118
1.6271058870718723e-273
7.207129759423019e-34
1.1147814319298871e-10
1.6947586054183084e-08
2.023896199200189e-38
8.6856645999084074e-07
0.32231318870646025
0.10015388802895334
9.5058143200789848e-34
2.7669988478544514e-22
4.0245150767500926e-22
1.8138897161602449e-06
3.9908210148350334e-39
0.074113237618853578
2.4120501796642059e-06
4.0309411458588775e-09
2.9967057277518148e-06
0.46689250341854571
8.7070732652236074e-14
1.3271876083951589e-29
3.1189854002404702e-06
8.5014507069013097e-50
1.2213915830401085e-83
1.2208370770531205e-10
1.5326457943765218e-07
0.0052974117252011371
1.7222027615572778e-05
9.0854813865356225e-07
3.2817880402930695e-06
1.9942516676129933e-24
4.2557423847851072e-14
0.46495771381217654
0.00014703736929023937
2.88645790887503e-05
1.1212333175759739e-10
4.6888869300484625e-08
0.024103203134652071
3.6902869075627171e-20
5.6595865316616746e-08
1.0941511356120537e-29
0.1218508066888392
2.7161636188131123e-07
3.5438436890907425e-48
1.8567954251651988e-16
8.7176784816836222e-87
5.5501760418483339e-55
0.00078380250062255491
1.0719951454690263e-11
4.6322568924825851e-05
1.2694627779989616e-12
2.6124958539149092e-07
0.00088151677943228699
2.9699789848527553e-13
6.1184716762883369e-05
6.7037117609403406e-05
1.9582951418740425e-21
7.5071128008380884e-43
2.5672171467541071e-13
1.1225418781783296e-80
2.3687276759441673e-85
2.093769465720814e-15
1.0494299252944129e-20
3.7633583879085877e-11
1.5726416593415426e-33
3.2375669769875921e-09
3.6081227580155286e-73
2.4498488443195003e-112
6.3239447092907084e-133
1.3494420613183879e-23
2.5322489929038568e-59
1.2756979679617563e-107
5.4559169675863227e-182
3.4636849230521711e-76
4.972258107116077e-212
1.6271058870718723e-273
0
0
1.1412381312520006e-274
6.6549110425283757e-155
0
3.9586226577645751e-73
2.7455074502966743e-40
4.8568125424025674e-19
0
2.2925677611940913e-74
2.7646677532815607e-19
0.054934471595879067
3.327033677264271e-10
3.8092356120219545e-07
3.329941872163841e-13
5.0780877762262533e-36
2.1618223146013456e-77
6.3670212167161123e-13
1.9963740018770718e-07
0.076836187549393531
6.4671911006876183e-35
5.4103114869445076e-52
1.4877126796211667e-102
7.9130034737916627e-30
8.3150603834496438e-58
7.5285027729092013e-135
2.1231542490450671e-27
4.3161579954601249e-141
9.7651438146501632e-151
4.837097083879316e-204
6.5680915549105576e-92
7.5957460014155344e-26
0.72524893783698108
6.0575608478294353e-20
2.1228815526333877e-44
2.6646576408353064e-107
7.8366986995621388e-35
4.5932256158141433e-72
1.1291406784393333e-175
1.2181006611897221e-201
2.1580569768177483e-206
6.9183565529182396e-280
6.5084351766337134e-47
8.3931772538950851e-117
1.9901027967440471e-185
2.9870826956995253e-190
9.9992659785157144e-288
1.6668211550732579e-174
2.3980766879810492e-282
9.8301419560566207e-274
1.2067386624934479e-273
0
1.4643286498846629e-99
3.0970268591976318e-19
0.2094389016914153
3.9965798946824445e-25
0.0090042413548892721
3.7681063094293647e-78
2.9395675667288881e-86
8.9215804343763737e-178
0.031183616617383943
1.5919946591023388e-74
1.365357153273728e-125
2.6140394262024739e-241
1.1004454991997056e-76
5.2751411720412094e-256
2.6749481760695868e-249
0
8.7934768743517119e-22
7.0463610282179298e-150
2.3114829894728017e-217
0
0
0
0
0
7.8476095015493173e-245
1.3471159765596701e-28
3.5778484645827851e-26
2.2140433560405661e-08
4.0277055509647981e-150
5.7168327172591991e-74
1.7739211023057506e-12
8.4952594279630321e-21
0.0021648891018493242
7.6921111008491001e-36
2.4519697423892346e-56
1.346537131310413e-164
0.019560306347978715
1.0320660068942182e-16
6.0779136680557869e-50
2.4003568127599519e-196
2.2235162416987919e-39
5.2834726862098576e-147
3.9098084861661504e-166
1.2277817647337849e-272
1.3582046987447787e-142
1.0294431733470276e-138
7.5769991793278779e-71
1.3571946274267001e-33
4.1727517912489721e-10
0.018619465622241815
0.00048408492369231846
8.0028606779186579e-14
3.6676643388903156e-58
1.8258685544054574e-53
3.9362761853005379e-07
9.6972332195922074e-29
4.8438952762893129e-13
7.6110888676741958e-67
1.8108620450600693e-75
1.4785844025404928e-164
4.4080591931931915e-89
1.8813404916128511e-37
1.0545113102895865e-144
7.8176724766056951e-200
1.7423035928913484e-180
1.5107046013484727e-283
1.4331592040915938e-05
1.2568093380553666e-84
2.1376804207061654e-06
1.2831004570931322e-07
7.7658459751630583e-22
3.0260937440496021e-28
3.5488853037319186e-103
9.644733206107231e-74
5.1857288699422518e-21
1.283042810158771e-120
2.4801661896102353e-205
1.1426326125354096e-208
2.2192561332657519e-177
6.9936961289459866e-276
7.8573500510733912e-94
8.515595571885658e-09
1.1029929962244674e-55
2.0168253115035243e-127
1.1126914915595124e-166
2.124391335667917e-148
1.7160244141952096e-266
1.126301858091429e-299
4.787933712113244e-206
2.8821493305909493e-72
2.6595217754251199e-219
2.9976102663407945e-289
0
7.5051969705256212e-239
0
0
0
7.6590978577038155e-64
1.8199884747276235e-65
1.2317836344470842e-52
5.5062678249928646e-216
6.3867370862194493e-10
2.4074578156511875e-11
4.9869390380380879e-31
7.0275238259651975e-293
4.417513887648435e-64
5.4557077176323942e-14
0.00010360377762228926
8.727268422777496e-26
8.1473954396252374e-05
0.00010176752364532714
1.2783390092907624e-33
3.5528719303275352e-93
2.5968510067162258e-95
0.00013446126853255351
7.6655653571894962e-20
5.4900872278773626e-09
2.4320156288423649e-11
5.3403926505664533e-43
3.384195455762956e-11
5.1894338191367424e-24
4.5942625197102974e-57
3.4316201627554312e-08
7.9108432496046037e-87
2.8101488786442417e-81
6.6424601723403367e-170
9.9712592750274209e-43
2.6269483050869242e-24
0.011761742584718656
1.5101771350751277e-09
1.0885709094283571e-06
2.1172359846318997e-65
8.1584702272808215e-16
5.1553409055674205e-46
9.8717269030588798e-132
3.8089127695787714e-146
4.1199705834830005e-111
2.3697814340173265e-221
0.15731461851215497
1.2465021168142899e-55
1.6277471345832191e-120
6.5181328474895747e-83
1.4569573366229821e-203
8.1898689781838042e-89
5.2806414100910632e-208
4.3936851668649634e-197
1.0965100679183047e-162
8.8884259833553366e-300
8.7737282050996247e-16
3.2886752241704813e-09
0.4417489311145788
1.5173857964180883e-09
8.6943692880711077e-43
1.8724201245292978e-19
1.2358989876649145e-30
4.2689303899724517e-106
2.8804879279949602e-06
1.8071976188254379e-40
4.2526419237809595e-70
5.8870335608063987e-147
7.2075740378722218e-19
8.8385130916881041e-156
3.6005750457649777e-154
1.9469032188585479e-250
1.8213583322557651e-06
1.3997092513389019e-73
8.3305279362437795e-145
6.5291299525175401e-234
3.6655856673340541e-231
0
0
4.4942701624500673e-271
1.5637126374212627e-137
4.2042515408441917e-77
2.1261680647944582e-44
0.0034869317585886359
2.166639078555288e-26
2.7957958139092662e-43
1.1507532365784753e-29
3.9685523619145634e-08
0.58090075455802115
4.5294431415748033e-36
1.0249105198611041e-30
3.808500790164293e-108
2.10473112521523e-11
0.036977898729793811
2.5983956396598518e-23
6.0710280106938278e-101
9.3961204832565524e-53
4.2935057844310159e-103
3.9047856772655756e-115
2.1042982746784532e-189
6.8812110194083948e-37
2.9908051138203774e-09
2.9604942304948627e-11
8.8194291413322737e-28
7.4396968762834056e-06
1.0134125285448918e-05
9.4585846409712878e-46
3.4520322616266569e-07
0.046128720379350709
4.3228190180982245e-13
2.8940444138803941e-11
4.1555679697881818e-05
0.40491061608966517
5.7001508124752633e-37
3.3275187158668998e-54
4.9640140929469406e-102
3.1427589050396231e-75
4.8660843337709606e-15
1.3545218444921581e-86
1.3971986656659906e-138
8.9467699200497922e-123
1.7671521913366069e-201
1.9244608287752138e-39
0.003140175356554707
5.139840790423827e-07
0.039841318732276566
4.4420924101897141e-05
0.0014964971451033023
2.1942264089014283e-19
6.4367561913781498e-65
3.3112890739951048e-07
3.0682319200456691e-84
2.5853599647556521e-123
2.1433046275290328e-142
1.283272966727826e-115
2.1665949186684742e-212
7.6637109483370228e-125
8.1456009898725937e-09
5.8457170978250911e-17
5.9071714556000443e-27
4.9012472120325885e-103
2.6661585460691272e-102
4.5434691566581325e-203
3.3261200234354005e-222
7.5138999003327492e-202
1.2374798332431896e-26
1.1804396434771646e-160
5.3297032122081845e-213
8.3823369792113577e-262
1.8524829696577093e-198
1.9504586081461972e-303
0
0.054934471595879102
5.7236592768536074e-09
0.012223539736991869
7.8206598264617862e-35
1.1485523894036454e-39
0.61657168967276177
5.6403655552808255e-10
2.3610056706043094e-68
4.592517746158618e-75
4.2835836366917548e-08
0.04788008885925564
0.0030240115848983512
8.0365074359332199e-17
0.7519225404363632
1.9684256608042688e-15
1.8815989011232704e-73
1.0421885477046808e-10
3.1585989252737842e-14
0.00089678946753479543
2.3978108831162065e-06
0.001048144032154261
0.93461734851075773
3.9968753987916422e-15
0.53520066670609534
0.74861806962194477
0.36565899957875547
2.6623685329008494e-05
0.61917469823273852
3.9658250080339044e-23
6.9112366811645541e-89
1.9680785355070608e-18
1.2786003828279539e-17
1.0690061288319487e-09
0.0055255516182024823
0.086419157857942588
5.0739227484513156e-13
0.01658593910978514
1.1977496670563873e-11
0.0049900329779111602
5.271926986915262e-17
0.066711330974368543
9.4776892920654468e-21
0.090355013697369257
0.46442098757893913
9.457454719808561e-17
7.4348523540521876e-15
0.014831995082424372
0.00054394822394042864
0.91170392225799612
0.011242571170166771
2.7244635981394907e-11
3.5062418778332152e-111
1.476834643581639e-39
2.9049957942591498e-19
0.46367009531382919
5.8549485018436646e-19
0.49648998340740758
0.15440558669281698
1.7572183636654734e-23
4.7486106491196104e-11
0.054723091740532644
0.00018583882531352398
2.7562874765925597e-62
0.0067969211924701397
9.6893400707613363e-21
5.2742416051110447e-25
4.2453128156860251e-23
2.3991638777237978e-17
0.62663512425155421
0.10840890588343871
1.4512193391436165e-21
0.0012309709889147219
0.00034904538944515828
8.6873445286889955e-128
0.054934471595879102
8.7425976178490131e-79
3.6747790966185378e-67
7.0742822837656797e-10
1.2749771869531741e-16
0.00014110011202446871
4.8978084497061953e-29
2.0669000988072547e-05
5.9482210622800376e-17
3.4403978529845507e-05
1.2980120256963257e-08
5.1261718048844072e-19
0.1988952594353659
4.4812135592256068e-18
1.0345467514318376e-06
0.021297877917244513
0.87117021574637288
4.9263027907314272e-18
0.10299987066183934
6.8187933084770094e-10
2.0034125129611871e-05
4.7147089205804338e-05
0.00026399666484010594
8.2387060725379326e-07
3.8812384987209488e-22
2.882329068786486e-17
1.4538678344447237e-14
5.4779599808784314e-18
1.8252000327952429e-21
0.29836555867426107
0.0037630767582718118
3.5606228693100885e-44
2.7101216526695072e-12
1.2630161359724323e-16
0.074849419765825528
0.2441171106363863
5.6264361847618706e-77
1.4026141681407545e-17
0.9966048063502696
3.1629872114849126e-28
1.3420948298655822e-10
0.0029013955148168946
6.6136264145723033e-30
0.15819628695068275
1.7979204271553563e-17
2.0625701109833226e-16
1.1193172005381302e-19
0.23146502558966756
1.3319210774201935e-20
0.24209906697871583
0.027043364417112747
1.145180072557764e-33
0.17510986129081496
0.16667865651163505
7.5675496344719092e-16
9.7063319706005992e-06
6.4465275416017562e-12
0.2855856842042554
9.770556121968862e-58
1.3731215107814169e-21
5.3755062337282866e-28
0.08370229600464546
2.771151959524635e-18
0.65260953041358949
9.2408173774342694e-05
0.022957076772694904
6.103646841222996e-72
4.1062979077038001e-23
1.3508586854293677e-38
6.2474370313852797e-09
1.5410543373272886e-68
1.2330921025195186e-26
1.8275763706648734e-95
8.6873445286889955e-128
0
3.9192953050264984e-54
5.8146990314150101e-59
1.2524316772237595e-31
7.3230953192784951e-14
1.8525885924759159e-07
0.1276612372486369
4.2847979663697155e-69
1.3239732352974017e-08
0.054799870810590338
1.2665703061036642e-08
0.00019606172262757787
2.2479133406017639e-09
0.036447118004004714
2.2629147863743e-10
3.2103528282932494e-89
5.4357700916888801e-05
2.1533307762685188e-06
1.6294045157499098e-05
5.5885901073775786e-05
0.00018265430495930822
0.22023339116178547
1.5073032286345726e-09
4.6912257560240929e-06
0.025144202435494142
1.6464843958416209e-06
1.9029456270058414e-06
0.35010526029154865
4.0153300565575511e-08
2.604857924021351e-71
5.9292351521019793e-07
6.4254832105251456e-06
0.087998346990381546
2.9398244980759016e-34
3.9954710589854241e-17
6.7726347340938777e-08
1.6001222722162417e-10
4.0366793381011189e-09
5.0298082092993136e-06
1.0203616412567974e-10
0.52371550887302554
1.1048433743210276e-12
8.4912629570437558e-25
0.10987127273315951
2.5450380567323083e-11
9.025337773019473e-05
7.8488975578509021e-15
2.7744730567132763e-10
3.8476093310292997e-12
2.0201529536578063e-06
3.9582757928322808e-58
3.607784187664379e-115
0.00010690770592733247
1.0055877878658327e-08
7.5790943531099057e-15
8.9760083041120419e-06
9.8783609436121636e-36
2.0044132003519498e-11
2.4098077980186504e-20
2.9916462354674193e-22
1.4922823373692992e-14
0.14627138532798148
1.0845060318873693e-22
0.01814813649726138
3.3826237829080172e-38
0.0063555772453209687
7.6965932020417772e-05
4.6244262142650776e-22
2.3717528216846392e-05
0.3218847363455547
0.0044013253457576918
6.8000976764773585e-33
4.5598287648343535e-37
9.2412635530734652e-204
0
3.5920892253238009e-06
0.025995743520695658
3.0250807820805894e-09
7.5851825439228722e-10
0.17372477743166229
1.0031988560666984e-18
0.39484031670038644
0.016820132884444713
2.149660881410496e-09
0.11990111691735394
0.25963192235621879
0.00070259788314823229
0.060195213325614789
0.095490794942910046
7.695072415278343e-12
0.03045100384738433
0.00014196002021451011
0.37450166515854028
0.0095274456321843125
0.00023873699720125573
1.6646931761404692e-19
3.6614274969051825e-119
0.0014903190309939196
0.28913877467895815
5.006024979128462e-05
2.403045900332655e-22
0.0019515008190712415
4.9658219381663551e-60
4.6398465349870649e-14
1.0043372573582716e-17
3.507020219654657e-33
0.01007186112763331
1.4321766723755074e-06
1.5827531581528866e-05
0.8045518102260989
5.945422352884607e-06
0.0002079997101853705
0.0041626883990614422
2.412533318354816e-15
0.13055098437586765
3.1275004377702946e-06
0.077307417610549378
1.7409460391119037e-21
1.544244342832182e-10
5.4414826533714049e-08
7.6470102857199209e-10
0.15258680502408831
0.00035445424233760824
0.033799509829722199
0.12807064603640916
7.2469283161134552e-24
0.43851459541178517
1.2927706643051086e-15
6.2516322313938813e-05
2.4563912062992961e-06
0.0021925458373880211
2.234726491273246e-26
5.7365861714458692e-46
0.010365147676939929
1.8641860627053053e-13
7.1879883403527719e-05
3.6398750767339563e-43
6.2074548130910219e-13
9.1938027191965206e-20
1.5432849375329658e-43
2.7088129903192858e-93
3.6471260518072796e-11
2.6192509353068192e-58
1.4553117626233249e-42
3.0144446438175693e-104
1.5117456193066465e-54
2.1693282914205424e-134
9.2412635530734652e-204
8.3495142810075613e-05
4.0186208305229111e-15
4.1356882708608441e-46
2.3850567807841913e-176
0
4.0463533905118903e-66
0.00019312151272583508
0
0
2.5117978857909034e-297
4.1304803993869966e-70
1.539700927629885e-77
4.9752348352510914e-05
0.0017270283954683493
0.0039334150087714844
0
0
3.8367716346736079e-143
2.4657088123078816e-280
7.0520972783224181e-258
4.1455565999192349e-70
7.0886488300233392e-13
4.1173073982324265e-60
0.066070738963855277
1.0269611339183463e-19
0.0021314495255890446
2.5207458729599572e-05
2.4654605765414013e-07
4.131781392616388e-08
5.567742978924231e-303
0
3.3466079316774981e-145
7.5483672242072283e-295
1.5412694414249522e-121
9.001703324622091e-05
1.240030687169219e-257
1.2722893740183196e-213
1.6819650734964926e-39
8.5437741771712198e-32
7.2292103486677916e-19
1.117616997152177e-27
1.5600050967822097e-47
9.6198729281357599e-19
0.94343305588874582
5.1886709362472169e-35
3.0033613675826644e-151
0.0046457149311195925
2.5507712311510921e-19
0.0004377099153642391
0.00013376223648811511
0.080244038526767744
1.8604294765422876e-276
0
5.4095804007332969e-254
1.2353212838494023e-105
1.0914542662617731e-234
1.2040649386979347e-235
1.4624696456545608e-47
0.0055608000977517618
5.5738035663599314e-185
4.4808754358929599e-208
3.7135526542508336e-136
1.049244333531694e-33
2.9713071916234872e-10
3.5151130207216937e-46
4.4679000027430645e-62
1.3722914787376825e-79
2.4184969428654275e-13
2.4445848060741898e-05
2.3408838630022031e-21
1.2119793260302364e-172
5.9437828131764192e-31
2.7824819377567935e-70
3.1187972990315132e-13
8.3495142810075613e-05
0
2.2262661353400951e-272
3.5411406543982613e-275
1.0188253105111673e-29
3.5174131075489905e-05
2.3184580275853012e-184
0
2.3806781014480369e-292
0.0055940422829942864
4.3992494287086951e-246
1.0455281717307494e-172
1.447336819235197e-05
7.6923099789482914e-39
1.3045520122981074e-13
0.00032098768578284046
0.01961919505586843
2.11892805613652e-196
0.012403516355011987
0.057109695718000342
0.017588144171661255
0.042421079914803685
1.4375577258606932e-49
2.0719866867994072e-280
9.6557563161465175e-303
3.6166693980744987e-291
1.8499467217613929e-205
5.8852820718330554e-268
3.2185476016107189e-237
1.9726060730310105e-213
4.2849619127554836e-11
0.10484472361131035
9.683477116462831e-202
6.0720039546906753e-242
2.9309332223326647e-207
1.0913226278944991e-195
3.7443733064280366e-99
8.3214429905524275e-39
0.0091671680806561032
2.0528991059246905e-10
2.2850120024352303e-11
2.0295360595441894e-08
3.912153427043332e-43
2.3204582256035635e-50
3.8660217160874014e-06
1.1199504886239837e-32
5.5188993606035645e-16
9.9934915357337754e-18
6.1352581005201185e-12
0.25339543000288378
1.8976843583081087e-143
0.0015233485262653669
0.028453035063920658
0.43726607584434318
9.9876866576079703e-146
4.6374809013929705e-99
8.9794942836692316e-180
6.3153648873260635e-137
1.875962659581329e-07
2.0332897069737379e-10
0.00019395712104081764
2.2324767789283461e-78
0.00029960635373259135
0.13277628698799127
3.0955920650295004e-127
1.5579450702212749e-91
1.8361127706308335e-13
6.449663678515053e-05
1.1179035992074248e-06
4.9348177004318884e-109
9.3198230667473215e-13
0.0023852453447752255
5.1473082814952534e-20
3.1187972990315132e-13
4.3145292779108661e-43
1.7153194136139145e-12
2.6713610259865016e-10
3.6593453758433719e-21
1.4971849843541201e-18
0.00065236162210589768
5.0252596056792254e-06
1.1743832477229436e-37
2.008143201628203e-21
4.1486679432734587e-11
2.8162584378744312e-12
1.3891928138209443e-08
1.4993999421075728e-05
2.9603971265136116e-05
8.5119489229811284e-06
3.4897771753862373e-47
3.0486815396514196e-20
2.1458773211960305e-41
7.4464047376136797e-06
1.8445525825662701e-52
3.7147472414991378e-06
0.19015520242599657
2.4566077094831911e-21
0.00055206910105729543
0.00063901243097019584
3.7807116975022392e-18
0.001732017542144262
7.7662122308017202e-24
3.9811965307093613e-29
5.0703841894382065e-89
0.0013560132481992314
5.3843853882058165e-12
0.70893005244465868
4.8429511267737068e-07
0.34209390010573432
4.4491721373868354e-06
1.5653508581724537e-29
1.1577893335971891e-30
2.0912076611425681e-07
9.4412199120914785e-15
9.936933948245444e-22
3.2043786226957627e-94
0.0002531134181799874
2.0684127540053476e-11
3.5356765009775607e-17
7.4033575729477345e-22
4.700974686183415e-99
7.1255317831273751e-09
2.5891173222165285e-101
7.7262883711208008e-79
3.1230554743133148e-91
9.7132966405954968e-212
1.3226502522380675e-16
6.9769617616478594e-12
0.11492111989526237
2.5219046568386263e-12
4.1438993436249111e-18
0.013762235765959191
0.00071694305113439983
6.6323176597369649e-40
1.5629806398306559e-12
0.0050119766575818609
8.1819225580960848e-13
9.4287426557488863e-32
0.00048904125909962355
1.0249223097041936e-44
6.9308162971367626e-37
1.3951287363884092e-139
0.0056813705948814078
1.1700245286093366e-28
2.6580259479176254e-26
4.400830878888498e-130
9.9231457453637822e-122
7.1657672431766667e-259
3.2953057140123158e-43
1.1444419389054407e-11
8.4767623809786538e-07
1.6622530752624531e-50
3.5660147534049418e-05
0.28771366812623289
5.5640530842499016e-05
3.7942902816915831e-22
1.2649857977366693e-23
1.1234395794592053e-23
2.0234309222531379e-14
2.1842105371224703e-50
3.9136474012729509e-06
2.8576037429450571e-08
1.4802709301674853e-13
5.1303690621871994e-07
0.65735450304392018
7.2116507510870739e-11
1.909550319853892e-26
4.7259658682058359e-07
3.3292354536391181e-50
8.3592154033965825e-79
2.0700822530949911e-20
1.6131041283905347e-11
7.9119020896044714e-05
0.027678583820891133
2.2202988346756925e-08
0.0045518879584885994
4.0807521528552114e-28
3.5649644954137722e-09
0.62106856560074752
2.448372498887057e-08
5.6851861343313664e-12
6.7068830226811548e-06
8.6887192631600495e-11
0.00039250641244295152
7.3827935918794707e-18
6.0110095780025692e-11
8.4158858523256494e-33
0.023214925050198509
1.341287890999192e-05
1.3481039990686095e-50
3.0463382247071401e-19
2.5103226192779056e-80
7.4532841281265313e-52
5.85481867362351e-06
5.5567127188441472e-05
0.00016174667530696767
1.9871289019561232e-07
1.5722107782259548e-06
0.0009940031129991281
6.5931277961108059e-25
5.8748595774073071e-07
0.00088781826711671467
3.8750538138601367e-21
1.1257520876667891e-39
6.9787163025058776e-18
1.0556523491555239e-77
1.3716688389347219e-96
8.1998381661858733e-06
6.2201069702931902e-18
5.8987875479493336e-12
3.5479225840112143e-46
1.8560637997357931e-10
9.3323558783388847e-69
2.0639140940217603e-107
2.820115884183475e-131
2.4494151192778535e-23
7.3542783664412208e-67
6.8220319158438584e-99
1.3986960710874961e-151
7.3135552527327891e-78
2.103109765155612e-206
7.1657672431766667e-259
0
0
2.7216466527065375e-248
5.8946327614653817e-133
0
1.2851037037824292e-73
3.5570676127704423e-50
3.0889620225926938e-16
0
1.1862956784028367e-94
2.4053973751966568e-15
0.68930538748182646
9.2835371460049501e-13
6.0862896370545383e-05
7.3164062510029947e-19
2.8830398278770047e-35
5.2059002488604672e-64
3.0537319999369675e-07
8.4941711953317812e-08
0.026785218635834055
8.0801128255786541e-40
2.8561077076950373e-53
3.8058210719142661e-115
7.4057948654111482e-30
7.2585130944023614e-58
6.4369934495842556e-127
7.2591854648450983e-36
9.2245593726038669e-137
5.202503530696156e-138
5.0405082996661885e-197
3.2241955470658245e-91
1.8685264963254688e-33
0.016737493465837607
4.4656740342818549e-27
5.8704442705791475e-35
1.227407907979936e-98
5.0509627308038803e-31
4.4001157437081805e-71
1.0350789068726932e-161
5.5716391065498698e-193
1.0847551247964431e-198
4.3328360452887205e-268
2.6237417708053351e-39
8.6464370696151413e-128
3.0486213068608883e-175
1.1539880120572516e-199
1.5604150414184648e-293
1.5093888036523767e-184
8.5939748174204722e-278
9.3142634519068778e-263
1.9136995773019749e-258
0
5.0734703567038e-103
4.12535023791682e-18
0.28582155367157847
6.7518244686339132e-25
0.0026693734130480077
4.9098317187664575e-66
1.1966394337271706e-78
1.297496255747901e-161
0.1210676506768678
2.3993759168974206e-77
1.1516045798893755e-121
1.1055916798463949e-229
2.4005466242776674e-88
1.6299969619051692e-248
3.3458087210648074e-256
0
7.1334161611487477e-15
5.57963787391978e-160
2.1973458534945309e-225
0
0
0
0
0
2.4329846289199898e-281
5.4203834798077097e-25
1.130915924898365e-20
1.15699847901875e-13
6.5912472831675544e-164
2.3929490702938637e-56
2.8064182018053632e-09
3.6656383803815763e-18
9.0213944573365852e-05
3.0360202654777232e-33
2.6505674606309447e-59
1.055163478795054e-166
0.50348982509558549
1.3390109457416738e-19
7.0257603337401931e-55
2.7336149965140581e-182
8.2375240375491354e-44
1.8046122670185555e-127
6.1335973248981194e-174
9.0575923942373673e-268
1.6968859255530642e-174
7.5711088987302208e-94
2.0663375954019256e-64
7.6240580808695754e-30
1.4007474296031698e-12
0.026943802539892779
1.7015617524619377e-05
9.5918372449911012e-13
6.1563740759403485e-48
1.1085004956336168e-44
0.0038846702717520304
1.2977696253132527e-29
1.0709735067397985e-07
1.7321281496399354e-60
4.7586432176200814e-70
3.1397207427251252e-178
1.6717377154901129e-86
3.6050495778709493e-38
6.1552447128954092e-140
2.4802587412815009e-213
1.5760235686297158e-168
3.3646236939699653e-275
0.00043271138131722894
2.8574616624645136e-54
1.5526197966719027e-05
0.1731415255542994
2.0016581639238268e-27
1.0447992351283371e-22
4.1998923358533912e-91
4.0379463411892134e-66
1.8602802661277381e-19
1.6544138990004643e-114
1.4979865764516172e-212
1.5807333715101059e-204
2.7176919398338607e-172
4.5250335322862796e-281
3.7943690526207805e-90
3.9357186099066248e-05
7.038174531246289e-63
1.4006326256863206e-117
2.2036833854020344e-160
2.4591904253933551e-139
2.7941935357474327e-266
4.8205179471280313e-302
3.1946960267609451e-205
8.1081866773813819e-75
4.0538747212540704e-217
1.2291567052959692e-285
9.524922850357254e-311
2.007866593650203e-228
0
0
0
1.3398228257513919e-69
5.1138027584130118e-83
2.1939506201516621e-40
3.7578847371542808e-217
6.2860581290962247e-16
1.7432245243621706e-07
1.7219999184155651e-16
1.3239822878131061e-225
7.667987539861754e-80
5.1714811566915228e-13
0.00047613565494532083
2.9977636186238461e-15
8.7917187021879054e-05
5.9159585125277007e-06
1.6786862442226483e-26
1.9731749318932877e-85
7.8433459012999274e-97
2.9489327786609252e-08
3.3343436365226403e-26
1.3784096482039326e-12
4.2257710951173306e-08
1.8122760834492381e-38
1.2998883955689453e-05
1.4228506783143391e-15
1.8339172671766052e-60
0.0061575545652785757
1.7000061688808041e-74
3.5828031658521693e-64
2.3483306335901992e-161
1.9529321265982018e-15
7.8185436563282794e-28
0.29521283290276179
5.6405124056148902e-11
4.0790086146304055e-09
6.4454337113649459e-64
2.2461342277704424e-16
5.9259359721877648e-51
3.2765978836658771e-131
4.8159338667924349e-134
2.322847501340606e-104
2.9924435836922744e-219
0.0024724886224714681
3.2243909853458283e-62
2.3774583046425386e-110
1.0484994041970763e-88
3.4524043253825334e-211
2.2113970774587363e-87
2.2773664656150061e-192
1.3474409014469857e-183
7.5916672651825914e-172
7.2553590107418558e-298
4.3390171705118176e-17
4.6046244698740988e-15
0.037883082353182523
2.3785444682710371e-11
9.6329518121985097e-30
4.0595138921733173e-17
5.0532840809169073e-30
1.3446844491376896e-96
5.1161353117835586e-10
2.4518251057145758e-37
3.862509843877572e-86
5.6049499343829391e-156
3.2164268331861355e-26
2.0203433347991608e-154
3.3298482523572348e-146
5.6723964659422094e-263
0.001197644380306153
3.8622727522365699e-76
4.3008978111969868e-126
4.7499461176295134e-234
4.2137926004160131e-220
0
0
1.0941170390268635e-242
6.6838904473149142e-136
1.5061766463059382e-68
2.8201751008493361e-36
0.12823472684547027
7.9900627096052032e-27
3.1213265874636911e-45
2.4182846945688584e-16
5.7535427054386633e-09
0.50773235439020525
1.0419230909346721e-29
1.7341313646144189e-34
1.1356343404779843e-99
1.2692134399200033e-14
0.073283460126847402
1.7556472367845137e-24
2.0068557382274622e-95
1.3702363361545767e-48
2.4111449629962511e-85
2.7541656976820025e-111
3.4193035581842683e-193
2.1209982969480917e-27
2.5181254018569643e-11
3.3215653458962807e-20
1.9083199814540885e-27
1.9945215699363102e-07
1.1313059752052694e-06
2.7309299990631563e-45
3.1668371884081644e-05
1.3382880286356573e-05
5.4236720291879641e-14
4.5347985583253609e-13
1.0029964195430749e-05
0.35888595666297918
1.8256535853721448e-29
5.3802807674038069e-55
1.3716011058372236e-95
5.6500574222396799e-78
3.079403495211064e-13
1.8288757138029712e-90
5.0571006116411163e-130
2.0768823472788965e-121
6.7762024457994685e-212
2.9540442240816919e-41
6.4212264890398451e-08
3.4979451982394052e-09
0.00064144411842853675
1.3630840957980309e-05
8.9437705602632296e-06
2.5869922626126443e-27
7.3205495781464332e-64
2.7406225068222541e-08
1.3599669250079493e-88
5.1190651296514013e-121
3.8860093373696063e-148
1.0306888076215111e-112
3.158947417082506e-197
2.1264546466161226e-121
3.7130623587489776e-06
5.8441279347635841e-09
1.2141320257215793e-27
1.6527946125240269e-115
1.9755193383199394e-102
1.2535915713035074e-206
4.0181668418699714e-206
2.9277278206739858e-193
3.8094550502510234e-27
2.9540595390409075e-157
8.3450840526416949e-218
3.8595098424290038e-253
7.1560867218902988e-181
0
0
5.8100308631524067e-06
0.11706538115089524
0.054055465796469165
8.0944375349696679e-29
2.3205346947390671e-31
0.0044813753591341227
6.4486731431296293e-09
6.2269152842249124e-60
5.9429209960907031e-70
0.00011557790614027579
3.4514396422445932e-06
0.083533298181409421
1.4096459761204336e-12
0.067033735020769994
5.3801226923824239e-13
3.4647228707578117e-78
1.5734796857634904e-17
1.6123237704613509e-11
2.174830426829283e-08
8.2326680537664934e-08
0.0017513931221775595
0.59486300607621656
3.5018899461030538e-15
0.40391657524916269
0.48349723673372891
0.072239507369551911
2.9459839682120083e-05
0.1461795192125484
4.9556754184904193e-15
1.2208968839329728e-94
4.0427922663765049e-22
7.8730237101752415e-10
1.6872875420181568e-15
0.23388599849828293
0.041848099164605607
1.0994712320687194e-12
0.022482963270783366
1.1536328569637362e-08
0.0024235347679870387
1.3887226549892689e-17
0.092675046089364735
4.0342475872684881e-29
0.055514767466950228
0.45100002965199337
2.6347944494183841e-20
3.1639092907682082e-20
8.9324286535293792e-07
0.16081650131669084
0.48262212234390667
0.38550346699136739
6.8362604010681224e-12
1.4382018363151422e-119
2.1635398579245074e-30
3.1047801025633202e-19
0.00010888268505202531
5.053114923899513e-18
0.442585693207727
0.37298694526986564
1.6505913881574887e-19
4.4153823163143516e-14
9.2934443339168641e-05
0.018767349175186191
1.3659944134120378e-48
0.0057700116638172011
1.576669397412196e-33
8.0552281226339898e-20
2.1874719298284187e-29
8.9298639146934549e-18
0.23954313825023074
0.02534051794028578
3.0448152103534623e-19
6.6887549880142276e-06
6.9345014525103069e-06
3.9546085555567538e-135
5.9239797372333923e-06
6.8332532465456932e-65
2.2456151852436966e-44
2.281620204484872e-15
1.3727306374797637e-13
7.9595854915442254e-07
3.9082915173348489e-21
0.00065071248106335334
3.581918096670317e-09
0.093201191617012943
2.1131751552803344e-09
6.0210964403856821e-19
0.048769926269512265
2.5207849565459645e-10
0.00023547267094396794
0.0046050137418585041
0.069282823134124844
1.0397705648458611e-13
0.50527430983514354
7.4497157974246471e-07
0.00024688117818373004
4.6410494094164613e-12
0.020453764971012561
5.6226415561790645e-08
1.2573440910429682e-23
1.8991833769233962e-13
7.0570308401771723e-11
3.5179182028420202e-09
0.0098935667869173745
0.5298445632409039
0.51648715533762624
3.3745774304577795e-57
0.0018522404666761693
5.2985250981472089e-09
0.01976715095294734
0.13876799937225065
9.8441188284453305e-72
2.9646089222155778e-21
0.19454350753828961
4.361059039148744e-29
2.6399835920066233e-16
0.19859875331605686
3.0837680742437185e-32
1.8088849841082157e-05
8.5509638288577832e-16
1.9575573215371527e-17
6.8444187218964651e-22
0.48953361206953361
1.5075353489340553e-15
0.61007019337257717
0.00049530663521524189
1.0125239549882506e-12
0.60888912165894271
0.59427496221373755
5.5864071073942044e-15
0.088086829838481873
7.1839043969874206e-07
0.61739978116211791
7.2326006108421125e-55
2.5084475637720405e-20
4.1883410773055084e-31
0.023214925050198509
5.3072080429711926e-15
0.03853029994352962
0.00023125471154165271
0.010828811419485917
9.0830151248777031e-81
4.0696400845368136e-26
3.2670432267396207e-32
2.7030622960411226e-09
4.8094974433328213e-86
1.0512141863413802e-31
3.3016486177999664e-103
3.9546085555567538e-135
0
5.8689971194144037e-41
9.0298584343720013e-58
3.4062788852207599e-31
9.1730554227259302e-22
1.1089368426890329e-17
0.20919156642646086
3.4526667792354904e-74
4.4098342770394623e-08
0.057973304094678289
0.015290964763668613
0.00018664344643799029
4.565372202717783e-08
0.65332134568286893
1.9372223469417212e-19
3.157613901326405e-95
5.2104200815094357e-06
0.0015915602074635538
7.6953816836432671e-06
0.00051153297980992708
0.095840094685928537
0.2701080978682151
5.3950523244701726e-10
9.3913785976189521e-05
0.022399277217635714
0.00012241153804740557
1.2648438645956094e-05
0.51840331877392198
8.7601044931527684e-11
2.5247467692654387e-71
0.00030465368203529667
0.00036991392279663558
0.0022803876868475728
1.5982550190645851e-28
7.4275296381598095e-15
0.0055080082273208679
4.6994129441031031e-13
8.5945116817306092e-12
0.00065677935091680573
6.7072689494675753e-19
3.8394667224926052e-05
8.3553425357897393e-13
7.4044336630548053e-17
0.1272529598459291
3.7901475175849602e-18
5.2840175166275076e-07
6.1678009910675177e-20
5.8548186736235422e-06
6.3454371559978374e-16
8.9233613380691553e-05
3.4709405315525894e-60
6.1777075911065074e-114
0.0010756103802851819
4.7651082375391268e-09
1.7791103049028991e-12
1.2001964082853193e-06
1.2273463482876175e-28
5.7261609936232536e-08
2.8488852003824407e-19
7.1721494320042134e-13
1.1059982594883421e-13
0.77164953918488322
1.136824291004712e-19
0.41503173384899589
5.5702501379739676e-28
3.4085501073563179e-05
7.0754069244364332e-05
8.304766344507531e-33
3.7577133921857944e-09
0.30805246280617987
4.8469460941045077e-10
1.038683269745708e-28
2.0765499479579031e-38
5.7767548938953154e-213
0
0.00014140663211099151
1.7639611266201726e-08
4.4384560706590736e-07
2.3396299451675375e-07
0.38482806411714054
3.2231236343085836e-11
0.0018598747071576194
0.00092617404475850288
2.4033975917157454e-07
0.006596088223150276
0.000180379138623326
1.0243956188918439e-05
0.015244467496637779
0.0017029936813482637
2.2462754214080094e-13
1.2969801214361544e-05
1.4951744811755949e-08
0.025425093353762251
0.97373106167895218
0.041105090566417805
1.1612474424237172e-18
1.5463135679707363e-105
0.029636557755518898
0.23926808291811957
0.00067931080115088958
4.4233611966186647e-16
0.0048139427263937055
2.2002763948444811e-58
5.3647112251258215e-11
3.5208495552610291e-11
6.3158427740209762e-31
0.30474385614293981
1.0167906528103736e-09
6.5402482168953262e-07
0.34111239423279005
0.00018241764056627221
2.9173652418335319e-05
0.033299244291183541
2.3953543883658697e-25
0.53885846145549432
9.5077287052049531e-06
0.18090670344865642
7.9620772163344651e-23
1.9166743164576446e-12
5.9896253855235162e-07
3.0048354489906697e-08
0.078950501083297528
0.00016978166858126328
0.014087041431231781
0.19954883697383263
8.2540635900715401e-26
0.089274204824472458
2.6423783512462249e-13
3.7503052697633218e-06
3.4389271951935007e-06
0.025162837379356248
7.2249964555292335e-24
1.7691338162644127e-43
1.4923626067464941e-06
6.1862327673145326e-17
0.0014322594811319233
3.0768445126581353e-49
1.3697077933176454e-12
1.8578855432057215e-12
2.775058514464985e-46
6.8630162988102467e-75
1.1304372407411995e-10
2.5981446334230054e-66
1.5388383961220311e-39
1.9672873458487939e-101
5.5971980261647675e-66
8.2302817011817246e-138
5.7767548938953154e-213
0.0005057095895651439
2.53017475107876e-06
6.9606081435812655e-42
1.9879975860260142e-161
0
2.9290730064185711e-60
9.7252255459481473e-05
0
0
1.6741129669761152e-305
1.0670123844597062e-74
4.0024517074035678e-69
0.061037660074792069
6.520855086011771e-05
0.29304439432708523
0
0
3.730055196256602e-148
2.5512060684170352e-281
2.7204945378912021e-251
2.3770280867027115e-68
1.2108563215961252e-12
2.8322829558621812e-51
0.71033415690585611
6.780397551907838e-15
1.7656752515399663e-06
1.0992879574744345e-07
8.5640597312999843e-05
5.0206220616104241e-08
4.1322468419316631e-299
0
1.4060259019012727e-138
0
5.0944921704556573e-132
5.9487521967965908e-05
2.1201651042618773e-248
1.3257592403168634e-205
3.7116074431936745e-53
9.1033115768526969e-27
1.3963698020647426e-14
3.3213717362500332e-24
3.1210349277681065e-33
2.5717574753572831e-24
0.32368691149787682
2.9367522104998235e-33
6.0033018871059683e-145
0.0059136768293522905
1.3203417630304123e-10
0.011944427818820366
0.0040963656313738259
3.152829294546573e-05
2.2720500602931347e-263
0
4.1586480261293071e-263
4.0591302059686505e-107
5.5557457902464793e-246
1.0089917560613174e-241
1.0867835460382351e-37
0.0057085040841764641
1.0640061370053729e-175
1.1098535780714341e-195
3.3118576800390755e-137
5.485429934333767e-30
2.3137375361780931e-07
7.3431622938665195e-35
1.7343356946150398e-40
3.2698093924052763e-60
3.0821296998755243e-07
0.028432122104772594
1.9408012161159428e-26
5.2703615774934406e-178
3.5663059664730117e-28
7.1127030374583371e-69
5.7597790677076373e-15
0.0005057095895651439
0
5.3497702324444268e-268
2.4130993056702917e-269
5.5943009876071797e-21
0.00075979980253697852
1.6447504354012346e-163
0
3.842897648158772e-311
1.8754583464931545e-05
2.9471052324107141e-236
1.6269913602940524e-174
1.279113239122126e-10
5.4346572632497757e-45
5.159618941019257e-16
0.018278681610714467
0.014730546881319796
2.4279716178287313e-200
0.0039492649137490557
0.75793695592615129
0.00013663932595230741
0.0027565723395037
5.9839145751436412e-48
3.7144720332708416e-287
2.57785043815259e-288
8.8724994925982603e-290
1.6595931141784881e-200
1.0043122994033756e-263
2.283943727389857e-257
5.3039022998076274e-198
1.3531271737705466e-12
0.27427959286712944
2.2519469907530499e-185
3.1995055860736786e-236
6.0174261042082679e-230
7.8387140167436366e-188
5.4830593168695406e-100
9.5644824805389134e-30
0.0013414685174672036
1.0581859392387712e-08
3.5762589901500305e-13
2.3625217717842746e-07
1.9247940633111118e-33
7.9140426915709408e-41
0.0010937021011102083
2.5299148506865039e-35
6.3361786990473357e-23
2.7878974203786143e-17
1.5496829878756778e-08
0.63517023751817092
1.9493102250022657e-169
2.293908056445181e-05
0.00032596966978267177
0.072140786959298583
8.3224379912264202e-131
2.382850311175242e-87
3.7916890995710788e-186
4.639266984298393e-159
1.2819605170504853e-05
6.3849146150792402e-09
1.6198218288757742e-07
1.0328711013745041e-92
0.00021189189647179284
0.38898861534849138
8.4822784326721156e-110
7.9025863518903534e-87
4.0004743120626873e-09
0.001967596649891711
9.0438610419498769e-07
2.8691817096910826e-110
1.4437569405966986e-13
3.1359712762855347e-08
3.8838836356936012e-17
5.7597790677076373e-15
4.162210042430758e-40
4.9636347213819561e-13
0.00067816648391087623
2.4246708172632144e-31
8.7080764049538867e-28
0.0093256506921107103
5.3762761717709468e-05
6.3105950722036329e-43
6.6103334666676029e-23
9.046732511602881e-19
3.2467306031533051e-10
7.486777804436291e-06
4.7790976301995252e-06
0.00058254544185388786
2.0535977593155957e-06
6.4770311430496269e-65
2.7054828559246855e-21
3.1382565264978347e-38
6.0312798528494376e-08
2.2925955525309646e-46
0.017970925925710757
0.064049329792706652
7.0082273621152478e-22
2.5550316171050798e-07
0.0047985837842245979
4.4943278304062492e-23
0.00038554091296783005
1.8930474979509316e-16
1.8708378897914865e-29
8.5980245624518596e-105
0.00078084412142942819
3.3143705232231939e-12
0.10198736380926736
9.6404906597108506e-11
2.5521541882876216e-06
4.9195323930028767e-06
8.6702029523807682e-16
5.2305541423587612e-26
2.1995153315824958e-08
5.3698861626232167e-11
5.6086652030343169e-19
1.2687044373711807e-88
0.00042234196482181691
2.5931193040542631e-10
1.7004602681081614e-11
2.8756468771736875e-14
1.5299883892670436e-93
2.1987056767407999e-10
3.0676057187164106e-93
6.0567667641293528e-95
9.3450895456615789e-84
5.3290625463965275e-221
8.7096545230816392e-11
4.4968756666879409e-18
0.25707985278258905
2.3810454283013741e-14
3.7103053329117605e-17
0.010799522159099927
0.31779186067859644
3.8367277801502738e-41
2.8711285963750747e-09
0.066550656928719268
9.877146260215971e-12
2.466872912266477e-36
0.4259131229618478
7.7900962628565393e-34
5.2965491100205151e-43
1.2260221700712426e-133
0.016071788558508229
9.793514549777762e-27
2.1134696800696412e-27
2.751872464885193e-144
1.2628025591101449e-126
5.0741175129717205e-251
4.162210042430758e-40
1.4803207684339812e-10
3.0249378602930974e-14
4.8415152555904277e-41
0.00016970821950352389
0.3627726801482879
0.090657298729415609
2.2721390371188277e-24
3.0124279241450174e-23
4.1804914772613397e-19
1.7687543683857129e-09
7.6860759484955035e-45
0.00031540473338821683
6.9220045568018793e-06
8.6658989917956646e-10
3.3005842945858877e-07
0.024318932875152823
3.6166237014472856e-06
5.9251920097774528e-27
1.2195947628683261e-06
1.0410674786233259e-54
4.3828592476068611e-90
3.0638301180301467e-14
5.6349327528941856e-09
0.00053007341866341616
0.0023179890435596449
1.1111039834862945e-09
0.00021418760679279482
5.7094389298502896e-24
6.4138947818117728e-06
0.070698748794150529
1.5765287217282427e-06
1.4337625630806804e-08
3.3235653296415337e-07
2.8195735364512032e-06
0.28206482684133632
7.8307335146807408e-19
3.7372638300824591e-05
5.7674253021535943e-24
0.00089641390556877175
0.00019623105725325696
8.6502812090611747e-47
3.5580859372798544e-12
1.5485554446611839e-77
8.8530129483769641e-51
8.3422114030061965e-05
1.0066073440866327e-05
1.6163512592031681e-05
3.6843687891149078e-10
1.4557795963566295e-05
2.0742812365639888e-05
9.125003840871205e-20
0.011630966422249717
0.014195113645591798
7.2883131400568965e-16
9.5978322472525864e-42
3.0046766443242267e-20
1.3009126392781458e-88
6.254644476625645e-105
5.7199077580205469e-11
4.3284655504232067e-24
3.8738690726755783e-12
7.149920629563918e-30
2.7788321600738538e-06
8.1054521950757009e-73
4.9113819434599126e-123
2.9865427514329695e-142
9.4757162482343856e-27
9.6222681698876687e-63
1.934994739543771e-94
1.6624671545654656e-170
1.8823972893342749e-89
5.6323464556075145e-216
5.0741175129717205e-251
0
0
6.9673465463614141e-287
5.4552238104918015e-137
0
8.1781384173578027e-79
2.317551615610197e-52
1.9957605172629988e-14
0
6.9007625675359276e-84
3.8877577996442294e-20
0.056159568728861721
5.7304429996601169e-16
5.4272024951994216e-07
1.4936382479881557e-11
2.5598532108022781e-44
1.1052489063753338e-61
1.4895488974860448e-08
1.5512321350006687e-05
0.014001147773138713
6.628330882963911e-42
7.0505660417470348e-57
2.9535043958443061e-98
2.3127920787580385e-22
1.1622331459342124e-56
8.4953162176174625e-129
2.1852449253458926e-29
1.3623132582098436e-136
3.4895664784400489e-159
8.2247061045323516e-199
8.8666078048607223e-121
2.8166055081446023e-39
0.16534940473646037
1.176666373747558e-21
2.8223614157381053e-42
4.3055379651439168e-99
8.0317492163711633e-35
2.9073181436642402e-91
5.1293049027196176e-168
2.0860938085273834e-182
3.9648197820879564e-182
2.2235730813581397e-271
7.1832006604098723e-35
1.0222862602930932e-108
6.7014892685907918e-173
3.1880975556915747e-187
1.025081431023947e-284
5.9529875672533303e-167
2.5345328886469358e-284
2.1837896714077204e-276
1.4893266193686088e-270
0
2.9545662155690806e-110
5.2051351228142162e-22
0.54884641507013154
1.2874441288746115e-31
0.089813161273745654
5.9735749351046611e-73
3.113297144570757e-83
7.7668206061375311e-165
0.037434703216719503
5.012174001359601e-68
2.3200146022996188e-139
3.0042271282942948e-244
1.0093185839980418e-87
9.070329504786867e-247
1.5752301825096087e-251
0
1.2066069069909467e-19
3.1987420887804424e-151
1.0086171714133762e-222
0
1.9740109119096514e-302
0
0
0
6.6890990613634286e-243
6.2174377265547682e-20
4.8292650246543523e-32
3.7321543604893986e-08
1.1062905552305264e-132
1.2731108007167653e-67
2.2147198110992391e-12
2.3373566172347993e-21
0.00028495180487300508
8.9166345237196254e-43
1.2471830627169272e-52
1.9230627600402595e-170
0.00073558724916446456
7.5675496344719092e-16
1.0631387980097892e-58
2.8516952340537668e-175
6.1695862161861316e-46
9.4164828966782644e-132
6.0683779417483176e-177
1.8574896094706649e-276
2.1964722293699739e-162
3.1622867376319064e-133
7.2819672728742113e-67
8.2849580947912201e-28
1.2779641445450601e-17
0.18506361623129425
7.3962413316431942e-06
2.9660635401940581e-14
1.1467138242020637e-46
3.1685787842273507e-59
0.00268790878481003
5.1176564848936593e-34
8.790492962282562e-15
6.1462812689847197e-71
3.0772248669140349e-76
2.8544612600054238e-168
3.0572131748971959e-88
1.4101814525066493e-43
1.8411364634533413e-133
6.8497196289256884e-204
1.2525549872966187e-201
4.5679887923867734e-276
1.6789140403471708e-05
1.1089776117241685e-59
0.00017207416057050376
1.6612029088006469e-10
1.6279366114465735e-22
3.3398663208831901e-28
3.5930176062564889e-97
4.2222120079221724e-67
4.1249832766132472e-23
1.1761255895152016e-120
9.6008747181319951e-199
5.7030495672565475e-218
5.4441367635823615e-167
3.5428356130457123e-274
5.9823462893560921e-97
0.0022123811538657507
1.6406060770563624e-63
2.4164643118206614e-115
1.1381576567077111e-153
2.9327839746251031e-147
1.9559151233488348e-268
7.3981959473204404e-300
1.6519545115990313e-209
1.0936545989959164e-70
2.308203578851632e-221
3.0519973976800534e-285
0
2.2362633609541908e-236
0
0
0
9.138991053944216e-52
3.8711966889036226e-71
3.4208704803071218e-23
3.6395957079331303e-206
8.4497487834094401e-24
6.1615048657806454e-18
1.863127187398445e-20
4.3462181245269069e-222
1.0005110297347372e-70
4.757480765383511e-14
0.041445343972135007
1.1241255621416565e-20
3.1001550931396048e-05
2.6959346454749246e-08
8.9547608296768321e-32
4.6717151228660163e-92
3.6889461244534306e-84
0.005756288382544013
3.1871048635568676e-42
0.00068795359985187969
1.34960989259477e-09
7.7616275789368441e-32
1.2357275317673777e-09
2.5298398574870502e-16
1.1343714710689758e-58
3.4504362740415192e-07
9.9546714563563356e-79
2.0206767888921238e-79
3.8399498261529845e-162
8.5828334402939479e-27
2.1579759044366583e-23
0.98541242976273213
2.153330776268526e-06
2.2955694856122168e-07
8.1802658868098026e-77
6.7792143147923726e-25
1.0660676343991065e-41
1.1856314785645073e-123
5.2216644455800293e-132
3.0899182607951487e-101
4.0415930445163038e-222
2.4769145766121441e-07
3.1735153053480877e-59
2.1746277632027605e-123
3.9992511771804587e-95
1.0577857914140281e-210
1.6879548259958487e-79
3.4696965001700678e-220
1.1290205219012093e-200
3.8910223297522972e-167
8.5483482722110863e-298
1.9009391428633883e-17
1.4675500449646934e-05
0.0084721168217365816
5.8192830276050568e-09
1.0344744017664673e-35
3.0723351196231231e-12
1.689450883636571e-24
5.087091988973277e-101
9.8912473448937011e-06
6.0841121586157866e-34
5.8752621240613594e-70
9.0781047021540698e-152
7.7800475901420476e-19
7.4459310017195534e-164
4.9134523132003365e-149
4.5604318319515841e-262
1.2308188330893619e-06
1.9771316620208711e-89
2.8264690894281053e-132
1.0204872847333109e-230
5.7419082822492112e-229
0
0
2.8281037838769086e-256
1.1061943188217352e-131
5.6396418923804411e-64
1.1882870972040746e-29
0.77588006785343366
1.7152122869969252e-27
9.6517743798436476e-51
4.9060863812865096e-30
1.2456665056563115e-11
0.62142373398659667
4.3313864810437105e-32
1.8031646629644696e-26
1.3296987480455735e-103
2.7619495716456158e-15
0.12988554282060152
3.8528869815407511e-28
4.4517816692366705e-101
6.3313331249041808e-50
2.0149158701901662e-77
3.8518559872896778e-112
3.1007660231401245e-190
2.8027152038232342e-23
1.8894495191156529e-08
6.6812029139799457e-17
3.1732089054552139e-22
1.8260139657492284e-10
1.224138600229615e-11
1.1545627558556517e-27
0.00033060309797950548
0.00071423168733505385
8.6386790390060204e-11
1.1331329960774364e-08
7.8800975604378376e-12
0.062407939856573925
1.8862261395905586e-30
4.5985373239024131e-55
2.1435794997232954e-105
2.7871109386861813e-76
2.2735155576962766e-14
4.4537793495937184e-84
1.1724145986629164e-151
6.0365072106907651e-119
5.0238733333282582e-214
2.0761017763502764e-61
1.0308567203282808e-05
0.00023516889800338678
0.01472493025609543
0.0017702503626529187
4.054010386649175e-05
2.5006523469426089e-28
3.0094637435102803e-61
0.0015635381914356991
2.1748883742397169e-80
1.2361053742081414e-110
1.4173772582654207e-155
1.6311140858403178e-106
2.0132098904568015e-214
4.8263581304403234e-138
1.9838602165616546e-05
1.6582126236810586e-11
1.0771009616918907e-41
8.2338645765557414e-122
3.9948767582533097e-101
5.1633284076377276e-203
3.4468992781411022e-212
2.5544804084501563e-199
9.0166101997081615e-29
4.6536325680254767e-171
2.5411344779366009e-202
3.4337668061849348e-252
9.3309151478254699e-186
0
0
0.058766875209253784
0.1114235244044551
0.056218525468692722
1.290055783889597e-26
1.7136217403088654e-28
0.41533460678574335
2.8105973053603634e-05
4.0501404305749082e-67
1.5026824467034318e-75
2.677438024443698e-07
0.0017528367118069571
0.089963384815548483
8.0821568438043529e-16
0.3741226177717496
1.688121291359947e-15
3.6407116714449146e-79
2.1541464554351921e-11
1.8427462523724344e-10
3.5229291680013345e-09
5.3881233460927133e-05
3.3074081794482946e-05
0.13332707583659009
6.2775342109343658e-13
0.099955644251251252
0.16407965528702709
0.3085509573804307
0.00091193865102652311
0.21217510562212724
1.3309922331325205e-19
9.4786278075120791e-92
2.0802395638042477e-30
3.4225137649613968e-16
1.4043270442687544e-07
0.2282677078225
0.064739160517502239
3.3702215148413864e-14
0.00076075875391718709
2.6325916626584515e-11
0.016460639121775568
1.4480433020118156e-28
0.11570709004939758
5.7966387904304822e-24
0.39103059726966061
0.2316660196724549
1.9217145511219447e-25
7.3414778597194068e-12
0.039004883008631232
0.0018491953136148015
0.064071477714513811
0.10567395259212349
4.3753066340386153e-22
9.6563116664181552e-122
2.0707148216770908e-30
2.0836213399526832e-27
0.35466057125069506
2.7520900196190178e-17
0.065548719863957869
0.0090782738159143755
1.9856742062800331e-20
1.6484869793107434e-10
0.13934004388289933
4.3279221404986897e-06
3.8632156337441352e-64
0.0011139460489006249
6.5742795361251038e-28
2.9137636692719883e-31
8.4179370682880856e-29
1.1880263889501646e-19
0.22243151474448117
0.10844436917697624
7.5974799253470378e-14
0.00011477554567016163
0.00031838850908893183
3.0339048660727107e-132
0.058766875209253784
5.1614676900062648e-72
1.9800919349766166e-55
1.4860213594745245e-10
1.9328788823382178e-16
0.013460024899337715
1.0683446033608133e-21
2.0678213196456506e-05
1.3982108676687258e-16
9.3425011915954935e-06
3.0932892928159108e-05
6.1233376469150987e-16
8.6821441652148434e-06
1.2755614433339532e-08
0.000445977194730257
0.92276535773069746
0.016832880935071442
9.4106327607355857e-17
0.17145404078661922
5.4434928603575192e-09
0.0013487217712503236
0.00035749460062912166
0.91544691460858685
2.6519715860948925e-08
5.5846866945781471e-25
1.3413132387928592e-12
2.1727686610001527e-13
2.6088618029755537e-18
9.811574925870681e-06
0.002105404964513734
0.12063878149839374
1.0114293549435917e-62
2.6177961519006627e-05
4.6195715825737329e-06
0.80423130012768429
0.0060511876286646138
3.7245008734720127e-81
2.1361360328906511e-27
0.34254067020848555
1.279512270146046e-20
1.6783917437949216e-11
0.0023085326341594535
1.6891000762375662e-41
0.45163449607716299
2.1198245639203559e-12
8.079470066935247e-20
3.7079633444677438e-13
0.90366194248707044
4.5695030461699025e-19
0.22608979389236458
0.008816518836330901
2.0855140424212791e-15
0.028969926505866505
0.30211536669460065
2.2106894116694116e-18
0.0023959850424489387
8.1670901748279887e-07
0.34137988828424587
2.5441226984756421e-47
1.1690519099578879e-14
1.531436691162216e-29
0.051205701381600854
1.7269216496305074e-15
0.32403097901144379
3.0992885822068645e-10
0.0010433430052872628
9.5778125074263321e-70
2.232941830688966e-20
3.3330794922902679e-28
1.353848133729506e-11
3.647084777711565e-76
4.4852688804032942e-23
3.0557415245293993e-104
3.0339048660727107e-132
0
3.7982023417641358e-47
4.5268498451495171e-49
1.1596952547041296e-38
1.3582669769503576e-15
1.1917128628841682e-14
0.00072880908188833408
2.2832211933803235e-67
1.0914394707760044e-10
0.010584302703475811
0.0001876135137417306
0.010972156469861827
2.0250393133684141e-12
0.21805255187926756
5.249786095231007e-16
1.5768059975197522e-82
0.0020677649859600698
0.0084953340092396475
2.2130378538975773e-06
0.024967816330119998
0.00033173604978871179
0.0049920240213249785
4.3181299917763974e-06
5.0640529517514779e-06
0.20399097984380324
8.0934795497805653e-06
0.0012890707204593109
0.00040473544812663349
3.6326295516642217e-13
6.5433010758316391e-64
0.00015883098944862882
0.00014079424573597887
0.33403169795286369
1.3338616112792899e-23
1.9526945557377979e-17
0.0049483976232547388
2.4483781470000505e-07
6.5915226429711505e-08
2.1144160764823996e-06
3.4024592081712517e-20
0.00064334168904952064
9.137338643982273e-10
3.2176603000394021e-21
0.047071996577197392
2.2462754214080094e-13
9.3299097077100897e-06
4.2870665207086775e-13
8.4235479718754089e-09
5.9914437688455599e-15
4.8116515296858966e-06
2.9622110918408405e-65
4.5690199308405165e-112
4.2656819537944355e-07
6.1739608062613117e-09
2.2266049517343173e-12
3.454231753579096e-08
1.117616997152177e-27
1.3878837792394284e-08
7.830305984081643e-16
6.5791423566411811e-17
6.7214555730058388e-13
0.69354771045755104
5.0803467775024323e-25
0.023536694756151427
7.4862243346049115e-38
0.00047150773195176859
1.022627172845801e-09
3.604777747990585e-24
0.0085787515422936153
0.26927953841956659
0.00028666757457701558
2.6864871232477623e-26
1.1689756278940309e-44
8.7711801719760184e-208
0
1.4121887101613335e-07
2.3005274444551404e-11
8.3292945304511232e-08
0.00019030682973609396
0.46388457344761602
5.4262637508937219e-15
0.021626854993867267
0.005019979236231379
1.1083665464356945e-10
0.033275018633408829
0.0024453965158536604
0.00032891078561551792
0.028536831109326304
0.00069905568956302297
3.4455531420251759e-14
0.043620005409103442
5.7799806695793976e-08
0.11248120281691332
0.025023391146789913
0.00094023293639206083
5.8971943060506595e-18
4.0126498986109053e-107
0.37725707096703454
0.061356337555901946
0.11859087245989403
1.8956125820784239e-25
2.2913157653223817e-10
7.4404257590930307e-62
5.727078662728592e-13
3.7682459607070421e-13
8.9891205039340313e-29
0.01847965002691488
4.128087531924807e-07
1.2126620801778409e-05
0.594392561900982
1.3255933401482626e-07
1.5207523248952323e-08
0.16428226469121365
1.6892100857800956e-21
0.26538856320856774
0.00062831363090514976
0.25875476487615784
7.8653254967162496e-27
4.488518240584609e-13
0.0030597804022439792
4.4388506678044232e-08
0.20417273826810503
0.0001499348855584107
0.04863204464303543
0.065911465554465254
2.3533970827838382e-32
0.61704486861712848
4.0461471173098622e-21
1.4056342953592977e-07
1.6737907272058526e-06
0.30896680861237213
1.9860007826215613e-17
4.9830659473609188e-41
9.7688762964965885e-07
1.5229033593174921e-08
0.54000331945913571
7.4818070817722345e-39
2.7404356636700962e-14
1.0498368444506166e-18
1.2288319209591232e-41
4.261666411004163e-79
4.0102168058575902e-10
1.247998841126626e-58
1.4943366635880683e-41
4.9352867788040435e-99
2.0070162455259832e-57
2.916367433593582e-134
8.7711801719760184e-208
3.8401392076772702e-12
7.3266879267367781e-14
2.2424653506971076e-24
1.8019706968309316e-136
0
1.389507801646746e-46
1.1641168920004563e-07
0
0
1.6108314769758331e-298
2.2303051700918045e-63
7.2440095081605837e-68
0.0001455777628381501
2.8157290194964222e-06
0.010333051578311506
0
0
3.1754424409234183e-128
2.1768934448381164e-276
4.7200947506055284e-253
2.4569030882765466e-57
1.8623032952560958e-25
1.3514446598699202e-51
0.00075502274663502317
2.6048975550908312e-16
6.4543287060092018e-08
0.0015935333786098922
9.3593948867585984e-09
2.2027422708286627e-07
6.9435311003011527e-302
0
2.0536345089070773e-141
1.0246085787647926e-307
2.3119495924791609e-122
1.7729470100246995e-06
2.252435890444254e-253
1.5043087011208389e-212
1.0167957042085989e-55
3.0694707947175615e-31
2.7177479331483441e-21
7.8925244560893121e-16
2.3180863704310567e-40
7.6898495357637033e-23
0.29505180896818939
3.1591543733759619e-20
9.8022432196349686e-147
0.00026513270608759319
2.1191551908296192e-14
0.00018463828397943758
0.00029806990921570493
1.9530918155135959e-06
1.4758739272574527e-254
0
1.3335562447016862e-263
5.5692930096219364e-106
5.3874719088502001e-248
3.0841083243480301e-237
2.2442918391176452e-42
0.057469765484497337
1.0790618544302507e-200
3.9253369109225897e-207
1.0179385300321247e-137
2.7104298942474101e-40
4.8108876644603403e-13
6.1072723432458628e-57
1.4377630195665136e-63
7.3835514630762118e-57
8.9907577698432723e-11
0.0082110620282980894
5.4832092616862862e-40
1.084816281081454e-167
2.8469382989739134e-28
1.5629526970763709e-51
1.6407090865481616e-19
3.8401392076772702e-12
0
1.3872420108018046e-264
2.4510179169733738e-275
1.4073188062624807e-22
1.4931778708924478e-10
1.0221536162486829e-157
0
1.3521862907800571e-306
0.21837218193654606
2.101156307797207e-225
2.899425783852664e-171
0.000113780303426537
9.5056203691149465e-40
1.5523605416837906e-12
4.6794913577726056e-05
0.027658204873456035
8.0016903762134225e-219
0.15158948844671788
0.42775944667576427
0.0003656758110358911
0.00081160691490841095
3.4663188105531863e-29
1.2324012175435137e-285
2.5376172826804404e-291
2.5418429496796948e-298
8.9814671811795425e-202
3.7403054043007752e-268
2.9365227862077516e-250
7.0083722362127137e-211
2.4921405634131694e-09
0.037705855830139634
1.9775809295998996e-185
4.0624019502614845e-229
5.2677249760452502e-240
1.3640983359157232e-188
3.6668506132690052e-99
2.5699032969558982e-15
1.54500281685856e-05
6.0284149959662514e-11
1.667702194220187e-05
1.2454356466586693e-07
2.2835573760714506e-38
1.3128041430954073e-33
0.0036042434318724207
2.5067936597252949e-27
8.7359169117223999e-19
3.4797024400094488e-13
1.0341801283215863e-13
0.8714449417721073
1.136501920653667e-179
0.0084126945239670833
0.081473969182525835
0.2714680469102147
1.5348418714186285e-148
4.1662936673751466e-87
1.1062219678598235e-175
8.946585115950748e-148
0.0050722972678201418
8.110398626323627e-13
8.8034678523384449e-10
2.7422122313640731e-87
4.6866916308661154e-08
0.12470668465806847
2.1106968457451361e-103
8.6692255194082277e-95
1.49605008270223e-10
5.9389182742468095e-08
6.333760405443403e-09
4.6862455497741466e-99
1.4606624722829584e-09
1.0695180305903182e-05
4.0956814326885678e-19
1.6407090865481616e-19
6.4683518412741623e-36
0.00029200110154350181
1.9961785600652767e-16
5.6864078253776345e-24
1.80962694001127e-22
1.6012530801153433e-05
0.0087036520776826807
4.2879344109488419e-43
4.0829015117040307e-21
2.5522035108430408e-15
8.9343450425271108e-12
4.4025257807435018e-10
4.6489440101974043e-06
0.0020711595923213516
0.0047718193740266214
4.8130999374062551e-52
5.7049531529258837e-21
5.6747194015911444e-39
2.8348816801102548e-08
6.3119860393047901e-51
1.7737568139314616e-06
0.18969802032393823
2.9834256326444626e-18
0.13811044770044514
0.016292908153321864
8.2953725958120135e-18
0.027985962411971557
3.3961575946742992e-17
5.3729951235661519e-26
4.2595577675623203e-105
1.1517089544099335e-06
1.2803435326557429e-10
4.6075318779683885e-07
1.9600713709034564e-12
9.8408620819717527e-07
1.8319780005211555e-11
1.7954321197879132e-18
9.3176820828107781e-17
1.346756695786164e-13
1.5605097673320743e-18
3.6243633340120225e-22
5.2353056994555613e-83
6.1211610747206126e-05
1.7019561887468866e-08
7.2279855225772442e-10
1.2369797677489436e-22
1.0382505633993458e-84
3.2066361686060244e-06
1.3869165095781266e-92
9.1732768390716464e-88
9.9873803561650671e-82
1.9762194515680149e-220
1.6806871822356689e-06
5.5176696542360919e-10
0.31030021482470771
3.3099299435582341e-20
8.3560906265723987e-19
0.41362002968113326
0.021242185198080223
3.4767415617466689e-48
2.8093497924819225e-05
0.036249908545109732
4.5231240836073326e-12
1.5531440612616607e-39
0.00020365004050298106
9.0757665435441442e-44
9.8945063163031696e-43
9.0093271553613626e-144
2.2080002036176588e-06
6.1395355399816725e-27
1.1268107175887234e-31
4.1304748432265312e-119
2.1990067920828507e-110
6.711532781520562e-256
6.4683518412741623e-36
2.1866735315074527e-11
3.1783039080633697e-11
6.8864438820458255e-46
0.0048351387643366401
0.064963122272727117
0.0027870032442689095
1.0802646994509213e-25
1.0413750233544808e-26
2.7998880495487245e-23
2.2018725814480143e-10
2.8253051040071685e-39
0.02025532432944185
3.4340726390604561e-12
1.2879048030154111e-06
7.774520343976755e-05
0.13624024325115863
6.5380423079930171e-10
6.7653067259742825e-32
3.376245616333214e-07
2.1016979314071239e-54
1.2175376664143375e-76
4.5295207580936783e-07
5.9195079378373473e-08
7.7720189150553616e-06
0.00010888268505202518
0.00012663494461737985
0.00072087724612378799
9.0136610541457806e-25
1.7403646973575856e-09
0.35667729088315936
0.0017695214445708144
2.7288644446488079e-09
2.3083792161793462e-07
1.543621886326267e-05
0.00057422863693369294
1.5880083875639275e-18
1.2796651279811823e-05
4.8994299025617843e-26
0.043001312110027078
5.4774643221623496e-07
4.7857221235378275e-55
2.8865664795814125e-22
5.4641989642543858e-82
6.6131691337138375e-41
2.1808454220160486e-10
3.1747764474306176e-07
0.00010630358314187743
1.1806124917168309e-08
2.5477823503276896e-05
2.1543126862222046e-06
4.2226650895485677e-21
0.00042595231146769024
0.037272882557649788
2.7841998865443821e-20
1.5031992492008793e-38
1.4221477375047673e-15
7.4404666322791806e-78
1.415372706383864e-82
5.7545844744407884e-12
8.5119504879484336e-19
4.1770814372421157e-18
1.0714876858595923e-33
1.4010682921956904e-06
2.3954757205935851e-59
1.0652827102506732e-110
3.6030420381513311e-121
2.4223702151402397e-23
3.8199299910263468e-55
3.8162359946843837e-90
5.3725742384599042e-164
2.7834528521395152e-69
7.9434074725784442e-213
6.711532781520562e-256
0
0
0
1.7498152733086894e-141
0
2.6479020781582447e-81
3.670621107214925e-41
4.9578681130154182e-12
0
1.5546923115249239e-91
5.0290794619639854e-11
0.23885596076658386
1.9879326569023277e-12
2.6622831554618845e-09
2.085224227404531e-09
1.7805287894408473e-47
2.2867866845326748e-67
7.9561773395485633e-06
9.5291753537541627e-10
0.087586474397068959
9.6565106483383737e-33
6.2911175943767495e-43
8.2705579979492331e-112
1.1804927692731967e-32
4.756550173910003e-66
3.8117876600721505e-129
1.4123897859265144e-28
2.6031839586098355e-130
5.035572185606436e-134
6.4345582928394392e-221
8.6100152260022813e-91
4.323477587251732e-29
0.27207411310982271
1.6049132274794414e-29
4.3251775523097846e-36
3.3480122070494236e-95
6.040182485547917e-38
6.6671110949890062e-84
9.7386865155037401e-162
1.6275080876158913e-182
1.1593567461430569e-190
1.9143227794507989e-286
9.0934941437655797e-41
7.0817399758687423e-129
2.3433943566950131e-171
2.4766698406269458e-193
3.0696815638453916e-290
2.5664464403480631e-170
2.4860830670684466e-277
5.8526492998473583e-281
1.69892553308478e-266
0
1.5033628924934437e-102
1.0447001930033887e-20
0.057129645374343577
3.7268940132099714e-25
0.022991299992068528
1.8469239254264963e-77
1.0332103233645747e-91
6.2977882550832938e-166
0.25089038710224842
2.3033189623271911e-80
1.8934785594504684e-129
1.2658226717968878e-220
7.174673083037403e-82
5.9428267440217515e-252
6.0375021683906508e-241
0
1.2944541714307143e-25
8.1294151530343158e-153
3.9569702400402223e-225
0
9.2681562616445142e-310
0
0
0
9.2147601077855407e-266
2.6242935321436364e-24
1.6926867875124834e-31
2.1615747002368508e-08
1.0682885985365829e-130
7.2502586691422781e-83
2.3618355939305792e-09
4.0424778269896229e-15
0.01838930343493244
3.9562279734019892e-38
3.3811178249053163e-71
6.9100650586993828e-160
0.082944208411544859
3.0118278909108215e-18
2.4272501818234896e-50
6.2759599437975332e-186
1.5296697991962345e-48
5.5786016835073285e-144
3.7247623859229405e-164
5.571888421930859e-274
5.4200544030450869e-121
2.1639328365626271e-84
9.6154581311920351e-90
1.4299863834703896e-30
1.4472966441194934e-13
0.16438364795594995
0.00063901243097019584
3.7615770406959927e-15
6.7042760307127083e-53
5.8921815411956442e-49
2.2618488430813952e-09
1.5894622003192889e-35
9.4949168942945701e-06
5.6893521646406695e-59
1.4290726600250608e-68
3.2449335475229185e-163
4.6930396783517833e-87
1.0465983101459232e-42
7.074843752661597e-148
8.3051020235287921e-197
7.5466861576539617e-179
1.338754179082868e-285
1.4827270925754301e-05
3.9860470227407318e-85
7.6663099676770399e-05
3.222057609528219e-05
1.2071572105224339e-20
4.2097690558410162e-31
2.3930392416800684e-100
1.9410371805289486e-71
4.0501843518064225e-16
1.9772815891401243e-117
4.4098987723264476e-197
1.3815322935891292e-203
9.8732205264549309e-175
3.048829311617359e-281
1.0311270357687743e-93
5.5787625177502696e-05
8.3323335457111695e-62
7.1964008204766525e-116
1.4020653197582572e-153
3.0110109619793946e-141
7.552706965618597e-278
1.1271494940779882e-304
4.1462869099926393e-210
1.4465100972496714e-79
4.2173899845577619e-215
7.737875898420443e-284
4.4979881501751983e-308
1.2400513541431438e-230
0
0
0
1.3720908299632889e-87
3.2190051175752049e-53
2.1479267478081816e-54
1.1340045223847197e-207
1.8947923579433995e-08
2.2018263576366841e-12
1.9280935125623488e-16
4.3336736118465856e-227
1.7200414876918649e-63
6.9786920950377584e-07
8.1740394336271976e-06
2.9462832291495377e-23
0.0024384198187113134
0.02412111160921715
2.3210765304035848e-33
2.142212310980108e-79
1.8956953282738599e-95
0.0005771506195643728
1.9996702324670776e-35
1.2623960494692928e-08
3.4352244207703151e-11
4.8365349082381209e-41
1.151457714238805e-08
5.5149310397184828e-14
4.7632782905540277e-56
1.273829156185779e-06
3.420073561029583e-84
8.6395882804755e-86
4.0655289572938039e-163
3.1437435540826162e-28
8.4057688768755369e-25
0.12013363882654474
6.7478750589340167e-11
2.2276997033999542e-09
1.8820535157010326e-75
1.0255958722277127e-29
1.1416185797672125e-41
2.0951692238229457e-138
4.051772801286214e-123
1.0246479396024255e-103
2.0558098473675244e-219
0.003558015729414229
6.1882562547957429e-59
1.1510564963009565e-113
2.3036451079294584e-93
1.3995402847503047e-209
7.1220223039734606e-86
1.3701736393643109e-208
3.6828374182963079e-204
2.4744861081206064e-154
2.3335258381728316e-296
6.7610864579130781e-09
8.3228030243109688e-13
0.06284186010926264
2.510870234078662e-14
2.035859131848897e-35
2.6376844530927208e-11
4.9960244018811229e-28
1.966152909603669e-97
1.3062018937787753e-11
8.0607324270971316e-42
1.4131935701211205e-64
8.5039462210827646e-162
1.643106686845274e-24
4.2830766161762064e-153
2.2129222550255697e-140
2.2098083145581484e-258
4.870100560047761e-09
1.9150027485319755e-79
7.2017394571649833e-130
9.43008814870021e-229
1.5898850657974537e-221
0
0
4.1922991010236368e-256
8.5872105475930181e-109
7.7121394228797973e-84
1.3842147120456537e-21
0.20709867819716388
4.2857255837908803e-43
7.9899991414056005e-50
4.8365670612823431e-30
1.752937658328581e-18
0.003004450898189368
2.9541950171680545e-31
7.8348804884094415e-25
1.2881430219179623e-100
1.5100092132889788e-14
0.098057095918259035
1.8509338330778942e-29
9.6111089374668098e-100
1.0215497469649464e-55
1.779367907368107e-83
2.3751446497157797e-121
1.3833136803387218e-191
1.6332634289350978e-31
1.0820314657478686e-10
1.8341929710181396e-15
1.1894571677201255e-26
8.4576432024708016e-11
8.9155641820132546e-05
3.4323803556702052e-50
1.5584030693284e-10
4.2089397701782997e-07
1.592173343691299e-12
6.7395607700276702e-18
4.258842707732973e-09
0.019508915853637922
2.1451019532268e-31
4.1155264793952967e-50
6.3245766394353794e-104
1.4048221574465412e-73
5.9389992804355468e-12
6.1567636449052563e-93
6.5710870354802393e-138
1.4355142741320581e-118
1.4890870149385211e-200
2.6262174100355485e-51
4.0920199393798831e-07
4.1428997465417209e-10
2.8620934101671795e-07
1.9253535643076862e-08
0.00045710916117091985
2.3182330469237437e-29
1.142752544025829e-62
2.2604612632364268e-05
1.9520452841939591e-88
1.1652357305575355e-122
1.725857221621786e-137
1.4398317374863235e-116
4.487198824307972e-211
1.782499879135785e-130
9.7609537234522618e-08
5.3830684062716929e-17
8.1937954790572293e-35
2.5280814399592674e-113
2.3471678343323544e-100
3.2517252362196016e-183
8.184523065328945e-222
8.1256178531695493e-201
9.7657198664287714e-33
9.9934794720211307e-170
6.922518659966735e-195
1.9002820601262873e-250
5.6694752439604514e-199
1.4358376831912629e-309
0
1.5148541288652309e-10
3.5178737576438575e-06
0.076082418162639748
1.4255149569948725e-33
1.1510478532352334e-27
0.35319861481688997
4.3059187650089739e-15
3.8897893426390525e-57
1.6058969172167328e-62
0.001141190716494996
0.31575919685363391
0.0087274771737799548
8.2876995444445258e-17
0.57529047898341779
1.0872139822573406e-12
1.6585066333634408e-78
1.075005261993644e-13
1.2070632034523604e-14
5.7649322359268832e-07
3.925293037549451e-05
3.1441621384672104e-10
0.2887423939443961
2.480683907712635e-11
0.41604181029873932
0.22543306671735722
0.2018801045397568
2.5602696129565484e-05
0.0065804784046244831
7.2322996966647782e-24
2.2307107116478485e-85
4.9258822378593737e-25
2.4363386392668763e-06
1.6743637665235696e-14
0.030517949360162187
0.24335011788087729
1.5310562103153277e-16
0.0042709688774408786
7.3700168332348967e-12
1.5268761675348913e-06
1.1454194951328738e-12
0.15373338854162888
2.1878963911654813e-16
0.18002993534197723
0.066436104765171505
3.9719836619317349e-18
4.0478261129541579e-11
6.3767350566010768e-07
0.0048100985486084456
0.033738128812241627
0.068643458206062893
4.0137541306411709e-21
5.2532503529825002e-110
1.06012923168599e-29
5.8025224769926754e-19
0.30523851835124344
3.115826748440887e-21
0.50829170195024376
0.073936519446412968
4.6992121285279624e-19
3.4116884627821006e-18
0.12279639627396832
0.00012029978541591236
1.8260823095777878e-59
0.12868688550774207
6.0314122777421168e-27
4.8981946187849729e-20
4.1344615318503082e-25
1.1162382577081397e-16
0.13619700985186842
0.86441040014905712
5.4128384169866939e-18
1.0293400950126035e-06
8.907640035725065e-06
6.0559991760211411e-136
1.1646471291863686e-10
9.0307270416438986e-82
5.160121131573807e-57
1.7964489489426815e-10
1.7470840994648642e-21
2.3434325752433867e-05
2.4284904652594755e-23
3.6104825047107475e-05
7.1498315807259536e-08
0.00031635112750221189
0.0066957806155285475
3.9866808300356005e-14
0.00010261445074422518
1.7237506567426728e-13
5.919297884931564e-09
0.16606404953566023
0.00041769333327216921
1.0154221173119299e-21
0.0080297867021328889
1.7175945854110313e-05
0.2551242140458797
8.5695958049540019e-06
0.020592221129025909
3.0147262125024971e-08
6.5731249462698488e-15
3.8070366585797705e-23
2.0806300795773307e-22
2.4018373088065486e-15
1.818865411903722e-06
0.010820435323155308
0.764255035559539
1.6080883266616976e-46
0.001183773209245413
7.0926098808600933e-06
0.074747487073750424
0.0027431511768804969
1.2372678453025187e-68
1.1678222920766804e-21
0.010285085560915851
1.955308844673128e-24
1.3554092238917562e-09
0.22471240790925939
2.1107516439860865e-36
0.046838681494267814
1.0302420077054594e-11
7.9149768373479965e-13
5.3107290884801279e-29
0.12216529855130648
3.8770011322428567e-21
0.043340582019951022
0.044547607777939355
2.3321110297680231e-17
0.67323473837912817
0.78284799648810821
4.7408376168644634e-18
0.0002128072642318114
5.2453306089385027e-05
0.00026764892200323341
9.3117179488021516e-45
1.1678608838192046e-17
9.3514361100089312e-34
0.001515181557251128
9.4326391460199759e-18
0.061122492958663996
9.2925953926938755e-13
3.2403147091277864e-06
1.4579579424738892e-64
1.3409836821061999e-30
4.0905224752310387e-32
1.5526013194901891e-11
2.0783636999638102e-76
1.5652854684787518e-25
2.0178157186411674e-103
6.0559991760211411e-136
0
1.0737433554886511e-39
7.8016068839487986e-47
3.0357325463247464e-41
1.1010793933208201e-21
3.6075476828816225e-10
0.00018753248583561048
1.9799912686390906e-80
2.2959807599154894e-14
0.0071795427267070311
0.0017812192592866606
3.9947873533964677e-09
8.515595571885658e-09
0.96743244719546773
3.0880114458017723e-14
4.5706743654340938e-93
4.1268315797698262e-06
0.019472286544300568
3.6018831650955199e-06
0.0080109300221437134
9.26911838371309e-05
0.063081684625994228
1.0568216672308308e-14
1.5567901498777228e-05
0.37897377356300999
0.00045730345995531786
0.00032680734502219406
0.0096280319436427234
2.3461478910338708e-07
1.1749897869833261e-85
0.17229606501976685
3.5913619748167143e-08
3.7654735617736751e-05
3.1990565140703045e-35
1.0154648653706563e-10
2.4981255397191829e-06
1.8443931145939461e-09
8.1595876879199289e-07
1.0166038391294047e-05
1.6793131584769095e-14
0.010005614592880465
2.40274582623619e-17
2.3046176264596572e-20
0.039684122232312553
2.5959609317290971e-11
9.8997378441598786e-07
6.8943479902989116e-14
4.1909153781042523e-11
9.0622684418755111e-17
0.41938516901731349
3.1448459398393588e-54
8.0900037481257729e-131
3.1006148818099461e-06
7.408790122791572e-11
2.0269310835822557e-20
5.9401700624441285e-07
5.2754490257287501e-32
1.2361136592679299e-13
4.1372867792471904e-15
2.4790742846248541e-19
2.8244868344785685e-12
0.31575919685363391
6.275162866102619e-24
0.13055098437586771
1.8853948382774018e-38
0.00017874902221964319
8.7728838095003145e-09
1.1227402149703424e-27
0.0090218154890406924
0.24140619715499523
0.00023195251337699188
2.0630317884980911e-29
3.8847858050748803e-44
9.146743422549799e-210
0
1.1443431512914697e-06
8.8955881038571509e-07
2.4521984064372918e-09
1.2342059903560455e-06
0.11156889156191481
7.2667113216490838e-16
0.061313759831547784
0.00020016567466135855
4.1567847527947317e-07
0.0095015323736893746
0.0026737234882169818
0.00063820387491788353
2.5017667135527751e-05
0.0047111835773573137
9.7088136147864641e-21
0.031035788853891858
1.5136687482385441e-06
0.12518826060501134
0.17361861040339718
7.3895782002931285e-06
4.9496039691110544e-17
5.9233978342213854e-103
0.0013526431891213787
0.013873241131898325
0.084324575355125123
8.7876359032566155e-17
9.0688264753099702e-05
2.6621715363684445e-76
2.5787990866310439e-15
7.0460813785468765e-15
3.4377436182308163e-42
0.00034592770595226729
4.0710966748383512e-06
6.6783468620523301e-08
0.412915231141185
3.1661386193751164e-09
0.0071795427267070311
0.45026041230520919
1.0084750262902822e-28
0.61479766369947897
0.0014370123709277103
0.10501700591544053
4.8264166364773683e-27
2.8072999286287212e-11
7.2575120700153991e-08
9.983004003005562e-12
0.89285173626303715
0.064093632597277322
0.031469751996713764
0.011898504342251374
1.5377748419152774e-31
0.12506771589446322
9.2003173188759048e-16
0.003164434078810062
7.5593945098321203e-09
0.01889499045482506
5.8706204458177025e-21
2.0892115755522439e-36
1.0860150900013899e-08
2.563332960175473e-07
0.0012458989309989755
1.0694561651424344e-45
7.8886213824647647e-16
8.2219295996710162e-13
8.6270777848531444e-32
7.1429514481259574e-80
8.2339697215713016e-13
2.6438695579626738e-73
1.4348355633008545e-34
2.8901934589319412e-108
2.3093336098118713e-80
7.6328295896657123e-136
9.146743422549799e-210
1.7642301638880223e-05
2.2913152858261687e-07
4.9872043349564426e-32
1.6227112014536818e-150
0
7.6139093834191772e-49
1.014607221674801e-07
0
0
1.8232308659643839e-289
2.1788296358952466e-75
1.6013896637748317e-81
3.6347210981256126e-06
0.060952934483080833
0.010474177234184513
0
0
3.8870166118651492e-136
4.8101759469227409e-276
5.6985243116719157e-260
1.0353429192029929e-76
1.4163593171178309e-16
3.3985079261403244e-59
0.15839277742055599
2.3970014803387933e-22
0.0024018628353196024
0.0012992801833023242
1.1848983404662336e-06
2.6111740580693342e-08
1.458601781176251e-310
0
5.6630286670888277e-158
9.7446829258690901e-305
4.2047861716583089e-122
0.0004080243660734058
4.1400831648990243e-252
2.1680073096536958e-221
6.0776594148256984e-43
7.6650815281894138e-28
8.218054376775981e-17
9.3842176474201667e-40
3.841608416359141e-37
5.953956749852662e-24
0.31787675434451729
7.5016153858172886e-38
3.8120922189173396e-151
0.0048525479464463723
5.3513730621626969e-10
0.058971946106986271
0.0014399907275967645
0.00093748303676993662
1.6260659044632356e-272
3.3856751727753195e-302
4.3189130903834785e-260
9.5980243032444377e-117
1.2738957460486278e-250
4.5355541801140027e-238
7.8612830729768823e-41
0.07214078695929857
7.5709232413565255e-191
7.1509478923028268e-217
2.1244346829203994e-143
6.5628277303811993e-34
2.4485260900025699e-11
2.3014268012230125e-39
1.1738638210581246e-64
1.6286016120297744e-90
1.6691999508769253e-10
3.5409497894418235e-07
5.4287166003459232e-17
4.9132610395794232e-181
4.4311195679219484e-28
3.1334880610753888e-53
1.4109477178199231e-15
1.7642301638880223e-05
0
2.3193432494268891e-271
6.8318153771192376e-261
6.2586188164726003e-35
6.7702578189111928e-12
6.3304770559972139e-150
0
5.8967046358564973e-296
0.0047300519133179715
4.6461463196006042e-217
1.202263645632593e-159
1.3908484938330405e-06
1.3406541033140047e-45
3.7022733811763579e-19
0.093139154718819159
0.30656042807260669
2.2936152750651733e-187
0.00081948085049343277
0.9163514740602462
0.00031907049354709622
0.20987230328296935
6.3291168865258358e-40
2.5943405491123255e-292
2.1991698615424477e-280
8.1337042436609151e-302
4.8507765766411999e-211
3.754465374682581e-262
1.5029617742933119e-248
8.9469245489329163e-216
3.1302719053890701e-09
0.011488272628093139
4.6165371257331831e-176
7.24573277836123e-232
2.1465156959996919e-219
9.9278233315502767e-189
3.4327183000620538e-102
1.7051629513145951e-19
2.9378769954481922e-08
1.3109493547339411e-09
9.279011326221997e-13
4.8376803485671134e-10
2.8291293937701195e-43
3.0895946278503871e-49
0.029920363308076171
2.9721770095838472e-37
2.7607669403238539e-27
2.1119714531956723e-13
8.7246399580616892e-12
0.12688647565019903
2.3275800646837651e-146
0.042194041499463236
0.088086829838481776
0.91755010062471321
3.0054154307913332e-142
1.4918893606422712e-104
2.1418207582430688e-159
1.4320918268871188e-138
0.0033125046659281338
6.7670455658974604e-15
2.4278473343597488e-09
3.4539832890783608e-83
5.2269394902703617e-06
0.75782378276649054
1.8949282260920393e-111
1.4198334178368781e-78
8.6825248136852173e-08
4.3432035608137146e-05
6.6831472875220641e-05
9.0694022448159702e-86
5.7645768035442813e-16
2.8017716068433595e-07
4.1198363882139084e-25
1.4109477178199231e-15
2.4209607233267443e-31
6.6983887150915126e-12
0.00035627539967142012
8.1220100719621565e-31
9.2798130270035879e-22
2.7631133049655858e-07
2.5255714629858342e-06
1.0378829763869516e-38
7.8721324229882193e-15
6.3788751947866904e-09
4.0791968889913241e-11
1.9530394929116053e-14
3.323437194136737e-13
9.907681353982199e-08
2.4764521279463749e-10
1.8084789580133156e-49
4.6100193074004472e-20
9.1842171558369956e-39
0.012973654692258096
2.7028676753611993e-42
4.6691827374672013e-05
0.052668422286099456
1.6718033551334752e-20
4.7285776135145985e-08
0.0034644766719605655
1.8716700329617024e-23
0.0023619752909705195
5.0197020434087638e-13
3.2904950866498282e-32
1.1676080596914921e-95
5.2364024279220445e-06
1.8488916153735068e-11
1.7408537098285702e-06
3.7827340534460048e-12
2.6635515575335129e-05
1.0609745404345902e-06
1.9647611101147915e-16
3.128780238869473e-22
1.3257699705091847e-15
9.8502740479707226e-17
4.7219729786729668e-18
8.4267717687387291e-87
0.020119009325572416
1.1187879671261228e-08
5.0969832738430116e-12
6.8139288482269771e-13
9.2959256992873437e-87
4.1428997465417209e-10
3.0575677303285844e-85
2.7030658535377747e-82
1.5087347707608245e-73
1.1935660182900634e-216
2.4686993746266954e-13
2.4199868614874643e-14
0.96810296779523231
7.5692078387787142e-19
2.9150012449021198e-16
0.3263600943721866
0.14367237895862192
3.3578848325381214e-39
8.3685482904355879e-11
0.00039823540331226606
9.6058781257256147e-13
1.0492761709759982e-46
0.015320093944228331
3.7313923377895394e-36
4.7376671206582746e-38
2.8770241064449815e-140
0.010572012100681968
1.1738123521869863e-22
1.838624320349859e-17
8.8259062283201016e-124
6.1272952519799422e-115
2.9443018266966964e-260
2.4209607233267443e-31
6.7837261729258698e-11
5.6962826250101644e-07
2.0912312022200956e-49
0.13624024325115877
0.43550068461515934
0.040708965030787012
3.5036618806620649e-25
5.6639284758285803e-18
1.3997075279270338e-24
0.00043696583636891237
7.6791264745608331e-51
0.00049279110416568922
3.0837526638971052e-06
2.1551881476881316e-11
3.9339791184924227e-05
0.55138171988875273
3.1306325268144787e-10
1.4915534479160055e-27
0.00013335612067731255
2.2542168239736195e-50
3.0159934898651067e-79
8.2696446722866348e-15
9.6963133239020726e-11
0.002496814942844022
1.3162943172470741e-05
2.2201142833491148e-12
7.2037579950505716e-07
2.5106164020259446e-27
1.5026346310836286e-06
0.28953555379136903
5.9106170046454197e-06
7.7249819635751522e-12
8.2926360569191853e-06
1.1865598769345992e-07
0.71162043709798817
6.4111940363507768e-30
8.2665483852072021e-06
3.0600993976890471e-30
0.081860046919237955
5.964247669093878e-06
5.3605355493476098e-40
2.8954987484637597e-14
4.4580152432841758e-83
9.6147589272430689e-60
3.3374173737546302e-09
1.2797790124652804e-08
0.011550494314676484
3.0340083652507524e-07
0.024857014640966273
0.00088484739786535895
6.0967821531574914e-19
1.873070454699563e-10
0.0065312813893996418
2.4598808793380557e-10
1.3952117051495912e-33
1.6370683687913152e-16
9.4213355918786697e-77
9.4821185609067883e-102
7.7214366202698784e-14
7.3271367723098095e-09
4.5952486024369307e-16
1.0523808031630257e-38
3.7673184174144384e-08
3.3959626060005617e-66
1.9957686174698811e-111
1.4916853157213593e-145
7.1085319554095589e-18
1.9949265288077226e-53
2.3192034440933198e-104
1.5738835031442211e-172
1.2412455013625446e-76
1.3113333260991254e-204
2.9443018266966964e-260
0
0
1.3427982841479941e-292
8.1954866956900744e-159
0
3.740458533798221e-99
2.8144599372347093e-57
1.5691442248446097e-22
0
1.777052754548415e-112
2.0648454931221704e-12
0.37545035415424527
1.69423538825809e-10
0.00041239183823882554
5.2558788075767028e-19
9.3001723658838227e-30
6.8984299792067124e-100
1.2014000545769178e-08
0.0058926104961983519
2.9659667056303708e-07
1.2120829869061549e-38
6.7570762970738183e-57
3.9087893450235024e-100
9.5080882160821884e-18
2.5583215829156618e-57
2.7021283834187513e-120
7.5974682160665499e-37
2.1858199914381522e-136
6.3452371126370949e-146
1.8065294982537209e-197
7.1163705135346365e-89
1.8661349795944897e-30
0.49250949925790077
6.4187610763019974e-19
4.0080531826445693e-43
2.9128651035715743e-92
1.3203109800648601e-35
2.9760528835662427e-90
1.0759917415179788e-188
1.3017108533393099e-189
5.3179039604681923e-209
8.7475535485356888e-280
1.2583840519725588e-46
5.0549783575595672e-120
8.4024778101757754e-178
2.0030651960184366e-217
1.4548719950311167e-279
9.2225323816318674e-177
1.1912822253061908e-284
1.4474907594460239e-281
3.9616272451027221e-278
0
9.1802187313114395e-97
1.3912640577115035e-18
0.01026516262548861
9.3386104931256764e-25
0.02799626326761246
2.1751508829341657e-81
3.6354778171010345e-87
9.9280042994452678e-159
0.0048894995434506424
5.8018687076252201e-73
1.0358977469106892e-135
5.1278725559251609e-251
1.8551888312437219e-81
1.7566450161682488e-260
5.2122512193371595e-259
0
7.7976593350948006e-24
2.9806759480289144e-159
6.6293777638165986e-231
0
0
0
0
0
9.9932180202548338e-311
2.4056063597960111e-30
5.7350393214779246e-29
1.3165832385063072e-09
7.9772253030827037e-140
3.0845367118845041e-70
6.455330678085177e-05
1.60782647964434e-23
0.0023755225588420305
2.2160381246074797e-37
7.2767984812018184e-87
1.1875105134051766e-170
0.16827519495798332
1.2062657506952451e-17
2.7157107056395628e-63
1.0125937458545732e-186
4.5734069806489766e-50
1.4670676798054902e-148
1.586568129547367e-192
9.5851397515709484e-287
3.0357491976450179e-144
7.7270814756794389e-92
1.0364227616136e-76
9.9029585712676336e-28
1.1786476024951e-23
0.47402082506328214
0.0015988068213583081
3.0721607977379015e-07
7.4830568789388866e-51
3.4049228982735171e-41
1.8397282573649301e-07
2.2228570462797828e-45
1.347863776282712e-12
9.7757748447453003e-60
8.1392147277835397e-67
1.0048672696757812e-188
5.2496902292027483e-108
4.9982672352069593e-39
1.8364328620350028e-145
4.6264238332349476e-231
1.4546462051102649e-192
2.4906946923158495e-297
0.00069964483967419739
1.6847348512458961e-71
0.00012472237605330402
0.0011603578278412852
2.4075159009485322e-25
3.1173928666178091e-21
3.0081410013836408e-104
2.8628865610969977e-75
1.7757440233489429e-28
4.1115593015263647e-124
6.1237547709486082e-219
1.9901583141388575e-235
2.471183463748912e-171
3.4436467433554145e-285
1.9245164363968271e-98
2.0837869611496028e-06
1.954835010168421e-60
5.6193806724451754e-129
9.5410073566734015e-160
1.2528112678791325e-139
2.5379388013896042e-283
4.984054990831606e-303
4.1125071521043507e-218
1.1431516625304233e-67
4.3299973984267456e-206
4.2920097676597551e-297
0
4.6898999267357394e-227
0
0
0
1.2283591888854326e-59
1.1986914995287456e-62
1.8611700468801331e-37
6.5328045072406436e-203
4.8349917114226939e-15
3.7250108923612778e-16
2.1472781096018497e-20
2.1739741385696031e-254
2.5835080813301449e-91
2.4642386120752261e-19
0.014843308013625479
1.6873444102602631e-16
0.0013804059862945609
0.0063380084696644731
7.1209250352857089e-35
6.7265599022591189e-90
3.0468343875582692e-93
0.0012438294568240364
3.5507377882119013e-26
3.0816147533696231e-09
3.6597505623588854e-10
1.2390598119721666e-33
3.5195877356682145e-09
4.4600364400563076e-20
1.6520444690254556e-59
1.5123361452433142e-09
3.0263302270739987e-76
1.0415170904087747e-67
4.3972113156876139e-174
4.3337182288860318e-26
5.2004152672643665e-27
0.54873126367214553
1.35636028438225e-10
6.6886475097011673e-12
8.3821686276258961e-71
1.4942972651255578e-16
2.6669167316157282e-42
9.8517328755798909e-121
1.3348616638540469e-132
8.2156203565700434e-110
5.8391150573576406e-215
0.0018938305574338517
4.5069572599134348e-57
8.0317699444820335e-117
6.89799785007427e-98
4.6287136492741305e-212
3.8469574023279967e-91
5.7123505443269571e-203
1.18094755866601e-195
2.6974770518589594e-164
4.8569918484328325e-300
6.2541913429441283e-17
1.2886528954405054e-09
0.54758018346152371
2.0945793881204965e-11
9.5427051919683665e-31
4.7566446015592526e-22
8.6922065479705406e-29
2.8285237895456686e-107
3.220394386146956e-10
8.6231483390468749e-42
6.6373855407075341e-72
1.0910162250936891e-151
2.1469967410252341e-21
1.2990392659956038e-163
1.9606127220598749e-151
3.7148357929087723e-240
2.9980682212892964e-06
3.6111492736969675e-76
7.60860134567251e-137
5.6873407054986624e-223
1.5388185592902067e-218
0
0
3.1315108042494665e-265
3.5973806446458577e-121
8.8539490206954559e-70
1.4342843650328605e-32
0.37611534563797516
3.9987995853211097e-34
2.6769765040550602e-51
2.810282341713709e-27
1.3860119843205851e-10
0.42141896174714372
2.0858051538506954e-37
6.9545621703266312e-26
1.3785180501811296e-98
3.1659245514700517e-19
0.14276982466132371
5.5307343816818198e-19
1.559147183054913e-100
5.1354032369668183e-48
7.18596493748097e-85
1.0365125344699291e-103
5.0006452378828816e-192
1.4453928199560682e-21
3.8164001437076591e-11
4.9088592907135612e-24
4.9198061331124404e-22
7.974110854121264e-06
0.0041844658992973476
2.7458226319813487e-43
7.6194924918260719e-06
2.0349116317799896e-05
6.6929177113198405e-10
2.6074962926487342e-08
6.9787848836437426e-09
0.19216598067296339
1.3241108043386178e-31
4.4529978097444693e-60
5.5002948103061805e-100
6.8260945389712645e-80
1.829534257151479e-09
1.9855743867853757e-85
1.9538518554117201e-149
8.0932616595661586e-120
2.2175087648909635e-215
1.3252156606209246e-40
6.5756376883455555e-10
9.8386876988925906e-10
0.00022877935761499041
5.328048235041118e-07
0.030843463855781888
9.5545723236408943e-22
1.3667416356649659e-46
0.0024136604543507729
7.9129889217197199e-88
2.1687172433835652e-122
4.8253224376952163e-157
6.0860665730784081e-111
3.9991773261195869e-206
9.0358539745420317e-128
1.6522046144204053e-08
4.7384855959887188e-16
2.3558394356217956e-30
7.9768511429263996e-127
3.8647997819389168e-106
1.5465389202365587e-193
2.8130364894660454e-207
1.5897982384955224e-195
4.2813031916745581e-26
3.3603805163533269e-180
6.097576834056607e-203
1.6994038586349187e-251
9.2452370649426376e-208
1.1887977370173332e-300
0
0.0086934604176681779
0.11325258085618632
0.62166052452800513
2.1329785833087887e-24
4.5619291307113863e-27
0.20746678267295629
7.3924288260229605e-13
1.0447727884705759e-67
4.3333758479896062e-79
0.00016643515624760046
0.0018775498032817374
0.0016074124292997365
2.5991110799995697e-12
0.79659944537989569
9.7676733878106666e-12
2.0472598709895827e-73
3.5309955624886753e-16
2.1373374162142838e-10
2.6764888990070355e-10
1.3200525952554052e-07
0.00014202163916332675
0.32291369087493871
3.5963003046447271e-16
0.091783593547118347
0.031377922844555234
0.33667509307881038
1.0236897515590917e-06
0.26264592625763905
4.0305982819363826e-22
6.7526894583323432e-86
5.1374928325527774e-17
9.9943458756072042e-09
1.6983503806890588e-19
0.027678583820891133
0.31163770792498569
2.5753769168276348e-16
0.018306277852114448
3.2207072272560182e-09
0.0037767411140517265
1.7793610896371399e-28
0.005951307306138214
5.6784502814554867e-20
0.79160882482357553
0.954503377601156
7.1572001909141337e-20
7.7733953082456888e-13
7.0475342577382252e-05
1.117608282283395e-05
0.049046769409165962
0.025218820130273538
9.4579114291080769e-19
2.2699704700450791e-104
1.6244449260267256e-38
3.0058261125844606e-18
0.043807211757630068
1.376972865838147e-23
0.77309909909433949
1.8525885924759159e-07
1.2832261651702385e-16
7.0983533348269831e-15
0.18439327719329768
1.7164427111563458e-08
6.8994993814031043e-55
0.099297333537410395
1.2579037294308275e-34
4.6432187179744969e-21
2.8623279217373194e-29
3.0454810435860017e-15
0.39190775096798164
0.018018474574078881
1.2914934174279419e-15
0.00012510260125350291
8.2273570118280929e-07
5.7537443381902616e-126
0.0083896939601087114
3.8837993177233232e-55
4.2901586526259052e-59
4.6992121285279624e-19
2.3376119100094364e-12
0.00019320491405163352
2.3191369319974647e-18
5.6068814887889586e-08
3.0559494973502431e-12
0.0032330667205673416
1.7000326388403798e-07
2.7924602382842394e-19
0.0037464408225472237
6.1610919970206127e-19
1.1832707780864978e-06
0.54516550849287937
0.10463831323613997
1.2400441534554318e-16
9.1204884216544577e-05
0.0043574518200433614
0.00078512085046723206
8.0577773751243744e-08
0.29128611567230339
7.6782563347818545e-09
1.0694131731923412e-18
6.6162144143379424e-08
8.0225066536479722e-14
1.7902092970072264e-14
4.8995395306931587e-06
0.058603287398098676
0.019923639402965786
1.6249416996285105e-49
2.4874080683769617e-09
7.9069285132911015e-10
0.87171942201843777
0.290807924539984
5.0909620740976504e-76
4.0303913525432403e-33
0.72432038099605123
1.3480579535058176e-20
1.9617029880971893e-14
0.015537294071632863
3.6530110778881296e-26
0.62841260475842053
2.807370641346556e-17
2.9789655833804865e-18
3.7432196824581862e-19
0.13702046002116325
2.3397423934373705e-22
0.82983746239514966
0.012242366713574303
4.5503429194379431e-20
0.013013537297895958
0.75294614992224118
2.0175802699022232e-24
0.03826743219670492
1.460345859245079e-05
0.059944554324063745
7.6777099012633359e-56
1.0784130900497355e-23
1.8689330845709591e-29
0.14053458633533122
4.5988894760681744e-22
0.50505110192894276
4.1100707972035235e-09
0.00067474483546214935
7.2730486579717015e-65
1.6349844025968949e-25
7.2102777463937366e-41
4.9699181649510735e-12
1.6032103731861518e-68
3.8119633787702534e-28
3.2274257845450578e-87
5.7537443381902616e-126
0
4.7766236520373668e-59
1.0510729094975296e-58
1.7165328061770292e-29
0.00079441019102491708
4.8574711267145797e-11
0.45226943111010731
8.50278180468902e-68
6.2052560370331681e-11
0.0001163857882158649
3.3051678426798953e-07
0.0047224958413561542
1.3365004513728618e-16
0.14710039264591077
5.2164147975462227e-15
1.400487827858236e-79
1.3494675600550779e-06
0.41362002968113326
1.7478351504919822e-09
0.19297513910559996
1.6163907781940711e-12
0.001937920099977754
2.6193614160561273e-10
6.1279339494735548e-08
0.012374931970657168
2.7939972128164192e-07
0.00029565300944435447
0.058054243244948692
2.8945387280965036e-15
5.112827625683799e-65
0.00021207465993272322
3.610064987857239e-06
0.00042306162603343047
1.0592969064936348e-31
1.6582126236810586e-11
0.00016614723990975334
2.7797997611965057e-07
2.5657096889518999e-07
2.7405552709757415e-09
5.8457184646128505e-13
0.36921732580698441
3.650912181238214e-12
5.5255504045681472e-31
0.40005380668818219
1.4215880838000335e-17
1.241259685056575e-05
1.2896743187082528e-19
2.474619556171803e-07
4.903141214927344e-16
1.7584330669807719e-06
1.6470660550299955e-60
9.847473733122239e-110
3.0337093266943832e-06
5.9566127021102889e-14
1.0001171288916953e-14
1.2896871397662635e-07
2.3751426003310005e-32
4.5504745972961659e-07
2.4175107272346691e-26
7.6425639828682217e-20
3.9178673772530227e-09
0.19948934896553788
1.3341153105772706e-22
0.050524060328216693
1.4284350706025026e-33
0.49637922147562064
1.4860469311215883e-05
9.1776714400087078e-22
2.9446771227125168e-05
0.031746748154108384
0.00051501482025462675
4.5434793074124479e-37
3.7397113029787638e-46
1.7034297938388465e-199
0
1.8447895646036903e-06
4.1804720028860927e-08
1.976797148272831e-05
1.5810227929740491e-10
0.90406392724729612
1.1521031156301508e-09
0.17602043712631935
0.0163362375550734
6.0839369937052203e-06
0.084495004607498994
0.0165169125785199
2.216065911279564e-06
0.0031992195918889906
0.0014216214169986594
6.2263079013450965e-18
0.002056769825302584
1.2364695035078211e-08
0.38232590190641147
0.49085521725514047
0.0010706865805379675
2.0711207700808276e-20
2.8086337546273412e-123
0.46249136150542103
0.00025040838457597402
0.00070764606080278342
1.1444419389054365e-11
7.4082096330980843e-08
3.1170935162400398e-68
1.8269593574883814e-15
2.8467255044119023e-17
1.0870095232014597e-43
0.021044402581741398
3.722413829155189e-05
0.0010402989907946033
0.49449795013000952
3.632013685732328e-08
4.279079788717127e-09
0.20624181175914685
2.1611509427012107e-26
0.31787675434451718
0.00046081471006175655
0.22321146127084246
1.8689919962136885e-30
1.7027577950154937e-08
7.086649297917765e-08
2.8162584378744312e-12
0.53451581894020661
0.0013008993938925725
0.0001643588288442453
0.80923375981864187
4.9713704743644163e-23
0.19524388611838889
3.1020696980175865e-13
1.6141857904327168e-05
9.3951220794814484e-07
0.26449669863831421
1.7825757903129101e-21
2.2412030723946476e-37
6.3066615620860357e-07
2.5731513386040913e-06
0.0081310771144805921
4.2373718630870676e-41
6.3377251957677271e-15
1.9614562395427022e-17
1.2015429676896433e-38
2.6520492849336073e-81
9.1568062759601164e-08
1.0161168534543587e-63
1.4711392815601152e-42
1.3587863305490908e-105
3.2022878367183181e-56
5.1589334738590759e-129
1.7034297938388465e-199
9.3462768278999198e-12
4.1517144743175824e-16
6.9596982889041954e-44
4.6189651885402053e-176
0
4.7715037909321116e-57
0.0034477272968413469
0
0
9.0445438925805192e-298
4.1045861337295758e-68
9.3467388404536167e-67
0.00056483186831591311
0.00010092748161414386
0.0086866723338308166
0
0
4.820350315873359e-145
3.6441296588458503e-286
4.9290713467350411e-259
5.9201061673105604e-63
5.1526220167730225e-23
8.6806935539654323e-51
0.59933574419226665
2.414215959882522e-19
1.2588432519477539e-07
6.9523543572518816e-05
1.1614782240532422e-09
4.4572394834781836e-06
6.2638978720796871e-301
0
4.2843123277533433e-138
1.2335671129193385e-289
5.1324267568326374e-124
7.366303996951787e-06
4.985683860605995e-258
1.1120040128567208e-215
2.8091826950346649e-59
2.0752064730202004e-26
1.49353935800609e-22
3.6403994552942317e-38
3.518862097661769e-37
1.1968358327570402e-15
0.069211517313958526
4.9278202460159767e-29
3.3161728833759283e-159
9.0292827867569862e-05
7.0519124164882999e-24
0.00030153784505378861
1.6367013004229483e-05
5.2660041881790509e-09
1.0456361299893181e-254
2.580904828411967e-310
6.8906665258510673e-274
1.4118716574120565e-102
4.8394038460224956e-233
3.392463929653279e-234
9.9125124342129882e-50
0.091021228654651787
1.226995347029589e-181
2.9770833434517615e-216
1.0855223157246061e-124
7.0304590103158834e-48
1.5911817435366745e-18
7.136498476859644e-37
4.3522734759029519e-71
7.4829521320920304e-88
3.1125089460368132e-08
0.010955198725243002
3.476529833137644e-31
5.1870425647745443e-179
2.2645330770247804e-28
8.4149583659516161e-62
2.9639283941860221e-15
9.3462768278999198e-12
0
1.1095770215186318e-269
2.5944130459461891e-270
7.7336182861858779e-30
4.0061693298749213e-09
2.3229038846393774e-178
0
0
0.0080739513920510837
1.4286845213527133e-239
1.6004817949015974e-179
3.6453472538062856e-09
1.3223142225090226e-44
3.1658247917759003e-18
0.00029250216776189182
0.48087413298279114
9.2887332192997347e-192
1.5000706979662457e-05
0.77820918842497766
0.012336917155730192
0.018100263854956236
5.4914009037534273e-57
1.269505098727138e-275
6.8039202315812005e-304
1.6654621448484409e-301
2.1300816176961694e-195
1.108572821337078e-266
2.3406427247055704e-256
5.3878070430090951e-205
8.6231623153574383e-16
0.6339843718897803
1.1126760494624829e-197
3.1284222858707241e-230
1.5268578653124608e-228
4.3775311721579956e-197
5.5897364403646479e-106
1.7118114930219058e-24
0.001168598630021898
4.8453795759507461e-05
3.6603533590271877e-05
4.8469268743184816e-15
1.36293953327549e-35
6.6760299626568167e-37
9.3735838144347419e-07
1.9044734014648363e-34
1.8741573818646663e-18
3.8264742388571013e-19
1.2235115911218277e-06
0.14358190509938734
2.4843992518775627e-136
0.00015348612339201141
0.028547321857016916
0.92562824008839406
1.0711727133036632e-163
3.9590221561906036e-103
1.2252217220028796e-159
2.1970890455137165e-150
0.011563869323243723
1.1039073709751983e-07
6.1193440638299431e-08
6.9348977851005068e-86
1.2761644557854656e-06
0.53897290910465845
3.0732722353119642e-122
1.0607629762888097e-98
8.6404631976760485e-12
0.00015848734636630702
0.00085638579800478842
1.7012900325048653e-85
6.609532613635819e-11
0.09711984040640026
5.3807907444544814e-19
2.9639283941860221e-15
1.1919980810077215e-37
1.4514454931327913e-10
1.1761651556762255e-08
3.1025462774643389e-31
2.5090265680335523e-31
0.055885184400924395
4.6763839978415714e-06
9.5706399681859115e-44
1.8079729978810059e-19
1.7757603749540466e-16
1.0608746069096742e-13
9.0464194226880406e-08
1.1014585956222765e-10
2.7734088653381544e-05
1.6873472175316124e-09
5.5483184415667151e-62
1.8155571417260147e-13
4.1497810141271647e-39
1.9908218271123637e-07
1.9937526399265405e-47
0.00088781826711671467
0.18041308874213749
1.540110185528944e-24
3.2535884682697628e-06
0.078710058267492278
5.1702884183335418e-18
0.00010432918219393298
6.1068681227635463e-17
1.1560410844107212e-18
2.1111049530553766e-93
2.7956631945098177e-05
6.823461486882298e-08
0.043744727293863077
2.2579205754072276e-14
0.0018130312324286368
1.5988766865645675e-07
2.1712013627075176e-25
6.1420398882219483e-21
3.2144169286967475e-12
1.480579963733177e-14
2.2702040939372993e-20
7.3704678807365793e-90
0.015805398730118707
2.8012350887241646e-12
1.9939196299533378e-17
1.049106060092507e-16
1.2324182724106388e-92
1.5590820138900114e-14
3.1826783245815565e-94
1.5880429958950939e-79
4.2037267997259535e-92
9.3914923210503613e-212
1.556362631439203e-11
2.6217323312369763e-16
0.021218358987784978
7.4229482430812836e-16
8.0190013696577832e-20
0.003805745895917595
0.24092210475857298
4.5844785360803833e-42
6.8253116561008172e-10
0.53862959167870894
1.6670614624580504e-11
1.0238585994745419e-34
3.5196560069081082e-08
2.5192912697274668e-36
3.5594529815334003e-36
4.6832068228030709e-156
4.4401322230247135e-05
8.7145180965706039e-27
8.8439172697938474e-29
2.6391907645238555e-118
1.191863791949121e-123
3.9513918456235614e-263
1.1919980810077215e-37
6.7148984481934179e-13
8.8751607409457415e-14
1.4238465242400548e-29
2.7415723016557362e-05
0.21186273839477507
0.13511999491961121
1.4164403381596414e-14
1.3380955630234277e-24
4.9429746237858859e-27
0.00040370225308253841
1.3037343012694566e-49
1.1987791748303136e-07
1.3750278802756439e-06
1.864687716656286e-09
1.9142689066129089e-06
0.12251994378959845
6.7211732463993191e-12
1.4008148596105189e-23
2.4643180741033008e-07
2.0757085951423254e-55
7.2199081990284915e-79
2.4363991489786075e-10
3.2194831566706825e-08
0.001197644380306153
2.3083792161793629e-07
1.0141343537617734e-07
0.00046751930084381569
3.4267842576041943e-30
3.7628195339065057e-10
0.25868177030765555
5.8892986836744382e-06
4.4318392644141462e-09
0.00017304456272999364
1.0502144038978071e-07
0.026598038009419935
2.0148136128669193e-23
2.4261459730210062e-11
6.8928634856385432e-23
0.67264283026719762
1.182147251531264e-07
1.4082841910432819e-46
8.9933863432737754e-16
1.1025750991546552e-89
1.4540016636040152e-49
0.0070174356882028097
3.7363852579227871e-09
0.00015623757313573458
2.4380705570291056e-05
1.0778450634424935e-08
1.226446149218029e-07
1.0331499718615195e-19
0.061080063098005406
5.8442497078780436e-06
1.1682257000511423e-18
1.2027736950718626e-42
9.5838885087507962e-10
3.1362330984277603e-84
2.4282785400496049e-99
2.4850654011335221e-15
4.7594713419131397e-13
2.1620228491296826e-16
7.2852816551223557e-36
4.2724307889725995e-13
2.673522451661948e-66
6.4638611255027169e-111
2.9215724895125144e-135
4.1244459662787201e-19
1.0804560541915984e-65
1.7167009016484662e-99
7.1730049698101676e-168
3.0808671289854743e-87
9.615784788319931e-210
3.9513918456235614e-263
0
0
0
3.0942793376622213e-150
0
8.4894127956534014e-91
3.190778756845778e-57
1.0742899358520352e-08
0
1.0969184495045655e-75
2.6018374384586515e-10
0.28300057269343704
2.038176422025534e-16
1.3352570105523407e-08
2.9877866787970042e-11
2.2505176545914434e-49
7.6158317094176736e-51
2.9601494505895632e-06
1.1959911272700313e-07
0.11303171653978679
3.6680240373454362e-49
1.3886150430204969e-49
9.2648488575698748e-93
7.720929378810092e-23
6.1329979086460877e-65
3.9879487400938418e-135
1.0374997756623081e-33
3.2492120308918386e-131
2.378407516013821e-132
4.2382631753454683e-214
2.058742681640547e-97
3.713949592728737e-27
0.0082014241354047713
9.7440383536909342e-25
1.4405997309661924e-37
2.8392513783519407e-105
2.4327423537649609e-30
9.6351640996261956e-83
3.4716168630504144e-173
1.3245387916900785e-185
6.5208363065900888e-193
1.6272264882289857e-270
1.842495633143679e-30
9.9003436778395969e-126
1.6764971313329157e-188
5.161018160541357e-192
9.9005142034733398e-272
1.2159311184325716e-171
1.9936379343774974e-286
4.3670277239961355e-279
4.4978521870284241e-265
0
2.3316628789519965e-107
3.4325311198463426e-22
0.089513384288837719
2.8693343766960038e-21
0.041385982719123485
1.3081209040547697e-70
2.621181034335711e-85
7.5009167711318285e-164
3.7113782331105029e-06
1.5619996130886392e-76
1.6001522142021665e-134
3.0167741198446208e-230
4.7353713509605782e-85
2.5226792000699159e-243
1.2818509104629696e-252
0
1.1189337994716529e-12
8.8614017782299441e-152
4.2567667834531114e-227
0
0
0
0
0
4.2895004099676075e-282
4.4827023264636574e-33
2.0417928057025568e-26
1.9395720613667412e-11
2.8716476557613986e-156
1.0724000155129593e-84
1.8533683836237232e-11
2.0432626424120677e-20
0.01292892596960636
7.3258353895942227e-39
6.5454317185253181e-66
6.2135174973785185e-176
0.032272263758280899
1.3710807442569607e-15
7.9478162713177541e-55
1.5237841149391764e-177
1.8376620259654169e-48
7.4742904300843802e-136
9.8599159161495077e-167
2.3864187080445257e-280
4.9259554782687065e-143
1.9208149181856229e-114
1.650736239059739e-69
6.1952344385705519e-25
3.4273498078362696e-22
0.00087893476987532847
0.00029577973370232971
3.0299279233661952e-11
2.8203469740515387e-56
4.2380775295187689e-51
4.8389753331972846e-05
1.1870606420228042e-40
1.3664313106022204e-09
2.4668447889797088e-51
1.4295539311835761e-76
1.0337987375431809e-165
1.0963232959524241e-83
3.9266375078226438e-33
4.2466425411161038e-148
3.3357466821401295e-209
9.557407832991844e-172
2.7786678474672925e-281
6.9115892484110564e-07
1.2112667080182879e-59
9.212601497507449e-05
0.001418092535741522
3.8969030693878043e-22
8.4205353096604565e-30
5.2765355461186182e-103
3.1650734427349775e-81
5.8894295971298213e-17
2.6178842295315801e-116
5.1946547201020076e-191
3.4645861106471704e-202
4.2427779770744824e-174
7.24015668389602e-279
3.9213136574231509e-96
8.3010485960910802e-09
3.3084628622430339e-63
1.0151511585811071e-116
1.1211143881756403e-159
4.8521423770848714e-141
3.3458087210648074e-256
3.2824992558882404e-300
3.8113680020191169e-210
1.3154169382922772e-77
1.2618365866403015e-219
3.502877007618458e-280
0
2.548678441488436e-237
0
0
0
2.4839544532334463e-56
1.2079250094407831e-91
3.3854264073616399e-33
7.1794793283903294e-220
2.9440292870704823e-16
3.1258963503419766e-24
1.2684584222476974e-17
1.5924379395192109e-202
2.7555171806697004e-71
1.2574799037322308e-15
0.047592439240946131
5.5256431157381925e-25
0.028130498200499766
0.0018393321640456468
2.7829447579043971e-31
1.0123461503033399e-73
2.790694713386154e-80
0.017648065478850988
1.4915534479160055e-27
1.244660865976303e-08
3.0337106283825521e-09
9.6036807185643247e-35
7.5726190548393933e-08
1.6418814463162789e-20
2.2004544964002226e-64
4.0197504594516075e-06
6.349847791006296e-76
3.7725638500725353e-80
4.362965111249629e-179
4.303712744162018e-29
6.447344256232756e-29
0.044658863290902587
2.4681526465082616e-10
1.2296918309302654e-06
9.8065488176386316e-76
3.0142235910590536e-17
1.7514247883630761e-45
3.7665388025390521e-126
3.2679277831861421e-138
4.1744126149719982e-95
2.9023475505664325e-197
6.4129475581542391e-05
2.8063453219199797e-58
6.6730157039539497e-128
3.030080301127372e-94
3.1670860217436148e-215
2.0382943868129985e-82
1.1637247751390806e-189
1.3745079022419232e-208
3.5006267746368349e-156
2.4594174217820361e-299
1.8512800421265563e-16
1.0930153782050995e-10
0.013915752615491337
2.6869657244974915e-19
2.4339830515470633e-30
7.397758385222444e-20
9.9231102663603362e-28
1.9588892916163421e-112
2.399996108407404e-06
4.3214584564071412e-35
1.019224695819421e-73
3.4547659929266159e-148
4.3578621148615411e-18
1.5521812059800553e-168
6.5587980388577814e-159
6.7670777596708009e-243
1.0762606162099112e-05
3.577082198122935e-84
3.1521758689892231e-145
4.2016224963729031e-237
2.0361013932122262e-212
0
0
3.4984666290523277e-262
8.2983375791716603e-157
8.47628502875825e-68
9.4643766284812469e-26
0.088827277728004667
1.0675950158811641e-26
2.2287573351758106e-62
1.3368863816733572e-30
2.3209484445912624e-14
0.0047262724196447149
1.5390964885428652e-32
9.7322068013717383e-34
1.2558434629929919e-108
3.7171673239234058e-18
0.12040540978275645
1.0607184462035957e-22
3.0953536083286444e-111
1.4537792271415075e-45
3.958754779488454e-75
4.191899803313543e-110
6.6723031030998449e-185
7.0332687752988511e-16
3.662802467898342e-08
5.3087171682127713e-17
5.2790140469156191e-22
3.9479674821935127e-12
6.9306958786287393e-07
2.3797009565366237e-40
0.0002318527008949269
6.309572062016527e-05
9.1445828308276944e-14
4.1568041310953723e-10
6.1903238597701074e-11
0.62154212810236231
6.2682437150232695e-35
1.3474068967669689e-50
7.6317137271663055e-104
7.1090030911132289e-69
5.9449012066562428e-10
9.3903274611445975e-94
2.0031234289387943e-143
1.443815970979994e-124
1.8081794998739116e-198
3.8094168536926087e-44
1.6199667579193353e-05
2.9123247418707374e-09
0.0046774035226395784
0.00014602047522735382
1.1453925408287128e-06
2.5656551666602777e-32
2.0176781542194109e-58
1.6788371092778415e-07
1.1349111279557874e-81
8.1283375282748486e-123
3.6785535811872939e-142
6.0033930351665616e-126
3.4510805684404439e-196
9.335174002789792e-124
2.6706606174674439e-05
1.0877908260458033e-22
1.6232310913230878e-42
1.5282890416601991e-103
6.3970000180872498e-103
2.6784528450835601e-202
2.1916317439293462e-213
4.5554071603878669e-204
5.8249828673363716e-32
1.9119745629112264e-170
7.6740649525549912e-198
1.0509184595075169e-257
2.1152586628544984e-200
2.2195397892682146e-310
0
4.0078089481249579e-08
1.7826888986814396e-06
2.8749512239168619e-05
7.2902279396156939e-26
1.9715628350468869e-26
0.091630667803712221
4.7234858886258997e-11
2.8555105874157623e-60
2.8568615996611524e-62
3.9287651960043879e-05
0.010745328542286124
0.00012087691581553201
1.9957664558575774e-18
0.075566462810102639
1.3504139539239059e-14
7.3666065121592894e-77
3.833086952649545e-14
4.6163248094887284e-12
3.2820247530764789e-08
0.0013639085782331699
8.6885436284606552e-05
0.48011033092920297
1.1587004617362005e-13
0.33473520939617085
0.047323165275670542
0.40322161618667135
0.00063390845574739043
0.0067302173705479943
1.084420345043613e-23
9.0495663479170293e-88
7.0844373094350291e-27
7.5629693340183335e-09
9.2437410675803728e-14
0.00092733773293498514
0.41897908958276847
3.7053642735528498e-14
0.023458042186057116
1.9898482991213192e-10
0.046292936336848008
5.3232961534376912e-27
0.17736664539906744
1.2390724794013368e-20
0.26390338168104915
0.3659391097878732
1.0015702016268173e-20
6.4690805922765799e-16
0.00961680568886953
0.20863591973147358
0.012839908960617595
0.10419231754543588
2.3839372762805577e-24
7.3532114391330861e-102
1.0106329779689698e-27
4.2643999638393448e-22
0.38117450724997703
1.498816870752356e-22
0.5128880138165115
8.5079723270485962e-07
2.5408675962563139e-32
1.5889930436557144e-19
0.0028097544675029047
0.0015170624485464689
6.2099262606640742e-63
0.87858990080265098
1.5637967814111866e-23
1.9743907529461842e-27
9.40499181300256e-25
4.8677120798119442e-21
0.76807155504158187
0.00031486518486146549
1.8052936581423052e-30
1.4721528121315463e-05
9.3954811788058801e-05
1.5396065529521323e-119
4.0078089481249579e-08
4.3105759712574135e-61
3.3778092928033802e-53
2.0856674347872168e-10
1.4429709769591381e-17
0.0014804856953530032
1.3233390655572747e-28
0.00041503428697793723
1.499513577651429e-07
0.0021428324961549369
3.0960338092373774e-05
7.4238709802156733e-15
0.00031879752790560601
9.3424451309254473e-16
5.0486345055962089e-09
0.00049973911874624365
0.029398384464184839
3.1779335513362845e-23
0.48579793936985893
3.6286086368520549e-08
0.073860899483439463
4.1719631603519797e-06
0.00073620649434593126
0.0050925593167750064
8.0968526336167042e-25
5.5556779782124435e-14
4.2601083873286959e-22
8.8818881511744167e-15
1.8266689754594619e-11
0.058074494152707781
0.72756803687132743
3.6363248868812146e-51
7.2467830987472834e-15
2.6597548934875123e-09
0.55646340843140618
0.02242435215423878
2.4619789848580277e-76
1.2085676907918206e-18
0.19741631443430352
5.7154248472716824e-27
2.3670762979147864e-11
0.0003656758110358911
3.0804476701089344e-30
0.13315739339716201
1.6819657067556172e-17
5.1519796576535332e-21
1.5075649779004254e-17
0.25053408093107671
3.4789159599486653e-16
0.22451618090627276
0.0034463350599141123
5.3198194729641948e-25
0.22740777665848255
0.71395707198636194
1.0968183699379051e-20
0.00093944644786394063
8.8102120706291419e-07
0.23012856085914496
1.3875334116365683e-52
1.1202435574153907e-18
2.6755503052638054e-34
0.1988952594353659
3.7125507307140434e-20
0.085437883151699354
3.8233842722778575e-12
0.0092496866984123158
2.2830327786223768e-74
5.9192438297933065e-26
1.7122130368891738e-36
4.9643791817910462e-17
2.8150586609290854e-84
2.3183524030653634e-19
5.0730332385493787e-89
1.5396065529521323e-119
0
4.4049620042484428e-47
2.4191423937358276e-56
1.1181363807991214e-34
4.6579526482222317e-09
7.6503567625636689e-16
0.16494219298411331
7.3949013073081644e-70
7.7131476714173653e-23
0.11676234321265018
0.00015163453373917169
3.2146864163539549e-07
1.0089166485648248e-08
0.0014658541055566777
4.7241510923475914e-08
3.8600448413427148e-83
8.9688560340582005e-10
0.3228278570795905
1.4940445605989026e-05
0.40123997351540941
0.00012310568254023059
5.1924653806103501e-05
7.6830392000402618e-08
0.004709300745047388
0.20642518525864567
0.029909400848364139
5.4491262208749303e-08
0.16056776269966225
7.3100825808183579e-06
3.1017284096332855e-72
7.3183577582675529e-05
0.00018116051336680166
7.56621151150907e-05
6.0611617181672824e-33
1.0687876158246081e-06
2.2235330973436357e-05
6.6942539833984869e-09
1.5600401899778687e-06
0.021805349743831786
7.5498587844792571e-21
0.038447108506922734
3.6934948622258327e-13
3.6988923606512261e-27
0.117559279796556
4.0003210392356101e-24
0.053658480974245602
1.9501601552286465e-14
1.3457667664516842e-06
7.6827836392706516e-07
0.00099109972746200909
1.5136571372881826e-63
5.4428804649057898e-123
1.0428215247647709e-09
4.0501000952203316e-09
1.9947793040424662e-14
4.4692947878441234e-07
3.2979510727446824e-24
1.1460770675688539e-09
4.1550947626103418e-13
5.5005797058295893e-29
2.3810454283013558e-14
0.90811863676544913
4.4779533612105972e-20
0.61799135523920179
2.2497938791443941e-38
6.0921836883713342e-06
2.2913152858261597e-07
1.5265452570929439e-38
2.2243034760409646e-07
0.00017530453805000051
7.5839364615631534e-12
1.7266526922120515e-32
1.5533633482603376e-28
3.5691169322022059e-197
0
0.00035642757644272968
0.00015368582231472925
3.2161740927565905e-07
6.3473851800565697e-11
0.52235719584235385
1.3651733209345071e-08
0.70576753657976599
0.070360418291013291
3.1052128322509462e-08
0.13370954137276317
0.070650325972576561
2.5221244453222452e-06
0.00033187793635710314
0.00089603849726253002
8.4329478742839856e-17
0.011488272628093139
1.6479897578724305e-06
0.013270547941613378
0.2962610442977156
0.010883407251021601
1.8167453276483844e-12
3.5541433816778419e-131
0.0056994457450194646
1.8447895646037074e-06
0.0017790202023094004
4.104417076759201e-12
0.0029061118458857836
5.6502637895962812e-57
3.2702550351425436e-13
2.8145675926713708e-27
3.8653065332152171e-46
0.0009382679197729734
2.126432185222568e-07
1.1900405768172185e-05
0.84754594566225805
1.3562785829389702e-06
0.0015628922674277208
0.031412329397053358
5.85181840213638e-28
0.58828362985990557
4.2165858934068741e-05
0.071355399977937856
2.428067107832733e-15
5.5397863204718255e-15
3.8330869526495727e-14
1.3681234764043254e-06
0.97909713665940179
1.2101341701436618e-06
0.021281951667017872
0.43518955325802511
8.6571120537016735e-24
0.40242825543219923
1.1078332777676433e-17
0.0010978134824312486
4.6267083611428848e-07
0.14686971303434601
8.7070732652235443e-14
1.952169895502722e-37
9.2339312468138859e-06
1.847103928260542e-11
0.093948501980006496
8.5622261118878071e-44
2.2248613250241135e-14
6.3485778337495228e-16
8.7713920671551546e-35
7.6701205528360222e-73
1.8852046686324343e-09
1.2443037941651131e-67
6.7837009031717306e-42
3.1874133601552883e-105
9.92283416658465e-70
1.2498263470828633e-129
3.5691169322022059e-197
1.2694361260880398e-07
4.2119329877151815e-08
5.3618160325535836e-38
4.6390594318407434e-153
0
8.6437113945495332e-55
4.9207164358334029e-05
0
0
1.2598916051867969e-305
8.5582586503549907e-82
1.4981698493505584e-78
0.0010675647151726165
0.45269298101802824
0.010608924894953993
0
0
4.7642539510650659e-139
6.0172633514477731e-282
1.0643604090178784e-251
4.7717609218223646e-81
1.6785262977346468e-20
3.2791688266664609e-67
0.1061951452486337
2.008143201628203e-21
0.038711121669940979
1.3803596359557928e-07
7.0141839795888177e-08
4.834102900581352e-11
6.941646084200002e-304
0
6.7570685600072617e-155
7.0041595176013772e-304
3.9963235231817082e-122
0.0064060323504202014
1.0335841656283494e-254
3.8705649915826461e-215
8.574158576699129e-45
2.3206961434177898e-42
3.4958194986065455e-20
2.574437678921627e-26
6.6420947370937017e-48
2.4649052265054456e-12
0.04542869667525927
1.2675965342070185e-21
5.0648064758337335e-151
0.15672914299517274
3.3512951319521233e-26
0.0011502562617697533
2.6795134611688128e-06
2.9907591426693135e-05
7.1039697006603871e-263
0
4.5422322136068922e-269
9.335147213252914e-117
1.7647265946243377e-239
9.2288023291846868e-234
7.6318997671103719e-43
0.0070868733513841081
3.2977597624752006e-189
1.5588104350374778e-206
3.4932287618618141e-141
1.0437193376353251e-36
6.1890777139369634e-12
3.3912504182016948e-29
4.587827432003755e-62
6.4130651363667961e-69
5.7116430548213098e-11
2.1337854834092975e-06
1.7174718064818384e-21
3.0647688914739143e-187
1.4889190060142147e-21
1.5083593096844159e-78
1.0133785836379035e-17
1.2694361260880398e-07
0
1.294562681060536e-265
5.2797205220639129e-273
1.1684113133228993e-31
2.4277469610001044e-08
1.1063211322672312e-165
3.0817818130462892e-307
6.2144122522869041e-305
0.0023274830719183254
6.0742699658320932e-247
1.3100483405109011e-172
4.9651002191728571e-07
3.1803368371333222e-49
7.7839636893776009e-16
0.00038275613593322018
0.00085890306428332709
5.0418686902349584e-189
0.034644692855758108
0.39493829944731007
0.042405908922838534
0.0033125046659281399
2.1666224405487729e-47
5.0708396430508647e-292
5.1026217418222744e-299
3.0341834110938207e-289
1.5874473839592712e-199
1.9671744785498778e-259
8.657331962437406e-252
4.4958768350426537e-209
2.818998576862213e-12
0.96720711930692338
2.0833265749604086e-188
7.0010554570510575e-235
1.7515828449512841e-237
1.3865354142994899e-189
3.838932788510955e-104
6.2235167915043576e-25
4.7075448159363382e-10
2.7633131743359773e-15
1.4241081350650618e-16
2.3892531303075029e-14
1.9938258562824083e-43
1.3401636519308468e-44
5.9320117300865948e-06
1.5257667991190218e-34
8.2813008379067348e-19
1.1574432647649616e-17
6.7834073012205879e-12
0.78789781815324611
2.0206722445260209e-160
0.00060360168055811382
0.024318932875152868
0.2418217341478921
5.2127457742736553e-157
2.7244024766019612e-92
8.0469905262939089e-197
9.8407043285296617e-134
1.0115933747464202e-05
4.3995170532875553e-08
2.3728081881140002e-05
2.8003497708983444e-71
5.8798999339710154e-10
0.13649989098546367
6.2659206487340486e-108
1.2035204375331777e-99
4.1147787868532745e-11
0.094512470865890735
1.2541204330836684e-05
6.005254434941524e-104
3.3315700253183799e-13
2.3309673213864973e-07
5.6049710603930074e-14
1.0133785836379035e-17
5.4849599418668815e-37
1.3444756798127241e-09
1.3756507293116414e-11
1.7582715965146104e-34
2.3038221455996194e-40
0.0024404111863537033
0.02374765049936858
3.640343677804841e-48
5.054937538336585e-19
6.2823948325011323e-18
4.0115677495956809e-08
2.0921772562518973e-09
1.3550376842020602e-06
3.5174131075489905e-05
4.348289855818157e-08
7.1402123118028824e-64
2.8164933535256528e-20
3.9185429111608408e-41
3.6405460296540707e-07
4.534213777806788e-48
0.00029300407801283895
0.1762889993445283
1.9138483296639468e-18
1.0212504272237254e-07
0.016077892121986084
1.0602002983601033e-25
0.21658704763418402
8.201752390039743e-17
5.0061154005906923e-27
2.4200159041492488e-114
0.00048142082581262676
1.6654490881988514e-11
5.1175321212318283e-05
4.3786813748253881e-14
4.1758098230398637e-05
1.6706847618698668e-05
4.723939609074999e-29
1.8640619816113272e-20
2.3724711167788769e-08
1.859736511648128e-15
2.8603061193475919e-19
1.3717481545885613e-82
0.0025544833190474557
1.137847524170086e-07
2.8059441393004225e-11
4.0218280070222824e-21
2.2866333675887117e-103
6.6670960237828203e-11
1.7966769426853037e-90
9.6552954860849877e-83
1.086199271650285e-76
2.3246529173771422e-223
2.1400595034609559e-13
1.0967949400385412e-12
0.57272367046393602
2.6051597013802967e-14
4.7644923811811466e-14
0.38107865620727116
0.00042288159811031741
1.671274340184613e-40
5.0743595355606592e-15
2.6395328602316571e-10
1.41644208427461e-13
1.648433178440886e-46
0.0067996025242715204
3.4792145784594741e-56
6.5075856733071199e-33
3.5035798041344783e-144
3.6714008744983202e-08
1.5620748464497573e-24
2.0345555393624143e-26
1.653743091009047e-139
6.4878817097696428e-124
7.3181393638158495e-251
5.4849599418668815e-37
1.7135270471373102e-14
5.9390245392833702e-11
3.7330575687491286e-49
2.1000035030369242e-06
0.74873217135972092
3.7794266138974482e-07
8.144319048422798e-15
1.929022679352806e-26
1.9621123757363309e-35
9.6523271377927268e-08
1.7153865852642839e-41
0.00044940320146328222
0.0012869313484900711
3.2853513403870457e-07
0.00019827432037635792
0.049482232677234936
3.3570023485275748e-14
9.0372311185287736e-28
8.7232871603327377e-09
7.0930401369431259e-59
2.6482053599490264e-88
6.8362604010681224e-12
0.0038411453168703856
0.0011459533313390052
7.609428360573252e-05
0.00013026374901448052
0.00038603440253391576
8.6919575979662346e-26
8.6101942116184505e-07
0.61408823323103068
0.00055464580940711185
6.0200088936876129e-08
3.2037240443612425e-06
0.0032356846663926932
0.39444853425119342
2.0000831524228682e-21
5.8548186736235422e-06
9.9583376618035415e-25
0.00011502569241917171
6.5161475152291653e-09
1.1382167937671072e-48
4.2025926773301108e-22
9.0642998279234465e-90
1.8598551821228546e-58
0.00094694410573268315
1.3544176571628704e-06
0.00017073935614115597
3.3129698257310242e-08
7.6194359773314326e-05
8.2634666778919155e-08
1.1953046528627768e-22
0.00022730666046363263
0.073534018422406769
5.781719750132021e-16
5.404054169886807e-43
2.1856166674945911e-11
8.8117005093011235e-71
2.6005871465168885e-100
1.3550741451494813e-14
4.8732878508607565e-15
3.7858465539224228e-25
5.1512987008315082e-38
9.7974319012591879e-08
6.4176696861499966e-71
9.1179116011631539e-110
7.0179702668813017e-131
4.9921714307358934e-19
1.7122734465858148e-59
9.8002712593435471e-97
1.8458447947691475e-166
2.0399960454817588e-84
8.6330978269980107e-206
7.3181393638158495e-251
0
0
0
2.7102838625236642e-162
0
5.0303146763572516e-79
8.8860638889485275e-56
1.4974099837930943e-12
0
1.0923243006774036e-74
3.9052934267534783e-14
0.69907718166206867
6.4099743353304762e-15
2.9447820192439085e-08
3.8706328055925675e-10
9.1874193121660017e-48
2.2857659579598622e-71
0.002759937569544416
1.3328449913256446e-12
0.0004080243660734058
1.2774974140410477e-36
7.5170806594394163e-50
3.9627087603616396e-109
1.109668466350985e-25
2.8836964556036067e-62
1.1450072294087303e-129
4.4520900054865283e-27
1.2862866060721925e-119
5.4956969210522357e-147
1.3194953722256514e-212
1.8136000351956206e-86
3.066818354756935e-27
0.032734268812297893
3.4829875347646675e-24
4.3539309370170631e-33
3.1808085558773069e-95
2.3158236753268515e-27
2.3786607710381251e-69
1.5074559591323525e-169
8.9923286875123341e-183
1.1257612655923383e-203
2.0472258192322867e-284
5.5222573485024722e-45
1.5290958801256569e-125
3.7153937765957851e-176
3.0945558084901741e-194
6.9206162070451553e-297
4.1883751126632178e-173
1.4932569240248843e-270
8.0399675942194817e-280
8.622755761138447e-257
0
7.4449847408452809e-113
2.9733459333620237e-16
0.017930264550894172
1.2815415076696624e-31
0.0018235074014196855
1.0737043147152363e-74
9.0481390032711914e-91
1.2981794305740122e-154
0.81994622809263462
6.5956571116245364e-63
1.0826478643966475e-120
1.0584885648975406e-223
6.8992669339227553e-85
1.7100462325997759e-243
2.2481041696289468e-255
0
3.7801504901826861e-20
4.4735103682388941e-172
1.2791423255404985e-221
0
0
0
0
0
3.7089875726674437e-278
1.2138393090526068e-20
4.565576351171346e-31
5.2298905107413273e-13
1.8712907393089628e-126
2.071559868460663e-71
1.2083069361978425e-07
1.7730328286916017e-19
0.40312239484063128
9.8331948568769668e-41
2.6059316808006582e-48
1.9670778908319421e-165
0.022491348064861669
2.1662455770280776e-10
6.0518264013453328e-55
5.3610219277912058e-185
8.6396721191603683e-48
2.7976723360259083e-141
1.502493949741172e-156
5.7786062090811318e-277
1.0697637730432207e-149
1.241292483382093e-137
6.9021604683884685e-67
7.7197630394470058e-36
6.1659071892857326e-16
0.11600773872426465
3.1999014738748869e-08
3.7627255565412364e-13
2.0240925341597539e-48
1.1575976765151545e-41
0.00024666898365763578
5.5358533021223645e-37
3.6597505623588994e-10
2.7526448466350591e-63
5.9966009289317553e-81
3.1043752891367247e-152
4.2042771029098109e-79
3.2065271108704277e-29
3.1554876328587192e-145
1.3126997464564091e-207
1.4424856039149058e-171
7.3870783938762024e-284
1.623324895213144e-06
1.6787772867531291e-48
0.0042984613698809774
1.7384278314968075e-05
1.0775194683495021e-21
9.136706414336083e-29
2.7205295517325513e-95
5.786585338779214e-66
1.7383320542889384e-25
2.6456975936169365e-128
4.7182780825656688e-188
1.5100119640140444e-192
5.026108818828741e-167
2.7771993370216112e-276
5.4964652484651315e-97
0.00017844017029933402
1.2384447792470331e-73
1.6295791060786116e-115
6.8058745623505232e-161
1.9385172814591446e-156
2.3845834705317954e-270
4.2872350208196343e-306
7.6941662652680413e-205
4.279491174764312e-88
1.8408982137557702e-216
2.5536630620540382e-289
0
1.5865441852795766e-240
0
0
0
1.2768155977100242e-58
7.7752752003521233e-85
5.7987160860277725e-35
3.3755474264460956e-192
7.2961082184008659e-22
6.5398862715609377e-16
9.1592212834348402e-22
7.1114943550544561e-207
2.8912618981938063e-82
8.3312038351183343e-14
0.02316313816853563
6.6404669859258709e-24
2.3183292593504847e-06
1.0029964195430712e-05
3.8003964912293153e-30
7.4782880738973056e-84
7.2304143606784379e-98
0.00021763018134526472
6.4055212567999306e-41
7.8075997901541821e-13
2.655966981972782e-09
3.1985991119659486e-33
4.9732425578755477e-06
6.426442507683829e-20
3.1025328418097324e-68
5.8172145744053855e-11
2.1903237409906327e-85
3.9091591081583707e-87
1.7810023504890739e-162
1.3144403096180368e-19
1.0408619262610577e-29
0.99030013706009634
9.6869872254816995e-11
4.0665698694509426e-05
3.087571607399633e-75
4.7232400745756535e-22
1.9812923497923833e-42
1.1132847497793617e-122
1.3417066653465512e-122
2.6358840571338252e-105
1.4710340495897876e-216
0.0075798381812685733
1.2497682833335658e-52
7.4821938444473047e-123
8.5605775326920358e-94
1.1945456339864882e-215
1.826756044847429e-82
2.530663026099868e-211
2.5064433526162571e-209
1.5645061242229115e-155
1.3286028118558463e-293
1.5675427144695813e-14
0.00046356393526302393
0.0086528080542567169
4.0458734438334537e-11
3.7981063533289529e-40
4.7499201578223554e-15
1.5416688031880104e-24
6.1549580093659265e-90
1.3299187800700685e-07
2.7071272769167412e-37
1.2639614190100925e-69
4.5474373937734957e-156
1.080593689407486e-23
2.2697131219402513e-143
3.2988505186877779e-147
2.6816539641236774e-243
4.1662950849863307e-06
4.0220399301850971e-77
2.5841374196546444e-130
2.9617369398782544e-229
2.5714171284511386e-224
0
0
9.9866542868176366e-228
2.267070531603083e-117
1.8571068380685263e-56
8.9896969221000565e-35
0.0069295092572399216
2.9826080181877536e-25
3.0470488009065855e-43
4.2301879307189703e-22
1.3600344954337114e-08
0.087674587749394475
1.1629838294652833e-37
5.8667855327840564e-32
1.2020244843807973e-97
2.1545341074225499e-16
0.25138986930055396
4.028669632028472e-19
2.7240414399943273e-111
1.9600599965171568e-47
3.0331154883133583e-83
4.7524857735464866e-106
1.2061437787672097e-199
1.7800186773574278e-27
4.3671956428605593e-09
7.3439922055567555e-22
1.8171858954621073e-32
3.9394108296803201e-16
2.1125203527865732e-05
2.0788175629498952e-43
0.0053567766260815171
0.0062632416566167021
1.7504701093109443e-10
2.5881249254396458e-18
2.2743856819145116e-06
0.18624152851463338
4.1734063911412643e-31
2.1872473252125943e-55
2.7190176854087015e-113
6.112610958910362e-77
4.0497797215109143e-11
2.4463326869599992e-83
4.1370124321214817e-140
3.1953900938777832e-117
6.3318203169987949e-206
2.3276448709546592e-40
3.952677447244912e-07
2.4324669979365254e-09
0.0036100626065764512
3.8479653178896863e-05
2.9381514782286038e-05
3.5232289873759249e-25
2.7981416738785948e-67
2.3109296995274452e-13
2.0772879594187044e-86
1.3431141368744859e-122
4.6770929473129441e-141
1.4747562289745085e-112
1.2344696576048152e-216
2.3790921344337208e-127
1.7908476692639019e-06
2.7105908666058892e-24
1.5436720820163803e-30
5.3853938458714633e-118
5.6817721450636691e-113
2.6959753227163416e-189
4.8767541417462576e-223
3.0412885674932897e-194
4.065581390609434e-33
1.3518251112797367e-160
3.41978019878802e-198
2.2156082686058141e-254
1.1698618310411413e-188
2.0356318822536195e-296
0
6.0020755345173449e-06
0.014546269547527732
0.016611107445564596
4.5096033619204236e-16
2.8740121890800635e-29
0.53143793680591944
1.3736107663202998e-09
6.5094667233161699e-57
2.9078198183815112e-69
0.0030264653328928577
0.00049952716973528869
0.042194041499463236
2.7069709020931626e-14
0.10408963347821
3.917239580544734e-10
1.0066086039707014e-76
3.8435616271512381e-17
8.964833608925066e-11
0.00028740600554441376
3.5461694340700493e-08
0.00077691659179090545
0.018059325365772667
2.188182069976262e-10
0.3005624376233389
0.70998321700975375
0.42335628963524097
8.6619898523148821e-05
0.65367724571490626
1.457449279627717e-14
3.8029915038672697e-91
5.3437681364165639e-24
6.2044256503056379e-13
5.7645768035442379e-16
0.10367978791066788
0.10208821796490572
2.6728912227066764e-16
0.21468733164797082
1.7470035258091662e-09
0.024058486668872489
7.67144215706202e-18
0.47575686495983049
1.692053313633886e-20
0.93281360150055914
0.9488725551085424
2.7064663870531483e-13
1.7415696991566842e-14
0.00014294908758326577
5.3267979884027804e-05
0.066642427632868262
0.046971873542975301
6.329757019350384e-16
1.8889479174420814e-109
6.2901824753660081e-40
1.5741277215597965e-20
0.76403006748256308
7.6584935645385317e-25
0.54516550849287937
0.24321086537333589
6.4781581177280931e-26
1.3258114308480076e-13
0.0046197741771763353
0.00067730948376433736
3.8925290968962368e-70
0.00023935398848617883
3.5613965701825692e-21
3.9502388195431353e-22
1.7736359025581883e-21
1.2409731199924468e-18
0.12232280851554582
0.74484668272483301
1.3057007832632754e-16
1.7808465560930254e-05
4.9928467690834631e-10
2.1792544047609679e-129
6.0020755345173449e-06
3.8153572038761801e-69
1.008673859980882e-52
3.0845556785751681e-11
5.413035236913468e-14
0.0008478097837656722
3.0645741292276074e-16
7.0204204704874863e-10
2.7548188441230275e-08
0.00034152121444206687
6.4341881329698611e-06
3.1438007811706124e-18
0.017462276116464604
3.4944587957390737e-16
5.1878933204153893e-05
0.21614258589352467
0.19262801710380931
4.9697667008223697e-19
0.48098329453813238
3.3102297710203387e-06
0.030529120317563354
3.1700068541101119e-08
0.085754259419999118
8.3364291450861481e-09
2.2601751749370436e-17
4.3439886908307676e-13
6.1050541811448376e-08
4.8719635792545156e-12
8.6262139276686508e-11
0.041149324243052586
0.56364794021662745
3.6984857338965518e-49
3.0461441988638554e-06
1.9628596114145594e-08
0.42991917911131028
0.051043500924416195
6.3561983508496609e-93
2.6989784809994594e-20
0.025349902135295192
2.8048322223158489e-26
3.0193411335145481e-09
0.071820786539796649
3.4310823040730273e-27
0.07670574976355396
2.0229192729148987e-06
8.5254258470344588e-14
2.430942889284122e-23
0.0063229867247824156
1.4555636916171231e-15
0.00092191937931604461
0.034998399299660136
3.5399156379904609e-18
0.96810296779523231
0.42090998376888311
6.5868757876099265e-18
0.0023552298223534348
1.3392348631718977e-07
0.25526868537036612
9.3737684142478721e-41
3.0640806107286822e-17
1.1726746808906468e-32
0.0008822558566675858
1.1302680713457412e-23
0.87858990080265109
1.0439001166469498e-05
5.4525444404440091e-05
3.7209587822350407e-60
1.8551553594578033e-28
6.5528698755500241e-39
0.00013277805939154413
6.2571573652730358e-70
1.2447258435418186e-24
4.4950677149656597e-91
2.1792544047609679e-129
0
2.9536312692713967e-47
4.8031121122299651e-55
2.4616985140701079e-33
6.0705819933305131e-17
1.9648471009073582e-12
0.0073192937719368106
1.0895125426115508e-75
2.057641440269539e-09
0.0054232501695930264
0.039399783266932407
0.00011925739872678434
1.4195102731162714e-09
0.018802723006090372
2.079925636693473e-14
2.609876437576298e-84
0.0044688314237938216
5.8363353826915246e-06
3.8854865505697829e-10
0.002595406707096961
3.5945386768061889e-05
0.025957328961394667
2.3551096324068991e-09
2.0401018015308609e-09
0.63944019368949523
7.9431411537106414e-05
9.3118630225546076e-08
0.0022775915941161016
4.9079980840755217e-16
2.0301860816129186e-76
4.0096917788631823e-07
2.4609457539288067e-05
0.028047820876615198
1.4554293163997714e-28
6.4747371398415184e-12
3.9741369473808843e-08
2.9736369960400394e-06
3.3930278436549174e-18
8.2994972655969666e-07
4.0114653196486846e-13
0.0033979482430164638
1.8642269535999574e-12
2.4231375031965072e-20
0.0048235661480524727
4.4855894611554675e-06
0.0019252222344110384
1.5906265196437498e-09
8.1958010495413562e-09
6.9994826671548716e-11
1.4228950674972568e-09
1.1983674882236221e-49
2.0984910775655125e-129
3.9780535364609935e-06
4.6523314776465683e-12
3.5065402737751142e-18
0.00011142625763515441
1.5121560969071871e-27
8.6164066074805632e-10
4.2262408773096059e-17
7.3001114505629477e-21
4.2108838643668396e-07
0.9598704994563888
1.0357717381464517e-41
0.43550068461515934
9.3266129644212356e-33
0.031047136924940662
3.968531872100449e-11
2.4395458770744949e-23
0.02282066322896581
0.0075205241975482831
0.0013353608598815196
1.1655039279297408e-32
1.2528369840848633e-36
1.7302815468266244e-189
0
2.5623133947243174e-11
2.0654145764331355e-11
1.7186557522485167e-11
1.1773019394802659e-05
0.70318745435430907
1.9376969650193298e-11
0.0058159839252960501
0.00057666261358068683
1.2373819451101267e-10
0.0030573004791242392
0.14512658320646929
3.4329286964257145e-07
0.016212728442030165
0.4603521092352526
1.5318930602397707e-13
0.00089154556084883058
9.0897485566749624e-06
0.22275622972597364
0.090627029771594703
0.00077300837820216256
4.3344242041913153e-21
2.2740249177347303e-121
0.35319861481688997
0.0018212575617613555
0.13084303800617442
5.3441080567120956e-25
0.0077940517185618556
3.5943467983719847e-53
2.4089627091195826e-15
6.2290393915961332e-08
7.1795223642525183e-35
0.014011857163263914
8.7896680330044455e-11
0.00019547018183178007
0.3306166120992155
1.2126620801778386e-05
0.017734960036656165
0.019953579168511662
5.5061008696242035e-25
0.48120165282882721
0.00056650730875396147
0.7033047913388637
3.271674422555967e-31
8.0945893146194691e-13
5.3127440485998718e-05
1.232786261268178e-09
0.70998321700975375
0.00019228944358607461
0.0041677042321278165
0.053451604697800109
7.113082417361995e-25
0.46732300217892497
1.9536930679738938e-11
8.4044870249467266e-05
7.4670370366170393e-09
0.0038118795646880496
1.514441818336033e-16
1.3384599824751294e-41
2.5740454892865976e-07
6.6886475097011673e-12
2.180393827253854e-05
2.1481554984767471e-38
6.8990657786504869e-11
7.6387371288299708e-20
3.8678328999933472e-38
9.3132576504930036e-88
7.8392637169130483e-10
2.7280052823376487e-60
8.8773201597121956e-40
2.712777752217215e-108
5.5170876626752011e-57
2.5077191278588162e-137
1.7302815468266244e-189
4.4953480276939275e-08
2.4156847739816212e-07
1.0995552707674598e-50
6.8418346447202972e-164
0
5.2921941820397515e-62
0.00030012022740581463
0
0
8.043319754994574e-299
2.9824315910221741e-71
8.0839542763299504e-69
0.0023726132355428586
0.0090535317740112597
0.0021835870093815917
0
0
5.6273238756471403e-131
5.0139912088575668e-270
6.6296419256713585e-261
5.9159583817682934e-75
4.4431159231669784e-16
3.5596880394550864e-49
0.0039050400662174987
4.4645089455699543e-20
0.0038566355187462393
0.031435286679085628
0.00058923386487437393
4.7291198220513578e-09
1.1751940833685278e-307
0
3.33378802474921e-141
3.0474816420248322e-304
7.5883762948897217e-121
1.335947122645472e-06
1.2363519343329884e-258
2.8774576577817754e-212
1.3298367130695356e-44
3.8481541686948091e-42
4.5104974230661283e-13
1.3953139916102814e-22
5.1840039010211996e-39
5.0917599677331612e-17
0.0066746730591160253
4.0842582871062436e-32
1.9149586273240569e-162
0.00042813302319557873
1.5738953963399257e-22
0.0077300948454010034
6.4341881329698382e-06
0.0099051020301098493
4.2725085390777725e-271
0
8.4800910641479728e-262
7.2415886919176643e-103
4.3815494189539132e-247
1.4837568448056237e-241
4.9476708882072017e-45
0.16111541492273898
4.2238327088628897e-196
2.5025559394737688e-213
3.0516223543270372e-135
1.5432804090896353e-31
2.254308654938609e-19
8.5085373274528498e-47
7.0235332904774216e-70
6.6503932166971912e-80
7.311316063492067e-10
0.00020085782740994292
4.3175421866746441e-24
4.0436265312126005e-206
1.1091352723700632e-24
8.1096386637751965e-67
3.8576794026093067e-13
4.4953480276939275e-08
0
8.4189200338660763e-284
1.9630655175619082e-285
7.7850190626137729e-30
6.092688104913635e-09
5.9330818686188542e-180
0
0
0.00026422349001119477
1.0949523445601115e-238
5.2671974166979487e-166
0.013547943033757694
1.7660403284895046e-62
4.5421769062950451e-19
0.0005393603674081509
0.24362880814257085
9.1001962640088886e-185
0.15677786235459665
0.38444245143448991
0.033396311523587477
0.06451590040748055
7.3649562953081299e-55
8.193109213657524e-289
5.0204377172744286e-291
3.22158400386593e-294
5.5939324775497438e-195
6.1141144794783903e-267
5.0741123553719237e-250
3.5343285213589706e-214
4.6051298215265075e-12
0.13172257940872362
1.8182921860678893e-199
6.0042688297485148e-247
4.3917093855238832e-237
1.161006988877721e-191
2.5235890420300992e-101
2.359626054121963e-23
0.00010414736349899664
4.7209508737024311e-05
4.2552507903266875e-15
1.227045088133908e-22
8.5874354598194128e-45
7.0991889620741975e-45
2.4134461092926307e-07
6.2595659326951974e-36
2.8094054720373694e-21
2.9389444146020196e-24
1.331100554253403e-11
0.13529182433469081
1.3429274236480557e-134
3.2825892718584892e-05
0.040577711197743928
0.50516270063597968
2.4419506325636632e-158
3.4219589261873876e-102
6.1239117377853864e-197
1.7566389978690888e-150
0.00015671215740014477
2.4885903526226358e-09
1.7329078220116162e-10
5.9960314099974097e-83
5.1369124945079762e-11
0.77153793791850833
1.9997770177363892e-94
1.4022207449711173e-92
7.9422497431405918e-15
1.3015386897025412e-06
1.0078470033654171e-06
6.32506428879537e-114
3.6420527812134162e-12
9.7796103443186866e-09
3.3103524655715591e-15
3.8576794026093067e-13
7.3889993724286134e-42
2.5837140294398971e-06
1.5212858780934118e-07
1.1593571757272738e-28
7.8223421790619753e-26
0.049938884443267509
0.00046692389463800403
1.5186642696759916e-47
5.1364296492359751e-19
1.4431761159640876e-14
3.929651429478027e-06
3.1441621384672331e-10
1.8042282420963141e-10
8.7819344589481562e-07
5.8829842479922137e-07
1.8733685391771382e-60
1.0091210688959523e-19
1.2045198450457826e-23
0.00015979709391567096
5.7092871194918375e-50
2.7772261150872896e-07
0.22217201285612942
4.8384602903084679e-21
5.6912353399222155e-09
0.008462185234185831
1.7464992578209067e-12
0.0034770903742357717
2.3217522426886791e-11
4.5870474836974586e-33
2.6027551256145233e-102
0.00017983414893958888
2.4065636351880403e-06
0.0054470281438423699
1.1936960150443229e-11
0.0031097902264605667
1.1442258515998479e-07
3.1391078885198484e-25
2.294046028595474e-15
1.1041104072950974e-10
6.088268642955308e-18
3.0067500992993482e-22
2.0380830084313335e-85
0.00068333080668266522
4.8582131583582216e-05
3.6237555764117194e-07
9.5755298071121969e-17
2.2619230446255861e-92
1.577600822671757e-14
9.9940321418644408e-80
5.3269779602128966e-91
1.6214016488066119e-84
1.2244533472214056e-212
9.620537653419022e-10
3.8587832926053166e-18
0.72315896309037131
1.7431229468534797e-19
3.0073254364225273e-18
0.2924041272241118
0.0011218651120888973
3.0461503749385771e-38
3.8251112350935882e-07
0.0035897351846323035
6.5699925030946367e-08
8.5905821002210062e-38
0.017442480411015496
2.2895406677481264e-53
5.0240091823600787e-46
1.1665010034359368e-139
0.00010075150281262412
1.9366129077202136e-24
7.4631769372662392e-21
9.3688173133317629e-128
7.504087649713173e-110
1.8872824487910311e-257
4.7871289026483579e-42
6.8639890585939865e-13
5.2327914087904505e-17
6.719977215639762e-43
0.00014432013424962322
0.040042222138320371
0.00010625725164804331
7.6107516922258022e-21
1.6246746820721604e-20
3.2479654758900346e-27
9.8042087749412621e-11
8.2607515313863065e-40
0.0042589944126982396
1.9077607266070108e-09
1.1607336271134877e-10
3.2637342699734333e-05
0.2826884030012517
1.5387703760131549e-08
7.2965063137904954e-32
0.00015889980596220802
2.8443444651145563e-49
4.0030263402777526e-78
0.0014525656408265896
2.0445483021811083e-11
0.0018876122381364321
9.8792445716207254e-05
3.3465055012610789e-06
0.00022809093601153075
8.002210551776772e-30
9.0082680982849638e-12
0.3218847363455547
3.402989069598371e-09
5.2834075769239657e-08
2.6333520387733621e-09
9.255571563507801e-08
0.00012751884826694515
2.7726917057191944e-17
5.0918642125537578e-09
4.5514177323563202e-32
0.11207898476988029
6.8567607095290727e-06
8.4765770429782871e-51
8.168426770213072e-15
5.9549374129890933e-73
4.8590440180844182e-36
1.7103013434620073e-13
2.5907978706783965e-07
0.26051133817830535
6.4832967203021638e-07
1.4027061995389221e-09
7.4445293897679261e-05
1.1615620539279335e-19
0.00044013675929959742
0.02815120319270159
6.4735126504129286e-19
1.5567826841157213e-48
2.7267307057107817e-15
8.8729747258613627e-75
7.5064645708137658e-90
4.1178730641462221e-09
7.9925754513170663e-13
3.4262418936206022e-21
3.2623062381205404e-36
1.0585445941617815e-06
1.2133755942291337e-79
3.7642769445588253e-113
9.633635251043783e-138
2.7453775722054548e-19
1.331994627048338e-53
1.0916570823091816e-111
2.4684564156650065e-166
8.1790350706331141e-83
3.94689822084177e-206
1.8872824487910311e-257
0
0
0
2.9003403380242552e-155
0
3.3428979722413806e-105
1.8335257779844618e-64
1.7595938331433583e-25
0
5.2965315168180481e-96
1.0981929150863502e-15
0.011173297621541064
4.0225145267342404e-11
0.0013855653008386598
1.3850955469564175e-16
1.2291356993823191e-32
2.0097698247439737e-75
1.5054474366082458e-05
0.00029666829767459151
4.287944837920591e-05
4.6901483912084767e-36
1.1523415122281188e-51
1.1305952791525325e-94
1.6970099327862165e-27
4.0926166431504242e-64
4.2138349215505847e-126
7.3469243953681347e-35
9.620595549417563e-154
1.6012912249932753e-136
1.4322118772131572e-200
2.8808273449202943e-107
9.9902605614522868e-38
0.42981619624447343
2.7401540533543728e-26
4.4231967450199834e-47
6.5984353121431222e-100
2.7256771333467151e-30
4.4925223045606575e-93
1.724573536929285e-179
9.2075332185776776e-191
2.1194947572861868e-193
1.7362200938542191e-270
6.0435321693043873e-46
2.4707933283361177e-134
6.9457563061236278e-190
7.0764787194382509e-205
1.7423034225233368e-288
1.5685850406609162e-181
4.3495305400345246e-292
1.2828749300325116e-281
2.9618819698293898e-283
0
1.4698101637992485e-117
1.4955888096618105e-24
0.036698349183348827
2.4730147520998981e-23
0.13789185773692811
1.6251221523759385e-78
2.0092034908862393e-90
1.9067448647977893e-169
0.0012314828293624378
3.7607854643794637e-72
1.6215857575102306e-136
4.185549313320493e-236
1.4179640172880721e-77
3.5723884888345399e-250
4.6053727940092317e-238
0
2.1357437024246121e-19
2.7059964170736467e-164
3.8329467195850883e-232
0
0
0
0
0
2.4685323292050694e-287
5.0561199786994766e-31
1.5225084223015322e-23
1.7726230201325773e-07
8.5771242462212181e-116
5.5004993993157087e-69
1.527398795926254e-13
9.3999835691308599e-24
0.090687576684956861
1.278064295786501e-44
6.6900189952202335e-75
7.7458115064892926e-199
0.044595257331009726
2.5525070002599881e-16
7.270599770812698e-72
1.346772946283696e-182
6.8637456972063212e-51
2.7190653354674147e-136
5.6919108590688404e-195
1.8339305900307502e-278
1.0002169657954661e-96
4.4334588526710007e-89
4.6593295440972205e-76
6.0995878182477664e-37
7.5052010811875129e-19
0.015360963374170701
1.9576403701120879e-10
9.8278221815275515e-11
7.2142015472729011e-52
1.7714360979257442e-50
7.7332102803444333e-11
2.2272724407427753e-46
1.4452957904590925e-08
2.0396631957002245e-64
4.0127503290701842e-75
9.3242730936069364e-182
7.0207917726367249e-113
1.1919438406918783e-30
5.41700095199287e-151
2.0512573851059262e-226
4.7525402473064109e-187
9.501426585325835e-293
2.2889410170757186e-06
3.4773907349385906e-78
1.4273793392684895e-07
2.9351194969428207e-08
1.4816880267062894e-15
2.8813390516055445e-29
6.2941050814000022e-99
2.4730371679804468e-86
3.5906968797369829e-14
3.1514652491796849e-126
1.3641217501955965e-207
1.9938454938333382e-218
6.6268347505275314e-185
6.2115150492290454e-297
3.5142559228984733e-116
1.0000497141911026e-07
7.4241473918439643e-53
7.1220413384006309e-121
6.5769137619923648e-162
1.2693584309658995e-139
4.7147062501963998e-275
0
7.8187672142025933e-220
3.4470550545110732e-67
1.9849497948555333e-223
2.1273836201948119e-297
0
2.8381609774277622e-239
0
0
0
4.5895420656251022e-51
2.9365989511802521e-62
6.8355823986402035e-31
4.9075416725292697e-231
2.4037370350842992e-09
1.4016900710792173e-08
3.5674498080656914e-17
0
3.5045952256589252e-103
1.9610255897738658e-12
0.00049889185093284199
1.8296686192280837e-15
9.3092625181830508e-07
0.0085720493452271524
3.6988923606511723e-27
1.7138305487022863e-104
5.8598793710256839e-82
6.8893642407038079e-07
6.1517008138824796e-33
1.2525174983348658e-15
3.133245284748325e-09
1.3475990471492071e-37
0.00038340959758819245
1.3943125757004366e-15
8.0621840010929051e-70
1.7246962793540618e-07
4.7943608423857388e-78
2.1771583183328287e-80
5.0112497267584226e-155
7.2934598411939903e-33
1.3709800081000404e-24
0.24982263505502031
6.6166090537722814e-10
2.530287461189412e-07
3.9180982372603605e-65
2.0697396912005235e-16
8.7060743642506212e-50
2.356303497811019e-119
3.0071155946348849e-135
2.7591445897235642e-112
3.8508748424308568e-219
0.010321040059845936
1.4668123239441629e-61
8.4708400942493294e-120
1.2453310366032691e-101
8.8483820986475626e-210
7.7042401854044238e-76
6.0197825889953539e-201
2.4213144305147834e-187
2.7464108793177343e-160
6.6822834336607823e-300
1.8813240166614495e-05
4.8861799299364411e-16
0.0048680735477820338
1.5141265600514665e-10
3.1761926800215196e-27
2.5027439395653566e-13
2.4457853921696465e-22
5.915951351751847e-95
2.4252685236635353e-06
3.484348240823098e-44
3.4560722005116992e-80
5.7963648827398077e-157
1.3372333031709669e-23
6.0428390498540377e-146
2.1585899209038724e-154
3.2422783828698838e-251
0.006350552818856125
1.8509308817495773e-75
1.815814641858e-147
2.4659547985448018e-225
5.1295340940774534e-231
0
0
2.0357706417188115e-233
6.7246194552185266e-117
2.0657898247902886e-69
1.6433782498648425e-36
0.86831707163868876
7.3602152672614505e-41
2.0930073716753257e-30
1.5573761144743046e-25
1.8677667942778022e-11
0.0067488307188661011
8.3206668878723666e-35
9.5680662687798351e-33
1.167452032705943e-113
3.9265264104657626e-15
7.2991347344487258e-05
7.4129057957954068e-15
8.5272821861483741e-107
2.528995169933681e-48
1.3630559414839547e-89
6.9673311115914584e-100
3.7917649350747841e-197
8.8245191283704258e-65
8.8844426235490959e-05
3.7923326770112389e-17
1.5190105414804851e-19
1.3734143903889191e-10
2.2827051489123796e-05
3.0487829431148954e-44
0.0022775915941160968
0.0043088150756952744
4.2479016235156074e-19
3.2479502174121065e-13
2.8130939727734281e-05
0.6044042147692128
5.0863218388437708e-34
1.9904315921915332e-57
8.4984667447595757e-98
2.6975226831709673e-79
5.505014591869952e-13
8.7770539294357816e-87
8.1749467715376321e-135
6.8586762098186644e-126
2.3345736859966011e-186
2.1666890101666368e-36
5.0281329550773255e-05
4.3836050591387933e-10
0.0013210321395566696
1.6780571521781062e-07
0.0068588497849465559
6.3551723785148324e-27
3.1257265776717121e-61
1.2654107609871207e-05
8.7699921915127153e-79
6.9612439178180745e-117
4.2205177708218279e-137
3.5487308578410131e-111
8.6797361385405196e-205
2.8961750123606729e-111
1.9254689296632355e-05
7.4375935273169606e-17
2.2098431468307712e-39
5.0023536041041743e-121
7.6729655749238803e-109
2.3749533274350373e-189
6.7645094771530811e-219
4.0024582944286452e-179
2.9333133322342058e-30
2.4393285979026393e-178
4.1723830389585471e-198
1.1022618084015886e-246
2.3112037593433436e-201
2.1804661117725369e-307
0
0.039328994422077615
0.48887341958128538
0.03899084759104076
2.0840206971467655e-14
5.2232686474125056e-23
0.57365671322537892
7.3644256136300721e-16
2.9263682295013673e-54
1.0118689425771888e-76
0.0051723298629155704
1.5000706979662457e-05
0.0057837664594833065
3.4352055191619688e-17
0.31677438047743328
2.1343828828902537e-09
5.4279472001637486e-67
2.7110025856906394e-18
7.5166005767695352e-11
6.5323173834377161e-05
0.027243524537244639
1.068297630781957e-06
0.094732602147821476
8.8664626326812134e-14
0.3500145535123303
0.31609733618967994
0.46345566724640341
7.4296462972031893e-06
0.12271735468119978
3.9418897683582654e-23
1.2813570578895439e-88
9.2134635376845528e-28
5.1542789731822952e-11
6.5204992544104782e-16
0.41040384530860269
0.37659079756163449
7.6201409318525742e-16
0.0019078947134221367
3.5002542631413413e-07
0.00024038578997447746
5.7659673396297994e-23
0.23748621089857938
8.1792070099136449e-25
0.050845896898508956
0.21049269656513975
1.2536523966616235e-16
3.4954471802350378e-11
4.533816706356867e-09
8.1616612547764851e-11
0.38127037345577286
0.02681488623840932
5.0152641342829897e-09
3.0298413932541801e-114
9.8157677008738799e-33
9.0319214142161588e-25
0.054972984528516108
9.0538497346388492e-22
0.42950733060437024
0.24911274354581672
6.2267889408918639e-20
2.0319376105258945e-18
0.033238710968872869
6.0284601478171151e-08
9.7824566081100907e-51
0.021036527546110156
6.8809301571064072e-26
7.304368267579946e-23
3.8125781043668404e-29
3.2538871990685799e-16
0.15692409705284535
0.032084490084847921
4.4544891678665065e-19
6.9306958786287647e-07
6.3796714956374926e-07
1.9823097490742385e-131
0.039328994422077615
1.3059768260435515e-67
1.0545963181518938e-52
1.1140508286670912e-15
8.9211024107274604e-19
1.4042772265346972e-06
3.7078305142258475e-19
4.3489599330896309e-05
1.3775471313425294e-06
0.044898132518325834
0.01739637310390052
2.6986928346227395e-21
1.1460424315596072e-05
6.0081135487770562e-11
0.007173893410651732
0.30722291590472478
0.76851955731015942
4.6821341700050019e-18
0.29208437642924134
6.2461415908147546e-05
5.9400545053791799e-06
2.5911125613812676e-14
0.75362804289375462
9.3267574198278147e-10
2.6249593629080153e-29
4.9679079377157092e-15
1.0865316353859363e-17
2.1802914477288879e-15
7.4255299679258708e-08
0.2392680829181198
0.0032911382722962232
1.6147409937207333e-67
2.2609521834511487e-06
0.00031948037212538175
0.071796224311610035
6.2819159314239111e-05
3.6717258740702934e-87
4.986087128728816e-25
0.63564461537363903
4.0270441721052098e-25
9.6298482777144756e-08
0.00047633787541549505
5.2518103553478868e-26
0.12366877246207132
7.5078888644840347e-16
4.1595715936963422e-17
9.739109868157717e-25
0.59133647643418541
6.4479405357029619e-25
0.082414430816691725
0.063673878361816566
2.2769759814856079e-19
0.023301478914111325
0.80689722915734752
1.0121416381454609e-22
0.0065390257475234958
4.9972646274299858e-07
0.69366546984358779
6.6439724328827288e-56
9.2995511388989075e-23
2.2464701635241387e-32
0.031816352170222759
3.4873615267438591e-18
0.6641132523352089
0.00011925739872678434
0.00044578761343213138
4.4990205140667378e-77
3.1944195271383254e-32
3.1561100084589104e-37
8.5978591781242817e-08
2.2521867991196777e-79
3.6819193161531304e-32
1.2036787951478771e-107
1.9823097490742385e-131
0
3.110116904027574e-34
1.9309576806453128e-71
3.773405531498591e-39
9.0243381355674542e-14
2.269065859959268e-20
0.50181933065896334
4.9377802646920103e-70
8.906197354588626e-17
0.00056078311434397464
0.0030498723922030104
0.0071513388314158877
9.7778601322550002e-10
0.99706655228735785
7.0669438964230243e-15
4.6892384500916065e-75
1.0799946260968037e-07
0.031492748485544793
1.0977524260315887e-07
0.042909211128077704
3.7965186115176424e-06
0.015841476168501713
1.4327010047215819e-07
1.4514389364582563e-08
0.20098086768652132
0.005756288382544013
1.2709668223482997e-09
0.30121559993576641
3.9360384576250101e-10
3.7097599822448617e-58
0.009354746206617524
0.01752841567470366
6.4639469050603415e-09
3.0869827182750151e-26
0.00049551682974417353
2.6287878796510345e-06
2.9668553920481325e-15
2.0508026984907829e-09
0.0011808212698381036
7.9071135071728505e-15
3.3801041387494399e-06
9.8008625214782258e-12
1.2571447139125319e-17
0.22589261736509234
1.4966944882555833e-14
0.0005808235744302492
4.9539478554272468e-13
3.0638496138714265e-10
1.2721787524644743e-09
3.4756158644279927e-05
1.8334484286202621e-53
1.0224282338352571e-104
2.1115257385397446e-06
0.00054096179015017127
2.9527069515706271e-09
8.0173146831476797e-06
2.1077239351058604e-14
5.5113059604340271e-12
4.1335218571048691e-09
3.6134303594837369e-22
4.6107400468102908e-13
0.011273007153587544
1.7576568313672556e-21
0.075515040984380027
1.5036478883290189e-39
4.4692947878441069e-07
5.6242088897999846e-10
2.0262116483659678e-27
2.2725676077927447e-05
0.035702990736092531
0.0001552926419634359
1.8947472850473019e-34
7.7543016921601977e-34
3.68804519044059e-201
0
0.00048244377448849524
0.00018704704039853231
1.7107945445062542e-08
2.2201097109620257e-06
0.28771366812623289
1.0795223780199954e-17
0.53577161346770108
0.00033258826288122924
1.3918145693311243e-08
4.1924436913441353e-05
0.012115819370918709
0.0011005627787431457
0.18074204152102963
0.22503975409998106
5.4170260030024323e-13
0.011426371008942462
4.8958820890001176e-10
0.00067446046167862728
0.12603489335261664
0.16061748454259672
3.1079501813231408e-18
3.4093213401867057e-87
0.022290924258735502
2.2908473417465554e-05
0.045639291017738316
1.3515709791044603e-15
0.017795355080026675
5.3367772528113726e-54
3.7309818831378893e-23
4.9848579221474627e-20
8.0994322890116952e-48
0.00020737278398709941
2.2952072486318757e-06
0.024022769714633456
0.022516520134065948
3.1499007857736249e-07
0.00011363175177443524
0.44489119410750899
5.5884674019484272e-23
0.12315263020725879
7.1033034256869717e-12
0.27131668851406898
1.9783614567528181e-19
3.127959345130373e-13
2.4232364062358699e-09
6.7044667677291396e-17
0.59980691703101185
0.01368346437581002
0.0012858629611181335
0.76829558283082022
1.1961150891614644e-26
0.56666874994532934
4.8926397781752149e-22
0.0042812585919656098
1.3729178033050252e-08
0.023782982364950835
2.1309174238735203e-23
2.4980637379360379e-42
1.4579558510389547e-06
5.4183202339811801e-10
0.0029644935711236101
6.8161246366393675e-34
1.7378858835020132e-11
1.9674537301557047e-15
2.7455074502967143e-40
3.5050854696773316e-80
9.08499085672245e-09
3.9423126601534791e-64
1.9346651468294521e-33
4.9215014357680903e-107
1.1743474071139031e-56
1.9915112378564482e-134
3.68804519044059e-201
1.3316734065474765e-06
2.6807329626205397e-06
1.6640726417200059e-41
1.7977048056623253e-150
0
7.018957193231535e-54
0.00013516389529439731
0
0
4.4308502285882829e-296
4.5200691241016306e-78
2.8168634149635193e-72
6.7917887137474136e-07
0.00070141520561549148
0.005534343496403445
1.8525172478387831e-308
0
1.1781759904091582e-132
8.1205072092278247e-272
6.1267262784134981e-253
1.5548963073486546e-70
3.5960739444362438e-23
2.2719527429270777e-66
0.0032121968947179721
3.7839303924748901e-25
0.00097589029171406792
3.6607965709013477e-07
1.6225832176346671e-06
6.7963585380847456e-09
2.1952835881667387e-309
0
2.3312493960183887e-146
2.1259533726211999e-306
3.7253019032640417e-119
0.00068217986492792441
1.8600342389129834e-244
6.848819801773562e-208
1.213541128305764e-51
7.450888649285628e-34
5.9901641295026818e-24
2.3080771663011856e-43
2.1043536877446962e-44
4.4772524974384945e-11
0.58382793509228725
8.4942390934711073e-39
5.709303862426825e-159
0.34084504224560874
5.0911192596725584e-16
0.00076364271396985072
2.3183292593504847e-06
0.00021052609554100425
4.8703241089016086e-260
0
1.1646267669244003e-263
2.7705121992863216e-100
9.2158512122770199e-242
5.9472233660566405e-227
6.3980108924778633e-52
0.054093413901841289
1.8761790365114511e-190
4.1108040712098995e-214
3.0404342887255745e-135
2.996038172162228e-34
1.3409258593515944e-15
6.4198049796849165e-31
7.947613466535635e-81
4.8991064931624079e-80
2.8576408941832409e-12
0.020957930040119262
5.4990014174683612e-23
3.4952960594994532e-219
4.0165275366877615e-24
1.1134536122830377e-62
3.944680146276571e-20
1.3316734065474765e-06
0
9.5845379502428527e-274
1.170482838662131e-274
4.0469132826030578e-33
8.7336679159664799e-07
9.5592889640833801e-166
1.9120756808241692e-308
2.1145613736318151e-304
0.0061114044116474262
1.8611623575859077e-239
4.6004929136926525e-168
0.01168491148878035
1.5285664726508226e-52
6.2081005403636412e-20
0.068619880962162608
0.55924127328807571
1.6604667185308682e-200
0.015008270013387434
0.35575966359865946
0.0016335007426216096
0.13439180941345713
3.4994826155961855e-49
2.8242284365579525e-289
1.3179612845725265e-299
4.5687017865885171e-303
1.9767292619171677e-195
2.0263266310034732e-260
8.8159074197270172e-247
2.1293443051241094e-211
6.8512392562996486e-16
0.18596051616867071
1.3879857727223684e-195
1.2102528217096334e-231
1.000266319487948e-230
1.1329176102315473e-188
8.2861268775504299e-96
4.89756794354975e-22
6.7259965695215368e-09
8.7604584019484314e-09
1.7028376753214731e-12
2.8505888370438201e-15
1.0616127497217482e-38
6.512070790322877e-43
4.5758572395020746e-06
8.0154133081887669e-32
2.4846614432442237e-20
2.2848111055344815e-24
1.2078632543292828e-16
0.010285085560915851
9.7529665309377055e-122
2.180393827253854e-05
0.037529399854620525
0.12555049848588132
1.0897514186826498e-159
4.3181959539585592e-80
7.2519513986147911e-170
4.7560457953837363e-161
4.0360855508424972e-08
1.5046997936991808e-10
5.5866890641265303e-10
4.7056947329030791e-76
8.937052173471964e-13
0.021772793139802935
1.579442023305384e-113
1.6031794137741312e-105
1.5556096429440438e-11
5.9278664176335672e-05
6.1432851265052773e-07
2.1707464060803188e-106
1.4791236218777304e-14
4.378954556130341e-08
1.7512136536733882e-24
3.944680146276571e-20
1.0002973408596829e-28
3.9003140967345673e-08
2.7035715704422554e-10
7.0988363323117774e-27
3.9563187983249713e-25
1.2940782826538173e-05
4.0165611921384202e-05
9.6861733363132545e-33
6.758850752186516e-22
3.4613774100389958e-18
3.6429101962208959e-16
2.4764521279463935e-10
6.269024749054227e-07
1.8406420194562819e-05
1.4014299393825284e-12
2.5124770960955756e-49
8.1155716475070139e-18
1.3619674885728791e-22
8.3492176783968061e-07
5.4531856706041331e-36
8.4315126491609047e-09
0.2990152724430154
3.3423907885674862e-23
5.6189918419912414e-06
0.13802297611764036
1.2243632291899059e-26
0.23591857785819317
1.0095938762943195e-22
8.7494104473700955e-26
1.07644982020881e-97
4.1760261827012421e-07
6.0612820334090686e-12
0.027263616803859966
1.8746218705490743e-05
5.4875044756501908e-08
3.1287862693053937e-09
5.0510968431461969e-14
2.823563035475353e-20
2.5267720658941019e-07
9.2541442717772021e-11
2.1533224915113717e-28
1.8978512255776193e-96
7.3951038701658042e-07
2.606271516133574e-08
2.292156607058258e-09
8.4800275239574567e-15
1.5165135192621126e-100
2.4302864533832178e-07
4.0583647709486265e-102
1.7764770988698133e-84
2.2243383092038345e-86
1.7462018953080947e-219
4.7673665434214177e-09
3.1490122829024939e-17
0.55415174738584194
3.7171109232867828e-19
1.5379053477378803e-16
2.600405416637548e-05
0.0011284279185669508
1.1592977868482586e-40
4.6094794740968656e-10
0.023898152943569988
5.2069567052891948e-13
1.7372740815517506e-32
0.00052716161246385909
5.8668281845250003e-47
2.52810644695147e-52
4.6899388958810671e-140
0.00034949301712894711
9.541736375729441e-23
3.6709683407275733e-24
7.1805166520108925e-138
5.8499643248343109e-128
4.6769617096056157e-268
1.0002973408596829e-28
1.1356547267921157e-13
4.5075896125091536e-11
4.9981469852403725e-46
3.9426841705189751e-05
0.83992999563019599
0.00055629166045854993
6.6347102222347014e-28
3.1123210858803691e-27
1.858446482154018e-31
2.0882985824497594e-07
1.7877802675330912e-40
0.0015863100421121552
0.00028094728203307819
7.7796015930428895e-10
0.00083650554468192031
0.20157999792379927
1.0989851909036731e-09
1.2118327235470895e-28
3.2194831566706765e-08
1.8645013206698976e-50
9.4146350917833072e-91
3.099337174492139e-12
1.4095633079236681e-07
2.0127944240272809e-06
2.1697388790589837e-05
8.9213627316138476e-12
0.0020609919906800921
2.4993350031187312e-22
1.4165293624826666e-12
0.79062831361744612
4.011544482354542e-07
1.5001142034122513e-08
1.9715097402203638e-07
0.0007008245973107851
0.29812217940953217
3.4369133876980247e-17
5.139840790423827e-07
1.1762860180058558e-34
0.097313102016386072
0.007061800061708633
2.1251133366456244e-58
5.047741626383531e-22
3.0809167258383644e-91
2.8034721759596031e-49
5.8919593046563619e-06
7.1762578042545327e-09
1.8664698660312142e-08
0.00042722306650540786
1.6819605410581603e-07
0.011303521811880697
3.2538496720586266e-18
0.0063405154303712253
0.0048293491106053826
3.1417806681746634e-20
8.2982709911337461e-53
2.1210760322736716e-11
3.3987408036504317e-86
3.6355189179474667e-93
1.4348538806357045e-15
1.6863361683733853e-12
7.5166005767695352e-11
1.0399812050392205e-25
4.1787478655876886e-10
7.6682779969774784e-77
1.290461733239114e-120
4.8418832615887693e-133
2.9750663262677082e-25
1.3072912037875408e-59
4.2174095270292199e-105
2.16319391269755e-164
6.6725906570992805e-85
3.0554928350018605e-211
4.6769617096056157e-268
0
0
2.3526656733072388e-267
5.174413215512422e-145
0
3.9231427482283866e-63
2.1621511610508304e-47
2.7411650287720175e-17
0
1.3474851799477567e-73
9.7332105357472497e-21
0.058562455453640284
6.1261829294894252e-13
9.9268624576425646e-06
1.4560156461161342e-14
1.0196500036209391e-44
2.8867126878490063e-69
2.1087592476954237e-05
2.1161919355543164e-09
0.0080203530445334854
8.7187887406361195e-29
9.7146351494303248e-50
3.6295527062514004e-111
1.7870129614905557e-29
4.8638110914874957e-70
2.6501381857469194e-121
1.9603985647460486e-27
3.4697425269401451e-128
2.9665303312685228e-143
2.2360685241879386e-217
3.5075871792263025e-109
9.2523633922676374e-27
0.53622852751408723
2.823385795705072e-26
6.6213808143904587e-35
2.3192034440933858e-104
8.7871490784512217e-32
5.0410614325864273e-87
5.2866446402010607e-169
4.7923810305667776e-196
2.7349407475803818e-192
3.4019138544248272e-274
2.0142600933442521e-37
1.0704175125878931e-118
6.0586582882293878e-176
8.1615303828140733e-187
1.7716892053155334e-280
1.1087195484577587e-173
1.3877470342555358e-274
4.1675803836839884e-275
3.2898617729225504e-256
0
8.4631634268582306e-123
1.2647774395369904e-26
0.38290241694793137
8.7574238671669487e-25
0.0038659586232226064
3.4593079217104034e-78
4.1388183203172425e-88
5.7062450103350711e-170
0.0039827509949127461
7.6981386324910834e-79
1.6428997977705293e-131
1.3029890488661916e-230
4.5019321644825257e-69
2.4253334715347229e-255
2.2830022507656966e-246
0
2.0774880371073259e-22
2.6858011706541201e-154
7.3120020850848894e-218
0
0
0
0
0
2.6666812142088516e-257
5.8983156805365384e-23
2.1315533781686578e-22
2.3785444682710371e-11
7.7863214281315108e-123
2.4608452941974935e-70
4.2165858934068741e-05
7.3680988147497034e-18
0.037313276662859031
7.9127982590911881e-39
1.1743801426538146e-66
6.5453117551518202e-178
0.021546177476016445
1.819515902160947e-17
8.353997947049975e-62
6.8305331350037854e-177
1.1989559967095134e-56
4.5898451776092514e-126
3.0682064161686309e-167
6.6902957555438539e-278
1.5138074114126011e-131
1.2800821302706049e-100
2.2703933584701781e-75
1.4601064715578942e-46
5.4621768153531657e-13
0.3122241461422377
0.0067435075741748294
4.5927580987090623e-13
4.9675771886009198e-51
1.4511229870023694e-54
1.2373440726369643e-07
1.8657638469243838e-40
5.4440293240401603e-08
1.4141598302006551e-67
3.2493358983393015e-70
1.1926053998110327e-175
5.5908874437767426e-90
5.6050844368207076e-33
5.4011015475417069e-137
1.2605016968942796e-220
7.1906255548127849e-175
9.1625044003657705e-290
1.5044347685119175e-09
9.0779147605743502e-70
8.9529609966085941e-07
1.6248092590572085e-06
4.1356450354542997e-18
3.1104309705099457e-30
7.5356428190252485e-105
1.1369321820229458e-65
3.214428229113052e-21
7.9627311840612579e-125
1.1418729087817587e-203
6.1761909575250037e-210
3.9413585697518901e-171
6.2738901807655885e-275
7.7120082874309125e-104
2.156252419950982e-05
1.0205381133317122e-66
3.0049039494456736e-134
4.9000431435821263e-152
7.8808225141894388e-141
7.7412166751430074e-270
1.3361541262650085e-297
6.4652689549167641e-220
1.6642696224580167e-75
1.0219829359425367e-222
1.1403207665997309e-282
0
3.2852710012449347e-251
0
0
0
2.3923989501179215e-55
1.2821331573720365e-83
4.1066291901723277e-37
0
4.5882735543394398e-13
9.3267574198278147e-10
6.8870708486632038e-21
0
4.8794732677204496e-98
6.718548233011774e-10
0.038739010211429052
4.755921472983124e-19
8.5266854751737562e-05
6.2805815010973734e-07
1.4059833771339413e-40
5.1347435666584643e-114
2.9019499840746653e-109
0.00096372585694328512
3.5734193158014284e-35
5.6402709317719079e-09
1.602213302822129e-11
7.5816585997499781e-34
2.2867150055902936e-09
1.0303391631407748e-15
5.3231849490141396e-57
3.4577127704303163e-06
5.0897000784149692e-88
3.4165577145583953e-77
3.4752691876228102e-173
3.4084184281827053e-22
5.1995929494912891e-30
0.033045693425681005
1.2606112752314459e-08
0.00011274444357031557
1.0047974400340947e-68
2.3489571921148304e-20
2.7457107995466942e-51
6.7155214713515203e-116
1.246697524104702e-135
8.903652742650066e-101
2.4896049404904638e-210
7.6528884754928402e-05
4.8180845665329708e-52
9.7806673702068917e-110
1.1661143799276506e-97
3.4144486533290557e-211
1.6012172855395938e-84
7.4623854643469715e-208
9.0397452329395358e-200
3.929771083430933e-162
1.5801542175997705e-302
9.082082117991741e-11
1.03341425574479e-09
0.23146502558966739
8.4048825841689513e-11
5.1057767646260351e-32
2.6893038935757521e-15
5.1139450347752036e-24
2.9165625359645949e-103
4.4220952323333127e-07
3.6004597046318532e-34
9.0503514108751058e-83
1.3588847875751385e-154
1.0454844742228487e-21
5.8787636989009136e-166
2.691955858652611e-156
5.3704674777023147e-248
0.0002012047854334141
2.1725882599484008e-79
2.9174781860479337e-127
1.3062771158685159e-238
4.5137657085508378e-225
0
0
1.7542051893972097e-222
1.3163901724550185e-171
2.2014499580094398e-70
7.9445859430210165e-36
0.39837703302261268
5.1366777228143935e-41
3.6480222518990752e-41
1.2229055642719762e-23
1.2433448205394638e-10
0.010091425115612739
5.093860605473067e-35
5.8340727308032496e-34
4.0564362360342513e-97
1.398924218164603e-18
0.66743154747994349
1.2187152816439891e-25
3.8708735248408424e-106
1.1244898973641183e-53
1.8305405809600013e-74
1.0353276462592018e-101
2.3577593768021149e-195
1.1862228272927584e-51
5.5665019973305578e-05
1.8039553346209869e-23
1.9648685975646165e-20
5.7053511368176811e-05
1.4659801000649829e-06
7.2154227218410951e-31
0.00018948668430475603
0.0015252392918565672
6.2408731353549965e-13
1.9282969922883558e-06
3.1710515277019735e-05
0.010166100295529373
1.4594596119947976e-33
2.5744134101192651e-56
6.3711597220214641e-102
3.6827191408608588e-79
7.6541446766437512e-15
3.0869049110460806e-93
1.2819537212879419e-144
1.5357469366584512e-120
7.1976371546407069e-209
1.7138305790403305e-35
2.079595444498574e-07
0.00015045584816834794
0.0032938017534596443
8.5903177019955003e-05
3.7411938450807684e-07
3.1297210024281081e-19
2.1480601399295209e-62
9.9228439686770878e-11
2.1760927033778255e-86
7.9039554615563486e-115
8.7236925741153959e-147
6.5174248345839355e-125
3.6976259680843187e-208
2.9613005070092762e-112
0.0014719333999064083
2.7303153627361057e-19
5.391194232524208e-30
2.9339572075639639e-101
6.9068425646863418e-119
1.8518917342269897e-201
2.7961573235951146e-214
4.6355126498752959e-186
2.056831685341747e-35
5.8237111045588288e-175
4.5722211577124113e-204
3.0319442985509166e-253
4.1697050676290265e-202
5.5919371859962859e-310
0
