0.205388
0.490194
0.613615
0.990044
0.060552
0.054512
0.157168
0.347301
0.218948
0.879927
0.888329
0.207590
0.658541
0.228268
0.221201
0.231063
0.039386
0.407302
0.532577
0.686356
0.623200
0.586407
0.725829
0.654745
0.750670
0.028317
0.082721
0.662216
0.924989
0.415941
0.604404
0.782407
0.575524
0.968853
0.204597
0.238993
0.157363
0.835113
0.365472
0.735542
0.536914
0.829939
0.430228
0.735773
0.285822
0.407103
0.690131
0.495162
0.066482
0.341648
0.406105
0.034357
0.037516
0.525529
0.199014
0.840827
0.082137
0.583828
0.395625
0.188957
0.098382
0.457259
0.122796
0.046739
0.841921
0.159576
0.677140
0.987310
0.889103
0.838330
0.460352
0.800373
0.693548
0.930711
0.205388
0.086739
0.598865
0.367248
0.547695
0.554036
0.146962
0.759520
0.791609
0.981963
0.282065
0.941387
0.405209
0.479674
0.094167
0.195595
0.480001
0.312895
0.652847
0.511765
0.493724
0.698607
0.020469
0.845877
0.296665
0.865438
0.798650
0.806684
0.212238
0.524848
0.842616
0.268979
0.043140
0.101117
0.409001
0.288505
0.873906
0.816921
0.065391
0.370722
0.284173
0.392786
0.754082
0.995410
0.596392
0.230863
0.900254
0.806897
0.745304
0.118399
0.995011
0.990780
0.148957
0.177367
0.107949
0.764030
0.700840
0.467754
0.696961
0.135034
0.743358
0.696490
0.798111
0.857415
0.837026
0.629005
0.902046
0.680805
0.425401
0.366406
0.428993
0.163171
0.393372
0.930711
0.390349
0.537028
0.813564
0.246008
0.069712
0.571441
0.254403
0.628887
0.420198
0.075207
0.306726
0.223472
0.068596
0.655338
0.111351
0.632917
0.524848
0.618110
0.580550
0.221201
0.062885
0.795951
0.185120
0.025435
0.674773
0.845778
0.331490
0.104810
0.421521
0.060995
0.367342
0.687654
0.653084
0.518291
0.047576
0.753173
0.918518
0.603697
0.027577
0.009092
0.606292
0.479892
0.745076
0.008629
0.129678
0.407702
0.506279
0.428787
0.944472
0.441749
0.997440
0.056042
0.604640
0.472396
0.349471
0.722113
0.608889
0.185848
0.039856
0.814825
0.240163
0.286451
0.953902
0.999986
0.153016
0.599454
0.496268
0.726293
0.302935
0.673945
0.826151
0.726293
0.880016
0.108090
0.390349
0.621305
0.246078
0.403321
0.859129
0.419588
0.634459
0.029098
0.447519
0.888329
0.765828
0.208451
0.798111
0.493945
0.474780
0.823368
0.742441
0.479674
0.907014
0.423867
0.662809
0.258609
0.807429
0.144262
0.325410
0.631020
0.729652
0.496047
0.390349
0.672998
0.471423
0.288822
0.640508
0.801339
0.209501
0.382999
0.531210
0.880460
0.568996
0.350831
0.260732
0.993564
0.118208
0.630072
0.642999
0.675957
0.353929
0.706588
0.271241
0.345409
0.578328
0.237555
0.588870
0.911008
0.760424
0.586289
0.213114
0.836322
0.695314
0.271847
0.810399
0.674773
0.665773
0.859224
0.003746
0.706236
0.768967
0.624740
0.469371
0.238102
0.706588
0.172824
0.444472
0.108090
0.489864
0.416750
0.857415
0.737040
0.767175
0.491296
0.477931
0.877874
0.134734
0.754082
0.069688
0.138242
0.884599
0.169989
0.137194
0.182228
0.760875
0.310133
0.240370
0.931461
0.017429
0.252463
0.515136
0.950885
0.196122
0.211488
0.633984
0.364167
0.483278
0.340578
0.955693
0.968192
0.414124
0.040316
0.723507
0.347662
0.960978
0.090355
0.313736
0.854443
0.011766
0.533603
0.972201
0.187595
0.160270
0.611370
0.274280
0.464636
0.624266
0.616927
0.359440
0.097507
0.063784
0.980414
0.393666
0.676430
0.807854
0.212363
0.283704
0.438827
0.458005
0.327139
0.273670
0.670275
0.335616
0.547350
0.304579
0.866649
0.176558
0.589810
0.357873
0.064896
0.846073
0.388989
0.484045
0.230329
0.176289
0.886254
0.614206
0.755331
0.377257
0.902694
0.249042
0.728147
0.927039
0.254908
0.323343
0.204780
0.959921
0.715824
0.697431
0.251819
0.604994
0.285036
0.914614
0.933217
0.854828
0.417864
0.178830
0.877336
0.732658
0.009160
0.013548
0.881257
0.223863
0.938148
0.071453
0.663876
0.537600
0.300399
0.991957
0.507397
0.492951
0.246922
0.788117
0.886861
0.934219
0.748162
0.259339
0.066734
0.915975
0.650237
0.054742
0.507732
0.088028
0.938982
0.731503
0.856459
0.243141
0.992755
0.469802
0.885906
0.381750
0.571908
0.075412
0.109299
0.096414
0.892852
0.828816
0.778873
0.992454
0.872724
0.839630
0.494277
0.222886
0.452058
0.192512
0.388989
0.902613
0.622371
0.649169
0.577977
0.799512
0.802841
0.526323
0.371193
0.307555
0.747134
0.767847
0.848329
0.888845
0.746791
0.193555
0.750784
0.470126
0.985330
0.331577
0.627702
0.914233
0.646084
0.759294
0.790955
0.932207
0.481311
0.699900
0.844595
0.619648
0.881080
0.928853
0.961575
0.128975
0.237896
0.069473
0.810081
0.901803
0.294408
0.454495
0.744274
0.045316
0.251104
0.008976
0.663639
0.308967
0.832483
0.346489
0.303921
0.757144
0.152064
0.025397
0.902046
0.941574
0.269581
0.401834
0.117597
0.387922
0.034973
0.508292
0.526663
0.864504
0.814090
0.662335
0.981552
0.671932
0.995967
0.141559
0.908904
0.001954
0.259339
0.803590
0.096478
0.011595
0.389571
0.902613
0.804338
0.613497
0.438202
0.231666
0.397688
0.991204
0.907330
0.252606
0.609243
0.892767
0.622016
0.434153
0.274203
0.205327
0.345859
0.093855
0.157608
0.348204
0.929819
0.089543
0.093949
0.538858
0.484483
0.018952
0.490965
0.890131
0.742785
0.242238
0.058849
0.426221
0.257225
0.465925
0.160617
0.235851
0.263607
0.664232
0.585351
0.705064
0.595804
0.460459
0.809658
0.846663
0.070893
0.572257
0.077412
0.473696
0.906618
0.801661
0.498042
0.104432
0.442795
0.103953
0.078417
0.284565
0.403122
0.615152
0.149050
0.815769
0.237623
0.407901
0.987361
0.016342
0.961624
0.638017
0.745419
0.833395
0.772430
0.049500
0.159675
0.338357
0.284095
0.192744
0.385986
0.247980
0.498264
0.793131
0.861119
0.970619
0.651423
0.095237
0.667787
0.878232
0.549537
0.135249
0.532919
0.095364
0.959002
0.253899
0.491847
0.822540
0.901559
0.722113
0.944593
0.717457
0.448678
0.989338
0.012605
0.252965
0.421521
0.840528
0.662572
0.518629
0.450260
0.716524
0.973493
0.660082
0.680569
0.287793
0.155419
0.488324
0.606528
0.484154
0.401834
0.976857
0.972690
0.155515
0.952908
0.441122
0.265835
0.698254
0.651542
0.091906
0.322399
0.575290
0.165502
0.089334
0.639203
0.970108
0.428376
0.097571
0.211301
0.065053
0.062864
0.814720
0.393275
0.413519
0.316690
0.705533
0.743702
0.428273
0.977439
0.074316
0.585351
0.590162
0.596157
0.204840
0.726293
0.247980
0.523602
0.102763
0.043604
0.044754
0.835920
0.371570
0.690366
0.579965
0.021936
0.766502
0.422540
0.019819
0.262203
0.070192
0.012514
0.162718
0.453541
0.698372
0.062278
0.002700
0.232136
0.538058
0.790301
0.956068
0.989450
0.497820
0.547120
0.854731
0.578795
0.370628
0.437058
0.138286
0.359163
0.212425
0.959565
0.002351
0.048426
0.498153
0.512888
0.404712
0.125914
0.518291
0.462706
0.610306
0.677613
0.915447
0.097863
0.739226
0.067149
0.253324
0.523942
0.473479
0.337471
0.834911
0.576108
0.956759
0.681278
0.996014
0.248263
0.431259
0.442481
0.400251
0.767287
0.200682
0.939493
0.940696
0.079218
0.295132
0.634459
0.777544
0.714424
0.682105
0.726293
0.394546
0.344332
0.684585
0.555423
0.632087
0.260218
0.122087
0.109334
0.155225
0.748162
0.794976
0.238376
0.917251
0.451000
0.730347
0.513562
0.162768
0.058014
0.758050
0.781525
0.649169
0.140268
0.906300
0.406704
0.361196
0.550690
0.104570
0.210431
0.132607
0.357413
0.552189
0.322570
0.249681
0.648576
0.602400
0.543328
0.480874
0.067660
0.677731
0.796167
0.369311
0.594510
0.448151
0.946697
0.937112
0.709281
0.625569
0.402329
0.502153
0.535315
0.055709
0.956918
0.363237
0.720368
0.599218
0.252033
0.993548
0.597452
0.095364
0.528253
0.891325
0.618938
0.013725
0.766390
0.476843
0.683641
0.912397
0.968369
0.982152
0.774991
0.072909
0.180030
0.480656
0.837227
0.394546
0.158049
0.676785
0.788991
0.066413
0.454708
0.548271
0.264794
0.986877
0.053339
0.832178
0.569810
0.056435
0.461742
0.585351
0.228931
0.924490
0.690013
0.906856
0.789210
0.515024
0.007092
0.134050
0.064986
0.541034
0.263015
0.742670
0.663046
0.999278
0.759294
0.387825
0.598865
0.185400
0.447940
0.802090
0.632799
0.413318
0.551958
0.740605
0.080244
0.547810
0.425503
0.523489
0.847644
0.369593
0.390252
0.829735
0.427451
0.955532
0.187256
0.001220
0.839431
0.927809
0.264942
0.803911
0.708930
0.774546
0.166935
0.661505
0.992632
0.761214
0.091631
0.462491
0.647033
0.914005
0.138988
0.879749
0.089933
0.880903
0.593922
0.432912
0.754537
0.708345
0.837227
0.141157
0.740375
0.439557
0.822023
0.939556
0.131261
0.281131
0.820362
0.277882
0.326620
0.989673
0.152206
0.241199
0.227804
0.166320
0.005142
0.565042
0.343525
0.824091
0.940507
0.610897
0.423254
0.101585
0.987184
0.339599
0.198421
0.918146
0.635407
0.191705
0.021554
0.219590
0.981584
0.688716
0.661742
0.795409
0.530186
0.558546
0.077098
0.387437
0.157266
0.978855
0.143718
0.025900
0.869148
0.999538
0.807535
0.554729
0.830245
0.533603
0.331927
0.638847
0.598865
0.693312
0.046524
0.996211
0.403519
0.875987
0.639322
0.722810
0.683641
0.146363
0.816398
0.010850
0.636000
0.615507
0.847546
0.748276
0.152111
0.115482
0.533717
0.687064
0.425811
0.891580
0.994503
0.141157
0.324117
0.699547
0.121185
0.285350
0.658659
0.941699
0.046673
0.502042
0.936395
0.457046
0.619766
0.938982
0.000363
0.641931
0.681987
0.465710
0.874722
0.143446
0.516037
0.641457
0.233414
0.449733
0.426733
0.277190
0.845483
0.823368
0.177313
0.669090
0.507509
0.100751
0.931393
0.951338
0.088116
0.694372
0.622016
0.084552
0.474671
0.630546
0.600867
0.467538
0.113142
0.230729
0.673827
0.374691
0.090748
0.335616
0.645253
0.484154
0.543672
0.014271
0.398673
0.842021
0.289218
0.936199
0.520435
0.804338
0.298366
0.277728
0.048409
0.396705
0.097281
0.674655
0.166884
0.743358
0.333944
0.437890
0.502933
0.516037
0.934019
0.021765
0.288663
0.774880
0.994503
0.347842
0.661624
0.240439
0.742097
0.365752
0.231599
0.300726
0.984111
0.149050
0.254043
0.931665
0.636000
0.534516
0.425299
0.049605
0.997618
0.763017
0.853382
0.989584
0.318812
0.938276
0.642169
0.949047
0.352196
0.616927
0.371382
0.847546
0.094575
0.867854
0.519983
0.451423
0.247133
0.998711
0.950998
0.726989
0.405707
0.810081
0.414729
0.394742
0.502265
0.945741
0.227408
0.014436
0.852512
0.788117
0.108161
0.466140
0.283001
0.628531
0.627109
0.483497
0.742899
0.650949
0.940191
0.691192
0.758390
0.035253
0.916201
0.999685
0.001687
0.966571
0.467108
0.241683
0.347391
0.151921
0.346940
0.503936
0.451317
0.240508
0.995967
0.580550
0.737155
0.291925
0.596157
0.352651
0.789865
0.715474
0.855692
0.093077
0.342809
0.393763
0.015135
0.312224
0.678441
0.143899
0.220878
0.471314
0.045074
0.043604
0.934219
0.178287
0.654033
0.547120
0.323601
0.810187
0.430640
0.748047
0.310467
0.973731
0.247698
0.786255
0.821712
0.206242
0.009715
0.307472
0.623200
0.990151
0.973413
0.474455
0.050080
0.467000
0.735773
0.719088
0.263015
0.312476
0.954230
0.253971
0.863567
0.515136
0.765828
0.146547
0.723856
0.297960
0.025378
0.063894
0.116045
0.175056
0.714541
0.794542
0.802519
0.676193
0.799404
0.725017
0.600160
0.406604
0.176989
0.110159
0.072810
0.306809
0.925912
0.763918
0.031527
0.208143
0.917475
0.563532
0.650593
0.594863
0.596157
0.366687
0.303017
0.295535
0.326793
0.678914
0.783288
0.588753
0.268753
0.024247
0.255413
0.309966
0.888071
0.129471
0.209192
0.181842
0.640033
0.064516
0.822954
0.575991
0.331840
0.812827
0.009598
0.940570
0.589223
0.735312
0.790083
0.575290
0.833800
0.528253
0.351832
0.193149
0.285507
0.496047
0.994473
0.490084
0.698137
0.199311
0.109370
0.809446
0.016145
0.831264
0.026451
0.137892
0.231063
0.775658
0.359809
0.243838
0.519419
0.825842
0.103987
0.854346
0.897372
0.080816
0.983701
0.176558
0.422132
0.743702
0.318642
0.580550
0.520322
0.122559
0.884511
0.172771
0.769862
0.432808
0.269581
0.472937
0.781415
0.655101
0.863567
0.714774
0.461314
0.212363
0.412513
0.366687
0.078951
0.785157
0.726525
0.703891
0.758955
0.497044
0.572607
0.975018
0.299829
0.407602
0.949913
0.543902
0.433532
0.075003
0.258390
0.711971
0.473046
0.954012
0.975324
0.564461
0.560748
0.578795
0.729074
0.065753
0.740834
0.467969
0.376020
0.935477
0.941699
0.439869
0.454920
0.244956
0.523149
0.176182
0.907882
0.760198
0.182560
0.663046
0.922548
0.632680
0.878143
0.239337
0.137499
0.992981
0.200921
0.938469
0.991787
0.469802
0.614798
0.145492
0.104227
0.981005
0.598511
0.509187
0.771203
0.783619
0.837929
0.736925
0.907646
0.270787
0.032746
0.566901
0.908982
0.990573
0.889789
0.119167
0.095111
0.950028
0.868594
0.694843
0.388697
0.888845
0.412513
0.124787
0.012083
0.658659
0.674655
0.063564
0.126480
0.018452
0.661031
0.879482
0.041416
0.193033
0.081777
0.762341
0.443319
0.501152
0.932274
0.931257
0.324375
0.307886
0.966297
0.730693
0.910698
0.165146
0.551382
0.853479
0.021562
0.957392
0.463670
0.420808
0.857987
0.368842
0.868687
0.450155
0.430434
0.836222
0.147193
0.458218
0.473262
0.148073
0.904305
0.464421
0.286058
0.387244
0.520774
0.900744
0.568064
0.053980
0.755444
0.988601
0.858939
0.754310
0.627583
0.274967
0.016405
0.315928
0.116914
0.936068
0.320773
0.138329
0.857606
0.858559
0.105743
0.816188
0.400054
0.379834
0.275808
0.564809
0.024986
0.020202
0.068951
0.861780
0.131681
0.855884
0.914689
0.124787
0.419995
0.049273
0.907882
0.004640
0.062300
0.029855
0.908982
0.904224
0.749074
0.103203
0.380983
0.966021
0.123629
0.049798
0.211301
0.723391
0.456195
0.159923
0.726061
0.340400
0.003006
0.513113
0.966251
0.907882
0.035625
0.826767
0.932612
0.211863
0.636356
0.041327
0.777212
0.011074
0.708579
0.653440
0.271090
0.765042
0.559821
0.769303
0.344421
0.646203
0.559241
0.792805
0.737040
0.952071
0.536686
0.004498
0.337294
0.674655
0.005510
0.396410
0.111097
0.752605
0.347120
0.226353
0.727800
0.174843
0.942879
0.806791
0.066413
0.219141
0.560980
0.535429
0.642169
0.355301
0.936526
0.477170
0.504605
0.857510
0.662928
0.267703
0.492509
0.581135
0.910154
0.489203
0.384732
0.361845
0.748162
0.466893
0.956175
0.438619
0.976154
0.384057
0.739226
0.810610
0.963478
0.573540
0.506614
0.009971
0.065843
0.956918
0.156388
0.240646
0.091386
0.476843
0.736003
0.266507
0.864784
0.380600
0.554614
0.992738
0.417762
0.453117
0.523942
0.690249
0.056990
0.709515
0.443423
0.345949
0.397786
0.133200
0.631494
0.123947
0.869240
0.355668
0.517727
0.295696
0.568297
0.854154
0.124427
0.489644
0.400548
0.804552
0.586289
0.893274
0.943923
0.028938
0.921459
0.047390
0.856076
0.865158
0.581603
0.155467
0.640864
0.329049
0.511765
0.621897
0.299503
0.388697
0.517501
0.500151
0.554498
0.980776
0.754991
0.733466
0.844398
0.663402
0.150409
0.489203
0.711504
0.640508
0.174203
0.265686
0.947112
0.638017
0.271014
0.482841
0.643237
0.264497
0.258609
0.690720
0.049186
0.179320
0.737731
0.867298
0.437578
0.605466
0.949855
0.451211
0.478911
0.913547
0.114140
0.366874
0.511204
0.983134
0.975854
0.157022
0.782848
0.063961
0.958020
0.624858
0.764368
0.058726
0.296665
0.834204
0.530186
0.256572
0.679978
0.329223
0.671340
0.133454
0.420503
0.589927
0.521792
0.868317
0.535201
0.774658
0.842715
0.628650
0.752946
0.854346
0.280355
0.434568
0.014613
0.916126
0.982892
0.558315
0.401141
0.832280
0.335440
0.334032
0.683286
0.379452
0.975324
0.728495
0.580667
0.098741
0.598747
0.559473
0.765379
0.914614
0.150409
0.528594
0.773545
0.375071
0.258682
0.310634
0.128071
0.889532
0.342541
0.148258
0.637186
0.651067
0.147702
0.693194
0.991995
0.155177
0.161515
0.154839
0.197122
0.093980
0.460993
0.136890
0.424174
0.118860
0.601574
0.392103
0.711971
0.524962
0.570859
0.190728
0.914917
0.343883
0.193671
0.174363
0.491517
0.310384
0.495936
0.779648
0.374691
0.176773
0.636356
0.379165
0.779869
0.580433
0.210493
0.595922
0.118514
0.617991
0.634222
0.971416
0.468831
0.686356
0.943126
0.080244
0.333593
0.446677
0.646915
0.582071
0.470126
0.040797
0.312644
0.924204
0.476843
0.931053
0.053489
0.266880
0.634103
0.284173
0.612433
0.962801
0.166064
0.181236
0.063784
0.545970
0.327399
0.528594
0.154984
0.908197
0.356035
0.327919
0.951338
0.022966
0.105917
0.720834
0.464850
0.127131
0.026111
0.339510
0.707759
0.738421
0.667313
0.250605
0.437578
0.083196
0.393861
0.832381
0.497155
0.811561
0.967162
0.297798
0.054742
0.508292
0.951958
0.179975
0.279039
0.087528
0.213742
0.407103
0.115632
0.420910
0.348837
0.314157
0.304826
0.532121
0.270410
0.451740
0.753514
0.143627
0.266357
0.849794
0.815245
0.421826
0.330181
0.936657
0.222886
0.445206
0.834508
0.624503
0.641101
0.135981
0.293044
0.297636
0.045591
0.184505
0.080108
0.693312
0.050009
0.169312
0.969115
0.576925
0.817757
0.070264
0.450049
0.046839
0.751581
0.250677
0.480438
0.181622
0.327399
0.181126
0.844891
0.710451
0.423765
0.844990
0.990923
0.838831
0.670511
0.744503
0.891580
0.447940
0.959769
0.296827
0.302607
0.178341
0.964290
0.041818
0.231465
0.957077
0.209068
0.495051
0.398279
0.860741
0.792479
0.086593
0.396312
0.597923
0.571558
0.804979
0.900009
0.346579
0.938405
0.318812
0.795734
0.997732
0.903340
0.197948
0.206425
0.380887
0.509859
0.504828
0.741408
0.178776
0.173247
0.249184
0.983344
0.111897
0.845483
0.073710
0.657710
0.909920
0.953737
0.733235
0.931733
0.145492
0.278499
0.403222
0.503156
0.122796
0.908669
0.059570
0.307637
0.390155
0.354295
0.710568
0.852125
0.765716
0.343435
0.307720
0.905664
0.667313
0.015123
0.736003
0.630190
0.181126
0.414124
0.188218
0.170093
0.674537
0.256282
0.339333
0.153877
0.748732
0.378115
0.908355
0.201520
0.650355
0.758955
0.863098
0.358333
0.565971
0.394351
0.050204
0.704712
0.964147
0.640508
0.101418
0.544361
0.617400
0.221395
0.683759
0.203145
0.530186
0.532235
0.813774
0.271392
0.786803
0.000695
0.729189
0.728726
0.902370
0.239199
0.934551
0.386083
0.474455
0.262056
0.633391
0.781084
0.314072
0.468723
0.049992
0.806258
0.918146
0.090295
0.925486
0.842021
0.572607
0.590867
0.060216
0.996142
0.506168
0.609243
0.669445
0.062668
0.478258
0.602871
0.594628
0.833496
0.253611
0.592629
0.992472
0.837729
0.636475
0.392298
0.861308
0.482294
0.449521
0.630190
0.303510
0.853093
0.253324
0.208205
0.011256
0.074164
0.535201
0.575641
0.268979
0.396115
0.720136
0.605466
0.365286
0.919480
0.315084
0.056554
0.417661
0.565506
0.807004
0.905744
0.273898
0.304497
0.864691
0.984855
0.518629
0.773990
0.613142
0.686828
0.698372
0.611252
0.965185
0.440391
0.265612
0.676075
0.949740
0.601574
0.299666
0.848036
0.238513
0.917997
0.434464
0.474238
0.606646
0.286215
0.956759
0.666958
0.554036
0.876077
0.737616
0.944411
0.731040
0.813880
0.849208
0.793240
0.383095
0.018445
0.375260
0.998530
0.967970
0.387728
0.148724
0.706822
0.313904
0.868317
0.799620
0.485359
0.655338
0.097992
0.277113
0.973652
0.582540
0.192224
0.629361
0.317707
0.303510
0.359809
0.320858
0.371288
0.288109
0.542640
0.412714
0.079865
0.282454
0.796167
0.443004
0.478911
0.028821
0.376210
0.305156
0.385986
0.654033
0.930711
0.992454
0.469478
0.480547
0.296261
0.654152
0.684940
0.811667
0.508292
0.841226
0.991654
0.357688
0.824091
0.783949
0.095840
0.219526
0.363516
0.161615
0.350015
0.366126
0.585117
0.498819
0.091570
0.456621
0.403420
0.295858
0.016737
0.289615
0.228069
0.922838
0.553459
0.855884
0.137064
0.582422
0.794434
0.556001
0.092428
0.204476
0.283313
0.255269
0.472829
0.998831
0.570043
0.190900
0.067869
0.403122
0.273441
0.705064
0.596981
0.895290
0.326793
0.057792
0.520322
0.306064
0.702483
0.605112
0.317707
0.412211
0.094701
0.436539
0.973333
0.320602
0.044962
0.480001
0.615389
0.299259
0.691192
0.989783
0.156437
0.408201
0.466247
0.628176
0.891580
0.051170
0.742555
0.578562
0.059965
0.177799
0.066482
0.268979
0.662216
0.887985
0.324117
0.919995
0.739111
0.811033
0.994546
0.698137
0.768296
0.342451
0.807535
0.790083
0.942755
0.233346
0.481857
0.352287
0.164434
0.100618
0.123549
0.718389
0.894620
0.707876
0.890131
0.174576
0.355760
0.179320
0.541378
0.980678
0.946340
0.623792
0.811983
0.420605
0.742785
0.591102
0.271923
0.295293
0.365472
0.748276
0.700722
0.304003
0.783068
0.659964
0.485140
0.198303
0.053583
0.995835
0.994733
0.307140
0.288109
0.464850
0.992454
0.412211
0.787898
0.009909
0.283235
0.920216
0.871445
0.933485
0.829633
0.000356
0.302033
0.767735
0.080953
0.883986
0.689777
0.427657
0.821712
0.140357
0.864036
0.334559
0.337382
0.899845
0.857701
0.313652
0.142770
0.755898
0.909452
0.840628
0.275349
0.618583
0.328006
0.753514
0.508068
0.564809
0.948698
0.031286
0.624977
0.394449
0.416143
0.504716
0.978786
0.874451
0.574357
0.839031
0.081584
0.185400
0.646796
0.289059
0.621187
0.406704
0.263829
0.977331
0.759181
0.056911
0.753287
0.108444
0.893696
0.995811
0.777877
0.037206
0.899845
0.651660
0.809658
0.484373
0.476083
0.727568
0.668853
0.564809
0.635645
0.472396
0.580784
0.185064
0.890814
0.441226
0.992454
0.741867
0.793566
0.150928
0.162718
0.880193
0.924918
0.795626
0.726061
0.393959
0.793023
0.284722
0.880193
0.895541
0.406404
0.461956
0.667195
0.268078
0.104432
0.684113
0.301297
0.494719
0.796167
0.904465
0.812827
0.626161
0.265017
0.913471
0.811456
0.839531
0.861591
0.920216
0.451317
0.527458
0.618938
0.967117
0.643355
0.667313
0.719670
0.732081
0.599100
0.841126
0.777988
0.012934
0.927390
0.977977
0.676785
0.474671
0.842715
0.938662
0.754537
0.249184
0.502821
0.903340
0.984799
0.497266
0.847154
0.660438
0.821504
0.724436
0.165911
0.354386
0.934882
0.896292
0.192628
0.239818
0.396017
0.984285
0.256354
0.635289
0.563764
0.120444
0.177583
0.920216
0.588049
0.741867
0.521679
0.686120
0.221072
0.486346
0.704478
0.897289
0.374976
0.524622
0.247627
0.532235
0.281442
0.422744
0.679505
0.919258
0.480329
0.393079
0.292484
0.160817
0.943002
0.460245
0.569810
0.087910
0.048460
0.635526
0.045380
0.844497
0.382518
0.627583
0.569578
0.912089
0.843904
0.995750
0.975628
0.562719
0.255920
0.197534
0.506503
0.942817
0.783068
0.946935
0.248546
0.157559
0.738766
0.208821
0.903420
0.187256
0.110663
0.599100
0.879036
0.817966
0.859889
0.806471
0.202783
0.265984
0.370911
0.620358
0.991825
0.185680
0.254980
0.117483
0.909998
0.979779
0.630902
0.222432
0.244327
0.446993
0.395919
0.249752
0.647033
0.686828
0.071087
0.053640
0.588049
0.553805
0.179975
0.900418
0.097863
0.248404
0.802519
0.900908
0.772430
0.200323
0.431156
0.340845
0.869701
0.105501
0.951225
0.987979
0.663046
0.241752
0.332015
0.612788
0.216905
0.127131
0.436020
0.604522
0.150833
0.972527
0.789100
0.273365
0.708228
0.457472
0.600396
0.772319
0.919406
0.454920
0.339599
0.637305
0.259778
0.750670
0.049465
0.324978
0.520209
0.119360
0.030540
0.002413
0.272985
0.818905
0.541378
0.287477
0.606528
0.145858
0.698019
0.545970
0.269204
0.775658
0.719554
0.453435
0.019088
0.879482
0.011426
0.346850
0.727800
0.015268
0.692488
0.005541
0.227738
0.205998
0.666721
0.056772
0.026529
0.814090
0.366687
0.198777
0.481529
0.359347
0.138768
0.553805
0.414225
0.531438
0.459178
0.457792
0.349380
0.833496
0.258317
0.814720
0.314915
0.003064
0.200443
0.375071
0.804552
0.872450
0.122638
0.258974
0.168741
0.704126
0.729074
0.485908
0.394253
0.697078
0.186410
0.288822
0.405807
0.680687
0.319237
0.574357
0.097668
0.036132
0.584297
0.789865
0.293926
0.868502
0.231733
0.041371
0.702014
0.970576
0.165706
0.416750
0.978436
0.054704
0.744618
0.197004
0.045413
0.435397
0.743702
0.768855
0.951621
0.082081
0.349199
0.613970
0.668498
0.618465
0.236191
0.826048
0.112006
0.048135
0.592864
0.764368
0.227210
0.346309
0.827075
0.528253
0.287714
0.549307
0.962704
0.135077
0.536114
0.386953
0.478911
0.872906
0.138768
0.317113
0.208821
0.655457
0.640033
0.955424
0.582422
0.671104
0.308967
0.634222
0.679859
0.464206
0.841226
0.074544
0.329745
0.859984
0.813564
0.722229
0.636831
0.037719
0.948172
0.151400
0.126968
0.773767
0.128769
0.819530
0.504940
0.289377
0.956494
0.629598
0.570742
0.748732
0.166218
0.808704
0.949510
0.288742
0.008243
0.681987
0.969636
0.465280
0.472721
0.960628
0.968941
0.398476
0.551843
0.885732
0.433325
0.664469
0.179048
0.949336
0.998953
0.368466
0.282299
0.920802
0.602753
0.717457
0.376686
0.802733
0.236940
0.565274
0.359717
0.417357
0.580667
0.685884
0.525415
0.690484
0.213617
0.907567
0.444472
0.892174
0.434360
0.798650
0.598158
0.389474
0.199311
0.317113
0.841325
0.203205
0.423561
0.252821
0.048426
0.858178
0.086652
0.829021
0.633154
0.154261
0.152301
0.108019
0.868132
0.680332
0.951452
0.883986
0.761326
0.417864
0.076471
0.705650
0.659489
0.103680
0.489424
0.397491
0.029789
0.696373
0.064027
0.911240
0.897869
0.475214
0.246852
0.501819
0.089603
0.497598
0.545510
0.276422
0.267254
0.490525
0.454814
0.502042
0.582422
0.217287
0.174469
0.414628
0.096766
0.340222
0.074620
0.663876
0.764705
0.869517
0.048272
0.613379
0.428068
0.405408
0.573657
0.437786
0.916577
0.893358
0.198421
0.132776
0.680923
0.217223
0.417762
0.128769
0.832990
0.118860
0.290092
0.770868
0.565971
0.338268
0.270334
0.203688
0.199311
0.561791
0.921750
0.445416
0.212488
0.877067
0.316944
0.357688
0.902127
0.648576
0.814720
0.558894
0.061122
0.821089
0.374123
0.706354
0.457685
0.173089
0.816293
0.567018
0.265389
0.130093
0.519871
0.125188
0.166730
0.348656
0.364726
0.393959
0.393568
0.953517
0.779869
0.997865
0.631850
0.210803
0.620713
0.865158
0.056376
0.054207
0.940317
0.058542
0.401636
0.051332
0.150456
0.079784
0.200981
0.311973
0.049517
0.421725
0.407302
0.043995
0.743587
0.108232
0.589810
0.664587
0.127866
0.811244
0.159329
0.981199
0.120834
0.646440
0.147563
0.845384
0.797895
0.572490
0.221654
0.679032
0.166935
0.517276
0.047206
0.571674
0.169364
0.337736
0.018973
0.610543
0.535429
0.561791
0.591571
0.328180
0.690249
0.404016
0.396508
0.374596
0.326706
0.532577
0.422642
0.358057
0.628650
0.261687
0.581252
0.663046
0.174683
0.095904
0.151306
0.952351
0.674892
0.417864
0.920656
0.960628
0.003584
0.060657
0.108871
0.297474
0.554729
0.336587
0.194718
0.949336
0.749188
0.630902
0.609125
0.095554
0.729537
0.710217
0.008710
0.838430
0.510195
0.107315
0.935345
0.183947
0.696373
0.318386
0.536343
0.768072
0.152682
0.139164
0.717806
0.985876
0.864504
0.110591
0.820570
0.186185
0.895875
0.312727
0.455132
0.862440
0.277420
0.356861
0.835517
0.515699
0.507956
0.613970
0.686238
0.604522
0.341380
0.007456
0.537486
0.705885
0.778763
0.043356
0.535429
0.077255
0.261761
0.139472
0.163271
0.437058
0.382806
0.748047
0.654626
0.720834
0.095840
0.999906
0.275579
0.146317
0.885993
0.492509
0.768632
0.959463
0.219526
0.971541
0.627702
0.292324
0.570393
0.880903
0.213365
0.797895
0.773990
0.184003
0.801447
0.900826
0.264794
0.869977
0.046080
0.887812
0.948348
0.031241
0.305404
0.096127
0.786912
0.293605
0.823368
0.563648
0.749759
0.793783
0.583125
0.342809
0.393372
0.350922
0.753742
0.706822
0.210058
0.709632
0.886861
0.815035
0.159280
0.355668
0.023889
0.006343
0.656761
0.377162
0.933618
0.191590
0.081090
0.957759
0.628531
0.429199
0.078337
0.348113
0.317198
0.890473
0.844398
0.909452
0.649406
0.736810
0.939493
0.077255
0.806897
0.712322
0.489644
0.479783
0.820466
0.489314
0.191705
0.440078
0.872541
0.131933
0.447624
0.767175
0.461635
0.840728
0.319748
0.011295
0.316182
0.303756
0.926124
0.298284
0.390544
0.685176
0.575641
0.303921
0.434775
0.304661
0.373460
0.595216
0.506279
0.331228
0.687418
0.943372
0.761214
0.757258
0.591806
0.884424
0.637424
0.381942
0.909686
0.493945
0.519080
0.826356
0.081172
0.491627
0.495604
0.629124
0.540461
0.112262
0.713724
0.301624
0.895039
0.589810
0.448151
0.397983
0.564112
0.678559
0.971748
0.602282
0.843508
0.781746
0.804124
0.137107
0.718273
0.061805
0.592512
0.914157
0.438202
0.524282
0.874994
0.617755
0.560284
0.987486
0.939493
0.893864
0.743243
0.835113
0.638491
0.213554
0.847350
0.329484
0.608063
0.284095
0.433015
0.319834
0.808067
0.005550
0.844299
0.078577
0.020263
0.284957
0.409202
0.129017
0.523829
0.881611
0.314746
0.546890
0.052207
0.003384
0.044263
0.687182
0.406006
0.047626
0.884686
0.391908
0.249752
0.392981
0.256137
0.575757
0.029130
0.689895
0.611606
0.611488
0.905265
0.775658
0.103339
0.226814
0.029098
0.793783
0.416851
0.180742
0.352651
0.406404
0.124227
0.522697
0.559705
0.968413
0.347933
0.858368
0.249326
0.537943
0.245376
0.942693
0.967252
0.835617
0.987108
0.720717
0.070747
0.448572
0.633510
0.996719
0.413318
0.196768
0.183447
0.820778
0.413519
0.971082
0.140535
0.893864
0.300073
0.608417
0.382326
0.336675
0.934352
0.060384
0.537943
0.174736
0.639084
0.849891
0.862063
0.074900
0.199668
0.197298
0.660912
0.281909
0.888759
0.204355
0.465172
0.443528
0.196005
0.602282
0.039942
0.429301
0.098317
0.380312
0.180632
0.667313
0.042497
0.036884
0.101954
0.706119
0.204294
0.728726
0.944776
0.939747
0.533147
0.753401
0.322914
0.035024
0.221654
0.417661
0.450472
0.589223
0.751581
0.275579
0.999836
0.815665
0.139649
0.377257
0.654270
0.031206
0.293365
0.431672
0.502821
0.449521
0.715358
0.859699
0.481092
0.745762
0.597099
0.371099
0.671340
0.095301
0.683759
0.365379
0.218884
0.702953
0.572957
0.584765
0.281598
0.876077
0.140535
0.225958
0.229795
0.175645
0.646796
0.753855
0.433636
0.884686
0.873270
0.603107
0.696255
0.529503
0.061698
0.033372
0.798974
0.759633
0.900336
0.909217
0.567250
0.616808
0.624503
0.918666
0.630902
0.231934
0.039343
0.602989
0.183280
0.701074
0.956068
0.121029
0.863755
0.109549
0.061314
0.716874
0.800910
0.361289
0.664469
0.852319
0.361659
0.963237
0.514686
0.237760
0.802733
0.250178
0.064227
0.544017
0.235104
0.891155
0.110880
0.305486
0.718738
0.472396
0.369311
0.307555
0.525075
0.948348
0.589105
0.851155
0.515812
0.496047
0.950143
0.421012
0.965697
0.097733
0.643118
0.676785
0.076445
0.024482
0.703657
0.532805
0.503156
0.337559
0.725829
0.226090
0.029066
0.225958
0.983848
0.229995
0.695902
0.630428
0.643237
0.121772
0.031527
0.333505
0.224843
0.088590
0.209377
0.073059
0.820258
0.874632
0.316690
0.715941
0.025042
0.160817
0.948931
0.442795
0.680096
0.130468
0.903581
0.804445
0.913776
0.031851
0.091265
0.524055
0.019450
0.311638
0.887639
0.654864
0.769303
0.473154
0.361845
0.388309
0.237076
0.717923
0.355210
0.477061
0.260878
0.905744
0.509299
0.104741
0.513787
0.262056
0.905504
0.058583
0.967207
0.544821
0.233346
0.408901
0.209439
0.305816
0.517276
0.431362
0.093949
0.160617
0.628887
0.128276
0.618346
0.312308
0.857987
0.987436
0.580082
0.932814
0.188900
0.646440
0.944167
0.453753
0.629953
0.144625
0.029066
0.046392
0.364167
0.705885
0.892513
0.268904
0.862628
0.671932
0.618110
0.558083
0.540347
0.796708
0.951225
0.105397
0.336763
0.622134
0.784168
0.954285
0.542640
0.643355
0.201460
0.896375
0.439974
0.383576
0.671222
0.995066
0.672051
0.943310
0.514461
0.717107
0.323945
0.743014
0.950085
0.518291
0.764817
0.710451
0.130843
0.693312
0.324978
0.549077
0.220298
0.427965
0.228268
0.560516
0.481311
0.590749
0.575991
0.414527
0.102257
0.837528
0.322914
0.151732
0.210741
0.473479
0.151542
0.602517
0.258536
0.425299
0.929268
0.403321
0.010543
0.886948
0.991615
0.353290
0.622845
0.945078
0.208513
0.654864
0.192108
0.744847
0.040114
0.116121
0.160667
0.131765
0.119399
0.046392
0.588988
0.563184
0.215066
0.140935
0.560516
0.961028
0.699312
0.850864
0.806365
0.167759
0.247980
0.102493
0.885819
0.820985
0.156729
0.503824
0.994206
0.983134
0.368842
0.314409
0.596039
0.613852
0.292724
0.731965
0.188786
0.757824
0.249681
0.900254
0.365286
0.149799
0.915900
0.823265
0.680450
0.289694
0.627228
0.345499
0.985522
0.978471
0.675838
0.659726
0.510083
0.546890
0.672051
0.736810
0.775991
0.216905
0.542181
0.134648
0.438619
0.753401
0.968765
0.871079
0.661387
0.125228
0.093636
0.388892
0.707759
0.552420
0.144762
0.953241
0.677021
0.523376
0.420096
0.613379
0.878143
0.401339
0.723043
0.703774
0.565390
0.048753
0.064027
0.367623
0.119399
0.362401
0.606056
0.556926
0.595451
0.429816
0.221072
0.282532
0.774324
0.073233
0.848427
0.086187
0.435604
0.852996
0.025804
0.067242
0.183447
0.756125
0.275273
0.552651
0.277805
0.025453
0.758842
0.888845
0.900009
0.425913
0.001251
0.875175
0.714424
0.568414
0.086593
0.228069
0.869885
0.597452
0.629598
0.645609
0.304744
0.268078
0.929199
0.031793
0.741408
0.542525
0.690131
0.162466
0.864784
0.372137
0.712439
0.404612
0.526777
0.317029
0.502153
0.911240
0.244257
0.917027
0.920142
0.430022
0.292004
0.575407
0.824504
0.262794
0.786584
0.738651
0.900009
0.608299
0.291446
0.454495
0.577276
0.342005
0.237623
0.923989
0.016706
0.680923
0.598511
0.436227
0.874541
0.362401
0.544361
0.797788
0.915900
0.964715
0.874813
0.793674
0.491076
0.310634
0.644186
0.525756
0.314831
0.001600
0.921095
0.100485
0.065617
0.230062
0.971458
0.527799
0.663995
0.745762
0.834407
0.341648
0.859224
0.022458
0.935015
0.925131
0.065053
0.754991
0.790192
0.505833
0.543099
0.120095
0.883460
0.696255
0.595098
0.014725
0.211052
0.005103
0.204355
0.437266
0.008064
0.603814
0.633629
0.371948
0.246359
0.615034
0.152968
0.493282
0.873816
0.878501
0.812194
0.851544
0.328614
0.838030
0.269731
0.232001
0.613024
0.347210
0.890899
0.195069
0.899599
0.065685
0.687654
0.973968
0.914689
0.829939
0.150551
0.737040
0.587345
0.661861
0.227342
0.669209
0.874541
0.892936
0.159230
0.599925
0.500596
0.288188
0.142186
0.895541
0.898447
0.277267
0.889532
0.057370
0.489864
0.037570
0.524282
0.616217
0.707525
0.103203
0.678914
0.587932
0.934617
0.713023
0.011002
0.252105
0.510756
0.844990
0.866649
0.276115
0.178341
0.728495
0.958797
0.456833
0.861403
0.100154
0.263755
0.072018
0.353016
0.311638
0.992199
0.958797
0.005543
0.086274
0.862816
0.432808
0.861308
0.976563
0.181567
0.288505
0.284095
0.916351
0.453011
0.864691
0.719204
0.108409
0.799404
0.480110
0.971124
0.571092
0.534744
0.075105
0.689541
0.187313
0.455876
0.464958
0.650830
0.225040
0.048598
0.505721
0.836725
0.874632
0.855404
0.446046
0.274814
0.427965
0.659964
0.892936
0.973173
0.792479
0.146731
0.787131
0.583008
0.942879
0.230863
0.180907
0.001665
0.060195
0.197948
0.641694
0.213931
0.093170
0.222237
0.924204
0.309133
0.461956
0.246500
0.110916
0.343973
0.684231
0.502710
0.634459
0.596275
0.038281
0.698607
0.482950
0.322142
0.286688
0.177475
0.937825
0.295454
0.986277
0.058951
0.777988
0.438306
0.011208
0.269882
0.421317
0.962313
0.435293
0.659371
0.789100
0.282221
0.969937
0.938341
0.268603
0.139605
0.667905
0.982431
0.520774
0.518742
0.376686
0.044659
0.258682
0.573423
0.118323
0.298284
0.510532
0.321200
0.747933
0.900908
0.061826
0.564577
0.354112
0.024364
0.959769
0.962264
0.371382
0.834811
0.872906
0.642287
0.842418
0.778431
0.074392
0.470774
0.250392
0.093761
0.877247
0.723856
0.140846
0.787460
0.597334
0.217989
0.660319
0.687772
0.086564
0.558431
0.421215
0.570742
0.735312
0.845286
0.211052
0.707876
0.103339
0.878769
0.973333
0.184617
0.153111
0.162266
0.933552
0.586641
0.536914
0.152777
0.002482
0.422336
0.473479
0.803162
0.329658
0.772765
0.526890
0.082860
0.701309
0.003368
0.367716
0.729999
0.236327
0.594275
0.677849
0.275349
0.264571
0.378401
0.152206
0.285822
0.852222
0.514574
0.235443
0.119630
0.883811
0.908433
0.716874
0.988149
0.794109
0.396803
0.888415
0.952574
0.860741
0.494719
0.513562
0.211426
0.386373
0.745991
0.287872
0.734389
0.090476
0.030207
0.842418
0.593805
0.741408
0.614088
0.614088
0.159675
0.264571
0.104090
0.363423
0.817653
0.343525
0.704361
0.037883
0.581954
0.408101
0.343256
0.080407
0.803269
0.053096
0.420910
0.960477
0.331140
0.953847
0.179811
0.174523
0.687654
0.369781
0.653796
0.148351
0.928228
0.037367
0.348656
0.033070
0.097216
0.780863
0.626280
0.622134
0.316013
0.142365
0.051242
0.766614
0.086043
0.248404
0.678441
0.314662
0.204355
0.735888
0.871262
0.364447
0.059136
0.343167
0.274051
0.353929
0.730462
0.536000
0.713724
0.200861
0.495383
0.999677
0.443214
0.440078
0.819946
0.133073
0.945921
0.661505
0.321542
0.263237
0.315084
0.487884
0.308634
0.277728
0.876438
0.311052
0.030207
0.155080
0.441331
0.551958
0.315590
0.749987
0.386663
0.775436
0.893527
0.679032
0.458005
0.888415
0.705416
0.203386
0.858464
0.729421
0.715241
0.891835
0.495715
0.587932
0.951790
0.152634
0.452693
0.406404
0.074164
0.162416
0.314072
0.972892
0.220233
0.016461
0.647864
0.486566
0.167810
0.251747
0.603814
0.753742
0.772765
0.145309
0.084751
0.858464
0.263607
0.228533
0.006457
0.778652
0.497376
0.079111
0.669919
0.999639
0.551382
0.241822
0.693312
0.809552
0.460886
0.282688
0.520661
0.389183
0.744045
0.817444
0.743587
0.476735
0.454708
0.788554
0.748618
0.091753
0.809552
0.907567
0.645253
0.329049
0.270485
0.219719
0.813459
0.786364
0.267179
0.432395
0.622845
0.155080
0.009078
0.095649
0.989383
0.037354
0.015573
0.093605
0.572141
0.702249
0.283860
0.203024
0.456089
0.085294
0.521905
0.605466
0.123073
0.093263
0.709866
0.174310
0.332715
0.773099
0.232203
0.887467
0.801769
0.959259
0.714891
0.361474
0.785157
0.948581
0.498264
0.301870
0.270334
0.017096
0.536343
0.982647
0.459071
0.343435
0.065368
0.451952
0.691781
0.883373
0.746219
0.113954
0.374217
0.129471
0.667669
0.788445
0.139472
0.775102
0.182339
0.440913
0.299992
0.156291
0.393177
0.176343
0.749759
0.056455
0.540805
0.794109
0.610779
0.674300
0.612315
0.136327
0.666247
0.806258
0.529845
0.057130
0.266283
0.797356
0.776879
0.793131
0.982120
0.108019
0.620595
0.206548
0.315337
0.433636
0.626398
0.394253
0.601339
0.491406
0.120483
0.516487
0.869885
0.400745
0.327746
0.482185
0.779648
0.876887
0.100319
0.826048
0.122796
0.320944
0.744847
0.207774
0.803376
0.470558
0.603107
0.061869
0.045704
0.876708
0.220878
0.855308
0.111206
0.447203
0.556926
0.803804
0.823058
0.176719
0.004469
0.271847
0.736349
0.351377
0.021258
0.482731
0.852512
0.602164
0.695902
0.603343
0.159774
0.796599
0.791500
0.352105
0.563068
0.516938
0.033142
0.283547
0.282923
0.345230
0.792805
0.739226
0.785377
0.016139
0.294569
0.381079
0.276115
0.413922
0.817235
0.430950
0.014686
0.387340
0.188673
0.728263
0.716874
0.277113
0.431672
0.976154
0.016442
0.206548
0.401933
0.126805
0.168172
0.792697
0.201520
0.328614
0.968369
0.328875
0.777544
0.765042
0.534972
0.873452
0.076836
0.331140
0.113732
0.793566
0.884336
0.265612
0.984371
0.570276
0.883986
0.495051
0.907646
0.610188
0.742441
0.101853
0.158049
0.248192
0.361938
0.743816
0.118629
0.335881
0.376781
0.460780
0.212113
0.340489
0.427144
0.685294
0.396312
0.073559
0.126846
0.863567
0.202241
0.439244
0.339244
0.682814
0.215952
0.765491
0.347481
0.994984
0.248051
0.205449
0.185848
0.576809
0.639440
0.441122
0.139826
0.541378
0.050864
0.177097
0.740030
0.705533
0.627820
0.150833
0.023978
0.537943
0.007412
0.714307
0.668379
0.608181
0.952351
0.149144
0.016442
0.550229
0.684585
0.674063
0.310885
0.218692
0.599571
0.786912
0.094544
0.252105
0.246429
0.551958
0.261099
0.320602
0.775325
0.573190
0.108232
0.742441
0.654033
0.240991
0.933217
0.528708
0.610188
0.216524
0.602753
0.876887
0.371476
0.930232
0.295132
0.615152
0.171297
0.157902
0.426733
0.605348
0.639915
0.615152
0.886948
0.811456
0.368373
0.184728
0.884424
0.330878
0.866277
0.736464
0.541264
0.086826
0.398870
0.117940
0.946875
0.955908
0.726641
0.294891
0.915900
0.583476
0.036539
0.616927
0.128605
0.556695
0.025051
0.234833
0.750898
0.036015
0.977076
0.994789
0.456727
0.023801
0.617518
0.066711
0.650830
0.424071
0.608299
0.210182
0.003059
0.047206
0.240370
0.550229
0.541034
0.667669
0.752832
0.316351
0.915371
0.216396
0.936461
0.397688
0.633984
0.784718
0.671814
0.117979
0.753173
0.357873
0.264571
0.693430
0.091600
0.852222
0.980115
0.534174
0.274814
0.812827
0.155854
0.039727
0.829327
0.307803
0.086361
0.859414
0.510307
0.752832
0.925770
0.078577
0.059446
0.385503
0.786364
0.439244
0.148631
0.316436
0.092675
0.197416
0.923702
0.857701
0.742326
0.443528
0.081860
0.153638
0.879125
0.384250
0.880460
0.267030
0.074468
0.317029
0.934551
0.009602
0.046989
0.221007
0.395821
0.175056
0.041149
0.307637
0.786803
0.060594
0.123113
0.704595
0.337117
0.095269
0.031218
0.663521
0.873270
0.989338
0.398476
0.331403
0.240370
0.529845
0.352560
0.763017
0.007403
0.049851
0.901965
0.584297
0.143446
0.123113
0.444681
0.881346
0.476300
0.439765
0.118208
0.222302
0.331665
0.585000
0.409202
0.499152
0.847840
0.998506
0.469155
0.745533
0.002506
0.834305
0.320944
0.434050
0.192917
0.419487
0.096510
0.538630
0.218308
0.613024
0.084239
0.056258
0.391908
0.663046
0.400844
0.403420
0.773879
0.841424
0.808279
0.237555
0.133030
0.772319
0.359440
0.652016
0.221266
0.474129
0.488543
0.658066
0.261540
0.493835
0.422030
0.700722
0.706588
0.663046
0.471314
0.125269
0.359440
0.363051
0.170720
0.757258
0.948989
0.936787
0.605938
0.675247
0.422234
0.380217
0.850670
0.892174
0.983612
0.876168
0.401636
0.529845
0.545625
0.469694
0.838731
0.299585
0.845286
0.266134
0.053021
0.718389
0.413519
0.508404
0.191360
0.492620
0.253899
0.865531
0.540232
0.947997
0.514686
0.463885
0.674773
0.059363
0.926758
0.466893
0.598747
0.189299
0.520435
0.080570
0.227276
0.686592
0.636238
0.746448
0.279581
0.328093
0.663521
0.144671
0.112445
0.534744
0.835517
0.703891
0.403420
0.426528
0.692841
0.944228
0.373555
0.242724
0.378878
0.350015
0.231666
0.155709
0.905185
0.514461
0.622726
0.085151
0.593217
0.015841
0.800803
0.044611
0.765604
0.585703
0.001363
0.470774
0.672880
0.071087
0.492951
0.654745
0.558546
0.491076
0.680214
0.971665
0.192802
0.668616
0.774435
0.129430
0.401636
0.611370
0.495715
0.462063
0.378401
0.642287
0.286924
0.926617
0.806471
0.727452
0.904785
0.980940
0.165095
0.378592
0.463563
0.485140
0.751126
0.462384
0.129554
0.667669
0.537143
0.404612
0.185792
0.966617
0.123589
0.506838
0.980015
0.905425
0.572957
0.377352
0.577276
0.094701
0.691192
0.789646
0.234156
0.186129
0.423663
0.966205
0.338534
0.048546
0.713256
0.278885
0.540805
0.207528
0.489424
0.677495
0.312811
0.348204
0.084523
0.426426
0.264868
0.260585
0.251962
0.707174
0.899927
0.292884
0.361567
0.478040
0.171244
0.141827
0.375166
0.566087
0.449205
0.648932
0.227870
0.481420
0.053847
0.758955
0.488873
0.598276
0.121576
0.978506
0.564345
0.535087
0.975476
0.611370
0.832888
0.125269
0.086622
0.548731
0.529049
0.016542
0.342362
0.945380
0.276805
0.931393
0.517614
0.429919
0.443319
0.292884
0.668735
0.290888
0.338179
0.929130
0.508292
0.434775
0.913547
0.140935
0.315421
0.330878
0.467969
0.753401
0.405607
0.075618
0.443109
0.889703
0.974204
0.024619
0.572374
0.853672
0.892429
0.638847
0.987832
0.081090
0.930232
0.580901
0.660557
0.537143
0.085841
0.388503
0.414931
0.217733
0.905504
0.422132
0.108551
0.881876
0.038323
0.690484
0.915522
0.946994
0.482731
0.934551
0.470126
0.422744
0.142275
0.982708
0.444891
0.222172
0.692723
0.436435
0.788663
0.281520
0.562255
0.263903
0.462920
0.816188
0.578562
0.395919
0.975476
0.823471
0.518516
0.211675
0.768632
0.378401
0.789537
0.396410
0.856459
0.779979
0.958176
0.832077
0.066253
0.486346
0.500485
0.798758
0.703187
0.510420
0.952630
0.969376
0.859794
0.292404
0.484264
0.248829
0.612433
0.081144
0.797464
0.506391
0.563416
0.103885
0.564345
0.800373
0.552074
0.628413
0.794542
0.092152
0.038641
0.346489
0.877157
0.353929
0.391128
0.236123
0.618583
0.729537
0.887812
0.774769
0.264571
0.389960
0.183170
0.416244
0.350377
0.635052
0.096222
0.710451
0.574824
0.134477
0.747476
0.240232
0.796924
0.069760
0.433325
0.127579
0.547925
0.961327
0.212300
0.654389
0.090265
0.506838
0.138505
0.261099
0.481857
0.197416
0.187992
0.849794
0.068526
0.823471
0.992703
0.233549
0.049640
0.656524
0.019102
0.454177
0.653203
0.782958
0.744045
0.727104
0.759294
0.663995
0.608653
0.775658
0.096670
0.586524
0.713724
0.811561
0.710217
0.879215
0.920656
0.460032
0.709749
0.773990
0.849988
0.335264
0.535772
0.174683
0.187426
0.954830
0.310384
0.747362
0.316097
0.832787
0.264497
0.795626
0.757824
0.643948
0.229662
0.147516
0.897372
0.908040
0.182505
0.883021
0.371665
0.562139
0.666602
0.602517
0.087969
0.250677
0.995487
0.520548
0.652135
0.218628
0.657236
0.449205
0.094796
0.627820
0.471639
0.596745
0.622253
0.800158
0.806471
0.003199
0.844299
0.118246
0.394449
0.981199
0.233346
0.817235
0.227870
0.027374
0.068526
0.013094
0.204294
0.522810
0.300562
0.594510
0.365379
0.266805
0.514686
0.911240
0.410103
0.493061
0.118629
0.964052
0.637424
0.567018
0.750784
0.536800
0.506279
0.424174
0.248404
0.673471
0.114586
0.387922
0.452693
0.590632
0.992860
0.115595
0.087704
0.592629
0.779205
0.215256
0.517727
0.770309
0.410504
0.268378
0.691545
0.682105
0.133710
0.050435
0.249184
0.295616
0.140623
0.870345
0.444157
0.588401
0.438410
0.860647
0.949510
0.372042
0.653796
0.812827
0.982892
0.662928
0.416952
0.854154
0.804018
0.254691
0.515024
0.334999
0.821608
0.966663
0.718738
0.472396
0.172930
0.052336
0.956281
0.765941
0.333680
0.563532
0.007421
0.291127
0.025633
0.434050
0.566785
0.013094
0.978959
0.821193
0.991480
0.881523
0.860268
0.511317
0.950998
0.021506
0.234968
0.675247
0.389669
0.519080
0.672169
0.088887
0.656406
0.271468
0.877247
0.521679
0.555192
0.088887
0.101117
0.319067
0.218180
0.547005
0.326879
0.905664
0.130093
0.990841
0.618465
0.858844
0.154165
0.375355
0.699430
0.077781
0.457898
0.783619
0.807854
0.207283
0.466570
0.985522
0.770309
0.619293
0.047999
0.460780
0.903017
0.679623
0.728726
0.266283
0.787022
0.022084
0.635763
0.532577
0.297636
0.369781
0.370157
0.892598
0.752264
0.808067
0.315844
0.944715
0.575757
0.460245
0.181622
0.632680
0.155564
0.768855
0.670867
0.312895
0.235579
0.060868
0.388989
0.539889
0.566785
0.058665
0.228798
0.996073
0.326793
0.841623
0.803911
0.532577
0.323171
0.837428
0.532691
0.852609
0.709515
0.945078
0.516037
0.740949
0.069832
0.631257
0.735081
0.600749
0.185568
0.835617
0.166576
0.153064
0.913852
0.581720
0.330966
0.866090
0.941073
0.499263
0.358978
0.834609
0.711620
0.799081
0.336498
0.304497
0.060049
0.212050
0.145996
0.777988
0.427246
0.570626
0.133242
0.554267
0.295213
0.552189
0.199549
0.087440
0.718506
0.284957
0.870436
0.530300
0.703539
0.169676
0.449416
0.537371
0.778098
0.741982
0.632443
0.661268
0.290489
0.445521
0.611961
0.207590
0.223994
0.203930
0.858083
0.269054
0.290012
0.697666
0.317537
0.249326
0.259412
0.765154
0.738881
0.058665
0.940444
0.587580
0.063894
0.421826
0.689777
0.888243
0.566087
0.874632
0.979028
0.757484
0.574824
0.988483
0.808173
0.602753
0.613261
0.584531
0.064227
0.423356
0.661505
0.489314
0.431362
0.513787
0.106649
0.041105
0.674892
0.302443
0.400153
0.414830
0.103305
0.241406
0.277036
0.412010
0.352105
0.277882
0.232740
0.474563
0.772319
0.902936
0.109871
0.170250
0.538172
0.149940
0.389766
0.245727
0.448361
0.759068
0.251461
0.720252
0.990279
0.339866
0.456195
0.807110
0.232875
0.652135
0.788882
0.059591
0.173459
0.812511
0.218628
0.413117
0.599218
0.003339
0.860647
0.138154
0.979880
0.289933
0.084808
0.425196
0.701309
0.500818
0.571441
0.371382
0.738881
0.686828
0.257007
0.795409
0.056593
0.024940
0.645135
0.672761
0.582071
0.291525
0.160568
0.954394
0.301379
0.630665
0.755218
0.419690
0.543902
0.209006
0.328353
0.006620
0.310133
0.268378
0.413318
0.089364
0.025576
0.305321
0.247486
0.074798
0.363144
0.152777
0.377638
0.820050
0.933351
0.462170
0.557852
0.360826
0.201400
0.067753
0.435708
0.180304
0.040186
0.029388
0.515249
0.312140
0.108586
0.257225
0.736695
0.066413
0.234630
0.560864
0.072116
0.190843
0.441749
0.395232
0.378974
0.204355
0.487115
0.059301
0.970407
0.318301
0.446677
0.842815
0.564461
0.771091
0.213428
0.383576
0.424582
0.139870
0.788117
0.655219
0.280123
0.572724
0.687064
0.141827
0.769415
0.686828
0.212425
0.959514
0.552882
0.765379
0.626280
0.643355
0.981199
0.979576
0.196474
0.586524
0.398870
0.514012
0.788335
0.755898
0.357045
0.098090
0.094261
0.612670
0.275273
0.774213
0.436850
0.391908
0.959718
0.945921
0.630072
0.065008
0.342005
0.214246
0.958331
0.624977
0.099002
0.625806
0.012509
0.898034
0.990236
0.862816
0.108303
0.964147
0.032508
0.035742
0.895458
0.751809
0.422132
0.100319
0.873270
0.785706
0.478693
0.923054
0.475323
0.855404
0.975552
0.546545
0.829633
0.240853
0.275426
0.117750
0.609716
0.774880
0.617755
0.387922
0.461421
0.310133
0.931529
0.195829
0.624147
0.734851
0.148537
0.250819
0.549422
0.605348
0.781084
0.646677
0.769415
0.500707
0.013836
0.706939
0.097539
0.438723
0.738306
0.085725
0.378210
0.559357
0.349833
0.624147
0.711387
0.635763
0.265686
0.128934
0.050972
0.388892
0.350196
0.494166
0.138549
0.149190
0.774324
0.845286
0.510195
0.078897
0.955747
0.809340
0.441226
0.452587
0.163120
0.456514
0.197004
0.468077
0.065053
0.974710
0.406404
0.462170
0.450894
0.792914
0.566901
0.087704
0.249894
0.887121
0.574123
0.555076
0.076602
0.503936
0.287714
0.943126
0.214435
0.020895
0.451529
0.166115
0.516375
0.959310
0.439140
0.394449
0.046030
0.309550
0.127784
0.243559
0.593569
0.978190
0.788335
0.214120
0.570160
0.966526
0.079568
0.474780
0.159527
0.347391
0.250036
0.751353
0.125510
0.500707
0.646203
0.120017
0.877874
0.758955
0.370722
0.501486
0.718622
0.154406
0.569578
0.472396
0.753401
0.297069
0.737731
0.080054
0.950314
0.550920
0.462170
0.944472
0.312224
0.070264
0.310885
0.570626
0.847154
0.714074
0.917550
0.953737
0.722694
0.408501
0.981711
0.220233
0.594863
0.537829
0.580667
0.154357
0.003869
0.774880
0.603932
0.483935
0.913318
0.209068
0.539087
0.724204
0.955854
0.103136
0.754877
0.333680
0.433015
0.865345
0.612315
0.221654
0.551843
0.339777
0.180249
0.942446
0.406704
0.335616
0.987235
0.133752
0.263829
0.342630
0.478149
0.352651
0.793457
0.871536
0.968325
0.034207
0.269882
0.465710
0.073084
0.059840
0.273137
0.403718
0.125510
0.606646
0.993066
0.992667
0.294650
0.340222
0.254403
0.621542
0.636593
0.306064
0.640271
0.912858
0.861969
0.546545
0.948814
0.188502
0.494387
0.322142
0.959667
0.230395
0.548041
0.268003
0.896459
0.052835
0.068549
0.241060
0.547695
0.699782
0.267478
0.275502
0.755104
0.001508
0.587932
0.491517
0.300073
0.742555
0.096670
0.697666
0.865438
0.074468
0.990656
0.829429
0.927390
0.239956
0.283157
0.516938
0.829531
0.287477
0.276192
0.393177
0.740605
0.843508
0.514686
0.846073
0.632324
0.342005
0.267478
0.855788
0.016380
0.148398
0.474455
0.987832
0.058277
0.555770
0.236395
0.184952
0.835214
0.866277
0.516149
0.795193
0.671814
0.643474
0.205388
0.934352
0.281365
0.606646
0.064650
0.494056
0.114363
0.886167
0.180194
0.302443
0.734389
0.387922
0.185064
0.561791
0.793349
0.734274
0.233549
0.070264
0.697549
0.331927
0.135895
0.110699
0.700487
0.183669
0.717690
0.384442
0.864597
0.505386
0.233751
0.455239
0.274738
0.219912
0.488873
0.124307
0.540920
0.921168
0.156388
0.653440
0.074722
0.330355
0.882933
0.794868
0.858464
0.733928
0.988052
0.883373
0.500596
0.421215
0.322656
0.612197
0.701662
0.983494
0.672643
0.216079
0.875446
0.384925
0.134991
0.986037
0.320602
0.427349
0.815979
0.606882
0.500596
0.635289
0.530641
0.631020
0.048822
0.921896
0.808704
0.524735
0.479020
0.229529
0.028338
0.200921
0.076108
0.566204
0.281365
0.505833
0.417965
0.278345
0.486786
0.656168
0.724785
0.120328
0.075850
0.061848
0.811033
0.004907
0.787898
0.430434
0.930643
0.748162
0.165298
0.764255
0.888673
0.182615
0.622134
0.420706
0.131303
0.941886
0.323000
0.956068
0.895374
0.781525
0.622253
0.832787
0.543213
0.211925
0.655931
0.642999
0.286451
0.470342
0.542754
0.173459
0.300971
0.454602
0.094953
0.437994
0.146962
0.325237
0.692605
0.590867
0.178939
0.459178
0.337382
0.507509
0.115033
0.634340
0.244956
0.952071
0.357045
0.084894
0.882581
0.776990
0.265463
0.902532
0.634577
0.804231
0.136413
0.954012
0.468077
0.429816
0.125792
0.718738
0.524848
0.103782
0.579029
0.418573
0.894620
0.497598
0.031036
0.505833
0.784498
0.077544
0.770868
0.927809
0.875175
0.067776
0.890814
0.207467
0.576341
0.866184
0.619530
0.347842
0.952351
0.971624
0.199846
0.079218
0.534288
0.610306
0.688716
0.457259
0.526436
0.359347
0.418979
0.204355
0.559705
0.382999
0.330093
0.556001
0.398673
0.912243
0.012224
0.061826
0.994873
0.769527
0.460245
0.613852
0.326274
0.927879
0.634340
0.175056
0.570742
0.005897
0.413822
0.933552
0.511990
0.038157
0.294248
0.769415
0.711036
0.581252
0.712672
0.450155
0.810187
0.929957
0.487774
0.437890
0.899763
0.816921
0.653084
0.382134
0.996941
0.525302
0.916126
0.709983
0.223537
0.408301
0.796599
0.671104
0.206792
0.119399
0.056317
0.076549
0.031036
0.525982
0.893274
0.286924
0.654270
0.553459
0.136327
0.949336
0.235104
0.478040
0.925415
0.109441
0.068314
0.808704
0.782848
0.664706
0.425094
0.128728
0.390349
0.978119
0.633510
0.518629
0.712789
0.225236
0.825225
0.043870
0.262572
0.127702
0.587110
0.689187
0.124627
0.623318
0.174310
0.088887
0.518516
0.551728
0.838130
0.842120
0.305486
0.756691
0.374881
0.493614
0.446362
0.176558
0.525302
0.623081
0.352469
0.582422
0.914765
0.720136
0.864223
0.818801
0.222172
0.587814
0.789865
0.076394
0.591336
0.459605
0.268003
0.584648
0.625213
0.539202
0.187087
0.424685
0.690602
0.135722
0.348023
0.580901
0.257661
0.012004
0.509523
0.602046
0.886341
0.695196
0.410003
0.525982
0.283782
0.798974
0.251033
0.330529
0.227937
0.415436
0.780863
0.927530
0.407402
0.126643
0.813459
0.044834
0.899681
0.670867
0.620713
0.090144
0.462277
0.106789
0.704478
0.004789
0.785706
0.771873
0.844497
0.467323
0.159477
0.122087
0.863473
0.303345
0.047256
0.926969
0.878679
0.452058
0.524508
0.743358
0.054992
0.543672
0.753401
0.017051
0.455026
0.103203
0.660912
0.733697
0.139164
0.203870
0.469155
0.405209
0.848231
0.261025
0.488543
0.556810
0.835214
0.573074
0.115295
0.495936
0.037018
0.697549
0.436850
0.008886
0.238307
0.444576
0.643474
0.670748
0.559936
0.420910
0.712906
0.090778
0.221007
0.734851
0.576458
0.560516
0.120405
0.157853
0.410003
0.328527
0.980414
0.158540
0.932342
0.617873
0.452905
0.742441
0.872724
0.523716
0.974671
0.473154
0.913394
0.569810
0.401636
0.405209
0.173884
0.547580
0.510083
0.421928
0.221460
0.683168
0.185568
0.474021
0.652016
0.147378
0.923414
0.418979
0.040680
0.858654
0.243978
0.637780
0.084723
0.491076
0.129347
0.069449
0.104329
0.001690
0.135464
0.468616
0.033070
0.655457
0.212363
0.631257
0.215066
0.113179
0.104329
0.778652
0.683759
0.820362
0.620358
0.235104
0.811878
0.619411
0.459498
0.251676
0.796924
0.303181
0.209934
0.785926
0.115670
0.403718
0.860741
0.215699
0.809869
0.864317
0.889960
0.551497
0.969808
0.248900
0.263755
0.232471
0.393275
0.817026
0.375450
0.328527
0.814720
0.412211
0.896125
0.250677
0.072116
0.802519
0.199014
0.469371
0.019656
0.279813
0.299829
0.184840
0.121302
0.081199
0.867298
0.548962
0.139605
0.500929
0.463777
0.864504
0.862345
0.211426
0.587932
0.692959
0.817862
0.921168
0.188218
0.594275
0.381750
0.741408
0.146134
0.414426
0.673235
0.423152
0.434879
0.751923
0.710451
0.136024
0.695549
0.705533
0.143853
0.216905
0.310551
0.093077
0.056337
0.158049
0.671104
0.446887
0.309133
0.492178
0.972649
0.588166
0.242030
0.993450
0.720601
0.978119
0.221654
0.031195
0.503156
0.846172
0.420096
0.596039
0.614561
0.866277
0.231733
0.032143
0.516600
0.544476
0.293365
0.112006
0.696137
0.575991
0.375450
0.368560
0.075798
0.507509
0.308717
0.270561
0.187369
0.172454
0.221978
0.354661
0.796816
0.015829
0.502599
0.900989
0.056970
0.050222
0.200742
0.406006
0.531894
0.296503
0.976415
0.640152
0.259339
0.966617
0.025209
0.973731
0.485688
0.962313
0.084894
0.173142
0.189755
0.096638
0.461207
0.164688
0.258755
0.921969
0.952071
0.765379
0.557389
0.219141
0.899188
0.080652
0.522470
0.634103
0.234427
0.560864
0.245306
0.128769
0.136327
0.566785
0.685648
0.755331
0.900581
0.871445
0.746905
0.834911
0.038406
0.250819
0.378878
0.117445
0.379834
0.832077
0.345050
0.929544
0.166935
0.387437
0.855596
0.686828
0.759972
0.391908
0.334823
0.839431
0.259486
0.535429
0.969679
0.368560
0.448467
0.514236
0.875175
0.565739
0.231465
0.584765
0.095364
0.384925
0.764143
0.837227
0.882052
0.969159
0.125430
0.523942
0.339688
0.424071
0.219398
0.228599
0.467000
0.970746
0.936003
0.213052
0.469371
0.252606
0.871536
0.548731
0.200801
0.758729
0.613497
0.975779
0.784828
0.840927
0.027770
0.173512
0.677258
0.715708
0.407302
0.585117
0.648220
0.352651
0.860741
0.869977
0.857319
0.140180
0.318132
0.894788
0.723507
0.735081
0.897289
0.826356
0.174256
0.815874
0.297393
0.149611
0.163221
0.661742
0.544017
0.830857
0.905584
0.967746
0.742441
0.035781
0.155419
0.545395
0.888931
0.528253
0.692841
0.028048
0.869240
0.077940
0.057430
0.325237
0.969679
0.759068
0.965511
0.822747
0.844101
0.541034
0.722345
0.443842
0.623437
0.668379
0.246148
0.256789
0.581486
0.203024
0.288822
0.725829
0.245797
0.290410
0.909608
0.091661
0.378210
0.967252
0.760649
0.932948
0.192108
0.389571
0.699195
0.976857
0.463348
0.083956
0.656050
0.668735
0.283782
0.241060
0.639915
0.541608
0.707408
0.181181
0.614088
0.899517
0.941449
0.191072
0.831060
0.367061
0.259559
0.263681
0.598865
0.594628
0.604168
0.572607
0.698019
0.888415
0.598865
0.179811
0.546430
0.156437
0.035703
0.420198
0.644660
0.927879
0.368560
0.804765
0.315337
0.908276
0.965511
0.958951
0.451529
0.978436
0.848916
0.813248
0.076732
0.957602
0.827075
0.981199
0.590162
0.759068
0.720136
0.277113
0.373649
0.862251
0.864504
0.423867
0.860363
0.723507
0.901071
0.442795
0.527117
0.137499
0.870804
0.961277
0.414426
0.600514
0.923126
0.421419
0.543672
0.936003
0.742441
0.082331
0.565506
0.422132
0.359163
0.679741
0.945380
0.636000
0.234494
0.049693
0.543443
0.588870
0.594275
0.204173
0.858178
0.030096
0.944167
0.757711
0.586524
0.755218
0.678441
0.680096
0.507397
0.783509
0.943494
0.369593
0.909530
0.072314
0.969506
0.086564
0.858939
0.258171
0.606174
0.743243
0.551612
0.188105
0.025519
0.355576
0.002607
0.458111
0.514574
0.316605
0.622489
0.466355
0.216143
0.734735
0.652728
0.702014
0.385117
0.933618
0.832584
0.493835
0.590162
0.883373
0.648101
0.039798
0.374217
0.342362
0.193845
0.155564
0.486566
0.695902
0.064027
0.262203
0.329397
0.522923
0.145813
0.893948
0.974477
0.965651
0.001679
0.068714
0.770086
0.933485
0.821193
0.886601
0.622489
0.956228
0.233009
0.836524
0.053320
0.633273
0.383479
0.334383
0.998332
0.482950
0.140091
0.515699
0.439244
0.136111
0.233751
0.879125
0.772765
0.660557
0.523376
0.491076
0.261687
0.821193
0.754650
0.500262
0.659489
0.848329
0.903340
0.788445
0.156729
0.643118
0.307306
0.664587
0.529845
0.550344
0.426426
0.265165
0.350015
0.081172
0.283626
0.500040
0.105535
0.116309
0.572957
0.853382
0.007767
0.536229
0.632799
0.609834
0.057651
0.888157
0.884074
0.883373
0.788554
0.600160
0.854828
0.968853
0.815350
0.268153
0.362866
0.052097
0.741179
0.183503
0.099725
0.742785
0.884773
0.558778
0.471314
0.918443
0.737961
0.501597
0.169624
0.778320
0.586758
0.882052
0.399955
0.745076
0.889361
0.650830
0.505386
0.309133
0.146317
0.346309
0.278808
0.476191
0.528821
0.001588
0.201220
0.346489
0.663995
0.444157
0.277113
0.133624
0.435916
0.223342
0.344332
0.798327
0.299992
0.748276
0.792805
0.531894
0.770980
0.524735
0.191015
0.504159
0.320346
0.558083
0.669564
0.113917
0.134050
0.722927
0.399560
0.481966
0.977583
0.642169
0.158540
0.851835
0.118246
0.771203
0.016567
0.506279
0.543787
0.225958
0.432085
0.248051
0.884074
0.927109
0.694019
0.347752
0.309383
0.274661
0.315421
0.056573
0.285822
0.903581
0.021683
0.221007
0.653203
0.782518
0.663283
0.277728
0.164080
0.854828
0.829225
0.893696
0.365566
0.595569
0.688834
0.327746
0.721648
0.579731
0.260145
0.089543
0.598394
0.232136
0.190957
0.695667
0.727104
0.045461
0.757484
0.488763
0.252033
0.049710
0.743243
0.265165
0.965651
0.656761
0.326966
0.884686
0.423969
0.531666
0.060932
0.354752
0.987734
0.616453
0.655101
0.657473
0.534174
0.337648
0.202241
0.869425
0.919184
0.581603
0.856459
0.656880
0.365472
0.807110
0.210866
0.672761
0.103373
0.501597
0.467861
0.168637
0.904705
0.983404
0.218884
0.167914
0.251747
0.081199
0.882581
0.927109
0.706705
0.456940
0.009576
0.267179
0.681632
0.640626
0.526096
0.210369
0.565623
0.629716
0.710568
0.298041
0.000359
0.159280
0.120134
0.803376
0.039272
0.751353
0.530755
0.676785
0.252033
0.807642
0.721880
0.572141
0.528708
0.282143
0.417256
0.808916
0.628768
0.611370
0.445731
0.440495
0.773656
0.226814
0.859319
0.834002
0.649762
0.758842
0.070675
0.172930
0.361381
0.386953
0.441749
0.841723
0.780090
0.760311
0.337648
0.589927
0.683050
0.489864
0.011040
0.193729
0.676075
0.142680
0.618820
0.877426
0.585586
0.829429
0.551151
0.629124
0.241545
0.884424
0.742555
0.326533
0.045834
0.175913
0.728263
0.617991
0.643237
0.021171
0.222626
0.381654
0.882581
0.621187
0.350196
0.290649
0.055554
0.296019
0.303263
0.279658
0.879304
0.003441
0.183280
0.778209
0.916952
0.327746
0.709047
0.909764
0.860173
0.010638
0.991787
0.342005
0.057953
0.206425
0.464206
0.536914
0.100684
0.805619
0.367342
0.051152
0.763805
0.373838
0.470450
0.415941
0.415537
0.054551
0.551266
0.125914
0.615389
0.106754
0.706354
0.513337
0.226024
0.490635
0.707057
0.383095
0.099692
0.693665
0.300399
0.509747
0.073009
0.961178
0.934019
0.960527
0.447308
0.426528
0.918740
0.315337
0.738996
0.549422
0.820154
0.945621
0.519758
0.085208
0.410705
0.114214
0.260805
0.282221
0.155951
0.647271
0.386566
0.292884
0.406205
0.971291
0.022983
0.829531
0.645728
0.621187
0.437162
0.741867
0.065030
0.875626
0.648576
0.556695
0.518516
0.257443
0.104638
0.773433
0.671814
0.950143
0.346039
0.000191
0.148631
0.211177
0.558083
0.023094
0.621305
0.583594
0.643830
0.121068
0.063016
0.801125
0.446782
0.152634
0.895959
0.742326
0.397786
0.499707
0.369781
0.277190
0.963526
0.330617
0.648813
0.306726
0.531666
0.025331
0.904064
0.018107
0.177259
0.414729
0.634577
0.714191
0.010547
0.319322
0.077518
0.117103
0.819530
0.395330
0.521113
0.571441
0.104261
0.166576
0.052354
0.290251
0.754423
0.691427
0.221201
0.668853
0.304003
0.329397
0.126683
0.319152
0.856937
0.526436
0.922621
0.556695
0.770309
0.578795
0.873088
0.666958
0.645728
0.841424
0.767399
0.355393
0.607472
0.810716
0.901803
0.340667
0.496379
0.221589
0.560400
0.718738
0.942198
0.607236
0.523376
0.597334
0.501819
0.034158
0.528935
0.645372
0.671222
0.488324
0.852996
0.451423
0.171034
0.727916
0.673945
0.616453
0.950657
0.941261
0.822644
0.055534
0.955155
0.076941
0.269505
0.597334
0.495826
0.425299
0.479674
0.784388
0.554614
0.847546
0.110159
0.276805
0.942693
0.190556
0.642999
0.571908
0.026785
0.969289
0.916276
0.794759
0.837929
0.263163
0.088560
0.493724
0.333856
0.156875
0.878947
0.115933
0.585938
0.608417
0.248971
0.474888
0.712088
0.778098
0.601928
0.615744
0.577977
0.862722
0.943372
0.626517
0.074316
0.600632
0.332277
0.841424
0.255992
0.199787
0.263903
0.715474
0.677968
0.239750
0.808810
0.818175
0.902775
0.636356
0.709398
0.072165
0.118514
0.800265
0.014580
0.102797
0.234021
0.339155
0.136847
0.525756
0.191475
0.254259
0.932544
0.345319
0.130634
0.454814
0.304497
0.408401
0.428787
0.783068
0.264274
0.652965
0.299422
0.536571
0.227606
0.324289
0.197298
0.360178
0.286688
0.258390
0.635289
0.718040
0.743816
0.441644
0.664943
0.769303
0.435190
0.690249
0.511653
0.936917
0.051441
0.202301
0.351923
0.600514
0.987260
0.899845
0.422642
0.192628
0.720601
0.161066
0.775547
0.320944
0.139649
0.661268
0.213931
0.386566
0.618228
0.649525
0.798866
0.645847
0.948289
0.507173
0.332277
0.116800
0.225827
0.475865
0.707759
0.668142
0.712205
0.205936
0.647271
0.988076
0.704009
0.212300
0.540576
0.793674
0.179757
0.902936
0.396705
0.894536
0.170354
0.220943
0.665654
0.194427
0.942570
0.996771
0.982462
0.339333
0.987260
0.006001
0.880016
0.049552
0.982245
0.084041
0.740719
0.780311
0.576692
0.116611
0.210306
0.175967
0.017661
0.967071
0.507844
0.197889
0.343167
0.531096
0.241822
0.888157
0.339955
0.592747
0.824194
0.518967
0.257225
0.777323
0.945801
0.349471
0.893021
0.666365
0.615744
0.443423
0.163978
0.614916
0.026914
0.672998
0.080570
0.285036
0.310133
0.662572
0.905903
0.356953
0.872724
0.006199
0.349108
0.946518
0.536114
0.454920
0.725713
0.116800
0.540003
0.173300
0.154502
0.105259
0.014974
0.061335
0.084495
0.435812
0.997361
0.634340
0.080054
0.092799
0.399758
0.875717
0.997142
0.070240
0.899681
0.532463
0.662928
0.396115
0.994023
0.113289
0.268453
0.040071
0.583828
0.536457
0.869701
0.663046
0.646677
0.119514
0.657236
0.711737
0.447729
0.073409
0.305321
0.081144
0.321457
0.637661
0.923558
0.081529
0.832381
0.228798
0.512214
0.465495
0.549883
0.972160
0.548386
0.376115
0.243978
0.068738
0.894200
0.249823
0.154406
0.156048
0.421928
0.953074
0.830551
0.542869
0.109406
0.682105
0.288030
0.538172
0.764705
0.354661
0.299259
0.224974
0.277959
0.926194
0.313231
0.977655
0.798543
0.787351
0.725713
0.784059
0.596628
0.053772
0.951169
0.068785
0.722345
0.999278
0.606882
0.145127
0.152492
0.662572
0.415436
0.769191
0.816817
0.821919
0.525189
0.775436
0.806152
0.793674
0.134734
0.903903
0.365659
0.110123
0.703891
0.263607
0.612906
0.592394
0.974477
0.578562
0.580082
0.292084
0.811244
0.424582
0.861119
0.839231
0.585938
0.234291
0.043651
0.496158
0.827280
0.800050
0.263015
0.271317
0.741638
0.415032
0.144990
0.323859
0.835214
0.871445
0.347662
0.416244
0.782407
0.542984
0.466893
0.160518
0.086622
0.677613
0.389377
0.759181
0.857701
0.783178
0.595686
0.379260
0.320175
0.884599
0.985080
0.772542
0.343167
0.266432
0.386083
0.293044
0.353381
0.741982
0.653559
0.784059
0.407402
0.242446
0.115257
0.256717
0.568763
0.151022
0.355485
0.183614
0.657473
0.641931
0.571791
0.427246
0.605584
0.952295
0.452058
0.301461
0.234765
0.542525
0.538515
0.981647
0.956494
0.613970
0.650711
0.603225
0.897952
0.156437
0.931529
0.062907
0.957077
0.563996
0.747591
0.085237
0.372987
0.077834
0.258974
0.376876
0.423050
0.193381
0.967207
0.474455
0.536000
0.129223
0.938083
0.697078
0.534972
0.444891
0.198184
0.977222
0.221654
0.315337
0.235443
0.428890
0.334032
0.709047
0.084723
0.986618
0.324548
0.188559
0.734620
0.543672
0.334207
0.023863
0.058910
0.912705
0.871994
0.230262
0.679268
0.470018
0.494719
0.030306
0.277113
0.300889
0.653559
0.781305
0.432912
0.239543
0.348656
0.565739
0.016066
0.805086
0.469694
0.387050
0.838130
0.572490
0.098252
0.743014
0.604640
0.867206
0.270485
0.712322
0.792805
0.183225
0.078550
0.188275
0.726989
0.609598
0.817026
0.318727
0.674892
0.049342
0.960978
0.478693
0.914841
0.190327
0.982462
0.203507
0.994099
0.967117
0.794325
0.209253
0.257080
0.695902
0.472937
0.848329
0.370063
0.489864
0.398377
0.524735
0.823678
0.376020
0.240577
0.667313
0.803483
0.949683
0.801661
0.296503
0.510980
0.579146
0.320175
0.890729
0.633154
0.413721
0.883548
0.286609
0.204415
0.024692
0.870620
0.173194
0.255413
0.588988
0.849404
0.500040
0.732543
0.772653
0.566669
0.369217
0.656050
0.781305
0.694372
0.586172
0.318897
0.535657
0.994676
0.547580
0.458751
0.023616
0.016498
0.231398
0.547120
0.970661
0.777323
0.660794
0.718506
0.381366
0.129471
0.628650
0.108835
0.824813
0.340667
0.473154
0.491627
0.413721
0.674182
0.010837
0.839730
0.434568
0.179702
0.519532
0.803483
0.259120
0.186467
0.047948
0.457685
0.137281
0.446257
0.849306
0.353199
0.997993
0.336145
0.092367
0.263385
0.758050
0.610070
0.115145
0.425196
0.993434
0.212238
0.316859
0.686828
0.517276
0.964668
0.767623
0.298772
0.320346
0.098578
0.356035
0.765941
0.809764
0.816188
0.144580
0.262646
0.034294
0.264422
0.362309
0.521679
0.387050
0.778984
0.556001
0.553459
0.243280
0.656050
0.631850
0.018203
0.198243
0.572141
0.902046
0.345409
0.332803
0.595451
0.934551
0.417155
0.895792
0.237076
0.525529
0.792697
0.982058
0.888071
0.156048
0.530413
0.969419
0.321799
0.684940
0.767511
0.725945
0.387825
0.295535
0.616099
0.613261
0.856076
0.553690
0.570742
0.953737
0.123073
0.452164
0.907488
0.193903
0.872815
0.734851
0.076784
0.681278
0.071993
0.931257
0.058849
0.601221
0.794000
0.458218
0.129927
0.162165
0.100950
0.508516
0.256862
0.378115
0.996096
0.601928
0.116271
0.951902
0.762567
0.108978
0.614798
0.711971
0.770421
0.429301
0.652016
0.026189
0.463348
0.044089
0.181677
0.300807
0.211426
0.605702
0.478584
0.850864
0.115782
0.476735
0.842219
0.631850
0.046293
0.528367
0.477387
0.113954
0.211488
0.008341
0.385986
0.387825
0.015710
0.143130
0.330442
0.119862
0.426426
0.874903
0.613142
0.521226
0.145264
0.597687
0.767847
0.165911
0.918740
0.116687
0.204962
0.609716
0.254115
0.232606
0.446151
0.195712
0.972242
0.298447
0.317707
0.378878
0.055456
0.797895
0.044484
0.098090
0.720485
0.532349
0.799081
0.289297
0.425094
0.702953
0.827793
0.610306
0.100917
0.425401
0.519080
0.579848
0.835819
0.764592
0.036002
0.846073
0.041164
0.096895
0.723972
0.695784
0.680450
0.318897
0.787679
0.372420
0.413922
0.069784
0.172033
0.563184
0.309800
0.959002
0.203628
0.815455
0.625569
0.656999
0.098285
0.863661
0.842219
0.768408
0.597334
0.321029
0.809552
0.253036
0.264645
0.496379
0.182948
0.740145
0.482076
0.328875
0.428890
0.025747
0.939874
0.439557
0.384925
0.951395
0.845877
0.748618
0.915900
0.240025
0.621542
0.322570
0.103339
0.077570
0.682578
0.168949
0.809128
0.055612
0.954340
0.176504
0.272150
0.091173
0.391615
0.833091
0.862534
0.308468
0.436123
0.236327
0.599925
0.474671
0.739686
0.179702
0.606764
0.588636
0.573773
0.975892
0.830958
0.907093
0.724901
0.711504
0.832483
0.001609
0.375925
0.647982
0.276345
0.283939
0.108978
0.870528
0.721880
0.330268
0.510644
0.717224
0.266357
0.826356
0.268753
0.955209
0.339510
0.888243
0.643830
0.178124
0.979508
0.805192
0.686946
0.768408
0.411407
0.195536
0.183836
0.170511
0.440809
0.967162
0.466032
0.061698
0.059945
0.921823
0.905903
0.261099
0.537028
0.812511
0.785157
0.559357
0.610897
0.141559
0.125792
0.801769
0.959310
0.316182
0.650830
0.504940
0.919627
0.346669
0.543787
0.588284
0.001172
0.585469
0.054608
0.358794
0.845384
0.031550
0.254835
0.863473
0.738651
0.725713
0.623555
0.192051
0.895625
0.821297
0.109084
0.729421
0.291206
0.764143
0.534402
0.345409
0.003616
0.851155
0.387437
0.374217
0.341737
0.791064
0.434464
0.415941
0.816293
0.530413
0.343525
0.625332
0.995860
0.968501
0.295616
0.096831
0.173142
0.575407
0.891240
0.999021
0.788773
0.237965
0.674773
0.893021
0.686946
0.224124
0.803269
0.432705
0.555770
0.247133
0.561211
0.795518
0.635289
0.580316
0.399856
0.621424
0.959820
0.042406
0.970279
0.810822
0.537486
0.426118
0.650711
0.082276
0.817130
0.543558
0.732196
0.219333
0.074595
0.798758
0.326274
0.459925
0.217542
0.430537
0.891580
0.403917
0.629124
0.990615
0.665061
0.335792
0.296503
0.996941
0.845975
0.298690
0.814720
0.520209
0.368936
0.992144
0.054037
0.698489
0.513787
0.582774
0.280355
0.493945
0.742097
0.098415
0.720485
0.661505
0.748162
0.606056
0.345949
0.583476
0.935015
0.141693
0.710568
0.324720
0.674773
0.245727
0.158639
0.913088
0.143853
0.227672
0.566901
0.546430
0.087206
0.321970
0.903742
0.543213
0.684703
0.224124
0.349743
0.109334
0.751809
0.604286
0.633273
0.733697
0.453011
0.172507
0.860173
0.103271
0.633866
0.500707
0.512439
0.161615
0.736810
0.639084
0.975817
0.931936
0.746562
0.475757
0.236872
0.731156
0.429096
0.795951
0.942446
0.955317
0.258244
0.883548
0.431982
0.255341
0.531552
0.449838
0.997552
0.200025
0.518742
0.174896
0.883723
0.490304
0.810610
0.082359
0.843013
0.454071
0.322056
0.631732
0.674892
0.604876
0.585586
0.540347
0.813669
0.472504
0.951677
0.581135
0.867947
0.084410
0.830857
0.363981
0.776546
0.153446
0.113400
0.453011
0.638847
0.201160
0.856746
0.905185
0.804231
0.844990
0.890985
0.625687
0.516262
0.641813
0.480547
0.609716
0.684703
0.853479
0.400251
0.007914
0.691427
0.482185
0.000019
0.137630
0.995160
0.136803
0.322828
0.961575
0.775880
0.326274
0.480438
0.810822
0.409001
0.122362
0.643592
0.339599
0.326879
0.674537
0.157461
0.591571
0.427451
0.808597
0.289456
0.456195
0.849013
0.461849
0.742211
0.519306
0.909373
0.410905
0.532577
0.785926
0.306147
0.504159
0.346669
0.392005
0.359070
0.477714
0.139428
0.221524
0.595686
0.240991
0.136587
0.310634
0.940254
0.832483
0.125269
0.585351
0.647626
0.347301
0.225171
0.746105
0.073409
0.329049
0.433118
0.008927
0.130135
0.423356
0.373082
0.256137
0.933685
0.221718
0.471639
0.818592
0.970449
0.510980
0.529162
0.982800
0.136413
0.933418
0.671577
0.853479
0.821297
0.883021
0.565390
0.700370
0.610779
0.052024
0.048084
0.511990
0.105709
0.440182
0.103612
0.998427
0.511878
0.582774
0.582891
0.246711
0.944289
0.521679
0.945681
0.659726
0.082693
0.981295
0.169780
0.249184
0.352287
0.202060
0.488653
0.772988
0.290649
0.004295
0.773211
0.149471
0.344691
0.442063
0.323773
0.143989
0.648694
0.192512
0.697902
0.975703
0.311721
0.477496
0.145081
0.681278
0.927949
0.751581
0.496822
0.914765
0.448783
0.023616
0.708228
0.272529
0.801017
0.678795
0.153064
0.680687
0.444891
0.012181
0.794542
0.644542
0.692016
0.719321
0.376876
0.147748
0.377638
0.052318
0.117521
0.305239
0.514911
0.268228
0.807110
0.182615
0.671577
0.011794
0.184226
0.756465
0.492841
0.050471
0.480656
0.378592
0.113843
0.903420
0.074977
0.135464
0.210928
0.134349
0.214498
0.595569
0.364167
0.968236
0.685766
0.853093
0.942570
0.459498
0.556579
0.247627
0.658422
0.119669
0.683523
0.599807
0.068738
0.209810
0.076290
0.822126
0.528480
0.868502
0.149565
0.019124
0.537143
0.378974
0.130259
0.765379
0.095016
0.097733
0.547580
0.591689
0.381942
0.698607
0.119630
0.459498
0.515924
0.087616
0.670038
0.376401
0.888415
0.749417
0.689070
0.511204
0.836624
0.439974
0.829939
0.039301
0.517501
0.070820
0.339244
0.894620
0.762904
0.680923
0.182008
0.164232
0.741179
0.106126
0.523376
0.561443
0.672524
0.893021
0.743472
0.011794
0.051278
0.826664
0.527799
0.406604
0.355760
0.723507
0.448783
0.044802
0.274738
0.567018
0.087704
0.571325
0.692134
0.949740
0.795518
0.292084
0.279194
0.673116
0.908590
0.202181
0.258463
0.139076
0.575174
0.778984
0.617873
0.821608
0.435708
0.176827
0.129058
0.082749
0.797032
0.367529
0.877605
0.201280
0.497266
0.846368
0.052428
0.819842
0.647152
0.610425
0.892005
0.545280
0.251104
0.747819
0.211115
0.180030
0.608181
0.388989
0.697314
0.814405
0.831060
0.220943
0.003335
0.138944
0.067172
0.420300
0.629953
0.815245
0.885993
0.376781
0.739915
0.500818
0.038392
0.314831
0.503713
0.121655
0.181787
0.593099
0.182450
0.023484
0.738651
0.776102
0.748390
0.353564
0.657710
0.424889
0.252534
0.263533
0.820050
0.237145
0.400844
0.022158
0.008227
0.876528
0.013636
0.656050
0.274814
0.024673
0.782958
0.000433
0.129140
0.740949
0.346219
0.181842
0.095872
0.585469
0.761326
0.016801
0.006054
0.276422
0.391031
0.537600
0.696255
0.879393
0.987610
0.028213
0.148073
0.331053
0.984996
0.011100
0.497044
0.050954
0.420910
0.796491
0.463027
0.761665
0.628650
0.307886
0.897206
0.125349
0.354844
0.481420
0.596628
0.412613
0.534288
0.359717
0.935937
0.291206
0.980048
0.246711
0.828100
0.742441
0.496158
0.876618
0.044027
0.652135
0.203991
0.742899
0.246711
0.700252
0.982152
0.887034
0.756351
0.303756
0.406604
0.277113
0.776879
0.353564
0.981037
0.011015
0.976004
0.619293
0.095459
0.477387
0.883021
0.881523
0.996096
0.456089
0.439140
0.610070
0.519080
0.777212
0.079460
0.150174
0.091753
0.415840
0.924418
0.330966
0.890899
0.397196
0.701896
0.630190
0.132017
0.587345
0.401834
0.093917
0.898117
0.031355
0.485030
0.694843
0.369593
0.543443
0.696726
0.870528
0.213491
0.404413
0.418878
0.403122
0.694136
0.757711
0.047745
0.219654
0.280588
0.314493
0.001068
0.411709
0.935345
0.157804
0.762792
0.621187
0.155129
0.686828
0.205632
0.237555
0.682105
0.336322
0.044027
0.129430
0.080326
0.397393
0.042634
0.655694
0.701662
0.812722
0.432292
0.247627
0.449205
0.139428
0.151164
0.938534
0.776879
0.360918
0.924060
0.140535
0.597805
0.224974
0.058460
0.897289
0.279813
0.390641
0.165911
0.443738
0.981199
0.483388
0.507509
0.274203
0.079541
0.591689
0.897289
0.198955
0.889017
0.846663
0.713023
0.691663
0.898859
0.434153
0.340133
0.866370
0.944289
0.350922
0.709632
0.538172
0.553228
0.885819
0.897206
0.253755
0.439974
0.389960
0.384346
0.729305
0.581720
0.240646
0.154357
0.591689
0.804445
0.340222
0.312476
0.673590
0.819113
0.497487
0.140446
0.135895
0.110555
0.283001
0.150833
0.981199
0.694607
0.341202
0.516938
0.002591
0.711036
0.581369
0.147980
0.708813
0.986618
0.509747
0.240025
0.005493
0.829021
0.703422
0.818592
0.494056
0.295858
0.762567
0.548501
0.360918
0.883811
0.784498
0.659726
0.790192
0.645372
0.724553
0.856650
0.331053
0.759181
0.098643
0.127702
0.073962
0.297474
0.562835
0.581135
0.777101
0.632680
0.349289
0.278576
0.525415
0.349743
0.316774
0.271544
0.700135
0.800588
0.852996
0.570626
0.718156
0.280821
0.668379
0.704947
0.690720
0.002860
0.272529
0.686946
0.774435
0.381366
0.454071
0.721764
0.287872
0.313568
0.407502
0.952686
0.474671
0.341648
0.741867
0.403817
0.679623
0.434257
0.808597
0.988997
0.876708
0.108196
0.254547
0.730115
0.694725
0.893274
0.809234
0.924275
0.855596
0.439035
0.459498
0.238993
0.632917
0.524282
0.105155
0.664587
0.617281
0.210493
0.078231
0.611133
0.376020
0.568530
0.695078
0.044152
0.834811
0.002362
0.156486
0.955370
0.881611
0.794542
0.060594
0.293365
0.218500
0.906618
0.525302
0.981102
0.528708
0.712439
0.729768
0.322656
0.601692
0.412714
0.306230
0.077518
0.189641
0.240370
0.682814
0.726409
0.364167
0.260952
0.412513
0.998338
0.909842
0.294167
0.323429
0.198066
0.279426
0.797464
0.079218
0.523716
0.564925
0.341112
0.859604
0.985550
0.809975
0.372042
0.877067
0.344511
0.167965
0.494387
0.440287
0.571325
0.699312
0.712205
0.712205
0.392786
0.796383
0.554267
0.928991
0.316436
0.791064
0.372420
0.878053
0.552535
0.203809
0.067729
0.554267
0.512888
0.302525
0.797788
0.097023
0.135593
0.637424
0.098741
0.677140
0.708579
0.695078
0.592041
0.174256
0.810504
0.243211
0.032190
0.630902
0.604404
0.198955
0.634577
0.175163
0.340845
0.599689
0.157217
0.762116
0.402627
0.499707
0.399462
0.904465
0.012801
0.379834
0.571674
0.635645
0.551151
0.126440
0.784608
0.872633
0.793023
0.109370
0.939747
0.480110
0.405707
0.284957
0.927949
0.529049
0.648220
0.568414
0.863004
0.548041
0.776657
0.037856
0.178721
0.154021
0.199668
0.888931
0.802733
0.896874
0.367623
0.910309
0.911935
0.275885
0.825328
0.032603
0.260145
0.334911
0.032878
0.634103
0.512327
0.231130
0.077255
0.501819
0.824916
0.903984
0.812089
0.596039
0.675365
0.415840
0.461207
0.729768
0.105813
0.669327
0.514012
0.866834
0.708579
0.494719
0.209625
0.153542
0.168897
0.870528
0.422540
0.284408
0.046507
0.623081
0.107209
0.454602
0.066299
0.203991
0.309133
0.827793
0.502487
0.170668
0.770421
0.204112
0.709515
0.877336
0.094324
0.990087
0.544247
0.939238
0.101384
0.424174
0.194485
0.891665
0.641101
0.671577
0.512327
0.493061
0.885384
0.669919
0.979678
0.884161
0.400548
0.305982
0.340756
0.795084
0.897206
0.018697
0.481202
0.269505
0.726641
0.760875
0.045235
0.435293
0.686946
0.124987
0.065233
0.937112
0.672880
0.692252
0.683759
0.808385
0.547005
0.040958
0.155080
0.335881
0.450049
0.150975
0.199133
0.674063
0.806684
0.807110
0.446993
0.780311
0.180632
0.528026
0.861403
0.348385
0.409502
0.494719
0.758729
0.998115
0.871262
0.602871
0.578912
0.853768
0.726525
0.446993
0.811033
0.701309
0.357965
0.215509
0.758729
0.714541
0.797140
0.135895
0.182782
0.991730
0.726873
0.441331
0.566901
0.505609
0.076888
0.436227
0.668498
0.534174
0.464206
0.946875
0.493835
0.407802
0.659015
0.836926
0.446572
0.592159
0.339510
0.197239
0.916351
0.211925
0.759633
0.395919
0.822540
0.864317
0.041401
0.630665
0.659608
0.440704
0.425094
0.795842
0.467108
0.122323
0.131975
0.261319
0.007625
0.550344
0.638491
0.513562
0.002037
0.052354
0.394057
0.982616
0.190556
0.116990
0.305074
0.770868
0.152968
0.238650
0.612079
0.220105
0.558315
0.063740
0.643474
0.395723
0.409502
0.071282
0.139472
0.275962
0.586407
0.559821
0.920216
0.277113
0.631139
0.304250
0.836121
0.574707
0.188616
0.973173
0.765491
0.637898
0.923486
0.890473
0.654508
0.075003
0.717806
0.727800
0.281598
0.278576
0.147147
0.729884
0.902775
0.072760
0.852028
0.174469
0.769527
0.336322
0.249184
0.678914
0.770980
0.032998
0.272074
0.381846
0.419487
0.193323
0.746105
0.898447
0.812089
0.744274
0.165400
0.681278
0.760537
0.953130
0.609952
0.796708
0.057269
0.413620
0.303181
0.776657
0.755558
0.550690
0.944289
0.148910
0.212550
0.384346
0.843706
0.995371
0.344601
0.653559
0.427144
0.038907
0.835214
0.778984
0.974007
0.260291
0.880282
0.719670
0.892259
0.303017
0.295858
0.071282
0.468616
0.415234
0.645135
0.633154
0.327486
0.423765
0.761326
0.118476
0.020942
0.750328
0.449416
0.134392
0.531096
0.515586
0.532805
0.460886
0.994007
0.629716
0.844793
0.666365
0.568530
0.144352
0.457792
0.393177
0.499152
0.990923
0.654982
0.841126
0.828816
0.469802
0.053942
0.480765
0.307637
0.193787
0.630902
0.710334
0.041401
0.499485
0.903984
0.318982
0.812405
0.658303
0.966617
0.212050
0.955532
0.247980
0.686356
0.582540
0.864410
0.235919
0.098122
0.510756
0.880193
0.031172
0.537714
0.611252
0.473479
0.076342
0.268003
0.810081
0.847938
0.049957
0.100452
0.854635
0.031539
0.349108
0.985357
0.147285
0.382999
0.286058
0.242168
0.058460
0.295858
0.092860
0.842715
0.862440
0.653559
0.939937
0.986382
0.523376
0.262424
0.957654
0.673945
0.223016
0.831569
0.379452
0.921459
0.839031
0.523263
0.948873
0.366500
0.251461
0.434879
0.568530
0.455983
0.943126
0.778098
0.860457
0.958745
0.764592
0.667076
0.914841
0.925415
0.076602
0.191130
0.274051
0.366033
0.728842
0.405309
0.351377
0.752150
0.579731
0.468939
0.334911
0.674300
0.144262
0.726873
0.037475
0.101084
0.951846
0.106929
0.738536
0.926547
0.902856
0.110483
0.390252
0.679268
0.740834
0.796491
0.680096
0.334999
0.365099
0.937437
0.860836
0.929406
0.884861
0.068667
0.130593
0.266507
0.823575
0.061207
0.175967
0.317622
0.277728
0.756238
0.278191
0.559357
0.092860
0.626754
0.896459
0.875626
0.333768
0.810504
0.884249
0.814090
0.394155
0.703539
0.875717
0.529503
0.675365
0.430950
0.307720
0.268003
0.242724
0.572607
0.076134
0.412613
0.801876
0.551612
0.304497
0.371948
0.713373
0.430640
0.580433
0.261172
0.545740
0.621542
0.039329
0.560284
0.379165
0.243978
0.277267
0.363144
0.598982
0.326274
0.475431
0.295535
0.879749
0.858464
0.132523
0.117179
0.558083
0.090930
0.861403
0.228135
0.231130
0.705768
0.025900
0.094670
0.869701
0.858178
0.256354
0.067497
0.908982
0.344601
0.665299
0.458751
0.230729
0.807216
0.063564
0.413419
0.119630
0.647033
0.401042
0.969765
0.032437
0.150409
0.992877
0.004082
0.841325
0.559357
0.682459
0.063674
0.907330
0.480874
0.951169
0.637661
0.953627
0.926828
0.406903
0.489093
0.476735
0.266059
0.269656
0.967477
0.292084
0.432085
0.019708
0.208143
0.807854
0.961476
0.995410
0.560516
0.095586
0.389571
0.545855
0.473046
0.857987
0.507732
0.224909
0.422540
0.745076
0.648457
0.881523
0.177475
0.007185
0.074290
0.866741
0.692370
0.360271
0.986382
0.656168
0.478367
0.186185
0.657117
0.673827
0.468508
0.099923
0.353929
0.667195
0.042710
0.954066
0.663165
0.997811
0.215572
0.940507
0.672880
0.595216
0.022710
0.503936
0.874541
0.022991
0.345140
0.898777
0.375735
0.251604
0.996811
0.517389
0.698607
0.856746
0.607472
0.823471
0.673945
0.909608
0.707408
0.682459
0.705181
0.670038
0.594157
0.963574
0.592276
0.083449
0.837528
0.617991
0.707408
0.046905
0.376591
0.327139
0.114697
0.449733
0.853865
0.406105
0.318301
0.620240
0.599218
0.481092
0.397688
0.919922
0.905425
0.903179
0.443633
0.350559
0.898199
0.381558
0.462063
0.913165
0.377352
0.309217
0.619885
0.389474
0.031138
0.692841
0.548386
0.882229
0.351104
0.859794
0.879393
0.513787
0.563300
0.679859
0.245727
0.633984
0.675365
0.348746
0.411207
0.550459
0.989293
0.185792
0.065458
0.055944
0.850670
0.301297
0.016910
0.736925
0.571908
0.313483
0.868317
0.793240
0.712906
0.535543
0.013964
0.887380
0.265761
0.242377
0.514461
0.727568
0.560168
0.744503
0.713607
0.593217
0.325065
0.773879
0.771203
0.843112
0.466462
0.479020
0.615862
0.466140
0.472721
0.155225
0.954503
0.114288
0.356218
0.261982
0.304414
0.233751
0.032687
0.921750
0.201400
0.167759
0.950998
0.148864
0.464314
0.657473
0.381654
0.012509
0.864036
0.441853
0.327919
0.209130
0.915975
0.165809
0.288267
0.258536
0.504605
0.827280
0.075592
0.246218
0.485798
0.402131
0.830347
0.382614
0.563648
0.445941
0.443319
0.145264
0.133242
0.411608
0.866834
0.628650
0.709398
0.362401
0.516037
0.255196
0.016903
0.063498
0.709983
0.925486
0.029420
0.855404
0.316605
0.001999
0.427759
0.030619
0.831670
0.834204
0.877336
0.523716
0.498819
0.753173
0.445731
0.210182
0.104879
0.593217
0.112848
0.032722
0.918221
0.293044
0.642406
0.297636
0.287635
0.704947
0.264942
0.429713
0.270787
0.764592
0.636000
0.133200
0.114029
0.153733
0.455132
0.548962
0.177908
0.091508
0.395232
0.634222
0.969202
0.537143
0.590867
0.750898
0.114996
0.139958
0.189128
0.821919
0.427349
0.254980
0.335352
0.137325
0.789428
0.801339
0.015326
0.021084
0.129637
0.665536
0.403718
0.769974
0.711737
0.227408
0.381654
0.800158
0.062690
0.247909
0.551382
0.194485
0.452799
0.715474
0.224778
0.034494
0.638254
0.161315
0.003902
0.434671
0.433015
0.824194
0.673945
0.239268
0.369875
0.826254
0.004213
0.636356
0.294489
0.486566
0.727104
0.363423
0.144580
0.398968
0.104879
0.682105
0.804018
0.407702
0.677376
0.535772
0.687772
0.344152
0.669209
0.895290
0.527571
0.761214
0.302689
0.552535
0.966571
0.834305
0.809658
0.665061
0.277190
0.462598
0.305156
0.763355
0.078125
0.630783
0.708579
0.550459
0.215446
0.504047
0.750328
0.064672
0.344691
0.652847
0.097152
0.721997
0.088560
0.697078
0.019153
0.567948
0.772096
0.382422
0.151353
0.540118
0.460459
0.114735
0.063388
0.509971
0.293205
0.068244
0.088679
0.778984
0.054131
0.017377
0.417762
0.757937
0.092398
0.094796
0.532919
0.255847
0.948989
0.766165
0.013689
0.064851
0.626043
0.367435
0.739226
0.295052
0.609243
0.966159
0.079622
0.018796
0.385310
0.968457
0.051896
0.272757
0.742555
0.682105
0.934684
0.820258
0.737846
0.583242
0.130093
0.649762
0.059467
0.796924
0.154021
0.077150
0.644067
0.313315
0.284173
0.096798
0.366313
0.381270
0.513674
0.520548
0.273518
0.956654
0.778652
0.678914
0.295052
0.832381
0.632087
0.537143
0.645253
0.677495
0.979132
0.632443
0.148864
0.501263
0.085725
0.382614
0.733928
0.277267
0.116687
0.496712
0.332453
0.344511
0.570975
0.952127
0.545280
0.489534
0.604994
0.693077
0.469910
0.486566
0.807960
0.153111
0.467538
0.037774
0.205083
0.264200
0.492399
0.547925
0.645609
0.114660
0.834305
0.292964
0.320687
0.406404
0.950372
0.483169
0.796708
0.003607
0.538858
0.406205
0.540232
0.114029
0.930437
0.328614
0.742555
0.204415
0.952462
0.426733
0.711036
0.450049
0.001637
0.650118
0.577743
0.113622
0.075028
0.202963
0.188445
0.737731
0.099002
0.494719
0.460780
0.387147
0.818488
0.156000
0.650118
0.698725
0.710334
0.274738
0.937502
0.120056
0.606764
0.319834
0.947938
0.554729
0.769862
0.831365
0.116990
0.837528
0.155129
0.408001
0.083730
0.485140
0.099133
0.242933
0.367435
0.992345
0.914005
0.666958
0.457579
0.200981
0.900336
0.684940
0.976784
0.647626
0.293766
0.905664
0.219141
0.769527
0.047559
0.364167
0.055263
0.984600
0.218564
0.730809
0.608181
0.325928
0.799620
0.311638
0.504382
0.396312
0.280123
0.757711
0.601692
0.318727
0.389086
0.374407
0.446887
0.285586
0.842616
0.204415
0.408801
0.317113
0.702953
0.160319
0.288030
0.002975
0.087264
0.948114
0.021426
0.452905
0.365379
0.937047
0.560516
0.093356
0.382806
0.555538
0.072264
0.434775
0.953847
0.258390
0.989805
0.590749
0.955209
0.056003
0.819946
0.594981
0.138856
0.743014
0.940381
0.411809
0.284722
0.305816
0.790083
0.897869
0.087939
0.677849
0.788554
0.603461
0.045348
0.625569
0.552997
0.377067
0.295213
0.811350
0.723856
0.812616
0.495604
0.154550
0.117217
0.814720
0.804124
0.935345
0.165044
0.597334
0.201580
0.183392
0.137456
0.363888
0.684231
0.147655
0.412211
0.802841
0.602400
0.177313
0.935740
0.446782
0.102358
0.355851
0.215319
0.553690
0.332015
0.348837
0.842616
0.903742
0.194660
0.252320
0.198836
0.470774
0.679032
0.562139
0.088501
0.451317
0.741982
0.521792
0.889017
0.895875
0.736464
0.387147
0.163120
0.812511
0.553112
0.212300
0.547235
0.286530
0.454283
0.672761
0.514349
0.888931
0.880193
0.105778
0.736925
0.011092
0.487664
0.683995
0.658422
0.356861
0.495162
0.423969
0.992236
0.971291
0.041179
0.467323
0.447835
0.966251
0.509411
0.976154
0.418066
0.999017
0.838230
0.096863
0.790955
0.171402
0.726757
0.907093
0.772988
0.934551
0.378115
0.832584
0.056871
0.300644
0.918814
0.770756
0.565739
0.296827
0.803911
0.020354
0.014872
0.516487
0.651542
0.464850
0.064583
0.853672
0.831365
0.760762
0.548156
0.261540
0.609834
0.903742
0.318216
0.615271
0.319493
0.081750
0.561675
0.976266
0.782628
0.609598
0.464421
0.762679
0.576225
0.624621
0.337205
0.586641
0.657592
0.055398
0.994296
0.247204
0.868502
0.204840
0.016170
0.657948
0.707759
0.317877
0.823781
0.517839
0.283469
0.668735
0.246359
0.367155
0.013245
0.998402
0.954667
0.844497
0.501152
0.585586
0.543787
0.453753
0.610070
0.669445
0.387244
0.282688
0.426631
0.545051
0.692723
0.550459
0.893611
0.915900
0.027597
0.615389
0.326360
0.792805
0.372325
0.772765
0.086826
0.129513
0.898117
0.638135
0.847056
0.496933
0.401834
0.017601
0.178776
0.454708
0.959870
0.938469
0.904545
0.075824
0.816607
0.722345
0.265314
0.552997
0.609834
0.496047
0.667076
0.980678
0.491737
0.974903
0.521339
0.719321
0.400449
0.317877
0.735658
0.978012
0.189527
0.901071
0.038185
0.910542
0.095999
0.150598
0.537371
0.950429
0.783398
0.642169
0.324203
0.591336
0.217606
0.750556
0.467000
0.530072
0.923270
0.754991
0.221395
0.573540
0.893780
0.468400
0.145309
0.388503
0.817757
0.754310
0.815140
0.607472
0.479565
0.982983
0.272909
0.315590
0.411307
0.439035
0.456833
0.707642
0.831162
0.205692
0.432705
0.095143
0.464206
0.914614
0.194835
0.647626
0.774880
0.010998
0.557042
0.015926
0.741982
0.744847
0.108871
0.044011
0.559589
0.262056
0.811772
0.770198
0.314325
0.886514
0.192339
0.800588
0.798650
0.745190
0.438723
0.496047
0.964857
0.047156
0.183447
0.050311
0.589340
0.656880
0.629835
0.374217
0.951452
0.554267
0.975324
0.051242
0.884773
0.452058
0.232337
0.820570
0.692841
0.784938
0.047643
0.984457
0.056672
0.744274
0.367810
0.600867
0.144899
0.984342
0.143085
0.456514
0.198480
0.055418
0.073609
0.573540
0.287082
0.189698
0.670393
0.561327
0.516487
0.412915
0.920142
0.680687
0.047223
0.048995
0.616690
0.608417
0.234562
0.472180
0.408101
0.118706
0.441435
0.842715
0.074824
0.959718
0.991084
0.337029
0.599100
0.270712
0.708228
0.777877
0.319237
0.763355
0.474780
0.358149
0.424378
0.035910
0.583828
0.602400
0.286294
0.365379
0.512214
0.626161
0.932612
0.056297
0.438723
0.219013
0.539316
0.453647
0.717806
0.197004
0.538172
0.116573
0.037045
0.196298
0.009572
0.338711
0.725945
0.798435
0.107104
0.632799
0.641931
0.595216
0.865718
0.086593
0.998656
0.708462
0.246781
0.960225
0.568879
0.007185
0.140579
0.306395
0.956918
0.612552
0.304250
0.208513
0.624740
0.095143
0.406404
0.168534
0.162316
0.966297
0.386953
0.786584
0.686946
0.832888
0.964810
0.845975
0.484154
0.808491
0.887121
0.758163
0.593805
0.495826
0.852416
0.692252
0.730462
0.869425
0.818488
0.906459
0.904305
0.932342
0.420096
0.043356
0.604994
0.766277
0.909998
0.285979
0.316774
0.259778
0.133880
0.128893
0.636119
0.752946
0.148444
0.854539
0.508292
0.618820
0.524169
0.216143
0.572490
0.910309
0.904465
0.008426
0.621542
0.090446
0.564577
0.169937
0.930163
0.823781
0.231532
0.541952
0.626280
0.159724
0.935477
0.337914
0.235307
0.954285
0.903340
0.174097
0.456302
0.206976
0.140579
0.218884
0.863473
0.954176
0.434257
0.452905
0.892090
0.161965
0.235240
0.563068
0.072735
0.286688
0.518855
0.634814
0.222367
0.575524
0.470234
0.020732
0.336234
0.945139
0.070409
0.513674
0.868779
0.619293
0.205510
0.832178
0.153781
0.521339
0.466893
0.558199
0.120873
0.651779
0.865065
0.003941
0.780974
0.480656
0.358149
0.775880
0.986670
0.760537
0.486895
0.780974
0.907961
0.002253
0.069378
0.490965
0.362494
0.122008
0.382614
0.799081
0.524169
0.099101
0.083112
0.730462
0.376496
0.361567
0.129058
0.663046
0.031573
0.726757
0.665891
0.460245
0.316520
0.490745
0.263311
0.114996
0.004269
0.941886
0.862251
0.758955
0.348023
0.025709
0.883285
0.434982
0.112664
0.449099
0.690366
0.050346
0.192339
0.209192
0.143130
0.222042
0.498819
0.461849
0.475323
0.873906
0.302689
0.434153
0.201640
0.440809
0.600867
0.011448
0.050721
0.262203
0.796924
0.857987
0.209253
0.311219
0.527344
0.039414
0.915220
0.472721
0.179484
0.709515
0.152159
0.411709
0.816084
0.820778
0.249397
0.890814
0.612315
0.035253
0.439661
0.916502
0.776990
0.084609
0.485250
0.051080
0.599100
0.109549
0.339155
0.026218
0.576108
0.046014
0.551958
0.099101
0.375166
0.007143
0.197475
0.300236
0.239062
0.765828
0.398968
0.569578
0.369311
0.896375
0.308385
0.783288
0.759294
0.144762
0.759294
0.098708
0.818279
0.291605
0.905982
0.132946
0.344960
0.021619
0.658303
0.737731
0.126886
0.514012
0.171927
0.861214
0.586641
0.783288
0.911704
0.988742
0.559589
0.494609
0.186974
0.951790
0.579965
0.888329
0.909686
0.634814
0.849891
0.849891
0.005072
0.747134
0.757597
0.198480
0.395625
0.715941
0.267179
0.416851
0.576108
0.309217
0.037597
0.014855
0.278731
0.493282
0.254619
0.851350
0.069497
0.678322
0.014430
0.515586
0.137064
0.317792
0.903903
0.491737
0.057150
0.467861
0.911549
0.444472
0.167707
0.357781
0.551958
0.824607
0.078364
0.174950
0.133242
0.486566
0.665061
0.638610
0.030174
0.187822
0.481092
0.501374
0.666010
0.467215
0.873179
0.891835
0.902694
0.918072
0.328353
0.369217
0.095999
0.171769
0.908512
0.852899
0.044516
0.830245
0.304579
0.492841
0.806578
0.127416
0.694961
0.777655
0.515024
0.315928
0.244886
0.370346
0.521113
0.828918
0.906141
0.157657
0.088028
0.434257
0.938019
0.842914
0.034657
0.906697
0.166064
0.017735
0.371005
0.157217
0.149190
0.399856
0.363981
0.155032
0.353381
0.264497
0.355027
0.062278
0.341202
0.473046
0.618583
0.953517
0.860741
0.243629
0.998457
0.555307
0.073258
0.089304
0.523942
0.137064
0.277036
0.465925
0.054207
0.011912
0.901233
0.824607
0.817130
0.679623
0.002110
0.728726
0.238444
0.798758
0.493614
0.391908
0.333417
0.930437
0.478040
0.342809
0.995436
0.201160
0.731040
0.121694
0.728031
0.023484
0.524962
0.057130
0.816607
0.181291
0.393763
0.804231
0.902208
0.518629
0.351013
0.722694
0.496379
0.941199
0.625095
0.484921
0.436954
0.792153
0.760875
0.309466
0.287872
0.846368
0.429713
0.299585
0.142995
0.461100
0.468185
0.657592
0.004007
0.536571
0.620713
0.344242
0.629716
0.992525
0.603225
0.973213
0.174097
0.500929
0.656880
0.569810
0.895708
0.327312
0.821712
0.573773
0.669327
0.242724
0.137325
0.416649
0.563416
0.987857
0.264571
0.842517
0.778984
0.543099
0.790737
0.746334
0.901233
0.660319
0.723275
0.342451
0.896459
0.241060
0.914157
0.783839
0.516487
0.278499
0.797032
0.779095
0.738536
0.159873
0.060091
0.482622
0.058359
0.116309
0.777655
0.158540
0.545510
0.069688
0.240577
0.550920
0.778763
0.719670
0.138286
0.615271
0.578795
0.758503
0.166371
0.487444
0.587228
0.078311
0.565390
0.709164
0.259705
0.817966
0.904785
0.660675
0.138549
0.521452
0.291605
0.091539
0.283939
0.766726
0.384346
0.957550
0.637186
0.537829
0.598629
0.764930
0.011169
0.493614
0.150174
0.974748
0.616217
0.924060
0.893696
0.052134
0.368654
0.017200
0.891920
0.718506
0.739226
0.799404
0.251962
0.531096
0.067566
0.262646
0.554383
0.783178
0.937954
0.756691
0.272453
0.661624
0.014157
0.002357
0.289694
0.596745
0.597216
0.372231
0.799512
0.484373
0.378115
0.123232
0.701896
0.797680
0.929819
0.510532
0.248758
0.875446
0.928088
0.770980
0.913852
0.619411
0.737155
0.570276
0.659489
0.179266
0.747705
0.767735
0.129720
0.748390
0.354569
0.708228
0.872906
0.375640
0.697196
0.254331
0.956812
0.040929
0.853575
0.789319
0.441540
0.171822
0.888759
0.422540
0.692252
0.093325
0.454283
0.579614
0.378115
0.046955
0.930848
0.431259
0.435086
0.385600
0.995011
0.422846
0.717224
0.276498
0.808067
0.518967
0.518629
0.150881
0.115183
0.002401
0.562255
0.823988
0.462063
0.320516
0.245166
0.336057
0.756125
0.194718
0.642881
0.030619
0.272453
0.461849
0.345949
0.727336
0.780974
0.060405
0.368185
0.699782
0.099824
0.269054
0.125873
0.080190
0.777988
0.810293
0.930369
0.928367
0.700722
0.841822
0.665180
0.199133
0.563996
0.695314
0.694136
0.308967
0.984629
0.608417
0.544821
0.044152
0.817862
0.113253
0.779979
0.170877
0.138944
0.277343
0.782958
0.721299
0.728611
0.659134
0.593334
0.533147
0.691074
0.202783
0.981647
0.845975
0.635407
0.961178
0.031263
0.615744
0.595569
0.069330
0.354661
0.785706
0.559473
0.955639
0.397589
0.544476
0.484264
0.260732
0.615034
0.993218
0.876348
0.227144
0.644304
0.772096
0.543902
0.537028
0.031620
0.753969
0.531210
0.749645
0.344421
0.275043
0.254691
0.359532
0.770645
0.461849
0.238925
0.639559
0.081667
0.085065
0.740260
0.970151
0.754650
0.150928
0.757484
0.861025
0.849404
0.245657
0.471423
0.847448
0.660319
0.150881
0.726293
0.905744
0.863661
0.721997
0.996188
0.683759
0.692723
0.904064
0.314325
0.234562
0.453223
0.608771
0.980282
0.283079
0.621661
0.384732
0.594510
0.251890
0.509187
0.698489
0.365006
0.453435
0.296827
0.304414
0.157461
0.988293
0.680805
0.355210
0.760085
0.672761
0.703657
0.240853
0.483826
0.267179
0.885210
0.543902
0.566320
0.954938
0.064338
0.151589
0.255413
0.622726
0.148584
0.458644
0.766053
0.915522
0.385503
0.259486
0.454708
0.496822
0.903179
0.757484
0.172613
0.277036
0.696490
0.769415
0.770645
0.879838
0.959361
0.998896
0.022889
0.196298
0.702483
0.547695
0.429404
0.135722
0.881964
0.583242
0.875356
0.291366
0.541837
0.375260
0.726061
0.130176
0.600278
0.498264
0.512888
0.936003
0.829429
0.459711
0.651542
0.888759
0.604876
0.705064
0.961078
0.899435
0.920509
0.579731
0.748504
0.445731
0.798219
0.214498
0.032651
0.392786
0.355943
0.892598
0.684585
0.590867
0.658541
0.729652
0.649999
0.588636
0.308717
0.381942
0.193207
0.551151
0.292884
0.243838
0.230329
0.992181
0.998611
0.289297
0.668972
0.080679
0.209501
0.500040
0.956015
0.012909
0.899352
0.471963
0.466677
0.551497
0.434879
0.229929
0.139252
0.590749
0.968677
0.019871
0.665891
0.704712
0.592276
0.879838
0.112848
0.889532
0.775102
0.243489
0.410003
0.579848
0.829939
0.944167
0.338889
0.457259
0.155661
0.066872
0.490194
0.641101
0.066642
0.373744
0.917699
0.869517
0.346219
0.516938
0.387631
0.813669
0.302033
0.609125
0.142275
0.872724
0.955317
0.339244
0.364354
0.129554
0.909139
0.552882
0.717806
0.452799
0.353199
0.329745
0.294650
0.792044
0.208944
0.371382
0.920216
0.198243
0.074671
0.171927
0.161665
0.738306
0.419284
0.914081
0.327226
0.124187
0.423663
0.963333
0.281287
0.869793
0.894200
0.520887
0.529617
0.828509
0.982678
0.474021
0.140401
0.262424
0.577860
0.427862
0.093761
0.169676
0.468077
0.489864
0.612197
0.199787
0.122126
0.115145
0.592276
0.518403
0.173566
0.413721
0.908826
0.852125
0.836423
0.267254
0.514461
0.163423
0.868502
0.017045
0.743014
0.558778
0.079004
0.887467
0.277805
0.375640
0.674418
0.990427
0.662454
0.429507
0.943494
0.954230
0.176612
0.499818
0.681514
0.226419
0.405408
0.548501
0.506168
0.186410
0.305569
0.378878
0.984968
0.404612
0.968147
0.825842
0.641931
0.603107
0.298528
0.768743
0.583476
0.152349
0.008569
0.649406
0.156388
0.432292
0.751581
0.256499
0.073208
0.771315
0.018810
0.026815
0.643118
0.522357
0.251890
0.180742
0.512551
0.911627
0.302607
0.914310
0.614561
0.587932
0.673235
0.936787
0.703891
0.912551
0.686946
0.928575
0.092121
0.087030
0.981679
0.826459
0.043745
0.518403
0.593452
0.056811
0.874451
0.701779
0.808173
0.865065
0.627583
0.946041
0.744732
0.874451
0.997780
0.165451
0.917102
0.411307
0.124267
0.389766
0.047931
0.515136
0.880548
0.581720
0.269957
0.023250
0.116121
0.883811
0.983254
0.303345
0.234697
0.322313
0.649288
0.249184
0.211613
0.253971
0.532691
0.749645
0.153877
0.986382
0.544361
0.925841
0.729884
0.648220
0.313315
0.685058
0.791064
0.268828
0.903179
0.213240
0.654270
0.020716
0.807429
0.297312
0.862816
0.909530
0.057090
0.431466
0.375545
0.958383
0.354661
0.082972
0.488543
0.460993
0.977076
0.503490
0.098155
0.608653
0.691309
0.341558
0.215889
0.322656
0.347030
0.185120
0.031562
0.857892
0.043745
0.775769
0.161865
0.367904
0.202000
0.063366
0.000868
0.551382
0.609243
0.552189
0.224124
0.934352
0.106929
0.717690
0.537257
0.073660
0.373271
0.386663
0.407802
0.139076
0.802305
0.884948
0.367997
0.642287
0.949913
0.840628
0.311889
0.613615
0.443738
0.757144
0.488104
0.720950
0.960527
0.208328
0.495715
0.958383
0.399659
0.937502
0.792805
0.737155
0.902370
0.977403
0.859224
0.597452
0.659252
0.990065
0.365846
0.345769
0.109120
0.801447
0.750898
0.732427
0.945380
0.306478
0.347933
0.161115
0.046276
0.201041
0.549768
0.102966
0.324461
0.409802
0.328527
0.513450
0.867020
0.332277
0.552305
0.878411
0.897621
0.582774
0.724436
0.502265
0.740490
0.763017
0.436020
0.775769
0.318216
0.673708
0.499707
0.111970
0.196827
0.069497
0.056911
0.243072
0.068244
0.775880
0.988173
0.296342
0.472937
0.103748
0.496268
0.149658
0.477714
0.369969
0.906935
0.887726
0.506391
0.623437
0.285507
0.838030
0.310384
0.790301
0.332715
0.961227
0.776990
0.763467
0.599807
0.649881
0.090325
0.727336
0.603814
0.558315
0.878858
0.107104
0.721648
0.321115
0.242516
0.497487
0.957968
0.509747
0.258974
0.729652
0.754310
0.846565
0.303099
0.179157
0.056970
0.310050
0.836825
0.976563
0.383672
0.811456
0.000453
0.038600
0.828714
0.419791
0.930163
0.149752
0.695078
0.267329
0.314325
0.813248
0.398476
0.815769
0.651542
0.731734
0.639440
0.917625
0.436020
0.356035
0.855692
0.856937
0.447729
0.259412
0.833598
0.854731
0.966936
0.204901
0.737616
0.800803
0.913318
0.216714
0.700605
0.461528
0.057550
0.871719
0.691663
0.602164
0.263163
0.569461
0.144352
0.964004
0.761326
0.446887
0.465280
0.856650
0.398180
0.258974
0.299666
0.702366
0.114029
0.606764
0.801339
0.696961
0.182560
0.481202
0.607118
0.575290
0.219013
0.026324
0.998299
0.312140
0.767287
0.422336
0.153016
0.632561
0.925202
0.193381
0.294569
0.404712
0.187143
0.364820
0.067219
0.376781
0.719903
0.686946
0.968413
0.426631
0.187426
0.763130
0.682459
0.709983
0.371665
0.440182
0.806152
0.001680
0.278499
0.260658
0.404115
0.512888
0.449205
0.010006
0.090597
0.356035
0.871079
0.525189
0.702249
0.349018
0.839830
0.800265
0.606292
0.820778
0.944289
0.766165
0.751581
0.540118
0.939046
0.022542
0.208574
0.546200
0.996061
0.529276
0.753742
0.268303
0.589927
0.867020
0.713140
0.169989
0.057610
0.759181
0.095554
0.165044
0.755104
0.979880
0.143944
0.816921
0.795193
0.358241
0.752378
0.415638
0.038683
0.112921
0.086361
0.171244
0.032830
0.475974
0.816607
0.916502
0.308551
0.231666
0.076628
0.023943
0.136630
0.804872
0.396115
0.335969
0.980612
0.062994
0.772542
0.836322
0.057070
0.993945
0.982152
0.476843
0.423969
0.402230
0.469155
0.460566
0.585117
0.770868
0.786912
0.316351
0.403619
0.403122
0.160717
0.178124
0.090597
0.390447
0.275120
0.272605
0.109764
0.278345
0.539660
0.399856
0.337559
0.561095
0.055670
0.559010
0.447098
0.370157
0.566204
0.076732
0.881788
0.836020
0.837528
0.538744
0.436850
0.353655
0.347120
0.041312
0.266955
0.944593
0.677258
0.692959
0.485688
0.689187
0.422744
0.553228
0.631139
0.176343
0.149237
0.722462
0.270334
0.749303
0.563996
0.065639
0.219783
0.936982
0.583945
0.229795
0.329223
0.495272
0.073133
0.730693
0.120717
0.425094
0.170459
0.421826
0.845778
0.248829
0.672761
0.503378
0.150598
0.270561
0.740605
0.216524
0.719903
0.589692
0.885558
0.581837
0.122008
0.870436
0.031968
0.760311
0.897455
0.988788
0.532121
0.874722
0.261835
0.202301
0.359070
0.390447
0.355210
0.987057
0.883548
0.755898
0.913165
0.457259
0.156486
0.127539
0.314409
0.135679
0.683759
0.989450
0.416750
0.203205
0.863848
0.605584
0.635526
0.671222
0.285507
0.751695
0.650474
0.119669
0.320773
0.099857
0.890131
0.500485
0.368091
0.883811
0.941762
0.517389
0.464958
0.306395
0.496822
0.819322
0.804765
0.630783
0.176020
0.649881
0.240646
0.779979
0.084296
0.685648
0.734620
0.285979
0.142500
0.788335
0.629242
0.674182
0.839331
0.700370
0.545625
0.266880
0.275885
0.833598
0.638017
0.890131
0.812932
0.976857
0.253467
0.761552
0.010210
0.633154
0.307140
0.510868
0.667432
0.646440
0.356310
0.959361
0.623437
0.504159
0.773322
0.127907
0.359070
0.323085
0.947467
0.449416
0.978471
0.877874
0.937825
0.917176
0.155177
0.025986
0.528821
0.187482
0.743129
0.873816
0.989066
0.164942
0.429610
0.592394
0.389571
0.561211
0.932814
0.333944
0.338534
0.658066
0.482185
0.075669
0.212363
0.437578
0.068009
0.260365
0.337117
0.052854
0.554845
0.540805
0.546890
0.844793
0.804445
0.162868
0.206976
0.050240
0.204901
0.476843
0.325151
0.380121
0.284722
0.023686
0.279349
0.065188
0.477822
0.036447
0.187992
0.255630
0.100386
0.574473
0.295052
0.702835
0.185736
0.032544
0.250962
0.732081
0.579146
0.408801
0.430125
0.816712
0.891070
0.414326
0.582071
0.678559
0.368466
0.003124
0.600043
0.017449
0.633273
0.220298
0.659608
0.323085
0.871262
0.382614
0.881346
0.872268
0.391908
0.788117
0.570859
0.534858
0.762228
0.276729
0.819946
0.658185
0.091447
0.270712
0.144443
0.455345
0.305404
0.935543
0.126886
0.849988
0.565855
0.535657
0.638135
0.894620
0.612670
0.711153
0.292884
0.546890
0.949394
0.409402
0.471423
0.928853
0.546890
0.197181
0.057832
0.746105
0.485030
0.545051
0.502042
0.352469
0.195771
0.346399
0.808385
0.715941
0.602400
0.875084
0.112958
0.658422
0.871902
0.505833
0.512776
0.425196
0.015811
0.699077
0.455876
0.858559
0.182450
0.860930
0.957497
0.710919
0.859414
0.997740
0.064094
0.028547
0.874903
0.780311
0.531324
0.472071
0.457898
0.707057
0.571558
0.892598
0.659608
0.912320
0.403122
0.642762
0.662572
0.386180
0.885906
0.649169
0.690013
0.661742
0.164536
0.044389
0.956971
0.718389
0.113032
0.971375
0.566087
0.955424
0.197298
0.424685
0.876077
0.103339
0.426631
0.694136
0.283313
0.950714
0.196474
0.973453
0.211551
0.863098
0.042254
0.914841
0.253467
0.332190
0.300236
0.718273
0.415335
0.242377
0.963526
0.039301
0.632917
0.557273
0.253539
0.421826
0.616217
0.404513
0.624147
0.802733
0.827588
0.795409
0.830958
0.895290
0.080489
0.261319
0.644779
0.400350
0.458325
0.356677
0.259778
0.278268
0.851835
0.940191
0.246359
0.574007
0.241614
0.140180
0.228732
0.612906
0.180523
0.985302
0.584648
0.419690
0.399067
0.396606
0.187143
0.912320
0.994618
0.982089
0.796167
0.947644
0.128030
0.218820
0.175377
0.178395
0.246218
0.763918
0.921241
0.619175
0.419081
0.131303
0.669801
0.092398
0.542410
0.494277
0.608653
0.218180
0.007661
0.990718
0.330093
0.837528
0.845089
0.687654
0.892683
0.853961
0.747362
0.766614
0.719204
0.200981
0.132354
0.301297
0.327139
0.942198
0.810822
0.088679
0.648101
0.336940
0.817966
0.179429
0.637780
0.134093
0.701074
0.848036
0.297717
0.093388
0.769415
0.453753
0.420198
0.479238
0.291206
0.110411
0.620003
0.269204
0.653915
0.611133
0.607472
0.509187
0.904785
0.296988
0.284565
0.107315
0.844990
0.828714
0.790628
0.930026
0.356585
0.532235
0.353564
0.354203
0.187143
0.374596
0.992773
0.577626
0.685648
0.952071
0.610188
0.434153
0.528480
0.633510
0.398574
0.818697
0.276115
0.024148
0.537600
0.479783
0.310718
0.646203
0.278576
0.203688
0.081282
0.804338
0.020708
0.813774
0.018073
0.341648
0.048804
0.886167
0.760424
0.927739
0.097120
0.342451
0.190900
0.981774
0.455239
0.485359
0.709281
0.125873
0.873361
0.518178
0.071870
0.254115
0.722927
0.037112
0.950771
0.344242
0.087323
0.342362
0.807748
0.073484
0.494387
0.378687
0.055631
0.242654
0.415739
0.708228
0.817339
0.093730
0.227342
0.783398
0.754082
0.968809
0.477278
0.969722
0.458858
0.458538
0.467861
0.971913
0.978190
0.217733
0.999842
0.725133
0.112335
0.636119
0.397196
0.374596
0.729421
0.673471
0.682105
0.169937
0.407202
0.369781
0.541149
0.342005
0.438619
0.406404
0.399560
0.765491
0.178613
0.376020
0.493835
0.811878
0.116008
0.311805
0.284330
0.814405
0.356677
0.936591
0.989270
0.256644
0.878053
0.129140
0.389863
0.330268
0.353746
0.196064
0.016121
0.566669
0.074341
0.363330
0.410404
0.970492
0.852416
0.950085
0.395919
0.529503
0.015379
0.249681
0.198717
0.639677
0.173089
0.464958
0.065571
0.540118
0.187256
0.755898
0.778431
0.590632
0.717806
0.477822
0.594157
0.715241
0.057913
0.339510
0.945500
0.544821
0.169780
0.376686
0.731156
0.200443
0.841325
0.079111
0.692488
0.630546
0.164029
0.565739
0.435812
0.008492
0.407003
0.192397
0.105155
0.567599
0.571208
0.589927
0.039884
0.067520
0.487884
0.254908
0.008195
0.270259
0.343704
0.078364
0.550690
0.160369
0.553921
0.472288
0.282454
0.188275
0.106300
0.230329
0.519080
0.657236
0.122402
0.862816
0.303017
0.662691
0.101050
0.790737
0.564925
0.759972
0.335616
0.786803
0.939874
0.575874
0.042863
0.752264
0.026324
0.585000
0.183059
0.819009
0.570509
0.266955
0.748504
0.744503
0.133922
0.555192
0.033190
0.813248
0.240094
0.504047
0.640626
0.078337
0.277420
0.481420
0.353472
0.290330
0.090054
0.200204
0.342988
0.747248
0.314578
0.025728
0.598158
0.975779
0.537143
0.850961
0.049587
0.637780
0.208266
0.409702
0.623318
0.219590
0.097765
0.192397
0.694372
0.670275
0.117445
0.799404
0.585938
0.330966
0.054055
0.057892
0.102898
0.366687
0.226748
0.783949
0.509971
0.997133
0.385890
0.299910
0.028130
0.134477
0.720136
0.525756
0.642525
0.033445
0.240991
0.677021
0.716408
0.275043
0.782848
0.366033
0.270259
0.967252
0.504493
0.727336
0.915598
0.291446
0.872997
0.372420
0.211863
0.140224
0.229995
0.699195
0.924132
0.733120
0.743014
0.049587
0.776102
0.068385
0.451740
0.444367
0.517614
0.192975
0.540232
0.139561
0.525642
0.039556
0.690838
0.495272
0.922548
0.103509
0.528708
0.759746
0.427554
0.323343
0.520096
0.926335
0.990902
0.304744
0.594393
0.124466
0.353746
0.426528
0.097798
0.676193
0.097765
0.378974
0.104570
0.568414
0.531438
0.766390
0.446887
0.008920
0.385793
0.845581
0.794325
0.173036
0.553574
0.246922
0.272833
0.300236
0.829633
0.323945
0.169000
0.793892
0.962362
0.072685
0.556579
0.169884
0.893864
0.578678
0.017568
0.126846
0.213491
0.079058
0.716291
0.923630
0.899599
0.065481
0.143808
0.212300
0.434775
0.096318
0.652135
0.496601
0.382806
0.877695
0.489314
0.174469
0.415436
0.930232
0.573890
0.230863
0.626043
0.314831
0.313820
0.069449
0.116498
0.937372
0.719437
0.419081
0.159230
0.022804
0.424685
0.608653
0.444996
0.446151
0.824091
0.475648
0.966067
0.783949
0.252463
0.876528
0.035075
0.284644
0.485579
0.568181
0.776546
0.686002
0.013926
0.378974
0.196710
0.790955
0.462813
0.150645
0.391518
0.541493
0.208328
0.592041
0.461314
0.456302
0.694607
0.374312
0.682814
0.786255
0.016330
0.399856
0.064360
0.665891
0.941449
0.736925
0.672880
0.675365
0.673945
0.663046
0.184617
0.777323
0.921459
0.421521
0.020286
0.091692
0.847742
0.291605
0.302443
0.885035
0.586407
0.853672
0.831874
0.664113
0.374123
0.132481
0.758842
0.938469
0.246852
0.619056
0.201041
0.261687
0.499818
0.221201
0.387728
0.008373
0.798758
0.292644
0.603461
0.709866
0.623318
0.895207
0.381079
0.881611
0.185176
0.742785
0.125833
0.931868
0.157804
0.453859
0.985795
0.708111
0.254331
0.310384
0.571441
0.127661
0.025957
0.198243
0.013926
0.192224
0.375640
0.750328
0.012195
0.702131
0.652965
0.581603
0.803483
0.819530
0.518629
0.999911
0.230596
0.965325
0.896209
0.769415
0.591219
0.214372
0.381079
0.013215
0.221718
0.630546
0.324461
0.068291
0.564345
0.422132
0.777212
0.727684
0.491406
0.781305
0.735081
0.010917
0.871902
0.361104
0.878769
0.835920
0.309550
0.451740
0.800803
0.324978
0.215636
0.854924
0.422336
0.371665
0.414124
0.216143
0.679268
0.660201
0.389280
0.994429
0.595098
0.164891
0.617873
0.125550
0.126683
0.667195
0.657592
0.899270
0.281520
0.299015
0.516375
0.779758
0.811244
0.770645
0.494719
0.144171
0.334911
0.791935
0.140668
0.398377
0.603107
0.675957
0.407901
0.957287
0.853382
0.192224
0.325324
0.095904
0.964052
0.416750
0.659252
0.759633
0.466570
0.590867
0.896209
0.255269
0.725017
0.600514
0.807004
0.470018
0.890899
0.531894
0.425094
0.182173
0.837127
0.294248
0.097120
0.053923
0.443214
0.976079
0.638254
0.555654
0.604168
0.263533
0.328093
0.044548
0.348204
0.220943
0.347933
0.905425
0.861025
0.634103
0.748162
0.939811
0.171822
0.232404
0.986722
0.814195
0.856171
0.225564
0.757824
0.435293
0.638610
0.135938
0.368279
0.880726
0.877785
0.461528
0.157853
0.475865
0.767287
0.964763
0.538058
0.772319
0.908119
0.988812
0.366780
0.573657
0.176128
0.945380
0.643118
0.286058
0.750784
0.697784
0.909920
0.316859
0.847546
0.616572
0.853382
0.986090
0.541608
0.558431
0.242585
0.754310
0.076005
0.715241
0.483497
0.916727
0.755218
0.394155
0.125228
0.432912
0.053320
0.387050
0.098610
0.262129
0.672288
0.956971
0.996771
0.102831
0.563184
0.249255
0.132946
0.082944
0.071258
0.382999
0.008792
0.919774
0.312895
0.362401
0.223016
0.024692
0.497598
0.579146
0.299015
0.777323
0.454920
0.503490
0.770645
0.091082
0.783619
0.875536
0.410905
0.018046
0.216016
0.941949
0.496822
0.475323
0.387147
0.048943
0.083787
0.780863
0.915220
0.159033
0.020546
0.454708
0.066253
0.497376
0.807535
0.185961
0.952015
0.269430
0.725133
0.488324
0.328788
0.242516
0.712088
0.745991
0.748047
0.366874
0.652610
0.863380
0.747134
0.985135
0.118170
0.106579
0.876077
0.680450
0.798974
0.296100
0.593805
0.515812
0.913623
0.914005
0.280898
0.531780
0.266134
0.771984
0.273061
0.379356
0.874813
0.974243
0.501374
0.223602
0.506279
0.799189
0.459178
0.824504
0.430950
0.611961
0.654033
0.307886
0.499374
0.547695
0.222691
0.310801
0.885819
0.463348
0.149752
0.086043
0.601339
0.958435
0.289218
0.445626
0.534288
0.734505
0.076732
0.699665
0.159873
0.667550
0.621424
0.427246
0.888329
0.377733
0.246078
0.290728
0.774101
0.717806
0.414124
0.213742
0.034369
0.010285
0.884074
0.968633
0.914310
0.177745
0.489534
0.703657
0.615980
0.085065
0.947467
0.436020
0.369969
0.535543
0.407702
0.495936
0.747134
0.405209
0.533261
0.573307
0.757484
0.884161
0.286924
0.822540
0.938982
0.519871
0.352560
0.573074
0.933082
0.430022
0.789646
0.980315
0.990963
0.530869
0.930506
0.669919
0.895959
0.943617
0.343973
0.756465
0.669801
0.729421
0.082387
0.923774
0.317962
0.833800
0.641220
0.206976
0.724436
0.566669
0.971748
0.388794
0.211613
0.284565
0.128934
0.434050
0.323000
0.830245
0.511541
0.297150
0.442376
0.644660
0.601574
0.209748
0.754423
0.696961
0.289853
0.027648
0.573890
0.810716
0.162718
0.957024
0.405110
0.226485
0.628294
0.429199
0.014991
0.697314
0.045510
0.550805
0.401735
0.847056
0.140047
0.043589
0.996871
0.335616
0.156437
0.451317
0.168741
0.477061
0.988812
0.405209
0.053414
0.614798
0.268979
0.979981
0.458538
0.218884
0.887898
0.587462
0.416042
0.670748
0.694607
0.685884
0.095618
0.404712
0.585469
0.627465
0.417864
0.465602
0.081667
0.941011
0.637305
0.709515
0.146593
0.667905
0.489644
0.338800
0.834204
0.956865
0.072959
0.536229
0.411106
0.698842
0.654270
0.625687
0.211239
0.940317
0.572024
0.135765
0.785048
0.093668
0.160071
0.011876
0.237896
0.668735
0.476300
0.154743
0.745876
0.613497
0.024783
0.754082
0.080516
0.166320
0.480110
0.272985
0.017383
0.331053
0.913623
0.651067
0.525075
0.642287
0.630546
0.505051
0.203265
0.332978
0.245727
0.221136
0.874903
0.003748
0.726873
0.827793
0.022668
0.890899
0.988812
0.428170
0.416345
0.479020
0.508516
0.973889
0.704712
0.715008
0.605584
0.025567
0.137151
0.975286
0.139472
0.725017
0.096510
0.763693
0.625687
0.328180
0.601928
0.014228
0.171822
0.057530
0.171402
0.148631
0.521792
0.277574
0.542640
0.469263
0.747248
0.476300
0.068220
0.100220
0.795734
0.245587
0.533717
0.435086
0.209130
0.257661
0.458218
0.076394
0.977691
0.969289
0.794000
0.920802
0.403122
0.042894
0.248971
0.229729
0.625332
0.717806
0.800910
0.807748
0.583125
0.730578
0.706119
0.348565
0.408801
0.332015
0.239887
0.900172
0.742211
0.709749
0.588988
0.233616
0.948289
0.083985
0.689070
0.797356
0.786584
0.992632
0.141693
0.205998
0.814090
0.432292
0.134991
0.428170
0.134734
0.397786
0.781525
0.843112
0.387631
0.374976
0.405209
0.970914
0.325151
0.319067
0.531666
0.594745
0.356402
0.611370
0.839930
0.225827
0.049029
0.716757
0.594510
0.229064
0.385600
0.719903
0.532577
0.091112
0.892005
0.394938
0.709047
0.740490
0.144580
0.599571
0.333154
0.259339
0.142635
0.715708
0.040215
0.368466
0.687182
0.890558
0.556926
0.489534
0.372325
0.051804
0.150080
0.130135
0.132312
0.544247
0.547465
0.904705
0.444891
0.682578
0.296342
0.135895
0.535087
0.900989
0.761890
0.041564
0.027770
0.023354
0.324806
0.816921
0.654982
0.501152
0.238856
0.222951
0.174044
0.988100
0.341112
0.097830
0.552305
0.999525
0.441958
0.552189
0.134991
0.970661
0.995253
0.192802
0.743358
0.057329
0.114029
0.292564
0.980182
0.086274
0.824607
0.954340
0.664943
0.625450
0.717224
0.292164
0.254331
0.335264
0.654864
0.924204
0.326706
0.384153
0.659489
0.936526
0.009388
0.319067
0.688598
0.203628
0.717340
0.711387
0.667905
0.847742
0.620358
0.847252
0.160966
0.391518
0.464636
0.444157
0.923270
0.277497
0.186073
0.006251
0.550575
0.152825
0.344421
0.003153
0.496047
0.232404
0.093668
0.590044
0.536114
0.535315
0.634814
0.904866
0.572024
0.355943
0.714074
0.878590
0.143130
0.710217
0.283313
0.848622
0.065934
0.418472
0.745533
0.885645
0.591219
0.231197
0.168430
0.958280
0.229330
0.171402
0.651186
0.928783
0.635526
0.964432
0.976894
0.965558
0.697549
0.846467
0.462920
0.406205
0.164841
0.544706
0.895959
0.225433
0.912243
0.599689
0.012163
0.058277
0.899763
0.613142
0.398968
0.305651
0.433015
0.371570
0.123470
0.759068
0.248971
0.626398
0.817653
0.099133
0.606410
0.710802
0.692605
0.538172
0.219783
0.772096
0.003372
0.898777
0.033494
0.575641
0.138900
0.228069
0.976266
0.076082
0.371853
0.809975
0.616335
0.690720
0.200981
0.899599
0.306974
0.289059
0.202722
0.079487
0.891070
0.938598
0.147239
0.499707
0.396410
0.733928
0.824504
0.301297
0.814510
0.513450
0.075644
0.498597
0.462063
0.120873
0.265761
0.423969
0.999017
0.399264
0.859224
0.909373
0.939811
0.598629
0.635526
0.324892
0.209686
0.092984
0.565158
0.278345
0.389183
0.855788
0.361474
0.908982
0.279890
0.899352
0.383672
0.980711
0.342273
0.940191
0.556116
0.894116
0.955854
0.706236
0.980182
0.297474
0.681987
0.614561
0.612906
0.493945
0.775213
0.260658
0.508851
0.451740
0.830857
0.030866
0.773656
0.469371
0.450683
0.633154
0.360548
0.938982
0.048306
0.158688
0.910620
0.200742
0.015817
0.857033
0.862063
0.931733
0.989293
0.272757
0.811878
0.209439
0.066780
0.027801
0.988125
0.103136
0.032143
0.392396
0.624029
0.982922
0.085495
0.770533
0.673235
0.384442
0.691192
0.006662
0.227078
0.255630
0.931189
0.287003
0.690366
0.278422
0.914386
0.123153
0.900581
0.670748
0.944045
0.324892
0.367997
0.750442
0.281054
0.815035
0.979576
0.668024
0.230863
0.534059
0.793349
0.185008
0.006557
0.147424
0.240715
0.615862
0.901478
0.924060
0.938405
0.335528
0.014843
0.178124
0.080298
0.908276
0.685884
0.057691
0.127131
0.035177
0.228003
0.549883
0.578795
0.725133
0.898447
0.402230
0.757371
0.658659
0.923630
0.000207
0.972160
0.332102
0.718389
0.420401
0.871170
0.308551
0.519532
0.366687
0.292724
0.114958
0.905345
0.232942
0.782848
0.809869
0.833800
0.977222
0.476191
0.633866
0.558894
0.222172
0.485140
0.165146
0.794000
0.522470
0.933552
0.580433
0.653915
0.954992
0.538172
0.444891
0.499041
0.209006
0.594981
0.349199
0.569578
0.368185
0.944045
0.355485
0.232068
0.068691
0.237965
0.281987
0.667076
0.032591
0.950372
0.932342
0.779316
0.259559
0.515924
0.712205
0.995106
0.048169
0.637424
0.967477
0.847546
0.826767
0.908119
0.421012
0.726525
0.707525
0.878143
0.113142
0.557505
0.392200
0.096638
0.866927
0.255413
0.562951
0.573890
0.349743
0.986852
0.182118
0.716408
0.515474
0.031620
0.546660
0.399462
0.197416
0.501931
0.930848
0.824091
0.105882
0.130468
0.354020
0.862345
0.045769
0.561675
0.513000
0.673471
0.248051
0.265165
0.755444
0.253683
0.248475
0.852996
0.681750
0.226090
0.798111
0.150033
0.191993
0.939493
0.144671
0.053003
0.272757
0.688834
0.672406
0.904064
0.490194
0.061378
0.087264
0.467215
0.355485
0.208883
0.195888
0.970534
0.597334
0.480656
0.395330
0.504940
0.076888
0.944897
0.191993
0.015751
0.584648
0.650237
0.452693
0.831467
0.111897
0.417458
0.300644
0.916126
0.346940
0.888759
0.453965
0.547925
0.969937
0.789100
0.643830
0.431156
0.523716
0.815035
0.623792
0.219013
0.935081
0.451634
0.169364
0.333593
0.012209
0.351559
0.149424
0.564229
0.481529
0.291047
0.975476
0.668735
0.597805
0.189014
0.993032
0.683523
0.084126
0.203749
0.847840
0.478258
0.103169
0.157510
0.201101
0.248404
0.637305
0.621187
0.637068
0.619175
0.882052
0.945078
0.094042
0.221072
0.517727
0.269355
0.161865
0.314831
0.845286
0.745419
0.066918
0.363330
0.474997
0.467215
0.678204
0.834710
0.337294
0.547580
0.284644
0.683641
0.018362
0.544591
0.662098
0.219333
0.425094
0.412111
0.549307
0.451317
0.154165
0.286530
0.353381
0.284095
0.481202
0.863848
0.394644
0.582540
0.487774
0.304661
0.303921
0.788554
0.480219
0.363144
0.788445
0.556926
0.622253
0.938726
0.565158
0.345949
0.418168
0.103068
0.439244
0.667432
0.197711
0.783398
0.778431
0.483935
0.858273
0.423765
0.696726
0.108871
0.351195
0.104535
0.654152
0.128235
0.665417
0.583359
0.651779
0.366780
0.353655
0.779537
0.129058
0.151258
0.204233
0.404215
0.768743
0.099035
0.487005
0.044754
0.556348
0.153877
0.794217
0.838030
0.993318
0.097636
0.578912
0.117788
0.581837
0.645965
0.678204
0.790737
0.266581
0.330617
0.066139
0.146501
0.130634
0.022770
0.131387
0.815140
0.018053
0.888243
0.239268
0.460993
0.768743
0.350831
0.365752
0.538858
0.150174
0.696137
0.689070
0.611842
0.741867
0.162466
0.213052
0.715941
0.400054
0.345769
0.064739
0.199370
0.247768
0.477387
0.841623
0.096798
0.516149
0.205083
0.485688
0.552651
0.640745
0.477496
0.966936
0.622134
0.502376
0.764480
0.772319
0.353472
0.776102
0.480438
0.326274
0.840728
0.042741
0.446993
0.928575
0.073660
0.136803
0.938598
0.636949
0.791718
0.615389
0.406803
0.688008
0.371193
0.963861
0.508739
0.980480
0.627939
0.701427
0.990697
0.479783
0.996730
0.770421
0.670630
0.259559
0.645965
0.618465
0.935806
0.496712
0.785816
0.603697
0.223211
0.896542
0.722462
0.205327
0.467646
0.632917
0.468400
0.725365
0.591924
0.411709
0.656168
0.595451
0.134520
0.623674
0.046623
0.749303
0.197948
0.696373
0.170563
0.669801
0.799189
0.161165
0.449205
0.667550
0.410604
0.108978
0.427554
0.793240
0.316097
0.148770
0.949625
0.096159
0.868317
0.457792
0.087206
0.875717
0.076264
0.506168
0.952127
0.936134
0.838430
0.253827
0.899352
0.439974
0.347842
0.465602
0.080489
0.796599
0.657829
0.943556
0.801554
0.682696
0.737270
0.344870
0.930026
0.147424
0.534630
0.551382
0.043063
0.992895
0.361752
0.564809
0.550229
0.592747
0.609362
0.726525
0.212738
0.296907
0.474671
0.618465
0.439452
0.861403
0.539774
0.988672
0.521792
0.497820
0.124987
0.064829
0.797788
0.832686
0.025406
0.135292
0.692841
0.731503
0.164232
0.501486
0.556810
0.839431
0.219398
0.488324
0.557042
0.349652
0.865904
0.933952
0.229064
0.128522
0.806365
0.432292
0.388116
0.997618
0.776324
0.133327
0.103000
0.372892
0.696255
0.347571
0.211738
0.355118
0.067450
0.384925
0.980414
0.597334
0.136500
0.874451
0.546315
0.351741
0.537829
0.105605
0.789428
0.308634
0.001360
0.409502
0.668261
0.739801
0.154550
0.523376
0.668616
0.490855
0.968677
0.080271
0.324375
0.309716
0.888759
0.265686
0.744618
0.687064
0.333241
0.331140
0.265537
0.868779
0.441435
0.213680
0.474671
0.888157
0.385021
0.614088
0.363237
0.258463
0.464099
0.579380
0.594040
0.485579
0.724785
0.182782
0.389766
0.947938
0.055807
0.032378
0.705181
0.531552
0.249042
0.994503
0.339777
0.675957
0.313063
0.577393
0.849891
0.453541
0.211800
0.074214
0.736349
0.459178
0.744503
0.661149
0.081282
0.398279
0.414527
0.786803
0.418776
0.684349
0.297636
0.074519
0.902046
0.870161
0.665891
0.893021
0.355851
0.420300
0.728958
0.332803
0.285979
0.592276
0.629479
0.783288
0.984053
0.362401
0.961476
0.518403
0.675010
0.725945
0.461528
0.139826
0.537943
0.618465
0.549653
0.272378
0.421725
0.817757
0.514349
0.024319
0.191647
0.512776
0.501374
0.121029
0.506503
0.005040
0.986461
0.888157
0.379738
0.179702
0.392591
0.387147
0.347571
0.788007
0.708228
0.001280
0.341380
0.949163
0.710217
0.117027
0.111170
0.534858
0.531096
0.263755
0.675957
0.027334
0.122559
0.224778
0.033960
0.026383
0.653677
0.202301
0.150409
0.039884
0.281987
0.143085
0.284173
0.354569
0.757711
0.715124
0.213617
0.040709
0.646203
0.615389
0.568064
0.540576
0.051441
0.510532
0.030518
0.509523
0.593334
0.204355
0.747362
0.343973
0.216905
0.194369
0.153973
0.198717
0.924490
0.659608
0.568996
0.592041
0.126765
0.965836
0.532007
0.385697
0.565739
0.007797
0.658422
0.307969
0.328266
0.278962
0.859129
0.655694
0.133242
0.074646
0.974825
0.976303
0.410604
0.490635
0.986461
0.106614
0.257661
0.539431
0.963574
0.101920
0.979474
0.159972
0.061250
0.639322
0.695902
0.731849
0.960928
0.726061
0.034444
0.750670
0.321286
0.350015
0.740605
0.467754
0.080027
0.885906
0.983434
0.477496
0.879215
0.549192
0.850086
0.790410
0.944715
0.434464
0.214561
0.665536
0.144216
0.603932
0.647626
0.351650
0.986435
0.295052
0.620713
0.037045
0.160568
0.280278
0.850961
0.305651
0.441122
0.677613
0.932071
0.331577
0.777655
0.227012
0.183114
0.856076
0.145492
0.332978
0.745419
0.511765
0.504382
0.714074
0.879838
0.572024
0.457153
0.734620
0.494387
0.170041
0.682459
0.458751
0.423458
0.700722
0.985357
0.815560
0.540576
0.837428
0.638017
0.032782
0.068173
0.106614
0.702014
0.259705
0.890814
0.793457
0.717806
0.584883
0.768520
0.133200
0.349924
0.358149
0.479456
0.474021
0.506391
0.579029
0.167192
0.527912
0.061977
0.842517
0.758729
0.074544
0.716641
0.768184
0.849404
0.896459
0.403222
0.398574
0.954449
0.058379
0.870253
0.700840
0.583945
0.963718
0.168845
0.014906
0.363795
0.832888
0.996422
0.630072
0.045818
0.520887
0.465925
0.087969
0.031828
0.669682
0.857033
0.234901
0.126724
0.535772
0.923270
0.141693
0.525869
0.766951
0.362866
0.944045
0.675957
0.666602
0.099593
0.943372
0.364447
0.317792
0.442795
0.646796
0.765716
0.920363
0.057130
0.794542
0.844990
0.704009
0.854057
0.502821
0.783398
0.709749
0.068173
0.092244
0.587345
0.950085
0.662691
0.441017
0.355027
0.798650
0.816712
0.938534
0.252678
0.979303
0.750214
0.221783
0.625332
0.638491
0.808279
0.072834
0.978541
0.347120
0.544936
0.723624
0.586172
0.893864
0.514686
0.871628
0.413217
0.924989
0.667195
0.355210
0.761326
0.897206
0.406803
0.486786
0.652491
0.648694
0.119206
0.669919
0.398673
0.351377
0.581135
0.318132
0.413519
0.615152
0.155515
0.864130
0.172191
0.442586
0.425299
0.752946
0.200981
0.249184
0.944106
0.632917
0.481202
0.923342
0.692605
0.446782
0.636119
0.188275
0.817653
0.349380
0.166320
0.481857
0.701662
0.948465
0.231398
0.319748
0.216651
0.459711
0.549653
0.101017
0.882845
0.150692
0.060742
0.092244
0.684349
0.935081
0.334295
0.146593
0.557505
0.572374
0.018375
0.259632
0.743358
0.887121
0.486895
0.949394
0.319834
0.161665
0.654033
0.207897
0.102189
0.797680
0.845778
0.008542
0.550344
0.075644
0.139649
0.650237
0.385793
0.801983
0.476517
0.390447
0.834407
0.126886
0.130426
0.827588
0.709164
0.296342
0.809658
0.957811
0.384442
0.994561
0.691781
0.994221
0.942322
0.011484
0.143582
0.717923
0.671340
0.656406
0.464850
0.579497
0.951902
0.270334
0.438410
0.255702
0.504716
0.620832
0.220105
0.125349
0.421928
0.431362
0.912935
0.250534
0.194893
0.737846
0.916727
0.721415
0.305239
0.078390
0.985849
0.242030
0.274127
0.390057
0.371759
0.964432
0.060742
0.418168
0.739915
0.674655
0.611606
0.501486
0.830245
0.460780
0.927809
0.990364
0.438931
0.992489
0.932207
0.103068
0.217733
0.668142
0.750898
0.206731
0.636238
0.300807
0.420096
0.946638
0.839231
0.229729
0.812722
0.109299
0.430434
0.237760
0.743816
0.716408
0.702131
0.937890
0.074139
0.780753
0.366780
0.295213
0.504159
0.051641
0.393861
0.603225
0.577159
0.090355
0.073034
0.436020
0.313483
0.457792
0.805832
0.289218
0.151684
0.870436
0.567832
0.521452
0.817026
0.086768
0.768072
0.130010
0.680450
0.747591
0.198539
0.511765
0.537028
0.986488
0.664232
0.851350
0.516375
0.357504
0.380887
0.513113
0.390544
0.591219
0.497709
0.835617
0.202542
0.817339
0.326014
0.418168
0.105535
0.438306
0.715708
0.522357
0.722578
0.540347
0.332365
0.666484
0.004689
0.967612
0.545855
0.181181
0.700722
0.608889
0.395134
0.409001
0.523602
0.943556
0.340667
0.174416
0.083985
0.254763
0.411608
0.342719
0.310885
0.473696
0.642169
0.250819
0.344691
0.787022
0.146501
0.942632
0.792697
0.568064
0.629598
0.722462
0.957077
0.488434
0.300481
0.953517
0.935081
0.082414
0.864597
0.502710
0.196240
0.511990
0.825945
0.247274
0.492509
0.987411
0.641457
0.800373
0.759068
0.230529
0.801769
0.192917
0.834911
0.666839
0.141470
0.711620
0.868687
0.952908
0.055846
0.896957
0.687418
0.636831
0.410905
0.506391
0.262646
0.589105
0.584883
0.172877
0.326014
0.645609
0.691192
0.577626
0.632087
0.014652
0.861025
0.328266
0.379547
0.261246
0.176719
0.785597
0.860836
0.905982
0.661861
0.791173
0.441435
0.099758
0.905345
0.217861
0.368842
0.761326
0.003514
0.091295
0.814510
0.315675
0.468077
0.217733
0.985024
0.518403
0.175270
0.466785
0.285743
0.067590
0.435916
0.575524
0.317707
0.977076
0.357688
0.547350
0.029767
0.229197
0.871811
0.006184
0.606764
0.471855
0.319663
0.518178
0.774324
0.764930
0.646796
0.996108
0.178504
0.301052
0.182063
0.014753
0.525756
0.423356
0.859889
0.270561
0.833699
0.267553
0.346940
0.267254
0.285271
0.051477
0.734159
0.535201
0.400350
0.345589
0.603107
0.488543
0.936982
0.819322
0.321970
0.645609
0.391810
0.527231
0.243908
0.965044
0.863286
0.502710
0.586172
0.633273
0.859129
0.690484
0.154117
0.583945
0.957915
0.699430
0.231197
0.731965
0.275962
0.737616
0.127825
0.059633
0.624266
0.348204
0.993709
0.917401
0.877605
0.479783
0.798650
0.267628
0.609007
0.840130
0.568414
0.958745
0.522583
0.046014
0.315084
0.282766
0.800588
0.467969
0.315506
0.696843
0.589457
0.285350
0.175859
0.128112
0.409202
0.380695
0.941574
0.165757
0.380217
0.727336
0.493503
0.191130
0.387728
0.611370
0.291925
0.472613
0.407003
0.893358
0.170930
0.631732
0.423765
0.123709
0.256427
0.699665
0.716174
0.696843
0.057691
0.911085
0.529731
0.768072
0.763693
0.460138
0.321970
0.499818
0.140135
0.499929
0.523489
0.424276
0.846467
0.336675
0.210928
0.115108
0.698725
0.498042
0.855308
0.781415
0.976673
0.301216
0.120600
0.156875
0.627820
0.746219
0.243559
0.342541
0.740030
0.497155
0.794217
0.808597
0.263089
0.265463
0.264274
0.751353
0.732889
0.889103
0.204537
0.598629
0.665180
0.287398
0.907014
0.443947
0.128769
0.660438
0.099560
0.291127
0.672761
0.239887
0.101418
0.800480
0.486566
0.675720
0.446887
0.132481
0.405309
0.668261
0.160617
0.072190
0.373555
0.040767
0.850670
0.606056
0.831874
0.250178
0.967522
0.186861
0.134991
0.149611
0.639203
0.667787
0.481092
0.171454
0.790192
0.495715
0.083365
0.882317
0.718855
0.318301
0.695902
0.499818
0.387534
0.396901
0.017174
0.746905
0.342809
0.020309
0.789537
0.290888
0.742097
0.876528
0.334207
0.090567
0.656524
0.143627
0.886688
0.086739
0.999253
0.237281
0.948581
0.421215
0.368466
0.203688
0.738076
0.343973
0.709398
0.782077
0.105086
0.395232
0.213365
0.619885
0.981742
0.460993
0.888845
0.544591
0.784718
0.591219
0.609125
0.443738
0.967657
0.101719
0.326966
0.764480
0.895290
0.142950
0.527117
0.808385
0.615152
0.307306
0.409202
0.735658
0.402428
0.351013
0.712672
0.754877
0.734620
0.285979
0.628413
0.187200
0.181126
0.961277
0.129182
0.991283
0.093450
0.390641
0.957287
0.021402
0.361752
0.523489
0.447203
0.056831
0.621187
0.175377
0.695902
0.563300
0.867020
0.784498
0.851641
0.164790
0.290569
0.427349
0.927390
0.323515
0.037179
0.502487
0.854250
0.594981
0.659252
0.414426
0.019196
0.083112
0.477822
0.851447
0.857797
0.738881
0.137848
0.367342
0.102021
0.013291
0.912089
0.244676
0.617400
0.945741
0.758050
0.231599
0.968192
0.821401
0.376781
0.882757
0.666839
0.438723
0.960225
0.741179
0.701662
0.409802
0.255920
0.111025
0.093077
0.205144
0.625806
0.743014
0.356677
0.241475
0.433532
0.405408
0.840229
0.601339
0.669682
0.561095
0.794542
0.611842
0.736810
0.305651
0.528594
0.344332
0.948231
0.880814
0.599807
0.990902
0.331927
0.120912
0.690484
0.609834
0.838931
0.844990
0.373555
0.143491
0.321286
0.563300
0.879215
0.805726
0.257589
0.471747
0.157706
0.464421
0.085668
0.107702
0.375450
0.676667
0.610661
0.833192
0.212989
0.242516
0.102695
0.310885
0.409402
0.952127
0.721880
0.607590
0.976154
0.669919
0.250036
0.248546
0.243280
0.060216
0.246711
0.632324
0.719321
0.241337
0.971665
0.353381
0.221848
0.700605
0.442376
0.738651
0.720252
0.194660
0.000116
0.854539
0.652372
0.919553
0.766165
0.678559
0.598158
0.649406
0.587345
0.582188
0.740375
0.059861
0.160022
0.940507
0.209625
0.332365
0.513674
0.448572
0.125510
0.307886
0.539431
0.645135
0.084552
0.056811
0.276498
0.113253
0.193381
0.028432
0.043372
0.146134
0.767399
0.320602
0.055768
0.114103
0.321286
0.941512
0.784059
0.131178
0.613142
0.241406
0.486127
0.861214
0.849111
0.199252
0.075695
0.883548
0.170615
0.547465
0.905823
0.607590
0.578094
0.461100
0.342362
0.241060
0.732196
0.821401
0.119746
0.875084
0.717806
0.081832
0.125631
0.766390
0.031172
0.812616
0.919922
0.992685
0.841921
0.848720
0.207221
0.512663
0.265835
0.955639
0.867020
0.643355
0.194718
0.382326
0.763130
0.778209
0.574123
0.078231
0.500596
0.673945
0.044184
0.088619
0.001107
0.289536
0.606292
0.030607
0.426631
0.990087
0.527912
0.630902
0.498597
0.514236
0.830347
0.368091
0.487335
0.348746
0.726525
0.392884
0.412714
0.172454
0.842319
0.975095
0.801983
0.071331
0.154309
0.604876
0.888587
0.941512
0.960326
0.777988
0.663876
0.420706
0.095936
0.806471
0.308634
0.915598
0.217478
0.298041
0.709749
0.079676
0.619056
0.531324
0.309716
0.766502
0.410604
0.745991
0.545625
0.009318
0.202241
0.344152
0.015472
0.005220
0.973929
0.393666
0.755444
0.316774
0.917625
0.714891
0.536686
0.187200
0.345679
0.175859
0.480438
0.832888
0.883197
0.132227
0.230195
0.637898
0.832990
0.878053
0.035936
0.897621
0.011844
0.282844
0.888071
0.728495
0.761552
0.029130
0.520548
0.750328
0.291127
0.428479
0.194427
0.715824
0.302525
0.646440
0.512776
0.045316
0.850086
0.402627
0.894116
0.625095
0.170145
0.390641
0.042695
0.668142
0.589810
0.313904
0.549883
0.194078
0.888587
0.356953
0.244047
0.143718
0.051008
0.596275
0.958487
0.675365
0.380025
0.280045
0.086245
0.449838
0.899270
0.369499
0.883021
0.182228
0.450472
0.973093
0.857033
0.373933
0.285114
0.506279
0.299015
0.419487
0.127416
0.903259
0.938341
0.655457
0.257880
0.542066
0.250249
0.860363
0.592629
0.820050
0.407402
0.241060
0.347752
0.898941
0.818905
0.191417
0.240577
0.911935
0.798111
0.413016
0.018128
0.828714
0.888415
0.327312
0.678204
0.170772
0.713607
0.573657
0.586172
0.511878
0.977870
0.443528
0.537028
0.288663
0.697902
0.318047
0.602282
0.243002
0.978012
0.199192
0.048101
0.235375
0.152254
0.278653
0.977439
0.525415
0.039513
0.070120
0.696608
0.071355
0.272605
0.356953
0.120717
0.531438
0.815665
0.473046
0.149237
0.380121
0.454071
0.909061
0.586876
0.337825
0.933886
0.036106
0.295132
0.087440
0.684349
0.184003
0.594510
0.444681
0.110771
0.519983
0.535543
0.188843
0.709047
0.357413
0.793566
0.558894
0.205205
0.569694
0.616335
0.760988
0.616099
0.911395
0.317962
0.458751
0.364074
0.203446
0.002584
0.152444
0.545740
0.494830
0.198777
0.067497
0.776657
0.185848
0.057792
0.510420
0.975514
0.713140
0.246008
0.079004
0.838731
0.677021
0.339777
0.214498
0.746905
0.053677
0.117369
0.934086
0.878590
0.610543
0.188048
0.732196
0.930916
0.207344
0.002473
0.926688
0.861874
0.186185
0.847840
0.589340
0.018341
0.936461
0.272605
0.269581
0.020370
0.922476
0.285979
0.427451
0.165349
0.911781
0.592394
0.662928
0.221136
0.328527
0.642999
0.591454
0.620358
0.356310
0.585820
0.765828
0.899763
0.517839
0.898034
0.723624
0.813985
0.943064
0.760762
0.879125
0.010135
0.776102
0.976820
0.722345
0.991164
0.941762
0.351468
0.860552
0.411809
0.226221
0.408101
0.645728
0.534402
0.108764
0.970830
0.202241
0.388892
0.607945
0.679623
0.509187
0.727452
0.539774
0.431672
0.956335
0.485908
0.823988
0.852125
0.586407
0.472396
0.806684
0.608653
0.945621
0.562255
0.260145
0.977691
0.865158
0.759294
0.033567
0.377067
0.609007
0.602400
0.081612
0.126399
0.781966
0.751581
0.425913
0.251676
0.772653
0.927879
0.269581
0.961773
0.747933
0.333680
0.564925
0.591454
0.884161
0.475105
0.570975
0.299422
0.302935
0.583125
0.286372
0.287398
0.678795
0.372420
0.265165
0.257225
0.914614
0.616572
0.703070
0.181017
0.516825
0.395919
0.228732
0.870712
0.515924
0.201880
0.756125
0.859794
0.214246
0.630665
0.989673
0.820050
0.356494
0.475540
0.883548
0.096286
0.407103
0.000560
0.671696
0.812511
0.786364
0.288901
0.430022
0.079406
0.182726
0.545970
0.661742
0.331403
0.673827
0.984111
0.112995
0.725017
0.538630
0.707525
0.739801
0.834710
0.919110
0.731156
0.456940
0.158000
0.955478
0.665180
0.358057
0.965511
0.261393
0.672998
0.981167
0.256572
0.111642
0.220298
0.520322
0.927879
