0.236463
0.633984
0.185792
0.681396
0.539660
0.417053
0.049012
0.446046
0.415537
0.960174
0.428479
0.812511
0.944897
0.702014
0.818592
0.037085
0.464421
0.958280
0.731734
0.575991
0.839531
0.720485
0.685176
0.978994
0.317792
0.567832
0.030406
0.496047
0.973213
0.799727
0.257007
0.350831
0.399659
0.127090
0.745991
0.911935
0.673353
0.890729
0.425811
0.808385
0.142275
0.569810
0.395428
0.620713
0.914386
0.682696
0.281054
0.490304
0.492730
0.302197
0.057269
0.499818
0.996678
0.080217
0.625924
0.617400
0.342005
0.227606
0.091112
0.543672
0.934285
0.638017
0.364354
0.865065
0.055185
0.324720
0.088590
0.956971
0.970661
0.121537
0.928922
0.654152
0.114214
0.861403
0.221783
0.457046
0.579263
0.701427
0.993961
0.194485
0.831162
0.730809
0.467969
0.799189
0.332190
0.504940
0.397491
0.232471
0.937047
0.985412
0.674418
0.935477
0.383287
0.955800
0.345589
0.506950
0.699900
0.416750
0.662335
0.149846
0.441644
0.070048
0.385407
0.462491
0.349924
0.735312
0.867947
0.607000
0.609125
0.186748
0.515474
0.875987
0.402428
0.679505
0.486127
0.530983
0.979610
0.952127
0.329571
0.565623
0.107596
0.222561
0.333505
0.266134
0.186579
0.517276
0.266134
0.562255
0.961773
0.759068
0.904064
0.191302
0.547120
0.003129
0.936265
0.416750
0.524848
0.755104
0.682696
0.957287
0.485030
0.977727
0.683404
0.533831
0.505721
0.867298
0.621897
0.861403
0.749987
0.396901
0.854731
0.028213
0.647864
0.395428
0.198658
0.055012
0.670156
0.463134
0.660557
0.385021
0.352743
0.127457
0.733813
0.749074
0.478584
0.104810
0.791173
0.456408
0.915069
0.783949
0.062020
0.041803
0.931053
0.430847
0.342809
0.338091
0.715358
0.639796
0.230863
0.932004
0.519645
0.336234
0.076186
0.992181
0.143763
0.652610
0.813669
0.354112
0.491076
0.486676
0.666721
0.245727
0.967702
0.469371
0.394057
0.616217
0.060153
0.498708
0.870895
0.483716
0.260218
0.049012
0.208636
0.283547
0.596745
0.212363
0.426323
0.997956
0.237896
0.221848
0.629361
0.431156
0.797464
0.755785
0.602989
0.068738
0.509075
0.805512
0.931257
0.747933
0.042787
0.607236
0.749987
0.361381
0.291765
0.415840
0.717690
0.314578
0.381942
0.168120
0.068385
0.934882
0.220620
0.587345
0.567599
0.958745
0.591924
0.951055
0.995253
0.572724
0.742899
0.220878
0.007104
0.687890
0.457685
0.856554
0.473696
0.512102
0.548846
0.751240
0.561559
0.443528
0.804659
0.751695
0.373176
0.624029
0.065639
0.093980
0.664469
0.515136
0.609243
0.993417
0.795409
0.718156
0.527685
0.510868
0.926124
0.571558
0.439765
0.017233
0.013200
0.606056
0.673353
0.728958
0.018938
0.329919
0.334647
0.570043
0.291525
0.318727
0.524622
0.220040
0.012634
0.326447
0.522244
0.869793
0.366219
0.960678
0.417256
0.043776
0.527231
0.165502
0.080652
0.294489
0.333944
0.607236
0.907409
0.518065
0.153255
0.182008
0.015112
0.659489
0.569810
0.814405
0.951282
0.193729
0.352378
0.662809
0.387050
0.777544
0.070168
0.451740
0.617755
0.205510
0.515136
0.790192
0.071968
0.930848
0.244606
0.973173
0.955046
0.418979
0.686946
0.226024
0.317113
0.860078
0.304167
0.244956
0.476191
0.736234
0.385890
0.800158
0.135249
0.941011
0.431053
0.509523
0.044042
0.277343
0.978786
0.704126
0.236599
0.682105
0.439869
0.072388
0.410404
0.714891
0.854154
0.502599
0.430640
0.415537
0.331840
0.624029
0.435708
0.836926
0.303838
0.248475
0.433118
0.978190
0.745648
0.308302
0.124466
0.318556
0.567367
0.898447
0.802412
0.787679
0.824297
0.425503
0.415335
0.108942
0.907409
0.036080
0.495715
0.021854
0.078683
0.493945
0.919184
0.530983
0.718855
0.186410
0.530527
0.489644
0.139428
0.113400
0.834103
0.802198
0.971707
0.300073
0.261835
0.775325
0.823988
0.471747
0.425503
0.239199
0.424480
0.820985
0.472396
0.552882
0.811772
0.143763
0.387050
0.345050
0.869517
0.140490
0.744160
0.331403
0.129182
0.142365
0.396213
0.156534
0.776990
0.694254
0.622963
0.735888
0.720136
0.601692
0.581954
0.517501
0.320260
0.782628
0.747933
0.654033
0.820050
0.504605
0.009832
0.313315
0.660912
0.610779
0.982026
0.835517
0.105709
0.335704
0.289139
0.494498
0.423663
0.795409
0.561211
0.734043
0.440809
0.833294
0.477714
0.555885
0.123629
0.108942
0.270636
0.366874
0.615744
0.817966
0.069880
0.048943
0.800373
0.546430
0.188900
0.006607
0.141470
0.699547
0.828918
0.092152
0.463670
0.374407
0.397786
0.770086
0.150833
0.489534
0.903742
0.291446
0.636949
0.726757
0.572257
0.805406
0.484592
0.525869
0.031435
0.199906
0.439348
0.981711
0.617518
0.757371
0.958694
0.286451
0.786035
0.317792
0.335704
0.866649
0.877067
0.366219
0.649169
0.990983
0.423663
0.162165
0.923198
0.795734
0.330791
0.490855
0.784278
0.729768
0.969808
0.131639
0.704830
0.533717
0.894284
0.566320
0.861874
0.213742
0.038669
0.370346
0.112152
0.602046
0.723391
0.798003
0.510532
0.342273
0.974593
0.694607
0.690956
0.617045
0.070771
0.905584
0.270636
0.519983
0.089304
0.846859
0.962411
0.461421
0.287951
0.067846
0.487225
0.296423
0.513899
0.044294
0.354844
0.521000
0.093077
0.341737
0.179647
0.170772
0.549422
0.554498
0.048580
0.832280
0.535657
0.909998
0.056179
0.903662
0.970661
0.612906
0.724901
0.667432
0.949740
0.242724
0.413620
0.112298
0.909139
0.346399
0.603107
0.591571
0.706939
0.615152
0.839630
0.977691
0.218244
0.755104
0.428376
0.453329
0.919995
0.974941
0.647508
0.360918
0.878858
0.577860
0.967836
0.914614
0.652965
0.855116
0.373555
0.781415
0.819218
0.491847
0.000762
0.344691
0.977403
0.124667
0.446887
0.721532
0.581954
0.499152
0.846172
0.285900
0.510195
0.496379
0.297555
0.905584
0.506056
0.276498
0.112848
0.670393
0.560284
0.084694
0.136717
0.366033
0.204719
0.374786
0.836121
0.570043
0.182228
0.916727
0.079514
0.477387
0.257225
0.930574
0.005999
0.651423
0.144307
0.109334
0.313736
0.109370
0.175591
0.927949
0.755331
0.735427
0.782518
0.165502
0.343615
0.155564
0.258901
0.500485
0.028864
0.174523
0.633747
0.859319
0.517614
0.202602
0.875536
0.873634
0.982800
0.098970
0.405508
0.924846
0.865251
0.179266
0.522583
0.744503
0.444786
0.901559
0.923702
0.004802
0.331927
0.326966
0.545625
0.121655
0.192455
0.079865
0.904545
0.028349
0.457898
0.387825
0.700957
0.460032
0.714074
0.622016
0.519306
0.575524
0.637780
0.849404
0.713957
0.318132
0.506056
0.812194
0.117445
0.733813
0.291127
0.284957
0.994970
0.375450
0.161415
0.921969
0.525415
0.954884
0.154791
0.366780
0.986670
0.227672
0.439035
0.310634
0.094544
0.747476
0.097733
0.638610
0.108978
0.120328
0.986644
0.710100
0.434879
0.162768
0.648457
0.981995
0.504605
0.210058
0.427349
0.071796
0.199192
0.596039
0.034821
0.068361
0.240163
0.542984
0.240094
0.386180
0.299341
0.037556
0.192397
0.888329
0.251247
0.850670
0.056160
0.524055
0.041356
0.444996
0.245727
0.280898
0.138417
0.973013
0.685294
0.234562
0.552305
0.694136
0.001640
0.235240
0.416244
0.597216
0.965743
0.101987
0.526436
0.304167
0.162768
0.916201
0.469478
0.647745
0.484592
0.318132
0.789974
0.609598
0.391908
0.325410
0.011387
0.836725
0.388697
0.237896
0.022770
0.349471
0.399067
0.903098
0.594275
0.713840
0.185008
0.365752
0.334999
0.977076
0.890302
0.092984
0.817653
0.364074
0.843013
0.393959
0.456089
0.285507
0.911163
0.044516
0.888243
0.720368
0.490525
0.028328
0.341826
0.119824
0.558083
0.118323
0.201940
0.290728
0.304414
0.409302
0.893780
0.024628
0.317792
0.354020
0.418573
0.813985
0.630072
0.672051
0.242863
0.157168
0.448678
0.192802
0.633036
0.573773
0.196298
0.092922
0.479892
0.609362
0.177421
0.018320
0.448361
0.223081
0.624740
0.638728
0.486017
0.891580
0.744618
0.515586
0.940759
0.059591
0.051242
0.500151
0.740834
0.872541
0.789974
0.688362
0.790955
0.065504
0.867298
0.421928
0.722345
0.357413
0.818592
0.144489
0.910853
0.242238
0.285664
0.020119
0.608181
0.728611
0.256427
0.578328
0.619293
0.128687
0.664469
0.497266
0.810081
0.597687
0.483169
0.115933
0.240370
0.921678
0.969159
0.044215
0.770980
0.178993
0.494830
0.189812
0.011721
0.776102
0.619648
0.466355
0.311136
0.825739
0.513562
0.492289
0.328701
0.751695
0.562023
0.765716
0.541149
0.903823
0.063520
0.474888
0.960527
0.602871
0.598276
0.868594
0.917326
0.024094
0.793566
0.093356
0.441226
0.554152
0.596981
0.510756
0.749987
0.085323
0.200861
0.121380
0.616572
0.347571
0.090567
0.178178
0.565623
0.912474
0.121185
0.877874
0.083308
0.667313
0.271241
0.177259
0.322828
0.900908
0.123510
0.393275
0.161016
0.772207
0.355576
0.567018
0.175967
0.333680
0.887380
0.399758
0.938662
0.259486
0.266805
0.146455
0.327052
0.954340
0.560980
0.855596
0.669445
0.604168
0.054245
0.212300
0.041639
0.101317
0.763467
0.013265
0.551036
0.881788
0.417864
0.460245
0.153542
0.992597
0.639322
0.221007
0.102594
0.943433
0.624503
0.695902
0.006612
0.959820
0.889103
0.614206
0.790192
0.416649
0.372987
0.655931
0.435916
0.392396
0.565274
0.188729
0.942260
0.037679
0.155419
0.402032
0.491406
0.455132
0.770868
0.965091
0.344960
0.339244
0.855884
0.748276
0.519983
0.382518
0.379452
0.625095
0.295858
0.545625
0.083308
0.062885
0.454283
0.090991
0.814300
0.818697
0.060911
0.045219
0.956865
0.586172
0.873088
0.721532
0.240577
0.584648
0.827280
0.742211
0.938083
0.961970
0.993049
0.690720
0.716058
0.820466
0.274890
0.622016
0.620122
0.168689
0.514236
0.347752
0.369311
0.036645
0.147655
0.292404
0.659845
0.179211
0.443947
0.658896
0.781966
0.029528
0.509299
0.622845
0.261540
0.287714
0.690131
0.256717
0.067219
0.863661
0.412211
0.133539
0.871170
0.307472
0.041564
0.362680
0.026276
0.869793
0.190728
0.803911
0.934949
0.386083
0.067636
0.836222
0.992543
0.378687
0.979406
0.942817
0.712672
0.085008
0.597687
0.822644
0.104638
0.318132
0.129099
0.993318
0.917997
0.545625
0.434360
0.766838
0.130135
0.162919
0.973293
0.874903
0.659726
0.389474
0.768408
0.345409
0.768967
0.569694
0.228400
0.918221
0.033997
0.701662
0.868225
0.893527
0.067358
0.831874
0.417357
0.107526
0.538286
0.686238
0.779758
0.994984
0.590162
0.697666
0.222367
0.546430
0.716641
0.971375
0.045074
0.637186
0.706939
0.924132
0.425094
0.936852
0.295858
0.249538
0.131765
0.726293
0.920069
0.825431
0.331403
0.700840
0.994661
0.433429
0.065436
0.786584
0.071014
0.777877
0.466570
0.104776
0.606764
0.351559
0.783839
0.930369
0.186861
0.833091
0.518065
0.433843
0.885297
0.954230
0.882052
0.984400
0.036645
0.553921
0.238102
0.461207
0.450260
0.232471
0.330966
0.708579
0.434360
0.144716
0.479456
0.928228
0.214687
0.318471
0.407202
0.843211
0.922186
0.311219
0.888845
0.731503
0.600396
0.272302
0.349018
0.802626
0.215003
0.281831
0.442586
0.768632
0.654033
0.906538
0.733928
0.051008
0.258390
0.788773
0.584297
0.882757
0.663639
0.884424
0.224189
0.378592
0.967791
0.701544
0.877336
0.962019
0.248971
0.821504
0.688008
0.506391
0.099199
0.377733
0.539889
0.056970
0.230863
0.838130
0.366967
0.812300
0.939429
0.465710
0.449733
0.373365
0.886774
0.263977
0.640389
0.759181
0.299097
0.764368
0.826870
0.387147
0.685412
0.154839
0.696608
0.047239
0.604876
0.373838
0.872815
0.764817
0.730578
0.084780
0.962264
0.379165
0.421215
0.708579
0.581252
0.700252
0.148537
0.917848
0.908669
0.616927
0.207283
0.438723
0.692016
0.998547
0.686592
0.961674
0.931529
0.038935
0.836322
0.879749
0.629598
0.230329
0.934684
0.050275
0.686946
0.183114
0.919258
0.853575
0.945861
0.459818
0.435190
0.499818
0.854828
0.111933
0.592041
0.509523
0.807960
0.356769
0.685294
0.011010
0.394449
0.710568
0.542754
0.357321
0.408801
0.808067
0.541264
0.983848
0.294730
0.377257
0.637661
0.855692
0.903742
0.921095
0.250819
0.571558
0.704478
0.977834
0.460459
0.850670
0.296827
0.925202
0.810716
0.013815
0.278113
0.290489
0.906062
0.936395
0.894704
0.660082
0.439035
0.216460
0.373176
0.447098
0.429816
0.740834
0.657592
0.705064
0.581252
0.536800
0.350831
0.223211
0.575290
0.736810
0.774769
0.642406
0.321628
0.271468
0.258901
0.507956
0.949394
0.035126
0.137151
0.310133
0.053658
0.735312
0.913852
0.291127
0.147285
0.680214
0.765154
0.869056
0.527799
0.114288
0.304332
0.591571
0.197770
0.670038
0.692605
0.777434
0.084523
0.592394
0.234833
0.171402
0.665180
0.767511
0.903742
0.835920
0.457259
0.922041
0.330355
0.988788
0.817026
0.020747
0.096638
0.332102
0.284330
0.888243
0.729537
0.080543
0.612079
0.041002
0.766838
0.996345
0.532577
0.262351
0.130052
0.561211
0.021258
0.938083
0.030686
0.401636
0.853768
0.253324
0.112848
0.303510
0.356310
0.903017
0.024247
0.955478
0.838631
0.705064
0.321885
0.345679
0.654389
0.884861
0.354569
0.852996
0.069952
0.049657
0.027103
0.951508
0.427965
0.899517
0.519419
0.211488
0.498708
0.396606
0.023043
0.679268
0.634577
0.355301
0.439244
0.520661
0.375355
0.234021
0.662098
0.414729
0.085495
0.041312
0.059095
0.992685
0.223733
0.456302
0.293365
0.575991
0.143672
0.825328
0.195829
0.500151
0.749873
0.571791
0.664469
0.825019
0.970788
0.344242
0.499818
0.272302
0.350741
0.701427
0.412613
0.467646
0.128440
0.790192
0.573540
0.895625
0.669209
0.653677
0.105709
0.775325
0.229729
0.700605
0.874813
0.262646
0.770198
0.298934
0.467108
0.625806
0.814195
0.831874
0.452481
0.063388
0.535772
0.425401
0.651779
0.672761
0.321885
0.096895
0.570626
0.221460
0.815769
0.440495
0.764030
0.670156
0.478040
0.451529
0.327746
0.733351
0.619648
0.442690
0.882757
0.103987
0.945320
0.283704
0.985822
0.609598
0.433946
0.406404
0.051677
0.460245
0.204901
0.262498
0.489203
0.080816
0.059260
0.046573
0.552074
0.900336
0.935806
0.942198
0.770309
0.597452
0.727684
0.336057
0.466785
0.152539
0.887380
0.948348
0.211551
0.749417
0.978401
0.173089
0.643118
0.363330
0.628887
0.376686
0.120134
0.407003
0.879125
0.659134
0.257007
0.577977
0.859224
0.390738
0.243280
0.601103
0.090295
0.146271
0.012046
0.985632
0.823575
0.731734
0.739571
0.177313
0.197239
0.339333
0.530869
0.115557
0.208205
0.672761
0.983284
0.571441
0.352651
0.273061
0.132270
0.764143
0.168897
0.702483
0.877247
0.246078
0.819634
0.454389
0.966571
0.186410
0.431259
0.083985
0.861308
0.611842
0.127049
0.409202
0.779869
0.657948
0.783619
0.320090
0.550459
0.157168
0.930506
0.783178
0.622608
0.044579
0.843211
0.374976
0.952239
0.053753
0.759633
0.519080
0.077518
0.049099
0.262498
0.531552
0.550575
0.341291
0.572257
0.332365
0.974321
0.777101
0.850183
0.679505
0.997602
0.214624
0.947290
0.590749
0.360363
0.219719
0.917699
0.632324
0.498708
0.027314
0.983284
0.987660
0.132903
0.593452
0.061271
0.289139
0.594510
0.026471
0.415335
0.166627
0.600043
0.884336
0.957129
0.759407
0.900336
0.764030
0.983284
0.982800
0.561791
0.899599
0.907330
0.174843
0.418979
0.677968
0.087410
0.714424
0.435293
0.009114
0.784059
0.972932
0.545166
0.255196
0.846761
0.940507
0.434464
0.765828
0.726757
0.439661
0.802841
0.485030
0.381079
0.699077
0.150409
0.672169
0.473696
0.499485
0.889446
0.343167
0.778873
0.755671
0.699195
0.178016
0.030151
0.907961
0.629005
0.812194
0.618110
0.885471
0.604994
0.761552
0.967880
0.226814
0.050027
0.625095
0.988003
0.982861
0.561559
0.481966
0.181732
0.002286
0.484702
0.319834
0.261393
0.352651
0.295777
0.576341
0.810504
0.907488
0.199489
0.219205
0.433636
0.305651
0.002995
0.505051
0.534516
0.999331
0.875084
0.492730
0.499929
0.764030
0.381462
0.047812
0.467431
0.396410
0.686828
0.274051
0.152825
0.255558
0.031493
0.844398
0.073158
0.499596
0.813353
0.467323
0.535315
0.814195
0.240370
0.964904
0.223277
0.359624
0.115295
0.936265
0.581954
0.389377
0.149284
0.594393
0.886080
0.738881
0.529276
0.382422
0.669209
0.695196
0.934019
0.132481
0.737961
0.570043
0.659015
0.582422
0.222756
0.131010
0.570509
0.887812
0.300236
0.533033
0.071136
0.057892
0.177367
0.043310
0.511541
0.669209
0.530983
0.889789
0.489203
0.051278
0.787131
0.764255
0.355027
0.884074
0.433739
0.361381
0.223472
0.537600
0.678322
0.714658
0.315252
0.067636
0.028505
0.519983
0.426528
0.729189
0.407602
0.095237
0.245516
0.953462
0.390252
0.870895
0.457259
0.704478
0.433222
0.565971
0.690366
0.516600
0.844101
0.405607
0.259266
0.424582
0.640033
0.294328
0.688952
0.963092
0.776213
0.758842
0.637780
0.559241
0.090991
0.199966
0.182615
0.890131
0.145858
0.847448
0.303838
0.265537
0.081309
0.324375
0.633747
0.572024
0.613852
0.744045
0.605820
0.968236
0.299015
0.566320
0.806471
0.243978
0.571791
0.161465
0.281442
0.061634
0.421419
0.462491
0.046939
0.166064
0.295293
0.350922
0.541149
0.747476
0.173566
0.868687
0.346579
0.791827
0.961970
0.205814
0.945981
0.033384
0.907646
0.170877
0.547925
0.258463
0.615271
0.346039
0.919406
0.487335
0.236191
0.916502
0.759633
0.087675
0.895458
0.953462
0.772207
0.692134
0.174363
0.374028
0.320260
0.319067
0.597452
0.587462
0.082109
0.247133
0.669327
0.478911
0.859319
0.091998
0.004485
0.546545
0.005222
0.149893
0.752150
0.783178
0.868317
0.722927
0.738766
0.612079
0.187595
0.736925
0.291366
0.063300
0.410304
0.829939
0.033750
0.020119
0.025126
0.426426
0.806471
0.401339
0.285979
0.276345
0.534402
0.741523
0.615507
0.233144
0.105086
0.239199
0.961723
0.470450
0.983760
0.187087
0.874903
0.116083
0.796275
0.824400
0.663521
0.691192
0.600396
0.870069
0.687654
0.654508
0.405010
0.054973
0.135765
0.954012
0.389280
0.062755
0.627346
0.022846
0.887121
0.144262
0.316774
0.490194
0.937631
0.228732
0.419081
0.455132
0.772207
0.174044
0.430125
0.465280
0.706002
0.426938
0.237145
0.179647
0.883285
0.798219
0.248688
0.512102
0.929268
0.090627
0.465387
0.122087
0.736234
0.081694
0.600278
0.975741
0.353472
0.455557
0.267254
0.603814
0.738076
0.556116
0.353016
0.395527
0.366126
0.161265
0.981806
0.654270
0.934418
0.882317
0.320602
0.361659
0.234156
0.516600
0.991124
0.207344
0.498375
0.253971
0.375640
0.805726
0.775658
0.558778
0.577626
0.419081
0.295132
0.014001
0.066965
0.110447
0.682459
0.992454
0.540691
0.079165
0.422948
0.221007
0.410705
0.836725
0.243489
0.155419
0.618465
0.789646
0.812511
0.595686
0.535315
0.870804
0.510644
0.683168
0.161915
0.430847
0.056911
0.455132
0.884424
0.840728
0.225302
0.968236
0.642050
0.240232
0.274432
0.462170
0.695784
0.292884
0.992703
0.030462
0.014441
0.473479
0.857701
0.899270
0.324117
0.259559
0.621661
0.686710
0.878053
0.295858
0.872359
0.007216
0.919553
0.346309
0.913776
0.195185
0.152968
0.190556
0.800910
0.187482
0.588284
0.452269
0.158934
0.736810
0.606056
0.394938
0.381462
0.230997
0.367997
0.228798
0.043248
0.001845
0.672880
0.112006
0.341737
0.363051
0.483060
0.166166
0.494056
0.118860
0.990677
0.896874
0.961028
0.540118
0.507173
0.384732
0.329745
0.722810
0.650830
0.110699
0.171927
0.483169
0.504047
0.352014
0.422846
0.056101
0.737616
0.002477
0.314493
0.816293
0.861497
0.526323
0.884424
0.462813
0.859699
0.613142
0.622371
0.934418
0.252105
0.358609
0.341826
0.397393
0.380887
0.602164
0.536571
0.273975
0.093824
0.986748
0.853575
0.356861
0.101384
0.526209
0.230930
0.801125
0.344960
0.975248
0.905744
0.930232
0.068126
0.448783
0.404314
0.392591
0.101954
0.989562
0.611252
0.977149
0.205144
0.480329
0.282766
0.162065
0.028265
0.984285
0.969419
0.242793
0.844101
0.703891
0.499374
0.222172
0.361659
0.355485
0.885906
0.390349
0.877605
0.818697
0.972160
0.348475
0.157168
0.344870
0.409602
0.784388
0.766390
0.477278
0.852706
0.881611
0.616572
0.816188
0.951846
0.440495
0.825945
0.575874
0.530641
0.886427
0.864878
0.284408
0.103543
0.507732
0.933819
0.367810
0.631139
0.961028
0.768408
0.981360
0.413217
0.772876
0.353290
0.566087
0.921313
0.103850
0.468077
0.851058
0.257443
0.447835
0.012712
0.497598
0.818592
0.988625
0.630665
0.606646
0.333066
0.936265
0.326360
0.691545
0.786584
0.315168
0.989957
0.396017
0.705885
0.435397
0.273441
0.830958
0.940948
0.613024
0.918518
0.579614
0.831569
0.232001
0.924561
0.142680
0.602871
0.980348
0.629598
0.870987
0.979200
0.449099
0.596863
0.236735
0.237486
0.552189
0.609952
0.901071
0.502153
0.543558
0.558546
0.976191
0.517952
0.428376
0.938854
0.595804
0.159527
0.861214
0.736695
0.714424
0.736003
0.787898
0.386566
0.267104
0.920142
0.960275
0.885732
0.588988
0.933819
0.418370
0.079111
0.659371
0.157315
0.620950
0.148864
0.729999
0.714074
0.998506
0.781194
0.607354
0.482513
0.729537
0.626161
0.263311
0.077940
0.144853
0.377448
0.543787
0.208698
0.894956
0.216524
0.091325
0.232875
0.231934
0.925841
0.279117
0.888845
0.082916
0.208821
0.697549
0.066322
0.056140
0.993961
0.004753
0.249894
0.540691
0.062603
0.608181
0.225827
0.874360
0.438619
0.653796
0.028213
0.381462
0.064227
0.494277
0.334647
0.235851
0.073233
0.699900
0.801661
0.255486
0.593687
0.336587
0.310300
0.210555
0.136024
0.744847
0.725133
0.080163
0.769079
0.047677
0.723043
0.012106
0.110339
0.779758
0.402726
0.894788
0.808704
0.674892
0.667550
0.588988
0.811561
0.127989
0.977941
0.506391
0.549422
0.547235
0.221783
0.027043
0.510868
0.461421
0.404811
0.281054
0.495826
0.208883
0.914157
0.669919
0.991440
0.917102
0.579146
0.351377
0.677968
0.863755
0.699195
0.501819
0.638254
0.883109
0.602400
0.716058
0.155467
0.333417
0.411207
0.795626
0.621661
0.802519
0.489424
0.549883
0.242585
0.866463
0.679268
0.917848
0.510980
0.966663
0.498375
0.508627
0.681278
0.726293
0.147516
0.528139
0.820258
0.849599
0.323257
0.972283
0.530869
0.227078
0.500707
0.079784
0.918518
0.331665
0.481420
0.647389
0.915447
0.716291
0.390155
0.697666
0.152634
0.783729
0.407502
0.365099
0.653559
0.905025
0.844694
0.335704
0.761665
0.844101
0.811561
0.648813
0.524848
0.352287
0.045026
0.937696
0.680923
0.320090
0.841524
0.362401
0.018313
0.173300
0.611370
0.295938
0.108942
0.470342
0.222886
0.058624
0.379643
0.616453
0.698607
0.202903
0.995664
0.059198
0.970108
0.396901
0.781856
0.661268
0.357504
0.363981
0.246429
0.551843
0.800050
0.495826
0.151684
0.047965
0.697078
0.706705
0.878053
0.955478
0.832584
0.192051
0.753287
0.797788
0.881876
0.976673
0.551843
0.208389
0.503490
0.156388
0.134777
0.112481
0.980381
0.423254
0.519306
0.890046
0.497487
0.093949
0.968809
0.027395
0.296665
0.994370
0.636000
0.661505
0.867577
0.332978
0.942941
0.722694
0.768072
0.491076
0.728726
0.347481
0.816817
0.844101
0.735542
0.109692
0.095681
0.016517
0.100884
0.553805
0.974979
0.317877
0.854346
0.140047
0.007754
0.226616
0.192166
0.920142
0.467754
0.294971
0.746219
0.498153
0.510756
0.875807
0.041475
0.999440
0.522923
0.388019
0.239543
0.802733
0.880548
0.549768
0.652491
0.180249
0.156437
0.315168
0.914081
0.264497
0.567948
0.818905
0.145355
0.998044
0.953902
0.893105
0.098643
0.542181
0.382614
0.043279
0.843607
0.222302
0.657592
0.439452
0.186974
0.373933
0.874632
0.543902
0.134435
0.761214
0.194136
0.928645
0.433429
0.686474
0.103748
0.374691
0.313399
0.249255
0.672524
0.963526
0.855404
0.527117
0.001694
0.937825
0.057249
0.156534
0.672524
0.854154
0.162667
0.630546
0.735542
0.238376
0.903098
0.872633
0.692959
0.986774
0.555307
0.798435
0.803483
0.954066
0.161865
0.508851
0.291366
0.807216
0.407802
0.613852
0.233616
0.587697
0.423254
0.326014
0.482076
0.143944
0.586055
0.463241
0.891240
0.899517
0.205571
0.103885
0.343883
0.035677
0.900581
0.508180
0.097668
0.213365
0.634933
0.085582
0.658185
0.336852
0.910542
0.642525
0.221007
0.200085
0.192108
0.051368
0.808279
0.711971
0.038503
0.542066
0.642643
0.033299
0.221589
0.523942
0.455983
0.101351
0.716757
0.252678
0.861403
0.470882
0.323429
0.028874
0.423356
0.037381
0.346579
0.003294
0.660557
0.218628
0.029550
0.557389
0.458964
0.774546
0.132819
0.063432
0.378783
0.630546
0.720136
0.639440
0.784938
0.541378
0.500818
0.820154
0.200742
0.956228
0.011475
0.932274
0.257007
0.979508
0.384635
0.805619
0.042209
0.496047
0.160767
0.226550
0.690838
0.179211
0.400153
0.707408
0.303756
0.816607
0.680450
0.504605
0.223407
0.071258
0.966297
0.953130
0.036831
0.506614
0.568879
0.039216
0.605466
0.984799
0.887121
0.424787
0.445101
0.478149
0.041983
0.193149
0.188275
0.808597
0.611133
0.120990
0.223537
0.399758
0.821401
0.629835
0.660912
0.979981
0.424889
0.036289
0.481420
0.556463
0.845089
0.306726
0.526777
0.542754
0.263755
0.734043
0.239131
0.618820
0.082749
0.417357
0.377829
0.364261
0.467646
0.977798
0.884948
0.435708
0.717690
0.443109
0.720136
0.857797
0.611961
0.962655
0.601339
0.744503
0.577276
0.411910
0.206854
0.875626
0.074265
0.388794
0.633154
0.857319
0.466032
0.164891
0.002265
0.362401
0.195946
0.678795
0.004802
0.106439
0.253539
0.000619
0.054341
0.105813
0.504493
0.942879
0.460566
0.897040
0.726293
0.995896
0.273670
0.562487
0.495604
0.944957
0.159576
0.356677
0.480656
0.909061
0.063828
0.917176
0.450472
0.132946
0.077307
0.206731
0.469910
0.553690
0.823781
0.716291
0.467646
0.968369
0.361845
0.963813
0.071233
0.903098
0.497155
0.725945
0.000675
0.821297
0.702718
0.625332
0.680096
0.898282
0.539316
0.986144
0.002464
0.389863
0.941387
0.993151
0.393079
0.795626
0.853479
0.443109
0.119553
0.022399
0.861497
0.141425
0.408101
0.506279
0.144671
0.054589
0.826254
0.281054
0.227672
0.601810
0.225040
0.580082
0.423458
0.689305
0.804018
0.777434
0.058542
0.478149
0.250748
0.111787
0.599454
0.025005
0.969851
0.409802
0.088649
0.856267
0.259486
0.621187
0.955532
0.870987
0.977547
0.791282
0.311721
0.011726
0.140180
0.346489
0.977003
0.735773
0.051750
0.922114
0.204780
0.781746
0.674655
0.435397
0.876977
0.622016
0.944715
0.451317
0.575991
0.922404
0.008731
0.852609
0.586876
0.837628
0.473696
0.664706
0.340311
0.211239
0.520661
0.065685
0.464636
0.567948
0.353746
0.222496
0.018169
0.170930
0.269129
0.341648
0.874360
0.155080
0.659134
0.894200
0.119553
0.667669
0.424378
0.781746
0.571208
0.299259
0.124227
0.796491
0.247627
0.055147
0.915598
0.195712
0.048460
0.688362
0.318047
0.987133
0.829327
0.840130
0.909608
0.006495
0.086622
0.011903
0.758955
0.833699
0.547235
0.322570
0.576575
0.870620
0.939110
0.138067
0.904144
0.259266
0.391615
0.473587
0.704947
0.639915
0.308136
0.810610
0.254331
0.917774
0.914538
0.785487
0.007580
0.833598
0.430744
0.686356
0.455876
0.938726
0.986774
0.893021
0.602046
0.205510
0.347933
0.310467
0.342988
0.721880
0.906062
0.678677
0.001945
0.182173
0.700017
0.881964
0.438931
0.365939
0.690013
0.597452
0.012041
0.580082
0.295858
0.636119
0.922404
0.383864
0.544591
0.894200
0.645965
0.339422
0.387437
0.838430
0.079973
0.287161
0.459711
0.865065
0.577743
0.720368
0.620595
0.195302
0.461956
0.305074
0.415234
0.509299
0.684940
0.547695
0.695902
0.056970
0.351468
0.596628
0.905025
0.911395
0.356677
0.196064
0.778320
0.458644
0.213491
0.134991
0.921750
0.589692
0.834609
0.493172
0.915296
0.669327
0.392396
0.782848
0.262646
0.227078
0.571674
0.969072
0.502933
0.548616
0.045074
0.982214
0.375925
0.500485
0.587697
0.802305
0.290171
0.645016
0.783839
0.589223
0.369311
0.097216
0.187143
0.215066
0.782077
0.277420
0.135636
0.990841
0.340044
0.241129
0.166627
0.543328
0.831569
0.908982
0.158098
0.157315
0.095872
0.095967
0.644304
0.056573
0.645965
0.864784
0.197357
0.422438
0.455345
0.783178
0.229596
0.076888
0.670393
0.121537
0.798543
0.067358
0.590044
0.487774
0.791609
0.888587
0.568181
0.020233
0.207405
0.376210
0.821608
0.910387
0.227078
0.808916
0.715008
0.435501
0.035279
0.704478
0.694254
0.826356
0.036224
0.818592
0.531666
0.234765
0.151022
0.757144
0.006018
0.594981
0.441749
0.763130
0.414225
0.190155
0.807004
0.808704
0.572141
0.186974
0.011019
0.495494
0.605466
0.297636
0.467431
0.203326
0.075695
0.589105
0.888157
0.047239
0.124867
0.235240
0.913088
0.059570
0.842815
0.272681
0.528253
0.302279
0.452269
0.147378
0.702835
0.702835
0.958124
0.554614
0.120134
0.782187
0.788226
0.056573
0.481092
0.636356
0.811244
0.866463
0.111824
0.918221
0.351104
0.767399
0.380312
0.895959
0.290888
0.988742
0.415032
0.684113
0.173884
0.518516
0.230329
0.955961
0.512551
0.856650
0.548962
0.116347
0.080625
0.108978
0.428273
0.670630
0.189071
0.181291
0.436954
0.768072
0.115108
0.008572
0.260365
0.790192
0.575757
0.757937
0.880814
0.879215
0.825842
0.006278
0.041923
0.010770
0.665299
0.017641
0.968147
0.220233
0.143040
0.916952
0.480874
0.337117
0.371570
0.837628
0.228732
0.187878
0.387534
0.076031
0.626517
0.494387
0.346219
0.326793
0.027996
0.672288
0.990718
0.736695
0.073009
0.527685
0.138417
0.850086
0.963813
0.241822
0.657473
0.390447
0.377543
0.441540
0.481092
0.462277
0.500596
0.829837
0.558778
0.764705
0.487554
0.748846
0.757031
0.695549
0.093636
0.935937
0.944957
0.439348
0.752378
0.711737
0.675957
0.034960
0.987660
0.680096
0.764817
0.028265
0.396901
0.939429
0.805512
0.470882
0.039684
0.629005
0.185456
0.169416
0.218180
0.778431
0.694607
0.951564
0.428479
0.250392
0.928991
0.071429
0.164232
0.152539
0.021651
0.226419
0.543328
0.052539
0.268603
0.854443
0.866090
0.623792
0.486456
0.645965
0.137281
0.562255
0.847252
0.233886
0.711971
0.062798
0.170668
0.609007
0.137412
0.464958
0.375166
0.531324
0.803376
0.397491
0.136760
0.465387
0.195419
0.990615
0.481639
0.096127
0.052336
0.093730
0.944228
0.441540
0.214940
0.837628
0.666365
0.394253
0.099692
0.229396
0.155806
0.527344
0.100121
0.527458
0.945681
0.246922
0.960427
0.302361
0.550575
0.926688
0.721299
0.305651
0.910775
0.221330
0.692016
0.494166
0.847938
0.486566
0.741064
0.780311
0.938212
0.284565
0.026894
0.605820
0.024646
0.138944
0.825225
0.364447
0.355027
0.381750
0.566901
0.514124
0.995931
0.730809
0.144307
0.318642
0.663995
0.291685
0.752491
0.902451
0.766277
0.778541
0.031447
0.097701
0.126643
0.310133
0.443528
0.150928
0.005237
0.412412
0.248617
0.838230
0.438098
0.117902
0.365379
0.141783
0.624740
0.554267
0.669682
0.661387
0.395625
0.154694
0.655931
0.052006
0.286530
0.185736
0.286215
0.484373
0.214940
0.751695
0.721183
0.980907
0.102189
0.840030
0.180742
0.998420
0.562139
0.924347
0.827998
0.956068
0.697078
0.420706
0.871445
0.623081
0.069784
0.596628
0.969851
0.467108
0.562139
0.708228
0.687772
0.100352
0.683523
0.874632
0.398180
0.584179
0.416143
0.664113
0.991283
0.058869
0.108800
0.375071
0.986224
0.168120
0.696843
0.472288
0.740145
0.561095
0.409903
0.495604
0.065571
0.796491
0.240094
0.515586
0.037192
0.263533
0.825431
0.975171
0.967026
0.220685
0.208698
0.922910
0.144716
0.956971
0.255992
0.693548
0.593922
0.085841
0.758842
0.337736
0.331403
0.040201
0.860647
0.247839
0.644067
0.797248
0.063961
0.219205
0.413318
0.024094
0.443528
0.484373
0.254908
0.169520
0.763242
0.675010
0.864317
0.507844
0.757371
0.232471
0.612788
0.691309
0.335352
0.936461
0.081639
0.277267
0.692488
0.688834
0.693077
0.800480
0.334032
0.474780
0.283782
0.549653
0.782407
0.015920
0.323343
0.280666
0.806684
0.366687
0.228931
0.218372
0.183114
0.673708
0.313063
0.917625
0.331140
0.641931
0.602989
0.882581
0.079973
0.937177
0.136154
0.696843
0.217287
0.400548
0.345140
0.730115
0.229197
0.571441
0.469910
0.994618
0.446887
0.842219
0.540118
0.191705
0.602517
0.784388
0.812616
0.657236
0.018087
0.503713
0.295374
0.894704
0.887380
0.489864
0.129471
0.132988
0.821712
0.958383
0.753173
0.932477
0.451317
0.338002
0.167707
0.954775
0.254908
0.058787
0.254403
0.749873
0.366219
0.048067
0.457046
0.455132
0.384925
0.956335
0.626991
0.384250
0.369311
0.094859
0.742785
0.285900
0.465065
0.335264
0.287951
0.100884
0.673945
0.615034
0.302525
0.922476
0.291525
0.005956
0.846172
0.230195
0.653084
0.733004
0.124827
0.065120
0.904945
0.516938
0.176020
0.642762
0.479674
0.778873
0.300399
0.865997
0.616927
0.174789
0.563764
0.873543
0.764143
0.824916
0.009836
0.451846
0.632324
0.348385
0.496490
0.047323
0.467323
0.788007
0.278422
0.538058
0.568996
0.705533
0.861591
0.037951
0.882669
0.461742
0.895875
0.810293
0.415436
0.807748
0.105743
0.843310
0.405707
0.381654
0.001374
0.801769
0.198007
0.954775
0.614561
0.710919
0.474129
0.773322
0.227672
0.233212
0.586524
0.744389
0.517727
0.596745
0.774991
0.737501
0.081419
0.403817
0.249326
0.191360
0.297150
0.850475
0.465817
0.712906
0.526550
0.625213
0.975324
0.126521
0.010593
0.926899
0.396213
0.621069
0.503601
0.047474
0.624384
0.786364
0.960275
0.342630
0.441017
0.184784
0.827280
0.208944
0.265314
0.544361
0.586289
0.633154
0.499929
0.122402
0.052761
0.497709
0.340667
0.688244
0.309300
0.030787
0.019218
0.011862
0.035304
0.577626
0.376020
0.039456
0.409702
0.931053
0.110555
0.102493
0.501931
0.940570
0.852125
0.762567
0.724436
0.315506
0.742899
0.769079
0.156729
0.622963
0.230462
0.230195
0.138198
0.006867
0.614561
0.893021
0.709398
0.234156
0.962019
0.409302
0.516487
0.992963
0.532691
0.484264
0.278885
0.498597
0.498597
0.413721
0.341291
0.870345
0.147054
0.836524
0.968721
0.754537
0.073459
0.112811
0.326706
0.044326
0.599925
0.935081
0.549307
0.643592
0.678204
0.011839
0.634814
0.305404
0.179811
0.410103
0.955100
0.475757
0.762567
0.117103
0.991711
0.515586
0.810716
0.655694
0.918518
0.319663
0.831162
0.348837
0.172454
0.013084
0.662928
0.105086
0.093108
0.609480
0.837628
0.926899
0.169312
0.815140
0.032770
0.471963
0.446046
0.775325
0.545051
0.049203
0.547005
0.395821
0.346039
0.417762
0.698607
0.680687
0.424582
0.517276
0.076732
0.114809
0.674063
0.006867
0.338800
0.493172
0.253899
0.050703
0.179157
0.767735
0.819218
0.733351
0.326447
0.253611
0.115632
0.733466
0.305816
0.680923
0.724553
0.188332
0.180194
0.445311
0.093232
0.199608
0.873816
0.088976
0.801017
0.075953
0.000434
0.133327
0.591336
0.229862
0.219526
0.155273
0.148770
0.634459
0.538515
0.436850
0.700017
0.341469
0.902694
0.180797
0.922186
0.902775
0.076836
0.898859
0.792479
0.568879
0.100850
0.379643
0.306395
0.768855
0.218948
0.020515
0.326447
0.114809
0.078844
0.370816
0.713724
0.515249
0.419893
0.085438
0.669209
0.163070
0.151164
0.911085
0.373744
0.608653
0.055846
0.819426
0.279194
0.500929
0.193323
0.113658
0.457898
0.404513
0.532691
0.050275
0.338800
0.364633
0.829327
0.194252
0.464528
0.117293
0.894872
0.231063
0.309800
0.620477
0.423152
0.245376
0.695196
0.134991
0.965651
0.689070
0.759633
0.353199
0.240301
0.032143
0.103680
0.271090
0.290649
0.794759
0.361381
0.690838
0.547810
0.183059
0.239681
0.129099
0.858844
0.560632
0.882493
0.363330
0.374123
0.460138
0.685294
0.784388
0.663995
0.220943
0.471531
0.390836
0.448467
0.656880
0.110519
0.346489
0.455345
0.815769
0.120951
0.515249
0.222367
0.832381
0.015066
0.690720
0.957707
0.164080
0.622726
0.846958
0.038295
0.513450
0.680687
0.579029
0.037828
0.119206
0.755785
0.946935
0.031933
0.610306
0.077676
0.858083
0.190613
0.156388
0.227870
0.050275
0.840528
0.891155
0.623792
0.958900
0.780974
0.487994
0.815874
0.748504
0.204233
0.351741
0.026305
0.445836
0.394742
0.856746
0.910620
0.452905
0.177853
0.545855
0.378687
0.496933
0.554498
0.885384
0.953627
0.043651
0.114623
0.688834
0.062408
0.526550
0.873179
0.644542
0.876528
0.235919
0.583125
0.788445
0.330704
0.887121
0.807960
0.716174
0.208020
0.908119
0.221007
0.935543
0.116536
0.152064
0.946280
0.125430
0.349289
0.444262
0.448783
0.240577
0.546545
0.490304
0.416851
0.256427
0.556810
0.570742
0.280355
0.871811
0.212238
0.981774
0.205814
0.652728
0.532805
0.108978
0.125994
0.472613
0.445416
0.267853
0.846073
0.575407
0.406704
0.593334
0.088146
0.378878
0.840528
0.617400
0.966663
0.028949
0.096222
0.513674
0.294248
0.184952
0.210928
0.583242
0.273518
0.198184
0.795193
0.340222
0.525529
0.432808
0.116611
0.192975
0.843706
0.759068
0.076888
0.745762
0.883723
0.332365
0.579380
0.555076
0.618110
0.625569
0.442795
0.326101
0.577393
0.701896
0.650711
0.795951
0.015974
0.677140
0.895374
0.937761
0.224451
0.240025
0.096510
0.501263
0.361567
0.991480
0.996719
0.339510
0.231398
0.421826
0.169052
0.781856
0.661624
0.992685
0.666365
0.756465
0.319408
0.093294
0.469263
0.900499
0.608181
0.089304
0.735888
0.178070
0.904945
0.895541
0.631969
0.510644
0.004405
0.806471
0.940001
0.876708
0.046458
0.202542
0.038795
0.378878
0.179866
0.586055
0.219462
0.962313
0.895541
0.779427
0.341826
0.869885
0.454283
0.760085
0.086972
0.922331
0.210866
0.905185
0.920729
0.258098
0.651067
0.045251
0.974477
0.357504
0.204840
0.954285
0.151353
0.549998
0.175752
0.150645
0.567599
0.886514
0.010560
0.387244
0.491627
0.013731
0.049710
0.833294
0.090204
0.952407
0.502933
0.510756
0.478802
0.321799
0.748504
0.447098
0.785487
0.962947
0.716524
0.067613
0.049081
0.464743
0.552420
0.066116
0.154839
0.633866
0.276345
0.771873
0.588636
0.160667
0.201280
0.281287
0.396312
0.907251
0.059716
0.332803
0.631020
0.894200
0.472613
0.380504
0.213365
0.565158
0.901884
0.321542
0.610070
0.076031
0.676903
0.157315
0.179866
0.898117
0.433222
0.512663
0.155322
0.690366
0.206120
0.444996
0.492068
0.124747
0.998577
0.846368
0.089394
0.089663
0.139649
0.338179
0.813248
0.844003
0.465925
0.329484
0.755444
0.791173
0.086072
0.980744
0.830958
0.938534
0.997028
0.339599
0.635170
0.089933
0.272909
0.925060
0.111714
0.994789
0.797356
0.787788
0.625095
0.081612
0.912243
0.151306
0.130426
0.628531
0.105952
0.224843
0.032794
0.491406
0.170459
0.425708
0.109013
0.755218
0.145446
0.808704
0.042833
0.724204
0.901884
0.315759
0.093356
0.710568
0.898034
0.008305
0.720834
0.830857
0.023704
0.208328
0.166371
0.541837
0.989629
0.052966
0.804124
0.017735
0.420096
0.432085
0.912012
0.157315
0.481202
0.926617
0.064672
0.213114
0.381175
0.849111
0.506391
0.054322
0.562951
0.183280
0.241060
0.859699
0.149471
0.893021
0.509523
0.385503
0.529276
0.116649
0.023051
0.167656
0.062300
0.980115
0.938598
0.262572
0.032202
0.865997
0.593334
0.642762
0.115370
0.669445
0.056022
0.872633
0.389377
0.728611
0.294408
0.444576
0.560864
0.072512
0.591571
0.591571
0.248546
0.541722
0.329745
0.416649
0.435501
0.894704
0.596863
0.906300
0.971124
0.136587
0.214309
0.598747
0.868132
0.191820
0.858273
0.883460
0.177691
0.625687
0.110267
0.661149
0.281676
0.281987
0.678914
0.022617
0.263755
0.678559
0.118975
0.092305
0.196416
0.196416
0.820674
0.094324
0.365006
0.737155
0.481202
0.664469
0.661742
0.783729
0.585703
0.390155
0.778763
0.320260
0.932814
0.289694
0.228732
0.251819
0.875897
0.215066
0.843508
0.706002
0.377352
0.330617
0.592864
0.747591
0.496379
0.164181
0.111714
0.654270
0.292964
0.719088
0.711971
0.578678
0.935213
0.476843
0.529390
0.200562
0.630665
0.701662
0.476300
0.393470
0.375071
0.949510
0.906380
0.839331
0.264868
0.638491
0.994473
0.623437
0.620003
0.270108
0.758390
0.954121
0.478367
0.797356
0.987734
0.057090
0.679741
0.682341
0.496822
0.965138
0.847252
0.642169
0.500485
0.426118
0.535543
0.276805
0.111424
0.122717
0.644542
0.732196
0.353746
0.045591
0.386856
0.468508
0.800480
0.659845
0.430847
0.737155
0.960225
0.978260
0.955747
0.543443
0.826767
0.175163
0.751126
0.787022
0.297960
0.796816
0.669564
0.562603
0.661979
0.131429
0.783729
0.735542
0.834305
0.694490
0.526777
0.445836
0.172138
0.484921
0.257953
0.302361
0.089364
0.013139
0.364540
0.500818
0.230997
0.693430
0.102797
0.360271
0.839630
0.263977
0.207958
0.296746
0.789100
0.572257
0.598511
0.453753
0.912166
0.241199
0.066002
0.785597
0.382422
0.635407
0.570742
0.837227
0.182063
0.666247
0.709281
0.707993
0.631494
0.496268
0.403122
0.417864
0.630902
0.021838
0.282844
0.357321
0.352925
0.895123
0.068738
0.664587
0.379834
0.493945
0.237828
0.233549
0.572490
0.429919
0.518855
0.494940
0.045786
0.281909
0.960225
0.210120
0.534059
0.574357
0.032003
0.400251
0.141291
0.860268
0.175431
0.021879
0.672406
0.604640
0.265537
0.700135
0.399067
0.893527
0.324892
0.604522
0.460459
0.230395
0.698960
0.602282
0.688716
0.411910
0.055787
0.209625
0.203145
0.693194
0.864597
0.731156
0.314493
0.016769
0.948581
0.906776
0.437786
0.234630
0.057170
0.334735
0.360918
0.170720
0.993117
0.038185
0.320773
0.681514
0.480874
0.308219
0.810716
0.709749
0.530869
0.414729
0.795084
0.044754
0.714074
0.112371
0.262203
0.803055
0.942135
0.266283
0.410705
0.438827
0.101752
0.217351
0.856746
0.580901
0.534972
0.524169
0.445521
0.046047
0.634814
0.362958
0.829429
0.916502
0.673353
0.281909
0.990490
0.441644
0.747591
0.783839
0.787460
0.385021
0.757937
0.824607
0.141157
0.974047
0.468508
0.448045
0.107069
0.867947
0.634459
0.892936
0.639203
0.897206
0.785487
0.087704
0.071845
0.622845
0.878501
0.109084
0.201580
0.290489
0.819113
0.256354
0.260585
0.079272
0.307223
0.335528
0.691899
0.330268
0.136760
0.424276
0.890302
0.407702
0.177745
0.444996
0.566901
0.538286
0.417256
0.182505
0.076732
0.007679
0.883899
0.134820
0.912858
0.827485
0.137020
0.707174
0.975514
0.265017
0.459925
0.419284
0.532691
0.753969
0.218116
0.700135
0.348837
0.363330
0.977691
0.635289
0.815350
0.463992
0.190957
0.482403
0.533831
0.633273
0.204719
0.723391
0.359809
0.193555
0.990490
0.399264
0.567367
0.859984
0.360641
0.291286
0.659489
0.887467
0.242516
0.150786
0.565158
0.546775
0.714191
0.243908
0.960326
0.006539
0.867947
0.235987
0.496601
0.536457
0.532007
0.240163
0.690131
0.829939
0.868132
0.177475
0.517276
0.175110
0.434153
0.314241
0.083759
0.885210
0.675010
0.906856
0.330268
0.493172
0.951846
0.728147
0.554152
0.154550
0.352378
0.678559
0.780090
0.433325
0.322313
0.737155
0.422642
0.876438
0.830958
0.696726
0.065210
0.145492
0.515361
0.131891
0.238033
0.292164
0.283001
0.350741
0.318642
0.998910
0.132481
0.088917
0.739801
0.064138
0.683168
0.535772
0.833091
0.069069
0.916802
0.612315
0.921969
0.256717
0.831772
0.193555
0.914538
0.587697
0.151779
0.371099
0.361381
0.495715
0.035897
0.542754
0.874451
0.477061
0.736234
0.568530
0.200622
0.271544
0.269731
0.840229
0.712322
0.081035
0.556810
0.837829
0.114548
0.546430
0.285507
0.545280
0.006688
0.486346
0.374312
0.300726
0.416952
0.114437
0.304991
0.121812
0.567367
0.249823
0.031013
0.825328
0.766726
0.530755
0.226616
0.752719
0.149846
0.343525
0.945981
0.063894
0.001675
0.905265
0.121537
0.771984
0.205632
0.999161
0.025042
0.815665
0.933217
0.258755
0.640033
0.672880
0.755898
0.188048
0.169780
0.667195
0.483497
0.734735
0.852803
0.833598
0.125591
0.831365
0.155467
0.543672
0.133497
0.581252
0.254980
0.665180
0.017515
0.968721
0.914538
0.020677
0.548962
0.566901
0.537143
0.752719
0.865718
0.704478
0.869240
0.886427
0.215952
0.814510
0.480656
0.449310
0.460780
0.511541
0.799727
0.944350
0.122047
0.088768
0.885558
0.994206
0.791173
0.577393
0.259412
0.273289
0.647864
0.783178
0.857510
0.517727
0.790301
0.953517
0.250962
0.929544
0.680332
0.516262
0.543902
0.655694
0.025369
0.046972
0.653915
0.172771
0.002980
0.781084
0.578912
0.409802
0.169104
0.344063
0.734851
0.937372
0.744847
0.697784
0.733813
0.808597
0.159774
0.228798
0.587814
0.096831
0.254259
0.942384
0.592512
0.713256
0.408301
0.559936
0.114735
0.303263
0.837628
0.972527
0.399856
0.359809
0.817026
0.439869
0.915900
0.968721
0.150268
0.487994
0.769639
0.591102
0.976820
0.927530
0.614206
0.220169
0.865438
0.913623
0.786803
0.397688
0.529503
0.309716
0.631494
0.869056
0.743358
0.542066
0.668853
0.613852
0.116725
0.463670
0.218628
0.026559
0.497598
0.140268
0.050364
0.784938
0.556001
0.152159
0.647508
0.538973
0.252248
0.841723
0.285743
0.345319
0.659252
0.105397
0.554960
0.822023
0.406404
0.676075
0.689070
0.105397
0.587462
0.363237
0.132438
0.280666
0.922621
0.214624
0.451423
0.649050
0.614679
0.418472
0.069378
0.984855
0.951055
0.591102
0.999517
0.814300
0.417458
0.356310
0.208513
0.814405
0.587814
0.437058
0.840628
0.564693
0.718738
0.652254
0.437890
0.382230
0.714307
0.766053
0.150268
0.016361
0.880903
0.453541
0.908904
0.633391
0.735197
0.269581
0.739915
0.588518
0.568181
0.634340
0.276805
0.096063
0.221072
0.173990
0.738076
0.860078
0.765379
0.505944
0.999801
0.910231
0.216651
0.748846
0.152873
0.111315
0.457579
0.663758
0.393177
0.177637
0.852996
0.081199
0.331228
0.479456
0.195888
0.431775
0.801876
0.477714
0.748162
0.607472
0.849013
0.780642
0.982952
0.992144
0.650593
0.381654
0.171875
0.351013
0.253683
0.185288
0.489534
0.827075
0.636000
0.977331
0.680805
0.678914
0.352834
0.974086
0.826151
0.820362
0.992773
0.188389
0.781746
0.556926
0.000784
0.313820
0.210555
0.812405
0.199311
0.492951
0.235104
0.182118
0.678204
0.766053
0.978471
0.642643
0.996498
0.583008
0.271771
0.938790
0.644186
0.706822
0.244676
0.415032
0.634103
0.292484
0.091325
0.683050
0.949336
0.683404
0.049710
0.491406
0.398574
0.726409
0.518178
0.802948
0.510307
0.933418
0.652491
0.507397
0.568064
0.554498
0.224124
0.747134
0.047694
0.194020
0.000733
0.551728
0.612552
0.426528
0.489203
0.584179
0.409101
0.627939
0.982586
0.159329
0.381079
0.159329
0.356127
0.760537
0.667432
0.520096
0.648932
0.439557
0.140979
0.751809
0.007700
0.682105
0.320773
0.699312
0.688952
0.165400
0.889017
0.520774
0.823471
0.017615
0.482185
0.492620
0.940885
0.335528
0.454602
0.761665
0.848525
0.680096
0.411106
0.113732
0.400745
0.098285
0.978471
0.595451
0.266731
0.847546
0.827895
0.707993
0.928158
0.489974
0.349471
0.945380
0.430537
0.150881
0.476952
0.589927
0.786693
0.141291
0.928228
0.953957
0.408701
0.157804
0.735888
0.382710
0.856267
0.367248
0.960978
0.480874
0.563300
0.000840
0.122480
0.083365
0.318982
0.764143
0.555192
0.447308
0.969980
0.993961
0.387728
0.217861
0.997593
0.325065
0.423050
0.635763
0.504605
0.893696
0.889446
0.842319
0.858559
0.967970
0.418675
0.955586
0.902775
0.154213
0.780090
0.518516
0.530641
0.410504
0.924132
0.720019
0.213052
0.531552
0.406903
0.829633
0.447624
0.313736
0.532805
0.812616
0.075721
0.187482
0.739341
0.913011
0.537486
0.268003
0.759520
0.098285
0.414326
0.143718
0.419791
0.497820
0.991863
0.139737
0.394155
0.741867
0.641101
0.798758
0.451634
0.736810
0.420910
0.493835
0.731503
0.606646
0.116271
0.961921
0.781636
0.722113
0.663639
0.618583
0.820154
0.790301
0.849988
0.328527
0.285350
0.922476
0.683286
0.936068
0.569578
0.555885
0.034494
0.892429
0.425196
0.475431
0.233616
0.689070
0.802412
0.906618
0.450683
0.721183
0.420401
0.005999
0.908119
0.134435
0.285900
0.719786
0.332015
0.567483
0.636238
0.580316
0.152825
0.211800
0.309550
0.756351
0.580199
0.089155
0.080679
0.427759
0.745991
0.490084
0.230195
0.781194
0.386566
0.674418
0.627465
0.917774
0.737731
0.000672
0.538058
0.838731
0.115520
0.916802
0.414326
0.470882
0.883021
0.000189
0.316436
0.150221
0.538401
0.114735
0.756238
0.070288
0.672643
0.848329
0.774324
0.532691
0.583242
0.843607
0.446362
0.103578
0.677968
0.713023
0.918592
0.922259
0.129430
0.283391
0.784718
0.649406
0.388892
0.627465
0.482185
0.256717
0.521000
0.172085
0.230662
0.236259
0.629953
0.367248
0.725133
0.383768
0.066276
0.324375
0.534288
0.212676
0.783178
0.542181
0.897123
0.214750
0.812616
0.557968
0.051951
0.338889
0.728379
0.187030
0.958900
0.815455
0.881699
0.052910
0.479456
0.751353
0.989180
0.706705
0.104604
0.796491
0.695078
0.459071
0.367623
0.236531
0.754196
0.472613
0.842219
0.816293
0.523829
0.761665
0.763580
0.914765
0.175645
0.017668
0.155564
0.295777
0.621187
0.227276
0.445731
0.861119
0.565042
0.068998
0.681987
0.046689
0.738651
0.629479
0.005255
0.218948
0.827895
0.616690
0.306230
0.527571
0.254619
0.710568
0.193439
0.778431
0.154887
0.605466
0.842815
0.204901
0.262646
0.764368
0.343346
0.725829
0.858464
0.127294
0.078524
0.328614
0.994970
0.330355
0.019961
0.453011
0.569694
0.358978
0.831264
0.388697
0.256499
0.006328
0.990841
0.080217
0.654389
0.749188
0.590749
0.395625
0.706354
0.711971
0.212864
0.629242
0.766726
0.812616
0.636119
0.317452
0.654745
0.750101
0.548041
0.053847
0.593217
0.957340
0.059820
0.577510
0.584414
0.506503
0.510532
0.941011
0.723972
0.327486
0.175645
0.571208
0.578795
0.961723
0.613142
0.348113
0.026954
0.480110
0.915824
0.435501
0.198421
0.827588
0.445311
0.191187
0.770086
0.223798
0.451740
0.983731
0.197889
0.961624
0.032758
0.293445
0.143266
0.964147
0.028991
0.568181
0.394644
0.427759
0.835113
0.924490
0.819946
0.225893
0.640271
0.629598
0.098057
0.889875
0.904465
0.786693
0.959002
0.962411
0.128646
0.506391
0.903098
0.852028
0.533603
0.065889
0.598394
0.866370
0.194893
0.226880
0.841325
0.730347
0.111714
0.518742
0.349652
0.412714
0.485250
0.789319
0.603343
0.919627
0.862063
0.526550
0.196240
0.582422
0.977040
0.367623
0.505721
0.967477
0.929475
0.423152
0.661505
0.340489
0.726409
0.327486
0.257007
0.336587
0.326966
0.089185
0.431775
0.709164
0.194952
0.331228
0.869240
0.195653
0.825534
0.399856
0.167759
0.631376
0.311973
0.015799
0.380983
0.525189
0.417965
0.057510
0.452905
0.950771
0.546085
0.772653
0.560284
0.219526
0.237350
0.151921
0.479456
0.124027
0.629479
0.362773
0.665536
0.829123
0.774658
0.607826
0.052171
0.329571
0.886167
0.694254
0.899845
0.567715
0.675838
0.047728
0.752946
0.331752
0.836825
0.622016
0.301543
0.700252
0.490415
0.974243
0.708930
0.981552
0.539545
0.688598
0.308468
0.868132
0.953792
0.504382
0.189470
0.033360
0.773322
0.622963
0.679268
0.823988
0.752264
0.439557
0.941136
0.374502
0.019671
0.934816
0.236395
0.200742
0.257007
0.551612
0.884074
0.564345
0.654152
0.568064
0.906141
0.007622
0.512663
0.421114
0.040345
0.687300
0.804979
0.838831
0.623910
0.554729
0.028864
0.052042
0.686828
0.108055
0.989202
0.813564
0.654270
0.153590
0.180523
0.219077
0.110916
0.670275
0.665536
0.097863
0.489644
0.823471
0.893105
0.854443
0.655931
0.013757
0.442063
0.542754
0.459818
0.274203
0.034582
0.290171
0.436227
0.996267
0.741982
0.150033
0.816921
0.237896
0.622489
0.146225
0.797572
0.715124
0.180578
0.183003
0.820258
0.567948
0.922693
0.563068
0.883285
0.773099
0.300155
0.778763
0.884511
0.372987
0.606882
0.879749
0.703774
0.397098
0.376686
0.818071
0.445311
0.610306
0.528253
0.200742
0.406803
0.650949
0.859034
0.274967
0.301052
0.701662
0.938982
0.958642
0.385890
0.382999
0.757484
0.364913
0.818071
0.934219
0.792588
0.773767
0.480656
0.306809
0.346219
0.081888
0.894620
0.816084
0.759294
0.890985
0.918814
0.965928
0.666247
0.749417
0.362123
0.936591
0.937112
0.148677
0.556695
0.129844
0.958694
0.791282
0.516262
0.264126
0.715941
0.709749
0.005681
0.740030
0.007151
0.395625
0.735197
0.839930
0.960878
0.073584
0.805619
0.483826
0.271619
0.797356
0.017194
0.542296
0.714424
0.977583
0.176935
0.211052
0.675247
0.967567
0.842319
0.927320
0.038572
0.307140
0.546085
0.197889
0.009994
0.828100
0.374123
0.170668
0.065053
0.524282
0.236667
0.204962
0.406803
0.044866
0.544821
0.617281
0.522810
0.534630
0.993741
0.114623
0.456408
0.149190
0.716524
0.243420
0.222626
0.587697
0.921168
0.220491
0.035177
0.923917
0.056120
0.324634
0.069952
0.748618
0.375545
0.944228
0.861497
0.336763
0.552882
0.692605
0.091325
0.011963
0.582657
0.733813
0.676667
0.207037
0.070120
0.779095
0.080407
0.299178
0.212676
0.716641
0.867762
0.931868
0.196474
0.760762
0.825225
0.458751
0.891495
0.698254
0.030911
0.456195
0.483278
0.909139
0.755104
0.851253
0.437474
0.301052
0.841325
0.358149
0.328266
0.138373
0.315252
0.252105
0.655813
0.943310
0.328614
0.240853
0.917923
0.153590
0.985903
0.568879
0.866370
0.955532
0.668853
0.204962
0.195946
0.504047
0.387631
0.690249
0.852706
0.360271
0.966388
0.833395
0.223342
0.414628
0.897455
0.246711
0.809128
0.267928
0.384732
0.598982
0.537486
0.483607
0.080734
0.685884
0.790410
0.765267
0.882317
0.425606
0.504270
0.000050
0.447624
0.162667
0.943862
0.311470
0.254619
0.357873
0.964810
0.449521
0.645491
0.556232
0.936917
0.493172
0.759746
0.877516
0.149144
0.809446
0.499485
0.934418
0.926758
0.448994
0.210928
0.074063
0.446887
0.920802
0.631494
0.499929
0.494719
0.856554
0.238650
0.564577
0.328093
0.974554
0.791935
0.968501
0.724669
0.863567
0.306147
0.256427
0.701309
0.508963
0.866556
0.091661
0.383383
0.799189
0.079272
0.193265
0.609243
0.576341
0.195946
0.218884
0.664232
0.277113
0.816607
0.008539
0.965372
0.294650
0.861214
0.881964
0.688952
0.896874
0.187935
0.987057
0.476735
0.915447
0.922404
0.308302
0.972568
0.131849
0.004382
0.947172
0.503044
0.790737
0.488543
0.452587
0.368936
0.424378
0.651779
0.253395
0.172243
0.277805
0.818488
0.377448
0.264497
0.907567
0.577626
0.775880
0.788445
0.378878
0.439140
0.201101
0.297717
0.736119
0.446993
0.835517
0.051314
0.522357
0.521226
0.313231
0.264200
0.819322
0.447624
0.643711
0.051098
0.490965
0.288822
0.359901
0.664350
0.390836
0.654626
0.149799
0.733351
0.847056
0.117788
0.840728
0.880637
0.396606
0.183947
0.545740
0.570043
0.137107
0.066619
0.576341
0.853479
0.875175
0.883723
0.049657
0.784498
0.198184
0.138988
0.510083
0.188616
0.191417
0.983523
0.082137
0.888845
0.222496
0.933217
0.843310
0.698607
0.362680
0.264200
0.718389
0.700957
0.235851
0.022517
0.371476
0.964951
0.256137
0.853575
0.576458
0.249752
0.866090
0.980480
0.630190
0.839930
0.336587
0.212050
0.799404
0.989450
0.676785
0.464850
0.242238
0.064538
0.987235
0.330006
0.109013
0.863286
0.007655
0.914310
0.051659
0.594981
0.541952
0.930094
0.623555
0.531210
0.861874
0.033142
0.320602
0.982338
0.738306
0.393763
0.537600
0.581135
0.929819
0.509635
0.888501
0.072909
0.112408
0.109406
0.411809
0.673708
0.687182
0.865438
0.987386
0.240232
0.386373
0.853479
0.632443
0.456089
0.636831
0.855404
0.944106
0.868225
0.118438
0.764030
0.780642
0.016084
0.727684
0.645847
0.361659
0.282923
0.158885
0.987031
0.300726
0.013507
0.855404
0.728726
0.262572
0.633629
0.951734
0.638966
0.329484
0.844694
0.241406
0.986435
0.829735
0.574940
0.746105
0.719321
0.426631
0.957915
0.363144
0.140757
0.463134
0.104055
0.669209
0.388116
0.224909
0.099363
0.916427
0.924347
0.146685
0.025135
0.167965
0.099363
0.946101
0.490304
0.636475
0.725481
0.380791
0.308884
0.337471
0.476626
0.349652
0.548962
0.058074
0.131555
0.152777
0.746905
0.523036
0.811244
0.900989
0.287477
0.395232
0.634340
0.302853
0.721764
0.256644
0.754991
0.386373
0.942693
0.801447
0.428890
0.544706
0.584883
0.080217
0.789100
0.542754
0.785926
0.629005
0.414830
0.033396
0.265686
0.032084
0.992738
0.541608
0.931393
0.437786
0.019074
0.998700
0.980480
0.827793
0.325842
0.111751
0.621542
0.225171
0.469802
0.720019
0.768184
0.403122
0.501486
0.546430
0.819322
0.764705
0.189413
0.308302
0.639203
0.948989
0.594863
0.918888
0.460459
0.067776
0.860363
0.918146
0.715708
0.431156
0.225564
0.766502
0.033046
0.189356
0.723972
0.995896
0.729884
0.431466
0.485030
0.509075
0.146225
0.244117
0.855116
0.023258
0.299747
0.189698
0.323429
0.144580
0.435916
0.820985
0.438410
0.723856
0.861686
0.935213
0.739111
0.852996
0.955908
0.235443
0.942693
0.969937
0.955155
0.239543
0.768743
0.431569
0.778431
0.084438
0.000383
0.733004
0.948640
0.908119
0.598511
0.299910
0.166269
0.107596
0.471423
0.921678
0.165146
0.988003
0.984912
0.698137
0.972324
0.313652
0.172824
0.740030
0.283704
0.799620
0.145127
0.818905
0.377067
0.553921
0.529162
0.730231
0.250178
0.252606
0.838731
0.348113
0.342005
0.149705
0.017213
0.951112
0.875084
0.863286
0.318386
0.376496
0.681632
0.510195
0.424174
0.808385
0.394938
0.891070
0.343704
0.777766
0.406105
0.314578
0.004049
0.475431
0.859129
0.472613
0.918146
0.825945
0.852125
0.023545
0.406305
0.513337
0.446677
0.597805
0.172983
0.221007
0.829429
0.050990
0.859984
0.235443
0.722462
0.654982
0.206976
0.441122
0.452481
0.764368
0.338091
0.342451
0.068620
0.581603
0.365659
0.600278
0.350468
0.237965
0.780090
0.168689
0.236872
0.966754
0.222951
0.220814
0.204476
0.104604
0.582891
0.097184
0.588518
0.966981
0.914157
0.556232
0.483278
0.432912
0.510980
0.973771
0.197122
0.879482
0.214940
0.527344
0.034720
0.001423
0.624266
0.864036
0.347933
0.628887
0.393666
0.423152
0.943372
0.029756
0.167295
0.281209
0.624147
0.147748
0.211364
0.245236
0.825122
0.744618
0.470342
0.974086
0.506056
0.464528
0.797680
0.635407
0.860363
0.118131
0.040943
0.212175
0.136760
0.740145
0.881257
0.659489
0.744503
0.013841
0.285664
0.212550
0.402924
0.466247
0.722462
0.926688
0.515474
0.594157
0.844891
0.059034
0.815455
0.103339
0.589105
0.791609
0.065707
0.176343
0.890558
0.887812
0.652016
0.171402
0.818279
0.158245
0.961028
0.374596
0.195127
0.767287
0.691309
0.868502
0.216905
0.182948
0.743931
0.743358
0.636949
0.738651
0.563880
0.917997
0.974941
0.156486
0.165911
0.147748
0.891070
0.942446
0.521905
0.688480
0.915371
0.859699
0.424889
0.136760
0.892429
0.210617
0.128235
0.498930
0.061634
0.615625
0.831670
0.983523
0.441644
0.519758
0.352743
0.103271
0.529049
0.720019
0.541952
0.314409
0.193671
0.453011
0.605702
0.603343
0.584883
0.528708
0.837929
0.714191
0.271392
0.622371
0.345679
0.431259
0.920289
0.466247
0.305651
0.005956
0.083730
0.813038
0.723624
0.504270
0.550114
0.845483
0.590397
0.832280
0.101117
0.811033
0.339333
0.973929
0.012219
0.774769
0.528480
0.638491
0.978225
0.256354
0.104845
0.021029
0.201940
0.382230
0.546775
0.292484
0.204415
0.245727
0.535657
0.365939
0.621187
0.420910
0.397786
0.466785
0.714541
0.574357
0.789428
0.669801
0.903823
0.433946
0.864317
0.551497
0.271923
0.562603
0.636712
0.586758
0.301870
0.516600
0.287003
0.120172
0.770198
0.171559
0.384732
0.582071
0.599336
0.567134
0.402825
0.732312
0.380983
0.896209
0.443738
0.815035
0.472721
0.591571
0.000322
0.222042
0.600514
0.351923
0.357596
0.438306
0.946518
0.306064
0.016922
0.482731
0.305651
0.278808
0.631139
0.192455
0.363144
0.948756
0.484045
0.806045
0.473262
0.608063
0.921532
0.758390
0.364261
0.717806
0.360178
0.497044
0.393666
0.331140
0.256572
0.032073
0.218308
0.834407
0.009948
0.645135
0.577042
0.068385
0.732312
0.717224
0.583945
0.787351
0.236123
0.216460
0.753742
0.583711
0.667432
0.922186
0.183892
0.818905
0.312392
0.742097
0.534402
0.744045
0.694961
0.233954
0.747591
0.052115
0.506838
0.447940
0.407802
0.938148
0.498375
0.087118
0.492399
0.814510
0.173300
0.311554
0.104879
0.817235
0.529617
0.368279
0.055944
0.602989
0.009553
0.977511
0.633273
0.448889
0.219398
0.822540
0.202181
0.790519
0.040973
0.300807
0.491406
0.498264
0.948172
0.638610
0.522470
0.835819
0.024473
0.767511
0.749531
0.571791
0.564112
0.890388
0.846172
0.899763
0.009160
0.473804
0.248192
0.196945
0.199192
0.212363
0.065685
0.657236
0.111170
0.098415
0.398279
0.060447
0.912705
0.515136
0.829225
0.017012
0.859604
0.913318
0.823161
0.889017
0.160667
0.106859
0.689659
0.018767
0.546085
0.536800
0.024058
0.587580
0.815874
0.840827
0.725945
0.134820
0.619293
0.922041
0.384732
0.367061
0.068620
0.389280
0.010127
0.145401
0.092121
0.811561
0.249113
0.523149
0.377829
0.364540
0.879571
0.150409
0.779316
0.548846
0.946697
0.004888
0.552997
0.662809
0.982678
0.930711
0.460245
0.052966
0.192339
0.900418
0.472937
0.295858
0.948172
0.730693
0.299015
0.377067
0.981552
0.809552
0.925486
0.140268
0.212238
0.701192
0.046789
0.183225
0.881434
0.568530
0.250178
0.214940
0.658778
0.701074
0.026305
0.725365
0.609716
0.460138
0.673471
0.140757
0.243559
0.753060
0.216841
0.830449
0.201460
0.370157
0.343167
0.610070
0.875084
0.654389
0.469371
0.506279
0.489314
0.814405
0.665773
0.932071
0.932612
0.662335
0.583711
0.966251
0.152777
0.429301
0.830347
0.417155
0.758163
0.903340
0.264497
0.609362
0.234359
0.966754
0.612433
0.209130
0.805512
0.960477
0.628294
0.996594
0.732543
0.032026
0.554498
0.915749
0.700722
0.172085
0.889275
0.437058
0.129513
0.269129
0.693077
0.227012
0.322056
0.295858
0.241060
0.549422
0.291845
0.861780
0.912397
0.447203
0.852028
0.377733
0.475757
0.888673
0.016342
0.676667
0.430022
0.878947
0.582891
0.157510
0.063191
0.603461
0.618110
0.030196
0.330093
0.552420
0.128605
0.526209
0.452164
0.514012
0.218116
0.393861
0.259705
0.992436
0.728726
0.605938
0.293605
0.785597
0.898117
0.820778
0.428684
0.815455
0.567948
0.650118
0.179647
0.841026
0.787351
0.503156
0.602989
0.299910
0.907646
0.843607
0.784938
0.240577
0.438827
0.322570
0.761101
0.850183
0.923054
0.107420
0.167656
0.973093
0.345769
0.692605
0.637780
0.448783
0.894116
0.309800
0.504493
0.122402
0.448572
0.871170
0.571558
0.031493
0.108196
0.538973
0.250036
0.607708
0.241060
0.518291
0.426733
0.511990
0.222756
0.768072
0.452693
0.013663
0.660794
0.640864
0.435501
0.388309
0.766390
0.171717
0.795193
0.306643
0.988672
0.519758
0.888587
0.074849
0.159527
0.480656
0.892429
0.972487
0.732081
0.444996
0.463777
0.655101
0.679032
0.691427
0.381654
0.153590
0.307140
0.515924
0.644779
0.089633
0.469802
0.958280
0.765379
0.885035
0.107244
0.261614
0.133327
0.137848
0.960477
0.672643
0.748846
0.780311
0.943984
0.959514
0.660794
0.456621
0.194660
0.158344
0.905185
0.244746
0.519983
0.402032
0.449310
0.273746
0.614916
0.273061
0.707057
0.168482
0.756125
0.508739
0.778541
0.688952
0.534059
0.225105
0.268303
0.607945
0.196240
0.607708
0.114140
0.982089
0.313399
0.315337
0.518742
0.334911
0.864691
0.370534
0.351377
0.180523
0.273975
0.542640
0.494166
0.976117
0.667195
0.192051
0.453435
0.131765
0.576225
0.474997
0.712205
0.750556
0.382999
0.224059
0.534174
0.872724
0.904945
0.596745
0.981932
0.347933
0.912474
0.392396
0.432498
0.125510
0.247345
0.770533
0.497155
0.150645
0.991518
0.973213
0.287951
0.049868
0.279039
0.654745
0.200085
0.309883
0.060552
0.933886
0.010725
0.996626
0.448678
0.288267
0.711737
0.286372
0.668616
0.184561
0.590162
0.901478
0.270787
0.571325
0.290092
0.951846
0.637898
0.890644
0.613615
0.529958
0.483169
0.489644
0.642881
0.227804
0.547005
0.117217
0.124267
0.182394
0.114140
0.773545
0.882317
0.921021
0.662691
0.671222
0.791391
0.171244
0.340934
0.602517
0.696373
0.417965
0.909686
0.164688
0.335969
0.233346
0.160617
0.258171
0.345589
0.191130
0.271619
0.855788
0.139781
0.546315
0.706822
0.528253
0.959105
0.427451
0.387147
0.321200
0.656050
0.403420
0.851447
0.121890
0.962264
0.158688
0.690602
0.556463
0.557852
0.254980
0.091998
0.571791
0.244816
0.859414
0.104741
0.120095
0.684467
0.615625
0.193787
0.225696
0.515474
0.195127
0.391615
0.921386
0.728611
0.550805
0.623437
0.227672
0.536571
0.682105
0.048374
0.274738
0.869793
0.984198
0.502599
0.731272
0.839630
0.371665
0.545510
0.439348
0.342541
0.331490
0.872268
0.182394
0.908904
0.355118
0.633866
0.312392
0.921969
0.852125
0.802198
0.924775
0.414931
0.259486
0.656880
0.526096
0.580316
0.705064
0.178993
0.608889
0.748960
0.803269
0.176182
0.250819
0.869793
0.845286
0.454389
0.569345
0.009362
0.013434
0.866184
0.263681
0.180907
0.573074
0.273289
0.392884
0.755218
0.602989
0.439140
0.829939
0.700135
0.454602
0.975628
0.703187
0.530755
0.025425
0.115970
0.340489
0.769639
0.075361
0.047256
0.162868
0.586993
0.066988
0.472071
0.976673
0.493061
0.718040
0.842815
0.893948
0.786364
0.980315
0.619293
0.567599
0.724553
0.041893
0.423458
0.136717
0.417965
0.315168
0.099068
0.925273
0.065594
0.613142
0.234494
0.146180
0.809764
0.885819
0.908904
0.532577
0.875446
0.500374
0.432602
0.631257
0.298122
0.726873
0.269807
0.261246
0.834002
0.903823
0.838430
0.968721
0.667313
0.069140
0.489864
0.455557
0.908669
0.606646
0.690838
0.411608
0.171927
0.624147
0.697784
0.367529
0.819426
0.979406
0.978119
0.749531
0.366967
0.313904
0.113179
0.694136
0.861686
0.442586
0.979063
0.455983
0.306892
0.069736
0.195946
0.675957
0.049868
0.293525
0.883636
0.667550
0.495383
0.116687
0.944106
0.105709
0.302607
0.711971
0.707057
0.486127
0.226880
0.343525
0.182948
0.229197
0.636119
0.214183
0.108444
0.612906
0.808704
0.336587
0.084922
0.044754
0.848622
0.151732
0.878858
0.116536
0.501263
0.717806
0.474238
0.885819
0.179866
0.186410
0.189755
0.712205
0.682341
0.658303
0.727800
0.803483
0.548156
0.298772
0.459071
0.082526
0.537028
0.618583
0.977403
0.682578
0.170459
0.701309
0.371853
0.719321
0.124387
0.204537
0.800910
0.651898
0.008502
0.760988
0.223407
0.815350
0.491406
0.233077
0.711270
0.155467
0.496268
0.698842
0.324720
0.894620
0.369781
0.071576
0.125188
0.749645
0.587110
0.577977
0.497931
0.218948
0.305074
0.342898
0.060847
0.514574
0.596863
0.756691
0.723043
0.581720
0.370440
0.171192
0.885645
0.671104
0.041803
0.411307
0.048822
0.342630
0.846761
0.676193
0.638610
0.965558
0.598865
0.818071
0.758163
0.794109
0.577159
0.236191
0.700017
0.400844
0.464958
0.107315
0.179866
0.101418
0.611961
0.443109
0.122638
0.124427
0.172877
0.085409
0.970065
0.586172
0.685176
0.332803
0.577042
0.273518
0.317537
0.793892
0.166166
0.442167
0.729421
0.338534
0.922331
0.374123
0.284095
0.038281
0.297069
0.057309
0.882493
0.352834
0.746562
0.749645
0.179266
0.991825
0.131387
0.706119
0.289377
0.247133
0.522018
0.511765
0.158639
0.912320
0.478367
0.319834
0.984827
0.667313
0.113658
0.888071
0.711270
0.774546
0.710217
0.726641
0.673827
0.346309
0.339155
0.572957
0.623081
0.100220
0.224451
0.351286
0.534744
0.882141
0.131765
0.469478
0.980148
0.368560
0.013647
0.345589
0.093636
0.541264
0.629953
0.050009
0.670748
0.712555
0.658778
0.107315
0.618346
0.283704
0.719204
0.218564
0.678204
0.893358
0.674300
0.895625
0.146180
0.706236
0.893443
0.450683
0.261761
0.868687
0.882405
0.086187
0.807323
0.144035
0.373838
0.829123
0.229463
0.558662
0.122994
0.613734
0.447729
0.665654
0.157363
0.901721
0.779095
0.342094
0.988052
0.633036
0.113695
0.597805
0.854250
0.735658
0.973612
0.504605
0.006199
0.748390
0.223994
0.122717
0.942135
0.573773
0.139693
0.496379
0.657236
0.672880
0.910775
0.531780
0.185344
0.285664
0.645491
0.592394
0.471747
0.332978
0.179429
0.160468
0.188900
0.647271
0.812194
0.442167
0.257880
0.346039
0.196710
0.187143
0.663402
0.304497
0.938726
0.581018
0.106614
0.348204
0.546200
0.512102
0.618346
0.890217
0.336057
0.865251
0.412312
0.615625
0.409202
0.623555
0.389377
0.087998
0.702953
0.415133
0.906221
0.609598
0.925912
0.779205
0.478584
0.812194
0.718738
0.452587
0.682223
0.673116
0.612552
0.196240
0.911704
0.862440
0.044058
0.723856
0.999351
0.939556
0.617636
0.208698
0.956971
0.917774
0.629835
0.445941
0.565042
0.306230
0.371288
0.681987
0.996400
0.986382
0.611133
0.868317
0.858083
0.514012
0.911472
0.447308
0.633391
0.811667
0.302771
0.663402
0.706705
0.868871
0.213052
0.893948
0.954449
0.836121
0.841026
0.449838
0.111533
0.527117
0.885993
0.693430
0.928367
0.929544
0.535772
0.452269
0.395428
0.223733
0.570975
0.767960
0.895207
0.512102
0.104295
0.170459
0.129264
0.391713
0.230729
0.291206
0.454602
0.660912
0.711387
0.950828
0.254475
0.763693
0.422336
0.746334
0.918221
0.436539
0.631969
0.959820
0.625687
0.332803
0.841623
0.822644
0.773211
0.202301
0.643237
0.302689
0.079514
0.635882
0.653796
0.279117
0.283157
0.759068
0.666128
0.859224
0.693312
0.948172
0.378210
0.882581
0.889103
0.857797
0.296261
0.040461
0.633036
0.477496
0.526209
0.178993
0.775547
0.449838
0.918962
0.289456
0.858654
0.300971
0.507956
0.523376
0.830347
0.284644
0.424685
0.587110
0.412513
0.952295
0.887812
0.046441
0.527231
0.076108
0.528935
0.429816
0.158934
0.726061
0.686356
0.569927
0.882669
0.518065
0.784828
0.950942
0.104295
0.509075
0.153207
0.504270
0.523602
0.169676
0.620713
0.185008
0.888157
0.748047
0.510980
0.981069
0.786145
0.653321
0.515924
0.516037
0.517050
0.228069
0.191475
0.816293
0.187992
0.209810
0.219783
0.969289
0.862345
0.579263
0.346129
0.742555
0.939301
0.269280
0.179484
0.207590
0.655931
0.957550
0.892090
0.293605
0.723856
0.956707
0.255630
0.915749
0.565623
0.021611
0.977511
0.118399
0.145538
0.557852
0.680096
0.955317
0.742441
0.534288
0.549998
0.106439
0.832381
0.521565
0.170041
0.960577
0.199846
0.493614
0.792044
0.769750
0.963430
0.182008
0.460886
0.273518
0.631494
0.348204
0.009498
0.895875
0.909373
0.281442
0.376876
0.314662
0.328180
0.950942
0.299747
0.528935
0.862628
0.837327
0.961624
0.529049
0.157412
0.389183
0.497155
0.965651
0.244327
0.184226
0.811456
0.531552
0.363888
0.410304
0.527912
0.452164
0.594628
0.815979
0.932477
0.279039
0.227408
0.571791
0.447098
0.142320
0.248192
0.607118
0.004220
0.976600
0.128153
0.835012
0.222302
0.083112
0.839231
0.559705
0.599218
0.494056
0.713023
0.461528
0.456621
0.095808
0.335528
0.595334
0.805406
0.138329
0.870253
0.211426
0.017135
0.013094
0.761778
0.885035
0.780642
0.091417
0.788335
0.647033
0.580550
0.217223
0.000899
0.377162
0.107631
0.834002
0.507956
0.620950
0.638847
0.665417
0.434360
0.633510
0.516037
0.923774
0.276268
0.179375
0.341291
0.810822
0.299747
0.954775
0.078072
0.012820
0.254835
0.700017
0.656999
0.731618
0.532121
0.933618
0.330442
0.998727
0.993741
0.594745
0.877695
0.175913
0.716174
0.108267
0.356035
0.728031
0.137805
0.127784
0.617518
0.712555
0.101618
0.651660
0.712789
0.141962
0.862157
0.010088
0.256572
0.378210
0.454920
0.453753
0.066574
0.847350
0.948640
0.644898
0.914157
0.251176
0.326014
0.062864
0.758050
0.665299
0.474238
0.923198
0.285664
0.149331
0.044866
0.650355
0.681396
0.823988
0.417560
0.308634
0.368560
0.022575
0.409402
0.004627
0.062973
0.743243
0.140668
0.523376
0.525075
0.607945
0.041728
0.437058
0.557042
0.542869
0.263311
0.232673
0.626161
0.187878
0.918592
0.810822
0.251890
0.456195
0.321970
0.375166
0.787460
0.920729
0.666839
0.489203
0.894368
0.508292
0.017012
0.695667
0.854443
0.986330
0.004590
0.787241
0.967746
0.736810
0.996861
0.947408
0.680096
0.519871
0.151779
0.157461
0.849404
0.957182
0.566320
0.337117
0.281598
0.322742
0.582774
0.341915
0.702131
0.144580
0.396410
0.289377
0.742785
0.023467
0.880016
0.478040
0.757144
0.671932
0.935147
0.115707
0.425503
0.778209
0.910387
0.156388
0.430331
0.654745
0.691663
0.345499
0.254115
0.665654
0.686946
0.223798
0.231800
0.245096
0.594157
0.829429
0.154454
0.546085
0.214814
0.232875
0.097474
0.466785
0.541034
0.010341
0.931665
0.518742
0.228268
0.286215
0.449416
0.114251
0.251890
0.409101
0.824091
0.489754
0.816921
0.306643
0.910620
0.736579
0.704947
0.723624
0.219847
0.977941
0.363051
0.689659
0.596863
0.865625
0.461956
0.854539
0.361752
0.843211
0.890899
0.761778
0.010174
0.231264
0.349018
0.580550
0.059136
0.417560
0.230930
0.696608
0.168534
0.264942
0.999929
0.185736
0.122678
0.620713
0.846958
0.752605
0.412613
0.150409
0.034419
0.234224
0.597569
0.525075
0.112554
0.179811
0.554267
0.164080
0.200204
0.999827
0.673471
0.709632
0.041490
0.326014
0.371005
0.436435
0.200921
0.975438
0.121969
0.978225
0.463885
0.407502
0.887294
0.796924
0.018683
0.899517
0.692252
0.439557
0.894620
0.299829
0.577276
0.456940
0.798758
0.114251
0.140180
0.096734
0.668735
0.371665
0.519532
0.993961
0.818488
0.191935
0.339333
0.499929
0.747591
0.578678
0.545510
0.682696
0.513899
0.037747
0.056554
0.575874
0.256064
0.654864
0.136024
0.433429
0.268453
0.063718
0.698019
0.636593
0.725017
0.768632
0.891665
0.786912
0.438202
0.334735
0.007637
0.749074
0.779869
0.457472
0.112921
0.027455
0.577510
0.072660
0.191878
0.621779
0.752150
0.607354
0.317707
0.926194
0.909842
0.506726
0.840130
0.376401
0.182063
0.558315
0.800910
0.224059
0.846761
0.009828
0.129264
0.142770
0.449416
0.961227
0.304826
0.192512
0.028558
0.611370
0.103885
0.701544
0.212050
0.502153
0.536571
0.892767
0.631850
0.448045
0.468508
0.605230
0.140180
0.741982
0.633747
0.634459
0.235307
0.405309
0.716757
0.747134
0.794325
0.920729
0.971707
0.152682
0.783949
0.464421
0.903340
0.233279
0.766726
0.063300
0.423356
0.093949
0.481529
0.126035
0.411910
0.286294
0.839231
0.740375
0.263385
0.187652
0.330355
0.971124
0.174256
0.182782
0.570859
0.981328
0.643711
0.585000
0.604758
0.532121
0.659845
0.966663
0.997858
0.394546
0.689423
0.742441
0.664232
0.914157
0.834002
0.744160
0.428273
0.612433
0.365846
0.953406
0.404612
0.372703
0.486895
0.339422
0.845286
0.913623
0.501931
0.252749
0.361289
0.813143
0.731849
0.377638
0.695667
0.951677
0.853189
0.235647
0.302443
0.605230
0.902856
0.153781
0.501152
0.605230
0.747020
0.218372
0.445311
0.395330
0.147239
0.399659
0.031677
0.467754
0.873179
0.767063
0.319748
0.763242
0.109692
0.869885
0.449838
0.573890
0.697666
0.917102
0.453011
0.865997
0.958745
0.618346
0.871445
0.010052
0.834811
0.846467
0.732427
0.358886
0.460138
0.263237
0.941762
0.243699
0.339422
0.838931
0.009018
0.922693
0.237486
0.928158
0.674418
0.285664
0.552074
0.380217
0.836020
0.447729
0.175324
0.584062
0.835819
0.815140
0.239199
0.931053
0.915522
0.831874
0.231867
0.976266
0.945500
0.315590
0.329571
0.919922
0.046507
0.988149
0.565274
0.247133
0.752036
0.217032
0.075876
0.517389
0.231867
0.806152
0.640864
0.174950
0.061634
0.819738
0.097895
0.743587
0.747020
0.406504
0.675483
0.507285
0.272378
0.881876
0.452164
0.131807
0.846270
0.489203
0.693194
0.096798
0.713724
0.768632
0.370628
0.956600
0.341380
0.042179
0.503936
0.136673
0.692605
0.233279
0.163726
0.327312
0.008851
0.496712
0.918146
0.421114
0.990759
0.553343
0.083730
0.463348
0.777877
0.932207
0.397983
0.993709
0.045949
0.904866
0.913241
0.815035
0.804872
0.996487
0.031968
0.025107
0.024041
0.845187
0.362030
0.590867
0.797032
0.353016
0.213680
0.532349
0.979372
0.438723
0.484921
0.999898
0.424071
0.538744
0.136413
0.927530
0.692488
0.101618
0.777544
0.838030
0.252821
0.825739
0.220233
0.317877
0.741982
0.264794
0.197711
0.560168
0.813038
0.743587
0.396312
0.630072
0.858273
0.887034
0.189755
0.302033
0.976636
0.215509
0.266955
0.658541
0.458325
0.438515
0.781966
0.681278
0.280976
0.889532
0.030041
0.945681
0.372325
0.405807
0.744274
0.686474
0.416851
0.304909
0.181952
0.993867
0.379452
0.553921
0.982524
0.843310
0.325582
0.567250
0.036080
0.360733
0.609716
0.459498
0.189698
0.086739
0.211177
0.522470
0.508739
0.076888
0.765154
0.654626
0.498597
0.353655
0.253683
0.649643
0.251819
0.509523
0.895123
0.281520
0.691192
0.567483
0.217669
0.758276
0.909764
0.794542
0.593217
0.201400
0.307637
0.495272
0.331752
0.361659
0.819634
0.020066
0.893696
0.218308
0.066803
0.847938
0.736234
0.798435
0.851544
0.458325
0.396312
0.625332
0.966526
0.681278
0.292004
0.648694
0.969202
0.879393
0.647745
0.165197
0.999863
0.500818
0.210803
0.604168
0.068197
0.769974
0.311638
0.098708
0.494498
0.167862
0.077808
0.387631
0.539660
0.206854
0.401141
0.790737
0.181456
0.590867
0.369969
0.390349
0.467108
0.799297
0.117521
0.798003
0.424685
0.945621
0.602282
0.146870
0.702483
0.797248
0.197534
0.850961
0.268678
0.760988
0.589927
0.944289
0.811033
0.590632
0.844101
0.684822
0.731618
0.326360
0.650949
0.893864
0.723856
0.735081
0.880282
0.557968
0.359624
0.133582
0.686356
0.996422
0.702131
0.417256
0.949047
0.328266
0.789319
0.666010
0.228931
0.826254
0.820154
0.049064
0.845187
0.458325
0.974243
0.406105
0.452693
0.253252
0.041713
0.323257
0.902046
0.628531
0.327052
0.691545
0.313231
0.415133
0.230662
0.760198
0.966799
0.369217
0.877785
0.369969
0.278422
0.885210
0.651779
0.852222
0.151874
0.341915
0.485688
0.701896
0.791827
0.955532
0.096542
0.272074
0.851058
0.337648
0.690366
0.983494
0.260438
0.077913
0.637898
0.025014
0.352651
0.349018
0.823368
0.527685
0.978295
0.194311
0.647745
0.189698
0.174150
0.008920
0.959208
0.221330
0.880016
0.123073
0.789865
0.887898
0.789974
0.557505
0.629124
0.304085
0.374312
0.449310
0.395821
0.882141
0.021920
0.367716
0.339599
0.436331
0.249255
0.050756
0.761890
0.392103
0.143130
0.755444
0.817026
0.731272
0.974243
0.011347
0.901152
0.796059
0.143401
0.603225
0.143944
0.082359
0.843508
0.474129
0.941011
0.268828
0.924490
0.364820
0.931053
0.471314
0.439244
0.205388
0.527458
0.424480
0.216143
0.972078
0.759068
0.207467
0.162768
0.041327
0.412714
0.170668
0.842418
0.124547
0.443738
0.310384
0.080298
0.491517
0.557389
0.402627
0.454389
0.523829
0.455026
0.056514
0.749873
0.472504
0.562139
0.111678
0.572607
0.709632
0.187652
0.034158
0.991615
0.314831
0.020293
0.489534
0.047055
0.013465
0.061998
0.230863
0.166935
0.035215
0.965743
0.683523
0.447098
0.325496
0.152444
0.399363
0.977439
0.572490
0.491627
0.848916
0.364447
0.394742
0.505051
0.604758
0.035703
0.731272
0.357229
0.554845
0.835617
0.750670
0.653440
0.846761
0.612197
0.661387
0.724436
0.138286
0.159576
0.336234
0.321970
0.943556
0.849988
0.863380
0.556116
0.150315
0.534288
0.183669
0.708696
0.444157
0.379547
0.557157
0.922838
0.787022
0.018480
0.640982
0.348475
0.719088
0.382326
0.007293
0.308136
0.353290
0.699900
0.611252
0.165298
0.118438
0.113363
0.073710
0.695314
0.409903
0.459818
0.099725
0.571558
0.910542
0.635526
0.925344
0.044548
0.943801
0.314831
0.312811
0.366406
0.651186
0.814930
0.630665
0.568879
0.345140
0.864784
0.986644
0.941637
0.870161
0.300318
0.081391
0.689187
0.522810
0.712439
0.668735
0.026805
0.465817
0.655813
0.412815
0.186298
0.397786
0.357229
0.531780
0.349833
0.848427
0.548962
0.249326
0.016121
0.047626
0.819009
0.040259
0.736464
0.734389
0.602046
0.064271
0.608063
0.449310
0.984429
0.909998
0.785377
0.247204
0.645491
0.864317
0.538401
0.193497
0.375830
0.853961
0.577626
0.856554
0.758163
0.985219
0.531894
0.292404
0.141872
0.474780
0.253827
0.838430
0.189071
0.182560
0.837528
0.281287
0.293205
0.446362
0.507732
0.847252
0.797356
0.119052
0.322399
0.992825
0.274738
0.886774
0.114548
0.837227
0.420706
0.921168
0.663995
0.605938
0.834407
0.615271
0.392103
0.432292
0.714658
0.739571
0.485688
0.935674
0.369593
0.702014
0.402726
0.512663
0.635763
0.025586
0.141738
0.140446
0.138505
0.397786
0.107209
0.034382
0.018292
0.342451
0.426221
0.697784
0.653440
0.275732
0.718622
0.805512
0.224843
0.101084
0.854731
0.521113
0.827075
0.181732
0.662809
0.637305
0.559125
0.222626
0.056831
0.549998
0.583125
0.202060
0.378687
0.585820
0.053227
0.326187
0.210120
0.168534
0.676903
0.033154
0.327399
0.346219
0.973850
0.552535
0.162919
0.735312
0.678322
0.540691
0.064583
0.868132
0.123709
0.027567
0.824813
0.186523
0.854731
0.541378
0.604522
0.944654
0.218308
0.510644
0.681750
0.895123
0.105917
0.159972
0.668616
0.419588
0.357413
0.699547
0.941762
0.575057
0.673353
0.017259
0.666128
0.148351
0.553574
0.453859
0.086622
0.164232
0.923270
0.353746
0.592159
0.637661
0.107209
0.650830
0.199252
0.706002
0.663402
0.424276
0.998559
0.259998
0.253611
0.690484
0.345859
0.523376
0.003591
0.920069
0.355668
0.949740
0.032319
0.622134
0.001421
0.351013
0.425503
0.634340
0.008282
0.210058
0.899517
0.163726
0.000048
0.479347
0.134093
0.154261
0.948406
0.584765
0.909295
0.257661
0.451529
0.324892
0.138242
0.100518
0.825019
0.827485
0.222691
0.323000
0.887812
0.763693
0.185008
0.021378
0.856650
0.465387
0.597569
0.953406
0.876528
0.249610
0.362030
0.793783
0.533147
0.545166
0.347933
0.651186
0.491627
0.985768
0.053395
0.455664
0.551151
0.621187
0.268753
0.370440
0.704830
0.234494
0.981456
0.763017
0.386663
0.680450
0.516149
0.637661
0.974125
0.520548
0.927179
0.221330
0.193961
0.290888
0.582071
0.929544
0.390252
0.959208
0.106859
0.922910
0.672051
0.887898
0.220878
0.489644
0.581837
0.637661
0.816188
0.077465
0.360918
0.505274
0.793783
0.484921
0.082331
0.327486
0.903581
0.038725
0.277805
0.917625
0.711854
0.543558
0.160170
0.448256
0.105674
0.806258
0.425708
0.225630
0.633154
0.205814
0.837026
0.207467
0.029280
0.353746
0.166013
0.290251
0.295696
0.809552
0.836020
0.928922
0.348294
0.552189
0.049029
0.117331
0.251533
0.407901
0.230062
0.511765
0.561907
0.490304
0.373082
0.212613
0.831365
0.431466
0.610070
0.315084
0.687418
0.152968
0.344332
0.722462
0.625095
0.968236
0.475323
0.332803
0.974125
0.112335
0.150881
0.173884
0.272909
0.502487
0.221848
0.130885
0.692959
0.439974
0.048272
0.305156
0.540232
0.697431
0.346669
0.517501
0.258171
0.710334
0.217989
0.379738
0.857701
0.224843
0.882141
0.017272
0.520435
0.982555
0.843805
0.996466
0.717690
0.537943
0.017495
0.292164
0.269581
0.929060
0.344601
0.217478
0.244187
0.710100
0.893274
0.958487
0.604404
0.602282
0.923486
0.522470
0.366593
0.158344
0.144307
0.494830
0.042391
0.630428
0.372703
0.287635
0.210741
0.490965
0.496047
0.300726
0.883548
0.027395
0.734274
0.909061
0.431982
0.378592
0.229862
0.710802
0.315421
0.744274
0.366406
0.384635
0.003529
0.579263
0.539660
0.217478
0.924989
0.332803
0.738536
0.846859
0.020786
0.946399
0.206976
0.159181
0.454920
0.489093
0.895625
0.099758
0.017239
0.813774
0.336498
0.744389
0.123908
0.813880
0.931325
0.865625
0.037098
0.625450
0.669801
0.236191
0.746334
0.238787
0.739226
0.823161
0.463885
0.282844
0.751581
0.952741
0.435812
0.550575
0.520096
0.843112
0.090295
0.164993
0.937566
0.364074
0.788882
0.950085
0.181677
0.103987
0.504270
0.564925
0.597569
0.989651
0.309716
0.483607
0.851447
0.146547
0.647271
0.357504
0.279890
0.716874
0.887985
0.990882
0.122205
0.096959
0.072413
0.201940
0.943494
0.574590
0.082220
0.726641
0.365006
0.706002
0.527004
0.459605
0.269129
0.700605
0.496047
0.407103
0.039513
0.009897
0.738536
0.331315
0.779869
0.269054
0.017344
0.979200
0.436331
0.899352
0.029833
0.490415
0.439661
0.052318
0.178395
0.947172
0.523489
0.803376
0.462920
0.105847
0.365659
0.672998
0.919627
0.521113
0.625332
0.296261
0.183947
0.717806
0.671814
0.092274
0.403122
0.340578
0.448678
0.847252
0.536914
0.122126
0.506391
0.117674
0.613261
0.394644
0.747819
0.852028
0.612552
0.433532
0.423356
0.606056
0.831874
0.419791
0.549998
0.864504
0.287477
0.786474
0.922838
0.527571
0.189584
0.079084
0.288188
0.328440
0.448256
0.822851
0.192397
0.680923
0.104090
0.987832
0.755218
0.433946
0.693665
0.460780
0.828714
0.410504
0.253539
0.437474
0.244117
0.083872
0.265389
0.009897
0.897786
0.558315
0.473154
0.143175
0.772653
0.296423
0.000301
0.789865
0.405508
0.440391
0.600278
0.378687
0.383191
0.609125
0.851931
0.837327
0.196533
0.780421
0.738536
0.358517
0.191072
0.718738
0.841126
0.690956
0.848720
0.733582
0.030574
0.632680
0.634933
0.248192
0.779205
0.590632
0.510532
0.132988
0.282923
0.664232
0.526777
0.667313
0.423663
0.929337
0.373460
0.500596
0.835416
0.173831
0.797032
0.207651
0.974321
0.724436
0.285979
0.590984
0.651304
0.762679
0.038977
0.481092
0.880105
0.931597
0.542525
0.258828
0.503936
0.067242
0.772096
0.175484
0.818175
0.163776
0.315337
0.066094
0.503936
0.653321
0.950600
0.295454
0.849306
0.378687
0.589927
0.819946
0.897786
0.323773
0.434153
0.041908
0.470234
0.391713
0.995500
0.120756
0.299585
0.897869
0.826870
0.934617
0.911240
0.305982
0.865251
0.925912
0.929682
0.414628
0.525075
0.278113
0.595334
0.080244
0.478258
0.992790
0.473912
0.998008
0.712789
0.859509
0.018563
0.020029
0.495383
0.834002
0.408101
0.933952
0.845877
0.465925
0.880548
0.107139
0.971583
0.402428
0.813248
0.218436
0.590044
0.674537
0.546775
0.870345
0.827895
0.078657
0.494830
0.411407
0.754310
0.246218
0.938019
0.531780
0.043465
0.550229
0.456089
0.283235
0.665061
0.803590
0.583359
0.959514
0.238376
0.207958
0.254908
0.375640
0.843607
0.611961
0.905744
0.381942
0.550575
0.738881
0.907172
0.819946
0.128030
0.025680
0.920948
0.614916
0.221395
0.966297
0.422336
0.463777
0.889275
0.463992
0.352287
0.173247
0.668735
0.624147
0.974825
0.325237
0.865345
0.291605
0.464636
0.844003
0.808067
0.008775
0.192051
0.603697
0.740834
0.644186
0.936068
0.947820
0.795518
0.017802
0.089633
0.444367
0.572490
0.139252
0.035138
0.476300
0.885471
0.511317
0.494277
0.249894
0.221330
0.716174
0.134648
0.295535
0.884424
0.970151
0.671696
0.512102
0.706119
0.212676
0.069354
0.042467
0.960778
0.311889
0.732427
0.271468
0.577626
0.853093
0.562023
0.122126
0.619411
0.737155
0.496822
0.325669
0.778098
0.158885
0.101752
0.605820
0.477496
0.547925
0.499263
0.512214
0.951225
0.289377
0.128030
0.287556
0.625924
0.296907
0.546660
0.927390
0.432395
0.782628
0.061080
0.012384
0.822333
0.689305
0.683168
0.624740
0.389669
0.562835
0.584531
0.891920
0.438827
0.710334
0.469586
0.045026
0.227276
0.435708
0.005814
0.274967
0.415941
0.649288
0.114029
0.111097
0.334383
0.077649
0.031631
0.916652
0.314915
0.773879
0.446993
0.873634
0.697196
0.227937
0.798758
0.906776
0.040374
0.405309
0.914462
0.596392
0.528594
0.185736
0.753514
0.600278
0.209253
0.068667
0.079084
0.362494
0.466032
0.556348
0.808067
0.930643
0.177475
0.774101
0.218820
0.740030
0.106021
0.859984
0.040042
0.073308
0.280045
0.445311
0.470126
0.772988
0.752605
0.690013
0.640745
0.289377
0.482731
0.128522
0.471098
0.007104
0.178016
0.158540
0.209625
0.373082
0.023748
0.047055
0.646559
0.490745
0.140003
0.599807
0.043232
0.623200
0.486346
0.044691
0.413016
0.764143
0.503267
0.888673
0.307969
0.222756
0.789210
0.390641
0.019656
0.027791
0.726293
0.579848
0.029013
0.657355
0.765491
0.870253
0.265389
0.365846
0.371288
0.886861
0.679623
0.487884
0.235987
0.693194
0.207590
0.032120
0.657829
0.957077
0.499374
0.735773
0.765491
0.662454
0.282454
0.254331
0.179593
0.320516
0.249538
0.748162
0.269882
0.251461
0.436435
0.724669
0.877605
0.014092
0.938662
0.322142
0.416750
0.228268
0.402032
0.584179
0.064205
0.067172
0.841325
0.982369
0.735427
0.786255
0.482731
0.294891
0.465065
0.597569
0.066574
0.045171
0.057170
0.238513
0.406704
0.008609
0.605230
0.320004
0.096063
0.295777
0.671340
0.265910
0.362123
0.705885
0.390349
0.448572
0.003502
0.083505
0.362958
0.800910
0.212425
0.875987
0.827075
0.901152
0.524395
0.915674
0.484045
0.207958
0.125833
0.637424
0.368936
0.708813
0.297474
0.177583
0.033972
0.083028
0.820882
0.935871
0.663758
0.732081
0.230662
0.363051
0.969937
0.311638
0.737961
0.571674
0.613142
0.047189
0.360363
0.240922
0.155370
0.623555
0.508963
0.893611
0.604286
0.557042
0.447835
0.198895
0.239612
0.542296
0.607708
0.965185
0.937112
0.312140
0.048995
0.539087
0.926053
0.342183
0.981295
0.786255
0.346850
0.988742
0.970534
0.998656
0.538172
0.204658
0.785487
0.965882
0.308302
0.935015
0.365939
0.156340
0.643711
0.145858
0.777434
0.215762
0.165298
0.904705
0.209501
0.967970
0.750670
0.135593
0.353655
0.407702
0.233212
0.853672
0.313568
0.357413
0.694961
0.800695
0.730925
0.254619
0.957129
0.261319
0.461314
0.576225
0.604050
0.705885
0.568530
0.620240
0.327139
0.179538
0.671222
0.223472
0.428993
0.894368
0.684940
0.477496
0.216206
0.845680
0.205936
0.697902
0.144944
0.256789
0.987209
0.751126
0.488653
0.407702
0.792805
0.260878
0.544821
0.445101
0.951338
0.824091
0.536343
0.018655
0.131807
0.406803
0.918146
0.084980
0.407402
0.304826
0.715241
0.505498
0.346850
0.976784
0.899435
0.059034
0.131765
0.641813
0.039770
0.414326
0.905345
0.133412
0.829225
0.324203
0.736349
0.324461
0.003390
0.929475
0.646321
0.267778
0.646915
0.232673
0.593569
0.784938
0.539431
0.902775
0.161915
0.126521
0.803590
0.839830
0.095777
0.131681
0.780642
0.656999
0.425299
0.954938
0.671696
0.511429
0.565855
0.931733
0.673116
0.899435
0.448467
0.971831
0.413922
0.258828
0.400449
0.907014
0.373460
0.804231
0.051513
0.994099
0.248404
0.805726
0.591924
0.634933
0.565623
0.135507
0.871079
0.575174
0.431259
0.207037
0.640508
0.413419
0.092029
0.705650
0.059446
0.433222
0.498486
0.773990
0.051423
0.258171
0.118476
0.812089
0.084751
0.505498
0.192281
0.413620
0.636119
0.711270
0.466570
0.172507
0.153207
0.563996
0.800910
0.263459
0.383672
0.067358
0.391031
0.313568
0.199252
0.458218
0.264497
0.430228
0.308385
0.697314
0.161315
0.468616
0.681160
0.415840
0.890985
0.716874
0.119669
0.680096
0.558083
0.445521
0.911627
0.386566
0.590044
0.848525
0.627583
0.724436
0.544591
0.801983
0.034034
0.502376
0.538401
0.706002
0.433946
0.220233
0.314493
0.838731
0.350105
0.834911
0.155806
0.738076
0.257880
0.215572
0.780421
0.239474
0.607000
0.454495
0.092644
0.068267
0.295132
0.410203
0.714658
0.034670
0.951564
0.028182
0.434050
0.820362
0.169208
0.650949
0.445311
0.408701
0.353655
0.388116
0.153016
0.860457
0.192281
0.770421
0.175324
0.209996
0.036093
0.555076
0.954066
0.595216
0.333417
0.694254
0.781084
0.492620
0.639677
0.247839
0.600160
0.174150
0.325582
0.202963
0.007015
0.380695
0.461742
0.546430
0.108978
0.550459
0.245937
0.932881
0.612670
0.524735
0.124747
0.477496
0.250320
0.767623
0.454708
0.424071
0.091845
0.751695
0.911781
0.526096
0.526209
0.546775
0.088857
0.318812
0.911935
0.216905
0.090597
0.154502
0.580316
0.860173
0.467108
0.181126
0.123272
0.495826
0.030107
0.857224
0.609125
0.865718
0.453435
0.236804
0.116121
0.174256
0.010511
0.598865
0.943310
0.615389
0.969722
0.162266
0.262498
0.605584
0.596745
0.383095
0.055768
0.570859
0.271695
0.860457
0.931597
0.750101
0.737385
0.250036
0.396115
0.876168
0.009160
0.202120
0.491406
0.272833
0.690013
0.898530
0.748162
0.111315
0.740030
0.035962
0.804765
0.778098
0.293044
0.896042
0.382326
0.325582
0.434671
0.338711
0.281209
0.094324
0.002210
0.506391
0.750898
0.471098
0.993930
0.113326
0.939493
0.885645
0.131178
0.446887
0.264126
0.901315
0.791935
0.064449
0.677376
0.587814
0.276575
0.026295
0.446362
0.173884
0.400548
0.957759
0.108126
0.994704
0.756238
0.437058
0.726177
0.994647
0.669445
0.478476
0.044946
0.540920
0.399166
0.635763
0.011006
0.753287
0.325151
0.846368
0.912705
0.303181
0.707993
0.904144
0.890814
0.795301
0.738421
0.876798
0.976930
0.968941
0.931597
0.844299
0.937502
0.788335
0.727220
0.224059
0.736464
0.433015
0.196122
0.723159
0.999949
0.444996
0.574007
0.247768
0.914538
0.886080
0.733466
0.839131
0.201940
0.543099
0.250677
0.051061
0.876528
0.300073
0.617636
0.550344
0.265537
0.962215
0.702483
0.899106
0.471747
0.157363
0.647864
0.889189
0.977763
0.382614
0.675720
0.401537
0.981742
0.283547
0.974204
0.407602
0.296423
0.606646
0.775436
0.561443
0.703305
0.567134
0.420503
0.737961
0.259778
0.465065
0.901884
0.467323
0.364167
0.874360
0.069188
0.045526
0.702366
0.739111
0.337559
0.325582
0.575641
0.869240
0.892767
0.704947
0.380600
0.577977
0.733813
0.210928
0.929613
0.820778
0.439244
0.968941
0.924490
0.292084
0.139516
0.846270
0.714424
0.006829
0.563300
0.605820
0.441540
0.102425
0.204476
0.625924
0.314072
0.320090
0.223537
0.818488
0.633747
0.372325
0.013699
0.177799
0.694254
0.793566
0.933485
0.834710
0.339155
0.119785
0.820154
0.069188
0.522018
0.559936
0.200742
0.071649
0.024527
0.543902
0.238033
0.525075
0.479565
0.667787
0.704830
0.830551
0.384057
0.621069
0.872085
0.766390
0.144216
0.189356
0.500040
0.290012
0.044184
0.428068
0.724901
0.170720
0.048512
0.035820
0.864223
0.011739
0.812722
0.576341
0.171717
0.962558
0.685176
0.705533
0.450683
0.631494
0.186692
0.806365
0.028589
0.309633
0.527344
0.515586
0.016580
0.280666
0.587228
0.017364
0.924490
0.044326
0.445416
0.960878
0.189698
0.256572
0.746677
0.675483
0.306478
0.161615
0.469694
0.077808
0.924132
0.157168
0.777988
0.727104
0.152825
0.459711
0.775436
0.630309
0.214877
0.545510
0.107596
0.900418
0.058014
0.329136
0.128852
0.088590
0.524735
0.340667
0.318897
0.568879
0.244956
0.240991
0.053208
0.377067
0.139561
0.934219
0.755671
0.650949
0.310968
0.253252
0.820674
0.898365
0.267030
0.266432
0.886688
0.046080
0.535657
0.926758
0.588753
0.607945
0.838030
0.982245
0.026237
0.887034
0.791609
0.210306
0.976930
0.490304
0.977367
0.217989
0.947879
0.632561
0.730693
0.593099
0.287635
0.869701
0.736925
0.674182
0.950429
0.938790
0.752036
0.017364
0.091998
0.365472
0.853286
0.282923
0.971790
0.295696
0.383287
0.602517
0.184728
0.731156
0.973413
0.204294
0.835517
0.127375
0.167347
0.829429
0.143989
0.904305
0.003748
0.849696
0.864223
0.205510
0.822023
0.637186
0.390155
0.218692
0.188105
0.466785
0.445836
0.047139
0.811772
0.699547
0.466355
0.590397
0.695078
0.314578
0.427965
0.748162
0.078337
0.500040
0.876708
0.846073
0.798111
0.527458
0.439140
0.683523
0.218116
0.001045
0.686238
0.033726
0.808597
0.220749
0.046673
0.044723
0.577393
0.674418
0.120756
0.763580
0.660438
0.346669
0.449416
0.866927
0.693665
0.340400
0.752491
0.304991
0.586876
0.143672
0.394351
0.672051
0.174736
0.034884
0.972771
0.328266
0.091998
0.756011
0.488214
0.823471
0.005563
0.601221
0.928436
0.424378
0.429301
0.032084
0.574240
0.086043
0.845975
0.404115
0.942073
0.474780
0.008058
0.938148
0.676903
0.341648
0.540461
0.039272
0.303263
0.487994
0.271544
0.926758
0.832686
0.897538
0.019146
0.261393
0.319578
0.790955
0.190384
0.773322
0.086187
0.358517
0.050595
0.072413
0.677731
0.479347
0.487664
0.663639
0.900663
0.247839
0.588049
0.991323
0.360271
0.678677
0.666247
0.550229
0.396705
0.659726
0.599807
0.066253
0.503490
0.388794
0.140047
0.149518
0.395527
0.831365
0.624621
0.195653
0.883109
0.640864
0.857797
0.768184
0.664587
0.139428
0.124027
0.228533
0.589692
0.070554
0.128934
0.328266
0.433946
0.434671
0.870161
0.379069
0.464850
0.818592
0.347842
0.218692
0.941387
0.281287
0.128276
0.635645
0.430228
0.632324
0.500929
0.138461
0.481748
0.592394
0.901559
0.177962
0.556348
0.371099
0.623674
0.309133
0.670393
0.976117
0.484483
0.483935
0.764480
0.620832
0.039556
0.173353
0.121812
0.564577
0.495162
0.866277
0.019939
0.007319
0.383576
0.688008
0.372231
0.893274
0.932477
0.858273
0.099593
0.594393
0.688598
0.908982
0.342988
0.710451
0.741753
0.061826
0.557852
0.860647
0.335969
0.989428
0.743702
0.498042
0.105570
0.954340
0.385890
0.403817
0.002428
0.378974
0.606056
0.794325
0.058338
0.734735
0.411106
0.445731
0.069880
0.645847
0.610661
0.165400
0.433946
0.425708
0.056732
0.597216
0.127131
0.187369
0.639203
0.100220
0.677495
0.976636
0.067103
0.162366
0.044011
0.610425
0.488104
0.742899
0.338091
0.959616
0.284644
0.345230
0.311638
0.145127
0.057570
0.604640
0.518178
0.476300
0.535543
0.257080
0.172191
0.376115
0.629598
0.495162
0.143763
0.237350
0.875626
0.048804
0.254908
0.074037
0.260658
0.786693
0.900663
0.921532
0.681632
0.379356
0.400844
0.224712
0.062907
0.384635
0.893864
0.479456
0.943064
0.108267
0.342094
0.748732
0.384539
0.330181
0.571791
0.505163
0.993285
0.015175
0.812511
0.124747
0.157168
0.752491
0.092922
0.965278
0.259778
0.492068
0.420198
0.057832
0.367623
0.228069
0.035729
0.165400
0.650118
0.698489
0.648101
0.802841
0.581369
0.868225
0.493503
0.767960
0.693783
0.209810
0.240439
0.665536
0.622963
0.742441
0.548731
0.919922
0.309300
0.231800
0.523602
0.017174
0.264868
0.077966
0.065368
0.858749
0.572957
0.453117
0.092029
0.172085
0.396213
0.428273
0.266507
0.062538
0.186354
0.571674
0.100884
0.208328
0.210493
0.377352
0.996999
0.026276
0.785487
0.269129
0.943249
0.995319
0.989827
0.212926
0.495162
0.976452
0.819322
0.004631
0.277036
0.817444
0.861403
0.236599
0.323687
0.071502
0.361011
0.208513
0.577276
0.143401
0.470018
0.840329
0.371570
0.970023
0.950028
0.798866
0.628294
0.232136
0.661861
0.816188
0.308302
0.866741
0.988125
0.839431
0.650118
0.000239
0.367623
0.777766
0.514349
0.102088
0.975967
0.600278
0.159329
0.640389
0.423867
0.007146
0.728958
0.951395
0.132692
0.256282
0.084438
0.593922
0.711387
0.569228
0.430640
0.049465
0.794759
0.750442
0.944776
0.002314
0.079165
0.760311
0.539087
0.299178
0.768184
0.799512
0.396213
0.421114
0.215382
0.402627
0.516149
0.223994
0.884599
0.846761
0.781194
0.787351
0.883636
0.614325
0.540003
0.549422
0.171769
0.583125
0.683286
0.237418
0.501708
0.753173
0.252606
0.276959
0.025425
0.814300
0.963092
0.381558
0.575290
0.986540
0.388116
0.549653
0.940254
0.290251
0.163423
0.058237
0.264942
0.327312
0.187992
0.095840
0.698489
0.603814
0.269505
0.839431
0.578678
0.814510
0.508963
0.576108
0.722578
0.047306
0.979678
0.337029
0.031886
0.891410
0.446572
0.420198
0.146824
0.645016
0.459071
0.334383
0.033984
0.787679
0.400054
0.113992
0.231532
0.077176
0.834002
0.019856
0.207774
0.507173
0.264052
0.299178
0.559936
0.278345
0.458538
0.197711
0.246781
0.419893
0.914993
0.181842
0.908433
0.910853
0.328788
0.181236
0.260438
0.220878
0.450366
0.650474
0.925202
0.198184
0.559936
0.173353
0.176827
0.035638
0.011991
0.293846
0.167038
0.426323
0.001637
0.798974
0.464528
0.728726
0.532691
0.812932
0.493835
0.252248
0.594510
0.205510
0.683168
0.515249
0.585820
0.621661
0.037192
0.090869
0.940001
0.492178
0.081172
0.069426
0.578678
0.935674
0.547350
0.068974
0.975286
0.525189
0.958020
0.792479
0.008786
0.181236
0.126886
0.882317
0.999492
0.874088
0.039985
0.832584
0.451423
0.151637
0.398377
0.387922
0.077570
0.182118
0.490304
0.321885
0.908276
0.283391
0.138242
0.173300
0.350196
0.001920
0.931936
0.726757
0.326447
0.938469
0.768184
0.980048
0.804552
0.642881
0.436850
0.039485
0.438410
0.291845
0.186974
0.716757
0.768967
0.008030
0.397688
0.347120
0.189527
0.104021
0.696843
0.335528
0.434671
0.957968
0.190785
0.078072
0.438306
0.949047
0.502265
0.133880
0.678204
0.031378
0.670275
0.364167
0.489534
0.974164
0.055651
0.825945
0.174256
0.589927
0.175806
0.173247
0.959259
0.069426
0.739111
0.320602
0.067636
0.198777
0.796924
0.092398
0.541264
0.682105
0.616217
0.386276
0.036606
0.021434
0.644898
0.374786
0.682814
0.075798
0.625095
0.872085
0.613379
0.283235
0.619293
0.902370
0.518742
0.611133
0.754764
0.402230
0.565042
0.486237
0.700135
0.851350
0.093824
0.941324
0.973810
0.701309
0.035266
0.472396
0.684231
0.397983
0.584765
0.083056
0.639677
0.726525
0.894536
0.164029
0.256427
0.325928
0.454495
0.172877
0.687300
0.488434
0.841921
0.041788
0.612433
0.225499
0.007871
0.911858
0.245236
0.219077
0.288346
0.451846
0.975892
0.127416
0.225171
0.655219
0.046342
0.104124
0.406404
0.942198
0.727800
0.352105
0.140313
0.856650
0.934219
0.212050
0.739111
0.212113
0.371288
0.205205
0.828407
0.273746
0.842914
0.226090
0.010186
0.054915
0.346850
0.303099
0.164333
0.380791
0.495604
0.688952
0.365939
0.377448
0.624029
0.895290
0.296827
0.251318
0.441226
0.583008
0.117979
0.218436
0.581954
0.910542
0.548386
0.880282
0.926335
0.584765
0.428479
0.223602
0.034394
0.116725
0.438827
0.159626
0.955639
0.188502
0.073084
0.391031
0.837729
0.197652
0.635882
0.656050
0.055709
0.214940
0.905025
0.216333
0.186917
0.578445
0.938790
0.467108
0.581135
0.964715
0.035279
0.867484
0.420300
0.104329
0.046623
0.035279
0.402627
0.820154
0.565739
0.752832
0.915975
0.601928
0.420706
0.515812
0.304579
0.986877
0.402825
0.212050
0.107737
0.368279
0.357688
0.800158
0.683523
0.522244
0.049412
0.097152
0.570509
0.607118
0.275655
0.487225
0.044723
0.589810
0.320773
0.669564
0.667669
0.339066
0.221136
0.040929
0.884861
0.431156
0.451211
0.113880
0.600278
0.496379
0.633984
0.299992
0.252893
0.091082
0.872815
0.954121
0.982431
0.921823
0.768520
0.377448
0.021813
0.986826
0.068856
0.543672
0.415032
0.690013
0.556116
0.528026
0.347752
0.139032
0.099101
0.901884
0.929751
0.766390
0.081035
0.255196
0.463885
0.751809
0.684585
0.083561
0.623792
0.695784
0.318386
0.092367
0.114511
0.118017
0.964290
0.506838
0.856554
0.227342
0.976340
0.288030
0.708345
0.469371
0.687418
0.830041
0.636356
0.045802
0.107737
0.547235
0.507285
0.379165
0.467538
0.807004
0.393861
0.833192
0.536571
0.858939
0.630309
0.616453
0.811667
0.234901
0.963574
0.467861
0.197593
0.861308
0.472504
0.466247
0.435501
0.299097
0.001971
0.522018
0.378878
0.832483
0.160170
0.804552
0.630190
0.959565
0.489534
0.469802
0.048856
0.268828
0.580316
0.747476
0.697549
0.071600
0.219976
0.138023
0.005449
0.785157
0.080434
0.982586
0.517839
0.125671
0.637068
0.842120
0.775325
0.898694
0.932814
0.321286
0.142141
0.529049
0.476083
0.204658
0.553228
0.752378
0.893443
0.370063
0.209377
0.892005
0.178233
0.745304
0.749417
0.197534
0.961871
0.444681
0.662098
0.654745
0.399166
0.807642
0.407402
0.045802
0.383576
0.471639
0.942508
0.000015
0.640033
0.769750
0.778431
0.616217
0.287477
0.197830
0.978401
0.964100
0.997343
0.281365
0.210244
0.267703
0.189641
0.319748
0.546660
0.026894
0.523036
0.971375
0.509635
0.855116
0.098610
0.670630
0.459391
0.912089
0.369969
0.181897
0.424480
0.809340
0.282844
0.162065
0.359994
0.309550
0.372609
0.579848
0.341023
0.840130
0.675247
0.215762
0.973493
0.610188
0.327833
0.525189
0.782297
0.116876
0.429404
0.878322
0.028790
0.542984
0.078284
0.481202
0.770309
0.279581
0.978190
0.770980
0.250392
0.265463
0.181512
0.705416
0.115332
0.189869
0.354203
0.636238
0.457259
0.039047
0.414931
0.149846
0.831569
0.615744
0.420706
0.575641
0.383576
0.403420
0.670630
0.664943
0.510420
0.531438
0.588753
0.945801
0.116914
0.354020
0.566669
0.558083
0.640745
0.505498
0.625213
0.992614
0.188275
0.356677
0.687182
0.986877
0.981679
0.726525
0.891665
0.644898
0.788445
0.182726
0.499818
0.707759
0.284644
0.978576
0.183947
0.051386
0.830449
0.785377
0.264497
0.134477
0.245026
0.191590
0.574123
0.291366
0.356585
0.393666
0.075335
0.473804
0.623674
0.683523
0.853093
0.385793
0.396901
0.285350
0.945199
0.891580
0.917251
0.441017
0.972852
0.038102
0.742899
0.107596
0.895123
0.841325
0.261908
0.420401
0.708696
0.524508
0.733813
0.599571
0.162366
0.127579
0.446467
0.952127
0.109299
0.488543
0.849501
0.575641
0.764817
0.976563
0.764705
0.304497
0.428890
0.716524
0.958487
0.494940
0.024811
0.329223
0.145172
0.719786
0.058726
0.123589
0.609362
0.106509
0.265017
0.710217
0.161815
0.666721
0.165248
0.610897
0.533147
0.550575
0.833496
0.192570
0.568646
0.690366
0.378210
0.329571
0.996541
0.974554
0.124747
0.299015
0.982861
0.376210
0.926617
0.443004
0.627228
0.945078
0.234562
0.620003
0.156680
0.640033
0.489974
0.041105
0.244536
0.577042
0.945199
0.169728
0.804659
0.823884
0.672880
0.862722
0.520661
0.933351
0.706822
0.738651
0.416750
0.941949
0.379643
0.740260
0.065685
0.165095
0.191302
0.919480
0.143537
0.296503
0.071723
0.124827
0.674892
0.368936
0.900744
0.449310
0.764817
0.757597
0.200443
0.090778
0.275808
0.708930
0.782407
0.150033
0.441853
0.884074
0.977076
0.641694
0.490965
0.930984
0.542869
0.868502
0.760311
0.306478
0.942135
0.547695
0.487664
0.453753
0.802090
0.832178
0.519758
0.941449
0.310801
0.540805
0.973133
0.387437
0.045477
0.196416
0.252320
0.157902
0.748276
0.886341
0.268303
0.899024
0.404115
0.888931
0.674655
0.931868
0.383576
0.962995
0.269129
0.177908
0.121498
0.986197
0.248192
0.852319
0.755898
0.022316
0.444786
0.529617
0.926828
0.288346
0.586876
0.043372
0.734043
0.261025
0.312895
0.535772
0.299259
0.254331
0.550805
0.090748
0.825739
0.697196
0.016916
0.475648
0.364726
0.458964
0.504159
0.449310
0.501931
0.652491
0.025023
0.219269
0.650593
0.799081
0.856554
0.145218
0.844398
0.984256
0.017701
0.229330
0.761101
0.854924
0.834002
0.044500
0.859604
0.914689
0.804552
0.989629
0.160071
0.769527
0.255413
0.455451
0.909295
0.200323
0.179429
0.047677
0.126237
0.199668
0.756691
0.322142
0.857415
0.179593
0.406105
0.439452
0.473371
0.220105
0.357781
0.268303
0.536686
0.702835
0.568879
0.302197
0.574240
0.393470
0.046955
0.719670
0.745876
0.051152
0.601810
0.452587
0.812932
0.430125
0.294650
0.288901
0.113954
0.686120
0.388503
0.168068
0.042028
0.189926
0.264719
0.883021
0.824400
0.593805
0.556348
0.932477
0.511541
0.677495
0.695078
0.149986
0.391615
0.485908
0.501931
0.539774
0.669564
0.432498
0.282065
0.250463
0.414426
0.811350
0.206670
0.229995
0.787898
0.857319
0.399363
0.874994
0.229662
0.600396
0.196592
0.683995
0.428684
0.563996
0.442481
0.417965
0.306643
0.802519
0.955854
0.220169
0.635526
0.926617
0.346669
0.967657
0.706588
0.751012
0.201580
0.339599
0.459605
0.643592
0.110087
0.413822
0.237486
0.196945
0.921532
0.530641
0.470234
0.983671
0.116347
0.726641
0.025795
0.749759
0.949105
0.984342
0.503936
0.925273
0.514911
0.794217
0.939937
0.141113
0.386953
0.743014
0.630309
0.731387
0.026539
0.947997
0.952295
0.541493
0.631732
0.376496
0.444891
0.151637
0.682578
0.800158
0.920729
0.762003
0.716291
0.485908
0.555885
0.493614
0.261319
0.905982
0.261099
0.074290
0.012088
0.917401
0.198777
0.813459
0.198421
0.026131
0.033251
0.035625
0.307057
0.189356
0.467754
0.934019
0.039798
0.547005
0.621542
0.043667
0.348837
0.554152
0.814405
0.071380
0.594863
0.646440
0.261467
0.314999
0.931189
0.753855
0.685412
0.384250
0.813774
0.003824
0.378401
0.397589
0.586289
0.336057
0.069521
0.028474
0.056219
0.698254
0.430434
0.736810
0.395428
0.005052
0.043651
0.543443
0.672524
0.944228
0.912397
0.040520
0.729421
0.949279
0.908276
0.562487
0.364726
0.407402
0.904945
0.753628
0.703070
0.643592
0.471855
0.579029
0.332715
0.022216
0.360641
0.121576
0.756465
0.428376
0.493172
0.951846
0.555885
0.477170
0.481857
0.653440
0.516149
0.552997
0.429713
0.214498
0.831569
0.451000
0.187822
0.436123
0.957654
0.776324
0.497376
0.158737
0.403122
0.078231
0.248122
0.696255
0.472721
0.840130
0.338268
0.668024
0.273365
0.852222
0.236667
0.551036
0.991401
0.787788
0.363144
0.867298
0.436539
0.821712
0.294007
0.406803
0.596745
0.253395
0.515024
0.726525
0.781966
0.359163
0.621424
0.751923
0.851447
0.136847
0.670748
0.939110
0.294810
0.527004
0.014866
0.598276
0.731156
0.319493
0.621661
0.111824
0.283079
0.568414
0.928436
0.835920
0.563764
0.198895
0.408401
0.035075
0.806578
0.440600
0.763355
0.400844
0.804872
0.964527
0.320858
0.896957
0.257080
0.951846
0.284722
0.686828
0.625806
0.141202
0.201940
0.555307
0.195478
0.568646
0.720019
0.083702
0.206059
0.949510
0.558546
0.620950
0.433532
0.138067
0.938276
0.079622
0.013574
0.320944
0.428170
0.255052
0.830245
0.088946
0.664469
0.440182
0.962411
0.164587
0.154598
0.533489
0.029877
0.208389
0.494056
0.224516
0.277267
0.771538
0.205449
0.084296
0.415032
0.663758
0.522018
0.770533
0.649999
0.649643
0.919848
0.973013
0.334999
0.476517
0.026944
0.780753
0.994115
0.862440
0.808810
0.289694
0.139561
0.332277
0.911318
0.282376
0.323171
0.395527
0.372042
0.431259
0.253036
0.563764
0.416143
0.152873
0.237418
0.473479
0.936265
0.975018
0.252033
0.496601
0.029604
0.107596
0.284722
0.298690
0.348927
0.149799
0.911704
0.285664
0.121576
0.053923
0.659608
0.380121
0.617755
0.315590
0.124187
0.699547
0.362123
0.602753
0.157022
0.818384
0.780753
0.620358
0.684703
0.578211
0.937242
0.151258
0.589340
0.200145
0.139737
0.690366
0.434153
0.472504
0.321542
0.189470
0.031631
0.074544
0.247627
0.308052
0.212425
0.039927
0.708345
0.035716
0.162165
0.818905
0.959514
0.930711
0.200204
0.230930
0.667550
0.489093
0.374881
0.447729
0.119399
0.116385
0.497598
0.042194
0.690720
0.438410
0.800695
0.831569
0.074875
0.943678
0.404911
0.093263
0.299015
0.858178
0.405906
0.709983
0.622371
0.751581
0.948465
0.360641
0.963909
0.350468
0.998645
0.107596
0.034071
0.684822
0.066551
0.139649
0.516600
0.023845
0.178070
0.288901
0.977727
0.895541
0.673945
0.303263
0.782738
0.355301
0.389377
0.872633
0.632206
0.862345
0.809128
0.791500
0.275962
0.892259
0.322742
0.592041
0.703539
0.514124
0.549883
0.545166
0.084637
0.476735
0.800480
0.642525
0.498708
0.412211
0.901965
0.372137
0.968633
0.877516
0.439765
0.486237
0.103305
0.538858
0.623674
0.045981
0.764030
0.407502
0.145218
0.242099
0.993434
0.200921
0.125349
0.611370
0.852319
0.819009
0.721532
0.288980
0.256789
0.795951
0.372609
0.673353
0.254115
0.145127
0.925486
0.176558
0.384250
0.798866
0.277805
0.448467
0.622608
0.506056
0.721532
0.881964
0.829429
0.241683
0.038433
0.203205
0.966113
0.431775
0.108622
0.252105
0.006442
0.896791
0.340667
0.649050
0.817966
0.413620
0.423969
0.881876
0.140579
0.257153
0.767847
0.208020
0.003148
0.178721
0.359163
0.536000
0.379547
0.861497
0.849794
0.287240
0.794542
0.855884
0.644423
0.878947
0.050667
0.942135
0.665891
0.899352
0.180085
0.671459
0.215066
0.924775
0.066071
0.668498
0.722113
0.151874
0.616217
0.901478
0.804445
0.247133
0.424276
0.019924
0.663046
0.844003
0.747705
0.797895
0.857319
0.520209
0.446887
0.109406
0.691663
0.317707
0.679387
0.346039
0.231867
0.963861
0.840528
0.359532
0.651779
0.082276
0.861308
0.602753
0.664943
0.899106
0.768184
0.166781
0.331403
0.241683
0.303674
0.125631
0.783839
0.202301
0.152968
0.065075
0.775991
0.496712
0.783178
0.516600
0.976303
0.281987
0.292964
0.111061
0.377543
0.907961
0.779205
0.351741
0.712322
0.823161
0.443214
0.363237
0.620358
0.337825
0.593805
0.678441
0.844299
0.163473
0.487335
0.141024
0.323257
0.556348
0.338179
0.615507
0.607354
0.773656
0.188218
0.384346
0.347301
0.916727
0.500707
0.047022
0.592159
0.517727
0.854924
0.294328
0.648101
0.441435
0.825122
0.534972
0.857510
0.010568
0.178885
0.305404
0.802090
0.524622
0.051188
0.139472
0.282376
0.862251
0.990531
0.195478
0.627228
0.862063
0.249538
0.716408
0.542410
0.090024
0.242933
0.243350
0.505609
0.150881
0.594040
0.074798
0.303674
0.253036
0.896125
0.428068
0.811350
0.790628
0.555885
0.402131
0.916050
0.865345
0.437578
0.590279
0.980148
0.383479
0.485030
0.563764
0.017449
0.976266
0.698960
0.361938
0.707291
0.433325
0.028684
0.349833
0.689070
0.442063
0.711504
0.648220
0.016750
0.130384
0.360271
0.024885
0.760762
0.652372
0.891750
0.945861
0.639796
0.251176
0.211364
0.832178
0.266357
0.965882
0.338179
0.925486
0.022550
0.926899
0.735542
0.461207
0.532007
0.203446
0.465065
0.354661
0.220427
0.422642
0.179048
0.851350
0.531780
0.803055
0.779205
0.816084
0.051134
0.066002
0.471855
0.981231
0.929268
0.781415
0.287951
0.266656
0.112591
0.086535
0.416244
0.043714
0.180742
0.074798
0.378115
0.323257
0.639677
0.942817
0.293686
0.941136
0.157804
0.917923
0.700252
0.240646
0.041445
0.910542
0.232203
0.455983
0.265389
0.778873
0.899681
0.845778
0.233886
0.909920
0.534059
0.289933
0.974438
0.873906
0.975476
0.186185
0.069928
0.331840
0.835416
0.544247
0.692841
0.913165
0.177583
0.519645
0.822437
0.760762
0.992254
0.012055
0.440078
0.690602
0.782187
0.727568
0.794000
0.368185
0.378687
0.055573
0.180852
0.274738
0.816921
0.213240
0.314662
0.307969
0.218884
0.806471
0.732543
0.731503
0.910775
0.824710
0.512327
0.810399
0.406604
0.015710
0.224385
0.537943
0.286609
0.427965
0.996520
0.740490
0.935806
0.289218
0.147887
0.116347
0.769079
0.594275
0.378115
0.556926
0.560168
0.686474
0.936982
0.352469
0.042224
0.374691
0.316774
0.447835
0.204719
0.858083
0.588166
0.455026
0.888587
0.169260
0.933685
0.161965
0.644542
0.643948
0.040973
0.043434
0.807110
0.319578
0.508739
0.773211
0.485579
0.322656
0.460673
0.605112
0.311889
0.384153
0.039556
0.860363
0.221783
0.892513
0.125349
0.204901
0.894116
0.253683
0.981647
0.492289
0.954938
0.001742
0.567018
0.444052
0.420808
0.472721
0.348475
0.399166
0.907330
0.190900
0.166884
0.593687
0.166064
0.248617
0.195244
0.459071
0.282688
0.003787
0.501597
0.153494
0.725481
0.608535
0.535087
0.445521
0.618228
0.897786
0.803055
0.807216
0.689187
0.326187
0.578445
0.594275
0.118898
0.248688
0.028193
0.547235
0.874360
0.564925
0.200145
0.033947
0.522697
0.706705
0.345140
0.686592
0.836624
0.481748
0.280821
0.929130
0.380312
0.208821
0.732889
0.930369
0.859604
0.845286
0.749188
0.711737
0.206792
0.518065
0.524622
0.243978
0.611724
0.474129
0.371193
0.426221
0.941261
0.769750
0.714658
0.920216
0.537143
0.936265
0.543672
0.767175
0.257080
0.673471
0.216905
0.238650
0.437058
0.848916
0.987285
0.781746
0.284330
0.822126
0.853479
0.489644
0.854154
0.702601
0.598511
0.800265
0.581603
0.855980
0.802090
0.261614
0.707291
0.160071
0.974164
0.773211
0.135636
0.993066
0.924704
0.261393
0.243908
0.906618
0.068103
0.017383
0.941011
0.866556
0.118898
0.012167
0.208883
0.245026
0.280433
0.982338
0.820154
0.311470
0.018591
0.603461
0.197416
0.637542
0.546775
0.998856
0.315928
0.368560
0.269054
0.775102
0.629005
0.235375
0.754650
0.382806
0.202181
0.513899
0.543787
0.193439
0.801983
0.778431
0.580901
0.490194
0.310634
0.119206
0.307140
0.126724
0.435604
0.336145
0.755104
0.043527
0.541952
0.658422
0.162316
0.612670
0.124947
0.554614
0.670393
0.671696
0.875446
0.736119
0.377638
0.869793
0.758955
0.699547
0.222107
0.094827
0.050471
0.962509
0.006797
0.328788
0.515361
0.259339
0.818905
0.413217
0.973493
0.177908
0.905903
0.409402
0.782518
0.495826
0.633154
0.490635
0.156729
0.973533
0.085668
0.866556
0.476517
0.071772
0.278113
0.875536
0.377067
0.421012
0.602517
0.111714
0.257807
0.826151
0.642762
0.635763
0.440287
0.563764
0.482185
0.103714
0.919774
0.149611
0.793566
0.674655
0.158196
0.001749
0.765941
0.240370
0.956812
0.236804
0.939620
0.085438
0.172666
0.901965
0.793023
0.428479
0.600985
0.643948
0.117635
0.940444
0.710217
0.174097
0.294730
0.046922
0.226682
0.652016
0.317622
0.052079
0.886080
0.785048
0.606056
0.960778
0.654982
0.947408
0.431982
0.089244
0.105847
0.190556
0.881257
0.763017
0.352743
0.548616
0.025079
0.141872
0.283235
0.138944
0.820674
0.690602
0.795084
0.082526
0.468939
0.457685
0.342094
0.882052
0.909530
0.695314
0.501152
0.321799
0.476517
0.985740
0.054037
0.098806
0.257225
0.538172
0.227342
0.969549
0.543902
0.877964
0.556116
0.039315
0.219912
0.405807
0.121969
0.559125
0.114958
0.794651
0.424378
0.790519
0.799512
0.765379
0.746677
0.298447
0.701192
0.798758
0.748276
0.473046
0.144534
0.087939
0.803269
0.409802
0.132988
0.771203
0.195361
0.100817
0.117293
0.081722
0.030295
0.379165
0.985956
0.857606
0.689423
0.549537
0.613970
0.905982
0.395036
0.252320
0.571325
0.477387
0.862345
0.274280
0.458751
0.675957
0.263385
0.286766
0.440704
0.788991
0.446151
0.277651
0.729652
0.628176
0.894956
0.648932
0.561559
0.024719
0.132312
0.583008
0.335440
0.933886
0.397491
0.945801
0.331490
0.321799
0.439140
0.581720
0.968765
0.860552
0.458111
0.568996
0.891750
0.477714
0.056613
0.735197
0.393177
0.942198
0.672169
0.281753
0.217669
0.923198
0.052984
0.722229
0.970279
0.328266
0.305239
0.591924
0.275962
0.364726
0.131807
0.999449
0.456727
0.604640
0.132438
0.439765
0.587228
0.788007
0.155273
0.542869
0.381079
0.764817
0.023215
0.604404
0.429919
0.109943
0.654270
0.506726
0.500707
0.005436
0.027384
0.654389
0.942446
0.967026
0.189869
0.195010
0.623318
0.800050
0.725597
0.108338
0.753401
0.081805
0.909373
0.129637
0.484921
0.523716
0.916877
0.801232
0.627465
0.639440
0.716408
0.245516
0.901721
0.465925
0.421215
0.263533
0.844003
0.546890
0.930711
0.743358
0.439140
0.175431
0.919848
0.554267
0.193671
0.588988
0.233954
0.845089
0.512327
0.531438
0.841921
0.754082
0.511653
0.974710
0.832381
0.584297
0.441017
0.225302
0.541034
0.464743
0.621661
0.122008
0.171559
0.871902
0.800588
0.859034
0.736925
0.511092
0.174256
0.188275
0.848134
0.754423
0.286530
0.152111
0.225040
0.642050
0.877516
0.363423
0.947290
0.072760
0.122165
0.458431
0.292964
0.063696
0.149611
0.178613
0.731503
0.853479
0.712088
0.702131
0.578562
0.480874
0.644660
0.436227
0.517501
0.290489
0.863567
0.241683
0.684940
0.848916
0.824813
0.134050
0.198066
0.218948
0.592394
0.005795
0.989157
0.357688
0.889103
0.929337
0.809340
0.997076
0.920582
0.743358
0.796491
0.799297
0.490855
0.039230
0.831975
0.261982
0.363330
0.574240
0.304579
0.385310
0.850572
0.183947
0.245587
0.139561
0.251247
0.995279
0.257298
0.211613
0.049992
0.722927
0.522244
0.916201
0.082944
0.132607
0.686828
0.553112
0.731618
0.707759
0.250036
0.331665
0.283626
0.853575
0.277805
0.431982
0.900090
0.525982
0.441958
0.299015
0.405010
0.960427
0.327919
0.800373
0.179266
0.570393
0.990321
0.940381
0.607354
0.677968
0.963813
0.828816
0.948581
0.283939
0.529617
0.324806
0.713256
0.364540
0.960778
0.640033
0.938726
0.483935
0.077202
0.559589
0.318812
0.778098
0.726409
0.375735
0.155854
0.111751
0.131178
0.543213
0.464958
0.993467
0.631969
0.484373
0.796491
0.526777
0.486566
0.985080
0.991939
0.392200
0.261761
0.216905
0.204112
0.387050
0.440182
0.173247
0.261319
0.024274
0.663283
0.673353
0.533489
0.501708
0.793023
0.003197
0.814615
0.286372
0.607708
0.277420
0.619293
0.100684
0.661742
0.892683
0.784718
0.644186
0.961476
0.262351
0.429301
0.900172
0.267628
0.232875
0.218948
0.026569
0.338800
0.864317
0.025247
0.916276
0.669327
0.202602
0.627820
0.565042
0.000396
0.335792
0.964290
0.620950
0.911318
0.150975
0.114177
0.499485
0.644660
0.059116
0.143899
0.642406
0.382999
0.076264
0.742785
0.102628
0.264200
0.786803
0.659489
0.614561
0.520887
0.329919
0.982952
0.882141
0.912320
0.381942
0.156632
0.484373
0.568297
0.390933
0.293766
0.132354
0.070868
0.563532
0.120172
0.368373
0.021716
0.420096
0.838631
0.060805
0.549768
0.717457
0.381654
0.045802
0.007202
0.639203
0.028110
0.911472
0.383383
0.463348
0.130468
0.904144
0.845680
0.847448
0.499818
0.152968
0.547695
0.353472
0.438827
0.763017
0.698607
0.376686
0.877874
0.115782
0.114251
0.493945
0.088442
0.765154
0.312308
0.110916
0.687536
0.401537
0.782077
0.242516
0.106824
0.312057
0.709164
0.437890
0.322656
0.505498
0.973929
0.390836
0.280898
0.381846
0.851738
0.594157
0.589105
0.241406
0.986566
0.171349
0.593569
0.107949
0.264200
0.336763
0.180304
0.019804
0.024573
0.408901
0.687536
0.455557
0.885819
0.946220
0.568297
0.931733
0.227474
0.735773
0.176074
0.018704
0.833294
0.821919
0.421419
0.001767
0.437162
0.225040
0.120678
0.459925
0.052668
0.514911
0.663521
0.969851
0.856841
0.615152
0.473587
0.313147
0.565274
0.900908
0.181512
0.734620
0.954667
0.478367
0.987411
0.866834
0.225499
0.409202
0.941324
0.021651
0.840030
0.072240
0.266357
0.212300
0.256789
0.435293
0.993883
0.678795
0.109406
0.654033
0.094136
0.104673
0.402627
0.213428
0.444681
0.466677
0.397688
0.675957
0.876977
0.876887
0.746448
0.329745
0.713256
0.195244
0.026904
0.409302
0.947938
0.077412
0.503713
0.816293
0.735773
0.180578
0.958797
0.679978
0.880637
0.652965
0.377162
0.880637
0.756918
0.946220
0.281287
0.707525
0.298772
0.059945
0.880105
0.023423
0.790083
0.348746
0.711387
0.727336
0.971541
0.264200
0.054207
0.349743
0.624384
0.760311
0.429507
0.176343
0.396115
0.841623
0.988719
0.824607
0.854057
0.032986
0.440287
0.176128
0.894704
0.409602
0.923198
0.270485
0.366406
0.059301
0.204355
0.803697
0.169104
0.954230
0.052484
0.134050
0.544247
0.840528
0.970236
0.224647
0.958176
0.560284
0.209192
0.362309
0.293445
0.840827
0.672524
0.206548
0.776546
0.300807
0.532121
0.399264
0.329658
0.354935
0.889618
0.935806
0.175752
0.680805
0.041654
0.672051
0.235172
0.719786
0.241614
0.363237
0.886601
0.261540
0.815035
0.249326
0.936657
0.603579
0.950028
0.529845
0.281287
0.764143
0.095936
0.254259
0.459818
0.093824
0.704595
0.478040
0.568530
0.261172
0.233414
0.767960
0.834002
0.096959
0.199727
0.205144
0.915144
0.589223
0.232606
0.216396
0.149377
0.862534
0.153925
0.191878
0.874451
0.588284
0.915220
0.501041
0.384539
0.375355
0.588870
0.061250
0.981679
0.060573
0.904224
0.204901
0.611961
0.483497
0.362866
0.301543
0.774435
0.002729
0.610188
0.057590
0.365286
0.813669
0.038739
0.832787
0.523716
0.290489
0.418573
0.721880
0.316013
0.719786
0.572024
0.574473
0.991244
0.090930
0.629479
0.042360
0.719670
0.999935
0.586289
0.498375
0.902451
0.589105
0.481639
0.094167
0.240439
0.735542
0.473587
0.904144
0.930437
0.529845
0.002491
0.956175
0.685058
0.839131
0.906618
0.158934
0.647626
0.837929
0.478584
0.334999
0.652965
0.313904
0.440391
0.867762
0.788882
0.566320
0.700957
0.904545
0.565158
0.730693
0.332102
0.488324
0.053302
0.972283
0.882141
0.636475
0.022533
0.459925
0.371288
0.151637
0.760537
0.224320
0.845778
0.729074
0.744503
0.443423
0.368560
0.786803
0.704947
0.080461
0.379547
0.469802
0.980182
0.533147
0.246429
0.665299
0.764705
0.680096
0.487005
0.417965
0.019247
0.431878
0.791282
0.903742
0.180632
0.382806
0.885384
0.890131
0.906221
0.643118
0.956121
0.789537
0.964385
0.505274
0.985686
0.501263
0.920656
0.681987
0.304661
0.963909
0.674300
0.117902
0.418269
0.525642
0.002491
0.714891
0.292724
0.004244
0.119785
0.803483
0.206609
0.961575
0.982338
0.551612
0.396803
0.741179
0.878501
0.737040
0.700957
0.974282
0.148491
0.475865
0.095237
0.917923
0.886861
0.206548
0.556116
0.786145
0.017077
0.764480
0.409202
0.942879
0.304909
0.094985
0.269882
0.450789
0.553805
0.213931
0.893780
0.925770
0.842418
0.964100
0.826562
0.909452
0.087410
0.589340
0.709983
0.280355
0.737616
0.375166
0.393959
0.321970
0.790192
0.730115
0.754423
0.453223
0.281442
0.375166
0.601221
0.479674
0.070216
0.477714
0.465172
0.440913
0.812300
0.604876
0.848329
0.045591
0.432292
0.104914
0.632443
0.971872
0.920875
0.805512
0.373176
0.313315
0.626043
0.525642
0.321542
0.510868
0.525529
0.414023
0.520661
0.751240
0.460886
0.292644
0.286924
0.542754
0.509187
0.703891
0.870253
0.383191
0.649762
0.817966
0.811456
0.931733
0.368842
0.650711
0.096095
0.573540
0.358609
0.382806
0.839730
0.097830
0.070192
0.372420
0.910542
0.051314
0.777212
0.271771
0.679032
0.686828
0.864784
0.726989
0.474671
0.747248
0.034507
0.229729
0.800910
0.355576
0.406006
0.193903
0.345949
0.024455
0.544936
0.172085
0.294971
0.198362
0.748960
0.001305
0.649525
0.778763
0.144216
0.920289
0.999467
0.359070
0.438515
0.793457
0.805192
0.474888
0.632087
0.304250
0.461100
0.226287
0.261835
0.273594
0.362030
0.804552
0.084239
0.932544
0.904224
0.325237
0.321542
0.551382
0.064694
0.920363
0.942073
0.433222
0.947820
0.679268
0.424889
0.674892
0.719321
0.847448
0.631020
0.384635
0.204233
0.926828
0.207405
0.083393
0.991144
0.451106
0.021410
0.767063
0.243559
0.225367
0.310050
0.461100
0.349108
0.022931
0.827690
0.057130
0.285114
0.082359
0.699312
0.878053
0.373838
0.895207
0.587580
0.301952
0.162115
0.916952
0.041164
0.718738
0.209315
0.195244
0.836121
0.970151
0.519532
0.043155
0.590397
0.550229
0.224974
0.330704
0.433429
0.320602
0.324375
0.071063
0.070096
0.328962
0.784718
0.742899
0.759520
0.500596
0.310634
0.376686
0.577393
0.118323
0.625450
0.302115
0.517501
0.140401
0.276115
0.123589
0.100917
0.325237
0.716641
0.996801
0.820362
0.526436
0.021362
0.619411
0.145996
0.533489
0.854924
0.150881
0.931868
0.766277
0.194427
0.897621
0.322399
0.543558
0.973453
0.063894
0.000257
0.018591
0.228334
0.592276
0.706822
0.799512
0.839930
0.121380
0.056554
0.972649
0.373838
0.464743
0.680096
0.471206
0.918146
0.600632
0.309466
0.312057
0.175484
0.661624
0.740145
0.517389
0.884249
0.119360
0.208266
0.959156
0.102156
0.759181
0.787788
0.945078
0.718273
0.053715
0.640626
0.403718
0.003612
0.225499
0.234156
0.774880
0.638728
0.690484
0.679741
0.316013
0.161165
0.137412
0.507621
0.768184
0.696961
0.596039
0.525302
0.171244
0.135163
0.413721
0.299422
0.825328
0.927039
0.249255
0.716641
0.637661
0.207958
0.938083
0.029377
0.975628
0.932071
0.458111
0.547925
0.573190
0.702014
0.012205
0.418269
0.991654
0.056238
0.721183
0.765828
0.951846
0.407103
0.422540
0.104432
0.475323
0.758616
0.133285
0.450789
0.108161
0.822540
0.322914
0.552882
0.127009
0.188162
0.696020
0.986954
0.930506
0.280123
0.943984
0.126765
0.605820
0.800158
0.617045
0.555076
0.931121
0.732889
0.235240
0.800480
0.235240
0.094261
0.660912
0.300726
0.640745
0.448783
0.968236
0.135206
0.911627
0.182837
0.124707
0.301297
0.760762
0.622253
0.350196
0.495494
0.832178
0.373082
0.728611
0.113474
0.724553
0.630428
0.542296
0.824916
0.615625
0.684585
0.622608
0.053040
0.249255
0.817130
0.659252
0.145904
0.979745
0.625095
0.339777
0.768296
0.790519
0.911472
0.680687
0.932612
0.245867
0.331140
0.035548
0.365006
0.511541
0.427862
0.396999
0.223342
0.726293
0.693783
0.179757
0.400054
0.008169
0.389086
0.562255
0.993725
0.555423
0.989606
0.228003
0.731849
0.908512
0.171875
0.917475
0.688126
0.701662
0.105432
0.700135
0.570160
0.238513
0.787351
0.216587
0.890217
0.053096
0.406803
0.321115
0.310551
0.676548
0.733235
0.995762
0.064851
0.034569
0.929682
0.546200
0.968236
0.263533
0.756011
0.967612
0.356769
0.501819
0.577510
0.988672
0.662335
0.221460
0.557042
0.772542
0.384346
0.365752
0.921168
0.242307
0.234224
0.294730
0.740030
0.024977
0.817130
0.934485
0.934882
0.320773
0.635526
0.492841
0.580550
0.143085
0.463456
0.635052
0.554383
0.513000
0.082916
0.736579
0.932274
0.843409
0.150315
0.821193
0.011830
0.753173
0.592041
0.091906
0.937761
0.042894
0.494940
0.849794
0.686238
0.093356
0.727336
0.850961
0.432808
0.847644
0.072314
0.072240
0.196005
0.249042
0.843013
0.823884
0.417458
0.654982
0.434360
0.480874
0.775325
0.341648
0.749074
0.441540
0.378306
0.764030
0.204719
0.773879
0.184952
0.070917
0.842418
0.819738
0.337382
0.667313
0.137499
0.059612
0.163171
0.199370
0.753173
0.765154
0.174256
0.866834
0.033923
0.715941
0.017628
0.665891
0.154357
0.124987
0.175377
0.076941
0.076134
0.024977
0.298934
0.167759
0.208266
0.320431
0.591336
0.121107
0.160817
0.220878
0.085237
0.851738
0.778541
0.005436
0.361011
0.279349
0.297879
0.372892
0.578094
0.013558
0.977367
0.469155
0.681041
0.584414
0.812089
0.237965
0.723275
0.354935
0.595922
0.412815
0.751012
0.923270
0.620003
0.853865
0.721415
0.189128
0.301543
0.928645
0.719088
0.998967
0.841126
0.126521
0.220556
0.086884
0.786474
0.290569
0.410003
0.760875
0.917550
0.143401
0.229130
0.495051
0.880460
0.864597
0.773879
0.500929
0.780974
0.525982
0.894872
0.428890
0.085123
0.128071
0.808385
0.114400
0.930779
0.272378
0.303345
0.780863
0.106230
0.117979
0.919922
0.725829
0.935015
0.045106
0.825225
0.604522
0.298934
0.093419
0.983878
0.913165
0.298284
0.161066
0.550690
0.053358
0.903823
0.616217
0.279813
0.834103
0.096606
0.296827
0.396901
0.992309
0.328006
0.659845
0.343256
0.999991
0.479783
0.548616
0.980015
0.491847
0.855020
0.299097
0.334647
0.155757
0.185232
0.972446
0.051550
0.489424
0.325151
0.899270
0.567948
0.779537
0.140668
0.808597
0.840329
0.519419
0.477605
0.364354
0.283079
0.138768
0.957445
0.978959
0.618701
0.174097
0.127784
0.713957
0.335087
0.674655
0.967162
0.970788
0.504159
0.989606
0.723740
0.305982
0.572141
0.764255
0.272605
0.220878
0.281365
0.836825
0.801017
0.369593
0.946756
0.244536
0.913241
0.822023
0.635526
0.761439
0.669327
0.604522
0.675128
0.926969
0.807535
0.565506
0.075592
0.645135
0.105605
0.413117
0.348294
0.102324
0.241614
0.208451
0.275043
0.847546
0.572607
0.232001
0.868502
0.607000
0.370346
0.711971
0.470450
0.333154
0.108409
0.433118
0.762116
0.266805
0.972609
0.424889
0.390641
0.634340
0.502710
0.917550
0.320260
0.286215
0.711036
0.691427
0.187595
0.762003
0.286845
0.449205
0.120912
0.720717
0.477496
0.402726
0.078284
0.518516
0.221589
0.200443
0.612197
0.852416
0.688480
0.145813
0.682814
0.934219
0.155419
0.598394
0.507061
0.483826
0.399462
0.534402
0.511429
0.220105
0.943556
0.550114
0.420096
0.377829
0.246852
0.875987
0.492509
0.013868
0.161315
0.509635
0.204658
0.170668
0.675128
0.029205
0.053059
0.663995
0.439661
0.223733
0.451952
0.328962
0.720485
0.050346
0.612315
0.679741
0.161915
0.233751
0.392298
0.246148
0.147933
0.925557
0.894956
0.078311
0.890388
0.335440
0.288901
0.770756
0.460352
0.490965
0.992399
0.018881
0.024820
0.178776
0.039485
0.505051
0.642643
0.175645
0.724785
0.567599
0.399856
0.748276
0.990108
0.551958
0.266059
0.845581
0.040680
0.691899
0.595334
0.517501
0.949913
0.883811
0.099133
0.941073
0.340400
0.854731
0.537829
0.940001
0.121459
0.202241
0.413016
0.876077
0.517050
0.485469
0.716408
0.796599
0.690366
0.798219
0.458751
0.292964
0.458964
0.547120
0.482731
0.446887
0.687418
0.080163
0.726873
0.170668
0.764930
0.979200
0.418979
0.531210
0.053077
0.243768
0.681278
0.136760
0.467431
0.737040
0.736003
0.631494
0.931868
0.392200
0.877516
0.039244
0.098025
0.271544
0.542984
0.206915
0.171927
0.196064
0.036276
0.152825
0.239887
0.396213
0.838531
0.312308
0.351832
0.901965
0.614088
0.862157
0.557273
0.433843
0.702483
0.150692
0.703070
0.441226
0.907251
0.106404
0.775991
0.649288
0.890985
0.383383
0.949279
0.228268
0.952127
0.922621
0.243211
0.042073
0.230930
0.952071
0.150221
0.764592
0.845286
0.650474
0.423458
0.779869
0.490745
0.560400
0.802733
0.505386
0.787898
0.407302
0.840229
0.138724
0.813353
0.043434
0.448572
0.279503
0.662691
0.631850
0.398377
0.705064
0.764930
0.482950
0.662572
0.311889
0.508627
0.397294
0.251247
0.899435
0.000452
0.969115
0.623910
0.177205
0.246781
0.629953
0.148864
0.993185
0.561211
0.809234
0.361104
0.698372
0.702835
0.925486
0.930163
0.531324
0.605702
0.240991
0.690249
0.617636
0.594981
0.177637
0.810716
0.076471
0.883373
0.926265
0.043511
0.738766
0.469802
0.902370
0.112079
0.629361
0.334471
0.164891
0.424378
0.743587
0.546315
0.577510
0.105501
0.362123
0.263755
0.185624
0.117103
0.806578
0.099363
0.595451
0.618465
0.069140
0.819322
0.407003
0.647152
0.946399
0.299666
0.004866
0.855788
0.290171
0.790737
0.706354
0.846270
0.855788
0.589457
0.876708
0.620832
0.602164
0.034998
0.705064
0.072338
0.728611
0.125591
0.164790
0.845187
0.362401
0.549192
0.305569
0.336057
0.467861
0.928783
0.745076
0.345319
0.399758
0.037192
0.728495
0.041460
0.010787
0.636831
0.107772
0.659134
0.868964
0.889017
0.060953
0.593805
0.550459
0.553921
0.053885
0.422846
0.825739
0.560748
0.994251
0.376971
0.401141
0.293766
0.561211
0.200801
0.243002
0.730809
0.387050
0.499485
0.529162
0.626161
0.012979
0.452375
0.018148
0.133710
0.683286
0.736119
0.820985
0.932004
0.582891
0.418675
0.175163
0.298203
0.119052
0.022466
0.631613
0.204294
0.336587
0.473371
0.159131
0.557389
0.119129
0.831772
0.388212
0.513787
0.522244
0.222237
0.227474
0.992217
0.686002
0.352834
0.136327
0.072338
0.493835
0.491296
0.030945
0.850280
0.415133
0.189812
0.980015
0.756805
0.567367
0.015841
0.047139
0.241545
0.428581
0.145767
0.799727
0.876348
0.136630
0.968325
0.674300
0.180085
0.351286
0.412513
0.800265
0.111133
0.246992
0.222821
0.004378
0.124387
0.457259
0.887467
0.154839
0.640626
0.151684
0.388212
0.259632
0.114548
0.751012
0.328527
0.503601
0.775213
0.497266
0.499374
0.226946
0.560168
0.524169
0.441331
0.556348
0.354935
0.709047
0.878232
0.495272
0.594510
0.278113
0.151874
0.679859
0.338091
0.160468
0.441331
0.730693
0.254547
0.419385
0.011839
0.272302
0.949163
0.461956
0.899763
0.224712
0.143311
0.467646
0.200383
0.515699
0.373744
0.136327
0.562951
0.576809
0.033421
0.953682
0.369311
0.344152
0.156729
0.841424
0.429199
0.065413
0.235715
0.627465
0.798435
0.432602
0.679387
0.594393
0.525529
0.293525
0.871994
0.480219
0.244187
0.179647
0.245306
0.235172
0.562255
0.400943
0.637424
0.970108
0.895541
0.840827
0.641813
0.465280
0.920582
0.806791
0.230529
0.998185
0.669327
0.809234
0.091661
0.753855
0.769974
0.877516
0.714891
0.215193
0.471963
0.307969
0.162919
0.644186
0.099824
0.543902
0.065571
0.813143
0.744160
0.246852
0.452905
0.966754
0.776768
0.381270
0.985219
0.895207
0.966663
0.589810
0.503044
0.480001
0.874179
0.932274
0.878590
0.783949
0.597687
0.548501
0.588166
0.836322
0.162266
0.878858
0.562951
0.941199
0.617518
0.908826
0.598982
0.074595
0.039999
0.854443
0.171087
0.133497
0.284800
0.117141
0.724204
0.533261
0.801447
0.013352
0.314999
0.907172
0.823058
0.960073
0.431466
0.590867
0.824194
0.288426
0.671814
0.145264
0.262129
0.268078
0.398870
0.421419
0.590044
0.611606
0.480547
0.407702
0.004870
0.496379
0.308967
0.315252
0.701662
0.916351
0.704712
0.394546
0.389183
0.902451
0.903823
0.137368
0.404911
0.404413
0.113622
0.698607
0.163827
0.781084
0.458751
0.913088
0.409502
0.455239
0.002604
0.388892
0.737040
0.471639
0.865531
0.451529
0.958848
0.927390
0.887380
0.236940
0.494609
0.088708
0.942508
0.756238
0.161665
0.580550
0.030019
0.874994
0.856459
0.701544
0.457259
0.887034
0.973533
0.835416
0.394057
0.246570
0.554845
0.819946
0.705181
0.571325
0.791609
0.359070
0.278422
0.992345
0.455026
0.590867
0.107104
0.534630
0.468508
0.855404
0.146962
0.221783
0.902856
0.764143
0.586524
0.388892
0.600514
0.957445
0.379834
0.625095
0.331228
0.475323
0.708696
0.584648
0.904144
0.457472
0.162517
0.026845
0.333768
0.136847
0.103987
0.584648
0.832686
0.312308
0.494277
0.490304
0.886080
0.799512
0.512102
0.712205
0.476083
0.931257
0.258828
0.666010
0.797895
0.479674
0.966754
0.585000
0.996821
0.100751
0.450260
0.421623
0.315759
0.624977
0.895374
0.193729
0.291845
0.297717
0.976600
0.040316
0.940948
0.966388
0.856459
0.088619
0.437266
0.670275
0.702014
0.731965
0.238719
0.884861
0.647033
0.992472
0.923917
0.468185
0.049798
0.552305
0.748276
0.003837
0.173459
0.969593
0.727568
0.074063
0.586876
0.909530
0.904866
0.367061
0.935477
0.971872
0.916877
0.408401
0.837227
0.992290
0.379165
0.178341
0.178395
0.665061
0.683523
0.968721
0.439765
0.016281
0.495826
0.681750
0.823368
0.568414
0.850961
0.504605
0.830551
0.512776
0.086072
0.778431
0.221007
0.502153
0.513337
0.531780
0.594981
0.249255
0.485140
0.068880
0.243350
0.256862
0.413217
0.058665
0.480983
0.396312
0.548846
0.615389
0.349924
0.786803
0.896791
0.837528
0.714074
0.948698
0.517952
0.775880
0.998651
0.966388
0.190098
0.262720
0.824297
0.150033
0.032627
0.371382
0.314409
0.841325
0.527004
0.138373
0.768967
0.292484
0.426528
0.593334
0.507509
0.656880
0.039371
0.419487
0.855308
0.929130
0.632917
0.330268
0.127335
0.836825
0.161765
0.863380
0.844299
0.834811
0.708579
0.062451
0.498708
0.805512
0.680450
0.652135
0.492178
0.548271
0.192570
0.480219
0.437266
0.453965
0.846172
0.837227
0.033408
0.358517
0.688126
0.667787
0.008990
0.051080
0.022142
0.046507
0.310968
0.391420
0.384442
0.958228
0.155515
0.386856
0.801554
0.680923
0.512663
0.890388
0.789646
0.000404
0.811878
0.549768
0.385214
0.513225
0.563416
0.633747
0.139252
0.564925
0.382902
0.147655
0.450155
0.255413
0.190098
0.165860
0.863192
0.318132
0.899845
0.515024
0.156924
0.877336
0.939747
0.574940
0.293365
0.458964
0.040943
0.724320
0.500596
0.110303
0.087235
0.584765
0.323773
0.983936
0.850378
0.171822
0.426528
0.449521
0.673827
0.539660
0.296423
0.251533
0.002465
0.195069
0.085725
0.220620
0.913929
0.963957
0.932274
0.255992
0.129058
0.743816
0.981134
0.296907
0.046939
0.321115
0.686120
0.303838
0.661268
0.982739
0.102223
0.576692
0.413217
0.854057
0.314662
0.531894
0.875175
0.740145
0.935937
0.620240
0.005012
0.258463
0.628413
0.050613
0.891665
0.330617
0.857415
0.516938
0.443004
0.242030
0.073911
0.673590
0.733351
0.411307
0.314999
0.304085
0.433946
0.255413
0.320260
0.270863
0.344691
0.254763
0.910930
0.427759
0.912320
0.330006
0.859889
0.135679
0.609952
0.027597
0.805192
0.904144
0.619411
0.693430
0.774546
0.506838
0.775658
0.566785
0.543213
0.802948
0.184338
0.733582
0.737961
0.175806
0.046722
0.260732
0.669090
0.330529
0.171927
0.191475
0.820778
0.147563
0.783068
0.472071
0.419690
0.302197
0.831060
0.102898
0.836121
0.670038
0.976415
0.956600
0.802733
0.182615
0.165451
0.374502
0.815874
0.747020
0.882052
0.684467
0.723624
0.766614
0.582891
0.383191
0.381175
0.784718
0.118975
0.914233
0.411910
0.150080
0.487884
0.179048
0.361752
0.392981
0.645491
0.793240
0.885035
0.373838
0.901071
0.933886
0.015896
0.301216
0.320260
0.216969
0.290012
0.282766
0.841026
0.006472
0.031195
0.974282
0.707876
0.660201
0.526550
0.488214
0.270410
0.443842
0.158000
0.749531
0.880371
0.269731
0.049255
0.178450
0.786035
0.823161
0.770086
0.893527
0.137456
0.144216
0.847938
0.054398
0.214750
0.086739
0.716174
0.260511
0.170459
0.856267
0.516262
0.413822
0.934485
0.621069
0.066574
0.512663
0.852609
0.024959
0.734966
0.640982
0.185400
0.368466
0.294891
0.808916
0.557852
0.345499
0.559010
0.715358
0.882405
0.731849
0.279968
0.086884
0.694372
0.341915
0.528367
0.027719
0.602989
0.708930
0.480219
0.691545
0.731849
0.400647
0.701309
0.588166
0.419791
0.818697
0.409502
0.445836
0.195478
0.301216
0.905903
0.884686
0.056415
0.310718
0.731965
0.080271
0.540576
0.842914
0.968103
0.352925
0.291925
0.301952
0.525982
0.449944
0.234291
0.396999
0.519080
0.124267
0.664350
0.068009
0.583594
0.022517
0.835517
0.850280
0.052354
0.657473
0.256282
0.652728
0.474671
0.675365
0.382326
0.133880
0.189698
0.027103
0.367155
0.303756
0.265463
0.512888
0.813248
0.042894
0.471855
0.405408
0.084922
0.679505
0.179320
0.655575
0.502487
0.895875
0.112995
0.381654
0.159428
0.980348
0.062343
0.267553
0.823781
0.527912
0.765154
0.612315
0.143130
0.472613
0.897289
0.461635
0.469694
0.015878
0.503601
0.152349
0.308136
0.676312
0.951902
0.087001
0.136760
0.674182
0.168689
0.124347
0.905903
0.189356
0.791173
0.350650
0.026884
0.441540
0.942446
0.254547
0.636831
0.356953
0.352287
0.329484
0.446677
0.221460
0.058910
0.157706
0.649762
0.446151
0.238444
0.612788
0.600749
0.524055
0.147748
0.490965
0.339510
0.309966
0.339777
0.913241
0.218372
0.150739
0.067590
0.516037
0.673945
0.498819
0.035330
0.837428
0.002117
0.437578
0.167244
0.937307
0.554498
0.437370
0.188332
0.490965
0.331403
0.212050
0.870253
0.341202
0.041938
0.969593
0.764255
0.881788
0.206609
0.575641
0.437682
0.886341
0.948756
0.919406
0.894452
0.200562
0.440495
0.534858
0.094136
0.548386
0.687654
0.588988
0.577743
0.419487
0.595804
0.259193
0.764930
0.146962
0.846663
0.124347
0.541493
0.969333
0.291925
0.252965
0.122757
0.027013
0.171769
0.443528
0.586172
0.365939
0.727568
0.084865
0.934219
0.435293
0.215193
0.731965
0.632206
0.431053
0.310133
0.667550
0.790519
0.010850
0.440391
0.680332
0.550920
0.114697
0.069952
0.011680
0.570626
0.482622
0.021394
0.113917
0.317622
0.758390
0.771650
0.115407
0.767511
0.869609
0.151022
0.268303
0.128769
0.744961
0.286451
0.439244
0.624147
0.152920
0.162065
0.452587
0.122480
0.825739
0.530983
0.072363
0.186636
0.377448
0.243350
0.388697
0.505051
0.779095
0.491076
0.715358
0.483169
0.188729
0.706705
0.159181
0.605230
0.486676
0.021506
0.321371
0.732081
0.186354
0.634459
0.981711
0.455132
0.607708
0.541493
0.324720
0.006333
0.362680
0.889103
0.324806
0.100784
0.245727
0.985052
0.011057
0.069449
0.792479
0.120639
0.944593
0.619175
0.494940
0.503936
0.284957
0.305239
0.806897
0.510307
0.061186
0.462813
0.154117
0.478258
0.336940
0.114921
0.002188
0.633154
0.603343
0.954394
0.100551
0.866184
0.694725
0.744618
0.061762
0.915296
0.335087
0.191532
0.715474
0.967432
0.162567
0.554036
0.287398
0.396017
0.446572
0.348927
0.871353
0.003585
0.229529
0.610779
0.998775
0.342451
0.749987
0.727684
0.830653
0.561675
0.810610
0.562951
0.049763
0.761665
0.470990
0.085783
0.343704
0.595098
0.533717
0.610779
0.171297
0.489203
0.872997
0.945500
0.431259
0.475105
0.607708
