category,kind,stream_index,stream_bits,stream_bytes,binary_sha256,ascii_sha256,stream_file,instance,entropy_sha256,nonce_sha256,user_key_index,user_key_sha256,image_id_sha256,derivations,user_key_indices,image_orders,tags,image_order,mode,exact_recovery,accepted,pairs_used
hmac_drbg,cryptographic-component,1,1000000,125000,162aa0daca8e42b5983eaf51bd69de18dc91311e9b327db2562605d583945cda,af42830b551861d672be24da5fe54a68648d69d1294e16043229c9d2d2eefd28,output/streams/hmac_drbg_001.bin,DRBG entropy index 1,e2fb404aa1b0f1bbfb21987203d77cf1c5789a14528eeed383e7830c241fb1cc,31c36dce2f2a4bd05bce2482ebe58e68febe31cad65e92cca28e1606435f7c76,,,,,,,,,,,,
hmac_drbg,cryptographic-component,2,1000000,125000,9fdd9c7c0dc315b5b98c1138b179a24c38a201d5490ab670659b0b7896966bac,5879782c9d02c26ac84f1de5127d4186a437be75595f2cb1165fe03d5ee10bad,output/streams/hmac_drbg_002.bin,DRBG entropy index 2,f77a1f2efc1fdac4a7124e7c0ef72177736211acdd08ab9cef5c7837064faf26,9e80694819fd0475a1f789fde8cbae7965f1e597af430c7c1e0469f14e186534,,,,,,,,,,,,
hmac_drbg,cryptographic-component,3,1000000,125000,afd99b645db78bf99fe68553e984f09d9abd0d79298c158da9d7e02f3ed536dd,5e8b773e8b26171575410d57c0a0093a25108bb7c176a672dc68ebef572acb14,output/streams/hmac_drbg_003.bin,DRBG entropy index 3,07210699fa2c40749d581ef3882ec381b9ae993be711d5dfe9ce7a67158c6803,bce89e7f8de701fd6d8fa7f819d83755f3100496fd615e89ed1624be0d28a03d,,,,,,,,,,,,
hmac_drbg,cryptographic-component,4,1000000,125000,94a1c9b8763dc11dd579dc29b2fb915a4907d927dfedb3037e903393cb497f74,674d8c180b4488daa2ee2165a3727282978bf8a5d723c018b1bd8fc977c62dd8,output/streams/hmac_drbg_004.bin,DRBG entropy index 4,0a41aee01b6f4715980007df638a290ebe140f715d6cf0a97ba7112d4ac04bbc,5ec7be333d80a7a2e9a1923fbdf8643a971b9497590877ac9dba14f5540002e0,,,,,,,,,,,,
hmac_drbg,cryptographic-component,5,1000000,125000,03ea347234f5f16335da0d087ae82bb83ef80dd36fba072354d3eed3daf08e9b,c260bb8ff2fce656c878a244300eb8886596e5e3d08f5991259072c1261a3b89,output/streams/hmac_drbg_005.bin,DRBG entropy index 5,8d0b7deefca6d4ea1a8f65bc806f228b659b37d50949dd16ac4ccb5a78e1f531,51f6778b665a3f76c65def220fab3fb92fc4fe3075e055e441bb3607096a5dda,,,,,,,,,,,,
hmac_drbg,cryptographic-component,6,1000000,125000,fca7764ffcaabd7526e74c2085263f619ec26e1c9f4f3ca42a8f8f2b62c48a8b,66a1edbcee15d03b10bfb70bee7a1e4e9cf05b3a77f6c5f513ca081484ca8245,output/streams/hmac_drbg_006.bin,DRBG entropy index 6,2f73bf856a93c52153afa881e77c622da39468bd0be51daea63b788ef378c02e,7528a94ab51c9c758a9be0bcdf1aa82cba0b260258174508c45079f677a26527,,,,,,,,,,,,
hmac_drbg,cryptographic-component,7,1000000,125000,79fbfd8fb5a7a39fa799c4f68c8765f0a4d44f3e13857b74eb182b15167c828b,4f93369bd54bc926e169e283585ebfc2bb3fcdd60ee68d293eb41a8402d1a6d3,output/streams/hmac_drbg_007.bin,DRBG entropy index 7,9178d5d8f6a01a4e68686b83c04a8b6e2da049b60a0917b40e13e322a57b9ffc,3988a02de64ea9dbc9cd5f31498e2271b323440e1ddd6217bf67be4117f8ebf6,,,,,,,,,,,,
hmac_drbg,cryptographic-component,8,1000000,125000,48e5d7c3d7f2e18a2c15eb3a19061a46f4102e86c52002efc2920329f76fd593,fa0bcf0fe86254efff7df05112af798a5204996c6238bb01db60b653414e0362,output/streams/hmac_drbg_008.bin,DRBG entropy index 8,b2448ad8ac327a0d2d9700bf767f7b41daabe2c591b124aa1c60e45f81db9760,c01ae67cef4dded63276fc670bff5d3ae1d09eb48547aa1323089de7f6d5737c,,,,,,,,,,,,
hmac_drbg,cryptographic-component,9,1000000,125000,14445cd98f88b14fa9ff34dabd25367cd90534e14edf7d8859be2508edbcc26e,53189a36b90ab6d037f707629caa6fa5f8ff563dc05e82334467739a6fcec2bb,output/streams/hmac_drbg_009.bin,DRBG entropy index 9,ed7909fabf67a3acf2f121291bad7b73f233803bcc30fdbb3277f62974cc6efc,a9696794ba002ec98507cd13b0a6c0cf02d50cdcc10d9a9ddc06f5ab6be17018,,,,,,,,,,,,
hmac_drbg,cryptographic-component,10,1000000,125000,7c58fe389e553179f71d288fe268f247693dabd70dfe52b7b6cb7bfe648427d6,5706f32d7fa8d5283b4e3905e5b4593cd9468d8cc7cc661a06193ba0785d4551,output/streams/hmac_drbg_010.bin,DRBG entropy index 10,f113800d80b17a02411f2a02358d5b5a5c97fa6a4223d5616bbd431243346665,63e0c92036c9d424465228c845d61571917ee33d317bff774020a4671f45b92c,,,,,,,,,,,,
hmac_drbg,cryptographic-component,11,1000000,125000,ad07b2a012a0736a1d30807b20e297c472431a64e0002a8447bd7bfeba6ab852,5d628488a596afc08f2acc9fc7f40ba724ba7a6742f8b24db1fc4ac4d500f414,output/streams/hmac_drbg_011.bin,DRBG entropy index 11,603e5bb87c83ecf4b99f912da958375ec780af32b1dfb5ad4b4283b33c7bb564,8efe29aa93015f757fed15bfd39f6650fcc02323d25f5f1fa0eb3c781bdf71d2,,,,,,,,,,,,
hmac_drbg,cryptographic-component,12,1000000,125000,c79489d399eb0709d1eea6a0958b432ddeda95736191bc86e7fc13e5bb2ea3fd,cec859b9696ec16cfa159f4177dd83bf94d9466affb5278090c918a2e51f2c08,output/streams/hmac_drbg_012.bin,DRBG entropy index 12,6ea040ffdd9cc327d2db1b8e2123d22fba124ec43cddcd0e8684778b1c8e1b72,fbbf26f820fcb7388f7fa4a2d3fa8667f425217ab984d2de1e77bb77945fd963,,,,,,,,,,,,
hmac_drbg,cryptographic-component,13,1000000,125000,11c7012258d8c1e37a12991694a389271137e261aa901ba1996bb9046679e6b3,cfdbae24e220ec8538d74054388b65f342bb807821e3bbe904453daf2e002d25,output/streams/hmac_drbg_013.bin,DRBG entropy index 13,8baeee4abbb5803456f2564f590444d6bcba16eed2e906ebff5611ba8942edf1,1e85c02dab8f1678e70e3e6886473a351b6cf62dd184fa8c3c632be0e614c2e6,,,,,,,,,,,,
hmac_drbg,cryptographic-component,14,1000000,125000,24cf99aafe4bc8c1f2446e16d76be7de3b2f21e862ef2134ed41e8b67b7ac7ed,c9d051c8618329326fff3bd214da32f3659bc9965acf6b5db6d87ab1dce369d0,output/streams/hmac_drbg_014.bin,DRBG entropy index 14,d52ae974579789eddf8e235649e8bb55129e1428b9c16bbbf4e4d41ff449914a,c309acbd04b70b3c52ff3f87ffe4e80e07382612d91e2ba9b1099ecd3c400855,,,,,,,,,,,,
hmac_drbg,cryptographic-component,15,1000000,125000,caccb354758a543708231a042adb454223aac96b2f04ab6682b5d174ce5909a5,502c0febab32bb65ecc670af8cebbb26941067b7fa52835624e19ceb15c9a93b,output/streams/hmac_drbg_015.bin,DRBG entropy index 15,675efd54979c4cfd61ec1df62d2d5eacc0a9564df34f356166bf4f95d605f025,f36b976024a0bebb9c4fabb045ec86d91d18b4b4936fef26cebdbb76e3280420,,,,,,,,,,,,
hmac_drbg,cryptographic-component,16,1000000,125000,80f9a0901883ebda76c3d2d38e77024de4c533f2b882f20a6e96358bda477d4b,32685dfb4915b26e479f9f0841dea57255302a17accb4c29ef14acd8fe8d1f13,output/streams/hmac_drbg_016.bin,DRBG entropy index 16,258d555bf3db1e9921860c454c8a775ffacc65345df0b00bdf7f3e763b8e0d03,c30fafc49b99bfdba64066286522617d4a8f0c4dbded306730900d3d5e7298d6,,,,,,,,,,,,
hmac_drbg,cryptographic-component,17,1000000,125000,0a6b7cb34a22b9d807797b21b5551b978018f1f05e233ad449b2275766251d7f,e8eb4d895eb4654e74db5139537633adc6fc3c2fad28a3fb5decddf6a6945f6e,output/streams/hmac_drbg_017.bin,DRBG entropy index 17,e1501f9d28080d3198da769e18ffe35896e1b7f6553563d0b69fec2034dec158,1caf493a8997fd81a615f47bc74a9057337661ed6d7a4a2e06cd40fe78b74b0b,,,,,,,,,,,,
hmac_drbg,cryptographic-component,18,1000000,125000,a296051e36e98e7f2b75370016abc22205049c869bcff487cf16f18f51cf04e2,d45b4136afd2b28193f0ac657c672f8a9bddc772ce4342d349bfe89ea7af752a,output/streams/hmac_drbg_018.bin,DRBG entropy index 18,56b3fa08608d37831b641ccca6ad524188f925bc637711a36eafebf8bcd7d5fb,6fde1fa4a2af7c3f6c72a8138c5b18d57ecdf7d498fde0b5da1af37d782e987d,,,,,,,,,,,,
hmac_drbg,cryptographic-component,19,1000000,125000,394b5274e6ff45a4f535bfbaea5a2e989e71ac4841a438bafcfb3042300e4446,46a4494bd36f6a37868a428a0f3eff85f2ba0552119fbc6640bfd6aa9d856620,output/streams/hmac_drbg_019.bin,DRBG entropy index 19,0c018ecfc39b8fd5e4246d71f673de5246d571c6d11d53f13aacaa14d03f6dbf,6558926bee5f85a3e32b260e39521fd2292c960f772a247c237542ec4a835b9f,,,,,,,,,,,,
hmac_drbg,cryptographic-component,20,1000000,125000,137790f710d923c8db97e6c4ef9743218f7974a8d18717fdcfa7e8eb7f030630,2ec12fbdbc256efac999e6ab5852b2d557511bd0cd5eb53511b3386a97e439f9,output/streams/hmac_drbg_020.bin,DRBG entropy index 20,b1f490dbfc6842d6b66b7c22464cc1259804ba5027b6c1dd497ecdc8d3bb7e55,b59ee144f6363e6c314c93cf7a08527a82cf5fc3f00b33e4bc3ac80b66be76b2,,,,,,,,,,,,
hmac_drbg,cryptographic-component,21,1000000,125000,e5e2eb662150593af95d41f1e1fa0818eba87031ca7cfde4d5b09e750a4770a0,2097058f17e32c1fd58338469a110f9b88134811c7dfc547a0e1702123bc0c73,output/streams/hmac_drbg_021.bin,DRBG entropy index 21,63ac242ecf9f9dc0e1ae44ceeb5b6ead93229ce58f558d010372ef29057861a0,d0cc4c8dd14a522795d9943d5fe43ce1b7ad5737ce0c83f256b77e2d97b03d9f,,,,,,,,,,,,
hmac_drbg,cryptographic-component,22,1000000,125000,1c320e7250a8fc521a3bdc2d02d7c89d0b17c8c817372e4538293bb1c3480c5c,ebbc56141ce3eee282582da7b8051a0ba3db21769580ddbca28436249f2271ce,output/streams/hmac_drbg_022.bin,DRBG entropy index 22,ad9fd1f45d24fb3b9ccc9ecc638390df856a6e0bd0dc9de9ca96941eadba7429,6722d4f48c6714f88a9a793bc992016bc1d0fa242323f55841111fdaaaa21e51,,,,,,,,,,,,
hmac_drbg,cryptographic-component,23,1000000,125000,75c827bb5d82f61b6eb61d9457456f183d415c8953a456e72a0cb55bc665a9ca,09de191699218745ba88a2eabf9fb37fc2888d795a75986d915eac75ceb99701,output/streams/hmac_drbg_023.bin,DRBG entropy index 23,cf0d314f69e73f2e509fb4506e202d9f0e88126cb1ba63543b2ddbaf57869e5d,13a5f63eedd5b8552f98234aadd277eac9268c296e0d8650552a32cf08a2cfb0,,,,,,,,,,,,
hmac_drbg,cryptographic-component,24,1000000,125000,7b27e139c4e71dfd5a274bbf9fa6e24b95a5c43a3a68118b561c9fffedb99f44,04a5094a8c0cec809106c41ac0457d4d8670e6de80f12293c21f8c3ff877b134,output/streams/hmac_drbg_024.bin,DRBG entropy index 24,c17ddeada4289ee5813754e23a6e26ad68bc1c65dbed95aa6e024311f7942d1d,0df5e9be0d9b93931adde49b398ad059e209e794776dfa5d0091e275c07b9674,,,,,,,,,,,,
hmac_drbg,cryptographic-component,25,1000000,125000,ba1f49d880a3ff84d6d242f754fd6216554ea918bda3504fcbb33d8808afae44,77b45bc39932b9437b8169c49d17b1ca0ff03203c770f095e20b511ff522fe29,output/streams/hmac_drbg_025.bin,DRBG entropy index 25,15baf1397b0580a7b7541cf6a8ee8551c981d2e709fc6fc8ec1aef6a6d24faed,8a750c6911e70ff31441a5264a664ddda04b62f2fba25d55c8a027992e4b9c07,,,,,,,,,,,,
hmac_drbg,cryptographic-component,26,1000000,125000,ad68e21a1b3949a57693eb0b0f741783ca4a7cd8e1fd33092e4cd9598d05fc83,9ae624354e944f09cd3666efb2be066fb0545330eb8ed79fadb00178a4bd48f9,output/streams/hmac_drbg_026.bin,DRBG entropy index 26,d1fbb41d3a37d9a218364a4b93fb0df7bbb034ae1b16196a9716285108c9aaf2,760dd027d64ee54018308e06414ce640a89b268635fe1460e2a8da5468242f76,,,,,,,,,,,,
hmac_drbg,cryptographic-component,27,1000000,125000,5e0354ababa056ca344b4dedbe60ca78ad458d28732da7086b354d5464e1fa59,6cc0ad91532400e02bc3a153b0f5e11b641ffd280c68b2eea880d3d5f3bc3f42,output/streams/hmac_drbg_027.bin,DRBG entropy index 27,b2858d92cf14872780e71310dc83a190e93a887d589683120d12ae82b7710df9,080ad6ed5cbf33aa91bac34e51cd54315bf1b97e0215e1929bbf38763e8113a0,,,,,,,,,,,,
hmac_drbg,cryptographic-component,28,1000000,125000,1f38c743043ed4fa4907c5f236a69fc60c5107033d0b649a60051cb272207faa,c7fe2960bd92be4be9f08981454f54032baecb2f2e2a5738cb0e3c62a7babce3,output/streams/hmac_drbg_028.bin,DRBG entropy index 28,044ef666d6bfae98ee6d0e92fba670874ede36d92230d87b3a93c83ad4dcc45f,fa2a4a782a1c3fabc8a9926d2248f1fa1cd50717568222357f1c7a8ff96b4b90,,,,,,,,,,,,
hmac_drbg,cryptographic-component,29,1000000,125000,7e2e1a260ecee1d84a5310d5b6dcceae22121c17cba1798e5d9ff68c4a101820,6948d7f28189920e4cce10210e7456eaec18d643d6c96bdeafe091a297f4475c,output/streams/hmac_drbg_029.bin,DRBG entropy index 29,a4e7de04641addbfbe555b8e0dc7f8072ff7837b3610524365849974e29c4aa0,0db87699f34dfd6850c807e0534e4a98cba93c0e4cffd92f4721fb633733ae93,,,,,,,,,,,,
hmac_drbg,cryptographic-component,30,1000000,125000,8b438859ab912bb0521f6a8c7a4c4c533d51da6a9148d9a88096a25b1b5c8256,85fab14e5ffda69268823733d410aaf3ccc12eb6dc82e280f3e60094dbfa81e2,output/streams/hmac_drbg_030.bin,DRBG entropy index 30,acf0317d17bfc7184e6bb3f9e1f402cd7e51e39a2545b87b4b482bc9ca923a4a,366a984210325cb312c3a72d665dd4312f85cb85615a388b30e7aa94d5d18daf,,,,,,,,,,,,
hmac_drbg,cryptographic-component,31,1000000,125000,7beac4c2bc3cc455d8cc5889c7561df8f91d0874851614d308bede49890d78d2,5718e8cc53fd961d9f5bd25b834f191de415b01e00083b729934436530c08dd2,output/streams/hmac_drbg_031.bin,DRBG entropy index 31,86cab28fd44df28993404b70c38e68dc74594c21005f11bc03459b6e5119ecc6,d78395c115e348f3e29e1621732333ac21b1afa22004180434bf9c6cf60dd744,,,,,,,,,,,,
hmac_drbg,cryptographic-component,32,1000000,125000,e1eef0cf5b1d2f4a9148b024b9dc9c23e2605f82975fd096676cc8bc1dc23fc6,a9a80076ba886178456a5105d5a38a6116cf12ddbc381090de93f0211ca0019f,output/streams/hmac_drbg_032.bin,DRBG entropy index 32,00c1b1c83a3f1741eead9e3884e851e38b70688e0ef059ef673d78024596405e,a9936ed018f8fd8eb0cc2ccbdc881d0e507fbf6d1c44689ee6c2f5ace25b2d69,,,,,,,,,,,,
hmac_drbg,cryptographic-component,33,1000000,125000,3be45177bdb69f24463a3cb98aad3a4365747276e0102d7db301037e437dbb9a,e8a2e94fcaf3f7f0c387bdb9a1684c84e8cb692b0b326f2c82baf8c8b4a7969f,output/streams/hmac_drbg_033.bin,DRBG entropy index 33,c2d1615995061c649d2979ed3293373ee17b3661d93653e9134a4d711c17fb3f,21acdc5baa489935eb734e793f5d2fbc3080e7e1742f731f61463f7ee3021e4b,,,,,,,,,,,,
hmac_drbg,cryptographic-component,34,1000000,125000,ca622dc708960099e641f8fe437ee90c0e3803569099476e1e215678aad35fcf,ed782787d7475a18ad07e4e45469416b1cf58e7fcb281a9b823e1cc22bb0b40d,output/streams/hmac_drbg_034.bin,DRBG entropy index 34,634276d41b49796cc1854ffb57687abd658bbd808ebd4881d6b088dd3c4ab567,0170a526aa567aec94bee4cd6251e1f5ee76f41c4ee5afe2cb9f0da3bf322b88,,,,,,,,,,,,
hmac_drbg,cryptographic-component,35,1000000,125000,ef20341a9290d91fb4e68b90d784146c0b2d7971faab0fb25a647c2b5a7e09db,1da18a3d871f8134fedd25dd83fc90c5926f8abb2ed71537c664f6f40d175c75,output/streams/hmac_drbg_035.bin,DRBG entropy index 35,c5d901eaec5981a30e4377d77bb225e2232c821650a550d2d9fe6e0a0e7d844e,825d9f24a5d371cfe08e7fd933587ece42ef2fd6914a6cfda74e87025b00213e,,,,,,,,,,,,
hmac_drbg,cryptographic-component,36,1000000,125000,ca65e26fa5cc02392baa6d8b29ecaee73dfc5bbed14a1e29805b1611b92e4dab,22f3b35c5008aac23ead07965b6c4e4ebf242eb8744111f6bde33284d14bda93,output/streams/hmac_drbg_036.bin,DRBG entropy index 36,ce7fcac8f3c774400dcbc23553a22e01110439f9f9cb8755074845e5fd4910ed,8d4f41cf7cf0549e16835647a1315dc54a8488cb4a78a3547360195cd40888b8,,,,,,,,,,,,
hmac_drbg,cryptographic-component,37,1000000,125000,06b68dba84fafb902d026e9857316843fd7a31542d8507bf9c9f9a8f16944177,9407a0ffb7a9945b09e6d6e1d3b9327128cf4d89240e00471d441fef548f122c,output/streams/hmac_drbg_037.bin,DRBG entropy index 37,4092a1b6fcfb6043305a7c0fef78066a7fb8fa92b90953682d9be0b9c5b1b995,1dd20104d677bee276970e866323e006e87b99e5bf509caaa29cc71c89103ab2,,,,,,,,,,,,
hmac_drbg,cryptographic-component,38,1000000,125000,4346a45973f5a404278bd96c7c4bd6402a975d7a5fc222705ecb22ba667abf18,994c7f70594dec03169e9ef3828d50957244ea0f1bf5de13cd4f343edf9fe0e9,output/streams/hmac_drbg_038.bin,DRBG entropy index 38,40fd24166ef4e301d8ded214229eccc4fa28e214fc2ad56516d5b857fc2e48c1,883c7231272489715e6ebaff20434e896f7095e4af827ec3d5114700630147a9,,,,,,,,,,,,
hmac_drbg,cryptographic-component,39,1000000,125000,a1c4268bb605da5b8d64ee520c8b96949cb2de736b95bfd6fb88e243cb1d7090,b709bc429a87a546f084128782060aba244406a4365eefb88b8d74063f9784de,output/streams/hmac_drbg_039.bin,DRBG entropy index 39,9e75f38a88495aa0d799e7fe156d30160cd3e5c21e643af62e50297bb762a901,d863b528a7c98c2698044dfa90944c19187c597799c82dbb37217005d901bcc3,,,,,,,,,,,,
hmac_drbg,cryptographic-component,40,1000000,125000,fe7c5fe44bc77bdea3615e7ffac2d3767f1434a0d4cdd869bf552b3305e65149,4f67d757fe3467749428c0a52cf2a7a78136f7d33af893871925f657a6157727,output/streams/hmac_drbg_040.bin,DRBG entropy index 40,0b06fb39384ccb87765539938b8649ca302ed0b85ec5355b24acec8560a0c78e,acdbb07c76655b88df4abde683f58dd251d6bb7c8bd26df34f739988877825b0,,,,,,,,,,,,
hmac_drbg,cryptographic-component,41,1000000,125000,589a55a7b1db4867a4fed40c2f5d849662865609d5c3df00634b6c0f17d9134a,d75bb2a746c491669e2991a9a61c7323e9d0e5d1241116e37a427b334d384ead,output/streams/hmac_drbg_041.bin,DRBG entropy index 41,b494f1e15307f36b985d291be59e94effbd3f2b2107c56f523d4a1c545ed7cc1,115518c1366c80d46bdfe3355e6a8a2a01f5ab56af3a2de79beb95111b453256,,,,,,,,,,,,
hmac_drbg,cryptographic-component,42,1000000,125000,0d98930cc9584554fc4bf6fe6e20bd1f595163fcbafa1fe4068f976b478996d5,239dd8bdd95d25baab55e729bda88daa5e180b1062b7531955e9f1e79e5ebb63,output/streams/hmac_drbg_042.bin,DRBG entropy index 42,eb3330972a63de8714fcac5fb81b292bc04786ec2355277cf23228587f09c568,ce938d94d6672f75d72c66ab5b8e2e9dd1cb888a92d94803e72d969d7f0ba1d1,,,,,,,,,,,,
hmac_drbg,cryptographic-component,43,1000000,125000,1c96f18930fc30fc69ff80b4a20c61526523e364bf3132f3e7e7fc7ddaf7686c,b0e7052646df3f960fe5b4460f937051c21b99e37ef6190052f8fe14b8de53ed,output/streams/hmac_drbg_043.bin,DRBG entropy index 43,24e80ed8d3afc09030436ef8f5032714339aa55801ae0b4b5141ab326a4e2509,016e318985a0fe02808bb51e07e895f024c0689c1fee677c6ca756fa586e039f,,,,,,,,,,,,
hmac_drbg,cryptographic-component,44,1000000,125000,a0caba69210aae168d8c299d37e36e6e8ccebcd6929119feafe0adf1ceb606e2,22f31211a7bbefd4260ffc7f712ab4beba274f6c62d037be454dae6cf47171de,output/streams/hmac_drbg_044.bin,DRBG entropy index 44,94e9dbfa894e5cadabef8ff9fdcea5920b626831025449e422e0aa93cfa73d61,fcfdd0511fbf3a73c84693ea383333956f00e8c1952e7dc21c5977230a52ad1c,,,,,,,,,,,,
hmac_drbg,cryptographic-component,45,1000000,125000,bfa26031dbc8a508096b6495f5b4348bea2a1acd35a30e2a0daca677fe5b8dbc,33c3b5c4c4dbae0eaf253aabad8b134d2065f7601e8d1607d8becdbbe6f0d9a9,output/streams/hmac_drbg_045.bin,DRBG entropy index 45,a734b38a4452a29c6fbe5d4fc1df25c875bfffd01ee718c651efa3b6e6174298,489a5850f39723e2416296a29bbe62f30daabac252448e3e196a9cf7f59fe8e3,,,,,,,,,,,,
hmac_drbg,cryptographic-component,46,1000000,125000,1c40c68f657c9775c36d25ed7565d6d55834b5db83e12ef92090cd2d3f3eb4bd,3281c59dce2d83cf294ac17a324df2c3c7025e7dce4e1cb004a1755ebaf049d7,output/streams/hmac_drbg_046.bin,DRBG entropy index 46,61199d1e7aa990803c5b643fcf063a2d49f00f24e6b1ad33eb9926546c1bd726,05913ef104d3cb23b8c4420ba385d85f4e77c2472161243ee29c15a8afcbe1b7,,,,,,,,,,,,
hmac_drbg,cryptographic-component,47,1000000,125000,ccdf95998d57548c12d819781c14e2edf77581ffad120ac7aed267e3254ce487,3741488cec1b33d855be4f10a990ba5035b0a00c409c88d775e014940835edf4,output/streams/hmac_drbg_047.bin,DRBG entropy index 47,b4991fff6a1837780a7437d3409bb32c34bf50a2e55434112b60ecdfca14e298,a7e0d45f3a025ef6959aeec4ffe7b32c461e2d55257103c6d0d3659b4f160d48,,,,,,,,,,,,
hmac_drbg,cryptographic-component,48,1000000,125000,5da12184518c6dda48c5f1db53bdfe14747c49ca76aba538e3164dd300485780,dadae4549e882e8adc955b0f6da84ae591570768336e9092c490c430732cf42a,output/streams/hmac_drbg_048.bin,DRBG entropy index 48,618b9d8c503566d731bd2ae84f589976653ba5326c2bf7750792e901039aaaaa,223ddcfa089fdcbfa4a5770faab32859e6fb746a10f8b3914408165cbc7bb5e2,,,,,,,,,,,,
hmac_drbg,cryptographic-component,49,1000000,125000,2bbc47e9f2ab92b2c0db07ef875a78d42b1d3c941af58f3b07fa8a65750c3f22,97bd061b0111f656f7d4edfc1b149dc566e98dd2897ca4e67e72974764f3cb2a,output/streams/hmac_drbg_049.bin,DRBG entropy index 49,911e06b3043ccea4b4f8539758db28d6bbed7955ab3e21348b75a0221077af89,b93c64571baba9e8bf39b483f1931f931cbfc9f53381c281cfd75734c198fca2,,,,,,,,,,,,
hmac_drbg,cryptographic-component,50,1000000,125000,109bd0c30b39bc4a5b5804c4ef9b3db9e25181cd7b02ffa45748aedfb4dc725d,71f97b217c78b6c73823c40407d565ae4183901c9e9951cab3a61cadd8c7bd0a,output/streams/hmac_drbg_050.bin,DRBG entropy index 50,22d19a52595a9238be3cb37511e51d867fd4cae50b808e56b32f5f2b99066e87,7b7aa131dcec939dc557ec6ea07390d8752ebb0d7f4fa4842fefc21deca28ea3,,,,,,,,,,,,
hmac_drbg,cryptographic-component,51,1000000,125000,bfc54c811c864778e68068fa26c5cb6e25b1c8202764dca9df4bff51b6ab3552,4048e02539decdc54bf07fb196017097f32069de4cecabb2b2116fa471880054,output/streams/hmac_drbg_051.bin,DRBG entropy index 51,f7db0560ab444fef89083a9fb09f4b359d893a7367975f49551eca104606dded,41c79f0bdca906716d562ad50a8e0fcdb1e3b024a4e063b7534976b2870ab0c6,,,,,,,,,,,,
hmac_drbg,cryptographic-component,52,1000000,125000,41c9ef74d179aab8c93bf761ee61643ec200828c7e75b5928bec1d3df1534e5d,da8322b8dfb4a234b97be3446df22f72ff376b5337bdecf8fb7c2f23f0bd9225,output/streams/hmac_drbg_052.bin,DRBG entropy index 52,efdb86cc377a3f492057a7b282741c34e2988804a88f5a6dbdd61e697f7f9931,80b06cf44b36346fd59689682d8471d3993321863491665d764b15f7dccc1725,,,,,,,,,,,,
hmac_drbg,cryptographic-component,53,1000000,125000,ce154c1549695b97af656d753ef3fc825bf0eecb21894d8cf3c44913a8c2dedc,0a1aeb46c7b668d5641391ed98b836010833ac5c4afd21c578dbf49cd77de22e,output/streams/hmac_drbg_053.bin,DRBG entropy index 53,fc136fd3d332274ebbe791399737e33b2d97f5795ac50b7259890e66292c9276,afe99c2bcc37f4db1822380c80e9f2e99261d1b77b905c119b5aeeaa95edc7ed,,,,,,,,,,,,
hmac_drbg,cryptographic-component,54,1000000,125000,b73765865bfa89bc7193cd86ad3bf97a34017f58af5ae04808c04fc9d75094af,7f03b728988c1fc4f9f45914c12ba9519202b6dc62922f4c55d31311d9382bae,output/streams/hmac_drbg_054.bin,DRBG entropy index 54,2de586fab9ba8f6e04065465dee543bae5b06666aa3fed4ddd79a9145144ced2,5dac560500242fde0f1e3d4ae7cae663d7b65c8fbbb963861cd6aa24a7648161,,,,,,,,,,,,
hmac_drbg,cryptographic-component,55,1000000,125000,b1ffcbc6a4f4b1861d341ae4f630268fd8768229f173ecffd3a060f8a89c442f,379f96dfeccf8b324f64dcbe11338823736503ca70bbe7f45e9de49510bdc1e3,output/streams/hmac_drbg_055.bin,DRBG entropy index 55,d24df8683cd02882df037e250e60cfc29785331b101705d7e9efe3f49195577e,8000d9537a698aca32ead02c6bf0180077b6c6505bbb25c21f8f5f8af6cabab4,,,,,,,,,,,,
hmac_drbg,cryptographic-component,56,1000000,125000,f1d5f9bb7d77a6b935d3ee64f5dfab624d929aeb9542a9394687d971e2de7f21,726c555542ab8d1ef5d63cc50a6de5277625fd3fac22b7e2317d5bc50a557fd6,output/streams/hmac_drbg_056.bin,DRBG entropy index 56,f47f5ba3076252090ecbb8a072f49d9078fdbdb29a8c6bcdb69349fd0de0f925,4fa7c6ad6d16285370294cc82dc6ffedb483cb1c902c9cacc68e2e7bd7e03074,,,,,,,,,,,,
hmac_drbg,cryptographic-component,57,1000000,125000,a1a3475da453b84435b6588a00a60ab163b8880d2771e6443a924a263a505fdb,370948c007f2395a31dffc1f7d900d8f1a0efc83c64f611b305047eb71da4633,output/streams/hmac_drbg_057.bin,DRBG entropy index 57,c76a56664585a22fb40d7fe457c68497f86669f7cdd974cd141d02e472266b3a,72bfb182487ff4d1f46760479ff9c2ac95316bd62f9ae5cfb9e673e425313f1e,,,,,,,,,,,,
hmac_drbg,cryptographic-component,58,1000000,125000,432b1c3034b11982f4af4894bf8cba90dfdb307f6d4afdd17f2556cde1a45ac5,ca72c96f62652e44c20539ad61c304609843473227b6d3b95ed542dc8417620c,output/streams/hmac_drbg_058.bin,DRBG entropy index 58,26f89040ff2098018fcb5068c0137677ccf07bfa99185fec930cae80c2b92967,5e436560c07418ec7e16cf4aef7185026324cbcddb0649f4710d433ee5a02cc8,,,,,,,,,,,,
hmac_drbg,cryptographic-component,59,1000000,125000,aa9f95d4ebad44e362bc44de4aafaeece287ee3fcaf86dc0d676adb4e3ad331c,01ee395f6c83361f34fbd3822dcdd38c2bdb7567271aa612d22186692c78adeb,output/streams/hmac_drbg_059.bin,DRBG entropy index 59,1c99a577a4199dfeff266b21fb690721d63d4ebf2616ba77e8d6763e764a6258,e5ff3f71265afe153dcb2a250fe812ea01c71d5e14c21dc4bb1077a6ad4dde36,,,,,,,,,,,,
hmac_drbg,cryptographic-component,60,1000000,125000,c34363214e1a530ceefbd3cc254ea6903fa95413e4134a4eef8a2e2b2f236438,8a75bc4d6b60ec4b24d5bdf1dbf0ef434609087a1fbdae2a1a0a3b068fcd691d,output/streams/hmac_drbg_060.bin,DRBG entropy index 60,7cc2f2d539b8d4ef8c1fd6016e8c13edbb4c393c29b3189902ea3a9168a94d89,419773a61868d5412c86d1e28437629c15ac6f4a05593cbd3a42712de9246a63,,,,,,,,,,,,
hmac_drbg,cryptographic-component,61,1000000,125000,92bc35837d29fa3697b5d1b14b81bd2dc5340dd30cb5145761a2f9fc45b14dee,4e4b3f1f24c0f7698c0af943fa13ac0514e065304191df6e59944cf7db09febd,output/streams/hmac_drbg_061.bin,DRBG entropy index 61,918f9c7c39a784041a7a88100bc4dee579ec0b6df0a2347f58f98fc6f8aebb9d,eeae79eeb5524154d8ad18b14d0f1b78f15f7a33c2454de347269ec4863b8d64,,,,,,,,,,,,
hmac_drbg,cryptographic-component,62,1000000,125000,5dc15152d4458c5e42c4236037d4c84d2353826061a1376c9bdfd160d29f90e5,e7850f365407227fa573aa11ae5b15f45f68410bd3cb23414c98aff272c5e0cc,output/streams/hmac_drbg_062.bin,DRBG entropy index 62,491ac652589febe28e3271ba80295e323a1ceb0d29d9108d5b967c1be7326e65,ee48470eb445a0944dadadc580f4ef36444c1c7ce97696021064d265d3942910,,,,,,,,,,,,
hmac_drbg,cryptographic-component,63,1000000,125000,f9403bdd919e97733b8ffa53a96764354d1506a030425ac9eb497b335e88e0c7,9cba59401cbfbc0027401e9ce546190afdc25bcfd439836ae2caf79a3b120a98,output/streams/hmac_drbg_063.bin,DRBG entropy index 63,73808c9d0813328baa8a4223affea78ee4390aa4321ba750e671deb01fb5dcf2,cfd0040a24a1a20feb8292eb683be3a63ba6a9cf2e6c88ef8f7260216f97b3c1,,,,,,,,,,,,
hmac_drbg,cryptographic-component,64,1000000,125000,9310e04a9537934ceaa342cd15a1ab599e5f360b056a7dce32ed5db13a66cabf,4b4b480e257344754f09cdb12e8502a5ec3c5a93ca16573e855128f5ce6466b6,output/streams/hmac_drbg_064.bin,DRBG entropy index 64,fb93205b84682419ed512163b082f5c3d67948862852da1fdcb7b6d6f4bbb2c2,0c30b2964f2e56fd6e68d0d3fa15cbb045dada16ba580428da097090a6677920,,,,,,,,,,,,
hmac_drbg,cryptographic-component,65,1000000,125000,341a7a842222bfa7ff7bf04f6312b34ed8e0ce6c4621167a1778aa5c4bc3f01e,adeb1c19dcb3303600a49a6a3ddabbd75861902ab45a1ed21ce1c7f7e21f95e4,output/streams/hmac_drbg_065.bin,DRBG entropy index 65,e06c353f7fa57ad1a782f3e6a5d1d84e7975ac8e95d2701c34c8e664da2abd49,0d1c329349d93f13b21a9948c4470353a88729b578835df4770aa893fa0185bd,,,,,,,,,,,,
hmac_drbg,cryptographic-component,66,1000000,125000,74b1f77e4ac1760e9a30cac5fe825e5b566ba958f5039f828da1625a12ee177f,79a6d4ad08899fac8169d3c72c8c4af454b22ea360b5201bfef75ad9dfa5874b,output/streams/hmac_drbg_066.bin,DRBG entropy index 66,2f014eb0a5a2475c41d53124820926d8c9d77e10c3fe863124d7124637e5007f,43b5b1fd985a01f9cf8d8c39792b0a5bdb67474d5b0f80eb22cc7bee3eef7d75,,,,,,,,,,,,
hmac_drbg,cryptographic-component,67,1000000,125000,b222bb95a0df45bb843cc96810329ee308032b77912f2567cd51a38e857168d6,fd624cbf1d4c7d2c8220809b88d8d9faeee3a9f8ecb89c417b565fa7cbba046d,output/streams/hmac_drbg_067.bin,DRBG entropy index 67,7a46a352257994cadbd8a7f40742ebcc301f585259c34427cb1ed82065b46df2,7dc23ec2484c74844da5746a6f74e75314dc278a1712bad139e7f22ab4968201,,,,,,,,,,,,
hmac_drbg,cryptographic-component,68,1000000,125000,e94ab0f524b84831988310591720fc0fad3ea705c46c09773034e15b4721cb51,c39c038e26e372118d01f3fe34a2ab708f5edb2a7e67f51a5231ecfb20682b7a,output/streams/hmac_drbg_068.bin,DRBG entropy index 68,d5d2de5c0ac786ab7d5d09563a19d20a2e09b8caab90bab6018de97e472934fa,0a4c01741ebf7be898da5024935d5a9737c5c23a7d041bf8198bd7d6e564af4c,,,,,,,,,,,,
hmac_drbg,cryptographic-component,69,1000000,125000,ff9d17217bc7feee7b7e13f32c1af542c484c30b368b749d2aeebe4e70b20c95,185fd2d46d9c1c9c0280e2a7452cfc78b43a3d3cb2282ae3717e8b4c1c1531d7,output/streams/hmac_drbg_069.bin,DRBG entropy index 69,d85f11931553974e49669f06037547b7eab5e446aa3d501f8903b2f3daf2b88c,2d0721f7b278f6b07f74b0bcc2595e57f365d2703cd99693db6b0e695f27a6f9,,,,,,,,,,,,
hmac_drbg,cryptographic-component,70,1000000,125000,c66c19ee9308fe18c1a8ce84605b0ebfca0112a5e6fde75140246661101a1a32,90e10cfadf1bf4a65758275eda87012eb44067a0846c6f5553408a745dfaa339,output/streams/hmac_drbg_070.bin,DRBG entropy index 70,93bcd734fa6f9bffabb268f8edf83f4212fa35700b9a3411d6b82232a382ffad,34a4b14cec95fb6d69df6a09c9e0163920d6eed24fc4b198e5b00141e2ebec0c,,,,,,,,,,,,
hmac_drbg,cryptographic-component,71,1000000,125000,40415bd86ddb547b3f8b0281851f86ccc9b0daecbbbdea3325b2816f263b1690,92029ea9d228717479d558d8a7d25d9682109df25f3dc9400fc8ef2d1cf31e5c,output/streams/hmac_drbg_071.bin,DRBG entropy index 71,bcd2e140a0cdc98b5259e7f890dae9a509b34ebd8bf9a70a8b0252b3553267ab,4be5f88b58de8ede8b0ca70f3cf30565741d46d7aa0591a8db53fc2226295fb8,,,,,,,,,,,,
hmac_drbg,cryptographic-component,72,1000000,125000,4b9be4b58bd79d5940e980a718f1c2856759adaabe0daba4277a70b58191d499,2bb5289d34ecccb6711850a42cd4a4f53bde579742e9fbc7971a18b86926e475,output/streams/hmac_drbg_072.bin,DRBG entropy index 72,7f81b2248016454a757645e01a35b01ed9758637f78743bc8139f6cf94185736,00423ebb0958fae69470627a29b1816839ce59978d29ab45f0c2b79647113a1c,,,,,,,,,,,,
hmac_drbg,cryptographic-component,73,1000000,125000,9f92e3cf54c04b27cedb222bfbc017fb638dc111e98a60fa06ab485a679fce31,399181a5b8b642171461ad9b362a11b8aad2127fc7f704d3e5fb864c0637ab89,output/streams/hmac_drbg_073.bin,DRBG entropy index 73,a3e3623cba0d31a97c604ccf64140cae2c83b56f71334861f6c53926cb5a6741,a2f3a5a670484dcfa7ff60d08ce3213ad6fae219960dac2b9f199ab8ddeeeac8,,,,,,,,,,,,
hmac_drbg,cryptographic-component,74,1000000,125000,95f852a3ff3aae74214a8c6062a0a6bd31ea268ca1d8d0cc6328b186c33bbca9,93b2f42a1a3be710062c3cdd7e3caf7794b5150fa774a0affd02cab5ff9da920,output/streams/hmac_drbg_074.bin,DRBG entropy index 74,33ce66b73ffd892dc5bb4a33b50d57d2c75fe20fb183c5fc9bcba3182fc12857,f45c9936784f8249f383ee029b73be4a45a52b7c3e5182832d35869b451c32ae,,,,,,,,,,,,
hmac_drbg,cryptographic-component,75,1000000,125000,35918183136678057d998ab216a89b54c4324d71bf57460dd47bd4badae1a66c,55bceb657c15d97e2d398a58f1db541ddde792c8c6e49506e5669d6986eb6549,output/streams/hmac_drbg_075.bin,DRBG entropy index 75,21d1cbab840224d666e58423b5864fdddee22bd3db02df4c9b4b25d5433679aa,5dc1958a0ae33c483a1b2183d28af887d499a3a97db32672e3ac861b85e1080b,,,,,,,,,,,,
hmac_drbg,cryptographic-component,76,1000000,125000,dfe016ad1da734b1df48c259091a14b983c787860c46c4aa640b3c690393627d,97fd2fe5d10eecb3af31384aa4a84c5eae029bbaafca89e518855c2903273ac3,output/streams/hmac_drbg_076.bin,DRBG entropy index 76,b18ede7dc04ea24fbcb7391233ca044a0cc8596a049a8a97812c07a7b11a091b,5593105c28fa3e5a6acccf506e5ca9b3b2bbc478700e8b7e8d5887e10fcfa114,,,,,,,,,,,,
hmac_drbg,cryptographic-component,77,1000000,125000,92cd9001d68c4d513de96b4fff4c4eced2a64e57501ffb5321c59165a93e1c70,d9f243ff9c392d55277833d4ad623f5cbecc07085cb138f1be8d04bfabbc4480,output/streams/hmac_drbg_077.bin,DRBG entropy index 77,ed466901bd3b4eaacbbae37ac4581756518172da6830db728a3d6543722ddace,9ab46fec48cdc06131f864304a6f7faa84ae3aeb4ef17c60c8476c59cae2947e,,,,,,,,,,,,
hmac_drbg,cryptographic-component,78,1000000,125000,9bf3e12b122050c03671b0e2f85641ce7702183a4af1fc11d9424511787f48a1,1690790df9732ee4d040262cb874dad5114cada864bfeb10e65781cd2c827550,output/streams/hmac_drbg_078.bin,DRBG entropy index 78,f4d342bfed59a71dddcff321440520d3f2de953acb8008ebf53883bd95900aef,4208f1683c9e1a94cafb8a3cefefd273435de5017e577abf2f90b55339ee4df7,,,,,,,,,,,,
hmac_drbg,cryptographic-component,79,1000000,125000,068a96affced2b20aeb2393647a5f9d26af5fffcd3432b23184e900c704879bd,73bc913165b8ab58a58645a7878b5a97d23e4223a4f126eb10d7322f1d3bce73,output/streams/hmac_drbg_079.bin,DRBG entropy index 79,7ad6fd9a34a94dece56b23f2329bdc5b618d1230471c505114167fc13fb03f38,c94fde6be6f95852a07e1609765699f492062a9abfc151c24db974bdb713cbb7,,,,,,,,,,,,
hmac_drbg,cryptographic-component,80,1000000,125000,79429e4be9f377812af88f87cbea84c834dcb2a85b7e81abf20dcc58b818b7a1,4800b3cd05b3b83d5563b4a05bbbd9752cc04cc455513622613de1c903f9554c,output/streams/hmac_drbg_080.bin,DRBG entropy index 80,c9a3509a646d54dc31ff9406678536cc7edfcfb714e0d8e61a0f208d0eb6359d,96cea2e471147f659029f182157f48d7137eebc173286b2399bd049ec5b45ac1,,,,,,,,,,,,
hmac_drbg,cryptographic-component,81,1000000,125000,c787b6232aae97d08d7993bf055f7d4eab6568ad74d9163e5dfe412983f45e3d,c280384a507ab1401e52625349268be42ffdd357358847b577be11b8b16dfaca,output/streams/hmac_drbg_081.bin,DRBG entropy index 81,678dfee811eb8859a9f7ff8cd3100875b901798ff92a2fdafa3a7a985affd8ea,dc65b5a98e89d56f6eeec59da394dd2b66769231a9ac1334e6904f0be044a3ee,,,,,,,,,,,,
hmac_drbg,cryptographic-component,82,1000000,125000,2a3ceb81f85956aa2bb794dfe8ef4c7154290506c0cf4118c4cffe97cbf4c3eb,5e35a5469589ad3f81e9ccc8689cc6a8082c90dab58080c148b2b5187630e19c,output/streams/hmac_drbg_082.bin,DRBG entropy index 82,cc615bb58dd18172fe982e6b82da676a35602b0726924aab43f2b78fb61b6ffe,a801b279f1ba600ad04cb7f2130a846dbdf6651a5cde8e12f93d518d2248f412,,,,,,,,,,,,
hmac_drbg,cryptographic-component,83,1000000,125000,95493045a688cdfad1224d432c4dc851479c2dfa3a08e4b844690346d7563d52,0b826f349f2d11545f86ff9385070cdb97f80ae50118bb18149b63c7943b3737,output/streams/hmac_drbg_083.bin,DRBG entropy index 83,7cdb43c12a4ab66d878e5c4bc247cb81fc1dd86bc847937ce8580867d45b0939,01b0c2f51e296021c9cbd24f66ba47b6a9a169433120e4c78669b8fda9b32658,,,,,,,,,,,,
hmac_drbg,cryptographic-component,84,1000000,125000,f946cac8187aad3b046800376545838d19997c10bc59dd753a33788e7c8807f2,48a99bd2332534c1e6631682694d47023767bdf2d5fc3b789489571991b00542,output/streams/hmac_drbg_084.bin,DRBG entropy index 84,f9ded885c631adbf665c5981ddd1adb8ba3c440f213a6bfc116d82791234721d,5f5c1a92d872d900dc76ddbe1277b8ee1e0811fb89639af211396f0b32629cf7,,,,,,,,,,,,
hmac_drbg,cryptographic-component,85,1000000,125000,9ac4258e2677c7148da64dbafa55eafb8b9a5c64855425a4ba37a1fcb720c84d,66cc8da951bb2b8598b0a4c2481dfa907eb97eae12c869f8405231decae3f193,output/streams/hmac_drbg_085.bin,DRBG entropy index 85,ed4d573f119970340dd35d4d6556689d5c3c6e376fe99a1e041d668c713ece4d,91b1ce38347044585c587b34fd365079d3cc8dc95e2632f40cd92ec5e56322e9,,,,,,,,,,,,
hmac_drbg,cryptographic-component,86,1000000,125000,78351fe05d96c3c804259a49aacaa9d5e9553404ae2a32112e62d6fd3b8e004d,ee350983fccb03df3d4527b2ea0651883cda20d75803b8ac1ee47b5c62dd59f2,output/streams/hmac_drbg_086.bin,DRBG entropy index 86,66cf9945f45ffba13f8b014c3d4fb34a39df196f77af0c18bd8c742e7df3cee2,d4a7148c2066f67cb239585526b370580849c7a984d5441af28f693f70122ffb,,,,,,,,,,,,
hmac_drbg,cryptographic-component,87,1000000,125000,a9bb7f20f88e90b73e1773b3bf65fc75d236383922df9bc7bf9ac55d751a0d51,ae89f23d15754762a673a4f5c111f15b0bdfa1badaabc7c8bfba56f64cbe8500,output/streams/hmac_drbg_087.bin,DRBG entropy index 87,01f5cd13242017a9d7ddee847cbae5438b0238fc61339a4050bd673e962b42aa,d47a04cee168ebf60a7c20fb3fbac25049cbd54869f7975469555dd3fd5a5ada,,,,,,,,,,,,
hmac_drbg,cryptographic-component,88,1000000,125000,34d890a8e98814a1d8e993e61b0addd65122b133fe09616ac5bf2606b3a24933,fb3e5e9ae86f80639963b3d1c672518cab214ba8d6fdb3744649c50e0951b1ac,output/streams/hmac_drbg_088.bin,DRBG entropy index 88,b26735ae3dcd2e373abf359ef5db43fadc53d56a5926602864de95ee3ffda463,7d4635ff6f8299b291e1bb7fbb9f3a99a2e80dab364e651ac663806dce23585f,,,,,,,,,,,,
hmac_drbg,cryptographic-component,89,1000000,125000,6a2a8e4d0e7bb6b8da981e1d128c75cee546547cc3bd978b85a316c03d6d1857,f0d660863d2d710a4b33093ee9aa103a3a39d24923b39f6eb70046cfdfa41496,output/streams/hmac_drbg_089.bin,DRBG entropy index 89,a99dc6fa6dab644e9078437f114e47e3803485fd6b1ef18a9a342672afadaa96,e2adb55d2cffff73ced05bf152e6b1126978868b90d8355e80825fee563166e9,,,,,,,,,,,,
hmac_drbg,cryptographic-component,90,1000000,125000,2eeb40824a16455aff235d069240892d55b3807168e9c15c069da3602c21ec28,c2acf13097d11e3fc432eb1a52549477d6e276ec47f51531cf3a9c5748df414a,output/streams/hmac_drbg_090.bin,DRBG entropy index 90,7be752e6bcaf482a07eed128ab2cf71af95f8b39e73bc1ac18f6cd8328636c6a,7388719b2549393a142204465ebf02ea05f2e6b17fb2d1efe3e99c4c4ff512fd,,,,,,,,,,,,
hmac_drbg,cryptographic-component,91,1000000,125000,dcb05b0e40143832f1c87770b32b09f95c9b730230a584f7439319f952a4df9e,517df340fdffe0bf552879c3c2b05b80c4c6479fc5157123e58ca26d72796755,output/streams/hmac_drbg_091.bin,DRBG entropy index 91,79d4ce58db3975c0926c3b00942028555940a8f93ccc556e6af3c38765d1c50a,831234df03ccef08b44b62cca4a8cba640e034b3818eee0db94b52c7cacf4c17,,,,,,,,,,,,
hmac_drbg,cryptographic-component,92,1000000,125000,a537cfe91c7ed6d3890b9fefc4f2fca77ac7d1eadf85fb7b430d31c73a758b65,dccb31e78823d626b3f83dada75271ed3a9311f74b76389043a5c179539b4bdd,output/streams/hmac_drbg_092.bin,DRBG entropy index 92,d8e1ab57c5c201ccdc398e4c6edfa6c934bd213f82b3a6679b1629a4cd9eabdd,239e30943e705f26d0d60e325be427a3878abd926c6d58c669c403d54de972be,,,,,,,,,,,,
hmac_drbg,cryptographic-component,93,1000000,125000,6a5628ff984151138e0b69df67261006653a67dc0ac3d7e7b5035f188ed5d213,8fa11d78146e9efadfee244763f7d5c001b74aba8116f93f19ef518500e790a0,output/streams/hmac_drbg_093.bin,DRBG entropy index 93,e57e1a985abad154634a39436058f9023f57dc8ca5b1776d1f873364f91c9c66,07d15cb9ebd2b4bd500e2509d0f5f6672197d7ab5476c2c1e9cdb34157296a43,,,,,,,,,,,,
hmac_drbg,cryptographic-component,94,1000000,125000,09c6da036a38bc684e3b28d96091fbb5e99849b5de6d4b54d34c1fa524e30019,9035fa3d856e7c0cd9affb65a239f67c684b1cdafbe161b95ba6c2ed5e893645,output/streams/hmac_drbg_094.bin,DRBG entropy index 94,7a0efa8da97496dc3b863a8212b952d747b9da3f0575b1bca788c7daceba405b,e7eb43693901f21b4f22e1d494d637ebf894fb32a678de2c1f81de1b1fb835bb,,,,,,,,,,,,
hmac_drbg,cryptographic-component,95,1000000,125000,8b222f07a49bd2648f71d2a6d07f89294b2fbf98723882871c30dec6f662a524,8a968b9081f13061d23be74679594bef0f77e8c0a91f32bbcb84588b9ad39ad3,output/streams/hmac_drbg_095.bin,DRBG entropy index 95,9a6ef119e8f6c02cf9ded4091982c69338b11f76e12dc31a59a973188b0df647,d388f5fac4ebed5590afa5a34d6f7437c20f1f33652e994ed0764f17e1affaca,,,,,,,,,,,,
hmac_drbg,cryptographic-component,96,1000000,125000,e18612766cf304691b24ee2b8d5ccb254c771f0017ef702805810fab809c7ee0,54bd3db9c71d56583cbb07d2801bd23744f24a08d30f6acdf8125493111a5841,output/streams/hmac_drbg_096.bin,DRBG entropy index 96,ea9853fb2642a925c8cf4a7fea9388625113c3f7587355ee69eb5a0068da8228,0c5d8ac2ff76600c55209d81c793140a4a9d71313ef9179a8599d5f687109f81,,,,,,,,,,,,
hmac_drbg,cryptographic-component,97,1000000,125000,d2d8e7f1ac4311504d0df823ed481cc2aa454a21e2501791f08a2be3a3abe8f5,84e5aaf9f0645daba94621e622f0fed50323480fcaae1b2318989097910a6a21,output/streams/hmac_drbg_097.bin,DRBG entropy index 97,704c56fe91d36b4d32fbb195b53e130c200e359bd61bab8670cca80381e22355,d8439bb0d4f26a17c31b0358fa697c92d82a63a14654d646276d2534790fa2e1,,,,,,,,,,,,
hmac_drbg,cryptographic-component,98,1000000,125000,4d6b938c534f5767236e8100c2ca8ecfae594ee6865fac9af7c89612bfee129d,074c814521f82ff5e44addf4c1865e1892c29ce4327e2e73e387e3d73744c739,output/streams/hmac_drbg_098.bin,DRBG entropy index 98,98790e0cda235af0946453e5896d536db647e3d34da6b17b9a76552a0b8d50f2,9f93f8f1522234f5993d959114c0c2a8d93d06dcc170d7bbf301ff0e124ce71e,,,,,,,,,,,,
hmac_drbg,cryptographic-component,99,1000000,125000,63c0711d52429adaddc513942107d09a77103e9fa2674fde6575d34fe4c02294,fa2f08de5a8edfa4c8ef6fe827383a9ac222e96a1dc15c3ba8ca29eed83ea99d,output/streams/hmac_drbg_099.bin,DRBG entropy index 99,1bbed648647323c48b2ff259f2de7afb9786fe3ff5adab2ce135c57b102fe659,944705c75494815b9535c10a3757b3a68d8cf8e2ab438d3c162d0284ee892859,,,,,,,,,,,,
hmac_drbg,cryptographic-component,100,1000000,125000,ec6aba8b0d091fd4c868658d0174fb2d97d6952d35e8fe49cbcbb874e6a381ce,689e4bbe5b41c6c40ef35f34840f8ec1edf967fe17ea12a1221e46398fbfb676,output/streams/hmac_drbg_100.bin,DRBG entropy index 100,ce64707dd2f3b7e817aa9b083f3d7c408fcc9890e1f02bcf3bcffefb498298ce,7e18d83a1cd8ede29bc319edb4ca13b542261b2185e5bbcabe6b6286da29cc1f,,,,,,,,,,,,
pair_shift,cryptographic-component,1,1000000,125000,19038a808a9b36e85d6d8583b6cee6175e687a75ec53f7d7e320c0b27e5babc5,82a02b1b6ce00d5431ccd694fd883be0edf1957986ef0d16dbbe80c5581c1107,output/streams/pair_shift_001.bin,,,,1,0657dd7c257cc314724391b4eec71c6c520557b6925aa36da0c2dd9b434ff8b8,8df5d5ef6feefd634fb727153a55a75cefcdb18a697be99fba288c8fb3518f9a,3906,,,,,,,,
pair_shift,cryptographic-component,2,1000000,125000,8ee9e6c34ef122981ceea866b7170ba47a70aa98dbb7ab25a53bd029b7433720,c7fd3eb83429878ccbeb2f759bcaf55e1a32169ce0fe5dbcd9b0b34aa3a2a43b,output/streams/pair_shift_002.bin,,,,2,c6aada6701cafb03435a163a874708e34882073e1d06c20255654620edbe38fa,1072f23d10b134f42bef5e58bf89f2c7bb5d8837ca95c8e0b4558f2c744c7000,3906,,,,,,,,
pair_shift,cryptographic-component,3,1000000,125000,e70b6bb2b8a59c481ee3ae364d8a5e890b6e2513b2eaa8abc8c9699eb4cb57c2,938e8ce8f6c5091ce593925a27375f67e7d15858246a90811925d911463df419,output/streams/pair_shift_003.bin,,,,3,8d4c73406948deee70c2cc2a7951888aad683e7a559407075a2db0f9183857d8,f352aeb0202eca518d985cb72bd02232b3c55d254c0894a69ded935b6c699911,3906,,,,,,,,
pair_shift,cryptographic-component,4,1000000,125000,3f6486f115c3d1ebaaf0ea4e48cb92b5638c079ba598c5a1a824306c07f75273,5c3c51bdebb5603c63e286ffd9cfe3065664b66eef478618d7c4ac6685e319ec,output/streams/pair_shift_004.bin,,,,4,ff380218936eef2ba4e0d44c692425299d95be9a302b70b76ab3563144d7496e,1f91b6be3529aabbaab21b10f44377002ce9b796f29e81514bfd225aa3a594df,3906,,,,,,,,
pair_shift,cryptographic-component,5,1000000,125000,4769fe2c0c30fe907408d6d19978412f00e42b795ca0b2f6499b6fc8c46218a8,4b27b028a338a60522f4a13fb650a690c18f8471776a1b692e90ed4a01470ad3,output/streams/pair_shift_005.bin,,,,5,67562005f61b9fd0759cac0728f9d1b88b79be0f7f5057ddba5fc23f39ed42b2,7ef3952de8f2477df52b51565db9442010207bdd8e0e865986e8538bb4df7166,3906,,,,,,,,
pair_shift,cryptographic-component,6,1000000,125000,7071ca2b7fc58175696bb54bfc366ff5bb925ebe413906f90d2b79f41337c42e,6cc3fe2ff8d37953ed31ee2233267914b9670a27d9e2e9aaf8f2038581234c9a,output/streams/pair_shift_006.bin,,,,6,67e4884b21c4f6531bb2c404d7414df8a0bc9629c884801151d146ddfcc02c61,16cfc57d8b0e3610980f5381485eb3b298b860d63d1d6711869f492822d9f9ca,3906,,,,,,,,
pair_shift,cryptographic-component,7,1000000,125000,2c0ae50aabf6c5ec68d29d373304f4e7ea128644c1ada486718dfcff38da4b45,9f6b62a39954705035f718eb069868d29156d494504f542e67cab31d317afe2f,output/streams/pair_shift_007.bin,,,,7,03f37dfed18b547c603df1b4c3b0437cd76a37012f59a7ab8daebca2da9dac25,4bf4d9a76b822a43a6a7227973347c7ec34e9ab8d19ce645f565e281e772b1f8,3906,,,,,,,,
pair_shift,cryptographic-component,8,1000000,125000,67f9a2fa579645170c3ef83da3fa40aa14520a2cab1eb5951eed2663559a6dd2,9f8aa10df85cb3f45a31c545c0de2d28f39c8c6e62cf99ba0a275074e2dd60c7,output/streams/pair_shift_008.bin,,,,8,cb966b850aa6f8f64582867d81b9311dfa15448c425a1fa5f7dd7b18ebc7ed2a,9eb89ca7a237f7609aa777288c7434be95c24f7aef4f291562aa832f994cab67,3906,,,,,,,,
pair_shift,cryptographic-component,9,1000000,125000,e9f68dc945b0b58084b9f1df159cf11b229fd3d151dfc5849543773c8a2731fc,7e9c7c06f08e0af7d1d91f33bcf4249b7f5013641c574e379f46c68648e3cd01,output/streams/pair_shift_009.bin,,,,9,e954c114a9e7ab72f02450d66a06452c6fd3cc2d74376f5b27ee58d85e0f792c,8b2d24106e9eccafaf6ac699db325b3fba15c380a764a290f6763d6a2387e466,3906,,,,,,,,
pair_shift,cryptographic-component,10,1000000,125000,707c214c3c97337ecbde7dad0cbca2cdf9d7e3f08b63d9246f018ff570b37bec,6b9af557c2bb338b3d228b2e5186ec5583cc4aebbb7d1605257f16f0454d2f66,output/streams/pair_shift_010.bin,,,,10,dbf4b89eb9c0f1f1a31e4dd47e64550dc11a378b37c2279d2ee80e960f45a858,4be6f454ed3aab9a79bd911ea883838c187413ac82be7665db04ca392ad6c4dc,3906,,,,,,,,
pair_shift,cryptographic-component,11,1000000,125000,e0d16361768914293419e026e1b577a4b64a7743b463f7f367730d7f2132d4cf,608cd886ff9d1146eedb81dcc408f3e544519a05239d152a9eace807828e91e9,output/streams/pair_shift_011.bin,,,,11,b1fd6343a694fabc864b7cc113e375364b536c3a51b74747e2afea20f52ed33c,b036c30f0e1c8c92ec82ad08ef2f303ab9bbad619c4dcacd14ead3fb84bcdda5,3906,,,,,,,,
pair_shift,cryptographic-component,12,1000000,125000,3abf6d77a457cc371a3a793ef96a9087664bbfa0a701fa71fa818f5e1a9ea2cf,43c9bac166af0d5a3e767fc6f9fd7d9006b15784f11faafdf447ec5ac93816e6,output/streams/pair_shift_012.bin,,,,12,a2d8743acb9364f2fe2b6972af20d28eda89334899c335ba4c2d4f1ca2725f0c,6ce90eed27f138c8ff0fe9c4f38c46a74a5459d102e4bcfa8e86e5e570d054c3,3906,,,,,,,,
pair_shift,cryptographic-component,13,1000000,125000,0cdd5fdc62accf541facc17eb3e158211ebfce2217e84b1cd7b5acb3a7ae8644,2908cd38a04e408241d446f216af4db293b4c161883bbe236e76c73951cad255,output/streams/pair_shift_013.bin,,,,13,be874ade365354a9f6587a8c2a5a0f890b0a504c3c74444a9c8114aacce198fe,2c7c3f1a281d27a2e0c8aab1c20a6186fd4c5aaadd3935acddc5910ebaaec2a4,3906,,,,,,,,
pair_shift,cryptographic-component,14,1000000,125000,d19a915eef78dacf10f124497b29053705edfa7a63771aed0cb4a7615cf4cf3d,eb6173731c080173e6dd5289699339fa750618fe2876e6c9e8f18eeac3788852,output/streams/pair_shift_014.bin,,,,14,d2f5dc666873adcf7b6e124cc2e55230d5bf919f1c96d89eb2f9f8b741940e90,b527fa59e481b022bba2000b38093c2fd036d8fb5324aeca250183235c5cb10f,3906,,,,,,,,
pair_shift,cryptographic-component,15,1000000,125000,e12260e40a0c321cfbce4c3df1783eaa7c717c831acc1fdc6561d65319bcb8d5,373195a07002b843edd9278686b6ef39e522140bc83267d3429d299a3e3d070b,output/streams/pair_shift_015.bin,,,,15,e3eba96caeb16f85a960725ff067e52a87a1bb26fb5bb8b9755b182d37cb6273,103ad93c16e7840a75ca78dfc595cacb3c7e40ee1e63e62ac3cf1b9f2fb66e7c,3906,,,,,,,,
pair_shift,cryptographic-component,16,1000000,125000,3219ae48d45e43c5264b60ef287a5f1b2acf838bee5c68b306468d127229e4fb,eae8b49fd184af09090c5b19ab4eaa331d2e01f0f6f2e168b1e51363348143c3,output/streams/pair_shift_016.bin,,,,16,dad438911d1badd0ab94ee17e0bdf6de655122b0a0a71c08efa3a57ff16c4c43,986b5ab3ef88a9fcd1cd47fa361e2d5519980686420af641ea911c8c51acc030,3906,,,,,,,,
pair_shift,cryptographic-component,17,1000000,125000,a1435e70f8f2bde91820905b0d90b8914e992978736bddd03795cda6dc714b71,5e7bccf9ed437b0a5fce2a86b070a75aeaf9535c7fcb79caa414583249a7bb11,output/streams/pair_shift_017.bin,,,,17,2c7d54104fcc4a06ac05b708e22dae52048d0182df0983855d8fcbc32f2e9ed0,2ccf8d2b050ad232966337626feefcd998812bb5061c662810216da9a7e97fc7,3906,,,,,,,,
pair_shift,cryptographic-component,18,1000000,125000,63866b73fd14c740ff97561044484afb9b38a57ed21ef04ac48f1ff7fa69bef6,b2fe82c6dfaf9d1c01b23dd508e7cb63872b8a85bbb692de314290d64bad38a4,output/streams/pair_shift_018.bin,,,,18,9efb0ac4cc46ea1f1da8043195bb1a3c3935da0b23cf05cf49905f3f49911e3c,67bbeb01d60f931f56c1cc54a9d8387a6df9ac412280b1266583808da74c29bc,3906,,,,,,,,
pair_shift,cryptographic-component,19,1000000,125000,502fac1aea3056ceaf74c0629d9af44d7bccd82e8a1a26cf5c175ee8a19e87a3,c4f3d698c92623156e266320fc5ec3a1ef8395c36cfda0ca282c17b1263687ed,output/streams/pair_shift_019.bin,,,,19,a67f53ebbd503959601e58ff699b0d2789a768fd52af1c239197069b165d6c22,fa9b89cd8f43a2210c709c2518361f489fb644ecf5920a44fdcec923bb970909,3906,,,,,,,,
pair_shift,cryptographic-component,20,1000000,125000,9d3e0b03fc9a85b6c5f177743b99ffa10adac0321c3210d81712297e5c74f65b,459cbe45dcf5cc3091476f3495ec67f1c2a30bf181a428da58e10040ad0368cd,output/streams/pair_shift_020.bin,,,,20,75cf48af32369e84ed6589e392a64e998b31f7a1d34b0d0db933166452a696ed,01716dee714fead154e3520c2cd53c7a6a455394915900127f5ed7e9aee12712,3906,,,,,,,,
pair_shift,cryptographic-component,21,1000000,125000,7d9343293d3cdd3380ffc42c6a9458d4353b69b2348d33378df3d8535c8cd9a4,1e0367c7d807a85df137ac336e6ccc9d232f5fc666496fa1fe3cd90a17dbcc23,output/streams/pair_shift_021.bin,,,,21,06f1566c3ab4538ec306c9b3b5c59f66fe89096cdc438424c1132fffc42a4e4b,fb47ec6908060ab6345520227669f76d12298a7fef14c1731861c363b964bc8b,3906,,,,,,,,
pair_shift,cryptographic-component,22,1000000,125000,e9218d7b779228828ca734c091d485a2157e4545edad7bd0a55025a3fbcacfad,08489cc7375218612b4f2072657fbbe27c32869c2cbcd9af317e656e8c60a97f,output/streams/pair_shift_022.bin,,,,22,1a9cd6be2bad3f32e404b24e1bf23fb4f855e92f50499857cab6fcf92e085bc6,4a41864a7a8b3e1c53822d5424655528b5da9e6290d9e851a2f488a09ca36839,3906,,,,,,,,
pair_shift,cryptographic-component,23,1000000,125000,0c4533db6516356404df35b5ebc287a3b7db92992e85ab867228d05c9c8ac360,29aea4856449f53b4b20c2b5d18bbc86628faaac6694766e2a93457ea70207b1,output/streams/pair_shift_023.bin,,,,23,fefcfe8b1a1bdd31451869cae21a4770098a261ede8de8e3bf7cbd2f2853d788,e30bfc76016e0fcd63d67e451f2d4af56ad32ffb5beb420a568bb60fba28af0a,3906,,,,,,,,
pair_shift,cryptographic-component,24,1000000,125000,da92446bd3d37921a3ebcd8ac70e658f3c9c4c927f87bfed1e25fa62d4f3698b,b19e6a19738b652561c556ba74d19f2166e3738c653b0abba3deb859d667d3eb,output/streams/pair_shift_024.bin,,,,24,e1bf98405b6d14807c6c1af4cab01de0ca3f79a1f38ec1f64275a8754adb2e65,651485cbc82a2092b643a7ae46955f0fe11f4bee30c816b9fb2640874be5158e,3906,,,,,,,,
pair_shift,cryptographic-component,25,1000000,125000,bd7bee3897a118a162e21e134edef24773fd7f402394b47bca748519e5f96bf4,ca69a520986aec0ce2682eed2286bcdc2526ec4c715974972c108411d37f127b,output/streams/pair_shift_025.bin,,,,25,2c87c727f850da2c21ad1110ada1c766890d81fa30da922234ad45898cb9e481,96c624bb812367108ea68748234a35e3be78dc4d2de56426d74b974549259f00,3906,,,,,,,,
pair_shift,cryptographic-component,26,1000000,125000,950b86f786af02b32a5c5fdab7e96ca671edbae595c4c4da7aad5aa15f6bc76f,44d680ef64bf06a468dc0b4a21da5739bccef813d55a25d923e0151c2c376c10,output/streams/pair_shift_026.bin,,,,26,881b28d9e53b1128a1a050d74c32b3375b19f074899cb17ae5326043b25f6081,80584df0335ec91c17fe45ab775b6aae2cbe188d39fff8d513032969871a1ef6,3906,,,,,,,,
pair_shift,cryptographic-component,27,1000000,125000,8c29609d2de339869706258f213ec0af23cd76013a63221e177623086a61f883,ac1062b94b97e778774e4aa2dd8e8ff90f3150f4f1418cba9058eac58a9150c8,output/streams/pair_shift_027.bin,,,,27,aa1ca3534cfc78f2bf7c1d7ffa24823dccbe217b4a89c6abc9abafe5fe343ee0,a39e7ad1d445364079fec005c03ec2ce4eb22d56b40a62b7ae1b4f8ac1886b2b,3906,,,,,,,,
pair_shift,cryptographic-component,28,1000000,125000,5c7ec199a9455d79989521f6efbfc3132992a44351d2e6f28fd89911f0c952f3,ec2273139c3046fa65babbf89c760b7cee905c836423747527f2a595f7bc868f,output/streams/pair_shift_028.bin,,,,28,cdc43b164eae7e1a90835376ebf60caef7e477171ee3b6c844fef10bfdbb0558,2ad37bff911c8465fdc25cb2eae60a050c76025507f947f5fc4a7944614fc6f2,3906,,,,,,,,
pair_shift,cryptographic-component,29,1000000,125000,263067ea552704fa10b0b6f6154de294f3e96a7bebf7e3a722dee5d8838f43c0,df99403d6eaf6416fd23be0a3b959a1d065d966775c561b5f12c3a4f95aeef89,output/streams/pair_shift_029.bin,,,,29,33ea924de7d810773660f9340842e07feb9f800a820d379d4ab43593e70fc2d5,5288a493db671b8cd6db4284ad07b629e9b88a1f859b4f6ea88783ff43d94d9b,3906,,,,,,,,
pair_shift,cryptographic-component,30,1000000,125000,8086a79a0dd156c42139a7821ded7c88898082c54541eb73ca053934f04a912e,e3556442e3d7043aa96366ed4d846fad8e93981ed8178e372d0ad00f5816bf9b,output/streams/pair_shift_030.bin,,,,30,2e713fe7d403caa341a3e05a40b2e17111c0b70c750f4b5d05e4278a41b6acc5,3b49b3bfdae7886761309c3ef05baea31b1046aa5ed2bd3e96cef49dac831c21,3906,,,,,,,,
pair_shift,cryptographic-component,31,1000000,125000,4803277a8cc98ea30ca0d189b850e858a49f70ef9e81031a87e1d9b497500ac0,e7ee3cdcbb111b098c72477cd6ee384aa4341af9146cda3a6dc9f30ed9d06fc6,output/streams/pair_shift_031.bin,,,,31,15247521c3c7279f284b53083a28b0deacc73c03a24c6372f5dc85bec94e074b,567f2016749d578636aea121aeb59c97bbc318811ab4ab9c46a8e572ecbb724c,3906,,,,,,,,
pair_shift,cryptographic-component,32,1000000,125000,57e82fac02c3836b3117677aa2f24417d5d1e4afa9964e7fe7f6315d861a24e1,59bf5f41227da0beecc0cfd7f8a6c104b4a6647c42921884a8e6438997dd03b2,output/streams/pair_shift_032.bin,,,,32,626feec85a62d1ca7267d6062d10ac1220276a1855dc40d1449c81f33c7ab079,8b6c339d6a067a2135060cee154aa6675cd76b84952b13e80e6a44be6594024e,3906,,,,,,,,
pair_shift,cryptographic-component,33,1000000,125000,9c86e0ac2fd2fe09de16bf24322da10199636c18100cf3e781e978f74a0def6b,b51ca0f9be54affe441d4a79886ccbb0bf9433e07ecc88c26756cb4645ff499a,output/streams/pair_shift_033.bin,,,,33,41ef16df28f18390f7a48aa33461cdb8413eaf8b3baab6b3258c1f59480b93e5,8a56ca77840918fba14934011171aac634d8f3904dfe2f5c58126f28142f33af,3906,,,,,,,,
pair_shift,cryptographic-component,34,1000000,125000,ba9f8de9ea31d33d28865225eb8cb27576afa626bf179b93f1dbb1a70670db6a,33c6dabc79da9835b83a4b15cb5ab884024745ad291ac129aabed3ec771276df,output/streams/pair_shift_034.bin,,,,34,c90f8f6bb6f21d0702c0c5b86f9cba193ffbfc9305e1b54a72bb16db4167c900,5d530dbed48e8d3c0959c9e4246e7667de8f7cc4376e07dfe03a902fd167a5ab,3906,,,,,,,,
pair_shift,cryptographic-component,35,1000000,125000,5e021eb7148827f88caaa62d8abdb70ce3edb8cf615633e39e3860d792e02549,86715c1bc1a4f564c84d4a10688ada965e6d10a1359c007b8acafb43be15f3b8,output/streams/pair_shift_035.bin,,,,35,d654552d8f837ef9c9d3bb924ebd867812585070bf00233e7796f424920d389f,1fb620f85bc43c882156759ddec56f2eaea929dce0d57748ff878853ea1ae5b3,3906,,,,,,,,
pair_shift,cryptographic-component,36,1000000,125000,9d54bedf507d71df889b6dae2ee3a5d5d3007a5e8fe0fef14d7df20c98e7fc96,bf0cc5f15de6ab1e14cbb8237b5ab71a063cec150f6c4e64f69e6ba0eef42289,output/streams/pair_shift_036.bin,,,,36,049453fbb9b07703bbe1174cace22b9680706af7fd6fdc97058f4eaf205f9e86,db8c68663b27f586c5a2e13c6e55de94c602c91849d2db3e97d1ee982cc8be01,3906,,,,,,,,
pair_shift,cryptographic-component,37,1000000,125000,ce22eddc4ff1a0dccd752c7dd380497b4086dea9ef0743cf5aa66e8f15db1a49,fbc7aa37fec326927f04009f7cd0bb43e63b305f875d4716b9ed94f6824f7cd4,output/streams/pair_shift_037.bin,,,,37,b7658ae33a477669d210c49a1c836e52bf2a2083ec5b25c2b5388d6db6c820e6,ec6bb6e8b12c68930ae266318098f39f328d1c3e82beb9a0cbafbadbe4c50dcc,3906,,,,,,,,
pair_shift,cryptographic-component,38,1000000,125000,0fba2ceec432babf5fc12d82c50905c46f76d204afe4d5fe6fd3017db4c4f9be,c776799bdac1a420914f60dc8bf5448beea79adf2b59a3e8ba24337edcb2a208,output/streams/pair_shift_038.bin,,,,38,36c3eba7530a55b41f6dc93442c5e5fc2fc25eec08009dfcaffac3c49e048bb0,02a97859ad602040b29217af647bc4d10203b12bb0334b2b2760076d9ca13718,3906,,,,,,,,
pair_shift,cryptographic-component,39,1000000,125000,7536576092419a2732c26cbb19c256bab1aa69fa455e8f66d2806e5571fb0906,7dc4a980eb3d7efbf422cb5f3844de5d0be1ae85b2517d7a978bf55707250e25,output/streams/pair_shift_039.bin,,,,39,116b7e543ed800ab257dc4869441d57fa1f333650b9248d339eaaec1773e43e0,950c530dd3f19b7694cbfd4b97350aa875fb605d0e1a0ecdc5a4c47c2b59191b,3906,,,,,,,,
pair_shift,cryptographic-component,40,1000000,125000,929f30fdc361141323d1edcb474a5ec499a81cfdeee7e430d1a8eee105588784,fbcbabd0751d4bf60ae5856967b5f8dd850d8397721aa990a138e8d97ccd7d27,output/streams/pair_shift_040.bin,,,,40,b371cac04adde4104769d8c2ed5639fca1806336d80017c6c242767def0f79f0,b408f2f0e69408b30c425402ebd43197f7a01315410f758cbe99dc187caf4e79,3906,,,,,,,,
pair_shift,cryptographic-component,41,1000000,125000,eda7967a80cbceb62dc8a8b259ae2e883b27c5b31a4cfa65bf4767ca9978723a,552a35976655c90c9bd12e09718dfa57df69ecd11bb1abf3a79c37ebd62eccde,output/streams/pair_shift_041.bin,,,,41,aebe6befa8d252c5647da17e8d88f24676c0f786f5af5f5e8450d51e20f959a1,9c799e0c6cf6aca040769d31c0ead6d5fb73b384349459e5efcf3ee70f26b223,3906,,,,,,,,
pair_shift,cryptographic-component,42,1000000,125000,ff52b69fdab67865c21f56876307de44fb30c56c3b052512db090be2ffa2f188,ca11e59cbfaef7b41495ea76e5e50e2d4f9ef0aa223a26dafe3bf654ba8e75e5,output/streams/pair_shift_042.bin,,,,42,64524aeb5baa6ca548aee88d5007abb82db48741219761ee8a54b9a949174c13,7872becb903a4a0caf1464bb980acfdb6db418338cd34fd10db61a7920f4c44a,3906,,,,,,,,
pair_shift,cryptographic-component,43,1000000,125000,bf60f07937a4036ae66de8e44458cc9bb7fe9f1db24908ae0ecc951b12fe6d4b,31bc01548994d301c9e2920361ddaeb860d019886430934f2fd52b381992ad45,output/streams/pair_shift_043.bin,,,,43,733f5d8ae75524fc513255bcdd37524a49e528755791089650fcea96fea87a3a,88980c8605f49a5f55ad1e23f872673b54e635493c6527d7bf3978b65e3d1f62,3906,,,,,,,,
pair_shift,cryptographic-component,44,1000000,125000,7a5e6f0b9b73d80f1aa4760b714563ea2b7d8035416b5e1cb094e60ee9c9c9e1,489a473fbf709bde2b318d161dd472cca8815bd39ba1259bd2045014af1d8b54,output/streams/pair_shift_044.bin,,,,44,938de1ce476ab1bc8ee0146827b125fcf10cddf70bff08a4e5ebc18f1d4b04cd,b62529d43b184bf33ab9b8be0c87b4ddee1f76646f9ce30bfb4246286dc19e44,3906,,,,,,,,
pair_shift,cryptographic-component,45,1000000,125000,1b1ad2b90542e2d2ddad792656ee7953ef176e9fef1fe9342412ed7431ce6d5c,622b1a4e8bc975e54ef5e2f9b4307c2c1c06a6f01b6b243f6d34216f62d23005,output/streams/pair_shift_045.bin,,,,45,32de534182f97541f235cb646e67f951aa50438b68b78ea01e9fe8672b27e1af,52d78cd002bd4e77af8f92843b7b1e7912bbabd003252eba25623ba2756001c6,3906,,,,,,,,
pair_shift,cryptographic-component,46,1000000,125000,1322d8d1b61d2fa270155c55e75c401b251b5fb8e74e6880db2c21862f52d6bb,a5b3b39efd1a74402e07d873e0039aa20ca9d70df81bfe95fe3a6aff428548fa,output/streams/pair_shift_046.bin,,,,46,9ba07bb556117357abc45e28aba239c76fe547669b90d75601698109ef4bfd38,b9514f045423f070720993d76999f352b54a56ed5458922d04199de436abc40e,3906,,,,,,,,
pair_shift,cryptographic-component,47,1000000,125000,37c013d16008621de798da9c2decfaf96c6cc09db614c8168ac77daf5a85f489,0dd86df3f759b6ba07545091381bea21528da8bb88d895ebbb8a5ec04d272261,output/streams/pair_shift_047.bin,,,,47,b5da3c25ea8bdc2f91e45d836dc33fe6fae1321034fd309dc19520209683ef0e,8ec14da521c1f7027b4f7ddcafdb35f6923c00679d68feae90de6c12abf7215c,3906,,,,,,,,
pair_shift,cryptographic-component,48,1000000,125000,cd35af13916993a1d32bc590f832fa1be836c9292f19bf57c6a4b27af8fc5b62,f2a7c2021bfaf267d50b930d29970910c3f1a19faf51e768783638525e6ffb8a,output/streams/pair_shift_048.bin,,,,48,fdf61e0cadccd129ee77985ff35053e7bff17b490cabb66b8372d0bed7e0b9a0,ef90bfbe7a224c533c610cf5ead49694353ba1be32d853574e763985b313e61e,3906,,,,,,,,
pair_shift,cryptographic-component,49,1000000,125000,413fff29c4354bf59a97ed170e11af5d8324cc96f47a6c2a8c5017c58eeba762,0bcb2b18cd69f4cd29c2b773c7b506174b9e8d8824166a4d919fb64662b2398f,output/streams/pair_shift_049.bin,,,,49,1a9b96c1d6107e163b9f10a61a13b8b8f37349a5e60ceea301287f3eb54a8542,a5b58ef0cf37000336b3fb0bb614877b7cc6dcba1fa2d537337fefb80af46618,3906,,,,,,,,
pair_shift,cryptographic-component,50,1000000,125000,42a5d464e4620b3f5ee6ea35b3d503e8f935c406ca7ab90ff8d5d246dc240b66,dcda34ba0bd367df8728666e14026de371afbd8f81ea6431c7596293ac1d05a3,output/streams/pair_shift_050.bin,,,,50,b36e163fb98944742ee251e6b889d2acdf6706558b83108acf7d7d12802f7946,221b662712b9728af552c90ffddaff2d2599fa00e6aea1a012fa7f526e8dde07,3906,,,,,,,,
pair_shift,cryptographic-component,51,1000000,125000,7c0533c83d15ac55175596e966a3909c51c3f7f885cded6d8026595b8afc33aa,0c1cc84ec7ef2f0b64021470f990aadf9c94f10fc46ddd144f40d7a221fcdbee,output/streams/pair_shift_051.bin,,,,51,ccc1282bc96835ba653eb9f108d1eec13459461b1e8e7c2c6314e16ad1025b24,083edc7bd05441ae6fada706c918410c2ce7a4e43dc1283b29f600221c91ea27,3906,,,,,,,,
pair_shift,cryptographic-component,52,1000000,125000,bccff08b2b07dc1377d8696d56feaf7cf051bff2a81a90285a0e77e6b293abf0,71dfcb3f0dfd984ee4739b7e354d3d6995180fd2e98af94a856c5b2e878df4ec,output/streams/pair_shift_052.bin,,,,52,50ebdc3e22635047c2afd43ced4143a8128ed927c882a3ea75fc82248e85b729,831ab524b97542ddff8854c14fd3075131ec75b896ff303af7a593e89c8a46b0,3906,,,,,,,,
pair_shift,cryptographic-component,53,1000000,125000,ba52f9efea4f043df9020a98a89efb186952a0550aaaca135e4ae363cc4d0433,f485de4313fae7327895def987c3e37c7e16d2615ff47bcf1bde319b4b4b0c2a,output/streams/pair_shift_053.bin,,,,53,45282b09567750c2cae2785c861f99f20f9d2331780f543a24f64dbda3702423,488ebc22eb3a99b5560c001137c139d9f7c702bcc6c2b2dbfa3ac05097c40508,3906,,,,,,,,
pair_shift,cryptographic-component,54,1000000,125000,45c6c2895ffb8470e485c69808de7d3c0289d6eccff9e4d1f874a9b508498194,61a62a9b7910824a5f7b8bcc8723f832554d8a062ae2e409718c6a4f3a553bef,output/streams/pair_shift_054.bin,,,,54,c803c17fdf501a95c57286c3ad6e3bf2440eb224ff6264deda52903bbe787fb9,07552dc949afd1db5be40fbe54a98f3cf46c5e475134dec4c2df191d33721dc2,3906,,,,,,,,
pair_shift,cryptographic-component,55,1000000,125000,2ec5c617ca27678beee6ad849025127d295c46288feaff4619f694dc901ed790,3358cf446050fb5daa635f370731b7697d70f10e93673ed90bd548780b3957d5,output/streams/pair_shift_055.bin,,,,55,06f4c9332c035f0763b88738e7efaaa1cd90beb835642b4d01802bf56e1e1936,85c517d283af60a2833e772fee61acc58d18e02056e5a7f9280545a48f210102,3906,,,,,,,,
pair_shift,cryptographic-component,56,1000000,125000,6715233b8ff0fa49a0ca76c08d51dde8c1f6afafe445200f24f40db7ceb110d6,4120e50061e0228f6a3c84e8ef5d88898afaa6b93ebb036cb504fca66c01f30d,output/streams/pair_shift_056.bin,,,,56,6a0eee0abfd496248f0f45565053df12e33670e8de99f2429a1abf89f568b9e8,e18aee039dc1344cebcefd919e72dc9642bdbf8f9f0c93b86c436d08c6ebfdf8,3906,,,,,,,,
pair_shift,cryptographic-component,57,1000000,125000,3f349db97eeaba7186e1899077b069f861d454bd479cb2c6e4e8dfee31455f51,1f6cf62bb2fb9770c5edcd33aa06b1b349789fc3187fb8717d7f1f7ecd8fefec,output/streams/pair_shift_057.bin,,,,57,95e9df4f827de4f3ca9e399ccd881d0da598b703e408077f04d0171e712e5810,6fd3e70148394086a355df9ff25f7e357b2c683ecf406077a8567acb3a3ce120,3906,,,,,,,,
pair_shift,cryptographic-component,58,1000000,125000,c282958664df21ff07996542f2df44ad2b227abd149e1e88c078ab95a5a9eb4f,99ebffac831936bfff594f1a9cdb6eb29f71c2f86764fd0e9bf75b3a22c89239,output/streams/pair_shift_058.bin,,,,58,fc7debdc9245e615ec5ffc029e4b88e105def445f9a8349a9ce26abdea0a2027,e36be58121fc6d343dbb12f8d78aa286d0d3623bc9f2e763f922453fd601f14e,3906,,,,,,,,
pair_shift,cryptographic-component,59,1000000,125000,1a37ec14f3e9aa146e285490f27623330cb08987be7a3283b2ac985685aa0bdc,99d0efdd14f337c97c55920816f89ff3d0bb973d0bef83ebe4abb6707d235813,output/streams/pair_shift_059.bin,,,,59,bd83a396e6647742efc37c6d8c0f2e183a303b2f785adf95756ef48b3a1b6eeb,553533e815eda8667ef79f2b9efead3ba9490a4d43f16c84940553652eb687ba,3906,,,,,,,,
pair_shift,cryptographic-component,60,1000000,125000,ff57ecc68b7131b40a7e9c2615ad39fa26434bac006f6809ff335e726b2ffaa6,c232ca2b0a9872cefe1dfadd2ca815627e2277af18ae140b48af313044d7a649,output/streams/pair_shift_060.bin,,,,60,2fecfadf581aa3518934c4539ff65149fdc74fef30e0c82c5d9373efd8e2b3df,7904b8fb7a0635a6ecdf256a2b02c060cfebcad3e34745108464d2244e92e924,3906,,,,,,,,
pair_shift,cryptographic-component,61,1000000,125000,d74169a6869217f48b4f95a64601d7048e4293a048dccfb59da8e6a0448ed03d,efab140ca9344c072a33d245805b5c85e67b8ae4daa89397ff18fc4e5ad24c32,output/streams/pair_shift_061.bin,,,,61,48451b050981c375c6211a2029ebef0eaad59cdf5fc934d8294adf28224e586f,6fc0c545db514618da299bd18716c82528f766d784c1eb399ae3278446720f4a,3906,,,,,,,,
pair_shift,cryptographic-component,62,1000000,125000,1a3fef9662f198bf97a914b61bf52518d9674a561bfe2ca04fa41594be6d016c,5ea39f19dc21853d09dc5d39f4828452404d3ae4e6a2c840c19b2722ca30930a,output/streams/pair_shift_062.bin,,,,62,ed55d5414c3f3fa1798cc36a64efc1d289a15a7773e9a3e5f0eea339828d6cc0,cb8564f991bc933dfe12b6f3ffca6ed0739e15f2c8087078f09292ec6fcd5839,3906,,,,,,,,
pair_shift,cryptographic-component,63,1000000,125000,711b07aefc8719613cb78e4db0dc4d4067352d925309992cdcc66918d059d5d7,6ed09b15623ecc67ba6f47b8dc04ec0ae0541bb6d02c9c0407886746214cbc2d,output/streams/pair_shift_063.bin,,,,63,8d8ffaba8998c3023850c25d86a96a880f3e94aeb799977299b413371bfee1d6,ce993d11aaf83c33cee9abc438f73f5c52d0b9be3e76aff807e1846444af8305,3906,,,,,,,,
pair_shift,cryptographic-component,64,1000000,125000,9477d0f255456e5ea25da3ebd12f9a56c58c9b9aa2214e6775359941e047ec1b,40f6586500a8c025bc47bc6a79d9e366df6e4d0227ddca49eb12e94dd9401f75,output/streams/pair_shift_064.bin,,,,64,868d4cb0c61ff7ba8b97fc08b47868df7c7d09abae62fe4dd1f2137d7b891e34,bb68d07da62f502c936a700ec421b6eb4f7de909a8d6c94bb211bdf184b85bd2,3906,,,,,,,,
pair_shift,cryptographic-component,65,1000000,125000,f23bef2c1f29ed6009b2b064feead00925aa75cdb6dd67f6b03178bcc1b688a2,14b7187cc5632b5a6fe3d0938d1683ad67c1e7a62306876dae81b4b1fdd063f3,output/streams/pair_shift_065.bin,,,,65,1626136334caf570eaf483a70769ae24dea4f48e3e4111cc75dccb2a1d937558,73261355ce0fde470f532f8e776345399dacaf7eff242bf1586ae7175ba3dad6,3906,,,,,,,,
pair_shift,cryptographic-component,66,1000000,125000,f0c859e2a088ef704bb7697725f34c10f9b24f9a255a0ce2df8e56f2ce0b1af7,7c8bea8a0faa62ac6b92d08e7c4e19324a9f4b591d26e5ed088f846080135f6d,output/streams/pair_shift_066.bin,,,,66,b03898e232ce27a7ab9e0086cb0babfb496b9fb843b7ed2db4d4f20c0d7b377a,8bef1275efeb90a999dc839f898357bd616b384e3914dbd10c0760dfb71dd833,3906,,,,,,,,
pair_shift,cryptographic-component,67,1000000,125000,512c27f9be12b7132a94de82ddbf01f27e7d99f7dfec3b42d8bdd185f0b1d8b8,4b2de5fc0a18986dda5d540df28853f9364d6629b90702999adf4e02375ba70d,output/streams/pair_shift_067.bin,,,,67,2fc816fc71e9113074453f1429888d9472b52905d73f457b2d522f8d2cc87cb6,03e319b868babd2bf89bc083c51712ec5099309a118d4f71ba10358cf5fe91ed,3906,,,,,,,,
pair_shift,cryptographic-component,68,1000000,125000,ebf8d4c250a5bf43b7220e9dc4af97dd3c7dbc9f5d73d0f6b5fe3608c09998ad,9d7309168d08df051479989756151ac936b131bcd4527c604396cfac2841d89f,output/streams/pair_shift_068.bin,,,,68,6c4f4c4285889c268321e4bf42b699f12ce1f72ef1f00a975aac48c443c1e4f7,380bf709af59acbc72960a14264210ba73d909a28ece25852cb8e96c9092cff4,3906,,,,,,,,
pair_shift,cryptographic-component,69,1000000,125000,7dcf4d98256c0ca55e8979e92227ae7fb34e234d2c1122def0e023bdf541ee9b,b9bc67f7af269074239da9a9461687d788fed6d023475b44ee801740700d1ce0,output/streams/pair_shift_069.bin,,,,69,05e2dc2c1fa3f9ba596edfbb3ad7345fd4672beee342b041e191b24f1cad79ea,4d67b8951786344fcc313c47dedd92879a440faff44b9b952a5109f32b8e4216,3906,,,,,,,,
pair_shift,cryptographic-component,70,1000000,125000,c9010d9b902da518160dcf75a5018da0c9976032655350b5440de37493a048d6,cdd5b929d9559027ed74ab8a06d566fab9a142f9f3a4d102f97966d47e1738f8,output/streams/pair_shift_070.bin,,,,70,3c70b1b03b9ad63833a4a2caa19c050884d1d91d6d1c419677c8604c3c9017f1,e0fe9e15b6ee4d776c2d30adac00e79757c0707df7c7bfc2eb11a1508a021a88,3906,,,,,,,,
pair_shift,cryptographic-component,71,1000000,125000,1e3510bbfe6dac7c89a9e42dba54ef8b5a5fb6074d58b726a0436fe1ceeea83b,29f4162a31d1f99b772893dccc61ee72e81b84d665963444b81e7572f21e4b7f,output/streams/pair_shift_071.bin,,,,71,d4b0d9588ecf43ee570a781c2c96df91a7b40825c06e22e83cb8386dbf86bffb,01884d569a4482046109a0f00160e9ea1ebe4dc5015376449826fc42bd0a1e13,3906,,,,,,,,
pair_shift,cryptographic-component,72,1000000,125000,a28e72ca82cc2707678a8c06716ca3cf799539ed7520ece74c33b967f0bed86f,395dab51efca1b929c19fd73f6c7ca476e36e6c6e4652ff96bf7befc53729181,output/streams/pair_shift_072.bin,,,,72,b2edc101d2714cd46be655de0c17a84128f4575881c18a36b57430b197a0a702,a4c179b37f0a361bc2657f04c55f1977cb0fb16d0d1a6ef9928853e562e29b22,3906,,,,,,,,
pair_shift,cryptographic-component,73,1000000,125000,e6d8c70483ab85bf7e548b87a10b4c21901c8e01a3da54b3f217770bb30da433,f20a7a47589a45d984718463897396c68bba7d6fbe9f5356a75e47a6a7f30e55,output/streams/pair_shift_073.bin,,,,73,8e6d9572ff30c76415ff4260960ff5e6fb7fe1d5eb72d27e0e05af56f80c3c3f,12fd212f587e8d6070e9bbfa607fc1c2807d934b782d6ea6a1e21ea8e855bf44,3906,,,,,,,,
pair_shift,cryptographic-component,74,1000000,125000,49c2dd70b926624badf85bac9bc114fd9bab48c70e0e80702aeacebcc270c5e7,6df9a1fc5c44bd5820f9f4b797cd7c53af50e29130ce7fd3ac66c7b029377072,output/streams/pair_shift_074.bin,,,,74,c66974aa5b768a149e6619805950fc77213e45648cf5717f57bd6df54b9438fe,94ba68f07dc3cbec1eb33284075b37e53eec420d64d259b776107d258a422e3d,3906,,,,,,,,
pair_shift,cryptographic-component,75,1000000,125000,f4a6f295e142a044bbd1d0e4b5690306d103fcc5ffa219fdd8b5a78346bf43fc,d35151a2a66d214f04e1e8cfa034c8dd5442d2d164f8c211f03efe1ba2ad75ef,output/streams/pair_shift_075.bin,,,,75,f23cc11111c0e36258c0de93d0129de2fa38fe0f54380a98824e50f792f78121,7459caa79d15b46c0bc5bc1e1bcf8ecec4a5c55c437d4e033262ad6d52c5907a,3906,,,,,,,,
pair_shift,cryptographic-component,76,1000000,125000,066090d6dc83024c6dc5edc602722bda7436cefcf5a01b417e6032df51937189,c86792b070a927488347f8ba757906a87b870676bb15192c63686a04504376db,output/streams/pair_shift_076.bin,,,,76,0d6d83404e23521d9cde7dc3ac88921353aa445796cef09a4b15e945158cf1ce,874706aca08c6d2539066467b05af379444e2b3cc240c8eaf287469aa1f16165,3906,,,,,,,,
pair_shift,cryptographic-component,77,1000000,125000,bb5fcbd1e125a40fe0ac2bc2b3d5911d367e5f85478bc566b09f7c01233bc223,5d8e7e8565d6b30843b8ac59ad40340d123d891a2e72daaef3aaeb4d82ad7a77,output/streams/pair_shift_077.bin,,,,77,5ce27063f8c8672f11dcb0f0cf698b6ab911bb10f2a186c5e2626b3cfb31c067,bc7d6d1c9b7b1a8880785d59c9af09ddc4b30da43ddf251e457e859d294b961a,3906,,,,,,,,
pair_shift,cryptographic-component,78,1000000,125000,5f784ca10d1ef274d154ba667d7698425a9c7e5d9e2bfd15a75d14ab02bcf4b0,d29a6b11338d075cd7f4a2ed67612a26e82989aabfd9852577574a24fb2aae1c,output/streams/pair_shift_078.bin,,,,78,1b7faec85ed77551a4e4dd4d480edd5c38c2cef23fe1feeeac34aa606e311b1c,efe5443829f6e41c30331bf7b3f1e6686a773b5f77834e320aab5993601b12b0,3906,,,,,,,,
pair_shift,cryptographic-component,79,1000000,125000,e468e1283323bc60558a459b4262cfbb0f97342bf7e2e606d91e12b56bfce04e,bb7830ed040ca388e94935bc061172f3c742695f998359cd3ec2a3245f117b32,output/streams/pair_shift_079.bin,,,,79,acb0669279aabdb60be0bcf581e6905dd59d99f5e66de85cddcde938bdef3580,a81abc35428adcbbd6adf6a3c0fb230634159243026f04b0ff0a2fdf4589a500,3906,,,,,,,,
pair_shift,cryptographic-component,80,1000000,125000,5de9d5121871808f63ba6c63db6ca00d5a2d644582a643f6bdbc685bd4b8d58a,15c846c77636ddaa892be496a2e118a8861e21e3d1bb6499092644b76e3538a3,output/streams/pair_shift_080.bin,,,,80,bf09747818a12a02fd7520bbe246f0ee809d8de6cf15f52192970cf2b80343e1,a053ee0d910fac5ce86a16b69185a3abd3bc7392c4e68b5d6490b7f37530e93f,3906,,,,,,,,
pair_shift,cryptographic-component,81,1000000,125000,087d2ff63a99bce455ef3e0753b6e0a1f446ede100f75c8770b1890c9a4ff064,ecd10af69c4d138df7c78668cac2517ca3690e1f028a7104832edbc9251cc255,output/streams/pair_shift_081.bin,,,,81,1c65fea8594c4d0ef0a9e384e4a670f12877c09e4ecd905381990edf128cbe59,0b012ac2fd273f19a9fabd77a16265b4eca68b39e96058f472f79169f8052012,3906,,,,,,,,
pair_shift,cryptographic-component,82,1000000,125000,e5a689a25babc8fb50b874a730ed017180d6efc6a077ee73df764bd57087d17e,781e52ed3c5d6cf6209fba1ca6aa6586b0c4028daedac2d267e0af7d5130b132,output/streams/pair_shift_082.bin,,,,82,92edceead16bbdd733c286400211b1c4f0c0d3cbd75acd00093cf03741822a0c,79a45a2c81758d21524d639373e066955074295716a8aa5ff26c158437ac8d5b,3906,,,,,,,,
pair_shift,cryptographic-component,83,1000000,125000,5c0b402024198fe447d98494a16cb4c23888b8d5a240ee2dc49aae92b566c008,94967187fba711240315f27ef2edb23670d4755445c631951891bc6892f62e20,output/streams/pair_shift_083.bin,,,,83,9f6cb61cd5c0ee402af713f86a23288d2d5efbe231f0f17c49bdc3394ff7b761,62d7aa737aee9b31ad4623a78d3388a385d1b4d1e3665759e5fba51629f04268,3906,,,,,,,,
pair_shift,cryptographic-component,84,1000000,125000,120bebf5778c61e3c6e28de0eedade10e1f98319a171141604765a004bc944d0,275ac294c13cbd16d53e77ce1e4a157e9fdd40e8320b3944c4bda9e15e8a1b97,output/streams/pair_shift_084.bin,,,,84,511f3e133994c94a4ffb319dca6bfc1540bc1115b0a6edd28e64bef0ac38f735,4a81e1e54219a0351b14ed4cf399a3536de9b90dd1816d0ee6ba9a0990cc64ed,3906,,,,,,,,
pair_shift,cryptographic-component,85,1000000,125000,884db6ba6a1ce72277e846330fcf96363ea61760d349751ba9978ffdaa642651,5974ff22b4b196cbc7098a2aa3d85a91a3e46148df6fe652b405bcd9ba5c2f4c,output/streams/pair_shift_085.bin,,,,85,9b946a136f3f6e3668a3ff872ddac7eeacd159f0f3e7e3b9de72dbe1030535c1,a6c2e75764006c949a530792a388a080c2969b27353dbfb6d9fe9f999fb8b9f0,3906,,,,,,,,
pair_shift,cryptographic-component,86,1000000,125000,695410fbcc10cdfdf7897556cca06fe9f0026166a748d999fa65f4103f055385,290b9001809dfb76f1e3770435d655dd23677044fc5b9696f75bf4a8088b33f3,output/streams/pair_shift_086.bin,,,,86,a6890390c829e679a6288b64f9142667c7b13e04ca7414f3983957f937da48eb,64fc1bb28f55d7923486372461eb4700daae113800572efcdcc492b48b9d0b4d,3906,,,,,,,,
pair_shift,cryptographic-component,87,1000000,125000,76a91617ee87558273aa8d84d4005a45af02df5b4021410772b92fd6adcc67a2,94ecd5dec4ebeaa26b59aba05767253944921a91e81c4601be5c5862c4bf04c2,output/streams/pair_shift_087.bin,,,,87,4342d210147750c5c14e8eba5535f5e011558ca27dd6e0f3613b6b1903d18eaf,c6ad31a11b4e3411f57b83996c63f1f45d4caef6e3db127fca88e9be3857632b,3906,,,,,,,,
pair_shift,cryptographic-component,88,1000000,125000,5036ef0f320e225a04c5d8fce92d1e4787838bc197031f18d0b985a499468c5b,ec682bcef4182c513c9ca17e022ca064e55a573a220b3c21328ef4c0ef22c4f1,output/streams/pair_shift_088.bin,,,,88,f50a91cfed9b06737329e07eb47f87868d8232aa3c27f8fbc72a39050795ae82,b463047dd2ac19229b989fa08b5036df13c55933e5953d9c5b8dd6021460cfbd,3906,,,,,,,,
pair_shift,cryptographic-component,89,1000000,125000,f2a58134a2f96463b874d03ef331b4d24358ccc33bb03214298ad59eddb5ce22,abdd1bca5a6253fb4bcde0e60264229978636e4d0def19c8504b353e0b535e59,output/streams/pair_shift_089.bin,,,,89,09316ff9c4a9eac16041472405910b68aa3ea5a1fba6a9081518d077aeca92c4,78b94ad28184d60862ab218e4c7daf90da7cd07f62d966b19941aeb8428ddbad,3906,,,,,,,,
pair_shift,cryptographic-component,90,1000000,125000,b7399716440e3251dd812500589b61f53e3ef13cd7ce631924dd7bd6f7b4cc46,bd89f53250effdabc3ab442123d4296f5da8cc07e0883d6f5c6c67faa4c8ca7d,output/streams/pair_shift_090.bin,,,,90,3c0599e51edde5b9b44d0d3582b57a11e2347f72b338cdf99509b579eb69f14d,ed96e2544486159583f51fbcd33cb14122364f4b944e9e3e2a2a1fb2f90a1e36,3906,,,,,,,,
pair_shift,cryptographic-component,91,1000000,125000,e1b57a9e6350713d9290a4e73e03a9019390f507696bacfb7095ead73927525f,83a8607aa843b0f2315099e025da2d936517056cf42b2272353098af23a75e6e,output/streams/pair_shift_091.bin,,,,91,bc475134f4d734b42e006a011890f42191a144553c718f1d8f364393334f2ebb,8cbe7bc4d01dd5065ecf4f961a60ee2b42d5c416ec71977480eb56c64802e3ba,3906,,,,,,,,
pair_shift,cryptographic-component,92,1000000,125000,e62de76767295381ab4b35dcaa91befc496f0d6855521878f2e9f19dbd990390,7401bbeaa2a4fbf9493e3a67c675f8439e1ca76f08d1ef9c9153b41b57226e13,output/streams/pair_shift_092.bin,,,,92,7e84dbfa94b7b042c091e44f0faeb6c1a85f1f4132d6fb4f7ea0b5208f1df994,a918a53ed4b3e9d9d5e906d6a1e5b2068a4100e9786f4c3aef62dd5021ab9e10,3906,,,,,,,,
pair_shift,cryptographic-component,93,1000000,125000,80d4aa5aa439e4a3421cff1569522242597c3e9010fe331b176eb1042df22c88,84fae34d81f7285f2d865c92bd73727ff6c1eddbcb5e50cecc55e5119196dba5,output/streams/pair_shift_093.bin,,,,93,1f16bb8ff46c5197bc243504611b34e10f41005acd260ca7162c3344a99b8a26,d79414f5b9fe6ae2dbeb05a23c340aaf223b6b4a22f967a76fdf247f0b6ffda7,3906,,,,,,,,
pair_shift,cryptographic-component,94,1000000,125000,b571cf22b3331d8dbeeebeed8ec09a2adaaedf1afc38521e4dd1e23d0e6db6a4,1ee555b5b90e6704cec1171f42333a9ed4ba6d2912d9359cbd58e6f05b41aae5,output/streams/pair_shift_094.bin,,,,94,f72f4e6ed3e3685dd0a8d65fe8ce184d2aaff1c78b6bab3ccc378153cb698e7c,4afb549056919c1fbe98a4dab442fa98fe80f5aa4390b194755132b05beb3e3d,3906,,,,,,,,
pair_shift,cryptographic-component,95,1000000,125000,e580ea9941efaa0bdd83d07067b1ada2c9a7b78d5919835d93b7e9332f7f4706,b3418f967ef01107f75ffbe86d7a5c78b110d75128352bc74ae80ebfa4e51992,output/streams/pair_shift_095.bin,,,,95,b5f602d9b095763de6751321a60d653c111a6329b1c59ba61e3d37c1dc2a84f4,d886c43f02dd3d16022cadeb07f39aa92d69ca9ae6cf66040c4367ba0251e45b,3906,,,,,,,,
pair_shift,cryptographic-component,96,1000000,125000,e11273939608e9ea520fb2c06793634d1858fcfa4b4bb812994e8b8c6786ed77,ba9ffe5b43fee516bb5382720645fccced9de2e274f97c241f8b38dbeed6b498,output/streams/pair_shift_096.bin,,,,96,b23f505ced3849b35a9077c68f47d8660f54acc13e7153dff066ecb4e2457c15,c9f48437d00fcea09be506e7b80d5263f631994dd82c061ac3ed4206b5b2f61b,3906,,,,,,,,
pair_shift,cryptographic-component,97,1000000,125000,a30a23e5056c7b5916cb93ee1362e146fb4eeed504153e12f2c69a8b6c0ffb12,75230ec7f6abd447b228367908f9bb6250d303535b0de7d91d217419f81847e6,output/streams/pair_shift_097.bin,,,,97,b9c01f284846aec6b403101a42973c2d18bc71d1074d1805ac95bc6717a429e0,6fbcfdafebfe0aa79bc5185e56419c26b985386823d2104a18ab1ae0c159a829,3906,,,,,,,,
pair_shift,cryptographic-component,98,1000000,125000,d71e811cbbb531ac9a2c804f3978f9ffe6f5a4c71bb12bdb54b48c8a2b760e55,4f026c519e679a01506dbf12041cdf16783cfea38fa24800e50b6ce7e0156307,output/streams/pair_shift_098.bin,,,,98,625752aab0123f4a6a7fb8d884a77771689da61c3450b4cc54ae2d7cbfdfb586,21f80bc40c5aa015a87dbdbc1df6ec0153110435ba3a8649865ebe46d53d84b9,3906,,,,,,,,
pair_shift,cryptographic-component,99,1000000,125000,93da12baea4aa4d2632bc946a0188b0ce0fa464f7ceb81916a8849d499b19581,26ab4a3da705a1ee1700065f5077dcbd34816e1e7c6b9974887ee7609561d313,output/streams/pair_shift_099.bin,,,,99,c3ff313488994b72001df8b612a24d4afdb83c4290c6cc820408ed6dced43407,2dbd5d4aee9cb3d8d9e4f5992bff3a4dbbe3b3a59880693f448dbab4d541923c,3906,,,,,,,,
pair_shift,cryptographic-component,100,1000000,125000,7e8831c92acfb591e7b6750eea491a77b9ed5f1915eed812ae45074da14a2736,d55fcf0dd93c9370e56661bb404cd36360bd416fe0e661666d9b90afc8b35f6e,output/streams/pair_shift_100.bin,,,,100,ebe05069f5283fcecec2879d759b23adf3b892d0553187cb11575f3773deddd8,2d60a7fad7c84e11d03345303ffda696d74537845c1a8ccb9643afc1b60ed71f,3906,,,,,,,,
block_r1,cryptographic-component,1,1000000,125000,03dc8ee4242ea469d2f8c2c26abe3bd34fde7e165c0bcc055df223cf4780f39c,7c726c4b44908da1d3da1ce9beae426901e64d144a6da782960ae348cfd90e0d,output/streams/block_r1_001.bin,,,,,,,3906,101..106,,,,,,,
block_r1,cryptographic-component,2,1000000,125000,c132c2c61064afa9a187e61f579e72d656c016d67e8d185c303223eaf851481e,f9e1138008ae7f84fd3cce1a57f11219b87a7c9b0ace144bf043943a8b95d660,output/streams/block_r1_002.bin,,,,,,,3906,107..112,,,,,,,
block_r1,cryptographic-component,3,1000000,125000,3bf7f0a76da9ee599a0b1d6f4d928b0e5d3bc8f9e6e28ca84bd1a1e1db409066,097d6f54c37c88c6080115710aa06d8811af0875ff21f769071afdf613f011d8,output/streams/block_r1_003.bin,,,,,,,3906,113..118,,,,,,,
block_r1,cryptographic-component,4,1000000,125000,cec6265cd48ce2ae21a34a0547d1dcaedae3b4b7f250b88b6a5fb45750e0bd7d,c57c34f3d9d6b805e4997c05407efd48858a51902b49421ffed723060662ef55,output/streams/block_r1_004.bin,,,,,,,3906,119..124,,,,,,,
block_r1,cryptographic-component,5,1000000,125000,304624873aa9b1258f805702b7fcf1e97a5c2889b9d71b26d57d3d5345034e65,54358dbe1a217d27bb6453a512052f81f7e4a0ce6c66b784d6907a65bd264fa0,output/streams/block_r1_005.bin,,,,,,,3906,125..130,,,,,,,
block_r1,cryptographic-component,6,1000000,125000,45222fbbfbb4d9875b27d26ebb26c072b787134a701740e57bfc7ada5913973a,e41a4283c03c18123a4f0a3a50af8e450ad921deb9992fddfa3fffe04242b580,output/streams/block_r1_006.bin,,,,,,,3906,131..136,,,,,,,
block_r1,cryptographic-component,7,1000000,125000,e040e0c51fc0a7eb89a6773c9bebef44e39354034f2a3a9806ad6059d18987f7,2797192e0eeb7fe6544dda22c2611d714c2af9005390cde9b253b7bf2fd9efe8,output/streams/block_r1_007.bin,,,,,,,3906,137..142,,,,,,,
block_r1,cryptographic-component,8,1000000,125000,5533cdae60424c7ed59ee984c729d4335e786c16f8ec05d5dbcaf96395a088d5,8f16657e4e3a6c5d3417f4351497d8bd2ca54a9b6dd0f68e762a21c5b2aa464d,output/streams/block_r1_008.bin,,,,,,,3906,143..148,,,,,,,
block_r1,cryptographic-component,9,1000000,125000,cd22856051537228d0512598f3954cd540dec29d019698e7eeb3e831cb5461bc,ee0b50cc38bfd99e895ec8972d4d8dcce412ef154a1f902d1f627bbcf8fd27ca,output/streams/block_r1_009.bin,,,,,,,3906,149..154,,,,,,,
block_r1,cryptographic-component,10,1000000,125000,15d732cf54b430cbf3dac5b5d9c4f4c82bd48130facd35e0504182ee19b32fe2,a260eaea80d7bc863d0fc1f20085536119e7e7cb5f96712f1d7297649cf7d9df,output/streams/block_r1_010.bin,,,,,,,3906,155..160,,,,,,,
block_r1,cryptographic-component,11,1000000,125000,a69799c816482908131e813177e1fc37ea7e26a7fc3bff126e251a3a27b84530,f3c29146311cc2844295a344cf15e3759de19bab0309a0781810654b9fb4ac49,output/streams/block_r1_011.bin,,,,,,,3906,161..166,,,,,,,
block_r1,cryptographic-component,12,1000000,125000,8e5bf243b29b7224ab3ebad35b20feca205019aa9b3a33df327c2873cc81e7c8,9bcb92391af5d2cabf197d129af0bd75582b342863f241626499f83134ee7be7,output/streams/block_r1_012.bin,,,,,,,3906,167..172,,,,,,,
block_r1,cryptographic-component,13,1000000,125000,08e20b978835683f5d33e4dab433c1823b024862bf909f2cfa8c7d301cd4a226,c11bdcd2919c6db62a25babb66265d2435608c9f6217fa2ad95aac0d97d6c061,output/streams/block_r1_013.bin,,,,,,,3906,173..178,,,,,,,
block_r1,cryptographic-component,14,1000000,125000,6517a77a9c8781c9deb10f6591d01751923f45482a44688e797678da68c5c1b5,dfb4dfd83c9e1eb221d407c6842c5cfb2652110e46e069b25bc7393a86bff565,output/streams/block_r1_014.bin,,,,,,,3906,179..184,,,,,,,
block_r1,cryptographic-component,15,1000000,125000,265188ef4b3f6b4f7ef2585f2462544304cb059d914993aa18bb9db0999502e3,8cd1be986721c4e1b3674fb3a653efa1daa47bd24fa046bfbe5bf686fed61454,output/streams/block_r1_015.bin,,,,,,,3906,185..190,,,,,,,
block_r1,cryptographic-component,16,1000000,125000,37c65308c7d521c2de149cea95b82b29394dd3d7ceef6ac001979d9709addb24,c70b619b3bd7f3cd6b8d0eb4caef23997bf7e2a3392e077042b44832c92dedcb,output/streams/block_r1_016.bin,,,,,,,3906,191..196,,,,,,,
block_r1,cryptographic-component,17,1000000,125000,0876ec939133ea9e9d05fd249d7afaa36b3163f93a4e64a5158cd63ab6dde2a9,fe6181b5d45e605af484cb409344e8771ab235026ac34c56cc4fc499b5109445,output/streams/block_r1_017.bin,,,,,,,3906,197..202,,,,,,,
block_r1,cryptographic-component,18,1000000,125000,d362cfbdfdee69d9b639f446146ff15740236df4fd4fd89e95b3b757daf418ef,eece8aa08b8110dbcaffd114b62e51d7c3cbe13da3da08c70bd4b8ebec43a735,output/streams/block_r1_018.bin,,,,,,,3906,203..208,,,,,,,
block_r1,cryptographic-component,19,1000000,125000,52256b6cba6c14b7562e044547490681b73b75947db68fe29f8e80e1d7486959,20541cee80845895fe9412ab1749b0c3009a4aa4e1c9d34a074ed24d3616b9f7,output/streams/block_r1_019.bin,,,,,,,3906,209..214,,,,,,,
block_r1,cryptographic-component,20,1000000,125000,960c931c627bccd03ff80ad8e3534f7f9e58fb50d152bee50f7bc7be352d3c95,050f411bc12635d4dcfc2ecac793cec77f0cd7622ccf52e3b8b42cab4c142632,output/streams/block_r1_020.bin,,,,,,,3906,215..220,,,,,,,
block_r1,cryptographic-component,21,1000000,125000,83ca07f44892f9e259c14d45c2fbccfd35a584a3f88b9ae356440ae761d8de17,0bbe5b7133c34593b39dcdd11d6d919e62871ad42c073146ce6a8f1c9f2b4b9b,output/streams/block_r1_021.bin,,,,,,,3906,221..226,,,,,,,
block_r1,cryptographic-component,22,1000000,125000,9bde987fbebd57067079355a7c64eef1b9373079a01963d2aaec491322c3f442,cbedaa0bcdb9c93e610d189ea793be875fbc5f4d8c59eab9e8f1193ca07d6c90,output/streams/block_r1_022.bin,,,,,,,3906,227..232,,,,,,,
block_r1,cryptographic-component,23,1000000,125000,5f1d439499d2c549cf895cddf2b6d0e9b3e26619bdef0e8bba42705520e7de1e,94dc39c3ffc1fff883dd3d638f7abeb687217688c87315d3948b22d7e8b7b83f,output/streams/block_r1_023.bin,,,,,,,3906,233..238,,,,,,,
block_r1,cryptographic-component,24,1000000,125000,9852bd9f1992a44c707bcd53a7b0ff795b5b8bab36198c8ec35ea32b5bf7239c,ef0af6b92c2ae40fd42cdec65f61773bf0fbf05d5ce7c77019e678deb1983c10,output/streams/block_r1_024.bin,,,,,,,3906,239..244,,,,,,,
block_r1,cryptographic-component,25,1000000,125000,032455dcbfb00bd62e9033d9cb2dc1a839bd37f98287d8d740cb73b61fb32fd2,48769dd4481c9e36b909f0b53af844af46905f79db19c10cdfe456a3cb020285,output/streams/block_r1_025.bin,,,,,,,3906,245..250,,,,,,,
block_r1,cryptographic-component,26,1000000,125000,715325bc4e6d0673399f2b793508dab637c4551a3c9e6435a1fc01d3d0eed637,4212b8d3a0fd6adbe1b5e0702ea005709830b425799f7011b805a420cea7b536,output/streams/block_r1_026.bin,,,,,,,3906,251..256,,,,,,,
block_r1,cryptographic-component,27,1000000,125000,f434a44fe29298cfe85cf2db427d244b75d53eecb51683626a6e41e5ce1f95ce,01a865a5432beabbe228efc1a0b6342b42a78fb2ec2f75131c935334b7ec54ce,output/streams/block_r1_027.bin,,,,,,,3906,257..262,,,,,,,
block_r1,cryptographic-component,28,1000000,125000,33611e67ae7df9eb18619079bf185ea67ec01c53c8cf4d87441ec95be9119877,a63f70bc14784069244be2b7a2e1293b92cbae9c79cd06754f1aa78253cea52e,output/streams/block_r1_028.bin,,,,,,,3906,263..268,,,,,,,
block_r1,cryptographic-component,29,1000000,125000,0723d29157bc4e2cc2dfc19c09418fece5b0a75d7305fdfcdf085a878d8a414b,124094b0dbeb777cc4486b6aa040b333b1174cf5e10263059d61e34da0ee15d0,output/streams/block_r1_029.bin,,,,,,,3906,269..274,,,,,,,
block_r1,cryptographic-component,30,1000000,125000,770e1d7a7ba3f7d2afde95bf97eb27d667cb960b3e8031aac5072ba6c0698fff,4625a2a794233ab49f389ba35d11c8455681dc8c7bc38487f760f04a2ab881bd,output/streams/block_r1_030.bin,,,,,,,3906,275..280,,,,,,,
block_r1,cryptographic-component,31,1000000,125000,7ea80ac866899227c07efa31ea88954568f1c052e145099f2e69b6aa24ee2385,79f2fe8ed8a6e6253af59ce947caadb8fec638ae37167884b5b3fa7569887e7e,output/streams/block_r1_031.bin,,,,,,,3906,281..286,,,,,,,
block_r1,cryptographic-component,32,1000000,125000,2a371de8978f3c8a641d0cfec870e598ff962d5a44f6dd434fdcec3376bbfc78,48b759831d9c5c31607fa87dbc4d22e4df4f3b57db18d268d06d4fabb3996bdf,output/streams/block_r1_032.bin,,,,,,,3906,287..292,,,,,,,
block_r1,cryptographic-component,33,1000000,125000,491fa89416dba9267a3dc9f8990df9ca7841e7bfcc57c4ceece9dfc1361c9de0,74ee9d8190a4aa8e23a78032f1619f4d0a831702439ec2ba601b8b03dc5a38f5,output/streams/block_r1_033.bin,,,,,,,3906,293..298,,,,,,,
block_r1,cryptographic-component,34,1000000,125000,467ad0d44bca4e7c9a919f9145cd639630cf2a3d6f223b541defdc77692c6110,e6f7647baff0345f378b87b2eaf6b506e4561d767fda1f50af9f0805228d0560,output/streams/block_r1_034.bin,,,,,,,3906,299..304,,,,,,,
block_r1,cryptographic-component,35,1000000,125000,20c7af24382f9f83698aec2405a9152fd1bec879fca1aef2dd9d0592acc0c494,af6db7a4e653a98e8c83d190912f3f63c7322ceea4b02e78941641610db02df2,output/streams/block_r1_035.bin,,,,,,,3906,305..310,,,,,,,
block_r1,cryptographic-component,36,1000000,125000,7c7a695a0aa15660cf2a73a80afccf42542a3b03fab4e81ba31a1894d4b3dcc5,aa7739dda4bea8a333a39057c4372e5b5a080540d77acc78f7e21afd22050271,output/streams/block_r1_036.bin,,,,,,,3906,311..316,,,,,,,
block_r1,cryptographic-component,37,1000000,125000,d1d2ec7814c4c6aa8f1c181da03f70a8356ad0cc09bea71495732ac14988f53c,15eaf951201b03c676fefb91deb35a4e99673e0d1d1046e7536c9b65378af365,output/streams/block_r1_037.bin,,,,,,,3906,317..322,,,,,,,
block_r1,cryptographic-component,38,1000000,125000,9520a87363afff1970e21c9f9007af72c60a63bad0983ca6001a7307a6e4e53f,5d05339c9129112d6bcac31e89cb5fcac2dbf6c643f5ae4d9a96f91ac58e15aa,output/streams/block_r1_038.bin,,,,,,,3906,323..328,,,,,,,
block_r1,cryptographic-component,39,1000000,125000,9a1b8b46ea75ee4c51f4e346fd8c6563dc59e0c444bcc2a1ca827ecb5d6bf105,5e692adcbe1ddd0a4c738055c1829e45c2657e7b9a12a0e6481edf94b9b0946a,output/streams/block_r1_039.bin,,,,,,,3906,329..334,,,,,,,
block_r1,cryptographic-component,40,1000000,125000,7cbb48b4e779eba6ffe371ad175397c5b191969faae66533e6a3108b4f42d856,017f54b783ebb54c2ac6bd0d25fac4d0085e201dec3badffade66ae1972e2376,output/streams/block_r1_040.bin,,,,,,,3906,335..340,,,,,,,
block_r1,cryptographic-component,41,1000000,125000,46d7066a4a419edb5618aa6fd9379e196e439b943c17828740c2765cb5dcd03a,7e99467af39ce24e2bc134621d104341391ecee572213218fcc1aacd3e292430,output/streams/block_r1_041.bin,,,,,,,3906,341..346,,,,,,,
block_r1,cryptographic-component,42,1000000,125000,3410befc35961834e92647498af2ffedacac232237a623a5551e310a872758f3,e92d6fc00bcfa213457fbe500944f86df8679d3897529a917b1948d4a5c9c6ce,output/streams/block_r1_042.bin,,,,,,,3906,347..352,,,,,,,
block_r1,cryptographic-component,43,1000000,125000,10dbbeb601841931471c506c401642b34c0b3a194822f8f5a4b5baf3bd9e795f,e546a7a9ed9ab3acf21c3da21eb11d674c072b1efd0340444e97dac9f0654200,output/streams/block_r1_043.bin,,,,,,,3906,353..358,,,,,,,
block_r1,cryptographic-component,44,1000000,125000,28370644c0f58d30a80404000d99b4103e89387f80ab3065bcb5a66022776e99,953e31419311fa5810f0b0d455595a0ff2dc8ba74533650ab3de175f8ecd9032,output/streams/block_r1_044.bin,,,,,,,3906,359..364,,,,,,,
block_r1,cryptographic-component,45,1000000,125000,d80123971932a474f73e0fa4ac1e52274dae12fde7e537f3a487767de1febcb4,f9f1309f8652d693898bf235a3f7b6cfb397491832066d1459f539fa447343c4,output/streams/block_r1_045.bin,,,,,,,3906,365..370,,,,,,,
block_r1,cryptographic-component,46,1000000,125000,274c6d1584489b59414e03b6ba644bbb42db1800a6495c55215790840276a419,33f43036495c5443c7f271e337e4b7de9ac57c0d9fd4d6872554b9355d3a545e,output/streams/block_r1_046.bin,,,,,,,3906,371..376,,,,,,,
block_r1,cryptographic-component,47,1000000,125000,99dde50b002b057f380fd733298c52733b5aa8a08f148c6ea3f0ab5e077339aa,e79343b36009a598f84a173f4d13eabae5071b25063ef12a07dc70c6c45bd58f,output/streams/block_r1_047.bin,,,,,,,3906,377..382,,,,,,,
block_r1,cryptographic-component,48,1000000,125000,e0b621a8c8915ec20d82ae37c7444a82caab98f34a5b264200751137086cb60f,46ee7b5e1919325a7a858be937a6e1761fd7ec1249313f633d3b8036ccb58a95,output/streams/block_r1_048.bin,,,,,,,3906,383..388,,,,,,,
block_r1,cryptographic-component,49,1000000,125000,bbdf77d232bfefb0d7567f25662c91763cd650656f463045a3a5d86bffdd53f0,c923b24b71c730c109d257a1862b679bab786add2a3e58dd3177494cb36a9234,output/streams/block_r1_049.bin,,,,,,,3906,389..394,,,,,,,
block_r1,cryptographic-component,50,1000000,125000,b6b4faa59e8284bb72fcd7765ce814dad523fc677507a58ac578c8bbb8f3f78d,88cecec2d3c35c625fce6d303d8e203929aed61e5d75e8088e26872d6d9d4482,output/streams/block_r1_050.bin,,,,,,,3906,395..400,,,,,,,
block_r1,cryptographic-component,51,1000000,125000,13de538f5e5025c822492d7e94dcef9e2bac423666dcd9bf7f7650dc0face8f7,5d23c82ae532047002d35bc1c7655dc764452560b86db023bba7a94ffc511d64,output/streams/block_r1_051.bin,,,,,,,3906,401..406,,,,,,,
block_r1,cryptographic-component,52,1000000,125000,ee1a205a1d60be491531c0c955ed424e0349c4f2ac8d252db8ad353ecc08f522,1d7d07eb134dec694a9b8df25b475fa5948375bfb1b810b888eea2dafec4cfa9,output/streams/block_r1_052.bin,,,,,,,3906,407..412,,,,,,,
block_r1,cryptographic-component,53,1000000,125000,2d9860ff4a312bfe5dc15f41ad4fd96791d4ce1af2c68a410db7a86dc3983122,8d3b70a986ef1038e5e5bfb26baefd0ce7a1ea5f2bfe03a705be3d82df6d3964,output/streams/block_r1_053.bin,,,,,,,3906,413..418,,,,,,,
block_r1,cryptographic-component,54,1000000,125000,42801c647f7960f9203be63071b19257ee95be31f4f3fc279dcf52f061b510e8,e89e012fac22baf8d6c4b9312f1cb8ea1beebe45b5713e9f9c3dec6ef8cca5cd,output/streams/block_r1_054.bin,,,,,,,3906,419..424,,,,,,,
block_r1,cryptographic-component,55,1000000,125000,9909f1d35150387290fa549b8b23427ee816fb43192f8d9c1b1dfac9d2c930ed,83f771a6a48e4afcf47697509207da07bf291ca3aeb847bf5b34c24b4f19cfcc,output/streams/block_r1_055.bin,,,,,,,3906,425..430,,,,,,,
block_r1,cryptographic-component,56,1000000,125000,6315a76cf25bed250929fae74139753e0306bafc12a720c9309fc221e8a3bd71,67828ddcba3fc06a1ac4125d9eb19695f30e801abd264455db9df494a0427023,output/streams/block_r1_056.bin,,,,,,,3906,431..436,,,,,,,
block_r1,cryptographic-component,57,1000000,125000,e69a4042b659da62c1075efdfff16d7e437f81d9bef2322e563efb3a7cf20372,f0a2c2f3bcc009751cd3881dc66aeb4db4289a86990164a9687307827eb3f11b,output/streams/block_r1_057.bin,,,,,,,3906,437..442,,,,,,,
block_r1,cryptographic-component,58,1000000,125000,67d6cf641817f5953d7037a38011de580ddb4b3ede27fce6cbf4434e86289bac,2de60510a7e74c72ce9d85f8e4501ef89ac1ff6676b3032d113baf706378bddf,output/streams/block_r1_058.bin,,,,,,,3906,443..448,,,,,,,
block_r1,cryptographic-component,59,1000000,125000,033df96d12b20d806f2baf77c94df39705a82c28302129a5e99034174be38734,0e11f72c6ae50f32c3b82dbc4abe693df1571e4cc10c9057825bfba6b5e30636,output/streams/block_r1_059.bin,,,,,,,3906,449..454,,,,,,,
block_r1,cryptographic-component,60,1000000,125000,c3f6151e1f7e364a54d9351c66fc6bd611894a8cc85bc2b84ff69e525861a3ca,0f3a4b4e4a8f277ae0bb23aadbfeef349b9f827028131946e96f0701e7b94cc9,output/streams/block_r1_060.bin,,,,,,,3906,455..460,,,,,,,
block_r1,cryptographic-component,61,1000000,125000,d9b61221937fd93ba05fb2e8b428a95e8a110827a107593a950aa79d2d31ffa5,c461c456918d3d8e33c8c1e76abca686ddb31c136d35d7f831f55a2f139bdcda,output/streams/block_r1_061.bin,,,,,,,3906,461..466,,,,,,,
block_r1,cryptographic-component,62,1000000,125000,fc7af141e276976d2756ff0023f64fb702e0659650f82687bab9d66f657804d4,c9efd862caae4dc62385c0b87e236fa8305866426fd0c9f10906a08f78ec10fc,output/streams/block_r1_062.bin,,,,,,,3906,467..472,,,,,,,
block_r1,cryptographic-component,63,1000000,125000,d4d9b6c3e599b57cac64ce9226728aa58c0a07152939753a0b947f3d39357c1c,00a7851d38df02f718b85c2bdcd402576a5d57c318b166a13c52b53833add618,output/streams/block_r1_063.bin,,,,,,,3906,473..478,,,,,,,
block_r1,cryptographic-component,64,1000000,125000,f607bba1f027eff91a6c9b04f489a35fba985f00c1b1d0c1252ed730699925bc,9cf60b13f16324d69c3b63f7ae7cdeee02fc40968f82b301964dfdc44cbb3765,output/streams/block_r1_064.bin,,,,,,,3906,479..484,,,,,,,
block_r1,cryptographic-component,65,1000000,125000,970383b2aeb52964792adca2d7089f4d1d0fabd1fd4781e9aa7cd2a92700f837,f18b16e9f2093f8f0e3b9ab61508317bd5e747fc231a7394531ad6000763c3f0,output/streams/block_r1_065.bin,,,,,,,3906,485..490,,,,,,,
block_r1,cryptographic-component,66,1000000,125000,5b5b698c2cf459b8c72433ac55f85b6919c0d814a07d57f3fd6aa46934f762da,875708fbe3787629164909c4d8323afebb13f52d80fc4777d7ba459665d7eba2,output/streams/block_r1_066.bin,,,,,,,3906,491..496,,,,,,,
block_r1,cryptographic-component,67,1000000,125000,be4baec3a693bb91781bd8c58540b71793ef08c6541da1cfa44b2a42731b267c,1dfa07a1faa3ab5a034a10b55cdafe3560e19ec4010631411b4953770c85a344,output/streams/block_r1_067.bin,,,,,,,3906,497..502,,,,,,,
block_r1,cryptographic-component,68,1000000,125000,e179838f2454c242a66a0359cb9a458c64aacbb0f90613f8effc294b4550977a,b0fd7bab4630c07ad5e9077a31e15ed340be01f2e32328f7784c0c6a9f5a7a41,output/streams/block_r1_068.bin,,,,,,,3906,503..508,,,,,,,
block_r1,cryptographic-component,69,1000000,125000,b856bd6437e98fef4d27dd4befa47ace8c28cca45b3cc41630fa8515dd289e59,a7888ead59dfefcb625eec572482afedb1c0fd17eea33c501b24c430ddad3b03,output/streams/block_r1_069.bin,,,,,,,3906,509..514,,,,,,,
block_r1,cryptographic-component,70,1000000,125000,324394aab5849a6a9832c8395c99d3d3dbebc7498abb90b246fe0a2e61f3f0af,c26f6a46a157982055f48daf8d79e07c8773be3554a55c8184a8430b85aa9eb7,output/streams/block_r1_070.bin,,,,,,,3906,515..520,,,,,,,
block_r1,cryptographic-component,71,1000000,125000,12b5434091af9c4e7ea90bd3ea8e8a5a90ec996808f5ae8a6309fc0faf225365,2ec4c6c46c5f17644604f00600bc894e7db2cadfaf330d1410c0c322fff9f349,output/streams/block_r1_071.bin,,,,,,,3906,521..526,,,,,,,
block_r1,cryptographic-component,72,1000000,125000,8ba9599acc07e5f428a82f770b51f93439e0dea74a57cf22ac4e6ea42addaf51,342673f08ebd78d5c2d73d70c2c834a3e2e9488b7a67ce47064894b9de53b7fb,output/streams/block_r1_072.bin,,,,,,,3906,527..532,,,,,,,
block_r1,cryptographic-component,73,1000000,125000,cdbf27692284100ff0a70851d96e962affc1010dfcdb536cf88d137598b0091d,6dc4d78daff2f307cdb4bf5cdb979e4764d77d9ddc03103448258eee27f8126b,output/streams/block_r1_073.bin,,,,,,,3906,533..538,,,,,,,
block_r1,cryptographic-component,74,1000000,125000,21857cf89707d63e836381409aefca1444ef2a9ccdad8ce9fa7c4b8ab02bcb08,84e48f01ed1ebe80f56b90c24f4f6c82527d2befe1572e88fe6300b3ce77c885,output/streams/block_r1_074.bin,,,,,,,3906,539..544,,,,,,,
block_r1,cryptographic-component,75,1000000,125000,9eb0ac65bad2c82fcbde63d160f7ab8849d10755737810e3e60adf0e34b61d83,db494e0b3c98cb7556d468ef22f28cfb8adc82efc14712b6d79dc71821072c3e,output/streams/block_r1_075.bin,,,,,,,3906,545..550,,,,,,,
block_r1,cryptographic-component,76,1000000,125000,347d7739746407ed2c946b527fea61706504abdd2eb663d390a6f680318c0bea,49887c6c5267afe2fe90826ecd4fc71d8d7e9c522aff5257d13bcd8f64394654,output/streams/block_r1_076.bin,,,,,,,3906,551..556,,,,,,,
block_r1,cryptographic-component,77,1000000,125000,bea9b56057430af6ead045263a98d4cae03663a909a3531f84a5c9817ac5b87b,514a9bf234f3426b275608a9185269cefb5a354778e28d83385c88de34f24232,output/streams/block_r1_077.bin,,,,,,,3906,557..562,,,,,,,
block_r1,cryptographic-component,78,1000000,125000,9b0df6444d9c4f70a06620cd1da0a77a7ad2eb407ccbb86409dfcd153ca22ccc,d7e2a5eae7a69d513eb08565a6458671363101e5e52e56284d97d3f9e5deb12f,output/streams/block_r1_078.bin,,,,,,,3906,563..568,,,,,,,
block_r1,cryptographic-component,79,1000000,125000,954ba733f423505547ae799538f2133c437cfe8d8f7736c29e46a7b42e9fc776,892213a30a55b9a4d1921d28020616ad4ad6c4ea6415835fdfd375a924336b0f,output/streams/block_r1_079.bin,,,,,,,3906,569..574,,,,,,,
block_r1,cryptographic-component,80,1000000,125000,c6ac17ba79ef814668d536a6a618f9e8a3107bf47d56e916648d15af3ba04b3b,f1b72420ee6ae4007852ebcea731406189f7f12c68c0cbb358723f6673e1af98,output/streams/block_r1_080.bin,,,,,,,3906,575..580,,,,,,,
block_r1,cryptographic-component,81,1000000,125000,bf245d84bddbe39e8087999e7b352b8e87c98b487c7531179989dc9e5e1e9d74,d3b1973e7176bc87e6803b53f4d3fe5d77326f507ff3b14cdabe74f1a66cf1ae,output/streams/block_r1_081.bin,,,,,,,3906,581..586,,,,,,,
block_r1,cryptographic-component,82,1000000,125000,8ecd0cc66d3b4ee06d21bd81b8aa98948ad577c7d9d259ba31d3a359dd5165f7,cb338481d812c821888b7a1c8badbdfd5241e6439c1f3dcff778fde0c87ef832,output/streams/block_r1_082.bin,,,,,,,3906,587..592,,,,,,,
block_r1,cryptographic-component,83,1000000,125000,93be5b8fbd8a8219f76e3b8fc6d0393f5f9b5218f982aeba977a6f869c6ac5f2,452f3b16bf02d154de711611385c9cede5bbdcf3f391d4ac0351d0616db9b004,output/streams/block_r1_083.bin,,,,,,,3906,593..598,,,,,,,
block_r1,cryptographic-component,84,1000000,125000,ba2396a45906b45a449decdefa75e48d3b1ebf64a9e02c379adc48c13ea5867f,31988f6ba5808b0d08211795a76090adb632c205a7ca1a77b3bfb44550da6563,output/streams/block_r1_084.bin,,,,,,,3906,599..604,,,,,,,
block_r1,cryptographic-component,85,1000000,125000,8249125f042ceb7b9fefe1af6a872b6aa2978b2fa7fe694f7e8d75001d8cc67e,62d2c9a9feafac4162ed4137b1091cc0bcc90795a4e0435d7d9d6d312032a680,output/streams/block_r1_085.bin,,,,,,,3906,605..610,,,,,,,
block_r1,cryptographic-component,86,1000000,125000,5927bdb55991487e23d05587479e3d2d0f2c82a5dc2b1d5ed3cea338d3bc3bfb,fb396ba7de5487179d5680de19292828b16fd4878f9e94efdb2ade962ef54798,output/streams/block_r1_086.bin,,,,,,,3906,611..616,,,,,,,
block_r1,cryptographic-component,87,1000000,125000,08a3af934eb4525a7d52b7882c196e8f63994b4996ea4eb3f8f025eef42924cf,c95aa82f63598bac0c661acff21b0e713d641cd4e97441a75e677990e80405a1,output/streams/block_r1_087.bin,,,,,,,3906,617..622,,,,,,,
block_r1,cryptographic-component,88,1000000,125000,0748e5b423663ad061e0a917be4567b7016bc6ee177563023acc86c40ca3628e,a97c42e888026b37dd2eb9dcb562c27afbe5a134fcf370b4f2aea7c47a132d66,output/streams/block_r1_088.bin,,,,,,,3906,623..628,,,,,,,
block_r1,cryptographic-component,89,1000000,125000,1ccc8a03d8b8211a99f2e15cd07279c5278e56e472b66ae2ae74164ca7a6cb99,03275dfed2efe1a3ec015b74f65d140e7fde22a5da98cf93d68458e8b97380a2,output/streams/block_r1_089.bin,,,,,,,3906,629..634,,,,,,,
block_r1,cryptographic-component,90,1000000,125000,5c02a1f037cb53c0728cd584be42cd64e9d4ee0ed7f157ba918d0fd926836c58,35d91be45501bcad8ea2ffd1701f189634ae703e4bc78e3313c5e625602111b6,output/streams/block_r1_090.bin,,,,,,,3906,635..640,,,,,,,
block_r1,cryptographic-component,91,1000000,125000,65e8cc4fa678d2bf10f07442a874699653c166365435a74dc8374f0d47605562,da4578476b322242986eaeceb1a2218726644ad75f641de0d0deda0a265a6bb3,output/streams/block_r1_091.bin,,,,,,,3906,641..646,,,,,,,
block_r1,cryptographic-component,92,1000000,125000,0e55b5af37091dedff458a7c41e48ff960b81d182f8dd2881f038436d5ff64aa,cf013527dc99a5cdcb64e3e3f241425761ecbf7c87a82d9b21568b7a216acbff,output/streams/block_r1_092.bin,,,,,,,3906,647..652,,,,,,,
block_r1,cryptographic-component,93,1000000,125000,43c126f0d3a32c60f7c8e8ab3686204259cb08eb621f6e6c97445b6d042d6c03,92fb6f1fcc7345f07c62e838c9d3164d930c7124378b43591b18091845b210c6,output/streams/block_r1_093.bin,,,,,,,3906,653..658,,,,,,,
block_r1,cryptographic-component,94,1000000,125000,4392ad7a8e311c4e010165fc24d2457a532cfa503d5cb0ee30f32273d23e6f91,2505d08274077f67d912138480f98d7c3c7c482e0ed319af15b56f1a12680f17,output/streams/block_r1_094.bin,,,,,,,3906,659..664,,,,,,,
block_r1,cryptographic-component,95,1000000,125000,b8d3e35d1d0d0b4c74cf8b3cdb3dcde1c7514be0336a38561643205d3a383658,6772d3faf75ad348a1204315af06495a66a0849a7f6cfac4b5018143b6092783,output/streams/block_r1_095.bin,,,,,,,3906,665..670,,,,,,,
block_r1,cryptographic-component,96,1000000,125000,f61a79e3f09512f35f360fcbdc1652b21eaf9ac129ab34373fa1c448fd5f7d57,0ce3121f84ebca9b6d511bac6eb702386127996fecbb62b97ff0ef19ca2a2383,output/streams/block_r1_096.bin,,,,,,,3906,671..676,,,,,,,
block_r1,cryptographic-component,97,1000000,125000,fd08b576379354e1fb7cb9f12ea9b4e44d3fae25e0c2a73121e0bd8b6a7cd610,9d138ed61bf4ed55856ad372458e79f7b08bce582ba3e42ecef6b47c0faa5a55,output/streams/block_r1_097.bin,,,,,,,3906,677..682,,,,,,,
block_r1,cryptographic-component,98,1000000,125000,651c032bd76b4bc45feb274008b52d896265a826ed6e9a425728495e9c376f6a,95aa0edb0ea2307e02ba62b3de5d597771ccb6c9355eb459fa206204aac1edde,output/streams/block_r1_098.bin,,,,,,,3906,683..688,,,,,,,
block_r1,cryptographic-component,99,1000000,125000,8847972f5f7f75b573d7a52722d237211400ced6f2b9190a99de6c028fcf05d0,0d2cdda662dabad5e6823a1ecd3cdb1ead24d071cd6c58b60a41b11c8dfae150,output/streams/block_r1_099.bin,,,,,,,3906,689..694,,,,,,,
block_r1,cryptographic-component,100,1000000,125000,18a69ec9df9a4260a041a9331f67a77e9a6fb83a640ca033ece629938a1cc8fe,7e932dd210dff16d71c4a9920bedf204f910e579cda256d22118e40909473f4f,output/streams/block_r1_100.bin,,,,,,,3906,695..700,,,,,,,
auth_tag,cryptographic-component,1,1000000,125000,fa48923c9a88be928e53c606fc5d2513c85703b118b5c3c1e19f4395f068fbab,319a51c1c795143cca8fafd3eaf51a5d093acac1b01c068dbf564ba85d450d4b,output/streams/auth_tag_001.bin,,,,,,,,701..721,0;1;2;3;4;5;6;7;8;9;10;11;12;13;14;15;16;17;18;19;20,4032,,,,,
auth_tag,cryptographic-component,2,1000000,125000,a6bc611d730c533e893b8542052f8f0be43c93fce94b71bc617e88fe38bea219,1b5a474b3b36c3acbbf1cd20c36ffc9678eae82f069eb3808074fc3ead0ab74a,output/streams/auth_tag_002.bin,,,,,,,,722..742,21;22;23;24;25;26;27;28;29;30;31;32;33;34;35;36;37;38;39;40;41,4032,,,,,
auth_tag,cryptographic-component,3,1000000,125000,1d1eaaf115c35738a12de0fefab86fe7872722ac5956942b7cfdeac8b33f3cd2,a8b033e3368d40db1894332600b30a5ae783bf79dc43ff731350116ecfeb734c,output/streams/auth_tag_003.bin,,,,,,,,743..763,42;43;44;45;46;47;48;49;50;51;52;53;54;55;56;57;58;59;60;61;62,4032,,,,,
auth_tag,cryptographic-component,4,1000000,125000,defe1a15491462e386b367839ccdfe3d0f2ecce8e4124085002d266ac6f68b7d,28fb25d02d5b9d39e9d431763e396a0ddb8175007e6b4235a6733ab50021b92e,output/streams/auth_tag_004.bin,,,,,,,,764..784,63;64;65;66;67;68;69;70;71;72;73;74;75;76;77;78;79;80;81;82;83,4032,,,,,
auth_tag,cryptographic-component,5,1000000,125000,d9bd0e9feb038c33d3891286d0112fd59afa0ce0d79753a82b85483b91a5aa1f,597076cdd4f0cfb4e954834c18c79c664e1f68a9e94d855ffdfb478aa06d797f,output/streams/auth_tag_005.bin,,,,,,,,785..805,84;85;86;87;88;89;90;91;92;93;94;95;96;97;98;99;0;1;2;3;4,4032,,,,,
auth_tag,cryptographic-component,6,1000000,125000,72c49951a4fcc3bbc77809d0ee80997a68f57365a1f00ce60c5e6f5356f1c1e8,b9847587248b9ea791e69bfc585790201e53b2ef1e41dba50986c7f9b3e87d99,output/streams/auth_tag_006.bin,,,,,,,,806..826,5;6;7;8;9;10;11;12;13;14;15;16;17;18;19;20;21;22;23;24;25,4032,,,,,
auth_tag,cryptographic-component,7,1000000,125000,5c6d1ba96697733619fbd0f27bf594b52f10326264bcebf1bac62e4996206e1b,b47242094ea6df4576c10fc4a2533b636d2ba3b1d59ea5b585036b7e25c1c90b,output/streams/auth_tag_007.bin,,,,,,,,827..847,26;27;28;29;30;31;32;33;34;35;36;37;38;39;40;41;42;43;44;45;46,4032,,,,,
auth_tag,cryptographic-component,8,1000000,125000,e859e9fc0303d402f89d4db11154ee1fdec1a6694a67398e99befbb709c8d5d6,896655057036e5677b63c4f185025b44a252542f736b8e8c197d14e0145471c9,output/streams/auth_tag_008.bin,,,,,,,,848..868,47;48;49;50;51;52;53;54;55;56;57;58;59;60;61;62;63;64;65;66;67,4032,,,,,
auth_tag,cryptographic-component,9,1000000,125000,3feebcd3b01f9d4f628e8541cdf7c8bd7ee17c91c70e27d8ead9d160149fa0cc,8d90e19fb7dd6fdbb44899af517cec2694b69e9b1d02558e9f9dd734ecdf0aad,output/streams/auth_tag_009.bin,,,,,,,,869..889,68;69;70;71;72;73;74;75;76;77;78;79;80;81;82;83;84;85;86;87;88,4032,,,,,
auth_tag,cryptographic-component,10,1000000,125000,2bea1ecfe99c751c7fae8af9d046273b853de96a1d629c9e2b80467d02ec9469,23f339cb53be14c6d61c4a8009b36ed03017bcc57e66d3e66542ee721852a3e1,output/streams/auth_tag_010.bin,,,,,,,,890..910,89;90;91;92;93;94;95;96;97;98;99;0;1;2;3;4;5;6;7;8;9,4032,,,,,
auth_tag,cryptographic-component,11,1000000,125000,927603c5e9ba9e091b21980baa3a8eb4e88f57987f270776f4f79d02238ed4d3,c0cee15931be63f160c36fb3e2905660aa28996fc017521d6a5afacb17f3942b,output/streams/auth_tag_011.bin,,,,,,,,911..931,10;11;12;13;14;15;16;17;18;19;20;21;22;23;24;25;26;27;28;29;30,4032,,,,,
auth_tag,cryptographic-component,12,1000000,125000,7a15786f711843e309498de534f56b58d3288a628440740dca51ef766291759e,d5d096bb8e50419e8bcfc46640fe6c73ad882bfc87c14bfaaf3064dbd6ce37dc,output/streams/auth_tag_012.bin,,,,,,,,932..952,31;32;33;34;35;36;37;38;39;40;41;42;43;44;45;46;47;48;49;50;51,4032,,,,,
auth_tag,cryptographic-component,13,1000000,125000,1639dcc536b6ea4a772c42a70145fd3584e42f2d8bcf7607895e6da462ea50a2,ddf77be6edc1ab2fd922819b751d86e9a98fa0d9535bb36ebec83407b4d48eac,output/streams/auth_tag_013.bin,,,,,,,,953..973,52;53;54;55;56;57;58;59;60;61;62;63;64;65;66;67;68;69;70;71;72,4032,,,,,
auth_tag,cryptographic-component,14,1000000,125000,d6060655fb6959cb2b3dcc07cf8cffdfe39c2d3f598fa85a2202957c5d54b63f,9a39c41acbbd5f0c16edc6316a6ae449e3d5b08974ce2c33369dbe273274f75e,output/streams/auth_tag_014.bin,,,,,,,,974..994,73;74;75;76;77;78;79;80;81;82;83;84;85;86;87;88;89;90;91;92;93,4032,,,,,
auth_tag,cryptographic-component,15,1000000,125000,d5fb33163808f6f9a34426de830fd8904ee246a5cd28a63e12070f9444dd59e1,8229556a2da159e023f1838abe15acabd08d320f822e5f95d65170a625c12ad8,output/streams/auth_tag_015.bin,,,,,,,,995..1015,94;95;96;97;98;99;0;1;2;3;4;5;6;7;8;9;10;11;12;13;14,4032,,,,,
auth_tag,cryptographic-component,16,1000000,125000,aebcf311c4df73fd4fc5ffb4505faa2324f2be1968e95bb85299d20b92d21f7d,c37e49ea6820394699761a5e63b5757f18edd95dfb691b83318c6875254a892b,output/streams/auth_tag_016.bin,,,,,,,,1016..1036,15;16;17;18;19;20;21;22;23;24;25;26;27;28;29;30;31;32;33;34;35,4032,,,,,
auth_tag,cryptographic-component,17,1000000,125000,f1b4c9655f922129808e0cbdcf6db0a421df6f205994ab8d3e200f16bd7c2c83,2afd396825acadc37b8dc53276191ec7d22637cf0fea77e9035dc33c0ed7b91d,output/streams/auth_tag_017.bin,,,,,,,,1037..1057,36;37;38;39;40;41;42;43;44;45;46;47;48;49;50;51;52;53;54;55;56,4032,,,,,
auth_tag,cryptographic-component,18,1000000,125000,bb871e81550a030d17932ded4a75b205af78022c1a414e6d54034824356e6b11,2525cab11fe502e8367bd2f54e0d3191df6d8fa4405156b6ac7d494a0484f71d,output/streams/auth_tag_018.bin,,,,,,,,1058..1078,57;58;59;60;61;62;63;64;65;66;67;68;69;70;71;72;73;74;75;76;77,4032,,,,,
auth_tag,cryptographic-component,19,1000000,125000,98d97ab4cde90f342b89f310aed1f4ea35819c4f46f2f164262dc5c9e0adee05,483874d03a464292a5ab28da7641c4e6af8c0b22e3c8872c660a40944613d03c,output/streams/auth_tag_019.bin,,,,,,,,1079..1099,78;79;80;81;82;83;84;85;86;87;88;89;90;91;92;93;94;95;96;97;98,4032,,,,,
auth_tag,cryptographic-component,20,1000000,125000,23fa0121b20436a8ce1cc2330bc1d70322af2095f86697bc2abc1833f1b132c5,45c93d1396ce9871481f9ac00b9809edef27b1a74d87bd2aebfb8de8b4fd2173,output/streams/auth_tag_020.bin,,,,,,,,1100..1120,99;0;1;2;3;4;5;6;7;8;9;10;11;12;13;14;15;16;17;18;19,4032,,,,,
auth_tag,cryptographic-component,21,1000000,125000,c8680aa89fd62d5e0739e5f8b83f3679ae6d49c0cfdd61ca2d268277ebd1b4fa,3a5e35f9547589e32f6a78a4b1585202c76d205316f7184ae55126d998a95469,output/streams/auth_tag_021.bin,,,,,,,,1121..1141,20;21;22;23;24;25;26;27;28;29;30;31;32;33;34;35;36;37;38;39;40,4032,,,,,
auth_tag,cryptographic-component,22,1000000,125000,582b7c8fe7a7ba263cacdf2634a92f5082ca323e4703fde99c4a5031b7a92733,26c1546f7147b2edcd048ec9c4a9a74a728ccf6fb953fdc80a320b7f74d716ac,output/streams/auth_tag_022.bin,,,,,,,,1142..1162,41;42;43;44;45;46;47;48;49;50;51;52;53;54;55;56;57;58;59;60;61,4032,,,,,
auth_tag,cryptographic-component,23,1000000,125000,184058f9aa8cc28a946c4ac24e9588d97044d9dd040d573495f7d1bcc2b4a8d5,89d56dfe47400b6ade605a016ef54e0fd5e58abebb790ec68c7b875485f073cc,output/streams/auth_tag_023.bin,,,,,,,,1163..1183,62;63;64;65;66;67;68;69;70;71;72;73;74;75;76;77;78;79;80;81;82,4032,,,,,
auth_tag,cryptographic-component,24,1000000,125000,80c18da28ee9f062358c331097dad459b9feb66207bad9d1f933cc3779d18d42,ba9dd4243b846c13637e1ae4dd72d7adb451e111712b1a51e8635e2f66dcfe56,output/streams/auth_tag_024.bin,,,,,,,,1184..1204,83;84;85;86;87;88;89;90;91;92;93;94;95;96;97;98;99;0;1;2;3,4032,,,,,
auth_tag,cryptographic-component,25,1000000,125000,ffc2bce8498c15c74cdc45054a846cbcbce354b7f7172ab2cc88b85ba63db79f,075726834cdf817c0f1da726a9ffaf1187a93f238eb80836948f6b0e39a3929d,output/streams/auth_tag_025.bin,,,,,,,,1205..1225,4;5;6;7;8;9;10;11;12;13;14;15;16;17;18;19;20;21;22;23;24,4032,,,,,
auth_tag,cryptographic-component,26,1000000,125000,b2c4379d8582f39a81b50f7ec83b4c5cb39c7e3259d89d582e93ca464c04378d,ffbfd30005299306cf57f84254f6d7c0c469c053d67c59d3ac07ce4945f59ddb,output/streams/auth_tag_026.bin,,,,,,,,1226..1246,25;26;27;28;29;30;31;32;33;34;35;36;37;38;39;40;41;42;43;44;45,4032,,,,,
auth_tag,cryptographic-component,27,1000000,125000,6f241a2cbe7bce86432a2738b5710f98be49a074bb1ffb75cc0f12c42ecfebf4,cd2e2598b7ecf5eb6f8a74a1404cbc68be4a0c4169b4ccd98567d54295e91d73,output/streams/auth_tag_027.bin,,,,,,,,1247..1267,46;47;48;49;50;51;52;53;54;55;56;57;58;59;60;61;62;63;64;65;66,4032,,,,,
auth_tag,cryptographic-component,28,1000000,125000,55240848208e10f6ce1ab3a97615a43bd9d70393e4c8682e74e03ee24fb26670,8628d2ace4a8cf15bd4da02d3ce22e1a4300e7f0c95c7e5c1a46e2336ea48e30,output/streams/auth_tag_028.bin,,,,,,,,1268..1288,67;68;69;70;71;72;73;74;75;76;77;78;79;80;81;82;83;84;85;86;87,4032,,,,,
auth_tag,cryptographic-component,29,1000000,125000,3677f8668e1ca1fb61d07a1a6b06078c3ee2fbcfcda769ce4903edf096a95c16,08144ac1be5e449830f7972c12c50138b2a052878f4f20f936578e36ce0143b3,output/streams/auth_tag_029.bin,,,,,,,,1289..1309,88;89;90;91;92;93;94;95;96;97;98;99;0;1;2;3;4;5;6;7;8,4032,,,,,
auth_tag,cryptographic-component,30,1000000,125000,41733c3db889022954a29bf92646ac39a925034137fa0b03fb1f8ed7a042347d,52085d089cc981d11d450cf1a604f1bc7fcd48c2ea0e44fec524793f378d187a,output/streams/auth_tag_030.bin,,,,,,,,1310..1330,9;10;11;12;13;14;15;16;17;18;19;20;21;22;23;24;25;26;27;28;29,4032,,,,,
auth_tag,cryptographic-component,31,1000000,125000,a129570053e0e760a95edf2cdbc1e55bd7ce9df099c6e35beb2a305982756f4e,184550b5c0f1f97fff08aa5b9a8db1255ebc58a759e581d290724f85a381c3e9,output/streams/auth_tag_031.bin,,,,,,,,1331..1351,30;31;32;33;34;35;36;37;38;39;40;41;42;43;44;45;46;47;48;49;50,4032,,,,,
auth_tag,cryptographic-component,32,1000000,125000,34e85af0ed0dbaddfad9a9c65330a079b5bca5a106045b77d0df54b1d0a26152,1e637babf92291e8d03d03584ae224ee66bb2a62689c64e5f64e84b25cc19826,output/streams/auth_tag_032.bin,,,,,,,,1352..1372,51;52;53;54;55;56;57;58;59;60;61;62;63;64;65;66;67;68;69;70;71,4032,,,,,
auth_tag,cryptographic-component,33,1000000,125000,450d1c6fdd5bc902b86a853cfcf6cc0bcad531a597cef08f6fdb3d01d1cadbc2,469748998d69b242bebf8ed1d8b5f7f523cb3a329fa0486cd65010406fe4ec04,output/streams/auth_tag_033.bin,,,,,,,,1373..1393,72;73;74;75;76;77;78;79;80;81;82;83;84;85;86;87;88;89;90;91;92,4032,,,,,
auth_tag,cryptographic-component,34,1000000,125000,fdd4902a3d9255928d5d29255dc7f8881dc09c90fdeff255cb29fa21cae2aa6c,23d276d23f95ccbe870f04e027ab43c4f912a67a14b596c2963af0171ee927ad,output/streams/auth_tag_034.bin,,,,,,,,1394..1414,93;94;95;96;97;98;99;0;1;2;3;4;5;6;7;8;9;10;11;12;13,4032,,,,,
auth_tag,cryptographic-component,35,1000000,125000,e080d0ec48d2834ec5c0afde09a135c86e273e195f1dc443630a9b0feaeba070,9af5134eba971efa015c516bfd02a7586bb1081bd4412c9f8eebf4b1f52fc394,output/streams/auth_tag_035.bin,,,,,,,,1415..1435,14;15;16;17;18;19;20;21;22;23;24;25;26;27;28;29;30;31;32;33;34,4032,,,,,
auth_tag,cryptographic-component,36,1000000,125000,4b07504592d6d8ae56ebe7df82b846eaf180e7c819c64dae596ccecb8bde0b32,66b29a46e7d07623ba96974fee31018fedfd5068f8069efecead04ab14c42fc8,output/streams/auth_tag_036.bin,,,,,,,,1436..1456,35;36;37;38;39;40;41;42;43;44;45;46;47;48;49;50;51;52;53;54;55,4032,,,,,
auth_tag,cryptographic-component,37,1000000,125000,fbf665c0e94ec55dd94a0043d018f0a89933f296ae39e7fffd7582e10a478d8e,4dbdce18e484d1827da3521aaa10e7d1898aa1d4326b85c18b232a17d4e06757,output/streams/auth_tag_037.bin,,,,,,,,1457..1477,56;57;58;59;60;61;62;63;64;65;66;67;68;69;70;71;72;73;74;75;76,4032,,,,,
auth_tag,cryptographic-component,38,1000000,125000,627fb4c97c90d6de0c4d0fe9a71a343976e06a665b8ed3d816b58e538de951c6,096b97f3d256b8658271dfff800ec4422376479829b36a97eb2681e53fbee03e,output/streams/auth_tag_038.bin,,,,,,,,1478..1498,77;78;79;80;81;82;83;84;85;86;87;88;89;90;91;92;93;94;95;96;97,4032,,,,,
auth_tag,cryptographic-component,39,1000000,125000,5454047df069d6dad2b7061e56b6638c856c1dc2e953a2c3c5f85431a407d13a,ee49dfdbf49cb889efa92aad1ad585c52b1f5bc38d0d4f6555a718fa8c09e63b,output/streams/auth_tag_039.bin,,,,,,,,1499..1519,98;99;0;1;2;3;4;5;6;7;8;9;10;11;12;13;14;15;16;17;18,4032,,,,,
auth_tag,cryptographic-component,40,1000000,125000,440591ec14e9ff9be8286b93e88cd669a304d9bcd11063d6f6c12fc68015c9a3,2dd5a1815f0fb70f436f1ccda3a8a317e55632c8b525b3c864213d1f432c4328,output/streams/auth_tag_040.bin,,,,,,,,1520..1540,19;20;21;22;23;24;25;26;27;28;29;30;31;32;33;34;35;36;37;38;39,4032,,,,,
auth_tag,cryptographic-component,41,1000000,125000,0363c797594c5d0450fef6cdaa22d29aa839b45578e0e71c3e7d1024784b6a5a,7ac34255055c60eedd1372e1470bebc6316a92de2beb45aed8ace8b5b4890da2,output/streams/auth_tag_041.bin,,,,,,,,1541..1561,40;41;42;43;44;45;46;47;48;49;50;51;52;53;54;55;56;57;58;59;60,4032,,,,,
auth_tag,cryptographic-component,42,1000000,125000,5759e7eaebc4268f08255dea9bf16b5721bca5dd97061cac25477e75ddacd472,21f489bb45fe7a1149a400f52a0d939be11592d7f6b970ae035069b103902987,output/streams/auth_tag_042.bin,,,,,,,,1562..1582,61;62;63;64;65;66;67;68;69;70;71;72;73;74;75;76;77;78;79;80;81,4032,,,,,
auth_tag,cryptographic-component,43,1000000,125000,e3a6dbdc710dfbe2f76e5eaac0b875bda2857576ffffa00cdd397bc074a53685,9b8ef2ebd4afa10efc89d441c717d0cc756dff5055320c4cf11e3502f7f8145f,output/streams/auth_tag_043.bin,,,,,,,,1583..1603,82;83;84;85;86;87;88;89;90;91;92;93;94;95;96;97;98;99;0;1;2,4032,,,,,
auth_tag,cryptographic-component,44,1000000,125000,38eb938e50b92ab72da91788c2908baff24a01e8e1dd3f9024aedf1410d3e79e,b10d81ef7419d30e415d22d1d997b1f977ffb7062023da890bc2d498eb5b1b34,output/streams/auth_tag_044.bin,,,,,,,,1604..1624,3;4;5;6;7;8;9;10;11;12;13;14;15;16;17;18;19;20;21;22;23,4032,,,,,
auth_tag,cryptographic-component,45,1000000,125000,660eaa7b4467c7faa0b8d6bffb0209098737fd4b6ffee5e724296d7d1329797e,75fbf4242be23acdae474067810003e58ebbaa8ec235ea9921207d4e14e52a98,output/streams/auth_tag_045.bin,,,,,,,,1625..1645,24;25;26;27;28;29;30;31;32;33;34;35;36;37;38;39;40;41;42;43;44,4032,,,,,
auth_tag,cryptographic-component,46,1000000,125000,140a19ea28c4f4e6d11f3fe043e934942cde66238547925bb2cecd1dfe9f3da1,ac975dc1ebc7c8f89bbe30238ec062c92d27dbfdc11498f1dbcaab3800b3bd24,output/streams/auth_tag_046.bin,,,,,,,,1646..1666,45;46;47;48;49;50;51;52;53;54;55;56;57;58;59;60;61;62;63;64;65,4032,,,,,
auth_tag,cryptographic-component,47,1000000,125000,1029945591650a3aab909ff13cf25bc6e089fec61225ec1d52a24fd4ebdf001c,fb8c593d6f39d14737b2ca6fe52bdbbfc125d1280eceecd7e3f06a7beb3b3b10,output/streams/auth_tag_047.bin,,,,,,,,1667..1687,66;67;68;69;70;71;72;73;74;75;76;77;78;79;80;81;82;83;84;85;86,4032,,,,,
auth_tag,cryptographic-component,48,1000000,125000,d11763821fe72351970039ec467b274417ad5965122e6b948c18acf48d1a7f24,b91d83b4ba22b17d02ce93b45cb66feb284c81ebc0949d1ab6c375fc7ed86826,output/streams/auth_tag_048.bin,,,,,,,,1688..1708,87;88;89;90;91;92;93;94;95;96;97;98;99;0;1;2;3;4;5;6;7,4032,,,,,
auth_tag,cryptographic-component,49,1000000,125000,821e7b14496c70aa311311b36207106e5c205c7d5fac41294db0a955a6e1a76b,f71ce13229c8ef96bcaa8efb04aa9435bc25fcdd5376e48f0a48c66cfd52fbf8,output/streams/auth_tag_049.bin,,,,,,,,1709..1729,8;9;10;11;12;13;14;15;16;17;18;19;20;21;22;23;24;25;26;27;28,4032,,,,,
auth_tag,cryptographic-component,50,1000000,125000,9a413e152225733a4ef4f3cd2200816905a8cf5b82e2354ab02c8b58d14648a4,a5829dabe1d16a760c8abbbe63b0bcfe8bd0b6bb5463ea0204de9643b2d33854,output/streams/auth_tag_050.bin,,,,,,,,1730..1750,29;30;31;32;33;34;35;36;37;38;39;40;41;42;43;44;45;46;47;48;49,4032,,,,,
auth_tag,cryptographic-component,51,1000000,125000,c474f40990fc56741baf7f3e42d5656be0ea182480e4984a52bfdbb197c5e0fb,57cdcdd8879739c755ad10340ab6e0c9b14273327d9edc6017e5122f901e4f4b,output/streams/auth_tag_051.bin,,,,,,,,1751..1771,50;51;52;53;54;55;56;57;58;59;60;61;62;63;64;65;66;67;68;69;70,4032,,,,,
auth_tag,cryptographic-component,52,1000000,125000,8086b499e65c90997acebe028992b780d8387e85e0289f97bf20c1cf2b8d3670,fffc285af7a0780ac2ddf6ae7a785977e09e7868b366c24e32ef61c4274055d5,output/streams/auth_tag_052.bin,,,,,,,,1772..1792,71;72;73;74;75;76;77;78;79;80;81;82;83;84;85;86;87;88;89;90;91,4032,,,,,
auth_tag,cryptographic-component,53,1000000,125000,29fe1a9752b5886cfc40037805f61fc02d300d16847dc4a02fb0aa3ff6b5fc41,57e9f0dc3476c9e8fd8ea5f8c12abac69535897e9d3be4508d05067f1be126f4,output/streams/auth_tag_053.bin,,,,,,,,1793..1813,92;93;94;95;96;97;98;99;0;1;2;3;4;5;6;7;8;9;10;11;12,4032,,,,,
auth_tag,cryptographic-component,54,1000000,125000,1731542d9e5c6bbc0d769e19048367e8a14d2fce3762afbe9335bfc798105162,d549dd0ee9a9541b4fd0815db810f214c3c9aee81ea9ff4934c62ce31408470e,output/streams/auth_tag_054.bin,,,,,,,,1814..1834,13;14;15;16;17;18;19;20;21;22;23;24;25;26;27;28;29;30;31;32;33,4032,,,,,
auth_tag,cryptographic-component,55,1000000,125000,0dd4ba56f11be841921a108ed921d923e660425fe30375110cad914c4d59a23a,b828e170f79d838b2b7c3cba716914f4c6882ba2b82d8651bfec8308537e3e13,output/streams/auth_tag_055.bin,,,,,,,,1835..1855,34;35;36;37;38;39;40;41;42;43;44;45;46;47;48;49;50;51;52;53;54,4032,,,,,
auth_tag,cryptographic-component,56,1000000,125000,66e2c97c3c099d71e01c70d66ed2d4f5e3a6b7f033aec458f6c455f9fcf0c615,6e15ee87e76b34d0d597979a95dac97f6be6df82035cecf4fe5529210a045288,output/streams/auth_tag_056.bin,,,,,,,,1856..1876,55;56;57;58;59;60;61;62;63;64;65;66;67;68;69;70;71;72;73;74;75,4032,,,,,
auth_tag,cryptographic-component,57,1000000,125000,4487078dd8e02c9a935ae3b266bef2e7438ff51ea2f842821eab88ecceeeef8c,a9270ff517e289e5d0dcd799ea511c977060d99318a4ec7c3c733f49a29a2b12,output/streams/auth_tag_057.bin,,,,,,,,1877..1897,76;77;78;79;80;81;82;83;84;85;86;87;88;89;90;91;92;93;94;95;96,4032,,,,,
auth_tag,cryptographic-component,58,1000000,125000,ae73fb679de98e7513dcdbe8119609ee138a2215f93954066e6a2660286554d9,25daca6515c310572c7b37471dbf8efbc38474c9bad6c52bc07bb10fd52e0f31,output/streams/auth_tag_058.bin,,,,,,,,1898..1918,97;98;99;0;1;2;3;4;5;6;7;8;9;10;11;12;13;14;15;16;17,4032,,,,,
auth_tag,cryptographic-component,59,1000000,125000,45a34578a92de711299f56be6ecec70192366acfdebb60ead0dbf1e123a343fc,668816c61f8e45501980c0c7543a1495d3d7bbd32acbe9d52b3907ada7a08ddd,output/streams/auth_tag_059.bin,,,,,,,,1919..1939,18;19;20;21;22;23;24;25;26;27;28;29;30;31;32;33;34;35;36;37;38,4032,,,,,
auth_tag,cryptographic-component,60,1000000,125000,4d58c7ccf8faa13bd1d274860e45fc8b6aa64510be9b77dfa07242ca07eb8600,d7859624ac4b9c4afb0b6f29d1706a4fee94d592a5b6ab5f9528402f07787c4a,output/streams/auth_tag_060.bin,,,,,,,,1940..1960,39;40;41;42;43;44;45;46;47;48;49;50;51;52;53;54;55;56;57;58;59,4032,,,,,
auth_tag,cryptographic-component,61,1000000,125000,a6f72cf57b1840dbca33a1e6a4c888b6cbf01945c827aa2474ef7af3d443ea5d,392a83e24f7f8be5826b4a8ffdb1a81a5601fa45ada86bc08cb8ac7c5ef95468,output/streams/auth_tag_061.bin,,,,,,,,1961..1981,60;61;62;63;64;65;66;67;68;69;70;71;72;73;74;75;76;77;78;79;80,4032,,,,,
auth_tag,cryptographic-component,62,1000000,125000,35c6a38b52f17d2d28641c242c1400908db21a0887560a205240cc7705fcac2e,abeb62debae5b37c4e1cd428291a6fbb1fc8cfe2cfbdaef23915f473d002d0de,output/streams/auth_tag_062.bin,,,,,,,,1982..2002,81;82;83;84;85;86;87;88;89;90;91;92;93;94;95;96;97;98;99;0;1,4032,,,,,
auth_tag,cryptographic-component,63,1000000,125000,6f31e90d3033bf0f28a51664576d142282863889ac9722e53c59efef17c50ccc,cd6a228181097eb93a321e7511153af6c86f59d5a736acee52f5e7ba1191c678,output/streams/auth_tag_063.bin,,,,,,,,2003..2023,2;3;4;5;6;7;8;9;10;11;12;13;14;15;16;17;18;19;20;21;22,4032,,,,,
auth_tag,cryptographic-component,64,1000000,125000,51e2e915062113cb71d1d30105f7b7ed1c4e0ca8e90b627b64f7d56cf6ca8a59,b0d86573babe055b429fdb0411c556612f10d08ffff1b6eb98d2925aff11a368,output/streams/auth_tag_064.bin,,,,,,,,2024..2044,23;24;25;26;27;28;29;30;31;32;33;34;35;36;37;38;39;40;41;42;43,4032,,,,,
auth_tag,cryptographic-component,65,1000000,125000,bec870af24299cd7c6633481418f01c2513343118f99945ab6530480aef0490b,4e4ccae3467a8175e47dbda6c8dc6c77657503c98c0c9beaf828f2620ee4a0d3,output/streams/auth_tag_065.bin,,,,,,,,2045..2065,44;45;46;47;48;49;50;51;52;53;54;55;56;57;58;59;60;61;62;63;64,4032,,,,,
auth_tag,cryptographic-component,66,1000000,125000,ae885401b211687741af78912c9747d21a782afba1a2ff5177b45a1b61e3d837,d3a949f4a08ea73027cd00950ccd1c6a0f221607ce1987b7c1e9f74884dd3db4,output/streams/auth_tag_066.bin,,,,,,,,2066..2086,65;66;67;68;69;70;71;72;73;74;75;76;77;78;79;80;81;82;83;84;85,4032,,,,,
auth_tag,cryptographic-component,67,1000000,125000,9b297d9cca3fdd4327b72702352599519d99c79d688ce5f753b3afaa2b684387,ab94bd0cf20d266c861b5703a1e5d3d2cbefcec7a40f4bb8b5e10e12d358a233,output/streams/auth_tag_067.bin,,,,,,,,2087..2107,86;87;88;89;90;91;92;93;94;95;96;97;98;99;0;1;2;3;4;5;6,4032,,,,,
auth_tag,cryptographic-component,68,1000000,125000,fad06d8b49feac860afe36a13c93cb5b7ec85af808f3a1b76339a79ff584d6f5,c7cfa6666b4e5a542a4434bddc26b48e325d8d74b28adee2172f058055b32bb7,output/streams/auth_tag_068.bin,,,,,,,,2108..2128,7;8;9;10;11;12;13;14;15;16;17;18;19;20;21;22;23;24;25;26;27,4032,,,,,
auth_tag,cryptographic-component,69,1000000,125000,390f3afe7748a909b217477d74fc06a3849f78a1dac7263f7bff48582d89e7bc,203450c171cb2f6107a5dd2a63b6329c257a57be3b40fc6cbfbaa299d5f409d9,output/streams/auth_tag_069.bin,,,,,,,,2129..2149,28;29;30;31;32;33;34;35;36;37;38;39;40;41;42;43;44;45;46;47;48,4032,,,,,
auth_tag,cryptographic-component,70,1000000,125000,0e5cfa7b5a2ab1a8900f989dfd5c1addefc712d0b7263dd4c616c4acc0e535e7,8dd571c11feccfc3345c3a59d6c5b3b1a180f28a4400ce7dd8347fe30152f590,output/streams/auth_tag_070.bin,,,,,,,,2150..2170,49;50;51;52;53;54;55;56;57;58;59;60;61;62;63;64;65;66;67;68;69,4032,,,,,
auth_tag,cryptographic-component,71,1000000,125000,bce7aba797716732573a6de6f6ac5d4e733cf6f16c4f5870f2c5e2c75c40f497,7cb0aee21446868e7d987579f620b08c8655a6ce2b02b3211a198da6639978ef,output/streams/auth_tag_071.bin,,,,,,,,2171..2191,70;71;72;73;74;75;76;77;78;79;80;81;82;83;84;85;86;87;88;89;90,4032,,,,,
auth_tag,cryptographic-component,72,1000000,125000,c3c28f1fd2d7e6718e92316ff08c8762ccb6f75ec0cf3ab7e741475a71d86d23,ccaf8a740f8533254fcf1726532c65b379e4c8ebe75f3b498a4970bfe2a4e58e,output/streams/auth_tag_072.bin,,,,,,,,2192..2212,91;92;93;94;95;96;97;98;99;0;1;2;3;4;5;6;7;8;9;10;11,4032,,,,,
auth_tag,cryptographic-component,73,1000000,125000,512fc432e8008ea27bc57d1fdf6962f8910ceacc28364d61b3e74076541d9c9e,411ff8d200cceaecf92fb5f7985f9a22e42a6fcb9bf7fa3715a491ba3de79be4,output/streams/auth_tag_073.bin,,,,,,,,2213..2233,12;13;14;15;16;17;18;19;20;21;22;23;24;25;26;27;28;29;30;31;32,4032,,,,,
auth_tag,cryptographic-component,74,1000000,125000,297936a2b8583bfe6e052b9ab36f3335ba99c03cf64755a28ba50f3300b65de0,022c1ca06f3643ffe0e39cd22930e5f923a72bb0c4aaeefb4c1d0e1c8203d9d6,output/streams/auth_tag_074.bin,,,,,,,,2234..2254,33;34;35;36;37;38;39;40;41;42;43;44;45;46;47;48;49;50;51;52;53,4032,,,,,
auth_tag,cryptographic-component,75,1000000,125000,4beada35bd22faa050e4c664eab4ce2a9c12fcb35a0faeaec05cd7b10a30db45,790fe7b44f65f61c88a7001112acaa2570951eee0aa0d70389390b4263b7d9c6,output/streams/auth_tag_075.bin,,,,,,,,2255..2275,54;55;56;57;58;59;60;61;62;63;64;65;66;67;68;69;70;71;72;73;74,4032,,,,,
auth_tag,cryptographic-component,76,1000000,125000,3c39033d7f262d9884faf32f710ca694d43b65a684422c170dec98c52a60b8df,ad8b031196e68f0b04e74d76226b9ee29515ee746cd4370d31cfb464945d9349,output/streams/auth_tag_076.bin,,,,,,,,2276..2296,75;76;77;78;79;80;81;82;83;84;85;86;87;88;89;90;91;92;93;94;95,4032,,,,,
auth_tag,cryptographic-component,77,1000000,125000,6c2e1e963247be3f5d6d7dddb385810377fcd4c8c1b9692adc89e9c0223b9ed8,d32ceda5d8df4cfb7ca783e6a4984876d3382c797da83681afb34da999b7880b,output/streams/auth_tag_077.bin,,,,,,,,2297..2317,96;97;98;99;0;1;2;3;4;5;6;7;8;9;10;11;12;13;14;15;16,4032,,,,,
auth_tag,cryptographic-component,78,1000000,125000,0d0b2619a24b14d4f43b23af114ff3a422d5ff5ebc11c39a099b10e5a3c92ba1,71ae43524b77db3882cc004e439fcb1aadf593d1e2f58074bc08b8efddb55580,output/streams/auth_tag_078.bin,,,,,,,,2318..2338,17;18;19;20;21;22;23;24;25;26;27;28;29;30;31;32;33;34;35;36;37,4032,,,,,
auth_tag,cryptographic-component,79,1000000,125000,6dbd15504ecdf76efea56d11896b7f642f2dbcafe5308533413213b47fac4a03,4ef5776c962537c5e7266d9115d4273c2b2820ea5987b5306147a86a10796707,output/streams/auth_tag_079.bin,,,,,,,,2339..2359,38;39;40;41;42;43;44;45;46;47;48;49;50;51;52;53;54;55;56;57;58,4032,,,,,
auth_tag,cryptographic-component,80,1000000,125000,92970495752a6469125dc5ab0db73b8923bbd0950b5264178b7c79788b0b2358,eefd610582d0f2f92940bb61648bcf8ebd8e9c2a6ef0a8385de683ff6ba7a48c,output/streams/auth_tag_080.bin,,,,,,,,2360..2380,59;60;61;62;63;64;65;66;67;68;69;70;71;72;73;74;75;76;77;78;79,4032,,,,,
auth_tag,cryptographic-component,81,1000000,125000,ad4ca52a72c3ebd69a9f45406859c2016dd2d1e6776c07ba339bf2b9439196d8,2ba343cc78658980b7fc7d9a21ec582d5602634cbd4e4ab7db4377e5cd5b3350,output/streams/auth_tag_081.bin,,,,,,,,2381..2401,80;81;82;83;84;85;86;87;88;89;90;91;92;93;94;95;96;97;98;99;0,4032,,,,,
auth_tag,cryptographic-component,82,1000000,125000,1835f25805328a9902ad08cfcf97ebff0e9d27778139e607464dcc19b9ebec97,c79a5fa1490bd1163d522a1d4d75f9dc65e96a0c2fffe3ea15c68a929af45fac,output/streams/auth_tag_082.bin,,,,,,,,2402..2422,1;2;3;4;5;6;7;8;9;10;11;12;13;14;15;16;17;18;19;20;21,4032,,,,,
auth_tag,cryptographic-component,83,1000000,125000,eb324162cde7ae6afdbb1df2786374787ed9ea2f1d61115821a88747c8efb90b,0c93120e7db1bc07a304c28c6e0c499e9ff1f024e9e15a9ae8ec1329ba75a68a,output/streams/auth_tag_083.bin,,,,,,,,2423..2443,22;23;24;25;26;27;28;29;30;31;32;33;34;35;36;37;38;39;40;41;42,4032,,,,,
auth_tag,cryptographic-component,84,1000000,125000,4f7afadd602f57a983630ce0b40b7e463fc229986b352392c830a4c0db673c35,e1782a1f34afba06defec1a2b303707791dca0fbe63f528b5c11ae4ec6e31400,output/streams/auth_tag_084.bin,,,,,,,,2444..2464,43;44;45;46;47;48;49;50;51;52;53;54;55;56;57;58;59;60;61;62;63,4032,,,,,
auth_tag,cryptographic-component,85,1000000,125000,f408f4de3184a6902187849d50ad2dc92cd7522ed918d3c87abb32ddfbc4112c,a8184c9111cc1a3a22184c3971e37c24ea4cdf057dde14c3a68b98cf417a49c7,output/streams/auth_tag_085.bin,,,,,,,,2465..2485,64;65;66;67;68;69;70;71;72;73;74;75;76;77;78;79;80;81;82;83;84,4032,,,,,
auth_tag,cryptographic-component,86,1000000,125000,195d750fcc814fd0449c956fc2926a38258c5d42206aa06d06390f3df1d873b4,b71518f687fa131eab03e60ed98b0663a263780e6f2a837ab38d8861a6abc48c,output/streams/auth_tag_086.bin,,,,,,,,2486..2506,85;86;87;88;89;90;91;92;93;94;95;96;97;98;99;0;1;2;3;4;5,4032,,,,,
auth_tag,cryptographic-component,87,1000000,125000,ab98051a274a11123259f54bb0b96d45f34c4e7c46c73eb38b9192380a73b86b,a730948307f91eee3b6bcc624ba2855f35a156d4d9594a3f4b32cd54803cbffd,output/streams/auth_tag_087.bin,,,,,,,,2507..2527,6;7;8;9;10;11;12;13;14;15;16;17;18;19;20;21;22;23;24;25;26,4032,,,,,
auth_tag,cryptographic-component,88,1000000,125000,c575e3b77dc7382138743740350d1422954be2020acc9fd8ed4e9f4078c86b19,f6fef52ec26eacc52aa75d447a44270e85b980d4160a5462e20ec18503d41dfd,output/streams/auth_tag_088.bin,,,,,,,,2528..2548,27;28;29;30;31;32;33;34;35;36;37;38;39;40;41;42;43;44;45;46;47,4032,,,,,
auth_tag,cryptographic-component,89,1000000,125000,7eae3e2c72c0d3a8acb2ceb4f0e09f2ccd0625ca6a4ca2d09b02f41c6c5ad5a2,e99f17a24a8ee854f6235d476f33eb09e417f8a57c4b7fd2d581645d70b9158c,output/streams/auth_tag_089.bin,,,,,,,,2549..2569,48;49;50;51;52;53;54;55;56;57;58;59;60;61;62;63;64;65;66;67;68,4032,,,,,
auth_tag,cryptographic-component,90,1000000,125000,5aaac6b55fd2f4142d4174f735a774a67fc6d9004b750baf64c8599547a9e1cf,8cb7e64cc027a0b420d6f44be5915cbca5a8b4e1a519148afe426c4b11485a23,output/streams/auth_tag_090.bin,,,,,,,,2570..2590,69;70;71;72;73;74;75;76;77;78;79;80;81;82;83;84;85;86;87;88;89,4032,,,,,
auth_tag,cryptographic-component,91,1000000,125000,60ab6f1d069013d93d4a0d48865d6bf03883a4b1160cfaaac7ae861475ad405d,1e9f16ed6e1742f5627ce54a5adac2bb1599121dbd69f6f93cb74f25f00ef9d0,output/streams/auth_tag_091.bin,,,,,,,,2591..2611,90;91;92;93;94;95;96;97;98;99;0;1;2;3;4;5;6;7;8;9;10,4032,,,,,
auth_tag,cryptographic-component,92,1000000,125000,bb716e64404a5a9d41513df636ec6e50dc13bfd86b8db79fc3ed1c6e30b3cca2,d94f7f93681d57c863274db04f7e7806cc4247415d5cc5cc7fa4dbb87e530c36,output/streams/auth_tag_092.bin,,,,,,,,2612..2632,11;12;13;14;15;16;17;18;19;20;21;22;23;24;25;26;27;28;29;30;31,4032,,,,,
auth_tag,cryptographic-component,93,1000000,125000,4349f40b2027a90e38b207d61a550e75fd83ff8d937507b80fd7a9165ecf4472,7e00bfceefa25eeaffe3a5f353b47a650d1605f041d3256fd7710034e9cc5af4,output/streams/auth_tag_093.bin,,,,,,,,2633..2653,32;33;34;35;36;37;38;39;40;41;42;43;44;45;46;47;48;49;50;51;52,4032,,,,,
auth_tag,cryptographic-component,94,1000000,125000,865ceeaaafa9b941d8850f83af078ab2ba7711e5b81d3dd01a552248ce89765a,30cb875ef25302e858d12c42ec1bbce60f82f158cbc26b2016b05e1bc718d6c3,output/streams/auth_tag_094.bin,,,,,,,,2654..2674,53;54;55;56;57;58;59;60;61;62;63;64;65;66;67;68;69;70;71;72;73,4032,,,,,
auth_tag,cryptographic-component,95,1000000,125000,ad08a28520336c6edc2972ff81935331627e5879fc7aedf7ae45a0f11a84536a,673353dbbc1df1c4ada943bf6acc8af61596374f2114cfc3b3adc06f00c2355b,output/streams/auth_tag_095.bin,,,,,,,,2675..2695,74;75;76;77;78;79;80;81;82;83;84;85;86;87;88;89;90;91;92;93;94,4032,,,,,
auth_tag,cryptographic-component,96,1000000,125000,09851c9d6dc9c2967f5a76168876bfa34ad8b5344ff9b1b5fe7ef35a4f1ab6a1,467d9092326d522b2e2b9202b02b4a69a024b64876235ac8e775089c0066a97f,output/streams/auth_tag_096.bin,,,,,,,,2696..2716,95;96;97;98;99;0;1;2;3;4;5;6;7;8;9;10;11;12;13;14;15,4032,,,,,
auth_tag,cryptographic-component,97,1000000,125000,2ca50af4497df1250a09c2b10d1eae595658a9452e3b624ed8a32a6469a56372,8c704596e424bd3f4a1d75c3ea30653513bb08371ba649c1d5ecb93c2c792f0b,output/streams/auth_tag_097.bin,,,,,,,,2717..2737,16;17;18;19;20;21;22;23;24;25;26;27;28;29;30;31;32;33;34;35;36,4032,,,,,
auth_tag,cryptographic-component,98,1000000,125000,b7bdc972468f5188b54a7089c8b56afe3f57b816efc6fbdd17447d293af992a9,4137b5196e61debfc451fbbc4f8ab1af7a475cd5b2d2227ec62b905fa23a5d5a,output/streams/auth_tag_098.bin,,,,,,,,2738..2758,37;38;39;40;41;42;43;44;45;46;47;48;49;50;51;52;53;54;55;56;57,4032,,,,,
auth_tag,cryptographic-component,99,1000000,125000,88141bee2730ff20d44d130c6ee4980ec23ba29fc4af181f28e41dc71b1ea4bd,e14987d39220f57048059224f20ac4c9b99529edd5b4984658feec4e3651e183,output/streams/auth_tag_099.bin,,,,,,,,2759..2779,58;59;60;61;62;63;64;65;66;67;68;69;70;71;72;73;74;75;76;77;78,4032,,,,,
auth_tag,cryptographic-component,100,1000000,125000,eaa288080e73c4a8cb5d6cdfc3a957c586bdf45a6ed78fc5a3d32658afed50e5,7dba1828476a44d88c6e8a1ed8cb45704867fbb5a631a3c8a8f103e513e49fca,output/streams/auth_tag_100.bin,,,,,,,,2780..2800,79;80;81;82;83;84;85;86;87;88;89;90;91;92;93;94;95;96;97;98;99,4032,,,,,
reduced_shift_diag,diagnostic,1,1000000,125000,b7cecdeed71ea050f70152346d9b5a738a422e6b46bcd26b1cf8446888957344,8eb08f9147dd408543d88b9ae9aa2523dbb43f1cd20b8e67de3211a58e19982a,output/streams/reduced_shift_diag_001.bin,,,,2801,,,,,,,0,,,,
reduced_shift_diag,diagnostic,2,1000000,125000,dc86474aed3fb6ef58554a2b0d25d999685267addb41bc0ab3f0287e2a747f0f,327c2a5f33883611ef243786522e24f2887a5a7cb2fe424b89c58c9a325434fe,output/streams/reduced_shift_diag_002.bin,,,,2802,,,,,,,1,,,,
reduced_shift_diag,diagnostic,3,1000000,125000,2b986652f9774b1d3d799503ca57d64893e8da17297cd31736d8bc00e43d6b1f,98b4c1edd9dcb97d82d0fec10322cd049aedda3077613b57a99730867df5def9,output/streams/reduced_shift_diag_003.bin,,,,2803,,,,,,,2,,,,
reduced_shift_diag,diagnostic,4,1000000,125000,98735d83523ba0c4d67f7a6dab3cbdce2e6b41dcae6468e1ec24120b28d47f9e,6194e8fa5c6a7acc2d95cbe3620ff1f0bfa56556cc06e6adc886db2514037fc2,output/streams/reduced_shift_diag_004.bin,,,,2804,,,,,,,3,,,,
reduced_shift_diag,diagnostic,5,1000000,125000,523ce21531fff62236346627b30d8284776b633db7de90917a071dc4b73bcd30,8b9d6bd642b11366c62b815964b4563db79133a8874c84cba78d0eef4e6223c3,output/streams/reduced_shift_diag_005.bin,,,,2805,,,,,,,4,,,,
reduced_shift_diag,diagnostic,6,1000000,125000,1ed6e41848f92c044e7f9c2b25afc8e5650a51b98181e2b79f8bb3e603e22284,8bac1add8382b10be78195c7cc82a593fcfec469dd6e7820973bc94a98e92df0,output/streams/reduced_shift_diag_006.bin,,,,2806,,,,,,,5,,,,
reduced_shift_diag,diagnostic,7,1000000,125000,986e1d47f665c934ff85a26eaa88acd20e46e39825945a295e85c300ec2803a5,e2d874a0932f8092fd317691273679db18063ed6436dbbc3a4a4435680819cb7,output/streams/reduced_shift_diag_007.bin,,,,2807,,,,,,,6,,,,
reduced_shift_diag,diagnostic,8,1000000,125000,6891dfbeace2f13a9593f876b86c76fe24ff9d29db34d3f0d560d47c4a87b5e5,c18b5cac389d337539bf32853ce0a9cc7a27bfb48182a027bbefd159cc3fa0b7,output/streams/reduced_shift_diag_008.bin,,,,2808,,,,,,,7,,,,
reduced_shift_diag,diagnostic,9,1000000,125000,ed098b160c181a0944ad8758f87e5a175318183f605686b868d77ed3d6242554,8682d6380409493b33c9a86cc600410b74a8c9bfb5272541a20571c9094cda7e,output/streams/reduced_shift_diag_009.bin,,,,2809,,,,,,,8,,,,
reduced_shift_diag,diagnostic,10,1000000,125000,4a6eaa4a22b1e64d2e98a6050e62d506f685e36635e323da7da90acaf15a42da,eaed9a99b41599832970ca219975368f3d45267d80b25617957b6ab8e0d42903,output/streams/reduced_shift_diag_010.bin,,,,2810,,,,,,,9,,,,
reduced_shift_diag,diagnostic,11,1000000,125000,906f6266c90ac127624e68c6f11361268e8b8fdc552002b61817a99b1f32721b,ec488583cd084d6568a605ef9b57805b8d0bf7c66f052a40406cc3805d96b855,output/streams/reduced_shift_diag_011.bin,,,,2811,,,,,,,10,,,,
reduced_shift_diag,diagnostic,12,1000000,125000,0633243da2d05633812ea68af29139477e495e4caa2c89cc32db1cc467a79e34,d41fe965de1e1f80981f00729c3ab185806145aac1f736ce7714d97a7799d995,output/streams/reduced_shift_diag_012.bin,,,,2812,,,,,,,11,,,,
reduced_shift_diag,diagnostic,13,1000000,125000,47001ee551b5879448be5714ceb45ad57cbe4fd704f0fe4dd7ed4d8ba64e9672,1b6f858e54f04e0b2ae80bb3b7266dc5cd5bbdd788d0b9a5e5f71c7104c07974,output/streams/reduced_shift_diag_013.bin,,,,2813,,,,,,,12,,,,
reduced_shift_diag,diagnostic,14,1000000,125000,ce19d316636fe086242d0d27d506a921a1302e59e54d5815692b26bd5cdf155c,35fbb29aaa20dcdb1b3b07f26aedfe2741ada994e10e126dea9a0704fec881ca,output/streams/reduced_shift_diag_014.bin,,,,2814,,,,,,,13,,,,
reduced_shift_diag,diagnostic,15,1000000,125000,2c68250f4034b4b6541123b79d2a337c5e257937a0b26aa05de860b06df6411a,736e932e9884ef766cea7449bd46b01fb5efc963d89b1a407d7b5f8c0e2dc85b,output/streams/reduced_shift_diag_015.bin,,,,2815,,,,,,,14,,,,
reduced_shift_diag,diagnostic,16,1000000,125000,4cfef231c85c6e774e731b1cc7e06f6f222f83e66c207c84872003a465ee3654,2152dac919767d99d056198c23841a5e3dc67d2500071b89b804f27acb4d8d72,output/streams/reduced_shift_diag_016.bin,,,,2816,,,,,,,15,,,,
reduced_shift_diag,diagnostic,17,1000000,125000,d0121bd6f052c5b2e2aac364286e31cfb66ab4300ee05dd804b2f17186ca1d49,5647b62a854d50ba930d7c9822545bd888b22c24fd090e2c1b617c9bf3900ffb,output/streams/reduced_shift_diag_017.bin,,,,2817,,,,,,,16,,,,
reduced_shift_diag,diagnostic,18,1000000,125000,fbdca1454a1b1ebb69c7517e7a6c3f159bbb5eb47a42caf9d926b82306e393c5,07f720723e7dc1d2b47610432e27bf7536aaeb0f71e4b5d354eec4710f338dd6,output/streams/reduced_shift_diag_018.bin,,,,2818,,,,,,,17,,,,
reduced_shift_diag,diagnostic,19,1000000,125000,14b262550ab4832beb2dd89fbf662d20e6c62841f56c108260d88eca235b4ecf,c09bf96a2e8767b3e4488914dbc0f782e75a06b8876062c9725da5721c57f8cd,output/streams/reduced_shift_diag_019.bin,,,,2819,,,,,,,18,,,,
reduced_shift_diag,diagnostic,20,1000000,125000,dcc5d4ca348140429e735b7ae152e2a96a22dd66523464bc6c1d5d1aac5e49b2,5f7dff8f3afbc1765d2280eda9bac346522aa1117a327cfdf9469410d30d613d,output/streams/reduced_shift_diag_020.bin,,,,2820,,,,,,,19,,,,
reduced_shift_diag,diagnostic,21,1000000,125000,d73539beb77afd604e59c149512adf7725bfff19c858c4d8b08eed0118f13b47,df1236b2bb87552ae10125a3f6cde552422d862e16c8f619fb1d76d43e77a8a7,output/streams/reduced_shift_diag_021.bin,,,,2821,,,,,,,20,,,,
reduced_shift_diag,diagnostic,22,1000000,125000,6e43d75ab7f61e21e09445b957695c6590d71aa4e90ac6b6b2709303d888800f,67ac28762df391ca4a1678c884fce57d64e0b1c37171b81a2ecac8c8fa1ec4bf,output/streams/reduced_shift_diag_022.bin,,,,2822,,,,,,,21,,,,
reduced_shift_diag,diagnostic,23,1000000,125000,45b88972f3cbce7ca7f591dc1e6943e375b31e40b9e48c40fd2b37db31a7090c,8d91d0291c4455d3e327abf19bbc9698de326eaf3ed4f124f0d47819afe8ebe4,output/streams/reduced_shift_diag_023.bin,,,,2823,,,,,,,22,,,,
reduced_shift_diag,diagnostic,24,1000000,125000,d9edde816974a81c4c04ce807e81230a1184077f6b9b6a6d44587c42f1c4cdae,18291317ee2047311caa79ef051e9b03c6bf4f21aaa1fe28006e5d26a52f38a3,output/streams/reduced_shift_diag_024.bin,,,,2824,,,,,,,23,,,,
reduced_shift_diag,diagnostic,25,1000000,125000,be321658336c33765ae8ebb44ccad3541b567353599170274f7a15d761887a69,e173c78984ec9ccc8db0d678417cd8e45a938e95cae48507585db961a484d9f3,output/streams/reduced_shift_diag_025.bin,,,,2825,,,,,,,24,,,,
reduced_shift_diag,diagnostic,26,1000000,125000,484a4d0e4a401c7313d37dfad1ed635642f0400ac1f915f5a5d4e1080da330c6,c8c26e8271e3e4fe183a718fb433ef950523e3ec4352e11831e20a827d5c6e47,output/streams/reduced_shift_diag_026.bin,,,,2826,,,,,,,25,,,,
reduced_shift_diag,diagnostic,27,1000000,125000,05354d34a1e0773d29af054e1221c62ec596301c72c3b0031f264ba6dfed6c2c,175731d798f3553fb47e368a76e98e30ca2f36ccf1209d6d626da932818e8c7c,output/streams/reduced_shift_diag_027.bin,,,,2827,,,,,,,26,,,,
reduced_shift_diag,diagnostic,28,1000000,125000,ec7c3b18e0bf9a40b01059c6aae8dfcc312875ea97de4abe7cf19750f044f251,0f30f2fc40a346a78ec1c509322c834631336c4417938929c0e5efc4b47bd1d5,output/streams/reduced_shift_diag_028.bin,,,,2828,,,,,,,27,,,,
reduced_shift_diag,diagnostic,29,1000000,125000,5a5e6f72a6c9e38f692390ea5652ee8419738aa149c008fdb2b33813a1ce5fff,ccb685b9f3f5b6cb0eeb299eb302a7833e3a018afc4a07a0fbb6db9944bb1885,output/streams/reduced_shift_diag_029.bin,,,,2829,,,,,,,28,,,,
reduced_shift_diag,diagnostic,30,1000000,125000,40c7323815c3fe29e08a727192e8885db5323edf8db8f2c05fee7e5b44e56e21,c8039e48664c533f0f1f72bb6637d00d7c68317c21a581f57c4ccdfabc731a2c,output/streams/reduced_shift_diag_030.bin,,,,2830,,,,,,,29,,,,
reduced_shift_diag,diagnostic,31,1000000,125000,6990499d447e286e52efdd71cd959b0750aa4d4f4701006adab2945eb067c50a,6869b81345ad3819a6e0b812279b84a1fa1b60956f3c6ed05c819e38ab770e5f,output/streams/reduced_shift_diag_031.bin,,,,2831,,,,,,,30,,,,
reduced_shift_diag,diagnostic,32,1000000,125000,2e0487020a229ae1bf7d1256d40a26a222122e7a63b38a19345f96ec5aea9265,84742436951363ac559ef375fde5648d1016d675f9b06a74c5e439e0d2b623b9,output/streams/reduced_shift_diag_032.bin,,,,2832,,,,,,,31,,,,
reduced_shift_diag,diagnostic,33,1000000,125000,029d7e1f5d0cdbbade005e374af91da7ca8fcb23a3de464c22d8e72c9ae62eb6,646145f273601116f1156de5e14f7b8afc272acb29c8b6caecc6de698ce04fb7,output/streams/reduced_shift_diag_033.bin,,,,2833,,,,,,,32,,,,
reduced_shift_diag,diagnostic,34,1000000,125000,fa9bbc47b6d3d161f55b1435af84f66b66241e2a27ae027a288acb16d368cf14,4f4a52599b4ee042ef3dfba120249ff85fc4bcd0b63543b17944666a9b8d0ef8,output/streams/reduced_shift_diag_034.bin,,,,2834,,,,,,,33,,,,
reduced_shift_diag,diagnostic,35,1000000,125000,eeb9cebaf48df8e6233aa1835f93733ce3efd20721b36e12bd374a7843609798,bae4e33952f7e974f4fc70cf276a0d4389e42efb9916ee76d031ddc701b58f97,output/streams/reduced_shift_diag_035.bin,,,,2835,,,,,,,34,,,,
reduced_shift_diag,diagnostic,36,1000000,125000,0ce2942b58ec50926a7ac2d06459ea04ccf1038a8728af8d87ee3e80fbfe5cb8,e7d4ce870eb13eafc8ab09833bcedb703d43b7fc3eca3cd1cf33db2b459e907d,output/streams/reduced_shift_diag_036.bin,,,,2836,,,,,,,35,,,,
reduced_shift_diag,diagnostic,37,1000000,125000,88fb260daa8a861e3dfaa4c7707770927ac7668ade992da5b1f0bd8c5806c4fa,4051621d1f2f8bb8e3aa0cb5c256ae185961784642ed0ac3ad635f751dae6704,output/streams/reduced_shift_diag_037.bin,,,,2837,,,,,,,36,,,,
reduced_shift_diag,diagnostic,38,1000000,125000,4846a3dd0b0912e749aa31dd8475a0cd97604fa91b6d05b76e1292d22c4588c7,a84dc2cb6137e7c35d486258cac2f61ed30a7edfc72fa49fd5e2d94c18035619,output/streams/reduced_shift_diag_038.bin,,,,2838,,,,,,,37,,,,
reduced_shift_diag,diagnostic,39,1000000,125000,12488ae5c224a65e03d38805b06ee67c244ad30e9a02dfb5dea1084e79f9488d,c027d67d6c9b3dfff47442a66841b07199f3184154925622e608ba6f92c83232,output/streams/reduced_shift_diag_039.bin,,,,2839,,,,,,,38,,,,
reduced_shift_diag,diagnostic,40,1000000,125000,921bbdfd1af44d61a42134c504215d89fce86a533da884eb28b4a12e82a349b6,05aeea3c3ef495ec0a6beb8a7e2d35c76e714f180802fa9295efa100a05fc453,output/streams/reduced_shift_diag_040.bin,,,,2840,,,,,,,39,,,,
reduced_shift_diag,diagnostic,41,1000000,125000,5c528fddf0af732f17cfeed5f31a845acca75d78554f93cea601ec96b6563f44,ae92fb17ac44ad1c9f30e29083162eb584d98e63dac651cdc897c1b0a4e53c08,output/streams/reduced_shift_diag_041.bin,,,,2841,,,,,,,40,,,,
reduced_shift_diag,diagnostic,42,1000000,125000,06d6deefaabb54207e77fb0b2e908f6ae84eb3f1e57731a778d2bf3ead103c07,c1fce13704482caf80581480c8deb68de0640d369f21c75deb41c28b2e4cc80f,output/streams/reduced_shift_diag_042.bin,,,,2842,,,,,,,41,,,,
reduced_shift_diag,diagnostic,43,1000000,125000,32e97e662f98bd68951a5b2ba92848ae611563b69b7b0a5d0dde4e194128fd73,fb270345ea64cc885ec6b8f8de9cd680ad13c7d34d6c0c968f4aa9b985719f03,output/streams/reduced_shift_diag_043.bin,,,,2843,,,,,,,42,,,,
reduced_shift_diag,diagnostic,44,1000000,125000,bf1aff162a3d3fe6bfee89d4ad2745c7bcfd7281fe216a65995185d8704674f0,dbc6a6c1ff259fcd5f05b55bfcccb22e4e7ddcf1a86dee0d79682f9d00101580,output/streams/reduced_shift_diag_044.bin,,,,2844,,,,,,,43,,,,
reduced_shift_diag,diagnostic,45,1000000,125000,098cdf4f47aaafe335f0c0a05bdb5da37e390ec7e4276fadcbe95d9c0d5ec3f2,751aa86dfa9adac6f09641e1d9a33382ce5c8e4ccb18fe8c943cce3d900b6dec,output/streams/reduced_shift_diag_045.bin,,,,2845,,,,,,,44,,,,
reduced_shift_diag,diagnostic,46,1000000,125000,25263bac9af64750010c2c1b239581b2db4f98b4456f4da4355a100490100d77,9046d6119460ea27db0ce1ae503e85191ae23d21f4b7a7ad1015a42575e9595b,output/streams/reduced_shift_diag_046.bin,,,,2846,,,,,,,45,,,,
reduced_shift_diag,diagnostic,47,1000000,125000,0d17efb6ddc5df01388f64d759a81101fe52dccda61c4991c69e5adc7eefc95a,159dc591c2cefff7c6483363cb7caac0548a32e57edf7a4aad83e6cc87f280f3,output/streams/reduced_shift_diag_047.bin,,,,2847,,,,,,,46,,,,
reduced_shift_diag,diagnostic,48,1000000,125000,ab7e96d060e20fb8cf88b18ba9172e0b48655b1d97427948c815be76da75732b,6afe47433d84453cbf110ba8f179dc3e1af6d7bf4b442ed2113361a7513f9951,output/streams/reduced_shift_diag_048.bin,,,,2848,,,,,,,47,,,,
reduced_shift_diag,diagnostic,49,1000000,125000,21b5036c12b67b5bbace01c2c5a10f06632b9bf815447a42747c6ad9f357a2bc,02ab5fcfbf7e68773644ea11a6ee0124ef8b24a26dc2afdd13f6a8e89f88e025,output/streams/reduced_shift_diag_049.bin,,,,2849,,,,,,,48,,,,
reduced_shift_diag,diagnostic,50,1000000,125000,04f04c1b7ac2b616d0faa93f276806c049dba0ab7bdb506321b69046b02fcbf2,999be9455e2fac3518e9ab2c7cca94ebfd486088644733b1e3a76de3e5a53ea6,output/streams/reduced_shift_diag_050.bin,,,,2850,,,,,,,49,,,,
reduced_shift_diag,diagnostic,51,1000000,125000,d2dda0ab85dc240823b9afadbddd585e95ee599ce2bfa570cc8b375117fa12fa,f4b09652d242af87f044fe2dd1a8c277ffbc93e258b56b72b7a52b58b5aa307a,output/streams/reduced_shift_diag_051.bin,,,,2851,,,,,,,50,,,,
reduced_shift_diag,diagnostic,52,1000000,125000,f3a471f623e2330d2571568961a5c5f3cfb57ce419e286de49ddffbc3c3e1574,dbcba6182c304da603830f0c7230eada3b4b32c7719f4ce9d9960790faea6a3d,output/streams/reduced_shift_diag_052.bin,,,,2852,,,,,,,51,,,,
reduced_shift_diag,diagnostic,53,1000000,125000,7da0a6e52cb94b25eb0354efcc168e3ce127d30cf9dcb7a414bb86f1176624fd,3dbdaf6b59d785c4bdee0ac2dfbd6c88b1d7d7d39c37ecf01db1c6a449ec4e94,output/streams/reduced_shift_diag_053.bin,,,,2853,,,,,,,52,,,,
reduced_shift_diag,diagnostic,54,1000000,125000,077f0ecaaba87ca7dabff779900efc7db90f2848b7f3589c1119cfba63ca1546,12e8b3ccd3eb503193218cb67e45d385222b959a9e45993d57e64cc68ce05215,output/streams/reduced_shift_diag_054.bin,,,,2854,,,,,,,53,,,,
reduced_shift_diag,diagnostic,55,1000000,125000,ab0498c01b2d6fdace7869c965422f376a36d47626bf4c1c83cb2759426d9020,ce38044ce16494f09842a8e58ad62586723988bc16bc547bbaf86175e226afbe,output/streams/reduced_shift_diag_055.bin,,,,2855,,,,,,,54,,,,
reduced_shift_diag,diagnostic,56,1000000,125000,4013959d1aaf1573b594763f06b0e894283a356dfef77c1858cd4153e11d3c27,d40df9bed66be6e1abe09591e97aa5b14c28a6e607b25d20dbaf907f748f803e,output/streams/reduced_shift_diag_056.bin,,,,2856,,,,,,,55,,,,
reduced_shift_diag,diagnostic,57,1000000,125000,5979148d287a247f11c6220c10045286476bc1a80efdd7ab24b86af67b6acc11,28346f6dc20ec850b147b7dcdb6f4b8b4204526df7901a0af0476612e0d3173b,output/streams/reduced_shift_diag_057.bin,,,,2857,,,,,,,56,,,,
reduced_shift_diag,diagnostic,58,1000000,125000,d226daec9f767c9d0cd553dc8f39084c643e4f06daeb786bf2fbfa6071936d02,8761941a263c8d35e94df88ea05568a57761fb93e16f9ec9e92f03455080754d,output/streams/reduced_shift_diag_058.bin,,,,2858,,,,,,,57,,,,
reduced_shift_diag,diagnostic,59,1000000,125000,e06533c8dcb299cc7a3b11d83c09923477fc6f680fecb73ec53fdf00d5ecc34d,a5ff05a646ae0ad8d413fcd9f822c2f676a65e41be3e0e5d456e172e9a21a437,output/streams/reduced_shift_diag_059.bin,,,,2859,,,,,,,58,,,,
reduced_shift_diag,diagnostic,60,1000000,125000,24543b95b3e627e3c1a05b769fb2b2473d96dd81002517b3d8c4ff7de76f0449,6a10f840acd54ce214e17e4974e5273dfa87573f08ac10a51135539438255c2a,output/streams/reduced_shift_diag_060.bin,,,,2860,,,,,,,59,,,,
reduced_shift_diag,diagnostic,61,1000000,125000,ea8afd2cafbf3bd075e78cd02df20c4f44ecd256c807595a04462be9eb38330b,f2eaef98da7757fa96b1954d189906cbf1bf839423c1bb21d61fa61220046484,output/streams/reduced_shift_diag_061.bin,,,,2861,,,,,,,60,,,,
reduced_shift_diag,diagnostic,62,1000000,125000,fb7842a861fa2fb31ca4dd56e7978acd8540af8ae1272d2fb4a046dee73ebc3b,db53773bf6587b05a6c629a0b8a1999051e3c1cd76449eb27030a96f20b41758,output/streams/reduced_shift_diag_062.bin,,,,2862,,,,,,,61,,,,
reduced_shift_diag,diagnostic,63,1000000,125000,3cce7e8286153520d4ec5c47d17d2f2c98e9a5c94911e553d2095eab3be2aea6,c30fb8be98865cbb52ae939df7b71844fe33dbd414b61ace6202b26174aa0435,output/streams/reduced_shift_diag_063.bin,,,,2863,,,,,,,62,,,,
reduced_shift_diag,diagnostic,64,1000000,125000,90f5b1bd0a6589f1725828182882b16d6c793582288b5325060240dc31001377,e64b1c3c12952e6136a5c1bf5a13484178ff689808ced5cd5337b8d59da43ed1,output/streams/reduced_shift_diag_064.bin,,,,2864,,,,,,,63,,,,
reduced_shift_diag,diagnostic,65,1000000,125000,a359fc855e08bae2543e94aeed990bdc83c73336b3df262730eec94c6d327790,bc3c5b21caca1be2f0e16fe5faabb666e454435d2df9e0de5a8d9d5a322fa1f8,output/streams/reduced_shift_diag_065.bin,,,,2865,,,,,,,64,,,,
reduced_shift_diag,diagnostic,66,1000000,125000,306b3a4784e1a03597deac3e7c7722d2307acb92b100ca1c48c0b23422d4808a,ef2f3c0e9300de58dd930e7facb50d440d1295818b8122e41eea3b2c4c4d3330,output/streams/reduced_shift_diag_066.bin,,,,2866,,,,,,,65,,,,
reduced_shift_diag,diagnostic,67,1000000,125000,48da8b1ff3502a64f024faf289e19b09aab232ea0035e15349158e2cfe5939b1,c496fb311b84541305bc295711b77d984d6253c67c0ab76381265ed439951d33,output/streams/reduced_shift_diag_067.bin,,,,2867,,,,,,,66,,,,
reduced_shift_diag,diagnostic,68,1000000,125000,5b311688e666966d4189e6366be86741a9ba4c062cfce52112a375e4283c697e,e556ba954af0e616f7d4a773cd65e8678d039daa5d915202bb570611c19262e8,output/streams/reduced_shift_diag_068.bin,,,,2868,,,,,,,67,,,,
reduced_shift_diag,diagnostic,69,1000000,125000,1f16dc71738303548fb1a579c31134afc45154e782fe06e0586eea6d57604da9,508a0085d85e10f4a4ad53006c8923757f49d8b88f07ac9b484a77ba2d56a90d,output/streams/reduced_shift_diag_069.bin,,,,2869,,,,,,,68,,,,
reduced_shift_diag,diagnostic,70,1000000,125000,2fda496151e94791bbefe08338d3f1287d9dd5d0feace700295d2ac65a9dac14,d4b36351c84a6c6505a0ef6c9e89786d52435729b98c5ef6c9b65bdd02321e60,output/streams/reduced_shift_diag_070.bin,,,,2870,,,,,,,69,,,,
reduced_shift_diag,diagnostic,71,1000000,125000,8cb0cb40c580ab8c0375757b427722338fa1a74132d68ffd5db08e5bbb091385,3c31c447de75617e1ed7fb32e737f0ab3030a6a1d291c52b8436ef35def862a4,output/streams/reduced_shift_diag_071.bin,,,,2871,,,,,,,70,,,,
reduced_shift_diag,diagnostic,72,1000000,125000,1b02c00399433b7eb1cc85706dcfe0897fa4fe09378cab438fee8d0ef7b8df1f,f1dfd67ab8595d31199641d2fab72fdf4f31d4d8e0230b065fafa8e4a786dc8d,output/streams/reduced_shift_diag_072.bin,,,,2872,,,,,,,71,,,,
reduced_shift_diag,diagnostic,73,1000000,125000,eeeb0eed4b748802d09c841204a8acb095751cb14ea9f00861bc7a53d7979e03,1bcb27a27f99c5c87aeaa2278b5671732a10eb4d200b3fccf43fcbdc5e505d5c,output/streams/reduced_shift_diag_073.bin,,,,2873,,,,,,,72,,,,
reduced_shift_diag,diagnostic,74,1000000,125000,f96e0d038e249abb17bde3c0034964fed1aedf4580b707a54188561ac16713af,4655e04f709c5f7b21f47acda80903dc0303a78177c0e6139488e1456b7b2723,output/streams/reduced_shift_diag_074.bin,,,,2874,,,,,,,73,,,,
reduced_shift_diag,diagnostic,75,1000000,125000,b22043b58d6f146dbea21c6db0ec394d45cb4c473e7c5d5c292209bdc4e73cdc,e123f50a64aa577b99deb181286238a5d248556271f7d330f08d823e7d8e3ea5,output/streams/reduced_shift_diag_075.bin,,,,2875,,,,,,,74,,,,
reduced_shift_diag,diagnostic,76,1000000,125000,d6ab89f1888f8c9325c7a12cc59e9bc49fc09c41ee702f44ca808f5dc852d8ac,745f55493b04a51473e463335283f755dfdf96bc004de2609bb29d2580020fe1,output/streams/reduced_shift_diag_076.bin,,,,2876,,,,,,,75,,,,
reduced_shift_diag,diagnostic,77,1000000,125000,441281b54bdb6d6d41eb6d85fc89c55bb99e641c4b731bbba9f3e6dce95d11cc,3d73394d9f40a97242b323911d84dede5df9d0c7bf0afe2fb9b8194beeba5975,output/streams/reduced_shift_diag_077.bin,,,,2877,,,,,,,76,,,,
reduced_shift_diag,diagnostic,78,1000000,125000,b7cee7436697f43067d2a8a470bd75b2be363f03024b218a75756994c4499dae,0e94d5815d408ec12c0b861617704bf880ab5a8e4ced257e9a70f658ea6d6ad8,output/streams/reduced_shift_diag_078.bin,,,,2878,,,,,,,77,,,,
reduced_shift_diag,diagnostic,79,1000000,125000,cd3022a182b29b1773704689ee9fee98c14c97850d956f77d87789103453f7b5,001a80d02edb919ee74f2cfa6d7569cd48ca6622c5792c0addb8cdd07e428d15,output/streams/reduced_shift_diag_079.bin,,,,2879,,,,,,,78,,,,
reduced_shift_diag,diagnostic,80,1000000,125000,48258d6877333a6139e2406bc55d728d28ae5d690ec6de0afad9a6427bd2bf51,a51620b18f8e85b73fad6b73f83a7cd2ac694a08a80f3495953e92756eb8f035,output/streams/reduced_shift_diag_080.bin,,,,2880,,,,,,,79,,,,
reduced_shift_diag,diagnostic,81,1000000,125000,1ba6d269662df65e2d48a690c0ab1c44001fe25038eddafd44d009cef3e761ac,86142a4017ffa3736c1a030ba5bb0888391d9eee1cc53d2a3ac367f5c17ec03f,output/streams/reduced_shift_diag_081.bin,,,,2881,,,,,,,80,,,,
reduced_shift_diag,diagnostic,82,1000000,125000,32ff7ffe992b1c7c62ec3a8468110a2a742f29eb51c671166a2e619f8f764a53,852415d84fb3d08ef9c6fcc74b134cb374eb3464f51e0cc368f446af04de24bd,output/streams/reduced_shift_diag_082.bin,,,,2882,,,,,,,81,,,,
reduced_shift_diag,diagnostic,83,1000000,125000,ecfcbf184f568110e46c27d8c8e672b9f35f8dee1cc80d100f521dc219e129a8,59697bc0c472ed565835333c66ac9bcf6abd93287c3653791c77c71373a83c27,output/streams/reduced_shift_diag_083.bin,,,,2883,,,,,,,82,,,,
reduced_shift_diag,diagnostic,84,1000000,125000,c61d7f09b46d5b7d57923c7245f15a5b51948b22e87601b1d5e413609f5aec35,a15af4ec41870148be19af9963e2c4fc46ac5a38eb0eec9d8e015fc13d7d32e8,output/streams/reduced_shift_diag_084.bin,,,,2884,,,,,,,83,,,,
reduced_shift_diag,diagnostic,85,1000000,125000,184115bb65be5080bfc4b871f1ae5c333fc60d33171e994b1808b9a171d73825,d7f824bc7dfcde41d3d1ffe744d98f59918e83df791124bef2d65b645b8b3d62,output/streams/reduced_shift_diag_085.bin,,,,2885,,,,,,,84,,,,
reduced_shift_diag,diagnostic,86,1000000,125000,080ea67bea358d47ca18647b9fa3a803f1308340920021ca644a18c84c4d944d,2a22aba65b4325523159fee7756b720193205ccc25508e96970befaccd2454c4,output/streams/reduced_shift_diag_086.bin,,,,2886,,,,,,,85,,,,
reduced_shift_diag,diagnostic,87,1000000,125000,e30e53199100a1e7d5f2af4df8e685fb77ef9a3917cc5204188c41881beac5de,ab9afbf10303634565897182ea29ea660d335f69b36e79d0cd90e855fc162c22,output/streams/reduced_shift_diag_087.bin,,,,2887,,,,,,,86,,,,
reduced_shift_diag,diagnostic,88,1000000,125000,fc44228edcd19d56e20a0f9ed07cd4bc43ccc072311241abe2fb7c9f3671e712,803ec514aaa6ce46b0d1e8da3afa49f6f5d03e84f8c8a7c50f2dc4d44f5276df,output/streams/reduced_shift_diag_088.bin,,,,2888,,,,,,,87,,,,
reduced_shift_diag,diagnostic,89,1000000,125000,97a5125993f9633cb5f3134bbdca9a384d9d3d8820cf98204dc47093024e24ad,cc9f99978982a8fd223c9a596b57f0b1680e6625da9a706d322e4f53be289a4e,output/streams/reduced_shift_diag_089.bin,,,,2889,,,,,,,88,,,,
reduced_shift_diag,diagnostic,90,1000000,125000,a8485a75c57b0c68e541f11ed9ad2136539c3aac5ef82aaa9aa39584f41467a1,fb078592ffd9ee590c1710afec046ba17229aa638b749da9c946e1d770269ac6,output/streams/reduced_shift_diag_090.bin,,,,2890,,,,,,,89,,,,
reduced_shift_diag,diagnostic,91,1000000,125000,4a47beac079bc39844990738c5baef5e5bcd3d5d1ac0c0df582a0902dae66c68,25d66ee170cfd786d7696e684be69af6d6d38e696b4d8f69cbaa7d9ece87430e,output/streams/reduced_shift_diag_091.bin,,,,2891,,,,,,,90,,,,
reduced_shift_diag,diagnostic,92,1000000,125000,2556513c886c57ff298c2fbc4130c9fb5394d80b6502816cf991c4c4e9b79eb8,f9da2d9e04852ceb36f935748d0f831a1077c1d26de237527ba99de23efd2b31,output/streams/reduced_shift_diag_092.bin,,,,2892,,,,,,,91,,,,
reduced_shift_diag,diagnostic,93,1000000,125000,7b333f1994fcdfafa48133b7984540b4ee51a54dd4be7b4b966319a9f9af2288,278893ce515728f30d7b6b024d18ce34a9097b9d7d213d28700d735d12362324,output/streams/reduced_shift_diag_093.bin,,,,2893,,,,,,,92,,,,
reduced_shift_diag,diagnostic,94,1000000,125000,6ea6df6239c70dbd5e8f5ce9d7b0a8d2da8bfb51808c320b77f3be312584744a,47120a97e253ebfe6b0b19012c1eda5dd2d410a22c664fee42844ae11d23badd,output/streams/reduced_shift_diag_094.bin,,,,2894,,,,,,,93,,,,
reduced_shift_diag,diagnostic,95,1000000,125000,f56b690743a3ca2d07cd8a58518dd5354c446d0c22590aac4b7365cd5b59971f,8da26941db79c4286167649db9ec61a144492b1333fd1e57e18e2009081f3d62,output/streams/reduced_shift_diag_095.bin,,,,2895,,,,,,,94,,,,
reduced_shift_diag,diagnostic,96,1000000,125000,21f46a6fa72fb2c2e8cae4a08aac744cf0a4301d5fd52e92b3f1277e2b83846f,e01f45e8ce969be61403c62c91c12c2638a4888c6809c4f47daaf845c5f07aef,output/streams/reduced_shift_diag_096.bin,,,,2896,,,,,,,95,,,,
reduced_shift_diag,diagnostic,97,1000000,125000,7c5455d9534d8629c7675c036a25fc4d83eb8b14547f60e979415b2acd8c79d1,602cdc3d89bb7528e5d0de3a4ca633fa4e4c81d79a3987858490a41816efb728,output/streams/reduced_shift_diag_097.bin,,,,2897,,,,,,,96,,,,
reduced_shift_diag,diagnostic,98,1000000,125000,0569ad2c6727a27354cf949dba2691fc4e7b37774a393dead4368de04db5de8b,3c37e9c9a50c6f04d3951dfa05240ca662ae84a7a179aacf7849830bdcee4964,output/streams/reduced_shift_diag_098.bin,,,,2898,,,,,,,97,,,,
reduced_shift_diag,diagnostic,99,1000000,125000,f616090ebdd86af2adda4c39c4b0f6f847df03ef204ef941fe3f6d61ed6598e8,5102230cff4e205db191aacf811ed813caca6279a324d64dd7ceffbdc4fcb70c,output/streams/reduced_shift_diag_099.bin,,,,2899,,,,,,,98,,,,
reduced_shift_diag,diagnostic,100,1000000,125000,ffb5f52d35f0cf4bf89564f911b564b4fa9ebc1c76f65e97e23f02fe410e895d,7377fe85dd3a1680273f794d6bbfd7a749c979acfdd354243c3b43dab2aadcaa,output/streams/reduced_shift_diag_100.bin,,,,2900,,,,,,,99,,,,
ciphertext_diag,diagnostic,1,1000000,125000,e1e8812025f581bf4141ec12fde202cb5b4f899b8397c6e53d5f9ad253f539c0,369259a1655c848ab5edc06e08c3b256b94cc5c914e19e2b66c11c6e9bab6811,output/streams/ciphertext_diag_001.bin,,,,2901,,,,,,,0,group,,,54438
ciphertext_diag,diagnostic,2,1000000,125000,cd2621602a3dcd46be83d66ef38d739de17bbc9b89c706651a44ed0e92ec907a,be070ca4d90b639cd9b66d3387c6209902514d2d2a2c9bf5a824790bd5c4fab5,output/streams/ciphertext_diag_002.bin,,,,2902,,,,,,,1,group,,,56998
ciphertext_diag,diagnostic,3,1000000,125000,bf70442ba92535db81dafd4b70a9f6dffa60bb427fa32112f7d8085a8016ecaa,92dab0b3d182f8432a3d5cc280986be1c7949f20a12f8885e70fddf053b3dca9,output/streams/ciphertext_diag_003.bin,,,,2903,,,,,,,2,whole-image,,,362
ciphertext_diag,diagnostic,4,1000000,125000,daeacd23bb68a615db479b8f49ddc6858095b1b1c1de5c00be478d1e8cbf2dc0,fdd7b6cdd995f1f18ad824cf31ae09da25ffb3e7bc50586178c7c5699e122fa7,output/streams/ciphertext_diag_004.bin,,,,2904,,,,,,,3,group,,,61806
ciphertext_diag,diagnostic,5,1000000,125000,b9df2b44342b385c94940aa9a7081610243ff3afa97b2899b14bac593749599b,d4121fb1fd89d41b727768a39f40afe3b82fe6f9daafadf4a58e171d228d0e81,output/streams/ciphertext_diag_005.bin,,,,2905,,,,,,,4,group,,,55198
ciphertext_diag,diagnostic,6,1000000,125000,91918595e0743e34114e11b45d84d4c10eab57a439a1f5cb8972836f6679d63f,bac3736de006b856558b6a596d0dcf9b6c2489e519a231b7c571b4c3de7a344a,output/streams/ciphertext_diag_006.bin,,,,2906,,,,,,,5,group,,,57724
ciphertext_diag,diagnostic,7,1000000,125000,135f8fe27c7f0d763c3f9d453f54e21c2b732571be44d56024d7de2a5051a0e2,d73edfcd1dc5bd6679904f6ed1bfbd0e1d7323901f99974b454210c72e9e4458,output/streams/ciphertext_diag_007.bin,,,,2907,,,,,,,6,whole-image,,,496
ciphertext_diag,diagnostic,8,1000000,125000,154bfc86acc9933885131ad8f76ec40273184bd03ef98b0cfc1012d3623df29e,d232ef672f79d571c6f5d7888a3713774260fdde2a0d65bc995d11f4133a941e,output/streams/ciphertext_diag_008.bin,,,,2908,,,,,,,7,whole-image,,,392
ciphertext_diag,diagnostic,9,1000000,125000,4bacfdbff2822cfeb0fea93bc58a035662fcc3fffc86eb357872abc05ae62027,02918306a29f68ac68cd030f6435d509979a91c2e45fce953c12acd4580e7856,output/streams/ciphertext_diag_009.bin,,,,2909,,,,,,,8,group,,,58974
ciphertext_diag,diagnostic,10,1000000,125000,d8aa81ff5d2d363a8dd9e1d19ab693765860a342adf5f4f350642d6fad42dd48,68cd12d995e63ccce0676ded282a902d91a3cfcdba89ecf397140b46ddb7eba2,output/streams/ciphertext_diag_010.bin,,,,2910,,,,,,,9,whole-image,,,886
ciphertext_diag,diagnostic,11,1000000,125000,31338ac889cbd2427bb7d777f31408118e185eba65a8dba0cc3546588da67de8,7a2d70364da2276684ae0769553925c175a2fb7ca378f32bad401122501ac16b,output/streams/ciphertext_diag_011.bin,,,,2911,,,,,,,10,whole-image,,,506
ciphertext_diag,diagnostic,12,1000000,125000,fa2dbcb88cc5eede7f46ad760504db65f178804e48afae02c2191322250a4bfc,20a71e2d81163279c310932e89dec10d4fa691536fd59eab3211616c5033c55f,output/streams/ciphertext_diag_012.bin,,,,2912,,,,,,,11,whole-image,,,420
ciphertext_diag,diagnostic,13,1000000,125000,e979d83113d22254e2cab749b6abc289f5f7b1517457f24382f56ecdc57ebfc3,852d328a286334f4b16c9f9459b710e18e8635bd0db6fa15d3150cfdf9dad36a,output/streams/ciphertext_diag_013.bin,,,,2913,,,,,,,12,group,,,83658
ciphertext_diag,diagnostic,14,1000000,125000,2d5d94ff08f8f65c4688563c0aeb4259133aeb092a6a1d221b7a97dbc879de0b,6054c9c8ac5e27c498046a6fc125f67b2148d98d9b3b1a559d30bdf51da27744,output/streams/ciphertext_diag_014.bin,,,,2914,,,,,,,13,group,,,70932
ciphertext_diag,diagnostic,15,1000000,125000,816acccb5b3aaad011133151eef949c49325534df85814a794c9c6514e75184e,82f799da77f8835f10dd3419998737f9f3d27c2401f7f5503ba3edf77ae6e874,output/streams/ciphertext_diag_015.bin,,,,2915,,,,,,,14,group,,,70534
ciphertext_diag,diagnostic,16,1000000,125000,0ce796b799a53d8f7c8e1c09a0554b6932472bb9b1b7b16d7d577770d1f2cc3b,2822439d5eed3389e2cfe1df4708c23f7a3d645557cc4c18d59f6c1fde666f5f,output/streams/ciphertext_diag_016.bin,,,,2916,,,,,,,15,whole-image,,,432
ciphertext_diag,diagnostic,17,1000000,125000,67ee2ca873d57a4f8046b3f6953c3e016ae8b7ba202d6c45e98e8fe6a2d950ee,c1d2cffa8bf19d1885ccf09916a638c25ad580c63fddbdd6d6ecadb73b025622,output/streams/ciphertext_diag_017.bin,,,,2917,,,,,,,16,group,,,53442
ciphertext_diag,diagnostic,18,1000000,125000,9da1844455b8b3f483c7cb8b98011d679961ec2a463644c9115258d41053b19a,dbb344a2e541ee3e018f68f0679ed4de8747200025b6bdf640ede7c62baed90f,output/streams/ciphertext_diag_018.bin,,,,2918,,,,,,,17,whole-image,,,358
ciphertext_diag,diagnostic,19,1000000,125000,95bd5927842bd9042f22b11dec32603c41cd9c7611af5b6b14593b1e579764a0,eb92e75f1f61e2feab9737c5c475ef4df46b6cf3dbcb3de04e80486715dd8711,output/streams/ciphertext_diag_019.bin,,,,2919,,,,,,,18,whole-image,,,358
ciphertext_diag,diagnostic,20,1000000,125000,48213d958d15633442f911cd760a2e993dbf432ad1a058e083dca653fe16ccbb,871500613118734da5687b11604ca7c8fca38ac743c61e30466af88791fdb6a2,output/streams/ciphertext_diag_020.bin,,,,2920,,,,,,,19,whole-image,,,354
ciphertext_diag,diagnostic,21,1000000,125000,4a041a786c7535f701b68d04aa5ef7696ca19943cfe0a911a3749d5063177504,db6b38f40301de7f842f836029af966e172b557d0320a4b094f05fd19ce93de6,output/streams/ciphertext_diag_021.bin,,,,2921,,,,,,,20,whole-image,,,768
ciphertext_diag,diagnostic,22,1000000,125000,4cea900ff47a8838c485d8879679e4ffa5400c42264a3a21487fa4f097f2fd44,43bf984ffa3f26efbdd111a8895c08b7587e68e0c6b2e692c7df57f98235c6d2,output/streams/ciphertext_diag_022.bin,,,,2922,,,,,,,21,whole-image,,,430
ciphertext_diag,diagnostic,23,1000000,125000,67c40399f1586356ec2050c9448b9d4c6658741783f48d0a21b0200edd31c109,a37608899700439d591a65acaa86e5fee25d95c27aadcaba0d4275d32552a4db,output/streams/ciphertext_diag_023.bin,,,,2923,,,,,,,22,whole-image,,,362
ciphertext_diag,diagnostic,24,1000000,125000,1c288c13b979d903785d6b682e549e219d2853757b71749af0dee9519a9cce48,4a7c5bb2d7cee6e2a56c31d58abc3080755c71c801508be85ad3413e253f898a,output/streams/ciphertext_diag_024.bin,,,,2924,,,,,,,23,whole-image,,,328
ciphertext_diag,diagnostic,25,1000000,125000,295d46a85fd05d02fdbfc4346af1e1178b8590e08c5403b48ecfc656a9fb1d04,5bbeadcaeabea4cf5f45970f402dd2b14effe6125d7cf7164b5b5d8799b0429c,output/streams/ciphertext_diag_025.bin,,,,2925,,,,,,,24,group,,,62098
ciphertext_diag,diagnostic,26,1000000,125000,632ce9265ca91615f8e105c0e216134f86b327bc207985c881666a1f867ffdf1,2ac5e7413429eec78f0b72e6c8017e681bb70e18e6298bb831b883e49ed85296,output/streams/ciphertext_diag_026.bin,,,,2926,,,,,,,25,whole-image,,,348
ciphertext_diag,diagnostic,27,1000000,125000,b6d6dc023dc808ffa5011b2bdfa28629ad28fd0d5479507abc82a3273da586d3,4cb4934d37fa082c14986b6706481b33a2d43468f0c1baabcc463fa2abf8f242,output/streams/ciphertext_diag_027.bin,,,,2927,,,,,,,26,group,,,62152
ciphertext_diag,diagnostic,28,1000000,125000,137fbe9fa2ba237a4a30a66c70a6f45091941f138ea71b7684d2d65e763bbacd,24b3bb8bda1cf94cfa5bc3252fed2c6f5be1e6ceaddd7043a419015f2ba67ed4,output/streams/ciphertext_diag_028.bin,,,,2928,,,,,,,27,whole-image,,,392
ciphertext_diag,diagnostic,29,1000000,125000,43b0b4707d2ab553fd9b5967624266a99dc2cf7811d9899d511b8e78b39025d3,b2999e3e838bdc3d44225d1d32cee6b432a444bb8c372fee92b5f640fb8fd4d0,output/streams/ciphertext_diag_029.bin,,,,2929,,,,,,,28,group,,,81820
ciphertext_diag,diagnostic,30,1000000,125000,f8fe7cc14824fe5af612a7171f9713537e6d47ef48f3d27ede0fdedf9b8722f2,2aa1d301fe0c60cefe3b667fde36d5f3542bbadaeceeb0ba06e9cbc756114a48,output/streams/ciphertext_diag_030.bin,,,,2930,,,,,,,29,group,,,95198
ciphertext_diag,diagnostic,31,1000000,125000,930bc8b32f5dd3a28e9531f0925383fdcfa21ca3bee00b286b920d6e03ece043,eb151c7bc76880948b750ac7d9dc223739b157f6882fb8344fcc741e9215c54f,output/streams/ciphertext_diag_031.bin,,,,2931,,,,,,,30,group,,,74924
ciphertext_diag,diagnostic,32,1000000,125000,e83fbf8a48e20a57edd98f54f2d7e0f476810b0257f63bbc1d688bbc5349b341,73139b0a046ea6eb92e34d7b7518b8f980bd89bf4bf6a73547f67e76225223eb,output/streams/ciphertext_diag_032.bin,,,,2932,,,,,,,31,whole-image,,,408
ciphertext_diag,diagnostic,33,1000000,125000,87263b6be3b1db612718d310c91ec540c0b2e3c539b4bf622d87f0579d21b43f,57ebaf5985360d29495658667bc037279f9d8ae00334250c9af8f201b6de45e1,output/streams/ciphertext_diag_033.bin,,,,2933,,,,,,,32,whole-image,,,458
ciphertext_diag,diagnostic,34,1000000,125000,7386ae3ee6d698a4973751e1d3d23cc2d4b2f1c5d59d693f483b9d79d3b379d3,df2a2544ac99ae6813ca269a2d6fc8dbd960471145d24fa0f02c6448096e5502,output/streams/ciphertext_diag_034.bin,,,,2934,,,,,,,33,whole-image,,,354
ciphertext_diag,diagnostic,35,1000000,125000,81af071663a74a2fdf44325938472fc3ebd5d30a194fdb7cc5f385de097bc105,667c06dd4c17e6612dc9dc5a2b0a0d30b080c54d0053198fbed144c41d1bb502,output/streams/ciphertext_diag_035.bin,,,,2935,,,,,,,34,group,,,64862
ciphertext_diag,diagnostic,36,1000000,125000,0f73d94eedb96cfc21fa5c5cb61d4c78df36e128ce629a11e563cc407e3725e4,9982f06d4e191750ff1bec5241e0cb2623562f2c4f9dee4c252bb6af88062557,output/streams/ciphertext_diag_036.bin,,,,2936,,,,,,,35,whole-image,,,514
ciphertext_diag,diagnostic,37,1000000,125000,aed070220550e1207a3f21bde62fddc63119796dacb2709235a13e0c05d0de1d,53cafe7de9ebe0b5036406b478a0a3f13e1ba0b5ee378d3424c62bb70f0d9ffe,output/streams/ciphertext_diag_037.bin,,,,2937,,,,,,,36,whole-image,,,514
ciphertext_diag,diagnostic,38,1000000,125000,cd054a791690dcae4f112d73a79e80eca75e01d7e14b8d78f9569b272a8efe86,82604e58cd20ca16caca95dad6d41f9ddef9e132c8ecea16751360b0927772ac,output/streams/ciphertext_diag_038.bin,,,,2938,,,,,,,37,whole-image,,,382
ciphertext_diag,diagnostic,39,1000000,125000,2004a5f96ba0c7ee384f66705767c5d2efef3ec4fca67cbc7f6acae895e28cf6,2efa849edc2579fedc87853c1479c93e056c1e248983ce4f52967b63516e3df4,output/streams/ciphertext_diag_039.bin,,,,2939,,,,,,,38,group,,,81650
ciphertext_diag,diagnostic,40,1000000,125000,fe860dce536fc62ef0fd8682b7ebf35155f25b873dcd3adace7dadc3f3b80b76,01c94edaf0e0c2f7776fd7e1d8f2bc18f3c387b00062809aa1ce9f9971c177d4,output/streams/ciphertext_diag_040.bin,,,,2940,,,,,,,39,whole-image,,,428
ciphertext_diag,diagnostic,41,1000000,125000,ec0a6f9ce6f49055f9a1de841f801e1c3a3fae6236aa0d9ad445d8699e86051a,28defba10c7f82c99657844a0e8e9be7bf4b78d61e490a31ce2477096f90fe2c,output/streams/ciphertext_diag_041.bin,,,,2941,,,,,,,40,group,,,65044
ciphertext_diag,diagnostic,42,1000000,125000,be718d8c492e348ca5e65dc84dd37ae65bc8ac8682d75432d81e3fb9ae3d77fc,95e3077dd2fbd544ae4c4a6b06bf4a8b589e51d91192c16f9454f2be274f8c24,output/streams/ciphertext_diag_042.bin,,,,2942,,,,,,,41,group,,,54908
ciphertext_diag,diagnostic,43,1000000,125000,32d1f678589e65ad980464246ab1ec0b75d42f024ef5302b7907998ca4e487c2,d4afcfa2200ff5f8b21466b95f8c0aff48fb86db750eb9fcc143bab22cbb4ebf,output/streams/ciphertext_diag_043.bin,,,,2943,,,,,,,42,group,,,84892
ciphertext_diag,diagnostic,44,1000000,125000,5fd9bfa572939f30391487ee0447da17ce2dfbccaf244c5a7a47bad30b19afe0,bbaeaa6fef0a32640504efbd161412558f3043a4ca59719dfc609c74e7211210,output/streams/ciphertext_diag_044.bin,,,,2944,,,,,,,43,whole-image,,,382
ciphertext_diag,diagnostic,45,1000000,125000,2ec0f924467578a05b03f7a1a01317dee8352b3e3053f0cd2007e4ad2bdabafd,341ef323c5ce1b27d18065c64f2da1a88405a1d1a3b367ab6977e2376872d89b,output/streams/ciphertext_diag_045.bin,,,,2945,,,,,,,44,group,,,54508
ciphertext_diag,diagnostic,46,1000000,125000,bd263ed383c2a82eb25342fbfe396dd1f96f08499200619f38e276164b8bed4a,7e8feee186f25d74c54ebf535bdb68280bd57f208eb8ff4ce21c52d69de72615,output/streams/ciphertext_diag_046.bin,,,,2946,,,,,,,45,group,,,55416
ciphertext_diag,diagnostic,47,1000000,125000,c94585da98be28d2af8ccded61b8a49b9156d2aaee46a0c383f86acea9471c70,b44535ffa103a7fa5bae022ca7e0422f4f3ad3e01aff3132934ecb72db545bff,output/streams/ciphertext_diag_047.bin,,,,2947,,,,,,,46,group,,,63422
ciphertext_diag,diagnostic,48,1000000,125000,bcf5b7da80db8478de469f00952b8099a366e69c11aa1c4a2f0e659a2351aa64,b5645073da6676dabc80b74fd0d758bc744cac88179589705d8a3b1b78f3261f,output/streams/ciphertext_diag_048.bin,,,,2948,,,,,,,47,group,,,59108
ciphertext_diag,diagnostic,49,1000000,125000,0a43d4020972be4bd250d06976659c95c27cbe1fece20c14a82fe2bd0014d6e9,6362441f63576c9798d62475585c60724eef3030d4d8ff27644e0692afd0045d,output/streams/ciphertext_diag_049.bin,,,,2949,,,,,,,48,group,,,65932
ciphertext_diag,diagnostic,50,1000000,125000,f89e16c9a84d65b2a99685c096c506c04b32c88ae9874f1e62260a486461519b,7c3d9edece3689d792f60a5b8914dd410c0ceb663d268800d1fb7471a9285608,output/streams/ciphertext_diag_050.bin,,,,2950,,,,,,,49,whole-image,,,376
ciphertext_diag,diagnostic,51,1000000,125000,b1470363eebc373fcf422b5f5a4e9b4a1254f53eec5e5f68dfc9cd15b0c689d3,09531bb7350b3dddcde3c1e99c8543c792be82e831a001c894cd334065925cb1,output/streams/ciphertext_diag_051.bin,,,,2951,,,,,,,50,group,,,54486
ciphertext_diag,diagnostic,52,1000000,125000,f300a9f31e980abf957ea95491fbdf8830df79f8eb9a2b9817c5a1fd4433913a,16733d84ed84a8db4457962692e16694ec498579e45ad1646fa3c161f6bc721d,output/streams/ciphertext_diag_052.bin,,,,2952,,,,,,,51,group,,,53178
ciphertext_diag,diagnostic,53,1000000,125000,3e3f6cf890fa65ff75d1693b6b199eca11bbd538d57d1950c6043a4e5a352e6b,02ec1fb60c2704cf3a517f84b4a418104a3b6d06a71254369a224e744fe9ede3,output/streams/ciphertext_diag_053.bin,,,,2953,,,,,,,52,group,,,54774
ciphertext_diag,diagnostic,54,1000000,125000,4db194390ed5f82bf88adade5d17134136926900fc7e4a773943ee377175d78e,0881605189af59451ac2485659966b267368d5455a8d2daa1da7e9dbd6ecf4d9,output/streams/ciphertext_diag_054.bin,,,,2954,,,,,,,53,group,,,54034
ciphertext_diag,diagnostic,55,1000000,125000,d5eca6f201891b2ceafe4e6ae5dd44e1813512b9e5f67c53c7f5d62d6880f602,2300fbd9c8f5e2d670775c015de73009e6b27c8394f6d66ef56f12eaf0fbc4db,output/streams/ciphertext_diag_055.bin,,,,2955,,,,,,,54,whole-image,,,322
ciphertext_diag,diagnostic,56,1000000,125000,0c5defe588b6e2046512a214e7d5c09c2046b4df13ca51e8427627406d5cc376,0ca5ff6801bc5e54701b6f4c46809a6100436426183b09e90ec0c0bab9481c86,output/streams/ciphertext_diag_056.bin,,,,2956,,,,,,,55,group,,,57884
ciphertext_diag,diagnostic,57,1000000,125000,064387ce0a0dc1fb3b34374d2080b359d17773c4fa4b5e24a848ab71c626652c,393145c940dfea97bfa886d2589ba5bf2dd9d31a9a2eda61c811e7d86a965356,output/streams/ciphertext_diag_057.bin,,,,2957,,,,,,,56,group,,,64862
ciphertext_diag,diagnostic,58,1000000,125000,8d4d7e870e2b09425de19a8fa230ffbf964f360225036c77f36ab2c681bde412,d482d97131f846050edff2439f14ea87c0da489302325dfbce6741295b21ab74,output/streams/ciphertext_diag_058.bin,,,,2958,,,,,,,57,group,,,63698
ciphertext_diag,diagnostic,59,1000000,125000,6a5c3623395c53cf0eb41ffca54c5f3d27c24d40747cb1ab18efab538d58bf25,3fc5077db3f05e16dc99abc2a2cbb52ea38bc0cb727cc7333664d810cb384d21,output/streams/ciphertext_diag_059.bin,,,,2959,,,,,,,58,group,,,65326
ciphertext_diag,diagnostic,60,1000000,125000,14c1d6e3d196865ecfa241f5e164d765ed1577c46a786bacd6bd62df5da4b147,3aab15883b6280d33380e4e8beb022ccdf72b1c710d7ad5426ddaed2867ac4ca,output/streams/ciphertext_diag_060.bin,,,,2960,,,,,,,59,group,,,57818
ciphertext_diag,diagnostic,61,1000000,125000,525a4ba6d55697262189cc6acebc7153f40a551dc151342dd865fba1a70f182e,661507058468f774a719c77aae8b74e378a3a745a4a0c974c723fe177605694d,output/streams/ciphertext_diag_061.bin,,,,2961,,,,,,,60,group,,,58430
ciphertext_diag,diagnostic,62,1000000,125000,f9b22a62d2e549ee2fa3290d6e07700747e4cb3849d1603fb397fe9f124b11d7,f6244b5d35e534bc07e712a53f32c1d9558946628b58f1949495cdbff0cedb42,output/streams/ciphertext_diag_062.bin,,,,2962,,,,,,,61,group,,,52992
ciphertext_diag,diagnostic,63,1000000,125000,dd6b62be360c329d4c25482153b58ab904fb198a8dc28205b5aef7c2b49994c7,3d22bcf6012fb7bfddbac0f2ceea91cc9199d2b0374e68a7fdf73ac5bf4ef81e,output/streams/ciphertext_diag_063.bin,,,,2963,,,,,,,62,group,,,53686
ciphertext_diag,diagnostic,64,1000000,125000,33763bfca775eb8ff5bdbae01bf24149757784a9ef64902f89529671c1b00a3a,fe3c5fd6242b5138b0aa74d673885290dac5bd340f47f105090a17cc9292f70a,output/streams/ciphertext_diag_064.bin,,,,2964,,,,,,,63,group,,,54518
ciphertext_diag,diagnostic,65,1000000,125000,16fe556d5973edba466a9e6b805884670a5c5a6549224c0e28075c545111ab87,e5d6b8652763b6ab003c6917fe10b30546b81a7a71eb77f1f5ee5ef55bdedb39,output/streams/ciphertext_diag_065.bin,,,,2965,,,,,,,64,group,,,58324
ciphertext_diag,diagnostic,66,1000000,125000,4fc36d302508f5f0bd82b93e0e4526487b5fb0d435f2f7954b791fe323b682a9,e60b22b050a74726eb3eeb6e67dab05fc676b907b0213d1ebeca4e615e501159,output/streams/ciphertext_diag_066.bin,,,,2966,,,,,,,65,group,,,60144
ciphertext_diag,diagnostic,67,1000000,125000,bf7164b3f0eefa2e9a7ca4d1ec2bf235c16b6b1f9a38ae7d173b2f21d449e4b7,5094b820fb95a25b3530c0f649ddc351ec98b391cc8da34ca2081ca9ed888f37,output/streams/ciphertext_diag_067.bin,,,,2967,,,,,,,66,group,,,55418
ciphertext_diag,diagnostic,68,1000000,125000,c0519dde8fb6317e53b59fdbb654ea639eabb244e2a2d3de6fd9c43a7754f0eb,b24f28b8a3ef798a8c5325c77fe21d200184f3d0c1be99301f890be5064fb46d,output/streams/ciphertext_diag_068.bin,,,,2968,,,,,,,67,group,,,55602
ciphertext_diag,diagnostic,69,1000000,125000,9e84e8506cad7c65347a1b85f14db67895800e519cce7307d3e4c4c4c87297d3,7c1a728527b9dc69207b0fa2f7c7059c93fe3c49ce6f69f0b2926e0c07a48c85,output/streams/ciphertext_diag_069.bin,,,,2969,,,,,,,68,group,,,55914
ciphertext_diag,diagnostic,70,1000000,125000,7f2e04abfb47de779321f24295ae9afeeb0724698fe93bed730884140ab89aa8,fb20ea391be878c1c9c54c86c96b80dfea18956580d0db7fbe36e14d42e08bb2,output/streams/ciphertext_diag_070.bin,,,,2970,,,,,,,69,group,,,53854
ciphertext_diag,diagnostic,71,1000000,125000,07338eaa92c516f49f8e4d31aadd8647a2011c225fa091ace15a1208520022df,4035562e8fe541a9ae555bf917bfb7cb286f4b6a5086dc31fd2a9a1c9a68bd76,output/streams/ciphertext_diag_071.bin,,,,2971,,,,,,,70,group,,,54458
ciphertext_diag,diagnostic,72,1000000,125000,d5706f6ce75e3243bc9c06029d91f5eb1be1a99d01e94126e3d8e840137ee47b,500f585ad9fa822e00137eddf757c6e9340ae9dd94c080ff806882c1c3e5b410,output/streams/ciphertext_diag_072.bin,,,,2972,,,,,,,71,group,,,52186
ciphertext_diag,diagnostic,73,1000000,125000,cbd6ad6e6cf1bd1763717460307ef939b6db7abc953f956da4eb798a81886fca,1bba13ea9d55805461c413a8fdcd63d63428ff80e2c9be93434c6675636dab7f,output/streams/ciphertext_diag_073.bin,,,,2973,,,,,,,72,whole-image,,,384
ciphertext_diag,diagnostic,74,1000000,125000,feb556067c5577842baee27a080b75065aee475818989d57e8ca2789563c5896,72d6ce86f64d1f1a8bf9cef16d479e8cb887e14781f2fe42914b970a44573ecb,output/streams/ciphertext_diag_074.bin,,,,2974,,,,,,,73,group,,,62836
ciphertext_diag,diagnostic,75,1000000,125000,403fe8d4f963da9ff761970987f042ade22f19d99b7512264a21707783dad188,9964dbeb8b67000b4a1881a0dc09e8bdb1e47c3e94a2441e57c09a09ca545176,output/streams/ciphertext_diag_075.bin,,,,2975,,,,,,,74,group,,,59430
ciphertext_diag,diagnostic,76,1000000,125000,0b3eb4ce8b1c44be738b00b21a99b3fec353da2576c0d8fa42ae404fde369461,a463086d7b23b94ea4039c81beefc363bb53e409ddce3d980a71602fb03e8e46,output/streams/ciphertext_diag_076.bin,,,,2976,,,,,,,75,whole-image,,,342
ciphertext_diag,diagnostic,77,1000000,125000,5324f07f9bd3a566aa75170e7abf48ef02991bdab676b3ebb0324b9ff457b617,50240e91f9d3555856a06d8574aa2267dbf12fad91b9ae141948c51d0bdf6adf,output/streams/ciphertext_diag_077.bin,,,,2977,,,,,,,76,group,,,64922
ciphertext_diag,diagnostic,78,1000000,125000,31a43f3e6be5d2217945bade55ec82acead2598689b3905cbbe4c2e2706a3bc2,d1fc291a0798341733716563d26de8dd05d23bcf4d5d73f0e2ca1a4b6e5aabee,output/streams/ciphertext_diag_078.bin,,,,2978,,,,,,,77,group,,,67750
ciphertext_diag,diagnostic,79,1000000,125000,79f25379b008afd8a645c975f8b0ac74e6563f12f1484aade7ae9ddca20f2084,9ebeea14948982f158bae69ec607fb99a7209300b5e0fbcbf328bf165aa5a418,output/streams/ciphertext_diag_079.bin,,,,2979,,,,,,,78,whole-image,,,442
ciphertext_diag,diagnostic,80,1000000,125000,608eda5b890be6afe7d5619eefc4dee245d6d3a52b59041a9b26a7c9a4f5437d,2c99ade02d9ebb277d84cf6dc49a161867640e899ec3616f8d18dae3017bc5c9,output/streams/ciphertext_diag_080.bin,,,,2980,,,,,,,79,whole-image,,,338
ciphertext_diag,diagnostic,81,1000000,125000,682a49fed97e906e7848b3944ca760a1d21e2451d034ee40b0613358fc61ac0f,3ae99b88c2ddec4e2375f3244af405dbddd48b14a46207f43b6c1c7ee36aa2c7,output/streams/ciphertext_diag_081.bin,,,,2981,,,,,,,80,whole-image,,,400
ciphertext_diag,diagnostic,82,1000000,125000,5785bda036097f6c90c9d63b07fe48d9cdfd92dc4cd77371c973202c59ad22e2,8c050d551a22c9f80bcd62cf6ea536d061480d51c5cdc120fb144f356f727f5e,output/streams/ciphertext_diag_082.bin,,,,2982,,,,,,,81,group,,,74200
ciphertext_diag,diagnostic,83,1000000,125000,823382b2f6406b296b42da613df240123252a710ec32777a97ae9748691e3acb,7a9508bd1be475245a35ba636f2180e0d312db289a826f6ce5e955bc76d0b61a,output/streams/ciphertext_diag_083.bin,,,,2983,,,,,,,82,whole-image,,,506
ciphertext_diag,diagnostic,84,1000000,125000,834e033b56f23edfc08d3110c32598b003ae3ddeb54ce2fa4e7bd9b5b5920fa9,c8f4c6789d094f7f5cb2af5348300eabe0cfbe0d031bd877856641fd4276d7b4,output/streams/ciphertext_diag_084.bin,,,,2984,,,,,,,83,whole-image,,,428
ciphertext_diag,diagnostic,85,1000000,125000,ef47da8e927ffcf43ecd52936b436d285df46e32f9d1ed712ef9e279f144f2b1,211c1f0fa8e9af392d3747afc2dc880f6e2c5023cea540a5b872a7ef44e26523,output/streams/ciphertext_diag_085.bin,,,,2985,,,,,,,84,whole-image,,,362
ciphertext_diag,diagnostic,86,1000000,125000,e7dffce0051e1175f052e208b642782298345bcdfa3a8cfce26cec6bde73436a,ec9074724596777976e149cc34b3df04d5d494f5691b6ab18d12db12f4215ff6,output/streams/ciphertext_diag_086.bin,,,,2986,,,,,,,85,whole-image,,,622
ciphertext_diag,diagnostic,87,1000000,125000,c69b4cd031f4450d5ce8c142beeee617b9daa97ca72ba31b22cad6c212feccb4,6d5890488d4a6a025e7cac3d8763925ba017de0198262143883656cde6d9d415,output/streams/ciphertext_diag_087.bin,,,,2987,,,,,,,86,group,,,69926
ciphertext_diag,diagnostic,88,1000000,125000,d945425decc8ce954170dd277e6cbcc856e121cad288ddea452b8604d42cfabd,738974bdc80615d4afe15b78b54735133105ad18abfee59f5f8f0addd014fea1,output/streams/ciphertext_diag_088.bin,,,,2988,,,,,,,87,group,,,61152
ciphertext_diag,diagnostic,89,1000000,125000,041cb672560e75a4923c017a8cfe0441f50fcc63d78bcd662bb6bb1ff7752272,2f1db90b3309b5a056c07034855afddc6fe6bc83bb25fc56f28fdc8b8ea1fd80,output/streams/ciphertext_diag_089.bin,,,,2989,,,,,,,88,whole-image,,,384
ciphertext_diag,diagnostic,90,1000000,125000,3bf00b75ed16542667c3bcb436ff5f65a8e2f22771058cb74f76a9db4a4b9362,6824d3b47952b7f9aeb1b28c91d1bdb4c0538714739dad6a0d651ac2f2d38712,output/streams/ciphertext_diag_090.bin,,,,2990,,,,,,,89,group,,,58110
ciphertext_diag,diagnostic,91,1000000,125000,4ae59460ebd55c3b85ade72da85b0394de0f3b94938ffc9fd796b9d9d69c7556,16a4f838d6aa631a0da8c3a6f533f34288780701aea02cdef4f624b9c94e5446,output/streams/ciphertext_diag_091.bin,,,,2991,,,,,,,90,group,,,71354
ciphertext_diag,diagnostic,92,1000000,125000,7facc890db70be81bee56319420fcd61d4f5f4a1d0859d2e8f405ed6e9a25b79,d8532c72663a2fe1d19424264d5fb0235affa0b761918fc5feedf99881ecc734,output/streams/ciphertext_diag_092.bin,,,,2992,,,,,,,91,group,,,59126
ciphertext_diag,diagnostic,93,1000000,125000,ba909e0de0da6d08457a9e503f303d95f361923b4d257415905381de448069cd,7ee53a6117ef7a318d3637ff2786d1450d4065b5d4ceb6cbaf0bee84a904af46,output/streams/ciphertext_diag_093.bin,,,,2993,,,,,,,92,whole-image,,,416
ciphertext_diag,diagnostic,94,1000000,125000,5893d659c69e758a54bf79b1601fed3875bcb355a9a284adc5e5a3f748046709,0bc7840b6c57835c28a5c0cb127b602c71b3d3f170eacbcac77d3ff0b7eb7e24,output/streams/ciphertext_diag_094.bin,,,,2994,,,,,,,93,group,,,62744
ciphertext_diag,diagnostic,95,1000000,125000,e798c87c61c99e958c7f0e4592c5b7efada1ccba92b2f0e4b8717a44ac9a1bb9,f7417071eda3c002c313614afae298ccf0ae19a6254a0d3425f8cbfbcf82b32f,output/streams/ciphertext_diag_095.bin,,,,2995,,,,,,,94,group,,,63452
ciphertext_diag,diagnostic,96,1000000,125000,ce1dedccd63fc051a72c3d29073acec366bda1d19c9ae1ac1046202cd48c9b4d,f77dc813e455f031166fdf352edc70fc71f3f3388611f05a8393e43c1a6f5eeb,output/streams/ciphertext_diag_096.bin,,,,2996,,,,,,,95,group,,,72974
ciphertext_diag,diagnostic,97,1000000,125000,c7b3ddcfa88c81951f5a6b45a4e3c0f1463df379df71a67111b6511eb6f7dd9b,7d4ef168c0989fd923ef674821e8b15a8e12f8382a35477a4dde600caefb8fc5,output/streams/ciphertext_diag_097.bin,,,,2997,,,,,,,96,group,,,62806
ciphertext_diag,diagnostic,98,1000000,125000,d23ede377c2f828099e006865003d6dde6636d1e4ee37a790d6d5206f6c87d33,97eed4da409f1432ea42a80f18ae64ced8f9baa2199c2b48957ce7ab2ad75a6e,output/streams/ciphertext_diag_098.bin,,,,2998,,,,,,,97,whole-image,,,366
ciphertext_diag,diagnostic,99,1000000,125000,676280506f2d6979efe2ab275688b47d134c419418798cd99a9cdd757e4b45eb,1dd3cfc03a9c1929c54b2e74259d07827e9e9f6efbd6a2e75a5dba82e41ed1a7,output/streams/ciphertext_diag_099.bin,,,,2999,,,,,,,98,group,,,65776
ciphertext_diag,diagnostic,100,1000000,125000,b8aeb8cbed6ba19adcc206aef15ca5c8afb23236fddd4922e6cb04acfeb21d95,dc3b33a6af3ba356d2a50f0d8567fab62da80e59f5aeadeb360b64987a96619f,output/streams/ciphertext_diag_100.bin,,,,3000,,,,,,,99,group,,,78600
recovered_diag,diagnostic,1,1000000,125000,84a58d5b6b270ef311633b4d8ab6f50eed1e13eaed6e74d8d1a5fb10822cd822,8686389b6d7c177cdfb30be5ea1a0211aa36ba171c0522ede074a6f597e85314,output/streams/recovered_diag_001.bin,,,,3001,,,,,,,0,group,True,True,54118
recovered_diag,diagnostic,2,1000000,125000,1d80f78b192c8e3a1986962ce97f36e568c98f7dd9b273be29fdcf3b9d52175c,d7353691f8aa140b49be58406341f27ed989b865dda349224a7c5cf64ff53519,output/streams/recovered_diag_002.bin,,,,3002,,,,,,,1,group,True,True,57026
recovered_diag,diagnostic,3,1000000,125000,67fa88956b7e2ad598a9fa3c4bcf7d406c814614ae325ddc718fd4e497c411fd,7116424e838bf1ae40bb45376f538b43e564a66b206414b483b955ee35d610e4,output/streams/recovered_diag_003.bin,,,,3003,,,,,,,2,whole-image,True,True,350
recovered_diag,diagnostic,4,1000000,125000,f706d13a4a6283cf0c22bea7e4c76612ea912623d62e0303bcda3ed773edd5ee,f053cace1691bcf14652d03e49aa63ac4a232fae18265644747e2a854b52c7c0,output/streams/recovered_diag_004.bin,,,,3004,,,,,,,3,group,True,True,61436
recovered_diag,diagnostic,5,1000000,125000,c1a7d50cf2e85c219a3c4938d328d86736de06abbad6f94a0c54ac653cd10850,47a94eb79bc5cf032205f499070ede9d3be956cf7687004ee5d9062bfd13f6f3,output/streams/recovered_diag_005.bin,,,,3005,,,,,,,4,group,True,True,55010
recovered_diag,diagnostic,6,1000000,125000,97e2ff9feb7882c0b27fcdfdd5ab7045c303aa715a366734fb3718b49125f787,f27d65d5cc788adb8edb24e341e4b18c8541bcd0a6140ba74f8ff461f2d978dd,output/streams/recovered_diag_006.bin,,,,3006,,,,,,,5,group,True,True,58108
recovered_diag,diagnostic,7,1000000,125000,f6ea68236e841567cb8de039dd0b547c439c75a1be8e3483a3bbb29e9b3d3f2c,d00c923c7bc403adba71fc71a1ccfc4e9acce4ca97d0f0845bba26e5412ee636,output/streams/recovered_diag_007.bin,,,,3007,,,,,,,6,whole-image,True,True,454
recovered_diag,diagnostic,8,1000000,125000,ab19ac6cc15ccb8e10cea64bf9278060078de8d52b81efbc8339bd363eaaa723,652212d58226d1b73b018da7c670504b50e4218c173efa8fa44e7ae6cc735a60,output/streams/recovered_diag_008.bin,,,,3008,,,,,,,7,whole-image,True,True,338
recovered_diag,diagnostic,9,1000000,125000,4d0b59ce69787fe94fe5346b2b52aeffb7ba92ef7a054da67fa485465f4a3807,8d107198e71afa5f994b78c6282999c2d28b8e82486a2e132b896a52b7283620,output/streams/recovered_diag_009.bin,,,,3009,,,,,,,8,group,True,True,59946
recovered_diag,diagnostic,10,1000000,125000,053e2ce84876bf22bd25d5ce7b74a77f201762f6deb44cac92466d5c136f5e46,8cbc03123111c19cad5d2eb1e5ba0f8ecdf52f720561ed115d765f8be4584cd7,output/streams/recovered_diag_010.bin,,,,3010,,,,,,,9,whole-image,True,True,796
recovered_diag,diagnostic,11,1000000,125000,08058a12a2cf7fabfe60e3d494778fe8f2b143d933667b315a34690e588d25ba,f0718b4422c8c3cb86b2e7b6d7ff424639dc633b443d2185fb1b8744652ebb7c,output/streams/recovered_diag_011.bin,,,,3011,,,,,,,10,whole-image,True,True,604
recovered_diag,diagnostic,12,1000000,125000,2f5f682c187b3a86dd863b44df52eafd12680dbdfb7dda863aaa380e45627703,faf7b3b9bd2ecac1d7d0d601b19eca587ba83e882b3003615822b5261927ad40,output/streams/recovered_diag_012.bin,,,,3012,,,,,,,11,whole-image,True,True,420
recovered_diag,diagnostic,13,1000000,125000,406b6a6647435f23d15ce7d2fc54bebef6091de669885ffd44be21cc21d3c611,d37f7255208f71d8d37564dbb9b8d82bd4a1f371b9f49cca1fc5edef27bfcc17,output/streams/recovered_diag_013.bin,,,,3013,,,,,,,12,group,True,True,83378
recovered_diag,diagnostic,14,1000000,125000,89c6ae106c43774bbf35c255207de402e749b1ca1541daab41626a2ff1bbc8f5,4067c5a0daf1ec623ff2010228a03bef29bdbf59c372d0ae22710d756e0d8a36,output/streams/recovered_diag_014.bin,,,,3014,,,,,,,13,group,True,True,70866
recovered_diag,diagnostic,15,1000000,125000,f6daaf7ce55eea474f0483c59f0b3e8c899535fff17772d17840ae928b36f604,fa1b95bec3b4cdaa157a3519c0a20e4f4abad628682f6a22fcec6a79889d411b,output/streams/recovered_diag_015.bin,,,,3015,,,,,,,14,group,True,True,68114
recovered_diag,diagnostic,16,1000000,125000,a0ad63b133f264ec4b36bdfea2d705d004494dd3bb833e541df0ce9e9e7dfea8,cb9dc6960c9811c6f897ff4d53de817dcea15629a47b3454fb86f63a0edc316a,output/streams/recovered_diag_016.bin,,,,3016,,,,,,,15,whole-image,True,True,408
recovered_diag,diagnostic,17,1000000,125000,bbfb7074099afd8c0ce1c183d7e6e48e711d4249195838ce6d9561ae889e82d3,e984b31e247dbfca67de235830d84123f259aca62e6d26807ce65b12bea9a195,output/streams/recovered_diag_017.bin,,,,3017,,,,,,,16,group,True,True,53732
recovered_diag,diagnostic,18,1000000,125000,52a7a00ebffaac3abb1c137e95a7cbbce06b3393888dc4c9f4d01b6557bdfd9d,0ceb252bb8d0763754655ad94d655563582b32407ee349ee66526c45fa4fc7b7,output/streams/recovered_diag_018.bin,,,,3018,,,,,,,17,whole-image,True,True,354
recovered_diag,diagnostic,19,1000000,125000,da10132cd27d5dc5ac53d2ff4af2bd2d619abd11239efeaf4346395b42fb1340,7082aa57a90c4f36e0b779d2f4f9ead1ea1d1b89d42fdf49b6086b9faf4723cd,output/streams/recovered_diag_019.bin,,,,3019,,,,,,,18,whole-image,True,True,372
recovered_diag,diagnostic,20,1000000,125000,ca4dda12f835d83b355cf712ba3bf34f3a9d4d1406579b1387c6c95eb404e10e,d6ed774ec0575f57332242072423f519607aca27556b936f12a2fac790ab4856,output/streams/recovered_diag_020.bin,,,,3020,,,,,,,19,whole-image,True,True,340
recovered_diag,diagnostic,21,1000000,125000,b6ec2875ba7c3b88067c8e4dfbc17b4f32da82d1f53578b8b2b8839502385d73,7548c259da105b1149cd7f089aef6be726bda35964440648bde2af2c621a41ea,output/streams/recovered_diag_021.bin,,,,3021,,,,,,,20,whole-image,True,True,926
recovered_diag,diagnostic,22,1000000,125000,5d10c3f86b21bb3f94bf0d93503792b30eb26eedaf7b8d2586536569f5289393,46f647af976824f4b756b682ce8d51d01a3bc518da123551dfe10d206659fabc,output/streams/recovered_diag_022.bin,,,,3022,,,,,,,21,whole-image,True,True,436
recovered_diag,diagnostic,23,1000000,125000,d3feeb88b38dfb1b55980caa996d249a2d96c52040510599704510039e44533b,bd6a81d15566ef99aea0e50a1385a04f743ec7aa33daf3e81a901231c328fb83,output/streams/recovered_diag_023.bin,,,,3023,,,,,,,22,whole-image,True,True,368
recovered_diag,diagnostic,24,1000000,125000,67f8dc47162d6da700dbb9e035948f7267c046bb6181eaefaa01165bc9ba35cc,da8cd45c28d9be344c3cfd7d6063958db1ee1f238e1e95a25687b00889d3893e,output/streams/recovered_diag_024.bin,,,,3024,,,,,,,23,whole-image,True,True,302
recovered_diag,diagnostic,25,1000000,125000,93f8558053b450deed13741a15fcd225893c568162ee31a66430e328ac87b661,0eff98b78ea7abcf3eb515e1c74b93157923294e47c71240da60caa483c1e3b6,output/streams/recovered_diag_025.bin,,,,3025,,,,,,,24,group,True,True,61134
recovered_diag,diagnostic,26,1000000,125000,89a3fe3472c3a601f028e04adc847b6bb4403f1204a648926fcbc4c2fbbfd38d,fb2d100d331a2cb8cc053b7ba57b3d38178e711935fdcb7078a098f0d0cd3199,output/streams/recovered_diag_026.bin,,,,3026,,,,,,,25,whole-image,True,True,354
recovered_diag,diagnostic,27,1000000,125000,41d97374bd20be605d3fb360d6b135910e1193619bd82b29ec065d19f8243474,95c375414ab9089ea94b61ddd05b04c1a14fd2b560737716a5749e277069af59,output/streams/recovered_diag_027.bin,,,,3027,,,,,,,26,group,True,True,61916
recovered_diag,diagnostic,28,1000000,125000,728406ff271015b67c02be1be776829d88a2edd376c9c02fa7e74774a45f8801,85c45b9673846fb420534a15d26e89fc2b05e16543101d48e0fdd528a676ca4d,output/streams/recovered_diag_028.bin,,,,3028,,,,,,,27,group,True,True,82062
recovered_diag,diagnostic,29,1000000,125000,a590e25d31604c5548b2cb209d1504c9eff2c8748c126a3da7f5435872e10cb4,d04f8dd9a23843e1a847e357618a485fcc9d9a82449bf0575d01a1f3826c0fa5,output/streams/recovered_diag_029.bin,,,,3029,,,,,,,28,group,True,True,82532
recovered_diag,diagnostic,30,1000000,125000,eac7704ba968caf075fb6978d4c682714441e540dd1dd96c25ba5a532291ed22,3dacda64b94fe910ca78553fb812d5db63e5161bcb221b31a8f1e8756f5fde37,output/streams/recovered_diag_030.bin,,,,3030,,,,,,,29,group,True,True,94268
recovered_diag,diagnostic,31,1000000,125000,40f64e09afc011123e2cc4629755fa39f31ade1237efec7bea71ace4b7e602e4,8534c446f1632d89c4c0f081fedf2af5fab5da84589048a82c71801b72c4db76,output/streams/recovered_diag_031.bin,,,,3031,,,,,,,30,group,True,True,74202
recovered_diag,diagnostic,32,1000000,125000,c3c10cddf0401f420795bdd884d11ae70d42b93082305aa356acaf59b2aee258,5995003e2fc1789271e3bd1f2bc532a08522bd2c8dfa61ccc07e2315bd9cb854,output/streams/recovered_diag_032.bin,,,,3032,,,,,,,31,whole-image,True,True,414
recovered_diag,diagnostic,33,1000000,125000,f80122069b3f9ff693a6f7778009c3647af76f73a19dfef20e390b296a394423,a010099d2d11a31fc2b67c6b7b0464e44878ec1f07eab6ec0c13ead35799153b,output/streams/recovered_diag_033.bin,,,,3033,,,,,,,32,whole-image,True,True,450
recovered_diag,diagnostic,34,1000000,125000,c7451f0880879d889079d0f288f1c0f2e4d50dc489ea464f20cfbbe511c63cc0,9008af514285f3aec58f032181d3fdb74156b8e4d06516749d2c62235de2f669,output/streams/recovered_diag_034.bin,,,,3034,,,,,,,33,group,True,True,72190
recovered_diag,diagnostic,35,1000000,125000,08bda5f0e4e6deae97159ced7979f7080597bf9ea6d4fd4db124736280ef08fb,9aedaff4e0f588c073f9923a31bba2eb5908de7b5119e9c787b5da8b5f587fad,output/streams/recovered_diag_035.bin,,,,3035,,,,,,,34,group,True,True,65084
recovered_diag,diagnostic,36,1000000,125000,7b2a8acb3b7744d0952cdc78ab04a89b23592715bf8a8fac79c1ff938de3d365,d0044855fafb284f78bd9bb86fba7dbd8566f6fca45e82fc4052d3b695991066,output/streams/recovered_diag_036.bin,,,,3036,,,,,,,35,whole-image,True,True,494
recovered_diag,diagnostic,37,1000000,125000,61d3fed1ea473608002066ec5f0ed1ce73f65462f0d65133aae62b36445c3516,27818da72e144db65ffd7c8a7672b8d6182996c1b70b6637fe5c371421a03dd3,output/streams/recovered_diag_037.bin,,,,3037,,,,,,,36,group,True,True,97332
recovered_diag,diagnostic,38,1000000,125000,11e31c53e94b64e071c064e6d27992b39a3988d1520ff50a56b76906a2fe2fef,7403351300d434927bec66a25b66af2756bb651c65cfbb2e20a13dee3c0c7536,output/streams/recovered_diag_038.bin,,,,3038,,,,,,,37,whole-image,True,True,378
recovered_diag,diagnostic,39,1000000,125000,6f4001150cab389783d6eb0bae6d91694b791e22c507c4d20268edb6219e0705,1ade35e105e00a6e7823faabad35f474c7ba051e4b9f617644bf630f33f0d68c,output/streams/recovered_diag_039.bin,,,,3039,,,,,,,38,group,True,True,81942
recovered_diag,diagnostic,40,1000000,125000,2a8577c5928f3f26ba84b2b1f36b4a309a1068f229d89162e9b885a546adaa0b,3be9c99ee0781c2ce1be2d603c4584c382af434cedfe2466e9e1d19cbf2348d2,output/streams/recovered_diag_040.bin,,,,3040,,,,,,,39,whole-image,True,True,432
recovered_diag,diagnostic,41,1000000,125000,098045deaf402085260a09b9ad6c0d6f9789497c6f4d5a36cdf247eec7fca46a,6bf6be6dae373cd344c5ff953b143dac7d356c122aab091c8b0b5f027f734e90,output/streams/recovered_diag_041.bin,,,,3041,,,,,,,40,group,True,True,65658
recovered_diag,diagnostic,42,1000000,125000,5a153218b6ef20ce23da11e2e2de537746ec5c3f98d9f4b87c75d0b354bb2b32,7552800e9c87d4fb2c27577c2b5ec150595c29af28169f27fc3272bf12cc7453,output/streams/recovered_diag_042.bin,,,,3042,,,,,,,41,group,True,True,54792
recovered_diag,diagnostic,43,1000000,125000,31ee4f3cfd909abc97bba1623e4e02812145e41c93538e2a26922c13a77a910c,d72ce9ba9c1b4de1893d39e511cd59f944e0ca28564baed3cea7dbda9d85724f,output/streams/recovered_diag_043.bin,,,,3043,,,,,,,42,group,True,True,85978
recovered_diag,diagnostic,44,1000000,125000,6d1563fb4888c100af356e032400c77b0f7a552b73bcd60bbf9c9e55e09f3230,a7cc464d93f3dc79ce7dea30f489033e1d5a9d1341949edd790d2eb68f445140,output/streams/recovered_diag_044.bin,,,,3044,,,,,,,43,whole-image,True,True,400
recovered_diag,diagnostic,45,1000000,125000,59f5ee0e0544d2a698be8d6314cfeefa36ff2f9b2cfa98eb7c1625474d52951b,495ffe8ed6c21794779660c640d8e84a75db58fed28deaabe89d61e6e9a9fe09,output/streams/recovered_diag_045.bin,,,,3045,,,,,,,44,group,True,True,53882
recovered_diag,diagnostic,46,1000000,125000,923b0520bdf9b9e24d43e5b2ee12f5e44e9cb548a326479edd765e237a8707ec,f30020c65533b3a388b4895a41b14bb2cf424ffc9cba6d4cecb10b6a2df6183f,output/streams/recovered_diag_046.bin,,,,3046,,,,,,,45,group,True,True,55192
recovered_diag,diagnostic,47,1000000,125000,3d1973a09f77e07ade446f3302eb6fe27f23b266c42c53ae1635225192eacd05,24eca0d17996341e1bb29427dc8d2ecc90ed3d0a30f8650b99722debd239de55,output/streams/recovered_diag_047.bin,,,,3047,,,,,,,46,group,True,True,63106
recovered_diag,diagnostic,48,1000000,125000,ae3b6be2eb19fa2edbdc3f44cebba800602c2a7858803065c9b024dab0a72e8f,450a791896d96e8f3e4991d532dda48ef4ca538b541136b45b5e4660956af81c,output/streams/recovered_diag_048.bin,,,,3048,,,,,,,47,group,True,True,58946
recovered_diag,diagnostic,49,1000000,125000,d44010a8ce52bd69f518897f325c2a69d363b868c1f644c2fcb90de38f246119,1442e8913b77c4efbbaa6750fbb58fac2bcba40fa5934f00818b130289fd3de4,output/streams/recovered_diag_049.bin,,,,3049,,,,,,,48,group,True,True,67012
recovered_diag,diagnostic,50,1000000,125000,6bcf8b876a376af0b4d23d66d8d3e7ad11b98decdc1d38eacbffc26ff2157d17,21f9c457af5f17d1763c875783125226cd40e77edf45edcd6bdf6c1a8af7fe83,output/streams/recovered_diag_050.bin,,,,3050,,,,,,,49,whole-image,True,True,368
recovered_diag,diagnostic,51,1000000,125000,73eb6092491d098e06e974022eb8b2f11acd3ab260ae0049d209b040e3a6b023,786e57938f7db9ce5e0d12dc8f27f1b8607bc85d0b2f314509ef4e099655f178,output/streams/recovered_diag_051.bin,,,,3051,,,,,,,50,group,True,True,54262
recovered_diag,diagnostic,52,1000000,125000,3dfb4c9e95e476acdfc3e2cdd40b9137cf56a549766bba14c27dd11dc49f79d9,ba83e9d712c22c3e4d6a417ccd5ac9eb00119581a5e9ea61d16861468d43c2cf,output/streams/recovered_diag_052.bin,,,,3052,,,,,,,51,group,True,True,53102
recovered_diag,diagnostic,53,1000000,125000,4c59e4af76d3c6649e2871f8be98bc9e8f9c0f4f2f710171b162cca77a75d974,373343d059315df7bea5eec6fcc534710dcb8d861711c88465192291f139b8ca,output/streams/recovered_diag_053.bin,,,,3053,,,,,,,52,group,True,True,55306
recovered_diag,diagnostic,54,1000000,125000,cb228688899e75f87b7f94284b9b5d5991ba1322d307d7b2b6aed33b2e99ca65,eb16e66a41fab10130c11529a2b6e31a0d80c0e38202bfe23637da632505bc3f,output/streams/recovered_diag_054.bin,,,,3054,,,,,,,53,group,True,True,54100
recovered_diag,diagnostic,55,1000000,125000,83af822d5f15ddde6d5c202b493e0ea93cced403d4c299d0f977ff5bfa627625,f1533a5543f2a657a61a0a75c98d595445cc4fe6a00ab8b12bbcb89fb7598721,output/streams/recovered_diag_055.bin,,,,3055,,,,,,,54,group,True,True,63246
recovered_diag,diagnostic,56,1000000,125000,38e220448b9aba83404b027d3e042b4eb669c526ac083cd07acd56bdc0490901,448487934a3ece19c90c35f7fc210fb9b4bb3022ec7c6a8d6ad3804b3ae446f6,output/streams/recovered_diag_056.bin,,,,3056,,,,,,,55,group,True,True,58652
recovered_diag,diagnostic,57,1000000,125000,319b0c300aff0cb5d91b52d27f24fa336ca590727234a844f5ec850e6b945f3f,c8d68f5d2b73a6f05baa2a75ee11e033f6c4cacc1c855949c957cbd1697b3cf3,output/streams/recovered_diag_057.bin,,,,3057,,,,,,,56,group,True,True,67136
recovered_diag,diagnostic,58,1000000,125000,1cf613125b79e5a198c306532458d3c7248f3eca047f4f9a37d1b12e438a29ed,962e5ad8c20bd29c2a9db863864de142e1eb9a925bb9a148881b6676d3946628,output/streams/recovered_diag_058.bin,,,,3058,,,,,,,57,group,True,True,63532
recovered_diag,diagnostic,59,1000000,125000,281868aaeab4979b828433a62880e308ac5abf20d4b54dc2d314c7a4e1073f5d,2b0e898c33a611ab0455c90fc2a2c093223722c9b64a2dcecc6ba96debf4f7f0,output/streams/recovered_diag_059.bin,,,,3059,,,,,,,58,group,True,True,65712
recovered_diag,diagnostic,60,1000000,125000,6a0887a8070d5daecff208e52cd5296984626ed0ebb2956340e24c6cebc3aaea,e3560f0e877df713a151dce465f3b93e517c9ed5f2a3ed771cb597413bf5c4b0,output/streams/recovered_diag_060.bin,,,,3060,,,,,,,59,group,True,True,57364
recovered_diag,diagnostic,61,1000000,125000,614437cd1b0958367bd46e56a76d1ff06bc13fb679ecdf692f7040d6050400e3,44b99a6239ef0df31db8136ce3b60a6bd8524b9b352706ef702346acab37313f,output/streams/recovered_diag_061.bin,,,,3061,,,,,,,60,group,True,True,57774
recovered_diag,diagnostic,62,1000000,125000,dfd3b24d5851969a887a6d386c3189a70e516a2623594390acff642c4b31ae9f,3bae8afdbb5dfe8c3f7d3cc4e4c017b9ea965ce1122a63680c7b047c4fdd55fc,output/streams/recovered_diag_062.bin,,,,3062,,,,,,,61,group,True,True,52744
recovered_diag,diagnostic,63,1000000,125000,eef3813c6bbd2a87cb5aa00fc752acb4b1187fa926a48bc22f342fe5b4c46d56,45acd169baf2b89311ac7b0d158e777a8f0f183fe39068cec02156c78f651870,output/streams/recovered_diag_063.bin,,,,3063,,,,,,,62,group,True,True,54166
recovered_diag,diagnostic,64,1000000,125000,de86872acc4f23ac8323e12073d40fb9ce1e0bc60e5942d2b4616fae15e1ba21,4f418a6a0b5c1cf5fa640b112e625f415b5ef28bf104a13380118da295a4dd2e,output/streams/recovered_diag_064.bin,,,,3064,,,,,,,63,group,True,True,55330
recovered_diag,diagnostic,65,1000000,125000,219ab288d525215ac9c83f00fe5afbc2687b7e69f2622a76e31a71f491272fa8,25f13dffab1664e778c9c8d4e0b9d543539b6da87272d68aeb0be0bf0eddbcbe,output/streams/recovered_diag_065.bin,,,,3065,,,,,,,64,group,True,True,58452
recovered_diag,diagnostic,66,1000000,125000,96da864f3a813c37b27f0b363cfa70fb7ba41841993574a24d2d4fff0099ce91,1a75e2cf10c258f76399ef8778771496d141db2570cff5a1cbddaec782448b2d,output/streams/recovered_diag_066.bin,,,,3066,,,,,,,65,group,True,True,60324
recovered_diag,diagnostic,67,1000000,125000,628038f03d1fcd94d67ddc4d449db5120a0bbd128e123e938891f248a90001ca,86bc9dcbe4ee0b64c0493dafeb6b6eaa69a03ccfdd28b4b735cd0b9e34208c4e,output/streams/recovered_diag_067.bin,,,,3067,,,,,,,66,group,True,True,54464
recovered_diag,diagnostic,68,1000000,125000,12b41af597075591f12ace5b708b36ecf8923e26c4f6122ffeeda6459ff2e120,38245b4015c8fea6e42e6b9af860addd3a85796185f95b4e0aad04e4296c14ce,output/streams/recovered_diag_068.bin,,,,3068,,,,,,,67,group,True,True,55636
recovered_diag,diagnostic,69,1000000,125000,cd3d394ffcdb804119d41a3aea14b002d49b026f0af1feec36579e562299633f,c6d02debaa2635c86ca61cd6ad90042353cb8a585aefe28cbf31c54ac869b6f4,output/streams/recovered_diag_069.bin,,,,3069,,,,,,,68,group,True,True,55720
recovered_diag,diagnostic,70,1000000,125000,c8eec0cf5f4b7477e46b176d727761e9a71e250c53791a6d871026169e0bc264,1f915a8debc1efa2e862d127b77ab89e2f8c6c566f58c3b3b136c83b306b47a4,output/streams/recovered_diag_070.bin,,,,3070,,,,,,,69,group,True,True,53714
recovered_diag,diagnostic,71,1000000,125000,7122583f86c35cd9799f8390919f81e040027986cd4c1289ab4b5e2923c5e7e6,ffc540d0d28f0e8aaa72dd546143c1f8c4b838b0c90edd97642d7c32340d14af,output/streams/recovered_diag_071.bin,,,,3071,,,,,,,70,group,True,True,54548
recovered_diag,diagnostic,72,1000000,125000,92aa4bb7dd86438e443e1792a0908c5323cdaa7bac2b1e8f9b0c355ce37be208,083b6ba6ee7a243782df659616ae477dba102e9d5b496e5b75d70512a82093b6,output/streams/recovered_diag_072.bin,,,,3072,,,,,,,71,group,True,True,52220
recovered_diag,diagnostic,73,1000000,125000,bfe5944bafb4ca41389b234831a08e31469096875fa62601584f6ccdeca45f77,f814e80c59f92c2878ba59f2654a2c2466f039f22b82210b1b4c2f8e0e19d7bf,output/streams/recovered_diag_073.bin,,,,3073,,,,,,,72,whole-image,True,True,398
recovered_diag,diagnostic,74,1000000,125000,93815fddd5209fd36ee2b6e2d2e1167a45389181c0c573c2a11835952b4850c1,8f661931badc207a45e25b2212c99bb86583b9e7dc3bf8cca19e11835679ccad,output/streams/recovered_diag_074.bin,,,,3074,,,,,,,73,whole-image,True,True,328
recovered_diag,diagnostic,75,1000000,125000,3cb022a41a15a8fb9766edd7d0e0e2179c6641359870c5350a96a48bc22e21f5,2485de739f63cde0533e6578bc430500e35a5cee31be3fa7a5c7fb7af073f414,output/streams/recovered_diag_075.bin,,,,3075,,,,,,,74,group,True,True,59108
recovered_diag,diagnostic,76,1000000,125000,ecc30c0ba6590aacbba71f12a77c712bd7374d4350497beedf43b0975223f0d0,8b65472918a636e894cbfe6265c3c73084dd1982e96e85e03d4c66cda7b8514b,output/streams/recovered_diag_076.bin,,,,3076,,,,,,,75,whole-image,True,True,340
recovered_diag,diagnostic,77,1000000,125000,f9c658be4cbda49cc3f20c64c75eabd60853699e4f6da276f61c8f492d1a934a,3091264d23b08ea952a18a62465b77039a22eed67e10bdf3f081b71f2ffb320b,output/streams/recovered_diag_077.bin,,,,3077,,,,,,,76,group,True,True,64582
recovered_diag,diagnostic,78,1000000,125000,cdade78e660b1e5635eb6197a7ac620dd8e92bcfdf1055a4d656a03184b05eaa,9febae504d59f1719f1f33b3d1ba0b2e0b69997fba4c48db6015a9eaeb19f0da,output/streams/recovered_diag_078.bin,,,,3078,,,,,,,77,group,True,True,67692
recovered_diag,diagnostic,79,1000000,125000,d5ee78169ea2e519b568c5e6298bcaf8b09bc3877cdb6b5579616825f712c279,70ec3e743e494cbc19ba2a610b4eba169621320b333082b48549cc9f6f48705c,output/streams/recovered_diag_079.bin,,,,3079,,,,,,,78,group,True,True,80198
recovered_diag,diagnostic,80,1000000,125000,3a4e8249f2b450c18209b5794dcadff3fb892e17fa71889453764027c5ea0056,c254cf2048468172fa66ef941fcfa701fd6310aa5c08824b489f264f1ae8dde7,output/streams/recovered_diag_080.bin,,,,3080,,,,,,,79,whole-image,True,True,348
recovered_diag,diagnostic,81,1000000,125000,e7e4da849042ec58d3cd1ad31a62946485ca5c0893b936f259529c3fb17cc129,175e132dc833457f315518e93ea34216fdaa5925df49f16c06fe0f733ea0b921,output/streams/recovered_diag_081.bin,,,,3081,,,,,,,80,whole-image,True,True,400
recovered_diag,diagnostic,82,1000000,125000,cc007a30e70d871b9cad937cd4735ded1896d8db81e0a76053e9c5a04e22757e,84f827224c00171281338be9fb2252c4b6e305aea34ff3f7a3eec0845df5df25,output/streams/recovered_diag_082.bin,,,,3082,,,,,,,81,group,True,True,73060
recovered_diag,diagnostic,83,1000000,125000,9996e16242c84cae5e8e2ec05154b7e7b10de81d812e49697a7ce50af41f4eae,15cc52091cd8f7f4c1b48a18544d6e9bbc2c358edae2faa4d91e4a6083c420af,output/streams/recovered_diag_083.bin,,,,3083,,,,,,,82,whole-image,True,True,480
recovered_diag,diagnostic,84,1000000,125000,e9a86a896d560eab453ad674ffa05d324c90f5d779819a6abb14d62ef4e70231,7077c2a09b5e6f033a6dc32a7a73bbc01a7fbd2bde0e25755cc35752dea9f566,output/streams/recovered_diag_084.bin,,,,3084,,,,,,,83,whole-image,True,True,414
recovered_diag,diagnostic,85,1000000,125000,0a0510d2d9ce505f46f755b1af9caa09cdbdda278e24c36fc340f8b7d4ed6b4f,8892c6ac62d7c11be551b9b8043bf9c7bc1849c6229231893acc80f2f75eda9a,output/streams/recovered_diag_085.bin,,,,3085,,,,,,,84,whole-image,True,True,368
recovered_diag,diagnostic,86,1000000,125000,10a1748ae61bc3d00a3fa43406feba25a09afdb5c3143981fe79c4fb04b6e83f,219afb6ee5542224a517be06d5bf33522baffa1c69599645bfe9e05cb4b746a1,output/streams/recovered_diag_086.bin,,,,3086,,,,,,,85,group,True,True,129186
recovered_diag,diagnostic,87,1000000,125000,a397188b6295b634c3af21f19c2d45dc878c335b0aaf93f499e6712d102efcb7,04cf06c029532836855bcdfee1b93f2b258153173f729371aa7ee9709b749e8d,output/streams/recovered_diag_087.bin,,,,3087,,,,,,,86,group,True,True,68350
recovered_diag,diagnostic,88,1000000,125000,ef6b093569bffe477365bfe6ee37f74462dd589d64cf9cfd571d87246942bb01,081afff51895f3b1d58e62e3a7c8ec0cbb24fbac07418f29c37cd5ab8a327a4e,output/streams/recovered_diag_088.bin,,,,3088,,,,,,,87,group,True,True,62858
recovered_diag,diagnostic,89,1000000,125000,f27b3361c4207cd3197b291fc7a3b675046cc506053d73ccf32f98f37dae5c24,6d9748c83951aa972156a02076831bff8009f681392357368e159a15965b27f3,output/streams/recovered_diag_089.bin,,,,3089,,,,,,,88,whole-image,True,True,376
recovered_diag,diagnostic,90,1000000,125000,bcc9c271ff9877888acdb0b93049800cc9942450e20056388d48642c898e8446,228012f4fa1e0a9e54ac68a357c3b57fd3ceb0e74ddd51c3a768275e98522064,output/streams/recovered_diag_090.bin,,,,3090,,,,,,,89,group,True,True,58016
recovered_diag,diagnostic,91,1000000,125000,8f2ba3c05add525ac7268cdddfeebe15433554b64b1fd8253e8ef4f5832ba07b,b22626aa04ce47f80a5cb49f9067a89b55a6f70b9c403517d5ed53bcf09227c9,output/streams/recovered_diag_091.bin,,,,3091,,,,,,,90,whole-image,True,True,346
recovered_diag,diagnostic,92,1000000,125000,1c39c62e3ab3c33cded1c423125aa23c74bd48bd4a9b27ca62dbfb430fc53ff5,806078f8d0cccd7fbc437364df46defe6ff17633ee8573289c480705eddc7e30,output/streams/recovered_diag_092.bin,,,,3092,,,,,,,91,group,True,True,59396
recovered_diag,diagnostic,93,1000000,125000,ba660a7367140d92bac90f90afa3af2e3cdcbd09d40841cb10ea4daff5451693,a8c08370e1e6a71fd21403987941519b8824b7672e4f1c35a7e6cf64f808f6e8,output/streams/recovered_diag_093.bin,,,,3093,,,,,,,92,whole-image,True,True,394
recovered_diag,diagnostic,94,1000000,125000,908692f7beab3c837d24da709ebb01a045d1d678fc67b8e7e38a57c1d31a98f3,3aafe3f80b30c5686c38e83d59d8515b7c1e410cb2dbaf6febb0b8cb81253937,output/streams/recovered_diag_094.bin,,,,3094,,,,,,,93,group,True,True,63492
recovered_diag,diagnostic,95,1000000,125000,e3499fda9c502238e954cec361803c8cabb1d6de947ed357e661e41413e93635,71d567c7cea0d18458de908fabc75b6cf8e1a0571a294c4978b28a89a0e9e49e,output/streams/recovered_diag_095.bin,,,,3095,,,,,,,94,group,True,True,62478
recovered_diag,diagnostic,96,1000000,125000,ac38514437be03b19d722cb6d9c077d4bf68e1d93cf433fe32cbb390605b4535,acfd195b75218a90bc17354fd304b0e5dac0b53962eeca801c5d2d95017dda12,output/streams/recovered_diag_096.bin,,,,3096,,,,,,,95,group,True,True,72702
recovered_diag,diagnostic,97,1000000,125000,976829c799b41e301b654c56ba98f4cf04a9e2773de790585e1b9beed80b0832,aad555242158b222e1190f1a6be8f1c7e54e01c37411548974f22ffd0d4648b3,output/streams/recovered_diag_097.bin,,,,3097,,,,,,,96,group,True,True,62088
recovered_diag,diagnostic,98,1000000,125000,5683eec702e4bc759dca2b6a8d4ec39e65d795f206939353f6d64c3c1f63fc4e,9d9cd00a5b0476b5627e7a1789449ddccc3c6ab9e83ab47b5cede3f96755af93,output/streams/recovered_diag_098.bin,,,,3098,,,,,,,97,whole-image,True,True,366
recovered_diag,diagnostic,99,1000000,125000,3f8deaf0a51443bc937d1a6219dd7aead17654abb05c09b6a443095193354032,bc5da6d7e94e7dcbc79d666e81ca7bdbc6dfa141670f253c66967e6592bf70c4,output/streams/recovered_diag_099.bin,,,,3099,,,,,,,98,group,True,True,64984
recovered_diag,diagnostic,100,1000000,125000,2366236651270a2888c047547cf58f9e0b10d382f0a976d4709bd40eeb4be773,6b1e987535ad273928f37636bdd6e782e3902c4341e261646a961ea6341fbe7a,output/streams/recovered_diag_100.bin,,,,3100,,,,,,,99,group,True,True,78556
