0.873543
0.714424
0.091021
0.742785
0.294087
0.607236
0.857892
0.852512
0.235104
0.803162
0.859889
0.981742
0.208759
0.173353
0.216651
0.774769
0.741179
0.514012
0.074113
0.174843
0.298122
0.845778
0.535429
0.245096
0.865625
0.852609
0.794976
0.186579
0.200085
0.747705
0.815140
0.067404
0.708228
0.317792
0.318556
0.175377
0.723740
0.206670
0.255775
0.673235
0.613024
0.337205
0.439765
0.135292
0.419182
0.202481
0.336322
0.064494
0.358609
0.475974
0.849208
0.684940
0.835416
0.198066
0.305156
0.953572
0.498153
0.844003
0.425196
0.124147
0.451846
0.566901
0.785157
0.251318
0.699665
0.062170
0.234089
0.116762
0.387437
0.971541
0.142231
0.072289
0.273822
0.698489
0.873543
0.088028
0.686356
0.942073
0.449205
0.056772
0.692370
0.995762
0.463885
0.322742
0.795842
0.252463
0.241545
0.283860
0.382422
0.135507
0.154502
0.581603
0.111424
0.135679
0.206731
0.581135
0.832178
0.272378
0.970914
0.964147
0.680096
0.481857
0.628057
0.949047
0.221654
0.576341
0.458005
0.429199
0.604758
0.012394
0.983523
0.905664
0.324634
0.699900
0.784718
0.743243
0.110051
0.759520
0.255052
0.885035
0.411307
0.520435
0.058665
0.506056
0.131261
0.712088
0.012299
0.368842
0.612906
0.927039
0.079676
0.493393
0.515361
0.804231
0.301788
0.886774
0.648932
0.147147
0.230062
0.115782
0.903017
0.956971
0.405309
0.271695
0.760649
0.534288
0.943678
0.698489
0.372420
0.325496
0.915749
0.547580
0.969679
0.803697
0.924632
0.376020
0.038489
0.619885
0.625687
0.736003
0.468292
0.920069
0.819322
0.329049
0.103714
0.722578
0.457046
0.137761
0.542754
0.699900
0.973453
0.685766
0.410103
0.924561
0.245096
0.599925
0.767960
0.566087
0.086652
0.280123
0.548962
0.849404
0.159774
0.419791
0.076057
0.911627
0.505944
0.882405
0.437474
0.441749
0.196886
0.053133
0.126968
0.923486
0.665654
0.516037
0.495051
0.818801
0.101954
0.467538
0.640864
0.030185
0.784278
0.243420
0.826254
0.421317
0.140757
0.210803
0.101618
0.187539
0.592394
0.374028
0.709866
0.019392
0.253324
0.134948
0.703187
0.267928
0.728842
0.302197
0.696373
0.831772
0.372420
0.866370
0.376876
0.363795
0.310300
0.739571
0.677495
0.843706
0.851738
0.744274
0.417560
0.320346
0.101518
0.882229
0.290171
0.348113
0.450155
0.358149
0.759407
0.088175
0.228400
0.661505
0.521226
0.385697
0.995943
0.287398
0.715708
0.172191
0.592864
0.048977
0.792262
0.368373
0.973533
0.566552
0.791282
0.402527
0.479456
0.376876
0.112262
0.383864
0.036224
0.561559
0.393372
0.378019
0.579497
0.185400
0.466677
0.109871
0.954938
0.175110
0.676785
0.403718
0.115370
0.749987
0.110952
0.679387
0.410604
0.493282
0.660319
0.235172
0.612788
0.427759
0.667195
0.175270
0.304085
0.027415
0.472937
0.402329
0.993564
0.866090
0.954121
0.189926
0.552882
0.821089
0.996552
0.387244
0.621542
0.713957
0.419690
0.057249
0.504828
0.428581
0.985632
0.127294
0.675838
0.522583
0.060426
0.628294
0.787131
0.373649
0.803055
0.579848
0.106474
0.623674
0.819738
0.775436
0.834002
0.305321
0.056219
0.077098
0.483607
0.861308
0.096895
0.564229
0.702953
0.537143
0.893780
0.582071
0.076523
0.565274
0.622016
0.111642
0.089304
0.582891
0.537143
0.924846
0.102966
0.270939
0.011396
0.834710
0.652847
0.841226
0.806791
0.067916
0.228003
0.984629
0.440287
0.042802
0.352105
0.988483
0.323945
0.423867
0.659371
0.956600
0.337471
0.565506
0.247698
0.524395
0.501819
0.852609
0.563068
0.910542
0.144534
0.646677
0.282299
0.558431
0.439140
0.861686
0.996552
0.001702
0.853189
0.027750
0.922041
0.133370
0.846761
0.067869
0.804445
0.796491
0.201340
0.339510
0.209872
0.695784
0.970534
0.238925
0.434360
0.308717
0.896375
0.692723
0.571791
0.681514
0.265835
0.657236
0.550920
0.003794
0.611606
0.508851
0.134991
0.554267
0.536800
0.945380
0.549653
0.714074
0.385600
0.902451
0.533831
0.074951
0.607708
0.326014
0.498597
0.848916
0.098350
0.015987
0.254115
0.842120
0.155370
0.943617
0.517839
0.395919
0.169260
0.217797
0.380695
0.228533
0.009871
0.404612
0.593922
0.610543
0.673945
0.233279
0.909530
0.280433
0.569927
0.855116
0.382614
0.841126
0.795951
0.756351
0.021298
0.757144
0.461742
0.435501
0.272150
0.861686
0.474563
0.987832
0.137892
0.367810
0.065458
0.626991
0.627109
0.526777
0.560052
0.219077
0.184338
0.817235
0.594510
0.935147
0.187539
0.531894
0.922404
0.613852
0.955639
0.019730
0.856363
0.508068
0.165502
0.073384
0.043140
0.005224
0.936526
0.682105
0.919184
0.788554
0.865811
0.216206
0.256644
0.283704
0.439244
0.805299
0.894284
0.634814
0.110195
0.587345
0.834811
0.952239
0.621305
0.095523
0.352925
0.227540
0.129637
0.711153
0.298528
0.802948
0.808067
0.785157
0.980015
0.314493
0.391615
0.571674
0.460993
0.555423
0.550114
0.915296
0.800265
0.925273
0.316013
0.446362
0.512663
0.466785
0.967657
0.640271
0.418370
0.401042
0.942446
0.711737
0.860078
0.899024
0.474563
0.313652
0.565042
0.092367
0.325151
0.807429
0.130843
0.143537
0.112006
0.661861
0.887294
0.411106
0.638491
0.005417
0.196181
0.425708
0.464850
0.930643
0.435812
0.357137
0.472396
0.573890
0.344063
0.513562
0.671104
0.864971
0.852319
0.570160
0.252965
0.192975
0.623792
0.140047
0.156583
0.591219
0.310133
0.608889
0.099626
0.935345
0.659608
0.683168
0.999132
0.432912
0.658659
0.280045
0.937177
0.315844
0.865531
0.626991
0.407802
0.186805
0.776435
0.388212
0.524622
0.960225
0.856267
0.723624
0.774213
0.726061
0.842517
0.277036
0.074569
0.882933
0.357045
0.704478
0.358241
0.743243
0.840827
0.891580
0.917699
0.875356
0.843904
0.953185
0.319322
0.899024
0.493945
0.716291
0.837327
0.567599
0.587580
0.881434
0.583594
0.804018
0.459071
0.801125
0.631139
0.297879
0.353929
0.793566
0.174203
0.696608
0.688480
0.495936
0.886514
0.054723
0.407402
0.469155
0.865065
0.606056
0.476517
0.553805
0.487774
0.433118
0.639559
0.316944
0.556463
0.030607
0.767287
0.408501
0.436643
0.778652
0.009271
0.925628
0.267404
0.933015
0.694607
0.264200
0.733813
0.889103
0.896042
0.981742
0.334207
0.904705
0.993804
0.342719
0.631257
0.885906
0.993467
0.700370
0.840927
0.098545
0.086216
0.786803
0.314157
0.438410
0.234224
0.517501
0.818801
0.642525
0.582540
0.211925
0.066688
0.548501
0.435916
0.951055
0.838130
0.563416
0.778541
0.436643
0.493945
0.959105
0.920582
0.275808
0.559125
0.564112
0.631850
0.123868
0.212550
0.085725
0.929199
0.383479
0.393959
0.717457
0.463670
0.954830
0.041938
0.173036
0.344691
0.765042
0.671814
0.944593
0.475540
0.484921
0.913318
0.320004
0.808173
0.902936
0.541034
0.494830
0.054398
0.093201
0.794759
0.129927
0.659489
0.752719
0.654270
0.991939
0.407302
0.668024
0.281442
0.577860
0.982708
0.526436
0.714424
0.417762
0.405010
0.980711
0.482841
0.876348
0.924204
0.797248
0.419487
0.878590
0.158786
0.304909
0.323773
0.382710
0.846270
0.142365
0.590984
0.103102
0.209686
0.078924
0.008383
0.784168
0.739341
0.118055
0.788226
0.209439
0.890558
0.890558
0.045883
0.436643
0.412211
0.273137
0.418979
0.090506
0.196181
0.111496
0.455664
0.438202
0.217989
0.110051
0.750784
0.614088
0.358609
0.159675
0.136847
0.034569
0.633747
0.434879
0.088976
0.874088
0.700722
0.870712
0.983434
0.709047
0.885906
0.053264
0.882405
0.707642
0.428581
0.030218
0.708813
0.786584
0.253395
0.290171
0.487225
0.635289
0.202783
0.364167
0.293285
0.375640
0.710334
0.273518
0.185008
0.173619
0.720485
0.674892
0.452481
0.246992
0.269280
0.020778
0.200264
0.862816
0.559357
0.536229
0.143718
0.131849
0.734620
0.519419
0.771873
0.461421
0.012299
0.001166
0.042695
0.507956
0.497709
0.924490
0.378496
0.748390
0.821297
0.225302
0.371476
0.121341
0.627346
0.985876
0.412211
0.071185
0.892852
0.409202
0.216460
0.086072
0.090869
0.024747
0.435293
0.195419
0.512663
0.878858
0.841822
0.499596
0.683877
0.026845
0.914993
0.104364
0.025652
0.611015
0.495494
0.017311
0.571208
0.814930
0.371193
0.470450
0.887898
0.943740
0.575290
0.578211
0.167141
0.273822
0.625450
0.606646
0.560632
0.077913
0.179702
0.696490
0.647864
0.410304
0.654745
0.322227
0.494166
0.863192
0.309300
0.453435
0.058992
0.939365
0.636712
0.588518
0.990531
0.385503
0.235579
0.311052
0.220298
0.581954
0.111787
0.452164
0.904866
0.027628
0.194485
0.496712
0.728611
0.927670
0.355760
0.496601
0.807960
0.244047
0.638610
0.227474
0.542296
0.619056
0.622253
0.985876
0.456727
0.638610
0.603225
0.924561
0.466032
0.220620
0.507285
0.369969
0.828202
0.869701
0.298853
0.534516
0.672998
0.022299
0.053395
0.852028
0.686828
0.585586
0.366219
0.695667
0.111897
0.670038
0.672524
0.503378
0.715591
0.524508
0.850475
0.439974
0.848622
0.712789
0.102932
0.648576
0.844793
0.913241
0.974086
0.544132
0.598865
0.829021
0.692488
0.503490
0.508404
0.333856
0.080000
0.556926
0.855212
0.411006
0.241268
0.212050
0.324806
0.706236
0.299178
0.620240
0.867669
0.235240
0.861403
0.553921
0.723043
0.502821
0.837327
0.426631
0.255413
0.870712
0.225499
0.962117
0.204901
0.886601
0.567948
0.200562
0.385793
0.107737
0.105952
0.226748
0.059301
0.633154
0.456727
0.117521
0.165095
0.378496
0.255775
0.709047
0.464528
0.691781
0.419487
0.291925
0.559125
0.946994
0.803911
0.780421
0.153685
0.999446
0.054341
0.941762
0.137674
0.843706
0.505051
0.310634
0.828714
0.083928
0.436331
0.032878
0.124267
0.609716
0.229862
0.547695
0.336587
0.061271
0.697196
0.992107
0.717573
0.921095
0.858559
0.998639
0.809022
0.351286
0.199489
0.152682
0.786035
0.218884
0.927109
0.263607
0.982647
0.821401
0.645372
0.302607
0.544936
0.634696
0.706471
0.505833
0.398574
0.743931
0.689423
0.004674
0.959769
0.549883
0.612433
0.065278
0.022324
0.764592
0.408301
0.159428
0.543787
0.643948
0.911549
0.267853
0.875265
0.897786
0.487994
0.633154
0.517614
0.644304
0.667669
0.563184
0.978295
0.942508
0.033873
0.579497
0.293686
0.855500
0.392005
0.703070
0.589340
0.363237
0.745190
0.572840
0.702718
0.990236
0.874179
0.739456
0.612552
0.984024
0.056435
0.464421
0.044930
0.774658
0.844003
0.559241
0.292164
0.518629
0.863098
0.987486
0.322227
0.824297
0.419791
0.699900
0.967880
0.855884
0.108196
0.791500
0.201280
0.191590
0.039841
0.870436
0.220427
0.884948
0.356035
0.838430
0.004280
0.034332
0.884249
0.791282
0.160220
0.715824
0.538515
0.198421
0.418269
0.414426
0.198777
0.794542
0.803590
0.307720
0.405209
0.113622
0.679032
0.415234
0.028885
0.467431
0.335087
0.643118
0.054915
0.136111
0.441017
0.179266
0.517614
0.775991
0.003101
0.345140
0.229064
0.351377
0.519306
0.977367
0.018299
0.090204
0.936917
0.146225
0.342988
0.728031
0.179921
0.942446
0.941824
0.925912
0.079004
0.244396
0.063016
0.316859
0.949510
0.621424
0.787898
0.577860
0.770198
0.076368
0.136890
0.460566
0.327139
0.194136
0.742785
0.432602
0.066918
0.954012
0.042482
0.142096
0.548731
0.733928
0.788554
0.410905
0.987979
0.568064
0.862628
0.908119
0.688952
0.587814
0.134093
0.915900
0.873452
0.136803
0.407202
0.519193
0.483169
0.763467
0.238925
0.338445
0.780090
0.421725
0.394351
0.201101
0.083505
0.537829
0.396213
0.769079
0.414628
0.651423
0.228467
0.585351
0.195185
0.384925
0.408501
0.179266
0.612433
0.790192
0.542410
0.101954
0.301379
0.730578
0.491517
0.007023
0.010593
0.034158
0.466785
0.363330
0.243002
0.695667
0.741293
0.515924
0.306478
0.702014
0.312308
0.339422
0.165962
0.564345
0.700840
0.996931
0.625806
0.684703
0.770645
0.677731
0.195127
0.241268
0.894704
0.704830
0.600514
0.498930
0.655101
0.070288
0.241891
0.990087
0.677849
0.975817
0.515024
0.109156
0.632917
0.469478
0.400449
0.222951
0.913241
0.086361
0.716991
0.716641
0.164790
0.891495
0.241129
0.541837
0.764592
0.735197
0.753628
0.349561
0.450894
0.948231
0.923558
0.819218
0.822954
0.436539
0.871262
0.766277
0.450577
0.154935
0.385600
0.968897
0.320431
0.223928
0.731040
0.711737
0.612433
0.545970
0.894368
0.519758
0.568414
0.369593
0.861591
0.723740
0.229995
0.618701
0.200921
0.281209
0.461100
0.410203
0.982026
0.708228
0.285271
0.463456
0.661149
0.766726
0.878679
0.170250
0.858749
0.275349
0.520209
0.661149
0.366219
0.876077
0.764143
0.828918
0.484483
0.547465
0.621661
0.285350
0.971375
0.412010
0.096414
0.545855
0.880726
0.138154
0.584765
0.342988
0.473587
0.357781
0.518629
0.255196
0.705650
0.516938
0.985550
0.552535
0.581135
0.993976
0.728031
0.245657
0.570276
0.446887
0.879749
0.994084
0.856363
0.759633
0.880726
0.880637
0.772765
0.013409
0.194777
0.676548
0.800588
0.784938
0.756011
0.437786
0.830653
0.415335
0.985024
0.711737
0.562835
0.601221
0.802626
0.127049
0.543902
0.930163
0.557968
0.974903
0.074951
0.714074
0.372137
0.490525
0.724785
0.162919
0.694961
0.992703
0.013460
0.141157
0.268153
0.761214
0.607354
0.661268
0.111387
0.874994
0.099133
0.534744
0.356310
0.647389
0.806897
0.719554
0.944228
0.495715
0.519645
0.505833
0.875175
0.898777
0.345140
0.561675
0.692016
0.149004
0.993693
0.093388
0.465387
0.915371
0.860836
0.330791
0.238719
0.645491
0.913011
0.690838
0.006046
0.615625
0.760198
0.134648
0.385503
0.265240
0.609125
0.798327
0.249894
0.752946
0.349199
0.575290
0.929751
0.998066
0.948989
0.034745
0.604286
0.364726
0.550805
0.581720
0.677613
0.139296
0.982800
0.611724
0.562835
0.785926
0.216969
0.898530
0.496158
0.586758
0.817444
0.491296
0.607118
0.501486
0.599218
0.879482
0.540118
0.347391
0.470558
0.683877
0.549653
0.949683
0.652135
0.790301
0.789865
0.927250
0.631969
0.226550
0.278962
0.039698
0.176612
0.230729
0.173459
0.428684
0.245516
0.713607
0.570043
0.058644
0.265537
0.817757
0.203991
0.461849
0.650830
0.912243
0.983374
0.515699
0.475648
0.967836
0.283001
0.672288
0.744847
0.917027
0.492951
0.271923
0.673116
0.667195
0.909061
0.204415
0.054742
0.238856
0.975209
0.060216
0.698842
0.308634
0.284017
0.918295
0.366313
0.203567
0.825019
0.112518
0.210431
0.626635
0.996841
0.387825
0.920729
0.764480
0.458964
0.611724
0.466247
0.833395
0.509523
0.213491
0.390155
0.076732
0.768072
0.372325
0.694136
0.949970
0.094859
0.516600
0.044802
0.915674
0.489534
0.716058
0.919701
0.880814
0.060847
0.699195
0.764592
0.274432
0.650949
0.234021
0.302115
0.979678
0.466355
0.543213
0.641694
0.747248
0.637068
0.316267
0.794759
0.225105
0.709281
0.069045
0.662691
0.399166
0.686946
0.191935
0.732658
0.827895
0.308385
0.292644
0.861308
0.209315
0.488653
0.447940
0.144352
0.939684
0.849988
0.554036
0.498930
0.255630
0.318727
0.291765
0.441644
0.433325
0.672051
0.480219
0.065753
0.990552
0.853093
0.545395
0.524962
0.141738
0.775102
0.925841
0.780200
0.241752
0.209439
0.084098
0.596863
0.680569
0.466247
0.612788
0.172349
0.750442
0.232203
0.806578
0.093325
0.396803
0.329745
0.871628
0.241752
0.684585
0.077307
0.713840
0.062106
0.246570
0.541264
0.391225
0.989043
0.544017
0.111315
0.829735
0.302443
0.283626
0.671340
0.153446
0.775769
0.697902
0.173937
0.273594
0.890644
0.111860
0.164434
0.879215
0.358057
0.573307
0.810822
0.439244
0.586407
0.251461
0.423663
0.661624
0.152301
0.752605
0.166320
0.784168
0.224124
0.664706
0.124547
0.584648
0.549653
0.766838
0.807429
0.986566
0.216206
0.101585
0.063608
0.305404
0.844694
0.887553
0.284017
0.268528
0.855116
0.403917
0.076706
0.840728
0.336852
0.921532
0.520435
0.043714
0.467646
0.342005
0.263015
0.680569
0.770309
0.159576
0.583242
0.305404
0.277420
0.031241
0.475648
0.811561
0.446572
0.901071
0.665536
0.153111
0.286924
0.156924
0.611724
0.953902
0.977941
0.757258
0.875084
0.867854
0.674182
0.610070
0.196122
0.274738
0.654864
0.794868
0.376876
0.041416
0.488873
0.091447
0.741982
0.376781
0.079649
0.704126
0.380217
0.376591
0.654626
0.739111
0.022804
0.459925
0.321029
0.417661
0.825019
0.432912
0.506838
0.456195
0.745076
0.831772
0.421928
0.722229
0.650830
0.396606
0.600867
0.788991
0.995676
0.757258
0.571325
0.689541
0.396705
0.802412
0.135895
0.391225
0.367248
0.165809
0.381270
0.937502
0.470558
0.229463
0.225564
0.015163
0.597687
0.855212
0.563532
0.502599
0.770309
0.468400
0.100684
0.375640
0.533831
0.317962
0.244956
0.824504
0.523602
0.831060
0.187087
0.738191
0.866277
0.743931
0.441540
0.668853
0.162215
0.556116
0.743472
0.827895
0.449205
0.060995
0.299259
0.881523
0.997577
0.108657
0.055012
0.348565
0.379069
0.332891
0.980874
0.116271
0.773656
0.274585
0.026305
0.722927
0.936461
0.859699
0.774213
0.115933
0.711270
0.055108
0.296665
0.516938
0.743358
0.959208
0.094418
0.533945
0.966663
0.461207
0.294730
0.708930
0.018626
0.437266
0.894872
0.904866
0.365566
0.574707
0.403718
0.328006
0.656643
0.826870
0.037098
0.756918
0.797248
0.098480
0.018549
0.059653
0.076732
0.541149
0.534059
0.596745
0.684822
0.502599
0.424378
0.687654
0.616808
0.119476
0.291925
0.205266
0.125188
0.211738
0.557042
0.645135
0.068126
0.045672
0.719437
0.784498
0.811983
0.272378
0.632206
0.872359
0.778873
0.307555
0.654508
0.352014
0.881788
0.990385
0.359163
0.612552
0.221654
0.404115
0.034632
0.389669
0.393079
0.129761
0.706588
0.536000
0.394057
0.855212
0.511653
0.036119
0.330704
0.345230
0.258755
0.943617
0.329136
0.847350
0.934285
0.216143
0.562603
0.960628
0.216396
0.009576
0.745991
0.165400
0.100286
0.002911
0.574357
0.979576
0.991440
0.302525
0.521565
0.717573
0.940507
0.584414
0.411608
0.930232
0.364820
0.123113
0.042376
0.861780
0.646440
0.956281
0.645847
0.857128
0.285664
0.556810
0.424378
0.567832
0.376115
0.685412
0.129182
0.363144
0.196827
0.589457
0.510420
0.375545
0.146916
0.565158
0.967071
0.219654
0.463456
0.869793
0.295374
0.444052
0.009855
0.298528
0.957287
0.127171
0.543558
0.828509
0.888931
0.622845
0.296665
0.504940
0.687064
0.579731
0.718389
0.453011
0.947172
0.928158
0.751581
0.097023
0.871170
0.954285
0.646559
0.367435
0.748276
0.919553
0.996301
0.846467
0.744160
0.246640
0.728726
0.191878
0.630665
0.627109
0.657355
0.056140
0.861403
0.151969
0.364540
0.793240
0.399856
0.082303
0.021603
0.665773
0.854539
0.624503
0.137717
0.717806
0.044882
0.346399
0.538630
0.422336
0.141470
0.784278
0.205875
0.258171
0.111605
0.556810
0.589223
0.146731
0.858368
0.128317
0.180304
0.590514
0.949625
0.244676
0.392005
0.865625
0.081364
0.761101
0.500596
0.487335
0.470666
0.466785
0.874179
0.271998
0.895207
0.066528
0.542066
0.050578
0.201700
0.837227
0.715474
0.123828
0.994473
0.022651
0.020157
0.636949
0.491517
0.233481
0.855788
0.381942
0.721997
0.604286
0.374407
0.864317
0.140668
0.698254
0.265017
0.537943
0.055612
0.302525
0.768072
0.303510
0.535201
0.616217
0.015449
0.223928
0.294248
0.480765
0.107702
0.694843
0.812722
0.142770
0.612315
0.243629
0.644423
0.694372
0.034369
0.932881
0.325410
0.084694
0.040929
0.229729
0.172613
0.046408
0.173990
0.923270
0.751467
0.247839
0.041031
0.425811
0.589223
0.820466
0.669090
0.247486
0.691192
0.370252
0.029452
0.366126
0.820985
0.967657
0.323085
0.861308
0.512214
0.034973
0.118017
0.324806
0.054742
0.707291
0.693901
0.327919
0.551266
0.952574
0.263829
0.970364
0.192339
0.653677
0.822023
0.318727
0.754196
0.900499
0.228201
0.367248
0.686946
0.697549
0.994130
0.164434
0.360456
0.212113
0.740490
0.609834
0.836423
0.662216
0.150456
0.118821
0.547235
0.237828
0.812511
0.890985
0.036015
0.183225
0.348294
0.104604
0.950257
0.026005
0.407802
0.440600
0.671222
0.428479
0.604522
0.385407
0.707876
0.013900
0.647152
0.616335
0.800373
0.762003
0.524282
0.242933
0.356402
0.221072
0.227342
0.838931
0.510532
0.425811
0.362123
0.529958
0.754537
0.510195
0.011230
0.041728
0.146088
0.294087
0.160022
0.578678
0.525756
0.165553
0.248263
0.782848
0.342719
0.341558
0.284408
0.092984
0.970998
0.180194
0.108338
0.441122
0.058034
0.687064
0.175217
0.068761
0.420198
0.414729
0.197948
0.055690
0.857701
0.239199
0.085697
0.183725
0.353290
0.130176
0.137020
0.098415
0.145950
0.656524
0.885123
0.350650
0.160022
0.163070
0.571208
0.926758
0.985632
0.265314
0.164384
0.644542
0.949970
0.369029
0.518291
0.645135
0.702601
0.287714
0.142950
0.540003
0.174843
0.346579
0.865904
0.489974
0.044310
0.586524
0.176666
0.665299
0.165962
0.569112
0.683168
0.263829
0.288901
0.804338
0.198421
0.280355
0.362123
0.772319
0.626635
0.701662
0.708462
0.818279
0.330878
0.852125
0.447414
0.822230
0.816712
0.358609
0.126927
0.649881
0.062560
0.284330
0.045155
0.039727
0.760198
0.354661
0.526550
0.659489
0.888157
0.328440
0.627702
0.695196
0.935213
0.805939
0.369875
0.139826
0.968192
0.222756
0.629242
0.737385
0.338091
0.436746
0.174416
0.095206
0.499707
0.743931
0.248404
0.597805
0.414225
0.024166
0.604050
0.027904
0.614916
0.823265
0.722113
0.241129
0.187878
0.661979
0.941949
0.970576
0.371382
0.535429
0.911627
0.373838
0.445836
0.328527
0.440809
0.074088
0.497266
0.151353
0.352105
0.293766
0.385503
0.853286
0.800158
0.322914
0.398574
0.377733
0.653321
0.280355
0.268303
0.755558
0.933485
0.521679
0.064918
0.127416
0.579146
0.590632
0.416649
0.831975
0.633747
0.582891
0.851641
0.652491
0.536343
0.530641
0.125591
0.047055
0.085094
0.187369
0.197122
0.374691
0.099890
0.448361
0.390836
0.128852
0.725017
0.743014
0.507732
0.927460
0.783839
0.856363
0.074493
0.019715
0.447729
0.210306
0.597569
0.611724
0.265984
0.725829
0.886861
0.194427
0.473912
0.443004
0.240715
0.777655
0.729421
0.162115
0.456833
0.438098
0.091478
0.130968
0.987057
0.654033
0.785267
0.075258
0.510420
0.165553
0.866184
0.340756
0.638610
0.332277
0.280200
0.597452
0.687300
0.991957
0.160369
0.159131
0.824813
0.181512
0.849501
0.148491
0.803483
0.225564
0.268303
0.038823
0.987709
0.697431
0.261982
0.389669
0.903903
0.203567
0.526209
0.323859
0.796708
0.155515
0.545051
0.353929
0.117217
0.220040
0.698254
0.780532
0.570975
0.524282
0.316182
0.388309
0.705768
0.552074
0.661387
0.810822
0.610188
0.648101
0.839431
0.290410
0.398180
0.206303
0.519871
0.148165
0.957863
0.774435
0.599100
0.075798
0.885645
0.422948
0.312895
0.501708
0.435604
0.729537
0.246078
0.885993
0.657117
0.665773
0.743014
0.535315
0.886167
0.787022
0.776324
0.585117
0.245236
0.255269
0.475974
0.124067
0.457472
0.784828
0.148398
0.387631
0.592159
0.928019
0.328875
0.252033
0.264200
0.664706
0.259120
0.661268
0.885035
0.593334
0.011444
0.225564
0.698960
0.375545
0.750670
0.630783
0.931936
0.501263
0.472721
0.460886
0.310133
0.515136
0.854443
0.210803
0.161465
0.235511
0.211925
0.205388
0.712555
0.238513
0.764368
0.748390
0.519419
0.057933
0.192917
0.036500
0.636831
0.192802
0.977977
0.969549
0.878769
0.468939
0.527344
0.717806
0.809340
0.510307
0.642881
0.021108
0.529731
0.979269
0.629479
0.536000
0.312644
0.813985
0.156048
0.180523
0.996740
0.894200
0.980711
0.118246
0.973533
0.389863
0.120017
0.766277
0.825842
0.666721
0.846958
0.733928
0.843508
0.415234
0.724901
0.016987
0.222367
0.986618
0.670748
0.846565
0.681514
0.289456
0.772096
0.112591
0.200025
0.336322
0.491296
0.037219
0.193613
0.082609
0.698960
0.819113
0.900744
0.064494
0.986954
0.908982
0.883373
0.896125
0.460032
0.429301
0.778984
0.949394
0.558431
0.169208
0.039145
0.781084
0.447835
0.333154
0.585351
0.895374
0.273441
0.151258
0.895374
0.062106
0.946935
0.724088
0.177637
0.677613
0.179429
0.250605
0.742555
0.076810
0.371382
0.786145
0.983553
0.200742
0.790955
0.262572
0.291605
0.267179
0.864691
0.827075
0.570626
0.937954
0.449521
0.919848
0.304167
0.827690
0.016910
0.299015
0.224778
0.328962
0.777544
0.793023
0.565739
0.552305
0.779427
0.666602
0.000515
0.623437
0.822126
0.916276
0.676075
0.946518
0.153733
0.383864
0.203809
0.898859
0.866649
0.653915
0.223081
0.184617
0.294971
0.082609
0.420808
0.493282
0.463885
0.242933
0.340044
0.616927
0.502153
0.666839
0.944836
0.379165
0.374786
0.683641
0.313988
0.983701
0.117559
0.921969
0.839531
0.829633
0.287872
0.431569
0.472613
0.645016
0.183225
0.863848
0.190499
0.664113
0.131849
0.697314
0.334471
0.177151
0.864784
0.906935
0.541837
0.493172
0.169624
0.151306
0.785926
0.359901
0.857701
0.118975
0.847644
0.268078
0.408701
0.069664
0.717340
0.128934
0.656999
0.690484
0.488983
0.668379
0.206854
0.299992
0.909842
0.275502
0.419182
0.298447
0.015472
0.552651
0.189356
0.304991
0.991164
0.860647
0.420706
0.934219
0.996222
0.381079
0.717457
0.195244
0.745762
0.790846
0.536000
0.141604
0.971583
0.406903
0.420808
0.776324
0.346760
0.636831
0.518967
0.770980
0.420808
0.442690
0.060889
0.487884
0.927039
0.448889
0.459391
0.509299
0.058828
0.310801
0.115933
0.673827
0.314831
0.789646
0.422540
0.356310
0.234021
0.755898
0.105605
0.831670
0.492068
0.684940
0.721880
0.846663
0.848231
0.280045
0.187822
0.323515
0.014568
0.902370
0.992650
0.556116
0.227078
0.413620
0.931936
0.337029
0.849404
0.159033
0.182063
0.011173
0.905504
0.262572
0.861591
0.639559
0.433636
0.445101
0.668379
0.836423
0.253108
0.612552
0.982058
0.592747
0.667669
0.142500
0.735888
0.126480
0.682696
0.655694
0.717690
0.342273
0.619175
0.280123
0.286058
0.775325
0.179157
0.241129
0.634340
0.406903
0.886427
0.490525
0.104948
0.534516
0.328962
0.139164
0.506391
0.064627
0.294248
0.011671
0.087001
0.557042
0.901396
0.732196
0.687654
0.222886
0.073233
0.800480
0.729768
0.136111
0.959310
0.786693
0.734851
0.220814
0.148073
0.130135
0.822540
0.192108
0.202361
0.938726
0.221848
0.064116
0.799942
0.690720
0.174629
0.734735
0.096222
0.781636
0.865345
0.848427
0.509859
0.557620
0.310050
0.771426
0.836624
0.998856
0.573074
0.775547
0.792262
0.413318
0.747362
0.882229
0.134221
0.051641
0.503267
0.292164
0.359901
0.239131
0.290092
0.952127
0.258901
0.482185
0.952797
0.384828
0.788007
0.428993
0.097378
0.019916
0.675720
0.185400
0.698725
0.039713
0.649999
0.822437
0.886427
0.775880
0.170772
0.844101
0.456940
0.453329
0.588988
0.966021
0.931665
0.850086
0.075566
0.875897
0.293846
0.345859
0.434360
0.928645
0.771650
0.786693
0.983671
0.241683
0.859794
0.679978
0.076810
0.732196
0.009304
0.221718
0.048033
0.142006
0.973293
0.620477
0.890814
0.371665
0.950143
0.898612
0.751581
0.455451
0.548731
0.306974
0.585820
0.786255
0.671104
0.180962
0.231130
0.568297
0.694843
0.040929
0.800265
0.834103
0.371853
0.631850
0.924775
0.904625
0.273061
0.533831
0.594040
0.446151
0.455026
0.250819
0.800910
0.943617
0.168482
0.971208
0.898447
0.316690
0.124787
0.595098
0.371476
0.550229
0.484592
0.050169
0.622134
0.410404
0.336587
0.822437
0.369123
0.579146
0.617518
0.631376
0.345230
0.985956
0.670630
0.913165
0.812511
0.570859
0.195069
0.213491
0.618228
0.671814
0.820466
0.956600
0.677140
0.281753
0.473696
0.866649
0.508627
0.290649
0.409802
0.914310
0.571908
0.674182
0.581018
0.254403
0.986929
0.411307
0.219141
0.937502
0.069856
0.744618
0.622134
0.018018
0.692016
0.053828
0.216905
0.239337
0.338711
0.328006
0.383768
0.831670
0.931325
0.229995
0.520661
0.670748
0.173990
0.511092
0.602046
0.000287
0.593687
0.531438
0.475323
0.288267
0.499041
0.430434
0.567715
0.006383
0.938212
0.125671
0.388600
0.022542
0.486017
0.152587
0.713023
0.850864
0.332365
0.951508
0.885558
0.021586
0.237691
0.153638
0.369123
0.462598
0.543213
0.731387
0.297393
0.992144
0.703187
0.111170
0.237555
0.331053
0.974047
0.014674
0.421419
0.199192
0.903259
0.658659
0.938726
0.976784
0.725829
0.462277
0.877516
0.075105
0.775658
0.455451
0.366406
0.508739
0.420401
0.668379
0.461314
0.683641
0.551958
0.612906
0.135335
0.387631
0.782848
0.983553
0.423561
0.399560
0.650830
0.346489
0.112225
0.699782
0.987709
0.585117
0.468939
0.051386
0.803590
0.547810
0.601928
0.639203
0.422948
0.061378
0.954285
0.629005
0.659845
0.034557
0.444262
0.334823
0.415436
0.978924
0.179375
0.411910
0.163928
0.894200
0.236191
0.270334
0.180413
0.714541
0.328006
0.104604
0.863286
0.376781
0.406305
0.153638
0.316944
0.190327
0.113511
0.113658
0.019879
0.096798
0.907725
0.055069
0.045251
0.073534
0.395625
0.499707
0.413721
0.483935
0.413117
0.931868
0.033935
0.262572
0.918962
0.186579
0.707408
0.126440
0.088798
0.083337
0.299910
0.104535
0.260071
0.337559
0.410304
0.830449
0.302361
0.291525
0.245376
0.002747
0.274203
0.989020
0.583594
0.383287
0.333154
0.083112
0.394253
0.155129
0.575057
0.426631
0.016467
0.761101
0.441958
0.527004
0.264868
0.426733
0.322828
0.521113
0.918221
0.778541
0.678086
0.293044
0.545855
0.988076
0.238102
0.714191
0.716524
0.749303
0.431878
0.216143
0.646559
0.112738
0.890302
0.545625
0.008758
0.289853
0.495826
0.749074
0.533033
0.171822
0.316944
0.359624
0.675838
0.438410
0.707642
0.627702
0.382902
0.093481
0.896542
0.284408
0.184226
0.111824
0.188502
0.928506
0.418675
0.406205
0.216396
0.703539
0.542296
0.267778
0.756125
0.581720
0.720601
0.405209
0.496822
0.207897
0.543099
0.333680
0.089753
0.478476
0.092182
0.891750
0.838030
0.883811
0.192802
0.962166
0.074240
0.510868
0.834710
0.448467
0.190613
0.039471
0.202421
0.110663
0.187200
0.549307
0.926124
0.934684
0.645965
0.014023
0.232673
0.265017
0.826870
0.911163
0.693783
0.303674
0.649406
0.514461
0.355943
0.381270
0.441749
0.865625
0.616453
0.997483
0.850864
0.129927
0.702366
0.481420
0.686474
0.570276
0.266357
0.672051
0.264348
0.171822
0.461528
0.067381
0.369875
0.255196
0.652372
0.000300
0.169000
0.267179
0.898612
0.469802
0.756578
0.041120
0.174416
0.104398
0.229995
0.664587
0.163928
0.517839
0.608889
0.247698
0.954230
0.378878
0.314325
0.023510
0.947112
0.774991
0.558431
0.004982
0.397294
0.704478
0.791391
0.484702
0.953019
0.502599
0.270712
0.082888
0.431362
0.591689
0.925273
0.336498
0.766951
0.506838
0.435293
0.770533
0.730578
0.629835
0.978959
0.840827
0.832584
0.163928
0.656880
0.895959
0.652610
0.192397
0.941011
0.118744
0.660438
0.915749
0.920289
0.088028
0.214435
0.922548
0.581252
0.654745
0.683168
0.304167
0.543099
0.938148
0.813669
0.746791
0.903742
0.008469
0.789974
0.310217
0.461528
0.134050
0.312727
0.168689
0.402924
0.611488
0.193033
0.187539
0.357596
0.665299
0.765491
0.635407
0.664587
0.965511
0.222107
0.588401
0.098090
0.773322
0.203205
0.224712
0.427246
0.027334
0.089006
0.059882
0.043667
0.140446
0.756691
0.661742
0.677258
0.479892
0.431156
0.228931
0.610188
0.565855
0.851931
0.553112
0.892767
0.493393
0.095016
0.753514
0.321115
0.585586
0.572257
0.781194
0.352743
0.419182
0.180852
0.107949
0.771650
0.401339
0.432808
0.159280
0.182228
0.886167
0.128030
0.287240
0.456408
0.367248
0.055690
0.723159
0.796167
0.341202
0.147516
0.924918
0.433739
0.425708
0.201640
0.680214
0.796816
0.841026
0.341648
0.907093
0.427451
0.310217
0.335352
0.911935
0.871719
0.679741
0.636000
0.808385
0.192975
0.720950
0.036845
0.580082
0.870345
0.540347
0.489424
0.580082
0.964052
0.909295
0.342898
0.843607
0.416345
0.539431
0.555885
0.906697
0.829225
0.319834
0.849599
0.439869
0.369687
0.130052
0.536914
0.308634
0.629124
0.636000
0.032758
0.588166
0.748960
0.817026
0.766502
0.681396
0.929544
0.605702
0.567483
0.512776
0.075721
0.320687
0.556001
0.567483
0.502042
0.604522
0.636119
0.933618
0.098937
0.060911
0.381558
0.975095
0.832888
0.269430
0.374123
0.876168
0.828714
0.845089
0.419182
0.826870
0.789210
0.081336
0.010198
0.342273
0.071772
0.390641
0.827383
0.480329
0.242099
0.156875
0.053923
0.470774
0.335352
0.399560
0.080516
0.586407
0.418370
0.592747
0.456408
0.418878
0.084894
0.153159
0.775769
0.305404
0.189242
0.704947
0.048221
0.910076
0.841126
0.407602
0.820050
0.985274
0.101920
0.819113
0.121694
0.088590
0.021442
0.938148
0.060384
0.309800
0.180358
0.614916
0.965975
0.636238
0.201340
0.118783
0.115070
0.302853
0.577510
0.085754
0.809975
0.821504
0.405508
0.929475
0.160022
0.969028
0.005374
0.209315
0.915598
0.489974
0.737961
0.264571
0.901559
0.585000
0.173990
0.370440
0.947172
0.125269
0.039400
0.986696
0.451634
0.257371
0.851155
0.628887
0.905744
0.705299
0.431569
0.472937
0.147655
0.427862
0.192686
0.481092
0.045965
0.585000
0.449627
0.470774
0.464099
0.844497
0.428890
0.095016
0.988531
0.074139
0.536571
0.561095
0.265537
0.592276
0.669919
0.106369
0.025303
0.539660
0.513000
0.432498
0.383864
0.754196
0.533717
0.565042
0.681160
0.496822
0.746791
0.327312
0.906459
0.993401
0.258609
0.804338
0.261172
0.492399
0.090054
0.851447
0.908747
0.290330
0.406105
0.512214
0.806365
0.984314
0.537257
0.721183
0.567715
0.491076
0.268753
0.685412
0.870253
0.786912
0.776768
0.963766
0.174950
0.712205
0.813248
0.917997
0.132988
0.122047
0.667787
0.430744
0.411608
0.166320
0.340133
0.785267
0.003417
0.924275
0.606292
0.888759
0.587228
0.567134
0.412513
0.299666
0.510868
0.491186
0.701074
0.002421
0.636000
0.392298
0.464099
0.686474
0.235036
0.701192
0.328093
0.808173
0.616927
0.630190
0.266283
0.346219
0.667076
0.946638
0.575524
0.834002
0.107490
0.132692
0.892005
0.690602
0.954992
0.968897
0.160022
0.027679
0.974554
0.554383
0.893021
0.298934
0.699312
0.560284
0.042421
0.751126
0.783839
0.871536
0.797788
0.846859
0.658896
0.482294
0.353655
0.693783
0.340044
0.107455
0.965278
0.582305
0.927530
0.011453
0.061698
0.736119
0.301543
0.355576
0.975324
0.923774
0.794109
0.186129
0.950257
0.147609
0.396705
0.108586
0.891495
0.305404
0.343615
0.612433
0.288901
0.813248
0.605702
0.685648
0.613970
0.123868
0.370063
0.357781
0.217606
0.198480
0.354569
0.833496
0.783068
0.392298
0.476409
0.349924
0.249894
0.637068
0.770533
0.319408
0.726641
0.773322
0.020802
0.233549
0.050792
0.691781
0.025098
0.283939
0.819738
0.580316
0.166525
0.840329
0.252105
0.966434
0.103850
0.036394
0.411709
0.275579
0.897289
0.189869
0.774991
0.058501
0.854828
0.675602
0.522697
0.591219
0.191187
0.830347
0.812827
0.581603
0.380408
0.781856
0.675720
0.089783
0.611015
0.312308
0.009871
0.677140
0.548616
0.705416
0.662216
0.756011
0.288267
0.584297
0.014619
0.614443
0.009632
0.662809
0.310634
0.392786
0.497931
0.547005
0.891410
0.867762
0.248263
0.517614
0.255413
0.380217
0.668853
0.062798
0.099232
0.447098
0.677258
0.976967
0.545166
0.180249
0.118936
0.131975
0.476409
0.620240
0.501374
0.256862
0.187369
0.197770
0.361196
0.874541
0.758842
0.817444
0.177097
0.025661
0.380312
0.865531
0.612315
0.754423
0.450683
0.748618
0.209130
0.786364
0.204052
0.811667
0.711036
0.541837
0.571791
0.796924
0.194311
0.460245
0.924060
0.481748
0.173036
0.017562
0.904866
0.520774
0.257080
0.893274
0.066826
0.806152
0.935213
0.764480
0.390155
0.226287
0.691074
0.220749
0.569228
0.400054
0.733697
0.532463
0.886948
0.889275
0.253252
0.772876
0.553459
0.768184
0.914538
0.545970
0.713023
0.659134
0.480329
0.270033
0.029366
0.512888
0.939301
0.885471
0.922548
0.111714
0.273746
0.184393
0.770645
0.941324
0.352287
0.892513
0.481639
0.131975
0.269054
0.620950
0.689541
0.426631
0.412815
0.474997
0.673471
0.235307
0.110880
0.329310
0.890899
0.682814
0.013820
0.675602
0.619766
0.050595
0.294167
0.143220
0.389669
0.623318
0.020825
0.129637
0.445311
0.127457
0.157951
0.223472
0.097701
0.754991
0.159082
0.831060
0.272453
0.644542
0.924275
0.841226
0.097830
0.267104
0.686238
0.385600
0.176881
0.817444
0.479783
0.864223
0.606292
0.356769
0.074493
0.081667
0.328962
0.934750
0.510195
0.251819
0.513899
0.659371
0.317452
0.079919
0.729421
0.631020
0.396901
0.788007
0.072116
0.154357
0.180523
0.430537
0.702953
0.523602
0.745876
0.917027
0.176989
0.983612
0.300481
0.460459
0.262277
0.788663
0.201041
0.499707
0.269054
0.113400
0.153781
0.736119
0.352743
0.722345
0.701779
0.163978
0.619648
0.982770
0.681160
0.615389
0.986010
0.028864
0.199608
0.082303
0.942073
0.249894
0.322742
0.542754
0.145904
0.278036
0.264942
0.448889
0.240646
0.263903
0.074189
0.101685
0.732543
0.835617
0.225040
0.635763
0.522697
0.550920
0.421114
0.653559
0.881523
0.146685
0.526323
0.234291
0.450155
0.908590
0.536914
0.554152
0.426938
0.372514
0.277882
0.844200
0.899845
0.703539
0.172033
0.596981
0.757937
0.807535
0.139120
0.729768
0.646084
0.867391
0.713023
0.287003
0.268003
0.032026
0.029942
0.278113
0.360363
0.845680
0.385407
0.739571
0.151637
0.099363
0.045867
0.035716
0.155564
0.499707
0.472937
0.674655
0.604404
0.222626
0.712555
0.425503
0.256644
0.414729
0.580901
0.822437
0.045591
0.843607
0.504605
0.260805
0.317283
0.826048
0.537486
0.497266
0.401933
0.187765
0.125873
0.448151
0.810927
0.176074
0.275273
0.215193
0.256717
0.829021
0.319834
0.194952
0.514124
0.961723
0.011866
0.281753
0.972283
0.862251
0.236735
0.739915
0.858654
0.583359
0.639915
0.895959
0.206364
0.743014
0.011568
0.976636
0.674063
0.541837
0.942879
0.927600
0.762341
0.563764
0.890644
0.282221
0.967026
0.469586
0.186410
0.080707
0.882581
0.540347
0.275502
0.044373
0.998488
0.168017
0.669801
0.684231
0.505609
0.446257
0.839630
0.606410
0.018931
0.336852
0.546660
0.953737
0.459711
0.605820
0.667076
0.699077
0.334911
0.452799
0.199192
0.039684
0.816188
0.670156
0.548731
0.724669
0.492068
0.295454
0.614916
0.818697
0.591336
0.539889
0.557852
0.958435
0.250748
0.550459
0.299666
0.157266
0.938083
0.799189
0.569112
0.321713
0.274585
0.597569
0.438827
0.743702
0.925131
0.780421
0.639796
0.683995
0.995614
0.852512
0.361196
0.444472
0.663283
0.171927
0.766277
0.344152
0.299747
0.641457
0.144534
0.565506
0.977258
0.596275
0.899024
0.523829
0.291765
0.473587
0.490084
0.229662
0.898282
0.256209
0.527458
0.085037
0.080543
0.904385
0.102459
0.578678
0.734159
0.956335
0.758163
0.607472
0.331927
0.361011
0.381654
0.371948
0.999056
0.953737
0.181181
0.992381
0.994053
0.841723
0.838631
0.311805
0.871994
0.258901
0.424787
0.637068
0.562951
0.462384
0.882317
0.970108
0.477170
0.827485
0.518742
0.088679
0.355576
0.738421
0.943556
0.813985
0.437058
0.734389
0.974204
0.991577
0.217669
0.424787
0.110844
0.627939
0.394840
0.833800
0.077202
0.577860
0.269129
0.060889
0.989517
0.689187
0.063104
0.480110
0.397196
0.878232
0.517276
0.473804
0.618110
0.668498
0.010426
0.605466
0.033022
0.790955
0.772765
0.817339
0.124187
0.893780
0.386953
0.149986
0.839930
0.309883
0.008592
0.588049
0.763017
0.180852
0.368842
0.604286
0.794217
0.845778
0.401240
0.680923
0.175163
0.372609
0.998695
0.205753
0.446046
0.945561
0.181181
0.535201
0.280743
0.600043
0.361104
0.122480
0.027699
0.315252
0.777212
0.594275
0.795842
0.149799
0.737731
0.137412
0.273975
0.419182
0.631850
0.885035
0.072884
0.698607
0.479020
0.290888
0.836322
0.132438
0.394742
0.088175
0.248688
0.209068
0.066230
0.011880
0.539774
0.300399
0.569228
0.441644
0.978190
0.433429
0.160170
0.610188
0.216905
0.508963
0.115745
0.104158
0.377829
0.494940
0.259998
0.063476
0.655575
0.745304
0.706236
0.498042
0.941824
0.676667
0.504605
0.007351
0.636356
0.380217
0.698842
0.692252
0.112371
0.530186
0.524508
0.255269
0.636119
0.693548
0.837327
0.178287
0.310885
0.865438
0.827178
0.885210
0.797032
0.197830
0.895875
0.945561
0.257880
0.237691
0.904144
0.926688
0.502265
0.116008
0.820778
0.644660
0.480219
0.290649
0.591219
0.001323
0.794434
0.675602
0.465817
0.208698
0.463456
0.411709
0.416547
0.427965
0.648338
0.320944
0.107667
0.872997
0.578795
0.667550
0.532121
0.930437
0.798003
0.572840
0.430847
0.266656
0.356585
0.247274
0.376591
0.382518
0.118898
0.246781
0.984827
0.526209
0.603579
0.399560
0.715124
0.279117
0.720019
0.364726
0.963140
0.006916
0.954830
0.068408
0.415234
0.661031
0.270636
0.602635
0.819009
0.475757
0.961327
0.649050
0.062235
0.854828
0.046524
0.532121
0.354478
0.125470
0.094607
0.331490
0.680569
0.548731
0.369969
0.315252
0.948523
0.292404
0.558083
0.084609
0.257880
0.116083
0.717923
0.123549
0.225761
0.819842
0.920875
0.138461
0.074671
0.027638
0.218372
0.548501
0.768632
0.574007
0.955424
0.959156
0.881169
0.256862
0.779316
0.689187
0.498930
0.769639
0.740834
0.144352
0.759859
0.465387
0.899188
0.784498
0.576692
0.355301
0.841822
0.727568
0.684940
0.362123
0.527458
0.291127
0.757824
0.191532
0.562255
0.622963
0.225236
0.311805
0.711737
0.064941
0.784388
0.900172
0.318047
0.321542
0.193613
0.774324
0.785377
0.033166
0.377352
0.100884
0.812405
0.963670
0.144853
0.376686
0.376020
0.743243
0.609007
0.122126
0.847056
0.922910
0.845483
0.270863
0.845877
0.246922
0.557620
0.970236
0.212676
0.931733
0.440078
0.084609
0.046211
0.157119
0.305239
0.399264
0.141470
0.927530
0.349199
0.351650
0.109227
0.286766
0.868964
0.784828
0.630190
0.464850
0.367342
0.353107
0.302033
0.549537
0.582305
0.953957
0.672406
0.788663
0.731156
0.494387
0.920436
0.410604
0.948289
0.721066
0.636000
0.584883
0.805832
0.043964
0.694019
0.057289
0.949798
0.904144
0.334911
0.000656
0.415234
0.492509
0.559705
0.185512
0.834407
0.990862
0.739341
0.674182
0.910698
0.878143
0.926124
0.332540
0.987906
0.866277
0.836725
0.374217
0.432498
0.852512
0.675247
0.882933
0.627702
0.476735
0.315675
0.872085
0.521565
0.233549
0.209810
0.783178
0.872268
0.328875
0.581252
0.208389
0.388019
0.446046
0.443947
0.625332
0.046211
0.393763
0.751126
0.263385
0.622489
0.326274
0.297312
0.155806
0.597452
0.943740
0.724436
0.061378
0.347933
0.298447
0.415739
0.064963
0.894704
0.314831
0.047880
0.733582
0.546775
0.060932
0.016573
0.128071
0.000837
0.237213
0.332453
0.533375
0.138067
0.015914
0.574357
0.235987
0.520661
0.975967
0.598158
0.875175
0.391128
0.333241
0.966617
0.910698
0.830449
0.170825
0.595569
0.420300
0.285036
0.151069
0.306395
0.806897
0.780090
0.349108
0.261540
0.707057
0.883811
0.934551
0.146685
0.800050
0.107808
0.446046
0.933150
0.045949
0.941762
0.747591
0.190041
0.787022
0.908040
0.517952
0.080489
0.377448
0.490635
0.780532
0.170877
0.782958
0.023845
0.625332
0.928991
0.796491
0.060615
0.815035
0.457792
0.247698
0.787241
0.285507
0.975590
0.167295
0.670630
0.834002
0.967117
0.529958
0.438202
0.843211
0.748618
0.253252
0.053546
0.169937
0.451211
0.479565
0.598040
0.900009
0.636831
0.388794
0.817235
0.570975
0.384057
0.588049
0.534402
0.803911
0.291525
0.484811
0.947408
0.046573
0.247133
0.894956
0.455876
0.476735
0.182505
0.914993
0.772542
0.555423
0.503936
0.680569
0.537028
0.159576
0.635289
0.740490
0.723507
0.257153
0.817235
0.310968
0.716058
0.670393
0.522470
0.393079
0.779537
0.257443
0.467215
0.475865
0.944715
0.714891
0.907961
0.672288
0.007374
0.883373
0.615980
0.922404
0.769750
0.250605
0.563648
0.364633
0.928991
0.795193
0.477387
0.349289
0.415234
0.432188
0.619175
0.258317
0.361289
0.418168
0.992309
0.780863
0.376781
0.694490
0.181456
0.270863
0.194485
0.314325
0.902856
0.370722
0.645135
0.651423
0.779648
0.669564
0.496490
0.794868
0.233346
0.673945
0.417155
0.434464
0.729421
0.874632
0.128605
0.551728
0.706588
0.040215
0.434153
0.024857
0.324548
0.628887
0.902127
0.583476
0.788117
0.176289
0.699782
0.655338
0.722345
0.666958
0.306230
0.373838
0.734389
0.326101
0.255196
0.474021
0.178070
0.181732
0.993185
0.947644
0.919184
0.324203
0.449310
0.967612
0.470126
0.543213
0.836423
0.363330
0.467538
0.772876
0.709515
0.801554
0.043636
0.863004
0.230329
0.364633
0.694372
0.893190
0.982089
0.228135
0.047189
0.239268
0.986277
0.159774
0.827998
0.126156
0.561211
0.550805
0.455557
0.766165
0.007305
0.648576
0.064627
0.235307
0.780974
0.805726
0.885035
0.014055
0.651304
0.774101
0.985632
0.780974
0.220491
0.780642
0.986330
0.902532
0.389474
0.970872
0.262277
0.657473
0.773990
0.730925
0.666602
0.986010
0.884424
0.049238
0.660794
0.918146
0.778873
0.051859
0.721299
0.663758
0.567599
0.488104
0.239887
0.688716
0.701427
0.974477
0.820258
0.012499
0.756465
0.161265
0.197063
0.650474
0.441017
0.924704
0.999586
0.574357
0.923774
0.506056
0.015437
0.012111
0.177259
0.205692
0.823265
0.309133
0.513787
0.337382
0.885035
0.585000
0.694372
0.506950
0.825637
0.031712
0.597569
0.894284
0.888157
0.307472
0.813248
0.166884
0.748732
0.441435
0.763805
0.949336
0.985550
0.955800
0.081446
0.808279
0.996455
0.744503
0.163726
0.583594
0.998420
0.476626
0.332628
0.083421
0.659252
0.804445
0.265686
0.180578
0.450577
0.784168
0.025312
0.243629
0.691074
0.607236
0.841723
0.956335
0.434257
0.579614
0.047223
0.431672
0.987857
0.708462
0.219013
0.321799
0.110051
0.731618
0.254908
0.827485
0.004090
0.315084
0.848036
0.771650
0.801661
0.780421
0.008803
0.743587
0.627583
0.389086
0.645965
0.274432
0.246640
0.545510
0.191820
0.089633
0.995079
0.609834
0.665773
0.583594
0.956812
0.365099
0.432705
0.585000
0.322056
0.111824
0.083872
0.517727
0.188957
0.675010
0.546660
0.988881
0.156680
0.687300
0.682696
0.978012
0.233009
0.877964
0.727220
0.775436
0.189185
0.642643
0.788117
0.657117
0.384828
0.501486
0.932342
0.895625
0.640982
0.223211
0.458538
0.194835
0.227012
0.709047
0.195478
0.244187
0.603579
0.006870
0.534972
0.811772
0.391031
0.084268
0.557620
0.469371
0.418979
0.789537
0.282065
0.947644
0.771984
0.343346
0.260511
0.653440
0.253539
0.171875
0.743472
0.204719
0.106614
0.818384
0.409903
0.706588
0.354935
0.201580
0.418573
0.860457
0.875987
0.198658
0.322485
0.326274
0.636712
0.973771
0.362587
0.783729
0.277420
0.957497
0.492730
0.709749
0.619175
0.191993
0.322056
0.059965
0.046145
0.159923
0.581486
0.316436
0.952741
0.035729
0.583711
0.613261
0.714774
0.429404
0.524282
0.181897
0.439869
0.436746
0.832990
0.721415
0.992667
0.101451
0.797572
0.724669
0.599454
0.092582
0.664824
0.118668
0.530413
0.336763
0.017377
0.552420
0.565274
0.960928
0.946816
0.783509
0.882141
0.932342
0.607118
0.386663
0.468077
0.184449
0.975666
0.542181
0.021757
0.428787
0.399659
0.126278
0.931393
0.711504
0.601928
0.728379
0.360918
0.922331
0.872541
0.899024
0.702131
0.242933
0.842715
0.018824
0.869425
0.968103
0.572490
0.191590
0.708228
0.976079
0.471314
0.096895
0.936917
0.527231
0.752036
0.234765
0.862251
0.975741
0.453011
0.191993
0.960728
0.609480
0.352560
0.449205
0.356402
0.380025
0.875356
0.970236
0.668498
0.864504
0.410504
0.668261
0.128728
0.679505
0.986696
0.330966
0.284644
0.402726
0.822437
0.186748
0.516262
0.304085
0.922041
0.067916
0.236667
0.822644
0.945921
0.065458
0.042285
0.937502
0.197298
0.788007
0.282844
0.474346
0.013752
0.217861
0.421114
0.258609
0.235036
0.222107
0.628887
0.861874
0.959565
0.307555
0.821712
0.660675
0.811033
0.373933
0.485359
0.568297
0.498597
0.872724
0.972160
0.452481
0.611488
0.215572
0.621305
0.454920
0.401834
0.153494
0.300726
0.475757
0.152206
0.941199
0.113806
0.092768
0.651898
0.906935
0.909295
0.964527
0.134435
0.179266
0.133115
0.885906
0.960728
0.434879
0.177853
0.623674
0.405309
0.360548
0.792697
0.273670
0.754650
0.798219
0.396410
0.403519
0.613142
0.418776
0.741523
0.971872
0.750328
0.313820
0.021887
0.545740
0.830958
0.243141
0.836121
0.215193
0.808916
0.006241
0.735888
0.697314
0.051477
0.659371
0.283469
0.154694
0.624977
0.565506
0.296180
0.051459
0.530755
0.594510
0.216778
0.516487
0.739571
0.390544
0.973889
0.561907
0.727220
0.655575
0.364447
0.118744
0.096191
0.991204
0.029173
0.951452
0.207160
0.851253
0.599571
0.913318
0.645609
0.642881
0.475757
0.567832
0.002797
0.369499
0.360826
0.199668
0.632561
0.544132
0.442272
0.113400
0.253539
0.913471
0.842418
0.796708
0.458325
0.885906
0.887121
0.892344
0.209934
0.672761
0.554729
0.209563
0.981488
0.024491
0.887985
0.240370
0.440913
0.599571
0.408101
0.216905
0.142410
0.612433
0.832280
0.394155
0.900663
0.332628
0.980874
0.488543
0.567715
0.765716
0.847056
0.839730
0.745991
0.810822
0.392396
0.574123
0.343973
0.936134
0.245376
0.175538
0.479020
0.489534
0.514686
0.419588
0.420910
0.372514
0.760649
0.505609
0.832381
0.130093
0.568879
0.770086
0.190155
0.115895
0.321799
0.037529
0.688716
0.481639
0.007098
0.340489
0.320773
0.355576
0.207651
0.457366
0.434153
0.389377
0.620003
0.456195
0.344063
0.600396
0.955908
0.197830
0.467754
0.084580
0.239406
0.519983
0.322056
0.062994
0.860647
0.365846
0.887121
0.573773
0.037313
0.933752
0.497044
0.803162
0.548271
0.100717
0.963189
0.039145
0.377829
0.205632
0.663876
0.984198
0.881257
0.096350
0.023484
0.269355
0.702835
0.511092
0.535087
0.274203
0.812089
0.367435
0.978716
0.747933
0.691899
0.035228
0.347481
0.791500
0.042879
0.888329
0.799727
0.265537
0.366219
0.645491
0.946935
0.526663
0.896874
0.012509
0.391225
0.419791
0.642169
0.772096
0.909608
0.180468
0.668142
0.480983
0.937566
0.139693
0.238787
0.300971
0.308302
0.695314
0.494277
0.139870
0.567599
0.014403
0.036858
0.455345
0.943064
0.777212
0.876438
0.176020
0.429404
0.340400
0.137194
0.649050
0.098643
0.491627
0.316013
0.128399
0.558546
0.365846
0.097960
0.705885
0.098970
0.854731
0.221913
0.240094
0.634103
0.967071
0.927809
0.020966
0.757824
0.733813
0.589692
0.903098
0.813353
0.143130
0.475757
0.986250
0.001313
0.693312
0.584883
0.134178
0.258901
0.551266
0.273975
0.995787
0.871445
0.341737
0.923414
0.459284
0.579848
0.630428
0.561095
0.481748
0.541034
0.027003
0.143085
0.532463
0.375545
0.158098
0.254835
0.223928
0.473479
0.081529
0.640152
0.643118
0.772765
0.214246
0.755444
0.419690
0.198836
0.328527
0.609598
0.133370
0.098219
0.350287
0.541034
0.890558
0.495494
0.248122
0.707993
0.323171
0.602046
0.554036
0.823781
0.262203
0.884599
0.816712
0.619530
0.067265
0.608063
0.333417
0.812722
0.525189
0.097960
0.989979
0.047525
0.630072
0.993515
0.296342
0.509859
0.424582
0.216714
0.830143
0.175217
0.306312
0.583242
0.684703
0.280743
0.645965
0.196474
0.385986
0.611842
0.010317
0.726409
0.555307
0.034357
0.217032
0.502487
0.796708
0.420300
0.008924
0.949452
0.837428
0.743816
0.424685
0.037965
0.088264
0.720601
0.056811
0.730578
0.330791
0.889446
0.342988
0.158295
0.402527
0.138417
0.326793
0.077676
0.643237
0.869517
0.860836
0.269280
0.079245
0.302935
0.500929
0.218053
0.508851
0.457685
0.543787
0.902775
0.537943
0.235511
0.350922
0.782077
0.581954
0.790519
0.879215
0.062755
0.751809
0.450683
0.587697
0.405309
0.286451
0.286294
0.373933
0.353016
0.525189
0.257443
0.056911
0.631969
0.275196
0.165451
0.343167
0.708813
0.951338
0.228931
0.424582
0.202602
0.722927
0.871902
0.767623
0.136500
0.232001
0.090385
0.981584
0.058440
0.935871
0.272378
0.092336
0.834204
0.609125
0.337648
0.268378
0.499707
0.829327
0.639203
0.576341
0.452164
0.835718
0.304661
0.627465
0.124507
0.046524
0.365099
0.751695
0.319748
0.485579
0.179593
0.892767
0.099462
0.314072
0.933351
0.232471
0.064806
0.730578
0.828509
0.650830
0.352105
0.569461
0.155661
0.929130
0.636475
0.995500
0.051677
0.439035
0.161615
0.167450
0.488873
0.209625
0.704947
0.410504
0.437682
0.610188
0.373365
0.871536
0.818071
0.441331
0.816817
0.963909
0.607945
0.213994
0.257443
0.164536
0.842418
0.348656
0.484592
0.361938
0.296746
0.465387
0.001018
0.001825
0.668379
0.217223
0.816188
0.766390
0.282923
0.924632
0.722927
0.238307
0.921532
0.536343
0.972730
0.956918
0.137107
0.145492
0.505609
0.188389
0.802519
0.516037
0.594628
0.431053
0.324203
0.759520
0.082109
0.024292
0.255702
0.646440
0.438306
0.911163
0.204658
0.932274
0.748047
0.061207
0.063564
0.536571
0.269882
0.117864
0.913547
0.951621
0.604168
0.378592
0.038212
0.415537
0.094011
0.807429
0.808279
0.679978
0.862345
0.031321
0.621187
0.691545
0.098219
0.416042
0.756918
0.861969
0.758616
0.197239
0.129886
0.282065
0.918443
0.911395
0.507173
0.970872
0.939110
0.213994
0.065866
0.855884
0.215572
0.750898
0.125028
0.035355
0.777655
0.868687
0.701896
0.792153
0.740605
0.144671
0.966343
0.979303
0.042925
0.510532
0.447624
0.741293
0.682932
0.631850
0.045998
0.327226
0.158639
0.660794
0.172983
0.505051
0.950942
0.732543
0.917251
0.324806
0.152159
0.935477
0.940633
0.639084
0.513674
0.020856
0.558894
0.875536
0.721415
0.046047
0.291286
0.747476
0.044898
0.960878
0.462920
0.998684
0.103203
0.590162
0.056871
0.499818
0.259632
0.608417
0.895541
0.191878
0.585351
0.684467
0.717806
0.170197
0.348656
0.506056
0.924561
0.153159
0.680214
0.628531
0.095649
0.073183
0.085467
0.883899
0.867113
0.252105
0.535543
0.813459
0.170877
0.926969
0.065866
0.960628
0.762454
0.078897
0.527344
0.162617
0.704947
0.697196
0.825534
0.984855
0.682459
0.485798
0.796383
0.866927
0.306560
0.126440
0.213114
0.000875
0.677376
0.319322
0.945621
0.153781
0.429301
0.423152
0.934684
0.738306
0.416547
0.353381
0.130093
0.077124
0.295938
0.075798
0.387050
0.816817
0.902936
0.789428
0.517839
0.542869
0.013852
0.000222
0.667076
0.622371
0.189869
0.066002
0.378306
0.382230
0.689423
0.091508
0.897952
0.247415
0.972527
0.834710
0.980082
0.357504
0.258755
0.415638
0.655101
0.688952
0.655101
0.160468
0.598158
0.688598
0.185176
0.503044
0.638728
0.525756
0.498153
0.175431
0.337559
0.919258
0.573307
0.746448
0.413822
0.926969
0.241060
0.798866
0.497487
0.175645
0.306312
0.551151
0.853961
0.722345
0.693548
0.035164
0.254475
0.345140
0.990635
0.163372
0.450155
0.585117
0.936199
0.793566
0.759746
0.930026
0.820362
0.469371
0.440600
0.991204
0.663283
0.420401
0.665773
0.504940
0.298447
0.439765
0.171612
0.845384
0.874903
0.971665
0.141202
0.478693
0.352287
0.642050
0.461635
0.970998
0.107315
0.138154
0.563300
0.671340
0.990552
0.432602
0.814930
0.675365
0.321286
0.543099
0.481748
0.589340
0.517839
0.355210
0.157559
0.925202
0.557042
0.839930
0.523942
0.420808
0.432705
0.565623
0.838330
0.354569
0.540347
0.539087
0.515699
0.217606
0.927600
0.249752
0.270712
0.019370
0.966617
0.444052
0.241060
0.022125
0.604404
0.305734
0.978436
0.972892
0.730231
0.551958
0.640033
0.401141
0.863098
0.810081
0.089513
0.857797
0.492620
0.084922
0.593334
0.303345
0.968014
0.577626
0.605466
0.453859
0.916577
0.207528
0.531894
0.677849
0.221266
0.302361
0.815560
0.506503
0.756578
0.989406
0.381079
0.813143
0.562139
0.318982
0.626043
0.391128
0.045704
0.158442
0.287161
0.581486
0.399264
0.557389
0.254043
0.100253
0.052724
0.807642
0.213868
0.023660
0.311219
0.413419
0.865531
0.822230
0.804018
0.769191
0.463563
0.725133
0.319322
0.558894
0.739801
0.778098
0.950714
0.818801
0.849013
0.772988
0.822644
0.677140
0.939174
0.279349
0.135895
0.653677
0.893105
0.444052
0.435812
0.626872
0.092830
0.069976
0.875084
0.595216
0.114066
0.026637
0.556463
0.763918
0.371382
0.554267
0.487774
0.025728
0.663283
0.136803
0.750670
0.740605
0.289059
0.533033
0.206364
0.345589
0.493172
0.592159
0.833192
0.293686
0.624147
0.473587
0.323515
0.060070
0.663521
0.219654
0.875175
0.959412
0.949279
0.076862
0.895207
0.015262
0.412613
0.120678
0.700957
0.943556
0.573307
0.447519
0.277959
0.081309
0.968721
0.301052
0.677376
0.730693
0.968501
0.040520
0.959208
0.466140
0.153446
0.809764
0.037018
0.997170
0.377162
0.106754
0.582422
0.405707
0.645135
0.525302
0.702131
0.327833
0.207897
0.532235
0.094985
0.508627
0.707759
0.579965
0.111751
0.211738
0.435812
0.141470
0.596275
0.373176
0.326966
0.506838
0.803804
0.306230
0.475214
0.065753
0.557736
0.148817
0.469694
0.269204
0.370911
0.521792
0.966754
0.164587
0.282610
0.872450
0.869977
0.996400
0.988601
0.418878
0.605938
0.326014
0.979337
0.267254
0.801447
0.676430
0.795409
0.670867
0.722578
0.028843
0.514349
0.559821
0.846859
0.580199
0.126359
0.813985
0.152064
0.555654
0.217861
0.770533
0.769639
0.099166
0.371099
0.896209
0.418675
0.556348
0.973213
0.690838
0.244746
0.824400
0.820258
0.130843
0.333241
0.212801
0.638135
0.078364
0.623437
0.987108
0.907409
0.878411
0.697431
0.163322
0.603225
0.924632
0.236123
0.748618
0.358149
0.084325
0.235851
0.211738
0.071209
0.418776
0.638491
0.347210
0.966480
0.529731
0.866090
0.475323
0.599100
0.893696
0.955961
0.481092
0.400153
0.677140
0.144080
0.346760
0.397688
0.896125
0.421826
0.381270
0.993066
0.883109
0.967071
0.478802
0.651423
0.534516
0.702366
0.846368
0.368842
0.137848
0.909452
0.886774
0.939365
0.126480
0.078897
0.831365
0.744732
0.741179
0.898447
0.638610
0.261393
0.740605
0.419791
0.683050
0.152920
0.736925
0.192802
0.972405
0.602753
0.176989
0.535315
0.313988
0.047206
0.530186
0.732312
0.183781
0.212613
0.805619
0.636119
0.886341
0.444891
0.642525
0.776435
0.980315
0.656050
0.975438
0.373176
0.777434
0.300644
0.971375
0.377733
0.928019
0.550459
0.825328
0.071209
0.069307
0.468723
0.747819
0.293926
0.488434
0.165962
0.086564
0.341737
0.654864
0.578211
0.827383
0.300073
0.504159
0.842418
0.890388
0.363330
0.890131
0.422846
0.267703
0.736810
0.942632
0.130176
0.076576
0.538286
0.332365
0.592276
0.089274
0.952015
0.476843
0.108622
0.737961
0.117826
0.372231
0.208143
0.972324
0.870253
0.062343
0.957497
0.502153
0.858939
0.358241
0.207344
0.789428
0.145081
0.622371
0.023068
0.259193
0.127171
0.773322
0.828202
0.709749
0.655694
0.286294
0.051550
0.449205
0.334999
0.916877
0.131891
0.551958
0.959870
0.965185
0.878947
0.135163
0.135206
0.362958
0.498597
0.297312
0.987285
0.822747
0.949625
0.279426
0.625806
0.825328
0.032568
0.323000
0.138198
0.311387
0.716874
0.004843
0.164181
0.702131
0.983314
0.836825
0.396017
0.545280
0.140224
0.912935
0.220169
0.603225
0.407402
0.600985
0.119322
0.688952
0.647389
0.175056
0.503490
0.736579
0.199846
0.964479
0.400054
0.151211
0.471747
0.842914
0.127948
0.411709
0.317029
0.471531
0.608889
0.878858
0.173990
0.583594
0.804338
0.932139
0.991164
0.344691
0.557736
0.439974
0.298203
0.852706
0.319663
0.036978
0.645965
0.770309
0.998150
0.972364
0.632917
0.124107
0.471098
0.748504
0.305404
0.820570
0.776102
0.686828
0.142545
0.337914
0.938726
0.855884
0.887639
0.792479
0.646915
0.089693
0.486346
0.923486
0.008592
0.834305
0.919627
0.256572
0.032568
0.867484
0.098839
0.866277
0.258536
0.132312
0.878590
0.386180
0.898694
0.064293
0.326879
0.540118
0.799404
0.333944
0.071674
0.155854
0.408201
0.095554
0.464314
0.882141
0.855692
0.311805
0.386373
0.337736
0.690956
0.097507
0.492068
0.543099
0.912166
0.717107
0.656999
0.870069
0.899024
0.052079
0.306560
0.263311
0.510868
0.248971
0.923845
0.001484
0.516712
0.653559
0.771538
0.379930
0.193903
0.189356
0.476409
0.448151
0.758955
0.396115
0.393861
0.439348
0.446572
0.208081
0.334735
0.214877
0.463992
0.565623
0.537371
0.986540
0.146870
0.106474
0.102055
0.064829
0.382902
0.262794
0.082888
0.122441
0.849599
0.608063
0.861308
0.588284
0.723275
0.256572
0.694961
0.560748
0.834508
0.441540
0.201760
0.735542
0.518742
0.888501
0.925486
0.230729
0.454389
0.357321
0.296503
0.823575
0.990841
0.680923
0.086855
0.803804
0.728842
0.934882
0.290808
0.858749
0.297150
0.422642
0.050169
0.193207
0.960678
0.434568
0.570160
0.011676
0.418979
0.172349
0.461100
0.808810
0.222756
0.024710
0.295052
0.989450
0.090748
0.644779
0.619293
0.327226
0.341558
0.360548
0.444262
0.295696
0.161665
0.058196
0.812722
0.752378
0.984024
0.171769
0.877874
0.400943
0.913547
0.005681
0.032049
0.055690
0.101250
0.528139
0.777766
0.036342
0.636119
0.117826
0.770756
0.430228
0.820258
0.621661
0.664469
0.318727
0.565855
0.240301
0.235240
0.597923
0.694961
0.039528
0.435293
0.684467
0.330181
0.812932
0.591571
0.639796
0.821297
0.255992
0.760424
0.035062
0.638017
0.562023
0.127294
0.532007
0.517050
0.458858
0.145767
0.524735
0.057651
0.998332
0.624503
0.351195
0.295454
0.695549
0.483169
0.482403
0.266283
0.034519
0.351741
0.748162
0.435190
0.547580
0.588401
0.398082
0.097249
0.209686
0.474238
0.017809
0.502265
0.829123
0.215572
0.017755
0.180468
0.265091
0.947231
0.299259
0.515136
0.707525
0.404911
0.042209
0.667550
0.928436
0.043017
0.361104
0.977295
0.765379
0.381654
0.845483
0.282454
0.475105
0.123391
0.438931
0.889275
0.592394
0.334735
0.149752
0.367529
0.572141
0.706471
0.175859
0.798111
0.597923
0.208266
0.531780
0.402329
0.348385
0.062300
0.718273
0.134948
0.445836
0.385986
0.418269
0.342809
0.564925
0.881876
0.171087
0.311721
0.697314
0.439869
0.162316
0.100717
0.862722
0.259632
0.970194
0.329658
0.580433
0.186523
0.783839
0.635052
0.616217
0.184170
0.198717
0.912705
0.741753
0.379834
0.093356
0.886167
0.835012
0.613261
0.955100
0.440809
0.141291
0.211800
0.130718
0.393177
0.216524
0.448889
0.157706
0.101987
0.382326
0.207037
0.888415
0.270108
0.051951
0.046491
0.541952
0.453117
0.681750
0.795518
0.030085
0.916427
0.598629
0.080407
0.577860
0.157853
0.048426
0.634103
0.709983
0.709398
0.000626
0.998306
0.453753
0.472721
0.459071
0.092090
0.276805
0.208266
0.367155
0.955854
0.684231
0.028896
0.593099
0.562139
0.984883
0.688244
0.059301
0.159131
0.554845
0.826254
0.384635
0.306395
0.882141
0.080461
0.419385
0.957915
0.225564
0.892429
0.806365
0.089543
0.077491
0.103680
0.170511
0.923198
0.468616
0.744274
0.975438
0.102122
0.908119
0.431569
0.247839
0.533261
0.853865
0.363423
0.923630
0.862251
0.877157
0.515136
0.700605
0.987411
0.922041
0.017595
0.320090
0.149705
0.724204
0.077491
0.242307
0.629242
0.366313
0.030619
0.367155
0.503378
0.910465
0.116536
0.320431
0.000379
0.387050
0.078046
0.753060
0.041194
0.867854
0.928088
0.812827
0.076057
0.197889
0.257589
0.748162
0.603579
0.660794
0.333768
0.276805
0.163827
0.501931
0.722578
0.306892
0.862816
0.221783
0.786145
0.915598
0.932679
0.142680
0.388406
0.284644
0.006419
0.626161
0.596745
0.829123
0.932544
0.802519
0.602753
0.861214
0.636238
0.284722
0.149611
0.243908
0.063674
0.703305
0.764368
0.285743
0.589692
0.986409
0.381462
0.420605
0.989066
0.816188
0.211988
0.120990
0.797032
0.225433
0.388116
0.206120
0.265984
0.702131
0.013094
0.387922
0.209315
0.806471
0.765828
0.550690
0.284722
0.636000
0.805832
0.385310
0.435397
0.093388
0.315675
0.267254
0.315084
0.805726
0.377067
0.130634
0.904545
0.210866
0.739686
0.724785
0.326966
0.178124
0.502265
0.071747
0.266507
0.822747
0.248475
0.206120
0.963333
0.061655
0.163827
0.213052
0.975171
0.587110
0.636238
0.220943
0.822954
0.165298
0.032249
0.735658
0.282923
0.532805
0.325496
0.100253
0.168897
0.848231
0.341291
0.561675
0.515249
0.496933
0.487115
0.119669
0.773211
0.742555
0.512214
0.467646
0.609598
0.724204
0.785597
0.212989
0.749645
0.040201
0.832888
0.556348
0.329658
0.804979
0.766614
0.596981
0.424378
0.964337
0.449944
0.098512
0.085151
0.203024
0.601103
0.802519
0.223798
0.027304
0.479565
0.410304
0.553459
0.895039
0.059633
0.171402
0.757031
0.958487
0.680687
0.074951
0.751581
0.640982
0.448045
0.342719
0.970364
0.481857
0.846172
0.450683
0.964432
0.257807
0.283235
0.492951
0.447098
0.792153
0.676193
0.061655
0.456302
0.184561
0.905425
0.357781
0.068667
0.705064
0.924989
0.128235
0.524395
0.294007
0.119322
0.863473
0.281676
0.994704
0.601928
0.292244
0.194718
0.352469
0.793131
0.946459
0.292004
0.989293
0.262941
0.619056
0.838430
0.871353
0.808279
0.648694
0.933952
0.937242
0.866556
0.145218
0.743816
0.595922
0.044373
0.730462
0.834204
0.335087
0.608299
0.286688
0.607236
0.238719
0.700722
0.269505
0.574940
0.520548
0.375925
0.857128
0.762228
0.817862
0.044786
0.830143
0.619648
0.858939
0.068103
0.538630
0.765154
0.350468
0.001529
0.930984
0.590632
0.884948
0.714891
0.958951
0.337736
0.204719
0.087059
0.366967
0.786803
0.318301
0.241337
0.352469
0.943556
0.922621
0.456302
0.491406
0.603932
0.384732
0.286609
0.345949
0.384732
0.563996
0.571441
0.451529
0.361752
0.623910
0.265835
0.769974
0.232539
0.610661
0.429404
0.967836
0.023354
0.325324
0.864971
0.551036
0.199311
0.639677
0.181622
0.216396
0.541378
0.655101
0.310801
0.537028
0.581252
0.451846
0.957915
0.744618
0.459925
0.048529
0.712088
0.497266
0.602164
0.630665
0.122480
0.239062
0.922114
0.524395
0.343794
0.019723
0.506279
0.445416
0.970914
0.291047
0.568879
0.554383
0.078924
0.348837
0.473696
0.385503
0.365192
0.055340
0.975817
0.354569
0.317283
0.218884
0.847840
0.527458
0.431878
0.881699
0.661742
0.201520
0.462384
0.799404
0.279968
0.667076
0.431569
0.922621
0.975400
0.059633
0.659964
0.012855
0.078178
0.140357
0.295858
0.119283
0.536000
0.350377
0.259559
0.282376
0.987955
0.962460
0.539660
0.133370
0.039656
0.836926
0.651898
0.297150
0.393861
0.992579
0.283860
0.801876
0.925841
0.624147
0.943556
0.010442
0.838631
0.185961
0.346940
0.789865
0.836322
0.512776
0.053961
0.915144
0.547925
0.431466
0.684585
0.908826
0.151732
0.809552
0.292884
0.883197
0.033849
0.567367
0.439348
0.521905
0.073459
0.104432
0.532805
0.202181
0.231800
0.417965
0.629242
0.193149
0.280045
0.277959
0.388892
0.408201
0.421317
0.250249
0.258026
0.553228
0.776102
0.703070
0.500707
0.397491
0.927949
0.176881
0.433015
0.210617
0.388989
0.967477
0.975400
0.813564
0.178016
0.323601
0.139340
0.600043
0.302853
0.453965
0.883548
0.839730
0.643118
0.525756
0.037993
0.197770
0.547925
0.966845
0.280200
0.067660
0.808704
0.377162
0.177962
0.157608
0.234156
0.161016
0.158589
0.042209
0.410705
0.200025
0.879125
0.478911
0.191015
0.294328
0.516938
0.901071
0.397589
0.418776
0.996477
0.271392
0.175967
0.922476
0.857224
0.618701
0.335087
0.134563
0.968721
0.054398
0.277574
0.556695
0.764930
0.492620
0.297393
0.215889
0.330878
0.602871
0.642762
0.215509
0.727452
0.756465
0.625806
0.598394
0.612670
0.498819
0.529276
0.702366
0.056003
0.962264
0.129595
0.232404
0.137805
0.678795
0.484921
0.717806
0.754537
0.967477
0.350922
0.636712
0.638373
0.639440
0.658896
0.975438
0.160817
0.933284
0.807110
0.936917
0.460673
0.735658
0.714658
0.847154
0.398476
0.379452
0.104158
0.768632
0.263089
0.353746
0.205327
0.835113
0.040753
0.631969
0.208759
0.471098
0.083900
0.846958
0.690956
0.181787
0.735081
0.511765
0.857987
0.040230
0.167347
0.876168
0.456514
0.069188
0.152634
0.977403
0.107596
0.475974
0.644542
0.620477
0.096127
0.429919
0.211052
0.977906
0.946697
0.085639
0.411006
0.216969
0.898941
0.076238
0.766614
0.254187
0.058705
0.215129
0.370157
0.999543
0.834204
0.890644
0.078630
0.242307
0.366593
0.804552
0.994831
0.760649
0.591924
0.580550
0.078524
0.638728
0.755785
0.084637
0.350922
0.459925
0.379165
0.722229
0.391031
0.162617
0.103850
0.119630
0.707408
0.230863
0.203265
0.314409
0.063939
0.428479
0.726757
0.777101
0.505721
0.630190
0.336057
0.919332
0.233549
0.336763
0.405110
0.266507
0.127457
0.019760
0.007640
0.497155
0.865345
0.499485
0.272985
0.622963
0.748732
0.547120
0.857128
0.892005
0.720485
0.879125
0.229197
0.562023
0.471423
0.019590
0.660438
0.510756
0.292324
0.070192
0.078683
0.716291
0.511878
0.869240
0.548616
0.755218
0.814405
0.597099
0.636238
0.431569
0.909373
0.444891
0.596275
0.095174
0.874269
0.203386
0.194369
0.927179
0.287082
0.233954
0.526663
0.862440
0.544591
0.040505
0.275196
0.921095
0.143130
0.078125
0.737155
0.368185
0.565506
0.604640
0.266656
0.398180
0.375260
0.983965
0.817339
0.238033
0.509075
0.929406
0.152064
0.705885
0.169260
0.381846
0.993218
0.625095
0.204052
0.557157
0.237008
0.584414
0.609125
0.741064
0.984400
0.593805
0.825637
0.637661
0.100717
0.589223
0.595922
0.704009
0.744045
0.751695
0.122087
0.220105
0.650474
0.486676
0.396901
0.283704
0.083393
0.562719
0.663165
0.127784
0.780532
0.690366
0.593099
0.274127
0.322914
0.296746
0.910698
0.567832
0.870804
0.599454
0.524622
0.562487
0.545510
0.494609
0.049535
0.056752
0.095681
0.267329
0.934285
0.980513
0.809658
0.264868
0.393470
0.866090
0.686238
0.658185
0.083337
0.860836
0.704126
0.837327
0.744847
0.996594
0.103850
0.008851
0.011586
0.297150
0.472721
0.942508
0.925770
0.627939
0.676312
0.567018
0.425811
0.640389
0.187369
0.903017
0.978924
0.321029
0.251604
0.000437
0.976563
0.491847
0.553921
0.929613
0.025378
0.817235
0.670630
0.180249
0.647389
0.043047
0.774769
0.929130
0.785597
0.893190
0.971500
0.731965
0.985440
0.153925
0.448678
0.186129
0.244466
0.923054
0.411407
0.837428
0.891240
0.241337
0.936068
0.898694
0.533489
0.027863
0.532349
0.947112
0.128276
0.130927
0.332453
0.512214
0.184115
0.194660
0.734735
0.873543
0.272302
0.160022
0.471855
0.841126
0.443528
0.207283
0.686238
0.211863
0.771091
0.102088
0.685412
0.119206
0.210990
0.837327
0.594628
0.724320
0.008039
0.382999
0.398082
0.442167
0.306230
0.069736
0.392493
0.721183
0.524282
0.775658
0.433532
0.341648
0.829021
0.230129
0.857510
0.389377
0.458538
0.010787
0.476409
0.053208
0.159477
0.708579
0.385793
0.594510
0.749531
0.237896
0.130135
0.199073
0.791064
0.938341
0.715941
0.680687
0.433739
0.796167
0.092768
0.421725
0.611961
0.145492
0.352469
0.045010
0.165095
0.380312
0.911627
0.592394
0.867484
0.559473
0.604758
0.616099
0.220620
0.249467
0.974321
0.234562
0.979200
0.058583
0.809975
0.218436
0.254835
0.175591
0.359994
0.105952
0.083056
0.320602
0.494609
0.333241
0.943923
0.791500
0.726873
0.868871
0.885819
0.995589
0.216587
0.666247
0.594628
0.185680
0.316859
0.950885
0.555192
0.205083
0.442167
0.014211
0.573190
0.715474
0.682341
0.801447
0.744160
0.793892
0.027546
0.949452
0.171717
0.738306
0.831060
0.220814
0.955370
0.912935
0.249397
0.776657
0.109299
0.707759
0.081832
0.841226
0.905025
0.861591
0.930094
0.550920
0.735312
0.036263
0.812194
0.456621
0.021993
0.490084
0.314157
0.631969
0.605466
0.838330
0.328266
0.285036
0.389377
0.487884
0.786584
0.483716
0.541034
0.135679
0.887639
0.330878
0.372514
0.341915
0.807323
0.742555
0.245096
0.817339
0.277651
0.360456
0.846368
0.817339
0.410905
0.462063
0.459178
0.921241
0.782077
0.619530
0.431569
0.233414
0.897123
0.592394
0.424582
0.666247
0.771650
0.919627
0.545740
0.502487
0.868871
0.282766
0.954558
0.754877
0.489203
0.673353
0.151779
0.311638
0.088412
0.632087
0.373082
0.957024
0.035600
0.598511
0.625450
0.612433
0.416649
0.529617
0.942384
0.403321
0.680096
0.068080
0.723972
0.184617
0.265017
0.517276
0.501263
0.162266
0.818279
0.748162
0.741867
0.828509
0.050169
0.380887
0.416345
0.445311
0.852319
0.858083
0.103578
0.252248
0.497155
0.219847
0.012999
0.979644
0.065549
0.270410
0.764480
0.187708
0.418472
0.947526
0.306726
0.641457
0.621187
0.773545
0.967880
0.476735
0.522131
0.624147
0.638728
0.769639
0.577743
0.774101
0.823575
0.959054
0.594981
0.239750
0.951958
0.037058
0.335352
0.315675
0.771650
0.438202
0.632443
0.990697
0.362123
0.914157
0.959002
0.048684
0.251604
0.819530
0.710568
0.668379
0.306478
0.237008
0.773879
0.326447
0.480219
0.334823
0.960477
0.598747
0.047880
0.028610
0.856076
0.944957
0.767287
0.724553
0.956865
0.270787
0.319919
0.064538
0.393470
0.741982
0.549307
0.145813
0.266059
0.482950
0.843310
0.414527
0.575757
0.359163
0.602635
0.300073
0.761552
0.090204
0.279039
0.781084
0.686238
0.698842
0.195946
0.158688
0.046889
0.799081
0.127661
0.293285
0.813143
0.514236
0.938405
0.642881
0.417560
0.489864
0.134264
0.358702
0.890644
0.165962
0.175645
0.981552
0.978083
0.015644
0.552189
0.487005
0.952686
0.475648
0.620950
0.316097
0.465065
0.165757
0.256789
0.292084
0.788007
0.906538
0.885558
0.213365
0.860741
0.666484
0.658541
0.899024
0.387631
0.786255
0.054992
0.950942
0.879571
0.570626
0.309217
0.130384
0.214057
0.164434
0.542410
0.102560
0.824504
0.982770
0.133880
0.553921
0.280821
0.588753
0.821608
0.404712
0.973533
0.630309
0.942879
0.162868
0.394840
0.709398
0.197357
0.857892
0.076941
0.435086
0.755785
0.997618
0.453541
0.234562
0.781305
0.899106
0.166422
0.285586
0.995384
0.642643
0.523602
0.522470
0.668142
0.074265
0.754991
0.689659
0.480329
0.181567
0.321029
0.236735
0.517163
0.144534
0.497931
0.285900
0.959565
0.489203
0.539660
0.276268
0.389960
0.627820
0.015054
0.939937
0.465065
0.331577
0.039942
0.003251
0.522923
0.243629
0.703774
0.162366
0.251819
0.597452
0.579965
0.690956
0.450894
0.715591
0.007001
0.207590
0.318386
0.565971
0.708111
0.194952
0.361474
0.449416
0.946875
0.133752
0.927530
0.335704
0.896459
0.935937
0.759407
0.017568
0.421012
0.019203
0.578328
0.106126
0.740375
0.758729
0.832584
0.327659
0.490745
0.424685
0.187708
0.620595
0.288267
0.486895
0.157510
0.304414
0.722229
0.768296
0.158934
0.344511
0.598158
0.526096
0.114921
0.256137
0.819009
0.542984
0.731503
0.669327
0.599100
0.930916
0.187765
0.526323
0.085237
0.359440
0.034170
0.074290
0.446993
0.243629
0.015077
0.849696
0.710802
0.017377
0.816188
0.939937
0.889275
0.677376
0.283391
0.583125
0.929819
0.292084
0.131891
0.985163
0.822540
0.737270
0.941886
0.134178
0.040244
0.462063
0.129223
0.496712
0.523036
0.695314
0.580784
0.987561
0.831670
0.008920
0.534402
0.185400
0.740145
0.432292
0.354935
0.162266
0.660794
0.002978
0.893864
0.012494
0.038753
0.257153
0.455557
0.206670
0.693548
0.535886
0.636238
0.613497
0.022183
0.677495
0.688480
0.452693
0.927390
0.232875
0.096702
0.749303
0.664587
0.710685
0.432912
0.261687
0.775769
0.290251
0.919848
0.159823
0.305816
0.346669
0.894872
0.666721
0.105051
0.724436
0.339510
0.660675
0.035625
0.594628
0.545510
0.812405
0.055651
0.576225
0.607590
0.109120
0.315759
0.068056
0.889275
0.315421
0.226090
0.183503
0.205753
0.285193
0.982555
0.147563
0.347662
0.263385
0.453435
0.793892
0.487225
0.802733
0.770756
0.846663
0.163070
0.064094
0.197063
0.021789
0.375355
0.114214
0.939493
0.231733
0.398180
0.048477
0.144625
0.607708
0.915522
0.477061
0.019812
0.284565
0.841226
0.034494
0.616335
0.676548
0.911781
0.013852
0.158589
0.663283
0.087410
0.679505
0.279503
0.017051
0.843805
0.600514
0.096031
0.131849
0.070505
0.706705
0.352743
0.294810
0.372798
0.966981
0.703305
0.054188
0.485030
0.800910
0.956228
0.233683
0.310718
0.846467
0.165400
0.581252
0.576108
0.253971
0.189755
0.700840
0.779205
0.746219
0.780974
0.453647
0.723275
0.075182
0.880282
0.778873
0.879482
0.663402
0.555423
0.871902
0.092706
0.701662
0.818175
0.723856
0.328440
0.600160
0.036460
0.238513
0.940759
0.962947
0.701662
0.872633
0.747248
0.085323
0.062668
0.870895
0.113769
0.055263
0.106999
0.547235
0.417661
0.405707
0.088175
0.507397
0.306809
0.011286
0.754877
0.081336
0.652016
0.437578
0.644186
0.045916
0.938918
0.294730
0.173142
0.416952
0.365659
0.052134
0.633747
0.221330
0.117103
0.332803
0.399166
0.195536
0.712439
0.396606
0.759181
0.756691
0.115895
0.621305
0.631376
0.179702
0.568879
0.159329
0.250036
0.388892
0.876977
0.905425
0.585234
0.081998
0.412613
0.031979
0.177313
0.899927
0.910309
0.051260
0.489754
0.051170
0.880282
0.627939
0.212989
0.577042
0.844299
0.975552
0.369029
0.910309
0.814825
0.394057
0.054915
0.366780
0.660082
0.430125
0.222172
0.179538
0.386566
0.530755
0.552651
0.113326
0.959616
0.765042
0.677613
0.807429
0.489864
0.310217
0.478911
0.229929
0.855980
0.992525
0.868317
0.284957
0.963237
0.594981
0.161066
0.012018
0.096382
0.528594
0.436331
0.616572
0.475214
0.995884
0.811456
0.503156
0.511653
0.620713
0.800803
0.870804
0.506838
0.668498
0.558894
0.071674
0.045965
0.200443
0.483826
0.928783
0.186748
0.687772
0.424889
0.400647
0.157070
0.122955
0.000282
0.386760
0.851350
0.722345
0.611133
0.509859
0.159230
0.486127
0.994915
0.304332
0.855596
0.051170
0.312057
0.466677
0.088946
0.721066
0.602517
0.203386
0.862910
0.421623
0.641931
0.969851
0.381558
0.961674
0.566087
0.821815
0.634814
0.721532
0.833091
0.130718
0.640152
0.556463
0.186805
0.401636
0.756578
0.425708
0.540805
0.784168
0.871994
0.758050
0.417762
0.710451
0.487774
0.595098
0.869240
0.316097
0.421826
0.868871
0.772207
0.152396
0.007846
0.604640
0.550229
0.183614
0.660912
0.156048
0.833699
0.932207
0.880282
0.348656
0.939429
0.936657
0.950998
0.928088
0.784718
0.448256
0.459605
0.930984
0.667195
0.253252
0.500818
0.300318
0.867762
0.577159
0.388697
0.003557
0.607236
0.732543
0.402230
0.512214
0.300073
0.460138
0.702718
0.567367
0.431982
0.345050
0.312057
0.608063
0.375925
0.246218
0.334383
0.178721
0.328701
0.338800
0.586524
0.198303
0.425401
0.584648
0.618938
0.683641
0.180358
0.689777
0.567832
0.452164
0.202783
0.574007
0.981360
0.578094
0.191360
0.418675
0.927670
0.696961
0.724088
0.670038
0.340934
0.743587
0.255341
0.504940
0.653796
0.645847
0.189869
0.763467
0.613970
0.747476
0.221201
0.517050
0.180304
0.942879
0.630428
0.012815
0.412412
0.363516
0.038767
0.043995
0.672761
0.582188
0.314662
0.172613
0.385021
0.896292
0.316267
0.060489
0.095364
0.522244
0.303756
0.420706
0.543902
0.639677
0.642762
0.773099
0.406205
0.918666
0.530413
0.769191
0.227804
0.874813
0.206364
0.456195
0.822333
0.345050
0.660082
0.962215
0.056219
0.540347
0.723856
0.013600
0.586289
0.146180
0.337117
0.448994
0.389280
0.432498
0.106091
0.447519
0.033555
0.843805
0.896042
0.590867
0.020508
0.341202
0.074214
0.422642
0.400153
0.055905
0.374596
0.978225
0.959259
0.617518
0.243420
0.395821
0.568414
0.135679
0.697196
0.545395
0.493835
0.495162
0.060953
0.555770
0.246852
0.373082
0.489534
0.156437
0.669209
0.361845
0.781415
0.898282
0.416547
0.419081
0.261540
0.905265
0.504605
0.151732
0.517614
0.760762
0.271771
0.583828
0.584765
0.129554
0.056455
0.105259
0.767735
0.767175
0.798111
0.602635
0.187539
0.499152
0.359809
0.463456
0.929268
0.919184
0.810081
0.830449
0.309966
0.096510
0.660082
0.205510
0.812300
0.470018
0.277805
0.599100
0.360918
0.454177
0.517050
0.009591
0.868317
0.427657
0.817653
0.186748
0.661149
0.550344
0.603107
0.307472
0.800050
0.348113
0.688834
0.506503
0.800480
0.792914
0.331140
0.208389
0.420910
0.450366
0.726989
0.053677
0.157217
0.958642
0.222237
0.238444
0.369029
0.131681
0.615862
0.650711
0.618228
0.861686
0.539660
0.704595
0.193381
0.717806
0.430640
0.190556
0.965465
0.110447
0.634814
0.754423
0.918740
0.420401
0.270184
0.860647
0.486346
0.118476
0.762792
0.569694
0.051314
0.807642
0.431878
0.472071
0.735427
0.672643
0.684231
0.888501
0.160916
0.703422
0.330181
0.832584
0.934285
0.118591
0.033142
0.096510
0.883548
0.600514
0.895541
0.631020
0.686238
0.502821
0.502821
0.071478
0.350196
0.960828
0.699782
0.544706
0.318897
0.168430
0.476626
0.897703
0.580316
0.929130
0.782518
0.849404
0.576225
0.867577
0.349289
0.575290
0.587228
0.675365
0.843904
0.364447
0.749417
0.566901
0.013569
0.567134
0.120600
0.837729
0.720368
0.359717
0.875084
0.268904
0.305816
0.973333
0.928506
0.581252
0.042756
0.863755
0.636949
0.665891
0.363888
0.851058
0.647271
0.175699
0.915522
0.133795
0.138023
0.348475
0.517501
0.718622
0.313399
0.574007
0.909139
0.865718
0.486895
0.327052
0.484373
0.558199
0.238170
0.719088
0.441122
0.688126
0.228334
0.637780
0.438515
0.683050
0.948172
0.049693
0.883548
0.290171
0.123987
0.588284
0.792914
0.187143
0.515812
0.268828
0.031286
0.323515
0.100386
0.388794
0.604876
0.607354
0.380504
0.745304
0.661861
0.471747
0.718855
0.837628
0.971583
0.951282
0.398180
0.592394
0.619885
0.267478
0.592982
0.795193
0.831975
0.448994
0.684231
0.919480
0.923774
0.568181
0.138373
0.791935
0.302525
0.405010
0.190270
0.599336
0.941449
0.964951
0.616453
0.327139
0.513337
0.092891
0.246852
0.822230
0.601574
0.121969
0.704243
0.779979
0.890473
0.911395
0.975056
0.279503
0.727568
0.826767
0.999633
0.568064
0.878679
0.702718
0.635882
0.709164
0.913852
0.728726
0.780090
0.231197
0.203749
0.939046
0.919110
0.134905
0.161315
0.049693
0.068361
0.071355
0.671340
0.888329
0.407502
0.995614
0.608889
0.508180
0.463027
0.005756
0.798543
0.568064
0.093699
0.190384
0.417965
0.645609
0.281987
0.540920
0.474455
0.821712
0.851253
0.507956
0.382422
0.229396
0.035394
0.917625
0.932679
0.712322
0.454283
0.738191
0.466140
0.431259
0.279735
0.673590
0.223407
0.490194
0.898612
0.188673
0.100717
0.875175
0.904945
0.311973
0.255413
0.205023
0.424992
0.196886
0.351013
0.538630
0.827895
0.468831
0.963382
0.627820
0.898282
0.573307
0.938019
0.369405
0.474129
0.008321
0.815245
0.049763
0.712088
0.394155
0.195244
0.611252
0.552766
0.556001
0.954992
0.433946
0.383961
0.169676
0.177313
0.085037
0.056990
0.487335
0.068361
0.335792
0.186354
0.201760
0.247486
0.917625
0.744503
0.622134
0.570509
0.524508
0.857797
0.911163
0.065481
0.254619
0.699665
0.686592
0.960477
0.707876
0.438827
0.774880
0.457046
0.726409
0.010494
0.647864
0.100187
0.303017
0.764255
0.657710
0.627346
0.521339
0.339866
0.763580
0.573190
0.968413
0.836020
0.786693
0.506838
0.023554
0.815874
0.043496
0.755898
0.708930
0.560632
0.958797
0.033469
0.674418
0.654152
0.596510
0.544476
0.957497
0.695196
0.497820
0.929613
0.204052
0.372514
0.440078
0.377448
0.655694
0.013373
0.766951
0.185961
0.575524
0.671340
0.811561
0.258974
0.955908
0.154743
0.655694
0.890131
0.988003
0.342898
0.969765
0.276345
0.487335
0.238856
0.863567
0.854924
0.934152
0.771761
0.583711
0.913471
0.902370
0.105190
0.848720
0.482622
0.716408
0.795084
0.843904
0.316520
0.212050
0.594157
0.697549
0.885558
0.797248
0.050399
0.794651
0.769862
0.665654
0.344511
0.845581
0.906856
0.240025
0.682696
0.599807
0.220040
0.551151
0.942260
0.760311
0.437682
0.930574
0.727220
0.203386
0.941512
0.963382
0.990511
0.723275
0.899845
0.084751
0.350922
0.166679
0.146962
0.852028
0.473154
0.658778
0.411006
0.244257
0.643118
0.043480
0.847154
0.418472
0.597687
0.295213
0.429816
0.960174
0.053904
0.731387
0.781084
0.945320
0.126561
0.176289
0.949279
0.496490
0.024728
0.868964
0.242307
0.505163
0.250677
0.082972
0.238856
0.571441
0.699900
0.988531
0.528026
0.286688
0.931121
0.697196
0.091998
0.458325
0.647864
0.282844
0.434257
0.047005
0.254475
0.834103
0.920289
0.451423
0.214309
0.979576
0.505944
0.251176
0.743702
0.964951
0.032926
0.550920
0.708696
0.787351
0.426221
0.830653
0.637542
0.252749
0.359809
0.108267
0.334911
0.203930
0.862440
0.644779
0.704243
0.431362
0.807748
0.454708
0.647033
0.440809
0.456940
0.103373
0.666128
0.077913
0.309050
0.228533
0.906856
0.648576
0.648457
0.350559
0.442900
0.385407
0.338002
0.424787
0.342898
0.189698
0.669445
0.947644
0.190270
0.014381
0.474671
0.622726
0.014838
0.386276
0.618465
0.304167
0.006837
0.042649
0.502487
0.082972
0.392200
0.496268
0.987386
0.135034
0.816293
0.892683
0.111206
0.586993
0.451317
0.195185
0.492730
0.964574
0.625332
0.186073
0.950714
0.786145
0.710802
0.564577
0.203024
0.082972
0.243559
0.094261
0.538858
0.110339
0.221201
0.651898
0.856650
0.659134
0.051550
0.625569
0.081474
0.682578
0.909686
0.271998
0.401240
0.263089
0.030041
0.512888
0.103919
0.639796
0.322656
0.478367
0.590514
0.145081
0.319578
0.408101
0.724088
0.959514
0.284330
0.670630
0.426323
0.651779
0.014945
0.925557
0.177097
0.363702
0.571441
0.758163
0.242516
0.896791
0.151874
0.143220
0.537829
0.601339
0.377733
0.462813
0.768855
0.551612
0.345769
0.571325
0.975438
0.461207
0.990194
0.431156
0.392200
0.133837
0.276652
0.787131
0.086710
0.258244
0.320944
0.493393
0.013119
0.145081
0.392396
0.483716
0.227672
0.021595
0.377448
0.735773
0.415032
0.053791
0.397491
0.010281
0.148910
0.295454
0.567250
0.902046
0.597334
0.370722
0.219783
0.465280
0.080980
0.527685
0.272302
0.689305
0.696726
0.375735
0.078417
0.546200
0.414729
0.759068
0.488104
0.696961
0.432498
0.083533
0.920216
0.857606
0.691427
0.758955
0.226616
0.519080
0.619175
0.783949
0.875626
0.571558
0.086797
0.426938
0.378974
0.914614
0.120522
0.532919
0.505721
0.809975
0.638728
0.148537
0.212676
0.848525
0.769079
0.361104
0.500707
0.447414
0.319322
0.582891
0.715824
0.074341
0.529390
0.431156
0.099527
0.519758
0.459391
0.004317
0.310551
0.734043
0.264126
0.001778
0.653915
0.479129
0.763017
0.322056
0.317877
0.679741
0.820778
0.459071
0.211052
0.044898
0.306395
0.694725
0.936917
0.776213
0.071185
0.124027
0.951958
0.556695
0.161815
0.767847
0.609834
0.882845
0.087910
0.710802
0.224255
0.419182
0.641694
0.502487
0.576925
0.323429
0.932612
0.147331
0.254187
0.553228
0.557389
0.066299
0.213428
0.156000
0.802519
0.703187
0.220749
0.542984
0.114697
0.173036
0.233549
0.548501
0.180962
0.029226
0.555307
0.480329
0.454389
0.418979
0.455770
0.496490
0.574707
0.945621
0.622608
0.670867
0.943126
0.805832
0.148817
0.292164
0.050240
0.644304
0.059198
0.478149
0.099527
0.533147
0.691545
0.335352
0.255413
0.130551
0.004503
0.941824
0.979712
0.023432
0.495826
0.471747
0.501819
0.530755
0.501819
0.152682
0.151211
0.622371
0.280976
0.766951
0.665061
0.260658
0.642881
0.215889
0.000839
0.447098
0.276268
0.688126
0.166371
0.547235
0.574473
0.864317
0.115670
0.440287
0.958694
0.709983
0.070796
0.033481
0.029909
0.091722
0.065775
0.895123
0.134948
0.549768
0.056003
0.479565
0.986540
0.478258
0.370157
0.627109
0.159626
0.059633
0.561559
0.787898
0.078603
0.918666
0.230529
0.850961
0.036898
0.600749
0.967791
0.036566
0.376496
0.892174
0.800158
0.526323
0.642999
0.237213
0.135981
0.914386
0.432602
0.023907
0.342094
0.478149
0.006717
0.945621
0.259120
0.933618
0.271695
0.915674
0.960477
0.805406
0.480983
0.340934
0.334559
0.499596
0.851155
0.600160
0.879838
0.411006
0.880193
0.061698
0.720834
0.760198
0.075028
0.644304
0.070868
0.921095
0.495494
0.026520
0.938982
0.107702
0.399758
0.038991
0.077676
0.889361
0.894368
0.013089
0.615625
0.895458
0.461956
0.571208
0.007559
0.404513
0.790737
0.335352
0.782848
0.289694
0.523942
0.374217
0.247274
0.679268
0.799189
0.290489
0.913241
0.368654
0.586055
0.478911
0.203205
0.990635
0.782738
0.031562
0.159477
0.289694
0.581252
0.212864
0.644423
0.030855
0.304661
0.860457
0.796708
0.356035
0.882581
0.889189
0.752946
0.724320
0.005245
0.234156
0.006717
0.123034
0.448572
0.985550
0.296342
0.933819
0.758955
0.261025
0.286609
0.120756
0.494940
0.823058
0.892344
0.416446
0.065866
0.114325
0.402428
0.573540
0.182063
0.686710
0.057329
0.243559
0.253180
0.095111
0.441749
0.778652
0.803697
0.679859
0.164993
0.859224
0.271695
0.446993
0.471855
0.034482
0.162366
0.754991
0.552189
0.340667
0.007983
0.234562
0.789865
0.493724
0.844595
0.332102
0.502042
0.025967
0.403817
0.405110
0.465925
0.094105
0.927320
0.351195
0.155467
0.974864
0.878858
0.034859
0.713140
0.869517
0.929682
0.644423
0.099758
0.640508
0.236531
0.870987
0.953406
0.436020
0.337914
0.459284
0.954721
0.732081
0.149986
0.336410
0.397983
0.234156
0.365099
0.205571
0.688480
0.990943
0.104879
0.506838
0.749873
0.865625
0.172930
0.201400
0.682696
0.228069
0.159477
0.195536
0.613024
0.554960
0.248475
0.329658
0.451740
0.055963
0.736003
0.849208
0.208513
0.114921
0.678677
0.033457
0.144807
0.051116
0.472396
0.657473
0.841424
0.545395
0.873088
0.743358
0.262720
0.347842
0.190613
0.553690
0.075464
0.787022
0.976747
0.143763
0.300073
0.884861
0.055885
0.334383
0.039956
0.152920
0.021554
0.747933
0.936265
0.104914
0.952741
0.646321
0.094074
0.826664
0.304991
0.480110
0.554845
0.503267
0.245096
0.670748
0.536914
0.195244
0.140846
0.766614
0.635763
0.869056
0.530072
0.223863
0.722927
0.745419
0.565274
0.587462
0.365099
0.829837
0.994604
0.315084
0.511765
0.458218
0.404911
0.738996
0.277959
0.615389
0.357045
0.056851
0.152730
0.117141
0.245376
0.153638
0.347662
0.978855
0.249467
0.079622
0.447835
0.202783
0.248758
0.377829
0.810187
0.650711
0.799081
0.771761
0.448467
0.072413
0.350196
0.715241
0.007285
0.624384
0.089513
0.394057
0.033118
0.480547
0.814825
0.224516
0.304744
0.600514
0.387728
0.808916
0.900663
0.470450
0.081391
0.308717
0.195302
0.371853
0.025718
0.998171
0.597923
0.124747
0.046573
0.875626
0.254187
0.000918
0.123192
0.269280
0.887121
0.099824
0.892259
0.312644
0.875987
0.241129
0.920509
0.204355
0.954340
0.922838
0.352925
0.782297
0.273518
0.587462
0.607945
0.141962
0.352743
0.710334
0.893864
0.169468
0.941886
0.059986
0.022601
0.947112
0.391420
0.753969
0.315675
0.699195
0.771203
0.022693
0.011269
0.390057
0.956600
0.376591
0.564461
0.608889
0.299747
0.621424
0.347120
0.647271
0.737961
0.376401
0.552882
0.540003
0.294650
0.423458
0.154309
0.496822
0.594745
0.841921
0.339955
0.430640
0.342898
0.126359
0.497376
0.432292
0.087206
0.835617
0.971375
0.605584
0.563416
0.767847
0.887812
0.373082
0.640389
0.463456
0.532463
0.521792
0.649881
0.283469
0.830551
0.319834
0.344870
0.537600
0.697196
0.720950
0.088679
0.291605
0.268678
0.812405
0.824813
0.978119
0.652016
0.990780
0.802198
0.575524
0.641813
0.527799
0.607945
0.865625
0.374502
0.930094
0.253899
0.043047
0.859794
0.114697
0.722810
0.804124
0.816293
0.763467
0.091265
0.152682
0.050846
0.877426
0.222172
0.629005
0.157461
0.887034
0.063961
0.504493
0.028821
0.728379
0.088323
0.828509
0.390252
0.857797
0.959054
0.616690
0.556579
0.199192
0.612552
0.416244
0.261982
0.346039
0.274967
0.547925
0.513113
0.973889
0.287951
0.600985
0.186298
0.024202
0.163070
0.007607
0.122205
0.362123
0.739915
0.739111
0.781856
0.768072
0.799835
0.596745
0.933952
0.875084
0.807854
0.351104
0.271923
0.262351
0.359163
0.219654
0.941136
0.190155
0.748162
0.348746
0.231331
0.856937
0.189926
0.965651
0.091508
0.396115
0.387825
0.527799
0.467108
0.149705
0.760875
0.091386
0.086130
0.887121
0.511765
0.088798
0.519193
0.726989
0.873179
0.826459
0.786364
0.052318
0.733582
0.553459
0.852609
0.196474
0.295535
0.745533
0.561791
0.500374
0.611015
0.493835
0.956281
0.030923
0.036093
0.450049
0.482950
0.541149
0.111206
0.729074
0.645491
0.943187
0.634340
0.712672
0.401933
0.937825
0.398574
0.980414
0.233683
0.350015
0.897869
0.224909
0.264719
0.683404
0.601928
0.150833
0.946578
0.596157
0.562835
0.324203
0.476952
0.848622
0.284095
0.758729
0.804552
0.354203
0.369405
0.867854
0.475323
0.976042
0.216270
0.604876
0.905903
0.021068
0.397885
0.400153
0.419182
0.189356
0.611370
0.494277
0.887726
0.120056
0.467108
0.394253
0.557852
0.104983
0.216714
0.257661
0.668853
0.805086
0.092367
0.654033
0.271241
0.695314
0.053358
0.485908
0.405408
0.801983
0.661031
0.371099
0.309383
0.200204
0.857606
0.690484
0.769079
0.667669
0.100154
0.780200
0.874451
0.812405
0.662216
0.666602
0.598982
0.946041
0.994676
0.397294
0.158589
0.677849
0.756238
0.125550
0.335616
0.660082
0.036592
0.577626
0.267778
0.799189
0.631139
0.113695
0.228268
0.293365
0.674300
0.160617
0.658066
0.901315
0.285271
0.132988
0.459178
0.340578
0.244956
0.503936
0.842120
0.635170
0.970065
0.425503
0.828714
0.320687
0.540003
0.598394
0.443738
0.911395
0.161465
0.934882
0.451423
0.671814
0.296423
0.120056
0.732774
0.777434
0.961178
0.037394
0.333505
0.517952
0.326360
0.517501
0.464099
0.562371
0.753855
0.392591
0.442586
0.079111
0.989338
0.296180
0.905105
0.434879
0.423050
0.661742
0.699195
0.260805
0.176989
0.530755
0.954992
0.324806
0.690366
0.947349
0.897455
0.044437
0.483607
0.275273
0.617163
0.802305
0.669445
0.856650
0.755898
0.109585
0.718389
0.035151
0.432395
0.132903
0.165860
0.157902
0.452375
0.746677
0.286294
0.442167
0.896957
0.273441
0.520435
0.675483
0.641813
0.108055
0.987411
0.088530
0.645253
0.483607
0.441122
0.686120
0.310718
0.977040
0.446782
0.338268
0.238513
0.294489
0.576575
0.761326
0.840229
0.220233
0.619293
0.383864
0.319408
0.530755
0.732774
0.984111
0.436020
0.893696
0.441540
0.117864
0.341558
0.993693
0.594275
0.745190
0.717457
0.069688
0.960225
0.835416
0.857128
0.541149
0.387147
0.661387
0.719670
0.734159
0.820154
0.637661
0.171875
0.870253
0.923414
0.717923
0.195595
0.228201
0.808385
0.926265
0.177313
0.654033
0.407402
0.559936
0.177151
0.611606
0.504159
0.984600
0.485250
0.900172
0.851058
0.397786
0.163776
0.819009
0.356310
0.392298
0.317707
0.335087
0.199430
0.577393
0.937502
0.959667
0.344511
0.846467
0.267853
0.256862
0.364447
0.470558
0.098155
0.402428
0.630072
0.053753
0.495272
0.071478
0.614561
0.152064
0.373838
0.668498
0.499596
0.035690
0.809234
0.466355
0.281442
0.522923
0.824916
0.439974
0.401240
0.580784
0.415739
0.550459
0.065300
0.572024
0.563648
0.791391
0.844497
0.283860
0.740834
0.147702
0.671340
0.572607
0.582188
0.606882
0.898859
0.038516
0.506056
0.544132
0.161165
0.526890
0.976079
0.012163
0.485908
0.700605
0.321628
0.130468
0.513225
0.997299
0.688244
0.297717
0.122205
0.679978
0.267478
0.054379
0.244396
0.714774
0.680450
0.454920
0.665417
0.928297
0.787022
0.521226
0.008612
0.173884
0.758390
0.981488
0.258317
0.102493
0.159181
0.537829
0.055340
0.063410
0.095936
0.592629
0.180852
0.107913
0.456833
0.490855
0.634577
0.032096
0.578795
0.932477
0.753855
0.998821
0.823781
0.978681
0.947172
0.010576
0.668735
0.402329
0.824916
0.765154
0.576458
0.918443
0.043823
0.662098
0.909686
0.287082
0.907725
0.884686
0.751126
0.097863
0.552651
0.934219
0.701074
0.584062
0.794000
0.878679
0.215382
0.496712
0.013794
0.435708
0.687418
0.684113
0.491737
0.754764
0.079865
0.282376
0.052410
0.413217
0.014985
0.194136
0.470126
0.086014
0.040782
0.301624
0.362680
0.952963
0.968941
0.385214
0.143718
0.371759
0.117293
0.612906
0.922114
0.879215
0.199668
0.349108
0.592747
0.007939
0.252033
0.884861
0.118668
0.930300
0.510868
0.585000
0.579263
0.670275
0.075233
0.858939
0.274432
0.058216
0.749188
0.428787
0.318132
0.721997
0.999409
0.837127
0.862157
0.105847
0.772430
0.556116
0.249681
0.402329
0.433532
0.320516
0.375640
0.874269
0.687300
0.761101
0.457472
0.654745
0.277882
0.889189
0.088530
0.004345
0.218628
0.615271
0.945741
0.149424
0.319322
0.021692
0.557389
0.540118
0.330355
0.784938
0.914614
0.572840
0.335881
0.607590
0.485359
0.408101
0.089424
0.100220
0.380504
0.695196
0.406205
0.672761
0.450789
0.495383
0.119206
0.771984
0.213680
0.033070
0.042710
0.954394
0.701779
0.719088
0.311554
0.917923
0.190499
0.931257
0.912012
0.008367
0.817548
0.128893
0.432602
0.549998
0.974007
0.589105
0.721183
0.903903
0.756238
0.427451
0.681514
0.516712
0.835416
0.463456
0.703187
0.460245
0.942508
0.902775
0.016244
0.911935
0.632561
0.825945
0.868687
0.728147
0.433532
0.679859
0.564229
0.250748
0.356677
0.177691
0.254259
0.580550
0.759859
0.481639
0.353016
0.474346
0.894788
0.374502
0.433739
0.749188
0.610897
0.865811
0.148398
0.590397
0.325669
0.404314
0.527344
0.376591
0.891580
0.179647
0.482185
0.128605
0.989473
0.589575
0.576458
0.895792
0.323859
0.600632
0.506391
0.464958
0.703539
0.787022
0.399264
0.282688
0.167759
0.934152
0.493172
0.100352
0.116725
0.767847
0.129969
0.517952
0.184561
0.812827
0.672169
0.189413
0.396213
0.464636
0.824504
0.329136
0.943064
0.449627
0.294650
0.738191
0.391225
0.980874
0.550920
0.149284
0.248546
0.885993
0.711153
0.788663
0.877336
0.210866
0.040636
0.843013
0.574590
0.728147
0.073911
0.239406
0.958176
0.593922
0.516712
0.443004
0.770421
0.825945
0.415739
0.533945
0.886080
0.525302
0.273213
0.653321
0.058420
0.247274
0.670275
0.993450
0.748047
0.307223
0.650118
0.220298
0.291525
0.287556
0.490084
0.225236
0.758163
0.328180
0.597805
0.157804
0.599336
0.418776
0.548616
0.993015
0.684467
0.279813
0.007794
0.777655
0.546085
0.790410
0.115933
0.159280
0.273061
0.685884
0.872541
0.679623
0.780311
0.519983
0.532007
0.076967
0.603579
0.295374
0.917923
0.463241
0.401141
0.246148
0.694843
0.546430
0.032485
0.369123
0.089873
0.612552
0.566087
0.803804
0.621187
0.962850
0.505833
0.343973
0.718855
0.913318
0.462813
0.269581
0.710451
0.531894
0.073911
0.615744
0.058095
0.908826
0.849208
0.741179
0.786803
0.694725
0.512888
0.196416
0.725945
0.871628
0.729421
0.243978
0.821193
0.515699
0.089274
0.365566
0.866649
0.820778
0.151495
0.743587
0.398279
0.901152
0.477061
0.010045
0.483607
0.354661
0.649406
0.463134
0.658185
0.467646
0.597569
0.740260
0.801876
0.394351
0.918518
0.075876
0.577159
0.810399
0.983907
0.239543
0.413922
0.012994
0.269807
0.321799
0.037706
0.359255
0.661861
0.644423
0.296584
0.103237
0.783398
0.189185
0.268078
0.552189
0.869425
0.725133
0.753855
0.578678
0.756351
0.680214
0.022316
0.227738
0.342183
0.251461
0.670985
0.998015
0.111860
0.261172
0.354752
0.161215
0.961277
0.531894
0.228334
0.573657
0.593452
0.141113
0.336587
0.691663
0.564112
0.282065
0.212864
0.552420
0.482513
0.082276
0.700135
0.516149
0.374786
0.001820
0.266880
0.922982
0.761101
0.726641
0.677731
0.955209
0.795734
0.997748
0.646915
0.056003
0.516487
0.294489
0.741293
0.045235
0.701074
0.862440
0.019066
0.486786
0.704830
0.235579
0.398279
0.266805
0.261982
0.689070
0.207774
0.883899
0.301297
0.550575
0.582540
0.645609
0.119437
0.076732
0.223928
0.470990
0.549883
0.160916
0.595334
0.302361
0.822126
0.970279
0.586876
0.134178
0.473587
0.443109
0.476843
0.519871
0.552535
0.206059
0.117979
0.737270
0.032108
0.760988
0.645847
0.810187
0.365192
0.101585
0.733697
0.950372
0.228334
0.760198
0.775547
0.829225
0.349924
0.413519
0.072264
0.636356
0.826254
0.872633
0.912089
0.501931
0.942879
0.699312
0.474671
0.227738
0.933618
0.037179
0.385117
0.282688
0.462384
0.620832
0.944350
0.235919
0.027173
0.569694
0.553112
0.547580
0.155177
0.774769
0.041564
0.779316
0.989225
0.218756
0.778209
0.821089
0.815245
0.288267
0.696608
0.200264
0.704243
0.817444
0.606292
0.677849
0.897206
0.004931
0.933150
0.422336
0.781194
0.868687
0.099330
0.515361
0.902694
0.385890
0.668735
0.231197
0.052115
0.272681
0.622371
0.894704
0.109227
0.541149
0.706471
0.029898
0.093170
0.069545
0.228665
0.653084
0.200085
0.564809
0.804231
0.798327
0.259559
0.950372
0.947467
0.650830
0.890473
0.097184
0.874451
0.639796
0.358057
0.130760
0.696961
0.287082
0.024728
0.529617
0.513899
0.509971
0.768184
0.472504
0.654745
0.452799
0.717690
0.605584
0.103646
0.685294
0.720717
0.351650
0.702014
0.059219
0.102358
0.239337
0.526323
0.598276
0.506391
0.154550
0.718389
0.687064
0.977040
0.924989
0.661624
0.586407
0.015763
0.437994
0.768520
0.140047
0.135808
0.005316
0.897455
0.602164
0.494609
0.429610
0.045900
0.943187
0.800158
0.475757
0.990635
0.786803
0.349743
0.822747
0.334823
0.961773
0.624858
0.224712
0.147933
0.965325
0.362773
0.657592
0.930163
0.405408
0.339244
0.151306
0.451423
0.298528
0.241545
0.044105
0.002357
0.181952
0.947467
0.771315
0.320773
0.177043
0.503490
0.236259
0.565623
0.485250
0.819009
0.725597
0.954012
0.836524
0.029898
0.041135
0.135895
0.062777
0.149518
0.545625
0.506726
0.712205
0.912474
0.973093
0.961476
0.757258
0.531210
0.184784
0.502487
0.618820
0.091508
0.723740
0.398673
0.081915
0.134178
0.238582
0.607590
0.376020
0.053377
0.042315
0.621424
0.359347
0.170877
0.372798
0.976079
0.601339
0.921021
0.019715
0.077518
0.977977
0.484373
0.980972
0.903017
0.690249
0.019924
0.502376
0.112554
0.503490
0.027546
0.919110
0.974903
0.873270
0.969593
0.384925
0.175056
0.987436
0.434050
0.812511
0.856650
0.556810
0.478911
0.853672
0.916351
0.470234
0.487554
0.181952
0.883899
0.240922
0.348746
0.531438
0.297798
0.615862
0.227804
0.433325
0.112189
0.880992
0.881257
0.393372
0.380408
0.059467
0.087381
0.930574
0.476083
0.534630
0.147563
0.326706
0.772319
0.892767
0.255775
0.233818
0.760762
0.594863
0.200921
0.627702
0.592041
0.873725
0.326274
0.314662
0.501152
0.124507
0.347030
0.900826
0.303263
0.165146
0.938469
0.402825
0.095713
0.367716
0.211551
0.338800
0.254908
0.974671
0.398476
0.181677
0.151874
0.786145
0.666010
0.790628
0.329136
0.335087
0.058828
0.006588
0.569345
0.236123
0.728263
0.921459
0.652135
0.776546
0.179320
0.250534
0.414931
0.203628
0.134948
0.031070
0.984285
0.388503
0.065571
0.174044
0.845581
0.043032
0.883899
0.655694
0.280355
0.436539
0.932342
0.715708
0.896874
0.723972
0.230462
0.793566
0.076862
0.183114
0.594628
0.710334
0.912474
0.339155
0.937502
0.380121
0.593217
0.245516
0.210431
0.129306
0.554845
0.881788
0.643948
0.102156
0.055147
0.445311
0.210617
0.733351
0.741179
0.477931
0.773211
0.454389
0.330704
0.940696
0.665536
0.548041
0.936003
0.600985
0.984111
0.857128
0.586289
0.897123
0.344332
0.716874
0.429610
0.745419
0.177853
0.345319
0.864971
0.890985
0.844398
0.735773
0.367435
0.224059
0.802626
0.288584
0.346760
0.954775
0.676903
0.782518
0.682459
0.324117
0.007400
0.689895
0.340489
0.469478
0.678795
0.690249
0.783398
0.332715
0.717573
0.043032
0.172191
0.955478
0.444052
0.565739
0.159873
0.968103
0.663876
0.740260
0.911395
0.444786
0.132649
0.938982
0.056435
0.689895
0.010675
0.461956
0.809128
0.407003
0.284879
0.964195
0.949047
0.032938
0.268078
0.463027
0.626161
0.448256
0.027945
0.102358
0.632324
0.396901
0.783729
0.869885
0.910465
0.349289
0.502487
0.416143
0.614443
0.513000
0.672406
0.324289
0.650474
0.329919
0.050417
0.223277
0.661979
0.994266
0.135895
0.349289
0.051732
0.593452
0.122323
0.306230
0.154743
0.828305
0.878858
0.830653
0.060699
0.940507
0.649050
0.022133
0.983671
0.873543
0.259486
0.806258
0.984285
0.513225
0.736579
0.260878
0.526436
0.876348
0.186748
0.203024
0.407103
0.989202
0.172191
0.577743
0.052465
0.242793
0.291765
0.477822
0.498153
0.561791
0.026726
0.985467
0.065413
0.324548
0.199549
0.858939
0.808704
0.553921
0.098512
0.248900
0.216079
0.990862
0.641338
0.207528
0.913318
0.641576
0.190384
0.305239
0.129182
0.391518
0.181181
0.030207
0.575174
0.829633
0.836926
0.175645
0.380791
0.459284
0.182948
0.004188
0.883548
0.568646
0.713256
0.994901
0.682223
0.852899
0.869885
0.499041
0.389960
0.371853
0.599100
0.962655
0.536114
0.742785
0.295213
0.469371
0.217797
0.937954
0.145127
0.558199
0.488324
0.747362
0.109692
0.577977
0.279658
0.844990
0.965511
0.753855
0.196768
0.258171
0.029767
0.855692
0.539431
0.001115
0.552882
0.989202
0.782518
0.126440
0.344242
0.229795
0.768296
0.476517
0.918666
0.796275
0.016795
0.878501
0.161665
0.661861
0.403817
0.809869
0.547350
0.976191
0.253467
0.111460
0.924132
0.869701
0.262277
0.679150
0.475431
0.791827
0.312560
0.825019
0.835416
0.183447
0.641220
0.564112
0.462384
0.195478
0.505609
0.334823
0.499596
0.591924
0.818697
0.614679
0.477496
0.567250
0.690720
0.848622
0.547465
0.209130
0.284095
0.249255
0.786693
0.496933
0.874269
0.754310
0.684467
0.660438
0.037624
0.682105
0.657236
0.755444
0.382806
0.196240
0.569694
0.681041
0.209501
0.369969
0.954012
0.804659
0.471747
0.506503
0.851155
0.204173
0.725133
0.146271
0.925557
0.078046
0.638373
0.740260
0.782518
0.180907
0.753173
0.754537
0.791173
0.569228
0.134392
0.756918
0.230997
0.105259
0.968236
0.754537
0.327312
0.651304
0.677376
0.898117
0.737270
0.832077
0.850572
0.615744
0.775325
0.701192
0.469910
0.484483
0.580082
0.218436
0.167244
0.654270
0.988293
0.596628
0.137456
0.379834
0.597452
0.948289
0.940317
0.237896
0.383576
0.531552
0.465495
0.719554
0.732081
0.818488
0.653084
0.505609
0.371005
0.027781
0.100485
0.837729
0.432292
0.666247
0.455451
0.686710
0.529958
0.935015
0.081667
0.673471
0.269957
0.967297
0.791500
0.437474
0.560400
0.653677
0.249965
0.971583
0.199014
0.921168
0.467969
0.987660
0.141917
0.117826
0.637542
0.007076
0.713957
0.740260
0.391031
0.116838
0.837227
0.160170
0.845778
0.326360
0.278036
0.220814
0.661861
0.380983
0.845384
0.188957
0.811033
0.143311
0.102797
0.804979
0.669209
0.675838
0.739915
0.742555
0.220878
0.371193
0.168482
0.818697
0.567715
0.207344
0.246218
0.753855
0.185456
0.911858
0.681869
0.930300
0.315084
0.804018
0.228931
0.397294
0.633629
0.123629
0.321115
0.725945
0.869056
0.857033
0.058665
0.337029
0.095904
0.941824
0.480765
0.339955
0.958900
0.851931
0.425708
0.787679
0.260878
0.998087
0.508739
0.465387
0.692488
0.531210
0.622963
0.167038
0.017051
0.915900
0.352378
0.527458
0.884161
0.012257
0.572141
0.453011
0.999935
0.369311
0.489534
0.282299
0.216841
0.082888
0.391031
0.816607
0.115782
0.677968
0.147748
0.149097
0.805726
0.585820
0.241891
0.210369
0.748162
0.332190
0.878947
0.408601
0.219976
0.104021
0.328440
0.055944
0.680569
0.230930
0.408001
0.796383
0.100950
0.969202
0.625569
0.098773
0.792805
0.596981
0.387631
0.566436
0.045010
0.882581
0.160468
0.433946
0.096895
0.663046
0.100055
0.512214
0.569927
0.118017
0.053885
0.269882
0.061442
0.165604
0.662335
0.599218
0.330791
0.979880
0.865158
0.144216
0.107279
0.083590
0.095586
0.883548
0.234156
0.992877
0.143401
0.240439
0.713140
0.658185
0.437994
0.713140
0.154309
0.238925
0.166987
0.212613
0.144762
0.482185
0.397196
0.224516
0.898941
0.408501
0.137674
0.082888
0.923414
0.764930
0.438619
0.504716
0.323859
0.607826
0.717107
0.801769
0.533489
0.970108
0.739571
0.812511
0.943862
0.283626
0.913547
0.744503
0.760988
0.016814
0.205692
0.419081
0.799404
0.236395
0.336145
0.634340
0.017964
0.655575
0.982183
0.126683
0.614088
0.721066
0.651898
0.422540
0.874088
0.122875
0.624384
0.800695
0.429404
0.592159
0.470018
0.672880
0.832686
0.091875
0.594863
0.714074
0.482731
0.932679
0.397294
0.170354
0.345050
0.388697
0.366874
0.274280
0.544706
0.789537
0.128317
0.929682
0.225171
0.303345
0.246500
0.232404
0.454283
0.097765
0.236735
0.230395
0.954449
0.398279
0.660319
0.002348
0.708930
0.850183
0.683759
0.304579
0.977619
0.184059
0.923414
0.634459
0.046030
0.677731
0.195478
0.937631
0.661149
0.647033
0.011497
0.037979
0.053096
0.268753
0.639559
0.958590
0.627109
0.146685
0.419893
0.565971
0.395919
0.992929
0.332978
0.758050
0.171349
0.658659
0.421419
0.076576
0.382806
0.434982
0.850378
0.250819
0.112738
0.830449
0.804765
0.328875
0.159230
0.524282
0.544591
0.735427
0.520322
0.377352
0.189413
0.266731
0.355301
0.166474
0.741523
0.992998
0.015221
0.924561
0.340311
0.570393
0.112628
0.308717
0.951677
0.003650
0.488983
0.803590
0.007386
0.313652
0.988928
0.739111
0.463563
0.119940
0.676075
0.331490
0.508851
0.821401
0.800050
0.165809
0.235579
0.996750
0.779648
0.049886
0.181567
0.184059
0.940759
0.641338
0.168793
0.327226
0.878590
0.229729
0.488873
0.609834
0.145035
0.630546
0.348837
0.227606
0.718622
0.783949
0.962460
0.219462
0.369687
0.757484
0.723159
0.320346
0.524622
0.992773
0.169000
0.514461
0.732196
0.580082
0.965418
0.639796
0.175431
0.438410
0.397885
0.264794
0.794868
0.409802
0.705650
0.721415
0.542525
0.107209
0.733813
0.923774
0.747705
0.752832
0.918072
0.842815
0.949855
0.925202
0.508739
0.447098
0.876077
0.068455
0.733466
0.456621
0.393275
0.030630
0.117255
0.142770
0.908904
0.059945
0.365099
0.690838
0.995066
0.099133
0.365006
0.883811
0.299097
0.301624
0.884686
0.370063
0.534744
0.891155
0.601103
0.235240
0.830551
0.918518
0.940759
0.647389
0.537486
0.660794
0.760198
0.564345
0.262351
0.500485
0.556810
0.270033
0.906856
0.303017
0.190327
0.255847
0.761552
0.037597
0.370252
0.880637
0.441853
0.672406
0.101652
0.441540
0.991995
0.145538
0.471639
0.457259
0.954285
0.097960
0.129803
0.313147
0.644423
0.548386
0.046227
0.262646
0.062020
0.902856
0.036513
0.364167
0.663995
0.787241
0.442586
0.155806
0.625687
0.741293
0.882845
0.978890
0.611961
0.521000
0.499485
0.264422
0.053527
0.035510
0.250748
0.589105
0.036791
0.826356
0.864504
0.224255
0.556001
0.780200
0.449944
0.193845
0.597334
0.775325
0.652372
0.401636
0.860268
0.315337
0.768743
0.422744
0.485140
0.322313
0.345769
0.918518
0.014320
0.288980
0.305074
0.694607
0.160767
0.046030
0.157363
0.121459
0.821504
0.615271
0.509635
0.505498
0.110519
0.696490
0.824607
0.315759
0.349652
0.305074
0.606174
0.811139
0.557042
0.987184
0.617163
0.402627
0.759633
0.962019
0.120017
0.351195
0.990615
0.598511
0.149518
0.578562
0.539660
0.751809
0.493614
0.469694
0.183503
0.587932
0.779979
0.250890
0.232740
0.444262
0.551612
0.819426
0.111278
0.919110
0.957497
0.907251
0.659015
0.889532
0.259339
0.278808
0.097733
0.910076
0.513899
0.336410
0.046557
0.444681
0.233077
0.020724
0.833699
0.235511
0.820466
0.829429
0.040028
0.102425
0.457472
0.670156
0.120172
0.170615
0.241683
0.574240
0.946935
0.560168
0.014320
0.146824
0.241268
0.238925
0.174150
0.294730
0.738076
0.733235
0.653559
0.613142
0.409602
0.056871
0.029087
0.974787
0.659726
0.049151
0.728958
0.156097
0.573657
0.162366
0.409702
0.268603
0.095396
0.319067
0.407402
0.003148
0.178450
0.361381
0.691899
0.130885
0.421419
0.939874
0.555192
0.763805
0.013414
0.272681
0.025444
0.878769
0.684231
0.363981
0.145767
0.231599
0.491517
0.432705
0.127253
0.276038
0.401537
0.310801
0.176020
0.579029
0.983760
0.161615
0.698137
0.168430
0.506391
0.651304
0.355393
0.247556
0.459284
0.950828
0.543099
0.781525
0.132438
0.196474
0.344332
0.993629
0.839431
0.945380
0.170772
0.568064
0.323085
0.487774
0.635170
0.560168
0.386276
0.215699
0.260952
0.112958
0.846958
0.753287
0.327572
0.357781
0.684467
0.306560
0.625569
0.681514
0.228201
0.612315
0.717923
0.341469
0.288188
0.257953
0.363981
0.259778
0.398082
0.821297
0.772876
0.414931
0.502710
0.213554
0.612906
0.869240
0.555423
0.326187
0.510083
0.745533
0.848231
0.825431
0.068197
0.183280
0.883899
0.683877
0.952574
0.562719
0.279503
0.792697
0.227672
0.191302
0.871262
0.709047
0.535886
0.438098
0.487005
0.346309
0.965278
0.086332
0.048460
0.869977
0.837929
0.639440
0.981932
0.792262
0.236872
0.577042
0.426323
0.029312
0.621542
0.679032
0.948931
0.187822
0.195244
0.080244
0.434153
0.131052
0.576692
0.227937
0.831162
0.942073
0.386276
0.331140
0.521000
0.011707
0.810822
0.338800
0.363888
0.660794
0.088560
0.975056
0.854924
0.399067
0.319152
0.713840
0.041520
0.894200
0.444786
0.662098
0.517501
0.971333
0.290649
0.901152
0.366593
0.621069
0.337029
0.666602
0.075901
0.300889
0.364726
0.564345
0.900908
0.048152
0.216841
0.604168
0.857701
0.873361
0.453329
0.046425
0.269355
0.084296
0.290171
0.024509
0.055612
0.379356
0.687064
0.577743
0.368466
0.072338
0.855884
0.464528
0.801983
0.886601
0.192628
0.571441
0.132227
0.490855
0.005441
0.838931
0.093108
0.917923
0.841126
0.850183
0.190900
0.476409
0.312811
0.968501
0.134777
0.354020
0.740719
0.046640
0.323085
0.129264
0.371948
0.942073
0.646321
0.668498
0.164637
0.594040
0.492620
0.693312
0.906856
0.271165
0.748618
0.587345
0.251533
0.728726
0.852319
0.826562
0.826972
0.179538
0.930711
0.491296
0.889446
0.415335
0.139032
0.997405
0.733235
0.699077
0.928783
0.932139
0.423152
0.609362
0.743358
0.221266
0.782848
0.320773
0.857701
0.152825
0.964763
0.785926
0.298690
0.770645
0.136240
0.705533
0.567715
0.793566
0.807110
0.713957
0.342451
0.663046
0.377829
0.704009
0.263903
0.563880
0.970492
0.009527
0.538630
0.077781
0.867020
0.994355
0.809022
0.322399
0.108232
0.435501
0.362958
0.321029
0.976229
0.529958
0.451952
0.467108
0.646440
0.363330
0.829225
0.133454
0.332015
0.147424
0.201700
0.126156
0.646321
0.010875
0.346579
0.821504
0.322399
0.495162
0.397294
0.774101
0.968633
0.328440
0.401240
0.463456
0.783398
0.827485
0.473371
0.630428
0.878590
0.418573
0.497709
0.935213
0.160419
0.142410
0.851641
0.413922
0.184896
0.661031
0.520887
0.497044
0.830143
0.168534
0.408301
0.347481
0.381079
0.592512
0.860930
0.350377
0.519306
0.950828
0.120211
0.451846
0.248404
0.949394
0.906538
0.030900
0.918295
0.762454
0.431672
0.443319
0.893780
0.592394
0.432808
0.940001
0.896957
0.753742
0.552651
0.721183
0.161066
0.219976
0.566669
0.467754
0.557389
0.906697
0.325410
0.579497
0.040929
0.858083
0.428479
0.832584
0.108835
0.782407
0.144171
0.067427
0.754764
0.126156
0.279194
0.310885
0.316944
0.876258
0.980414
0.615034
0.028705
0.462813
0.766277
0.048529
0.771426
0.423867
0.098708
0.480656
0.689423
0.233077
0.975476
0.428684
0.289615
0.048289
0.029669
0.742097
0.388892
0.658778
0.397589
0.127579
0.180249
0.256717
0.845187
0.801983
0.620122
0.336234
0.837628
0.685058
0.714891
0.338268
0.089663
0.364913
0.085697
0.328266
0.045949
0.947997
0.789100
0.662454
0.481857
0.779427
0.006073
0.185961
0.576225
0.444052
0.703657
0.776990
0.129099
0.870620
0.322742
0.150928
0.516712
0.011234
0.406504
0.988341
0.757371
0.644542
0.210990
0.576575
0.876977
0.853479
0.217351
0.703774
0.940317
0.954612
0.283704
0.613024
0.242933
0.885297
0.279194
0.602517
0.360548
0.397786
0.124387
0.918518
0.635526
0.742785
0.513113
0.992929
0.659015
0.797032
0.581837
0.049657
0.572141
0.049221
0.493945
0.075824
0.085754
0.297555
0.550344
0.480219
0.427965
0.126765
0.046989
0.512776
0.947172
0.379930
0.450789
0.496933
0.341469
0.445521
0.833496
0.164637
0.970956
0.283626
0.590044
0.477605
0.986592
0.152920
0.319237
0.915371
0.638728
0.482731
0.601339
0.552651
0.233616
0.659726
0.207160
0.200861
0.180578
0.355393
0.933952
0.036145
0.263459
0.366593
0.223016
0.418675
0.074519
0.982120
0.855020
0.349199
0.903984
0.353107
0.402627
0.622016
0.599218
0.290410
0.829123
0.122717
0.724553
0.281287
0.382614
0.886254
0.041878
0.426631
0.340400
0.368560
0.243350
0.914005
0.749645
0.225171
0.095808
0.159329
0.789319
0.888157
0.315844
0.880193
0.906697
0.126602
0.282688
0.949970
0.510420
0.995589
0.143085
0.584648
0.349108
0.868594
0.580667
0.294087
0.256427
0.060216
0.292644
0.309133
0.747933
0.527571
0.055224
0.192859
0.574240
0.313904
0.992399
0.985412
0.408001
0.356585
0.009043
0.604050
0.204840
0.204052
0.877605
0.270485
0.720834
0.621897
0.099857
0.125833
0.647271
0.225040
0.881611
0.164841
0.921095
0.018258
0.110627
0.401636
0.993992
0.791064
0.753060
0.730462
0.955747
0.446257
0.828305
0.647389
0.493061
0.128235
0.399856
0.523489
0.730347
0.826664
0.228665
0.287951
0.041878
0.462063
0.667195
0.591454
0.396312
0.941261
0.720834
0.838731
0.337382
0.680450
0.040057
0.759068
0.333154
0.233818
0.776879
0.711854
0.977475
0.326014
0.665180
0.295052
0.230062
0.974047
0.822437
0.240370
0.052650
0.298203
0.045267
0.309383
0.033396
0.429919
0.112298
0.531438
0.328875
0.825739
0.695078
0.250534
0.105466
0.052097
0.963333
0.787788
0.632680
0.954992
0.320944
0.786803
0.360548
0.242793
0.255486
0.309217
0.571558
0.353929
0.389474
0.193555
0.043387
0.052502
0.831975
0.768072
0.229596
0.027334
0.162065
0.385697
0.705768
0.851738
0.374691
0.018570
0.741753
0.309966
0.230062
0.988578
0.751012
0.055166
0.036845
0.386470
0.934617
0.287951
0.606410
0.811139
0.958280
0.252678
0.404911
0.728958
0.795842
0.940696
0.437370
0.975779
0.041356
0.863942
0.220105
0.511092
0.351559
0.961426
0.923917
0.636475
0.965882
0.663402
0.735197
0.009583
0.853865
0.666365
0.215826
0.006778
0.637661
0.267104
0.948756
0.961277
0.247556
0.137979
0.902370
0.790519
0.386760
0.650830
0.449944
0.754082
0.567483
0.914005
0.877516
0.586524
0.657117
0.634340
0.813669
0.336940
0.173089
0.145721
0.001943
0.292884
0.972811
0.141962
0.084951
0.750784
0.818488
0.687300
0.622608
0.181622
0.240025
0.369687
0.900499
0.121185
0.833699
0.513337
0.826254
0.909139
0.414326
0.198421
0.336057
0.762679
0.149518
0.556810
0.235036
0.816084
0.606410
0.002859
0.548156
0.780974
0.938341
0.536686
0.199668
0.646440
0.736003
0.908747
0.920216
0.247133
0.468292
0.758955
0.306064
0.093886
0.373365
0.953241
0.964715
0.918740
0.887121
0.285036
0.925770
0.646796
0.354386
0.758050
0.704243
0.308219
0.888845
0.711854
0.647033
0.337294
0.591102
0.426016
0.713256
0.872268
0.256935
0.233549
0.120912
0.551958
0.170615
0.289536
0.835113
0.506168
0.973013
0.499263
0.200204
0.305569
0.883811
0.522018
0.663402
0.958951
0.233212
0.395821
0.012894
0.717806
0.125430
0.561443
0.420096
0.919480
0.194252
0.366687
0.557042
0.760875
0.351377
0.419690
0.822851
0.246640
0.641101
0.668024
0.794651
0.276422
0.366687
0.816084
0.300073
0.019254
0.925415
0.797788
0.379738
0.995371
0.055827
0.421623
0.455557
0.270712
0.361845
0.596863
0.309466
0.503490
0.775325
0.386373
0.161465
0.019619
0.861686
0.570043
0.567832
0.991124
0.680096
0.357137
0.157510
0.767847
0.562835
0.844891
0.257589
0.080298
0.518855
0.114474
0.376971
0.632680
0.667669
0.805086
0.418675
0.954230
0.770086
0.904705
0.149190
0.871811
0.501708
0.113917
0.417256
0.980315
0.748162
0.106684
0.953572
0.068785
0.977475
0.022051
0.043573
0.014066
0.084381
0.700487
0.290489
0.949740
0.428273
0.327226
0.829531
0.935608
0.620477
0.629124
0.035742
0.280355
0.941699
0.490855
0.046112
0.700722
0.536000
0.578678
0.717806
0.070554
0.300073
0.501041
0.481748
0.529617
0.116876
0.135292
0.136197
0.226090
0.050453
0.237076
0.430228
0.611370
0.345679
0.985052
0.850475
0.350922
0.390057
0.022200
0.061527
0.368560
0.567134
0.190327
0.000992
0.338445
0.431053
0.889189
0.088057
0.570043
0.473371
0.020014
0.409602
0.994676
0.618228
0.103578
0.339244
0.311219
0.800803
0.856650
0.543558
0.337205
0.382999
0.168120
0.072984
0.403718
0.139384
0.802626
0.270410
0.035613
0.605466
0.089454
0.982647
0.442586
0.449521
0.636475
0.394057
0.654033
0.304579
0.296584
0.768632
0.397294
0.269129
0.392884
0.966708
0.823471
0.325065
0.730925
0.073760
0.254547
0.380025
0.863473
0.557620
0.773879
0.213491
0.070554
0.781856
0.291286
0.336763
0.766390
0.976266
0.575524
0.644423
0.809869
0.872906
0.163978
0.279890
0.939620
0.506168
0.941199
0.790410
0.551036
0.430434
0.176612
0.242793
0.005686
0.241752
0.995563
0.643118
0.347842
0.641576
0.748960
0.166320
0.452905
0.193091
0.066139
0.448467
0.556695
0.658066
0.500596
0.795734
0.379738
0.462170
0.518629
0.000709
0.819946
0.311303
0.669327
0.258536
0.169520
0.747362
0.057190
0.718738
0.654982
0.831162
0.604168
0.603107
0.892259
0.884599
0.334383
0.239199
0.394449
0.324117
0.729537
0.725597
0.426733
0.954176
0.193787
0.676903
0.422744
0.343525
0.654152
0.043094
0.779979
0.690013
0.450260
0.535886
0.286924
0.434671
0.110303
0.781856
0.162818
0.306395
0.480001
0.361011
0.204112
0.374217
0.887380
0.067566
0.192859
0.429713
0.273670
0.835113
0.762454
0.453541
0.935477
0.330791
0.887207
0.286372
0.162567
0.554036
0.176343
0.968369
0.899681
0.491847
0.241614
0.846761
0.908669
0.452481
0.505051
0.301543
0.692605
0.308468
0.615625
0.658422
0.264868
0.298934
0.513225
0.726061
0.574473
0.001329
0.172138
0.378496
0.908590
0.411508
0.116838
0.748960
0.689541
0.702249
0.608299
0.077860
0.693901
0.511541
0.183336
0.142096
0.674063
0.072984
0.104124
0.959463
0.779427
0.641457
0.067265
0.927670
0.172824
0.734505
0.989914
0.812616
0.783509
0.975817
0.633747
0.773322
0.867854
0.847350
0.110303
0.966890
0.433015
0.825637
0.365379
0.592394
0.596981
0.654745
0.932139
0.056593
0.891240
0.981263
0.074316
0.999619
0.532007
0.419284
0.160817
0.207528
0.376115
0.303345
0.637542
0.531438
0.651304
0.953627
0.885471
0.442795
0.861969
0.792588
0.912781
0.588284
0.529958
0.866556
0.055301
0.568530
0.906300
0.099166
0.790737
0.890217
0.842616
0.518629
0.170459
0.779869
0.704009
0.426836
0.318047
0.400943
0.924275
0.952908
0.620122
0.747591
0.869609
0.748162
0.375260
0.949510
0.490525
0.561559
0.521452
0.753401
0.598394
0.533375
0.485688
0.416042
0.226353
0.372892
0.527799
0.481966
0.419588
0.567599
0.555885
0.816084
0.213052
0.619766
0.637661
0.304661
0.265537
0.966890
0.144534
0.458964
0.809975
0.069045
0.732427
0.233414
0.186748
0.428273
0.585820
0.563996
0.822954
0.426836
0.568996
0.163171
0.959208
0.786693
0.797032
0.724204
0.453753
0.275502
0.586289
0.778209
0.436746
0.495272
0.067986
0.684467
0.173672
0.359255
0.695549
0.384732
0.283391
0.442586
0.099363
0.746562
0.143989
0.976636
0.106300
0.206486
0.903581
0.171244
0.311387
0.621187
0.806471
0.669682
0.031747
0.193207
0.788226
0.598629
0.537143
0.084523
0.152254
0.271923
0.011667
0.038921
0.184393
0.797032
0.159329
0.663521
0.335969
0.340578
0.450894
0.961028
0.666484
0.488214
0.573540
0.462384
0.779648
0.879660
0.770533
0.327572
0.973810
0.751695
0.265537
0.910775
0.745419
0.585820
0.766390
0.175913
0.604758
0.704126
0.324720
0.031321
0.641694
0.011330
0.810293
0.463456
0.626043
0.011453
0.068903
0.512551
0.907725
0.635645
0.853768
0.096863
0.195361
0.914917
0.128235
0.372042
0.823988
0.354935
0.477387
0.867391
0.682696
0.658185
0.772207
0.072363
0.695314
0.726757
0.788445
0.995358
0.670630
0.688008
0.086622
0.541493
0.429816
0.030787
0.216270
0.917251
0.441958
0.333680
0.687064
0.762341
0.547120
0.178287
0.256789
0.491737
0.954884
0.478584
0.276805
0.798758
0.525982
0.707291
0.160270
0.167604
0.335528
0.320090
0.164688
0.603343
0.177475
0.902936
0.660438
0.704243
0.636119
0.247980
0.516037
0.271695
0.926758
0.910775
0.488324
0.091112
0.347662
0.423458
0.676785
0.665773
0.335528
0.937437
0.414729
0.956281
0.601692
0.570859
0.834508
0.174683
0.054341
0.366593
0.856267
0.703657
0.280976
0.978012
0.178395
0.622608
0.178450
0.686828
0.326101
0.096095
0.078364
0.698019
0.462706
0.306643
0.984024
0.986980
0.012375
0.137979
0.737731
0.847350
0.761214
0.362587
0.009268
0.842616
0.468508
0.542410
0.280743
0.129347
0.374407
0.931461
0.216270
0.841921
0.495272
0.911858
0.956865
0.494277
0.573190
0.463563
0.976967
0.871353
0.420198
0.537714
0.216587
0.651660
0.621897
0.462384
0.725249
0.027294
0.798111
0.337029
0.545051
0.680805
0.173300
0.687418
0.739226
0.503378
0.926758
0.102831
0.383383
0.177583
0.315506
0.610543
0.756918
0.894200
0.000366
0.685058
0.010507
0.112189
0.567948
0.566669
0.477714
0.366967
0.257443
0.682459
0.308219
0.494277
0.132227
0.259486
0.706354
0.106859
0.523149
0.785487
0.939747
0.296746
0.543213
0.956707
0.461421
0.445206
0.184449
0.675720
0.598982
0.506838
0.270184
0.667550
0.104707
0.451529
0.615507
0.459284
0.701544
0.655219
0.666365
0.663758
0.161815
0.985930
0.848427
0.338268
0.677021
0.192224
0.505721
0.291845
0.446046
0.825842
0.228798
0.328527
0.704009
0.860457
0.821919
0.588753
0.135808
0.376305
0.653321
0.699312
0.688834
0.853768
0.990151
0.730462
0.679741
0.668616
0.999554
0.671340
0.811772
0.102831
0.625332
0.239268
0.723507
0.819946
0.672051
0.073258
0.123153
0.722462
0.816188
0.961773
0.811983
0.763693
0.240301
0.725481
0.484045
0.293605
0.791827
0.865625
0.477822
0.126683
0.592159
0.005408
0.277190
0.788445
0.523036
0.628887
0.114697
0.406105
0.424071
0.953572
0.245587
0.953241
0.997142
0.392396
0.451740
0.722113
0.093886
0.867113
0.554383
0.590162
0.676075
0.834407
0.123073
0.068667
0.935345
0.452693
0.644186
0.283469
0.964574
0.117179
0.745304
0.942384
0.969636
0.862251
0.213491
0.116952
0.692370
0.437474
0.951734
0.061165
0.750670
0.577042
0.648576
0.528935
0.898034
0.915749
0.484702
0.584062
0.334207
0.711036
0.849599
0.213240
0.811772
0.814825
0.726061
0.804659
0.192686
0.368654
0.344780
0.866184
0.688126
0.330442
0.093605
0.791500
0.403519
0.704361
0.585351
0.444052
0.919922
0.771315
0.399955
0.124187
0.424889
0.475214
0.391420
0.460352
0.343167
0.803911
0.951958
0.151353
0.691899
0.458431
0.493614
0.400943
0.875897
0.236599
0.524055
0.682932
0.402527
0.410003
0.022601
0.087176
0.916201
0.438306
0.604522
0.028172
0.973612
0.338534
0.424787
0.768520
0.572724
0.873997
0.349652
0.187369
0.500707
0.772542
0.733466
0.853093
0.090054
0.680214
0.289377
0.304250
0.073785
0.483826
0.706354
0.251747
0.687536
0.747705
0.165146
0.408301
0.141068
0.741179
0.139472
0.237760
0.941762
0.973968
0.093512
0.814825
0.661505
0.815979
0.005860
0.311219
0.563880
0.118821
0.586172
0.797680
0.371853
0.410905
0.378115
0.445101
0.743014
0.803804
0.758842
0.263681
0.599218
0.478258
0.470990
0.541264
0.867577
0.992963
0.507956
0.811456
0.940633
0.349743
0.178721
0.055885
0.098937
0.177313
0.683168
0.737961
0.641338
0.317198
0.209130
0.049134
0.923270
0.963957
0.315506
0.618110
0.252176
0.736579
0.918443
0.351923
0.647982
0.127989
0.114586
0.312392
0.856937
0.399758
0.775880
0.480547
0.191475
0.178341
0.616572
0.994459
0.871719
0.730347
0.967880
0.299178
0.343167
0.169989
0.303428
0.562835
0.603932
0.747591
0.764368
0.721183
0.375166
0.902936
0.292564
0.076706
0.093512
0.655338
0.796491
0.433015
0.088353
0.019334
0.244816
0.320346
0.292324
0.079622
0.677731
0.055205
0.016151
0.361938
0.001312
0.545510
0.309050
0.844497
0.418472
0.441853
0.115445
0.054877
0.682696
0.494056
0.830755
0.503378
0.020385
0.084098
0.287398
0.316436
0.614561
0.508516
0.819738
0.524848
0.517952
0.433946
0.029076
0.768072
0.294007
0.569810
0.550114
0.894788
0.337471
0.736695
0.158344
0.237145
0.960225
0.198599
0.890899
0.797464
0.548041
0.641220
0.171769
0.267030
0.730809
0.591924
0.293766
0.105674
0.804979
0.139252
0.209872
0.059965
0.852706
0.110159
0.050936
0.481966
0.676548
0.903420
0.695667
0.793457
0.172666
0.084980
0.337825
0.031218
0.102358
0.655338
0.109979
0.580901
0.165655
0.283860
0.693665
0.139605
0.766053
0.753628
0.344063
0.381270
0.645016
0.417864
0.506279
0.642406
0.267254
0.564693
0.978401
0.230395
0.140268
0.677376
0.100121
0.874813
0.497487
0.877874
0.133285
0.187595
0.504605
0.224712
0.120912
0.223863
0.271619
0.799620
0.775658
0.256572
0.169416
0.531096
0.882581
0.377733
0.803269
0.295938
0.998981
0.061527
0.341291
0.657948
0.798327
0.028422
0.798327
0.024518
0.603225
0.915522
0.327572
0.406205
0.851058
0.956547
0.762792
0.406105
0.400844
0.716641
0.524395
0.160966
0.627465
0.761101
0.330966
0.104501
0.174363
0.123113
0.217797
0.843409
0.896625
0.258901
0.763693
0.081144
0.102358
0.437058
0.526890
0.126805
0.601457
0.903340
0.120405
0.065458
0.605230
0.083112
0.279426
0.586172
0.480001
0.483497
0.323773
0.261835
0.424071
0.046640
0.964668
0.591689
0.216016
0.799297
0.462491
0.050954
0.824091
0.248829
0.798111
0.890131
0.328440
0.437266
0.045429
0.507173
0.760649
0.415032
0.593099
0.432085
0.434153
0.332715
0.756351
0.914841
0.001758
0.244746
0.118246
0.286136
0.673353
0.084268
0.124747
0.661031
0.725133
0.161066
0.976857
0.759294
0.056732
0.939174
0.407202
0.115707
0.547350
0.010892
0.283157
0.479674
0.372420
0.500818
0.883548
0.769079
0.199192
0.726641
0.528139
0.991124
0.506614
0.400943
0.055924
0.381750
0.094167
0.130718
0.994355
0.437058
0.203265
0.521905
0.439661
0.075284
0.307803
0.919553
0.850864
0.398082
0.063147
0.198895
0.196416
0.156583
0.625332
0.522923
0.553921
0.263385
0.329397
0.329658
0.528367
0.238925
0.645253
0.156388
0.175806
0.273213
0.092274
0.051604
0.454071
0.647626
0.877964
0.387922
0.855212
0.509187
0.249752
0.664232
0.181346
0.255630
0.644779
0.337117
0.315168
0.517501
0.750784
0.190728
0.075028
0.359532
0.026795
0.459818
0.659015
0.885819
0.265463
0.290251
0.738306
0.210617
0.006211
0.232808
0.007476
0.778541
0.344152
0.844200
0.488763
0.494166
0.535886
0.694136
0.032390
0.420096
0.380025
0.902856
0.221330
0.306478
0.105535
0.478584
0.004664
0.971333
0.994355
0.875446
0.655931
0.297636
0.809975
0.551151
0.758729
0.353746
0.482622
0.194136
0.530755
0.637068
0.506838
0.423254
0.677376
0.062020
0.944715
0.136197
0.834811
0.773879
0.484373
0.337471
0.963044
0.245516
0.507509
0.653203
0.700840
0.214498
0.347571
0.562835
0.984053
0.295616
0.728031
0.596628
0.813564
0.818384
0.780974
0.959156
0.674063
0.300644
0.992070
0.360456
0.696373
0.346039
0.023765
0.575057
0.745076
0.641220
0.487005
0.782628
0.561211
0.809446
0.005504
0.350468
0.121498
0.746219
0.790846
0.269731
0.953957
0.944167
0.576225
0.935806
0.959718
0.599454
0.338445
0.978436
0.675128
0.021740
0.467431
0.009583
0.202602
0.057852
0.714774
0.482622
0.941011
0.875446
0.929268
0.562255
0.507732
0.628768
0.824091
0.844200
0.058420
0.573307
0.588988
0.715008
0.469910
0.380408
0.175056
0.069880
0.186917
0.004298
0.155757
0.567483
0.132438
0.177799
0.213240
0.774324
0.817653
0.827793
0.816188
0.757824
0.009971
0.868779
0.538858
0.503044
0.650118
0.124387
0.333944
0.472613
0.789100
0.208205
0.537371
0.370252
0.470126
0.220427
0.468292
0.325410
0.222951
0.687772
0.750101
0.808597
0.955100
0.418066
0.234156
0.712088
0.578795
0.682814
0.483607
0.146042
0.770421
0.857606
0.329310
0.382038
0.190728
0.982800
0.179593
0.556810
0.469478
0.202903
0.719088
0.818071
0.596510
0.448783
0.901884
0.355027
0.576575
0.042058
0.941011
0.307555
0.131219
0.893443
0.461207
0.928367
0.502821
0.899270
0.358333
0.115332
0.335792
0.674773
0.561907
0.996411
0.751012
0.943862
0.465817
0.725713
0.909295
0.724901
0.876887
0.745991
0.184505
0.938019
0.530641
0.598158
0.826972
0.224189
0.638017
0.938726
0.161115
0.519983
0.664706
0.356494
0.837829
0.604522
0.740375
0.631139
0.839630
0.627583
0.312727
0.650237
0.675957
0.147100
0.872724
0.572607
0.981584
0.348113
0.098937
0.280045
0.191015
0.584883
0.572840
0.441749
0.796491
0.842319
0.778209
0.660794
0.667550
0.229862
0.202903
0.593569
0.672169
0.576809
0.640864
0.314325
0.006082
0.654389
0.246711
0.710217
0.949452
0.346129
0.225893
0.954884
0.412613
0.307555
0.082888
0.955532
0.841623
0.287714
0.630783
0.998000
0.656524
0.461635
0.288822
0.349018
0.778873
0.143311
0.726525
0.829021
0.467754
0.290012
0.322227
0.896375
0.929060
0.252320
0.898694
0.274585
0.296423
0.696020
0.019174
0.556232
0.816188
0.274509
0.427349
0.420198
0.529049
0.151353
0.765716
0.584179
0.932139
0.744389
0.029312
0.637898
0.066413
0.705181
0.903501
0.234089
0.410404
0.756578
0.158442
0.396508
0.830041
0.325324
0.340845
0.345769
0.144171
0.520435
0.464528
0.143718
0.721532
0.362494
0.153494
0.692134
0.456621
0.898859
0.093046
0.740145
0.522810
0.848134
0.118399
0.673827
0.810081
0.541034
0.466893
0.090536
0.364261
0.120717
0.412613
0.394840
0.884161
0.207221
0.759068
0.145996
0.230796
0.372514
0.110880
0.047829
0.597569
0.662335
0.787898
0.943372
0.829633
0.132354
0.122915
0.063498
0.422540
0.072611
0.242933
0.100984
0.981869
0.250819
0.910853
0.577276
0.393470
0.132481
0.012158
0.881346
0.201940
0.861214
0.795842
0.910698
0.298528
0.245516
0.855212
0.411106
0.975133
0.598511
0.227078
0.281598
0.573773
0.839531
0.019276
0.159378
0.283079
0.526209
0.715124
0.328440
0.484264
0.797895
0.406006
0.962460
0.942941
0.507732
0.283001
0.065278
0.517839
0.148212
0.943556
0.546315
0.504270
0.991976
0.863098
0.202481
0.762904
0.053077
0.534402
0.460673
0.225893
0.042467
0.963285
0.586055
0.826767
0.394840
0.213868
0.937696
0.160817
0.882757
0.496268
0.596628
0.796167
0.766277
0.897455
0.179211
0.021619
0.260218
0.270410
0.274127
0.990552
0.625687
0.661979
0.393666
0.579146
0.584765
0.952797
0.971416
0.388406
0.010527
0.743243
0.724901
0.278962
0.872815
0.101786
0.272681
0.638728
0.842319
0.973173
0.507285
0.701779
0.016324
0.297879
0.806791
0.909295
0.265091
0.819009
0.641457
0.318132
0.486895
0.829225
0.747362
0.672998
0.532463
0.208698
0.752491
0.614798
0.919406
0.631969
0.755218
0.453117
0.582071
0.950372
0.030798
0.808704
0.176235
0.488653
0.907488
0.035975
0.827690
0.480874
0.694372
0.503936
0.791935
0.951112
0.890814
0.932544
0.476843
0.826767
0.532919
0.785706
0.895123
0.440078
0.769974
0.398377
0.864130
0.524055
0.984169
0.811878
0.631020
0.331927
0.842914
0.867577
0.354752
0.794542
0.719204
0.685058
0.492509
0.016207
0.508739
0.614916
0.864223
0.462384
0.639322
0.781415
0.038655
0.099035
0.969289
0.280433
0.561443
0.894704
0.441435
0.101184
0.544476
0.173725
0.328006
0.301788
0.805832
0.704478
0.304744
0.560864
0.978366
0.311805
0.967970
0.848329
0.289536
0.670630
0.839730
0.545280
0.534516
0.063762
0.478693
0.029604
0.845483
0.929130
0.801661
0.139737
0.441958
0.899517
0.403122
0.472288
0.199846
0.275655
0.493503
0.089274
0.379547
0.654745
0.103475
0.164282
0.818279
0.416345
0.832077
0.019590
0.532919
0.504493
0.029162
0.498375
0.280433
0.165095
0.813774
0.751581
0.390933
0.433325
0.050613
0.166987
0.270939
0.191245
0.067404
0.531894
0.934684
0.134392
0.223407
0.295132
0.379547
0.113474
0.163877
0.319748
0.430434
0.189356
0.066185
0.439244
0.554152
0.321457
0.112189
0.381270
0.776990
0.375735
0.383961
0.644423
0.014430
0.867854
0.345230
0.349561
0.720834
0.911627
0.603343
0.679978
0.962655
0.688126
0.141917
0.921823
0.695078
0.983642
0.050045
0.298041
0.307472
0.654389
0.810927
0.063542
0.160916
0.022076
0.739686
0.016041
0.704595
0.520887
0.403619
0.885471
0.000515
0.503824
0.004978
0.703539
0.788554
0.072834
0.014076
0.799835
0.019494
0.019590
0.351923
0.838831
0.414326
0.830958
0.324117
0.058767
0.744389
0.097927
0.216587
0.590279
0.599336
0.083843
0.982369
0.634103
0.219205
0.223081
0.453541
0.649762
0.878501
0.905025
0.387437
0.248475
0.173566
0.972568
0.834002
0.649169
0.620950
0.818175
0.616453
0.753969
0.101887
0.725133
0.788773
0.868687
0.777544
0.594393
0.686002
0.321885
0.841226
0.754650
0.693077
0.075592
0.627228
0.188162
0.907646
0.164333
0.775769
0.660675
0.879125
0.860173
0.418776
0.042073
0.138592
0.094890
0.355485
0.319919
0.064538
0.981552
0.731965
0.685294
0.929475
0.962460
0.989651
0.220427
0.029658
0.326447
0.709515
0.559589
0.466247
0.669209
0.343077
0.438202
0.589927
0.061271
0.361938
0.770198
0.217669
0.101719
0.539087
0.547465
0.400153
0.356218
0.760875
0.593217
0.708462
0.785267
0.114586
0.605230
0.611606
0.603814
0.195595
0.605230
0.530300
0.733351
0.012172
0.915069
0.881169
0.525189
0.410604
0.473696
0.533831
0.583945
0.579614
0.946220
0.582891
0.834609
0.299910
0.795842
0.405110
0.505051
0.216905
0.549653
0.132946
0.188275
0.927879
0.668024
0.143311
0.060070
0.340400
0.306892
0.762792
0.864878
0.637661
0.708462
0.360456
0.887034
0.574007
0.961078
0.737501
0.573890
0.871353
0.393959
0.703305
0.761665
0.623555
0.786255
0.615507
0.768855
0.998143
0.341202
0.814615
0.631376
0.797680
0.783178
0.665299
0.811350
0.175484
0.061271
0.579965
0.298122
0.560284
0.682459
0.977403
0.396508
0.745190
0.269129
0.248051
0.823575
0.825225
0.780311
0.756011
0.906856
0.827178
0.785597
0.309633
0.624384
0.702131
0.873179
0.402428
0.756465
0.423152
0.591219
0.279117
0.227078
0.743931
0.670867
0.080625
0.728958
0.537028
0.782407
0.263533
0.731156
0.376876
0.240439
0.402230
0.460780
0.804018
0.533033
0.598276
0.970449
0.808279
0.967162
0.284017
0.955532
0.615980
0.802090
0.396410
0.467754
0.694843
0.574940
0.506726
0.152825
0.401141
0.765491
0.831467
0.425606
0.851544
0.582188
0.312644
0.868132
0.650118
0.963140
0.508851
0.919627
0.895374
0.230329
0.719786
0.639559
0.217287
0.418370
0.468616
0.345409
0.579965
0.535886
0.329745
0.030866
0.697784
0.547465
0.477822
0.632799
0.116121
0.465065
0.411106
0.123987
0.401537
0.044898
0.216079
0.729884
0.410905
0.839331
0.766502
0.479456
0.901152
0.594510
0.745876
0.690838
0.754877
0.549537
0.215636
0.961674
0.526209
0.318812
0.931733
0.460352
0.336057
0.489314
0.111642
0.350287
0.062603
0.702601
0.486676
0.339155
0.899845
0.993597
0.977834
0.430331
0.640389
0.527458
0.433636
0.544706
0.792805
0.290728
0.521565
0.103646
0.539202
0.101685
0.645847
0.901803
0.969072
0.278113
0.142905
0.061677
0.379452
0.660319
0.104673
0.024738
0.838130
0.710802
0.759294
0.438098
0.816712
0.998645
0.521452
0.466570
0.937177
0.345409
0.200443
0.757597
0.932139
0.126724
0.436020
0.588049
0.537600
0.366406
0.855212
0.763467
0.351013
0.649169
0.705064
0.639796
0.032225
0.899845
0.976004
0.827383
0.133115
0.777101
0.646440
0.175538
0.299585
0.408101
0.341469
0.793783
0.044011
0.464421
0.491296
0.236804
0.767287
0.096286
0.728495
0.999945
0.972446
0.557620
0.465172
0.732196
0.717923
0.134820
0.349743
0.761552
0.330617
0.299422
0.399856
0.029044
0.441644
0.431672
0.089185
0.332102
0.347842
0.960477
0.154646
0.968545
0.694019
0.256789
0.995799
0.744618
0.881788
0.061891
0.494277
0.970449
0.773322
0.439348
0.712789
0.329310
0.848134
0.528367
0.763693
0.485579
0.068502
0.907093
0.149050
0.717107
0.200443
0.924418
0.662216
0.440182
0.394057
0.441749
0.208451
0.819530
0.738191
0.262720
0.788445
0.055359
0.733582
0.300073
0.534630
0.092737
0.670275
0.782738
0.663758
0.578445
0.515136
0.792153
0.683995
0.434464
0.014753
0.412815
0.427759
0.539316
0.295213
0.582891
0.675128
0.607472
0.392005
0.412613
0.616690
0.158491
0.001388
0.760649
0.205388
0.165604
0.544247
0.105674
0.399560
0.906697
0.836322
0.913011
0.281209
0.018093
0.926194
0.240094
0.154935
0.898530
0.640745
0.258755
0.602635
0.640626
0.167501
0.321200
0.371099
0.724204
0.732889
0.851931
0.987685
0.368373
0.415335
0.191820
0.837026
0.699665
0.794434
0.495162
0.335264
0.057229
0.872633
0.717107
0.117674
0.995240
0.993434
0.947112
0.248475
0.407202
0.862440
0.696490
0.129430
0.715708
0.288109
0.501374
0.506056
0.663995
0.280588
0.386566
0.730925
0.033738
0.188502
0.848622
0.178016
0.010131
0.899681
0.154694
0.719437
0.925699
0.347391
0.809022
0.282766
0.461421
0.014669
0.208759
0.168017
0.261614
0.629361
0.040490
0.959565
0.075901
0.252105
0.062365
0.926758
0.977331
0.137543
0.003843
0.792588
0.843112
0.398082
0.615152
0.027679
0.054666
0.265835
0.725365
0.148584
0.899763
0.709866
0.685294
0.541608
0.149050
0.737961
0.629953
0.737846
0.894200
0.633036
0.965325
0.845975
0.953792
0.731965
0.700252
0.763017
0.243420
0.615862
0.763580
0.669919
0.748846
0.117674
0.345409
0.206731
0.251247
0.891410
0.224582
0.184393
0.962117
0.910154
0.645135
0.543902
0.084980
0.771761
0.588049
0.673235
0.871353
0.445626
0.021171
0.266208
0.212676
0.200682
0.667787
0.754877
0.807429
0.783729
0.968765
0.980414
0.723043
0.617400
0.827485
0.762116
0.780642
0.452693
0.782297
0.829837
0.784718
0.138067
0.366500
0.268453
0.535886
0.601221
0.453753
0.554152
0.044754
0.442063
0.261614
0.116460
0.832787
0.280510
0.292004
0.821815
0.352651
0.820258
0.634577
0.018634
0.891580
0.503824
0.853189
0.418168
0.500374
0.072067
0.802626
0.930711
0.601692
0.645016
0.350922
0.014370
0.996552
0.731734
0.975095
0.449205
0.489314
0.687772
0.748846
0.517276
0.460780
0.790410
0.779648
0.843013
0.167707
0.811772
0.717573
0.660319
0.801017
0.808597
0.053621
0.018867
0.607708
0.027996
0.380121
0.492068
0.777655
0.428376
0.644660
0.506838
0.061186
0.938341
0.166525
0.424378
0.882669
0.315675
0.043792
0.398771
0.785157
0.624147
0.655813
0.970576
0.804872
0.240577
0.314241
0.241822
0.296746
0.700252
0.206303
0.086390
0.897538
0.993741
0.247627
0.150033
0.453753
0.985357
0.582071
0.508963
0.434257
0.952462
0.823265
0.837729
0.101050
0.324720
0.776768
0.508068
0.418168
0.862345
0.469910
0.132481
0.874722
0.037665
0.902532
0.520435
0.785157
0.558315
0.920363
0.213554
0.602164
0.485798
0.993613
0.917774
0.305074
0.517276
0.124427
0.081419
0.227804
0.270636
0.578912
0.617873
0.205205
0.445101
0.224778
0.574240
0.787131
0.746791
0.615034
0.849988
0.619175
0.466247
0.965372
0.230195
0.154984
0.798219
0.436539
0.451106
0.606646
0.709164
0.294328
0.615034
0.074544
0.080461
0.404811
0.866649
0.557505
0.566552
0.199073
0.516712
0.287635
0.333329
0.574357
0.787898
0.431878
0.833395
0.217861
0.835113
0.614679
0.145584
0.781966
0.911704
0.235104
0.519645
0.137499
0.656524
0.363144
0.131052
0.794976
0.674892
0.896791
0.329919
0.230662
0.197652
0.431053
0.193903
0.604286
0.190041
0.971500
0.578328
0.577510
0.259705
0.036434
0.200145
0.567367
0.769079
0.282610
0.783398
0.309966
