0.808704
0.754764
0.790955
0.770421
0.268303
0.325928
0.926899
0.669919
0.778209
0.229662
0.495051
0.521339
0.321029
0.440600
0.648932
0.545510
0.364167
0.870436
0.211551
0.639559
0.908433
0.125148
0.555538
0.495604
0.058440
0.202903
0.469155
0.200801
0.718855
0.341558
0.981615
0.799620
0.347933
0.224778
0.428273
0.320260
0.839131
0.982892
0.939811
0.226485
0.029109
0.378401
0.273213
0.594745
0.024319
0.857319
0.122441
0.072586
0.453329
0.297879
0.474997
0.860741
0.265091
0.606764
0.456727
0.364074
0.972771
0.264794
0.586524
0.130052
0.612906
0.771873
0.850378
0.341202
0.722462
0.527799
0.198480
0.890302
0.003850
0.947112
0.499596
0.246852
0.851641
0.578678
0.808704
0.268678
0.013230
0.090385
0.973691
0.533489
0.912012
0.464206
0.177259
0.272985
0.351377
0.739801
0.310551
0.644660
0.699312
0.560168
0.115632
0.148957
0.253036
0.144762
0.602753
0.766390
0.756011
0.399955
0.660201
0.502710
0.615744
0.289456
0.373933
0.026005
0.393568
0.832178
0.141604
0.947526
0.645372
0.229795
0.872997
0.040826
0.568064
0.309217
0.819738
0.504382
0.413620
0.382806
0.280976
0.540347
0.116762
0.416446
0.072018
0.291845
0.309383
0.173778
0.358886
0.081419
0.563300
0.968941
0.708579
0.498486
0.773879
0.050506
0.188218
0.765042
0.433222
0.199430
0.508292
0.281131
0.329484
0.685884
0.341558
0.570859
0.267104
0.480983
0.894200
0.578678
0.368091
0.450577
0.163120
0.385021
0.537371
0.681632
0.495494
0.430331
0.327052
0.097992
0.074926
0.429610
0.991064
0.751923
0.323085
0.916201
0.264052
0.576809
0.109800
0.357137
0.031828
0.011286
0.401537
0.262203
0.063038
0.076419
0.917475
0.076108
0.816607
0.820362
0.683759
0.825019
0.052928
0.899927
0.644186
0.413419
0.340311
0.549192
0.918146
0.569694
0.878858
0.971500
0.046227
0.007727
0.276268
0.421419
0.311303
0.800158
0.037910
0.425811
0.965232
0.691899
0.831162
0.938276
0.192455
0.050703
0.727452
0.559473
0.635882
0.814720
0.414527
0.394057
0.336145
0.420605
0.009632
0.697784
0.902046
0.729305
0.077702
0.006224
0.370157
0.441331
0.271771
0.443528
0.368091
0.068314
0.069283
0.078657
0.685412
0.403718
0.849208
0.845680
0.880282
0.071429
0.492068
0.185288
0.224647
0.813248
0.421725
0.749303
0.540576
0.192628
0.301379
0.387340
0.825945
0.558315
0.578678
0.584062
0.535657
0.122480
0.744160
0.333593
0.639915
0.049517
0.736003
0.126318
0.355576
0.061016
0.536229
0.151258
0.352560
0.846368
0.639915
0.961674
0.496933
0.998738
0.511765
0.517727
0.616217
0.904705
0.029593
0.406205
0.847056
0.160518
0.802198
0.985108
0.382038
0.958176
0.470126
0.550229
0.361474
0.584648
0.305734
0.192859
0.325237
0.104158
0.662809
0.932544
0.936657
0.778763
0.303263
0.888415
0.333856
0.095206
0.909686
0.971040
0.905823
0.443528
0.864317
0.634340
0.301461
0.369217
0.519306
0.225564
0.111460
0.622371
0.276038
0.314241
0.235579
0.061677
0.217351
0.285822
0.013450
0.148677
0.102493
0.643948
0.132101
0.575757
0.195010
0.424071
0.570975
0.639440
0.006363
0.543787
0.734043
0.781084
0.193555
0.831264
0.945259
0.144489
0.305899
0.051951
0.973889
0.477822
0.071698
0.460993
0.654982
0.395821
0.152777
0.213742
0.924060
0.737270
0.071380
0.527344
0.850280
0.112628
0.868964
0.319152
0.617281
0.908512
0.188445
0.247698
0.755331
0.062929
0.988531
0.644423
0.084410
0.794434
0.436539
0.870161
0.402825
0.455132
0.620122
0.852609
0.581018
0.014764
0.740375
0.185961
0.249113
0.600749
0.252678
0.606882
0.864317
0.090084
0.468939
0.168275
0.220427
0.389280
0.958642
0.086535
0.215952
0.375640
0.956335
0.621779
0.227012
0.811772
0.113732
0.652491
0.453011
0.538515
0.969679
0.953572
0.569345
0.846270
0.084381
0.725481
0.477278
0.828305
0.364167
0.782958
0.889446
0.491296
0.747020
0.407402
0.114660
0.604876
0.684113
0.002023
0.772876
0.854731
0.310551
0.494277
0.419385
0.996119
0.846073
0.790846
0.600160
0.374691
0.307969
0.429096
0.321885
0.344421
0.691309
0.530072
0.586407
0.108942
0.140313
0.017462
0.993302
0.212175
0.485250
0.161165
0.438515
0.771203
0.142096
0.105917
0.109585
0.858464
0.933418
0.706002
0.729189
0.292964
0.700252
0.827075
0.488324
0.606882
0.051405
0.253180
0.776102
0.866556
0.526890
0.933015
0.996881
0.726525
0.883811
0.541952
0.067613
0.750556
0.950885
0.858654
0.712906
0.037951
0.423050
0.927739
0.390544
0.320944
0.239474
0.968413
0.709515
0.115220
0.508851
0.976004
0.296827
0.448256
0.258974
0.051932
0.153207
0.728958
0.451317
0.684585
0.194078
0.899517
0.623318
0.157363
0.834103
0.584062
0.900172
0.057190
0.411709
0.952239
0.190155
0.374596
0.619530
0.122796
0.093949
0.397983
0.086914
0.038047
0.937307
0.661268
0.986461
0.290649
0.510868
0.684349
0.052079
0.779095
0.184672
0.311219
0.974243
0.289377
0.200383
0.208698
0.567134
0.415335
0.568646
0.802948
0.631613
0.592159
0.957707
0.383287
0.051405
0.736925
0.865811
0.808597
0.961525
0.215699
0.383864
0.013574
0.361938
0.880193
0.000226
0.298203
0.654152
0.681278
0.312644
0.702014
0.471098
0.234494
0.521339
0.951846
0.448045
0.944897
0.093481
0.589223
0.736695
0.529617
0.787022
0.114996
0.870436
0.263163
0.092922
0.948289
0.978646
0.033616
0.321457
0.181346
0.507173
0.699195
0.292404
0.690956
0.309050
0.923917
0.430331
0.959259
0.179538
0.926688
0.819530
0.446677
0.952183
0.721648
0.507397
0.477170
0.729189
0.010904
0.475757
0.358517
0.918295
0.920802
0.549192
0.848329
0.894032
0.200145
0.214624
0.214435
0.150456
0.334823
0.464099
0.824710
0.203567
0.221524
0.626280
0.252821
0.261982
0.383287
0.840927
0.853382
0.172296
0.627109
0.420096
0.022274
0.927390
0.573773
0.633629
0.911240
0.552420
0.787241
0.981963
0.457898
0.499596
0.635052
0.990130
0.958020
0.349018
0.689423
0.675602
0.403420
0.532463
0.277420
0.398377
0.568763
0.813353
0.557389
0.044866
0.172033
0.459391
0.845581
0.182782
0.865158
0.995639
0.137456
0.609480
0.878858
0.345499
0.171980
0.668024
0.097313
0.377067
0.421012
0.489314
0.173672
0.324375
0.594863
0.230129
0.819113
0.597687
0.359717
0.319919
0.142590
0.560284
0.407402
0.286845
0.362401
0.745419
0.849306
0.419893
0.942260
0.943617
0.408401
0.330006
0.276575
0.722927
0.617518
0.398968
0.751126
0.928922
0.376020
0.198777
0.206670
0.840927
0.081090
0.799189
0.903823
0.163221
0.506614
0.784168
0.537371
0.415436
0.238856
0.139428
0.551958
0.048925
0.862534
0.050045
0.848427
0.536914
0.038281
0.847252
0.554267
0.189242
0.303838
0.318471
0.062581
0.102391
0.879927
0.840329
0.196592
0.050774
0.478476
0.368466
0.560632
0.675720
0.893021
0.430950
0.033166
0.822333
0.864223
0.235036
0.324375
0.850475
0.443947
0.215762
0.192455
0.357413
0.847644
0.940633
0.030140
0.708462
0.894536
0.139032
0.088294
0.104055
0.487005
0.829327
0.717457
0.221654
0.720601
0.627939
0.113843
0.883021
0.620477
0.001993
0.048546
0.468292
0.964100
0.762792
0.667195
0.012423
0.565971
0.223602
0.170354
0.341737
0.206670
0.088946
0.786035
0.926335
0.213805
0.877157
0.644779
0.021052
0.466032
0.656761
0.387050
0.896957
0.461956
0.794109
0.709281
0.688598
0.674892
0.595216
0.920142
0.212300
0.814405
0.209563
0.485798
0.699900
0.515474
0.346850
0.576692
0.410905
0.614916
0.369687
0.139164
0.719903
0.816607
0.952797
0.594981
0.516712
0.737846
0.123549
0.791718
0.583476
0.684940
0.619530
0.411910
0.803804
0.468292
0.057390
0.650355
0.959616
0.601339
0.131094
0.929475
0.500262
0.221848
0.204780
0.746791
0.196357
0.986540
0.320431
0.368748
0.392396
0.314578
0.655457
0.499929
0.897289
0.494719
0.377067
0.149331
0.866556
0.954775
0.885558
0.942135
0.656050
0.786035
0.423254
0.839231
0.088946
0.034532
0.601810
0.624740
0.534059
0.556348
0.311219
0.261835
0.468292
0.782848
0.992579
0.402527
0.770533
0.430640
0.568414
0.374407
0.358425
0.933618
0.576692
0.515474
0.894368
0.319322
0.305321
0.241614
0.679150
0.108338
0.957392
0.579731
0.917027
0.710802
0.768855
0.692488
0.051841
0.342451
0.819009
0.413620
0.701662
0.737385
0.158098
0.293044
0.023120
0.580901
0.527344
0.955209
0.343256
0.701074
0.771315
0.332540
0.760875
0.912166
0.624740
0.298609
0.407502
0.452375
0.588753
0.395134
0.128481
0.950771
0.035177
0.606292
0.796275
0.941011
0.813248
0.605348
0.231733
0.825019
0.756238
0.017998
0.316944
0.088234
0.503824
0.089783
0.608535
0.839231
0.407802
0.647508
0.866556
0.622489
0.398870
0.980907
0.490084
0.561211
0.033677
0.055398
0.914005
0.917923
0.115857
0.956388
0.507621
0.046276
0.315928
0.604286
0.223863
0.020408
0.180030
0.541378
0.541837
0.766277
0.695431
0.244956
0.578328
0.907725
0.657473
0.817862
0.829735
0.762116
0.866370
0.109370
0.211613
0.066482
0.646915
0.108728
0.328527
0.150551
0.723043
0.341023
0.265165
0.802626
0.510756
0.928714
0.202000
0.786584
0.882317
0.942632
0.194602
0.973413
0.619056
0.343794
0.007679
0.595922
0.814405
0.041046
0.671814
0.231130
0.443109
0.650711
0.499041
0.416851
0.816188
0.379834
0.721299
0.621897
0.429507
0.639203
0.144762
0.111170
0.584531
0.599100
0.407802
0.398968
0.270334
0.863661
0.470558
0.077465
0.802948
0.982800
0.075515
0.518629
0.321885
0.119476
0.520096
0.652135
0.466247
0.379930
0.924775
0.127171
0.296746
0.327312
0.054646
0.277267
0.386083
0.366967
0.216778
0.501486
0.225827
0.970576
0.035755
0.838330
0.186410
0.823368
0.642525
0.538515
0.586876
0.441122
0.047592
0.638966
0.435916
0.167450
0.908669
0.200503
0.202060
0.486127
0.788882
0.173512
0.125028
0.592512
0.835214
0.667787
0.171927
0.396803
0.159181
0.998205
0.844101
0.328440
0.167707
0.538515
0.229263
0.431362
0.191762
0.146271
0.008052
0.788117
0.654864
0.218628
0.294408
0.049447
0.281131
0.834911
0.100386
0.261172
0.240094
0.599100
0.203084
0.707408
0.170145
0.404016
0.633154
0.977222
0.857224
0.046112
0.172138
0.385890
0.440704
0.759407
0.804124
0.774213
0.456514
0.230863
0.887380
0.325410
0.447835
0.458538
0.910930
0.529162
0.105259
0.148631
0.327919
0.611842
0.451634
0.407702
0.011147
0.721880
0.030652
0.803804
0.281909
0.549422
0.522131
0.188559
0.565506
0.895875
0.232539
0.070893
0.138856
0.565623
0.860173
0.492509
0.830551
0.492289
0.484702
0.037638
0.100187
0.809128
0.019663
0.724669
0.365939
0.447835
0.188105
0.292084
0.866834
0.802948
0.466140
0.423254
0.362216
0.874903
0.535201
0.133454
0.474455
0.606410
0.694372
0.906141
0.117407
0.538515
0.867762
0.315506
0.438098
0.399659
0.202421
0.640271
0.567599
0.023293
0.507844
0.400350
0.360826
0.452693
0.353016
0.499707
0.127294
0.820778
0.572957
0.906459
0.455876
0.422540
0.536571
0.290728
0.490415
0.510532
0.905744
0.223602
0.973850
0.551728
0.004835
0.158737
0.421419
0.551612
0.466570
0.613142
0.043109
0.161315
0.840130
0.187369
0.193613
0.032284
0.613024
0.241060
0.432395
0.016999
0.321286
0.520435
0.682223
0.623318
0.322056
0.069952
0.007998
0.133327
0.573423
0.053621
0.259998
0.581486
0.207221
0.060636
0.512776
0.991557
0.774546
0.923845
0.521226
0.643592
0.810927
0.569694
0.407402
0.295052
0.725365
0.414426
0.895039
0.974710
0.390933
0.248122
0.924918
0.155177
0.652491
0.399659
0.216079
0.220943
0.522697
0.811244
0.753287
0.472721
0.472180
0.677140
0.504047
0.169624
0.169728
0.747705
0.020809
0.250534
0.193787
0.412714
0.710217
0.711854
0.149004
0.962850
0.830857
0.156827
0.979712
0.126521
0.935345
0.583008
0.763467
0.178016
0.908904
0.105605
0.775436
0.941886
0.972932
0.636356
0.840030
0.486895
0.891920
0.103068
0.629598
0.152396
0.579497
0.887294
0.001654
0.028981
0.534059
0.456727
0.115745
0.607236
0.117940
0.074164
0.911318
0.098382
0.392493
0.007216
0.540232
0.995345
0.328527
0.334471
0.196710
0.809022
0.415739
0.578094
0.861874
0.610188
0.841822
0.799835
0.369593
0.163372
0.513000
0.571092
0.002539
0.810504
0.376305
0.342988
0.216079
0.236804
0.545051
0.119553
0.683641
0.594393
0.737961
0.535315
0.704243
0.596628
0.478040
0.821401
0.923054
0.367810
0.528026
0.651067
0.694843
0.845680
0.432705
0.873452
0.166525
0.487225
0.629124
0.829633
0.542181
0.498375
0.299747
0.919036
0.096638
0.340044
0.963333
0.773322
0.631257
0.788226
0.398180
0.994929
0.755671
0.886601
0.478149
0.780753
0.304661
0.589457
0.703891
0.141247
0.935279
0.757711
0.798003
0.110844
0.509075
0.078790
0.753401
0.500818
0.432395
0.991577
0.102493
0.108090
0.643948
0.662572
0.860552
0.417661
0.436435
0.371948
0.851641
0.051513
0.190270
0.470990
0.441017
0.240163
0.844595
0.054896
0.655931
0.201280
0.954830
0.342988
0.549422
0.619411
0.434568
0.472829
0.251247
0.699430
0.748162
0.867298
0.469371
0.453117
0.289297
0.858749
0.616927
0.980842
0.290410
0.021969
0.305074
0.492951
0.590162
0.214687
0.729189
0.037993
0.254043
0.077465
0.881964
0.258098
0.465602
0.994517
0.776657
0.104090
0.388309
0.074012
0.925912
0.771426
0.933685
0.457472
0.734274
0.093108
0.667313
0.798327
0.693901
0.631732
0.809128
0.633510
0.766502
0.435501
0.609362
0.992597
0.879838
0.980182
0.111678
0.794325
0.382710
0.354295
0.388794
0.290808
0.801983
0.261467
0.418776
0.934617
0.516938
0.920069
0.608535
0.868225
0.261393
0.384442
0.134606
0.480874
0.666839
0.024848
0.938918
0.225958
0.869977
0.191187
0.549422
0.101250
0.662216
0.921532
0.607826
0.731849
0.187313
0.090325
0.729189
0.508739
0.035600
0.257516
0.540118
0.736003
0.922838
0.305569
0.809128
0.462277
0.738881
0.769974
0.628887
0.931257
0.920216
0.316097
0.417155
0.445416
0.482403
0.971955
0.440078
0.190957
0.131849
0.802626
0.586289
0.417965
0.047223
0.762116
0.612197
0.501041
0.698137
0.583125
0.984940
0.066367
0.479674
0.281753
0.656168
0.791500
0.959361
0.095713
0.932004
0.035587
0.631257
0.223798
0.479783
0.918592
0.758276
0.895207
0.980447
0.084523
0.035253
0.943801
0.483607
0.413519
0.773322
0.386276
0.317707
0.147331
0.420401
0.444996
0.834407
0.368842
0.364074
0.228931
0.988554
0.191187
0.773990
0.963044
0.050774
0.446572
0.041818
0.600043
0.999783
0.179593
0.098415
0.678677
0.050045
0.242168
0.137020
0.507061
0.017621
0.752605
0.416547
0.769527
0.576692
0.289139
0.043387
0.825225
0.299666
0.356677
0.322313
0.170615
0.357688
0.486346
0.471423
0.186129
0.813248
0.998482
0.069928
0.872724
0.782297
0.749074
0.320346
0.006001
0.254908
0.932881
0.613142
0.210741
0.581486
0.661387
0.173831
0.349289
0.817653
0.184338
0.226946
0.401141
0.723740
0.265984
0.665891
0.019597
0.882405
0.589927
0.066551
0.880548
0.769303
0.669564
0.288980
0.739341
0.000453
0.499263
0.130634
0.285114
0.585820
0.769415
0.390349
0.305816
0.010221
0.396017
0.546085
0.413117
0.773990
0.146134
0.940001
0.558083
0.690956
0.626754
0.784718
0.445626
0.923198
0.285271
0.558662
0.223667
0.004424
0.719204
0.479565
0.814615
0.061484
0.912935
0.172085
0.141470
0.815979
0.496047
0.922982
0.197004
0.790519
0.509299
0.004271
0.607472
0.272605
0.250036
0.167347
0.212926
0.294087
0.751809
0.741064
0.429919
0.412815
0.031944
0.263163
0.745762
0.752491
0.608299
0.354661
0.332015
0.513000
0.464850
0.122126
0.913776
0.654270
0.383383
0.622371
0.841424
0.994845
0.272529
0.012023
0.772988
0.829429
0.801983
0.036394
0.328266
0.865904
0.462491
0.801339
0.281520
0.496047
0.770421
0.023000
0.323773
0.433325
0.548616
0.063828
0.388697
0.297798
0.413117
0.001811
0.042664
0.629716
0.021466
0.728147
0.975056
0.990677
0.423458
0.592394
0.569228
0.481857
0.837227
0.763693
0.887380
0.961575
0.265761
0.751581
0.622726
0.169989
0.734159
0.998246
0.932544
0.720368
0.568530
0.168689
0.721764
0.915144
0.133539
0.203567
0.564345
0.207897
0.404314
0.905823
0.345949
0.978855
0.824813
0.534744
0.106404
0.600749
0.866277
0.317029
0.878501
0.357229
0.086535
0.043248
0.278499
0.520774
0.395919
0.694254
0.542869
0.422438
0.108728
0.151969
0.318471
0.303017
0.741982
0.082498
0.920802
0.349018
0.383479
0.305816
0.928088
0.170406
0.996323
0.306395
0.595804
0.775769
0.202602
0.840429
0.002798
0.357045
0.939684
0.934219
0.090265
0.001811
0.614798
0.642643
0.774435
0.345409
0.021651
0.223277
0.119979
0.372042
0.092336
0.278345
0.671340
0.953792
0.426528
0.455983
0.941136
0.611133
0.062994
0.172718
0.104845
0.945259
0.245236
0.181897
0.290251
0.384828
0.966845
0.385310
0.919110
0.642881
0.160121
0.905823
0.701779
0.436227
0.053433
0.627820
0.084183
0.874813
0.006881
0.147933
0.944106
0.166115
0.224778
0.323429
0.737270
0.053696
0.668735
0.872997
0.638491
0.761552
0.092675
0.655813
0.086914
0.464743
0.050080
0.415335
0.972405
0.956335
0.085639
0.246781
0.413419
0.602046
0.508516
0.211115
0.076186
0.507061
0.789974
0.208020
0.129471
0.199549
0.141917
0.947703
0.056573
0.115632
0.090265
0.133115
0.564809
0.605584
0.098643
0.833699
0.700252
0.069378
0.250107
0.529958
0.963526
0.169312
0.282688
0.911008
0.466677
0.418168
0.870712
0.108693
0.918146
0.847840
0.263607
0.086710
0.421215
0.056891
0.310634
0.115707
0.593569
0.297798
0.222691
0.060657
0.065008
0.832888
0.887553
0.414124
0.188502
0.030900
0.948931
0.722578
0.311303
0.081750
0.691192
0.988742
0.887726
0.043263
0.435501
0.659134
0.673708
0.277190
0.718971
0.151447
0.647508
0.788991
0.552420
0.826151
0.413117
0.784278
0.402726
0.265240
0.205266
0.527231
0.448045
0.153255
0.030574
0.059736
0.032225
0.204173
0.964951
0.881788
0.936852
0.205449
0.979303
0.783839
0.466032
0.543099
0.434360
0.133115
0.175806
0.105432
0.186354
0.936787
0.183503
0.202662
0.259193
0.514461
0.805619
0.567715
0.050560
0.352560
0.864597
0.130509
0.073409
0.024418
0.914310
0.818905
0.804231
0.394546
0.019641
0.481748
0.694607
0.045998
0.290092
0.944715
0.009326
0.110159
0.311470
0.697431
0.035138
0.242863
0.113622
0.575874
0.240163
0.139958
0.104192
0.518855
0.008782
0.109299
0.740605
0.983878
0.872541
0.919701
0.108480
0.104227
0.426836
0.075541
0.802519
0.007877
0.072660
0.825945
0.276115
0.077465
0.485250
0.090446
0.510420
0.669209
0.692370
0.830143
0.286924
0.440704
0.699900
0.504270
0.652847
0.718389
0.533603
0.743931
0.065436
0.538744
0.288584
0.582774
0.434360
0.854924
0.115482
0.294810
0.292084
0.067986
0.404513
0.073109
0.092059
0.550920
0.228069
0.301706
0.678086
0.343615
0.237350
0.685058
0.424582
0.285743
0.287872
0.124827
0.810399
0.031666
0.354478
0.807960
0.830347
0.543558
0.163372
0.616453
0.830449
0.243350
0.798543
0.428993
0.074088
0.734389
0.548501
0.907725
0.303592
0.591924
0.882405
0.107034
0.210741
0.065008
0.185961
0.652728
0.316097
0.983760
0.733351
0.015668
0.730693
0.101484
0.729074
0.347210
0.226748
0.125914
0.518967
0.327399
0.010269
0.365752
0.453541
0.012106
0.219719
0.059508
0.210803
0.775880
0.515586
0.601339
0.885123
0.707057
0.774213
0.453965
0.843013
0.549192
0.937631
0.049570
0.374217
0.854924
0.090748
0.763242
0.426426
0.622608
0.351468
0.551151
0.941699
0.355210
0.092922
0.858464
0.952686
0.107104
0.304250
0.569345
0.878679
0.526096
0.363702
0.195244
0.322313
0.329919
0.020293
0.518516
0.715591
0.815350
0.474238
0.199668
0.861874
0.784388
0.158098
0.853479
0.580901
0.174736
0.771426
0.346489
0.504270
0.835517
0.147748
0.209934
0.777101
0.443738
0.635289
0.325928
0.724088
0.743587
0.106230
0.756465
0.269430
0.237145
0.488763
0.163322
0.173036
0.551382
0.059924
0.469586
0.685058
0.609598
0.903823
0.740260
0.398279
0.797140
0.211301
0.009487
0.286924
0.728379
0.910309
0.050453
0.454389
0.140003
0.402230
0.474455
0.299829
0.426016
0.374217
0.564461
0.914005
0.934285
0.404911
0.138812
0.762003
0.097410
0.160518
0.729652
0.508963
0.135206
0.405807
0.393177
0.450894
0.310050
0.755331
0.804979
0.580550
0.940381
0.313568
0.504047
0.334295
0.227738
0.882493
0.468508
0.802412
0.538401
0.087616
0.843409
0.421725
0.319237
0.277805
0.830449
0.293365
0.070868
0.844299
0.668142
0.745304
0.108480
0.559010
0.270863
0.539202
0.324117
0.563416
0.632799
0.104707
0.677495
0.109013
0.523489
0.996605
0.329136
0.552305
0.155467
0.939747
0.178341
0.557736
0.578211
0.341648
0.531324
0.871353
0.024121
0.167089
0.905744
0.067636
0.247204
0.751353
0.366033
0.598158
0.247768
0.342451
0.666365
0.892936
0.469478
0.341380
0.552074
0.564577
0.084410
0.420300
0.635170
0.253108
0.024701
0.785267
0.284017
0.389571
0.941699
0.018817
0.473804
0.367904
0.154694
0.660201
0.744389
0.090325
0.290171
0.444996
0.742326
0.335264
0.385407
0.261687
0.410304
0.661505
0.685294
0.731618
0.318727
0.987536
0.436850
0.454283
0.389960
0.349652
0.179811
0.612197
0.204294
0.908826
0.426118
0.604994
0.025023
0.305569
0.569112
0.543558
0.975741
0.433118
0.533375
0.067543
0.959921
0.888243
0.644779
0.291446
0.365006
0.060195
0.024673
0.963092
0.726757
0.114735
0.930984
0.633984
0.488653
0.338800
0.668853
0.016127
0.789210
0.581720
0.754991
0.931733
0.479129
0.784608
0.177908
0.451423
0.229729
0.341380
0.007806
0.266283
0.452164
0.308884
0.262424
0.615507
0.990087
0.114029
0.422846
0.892598
0.286372
0.892598
0.489754
0.915900
0.329049
0.185288
0.611015
0.191245
0.219976
0.339510
0.144899
0.886254
0.549307
0.559241
0.066826
0.995943
0.876618
0.417965
0.184115
0.638491
0.541493
0.280976
0.301216
0.345409
0.965465
0.206792
0.701309
0.474780
0.697314
0.079218
0.353016
0.840728
0.527458
0.470342
0.975703
0.766726
0.887121
0.343704
0.260585
0.959156
0.482950
0.880105
0.891835
0.759068
0.504159
0.626398
0.264942
0.240094
0.908040
0.405707
0.997423
0.665654
0.591806
0.865438
0.930437
0.243489
0.324634
0.021266
0.818801
0.550575
0.495162
0.617163
0.141157
0.238033
0.007806
0.309716
0.566320
0.895374
0.775325
0.748504
0.991882
0.996911
0.599925
0.265314
0.711387
0.803162
0.749531
0.155757
0.892852
0.813038
0.550575
0.453859
0.382614
0.008775
0.273061
0.426323
0.420401
0.842517
0.244257
0.368373
0.326533
0.626872
0.295052
0.300155
0.961078
0.611015
0.535772
0.636831
0.899270
0.941949
0.967162
0.609243
0.076005
0.344063
0.357229
0.694607
0.564229
0.727220
0.579614
0.522357
0.931121
0.784059
0.356310
0.409702
0.988221
0.598865
0.014568
0.800480
0.433636
0.066071
0.170982
0.252749
0.724553
0.748732
0.716174
0.477496
0.754310
0.540347
0.506950
0.640152
0.020210
0.912474
0.848427
0.929888
0.127539
0.568181
0.604404
0.238033
0.962117
0.802519
0.398870
0.836020
0.718622
0.678322
0.607945
0.750328
0.706002
0.115407
0.537829
0.805086
0.085380
0.411910
0.091967
0.584297
0.916351
0.743587
0.218564
0.583008
0.648576
0.191647
0.736925
0.853768
0.845778
0.260732
0.706471
0.060636
0.474455
0.509075
0.412010
0.236463
0.599454
0.177259
0.873906
0.967612
0.884161
0.636238
0.121733
0.286215
0.343883
0.556348
0.467431
0.659964
0.892259
0.503267
0.497376
0.489314
0.767960
0.168482
0.186242
0.522357
0.545970
0.736579
0.485140
0.341023
0.749987
0.132017
0.840927
0.451634
0.944533
0.780642
0.695902
0.357781
0.630546
0.107667
0.104090
0.250534
0.126116
0.202181
0.604876
0.059157
0.758729
0.704947
0.962117
0.563648
0.823884
0.702249
0.336587
0.858939
0.765042
0.518629
0.019283
0.221007
0.066459
0.594863
0.041654
0.477278
0.277497
0.081199
0.139649
0.233346
0.416649
0.697078
0.739341
0.415638
0.987586
0.918962
0.108161
0.881523
0.790519
0.610897
0.832787
0.980315
0.254980
0.028779
0.900090
0.536000
0.165655
0.851447
0.929268
0.131303
0.023111
0.726757
0.715474
0.336145
0.842319
0.358886
0.858083
0.335616
0.282143
0.974941
0.131052
0.417864
0.164282
0.767511
0.533147
0.659964
0.358425
0.573540
0.226946
0.120990
0.076549
0.028213
0.601928
0.365939
0.916877
0.596863
0.115895
0.066253
0.735427
0.574357
0.893021
0.698842
0.864223
0.559357
0.700605
0.690249
0.037313
0.640864
0.907961
0.452164
0.558431
0.876618
0.034158
0.875175
0.052928
0.805086
0.101786
0.650949
0.311889
0.213742
0.735773
0.166422
0.472071
0.032591
0.381558
0.607236
0.663165
0.818071
0.326360
0.798543
0.623555
0.565158
0.311052
0.749074
0.337825
0.273061
0.089006
0.757711
0.076186
0.577042
0.378878
0.116271
0.593217
0.019553
0.409302
0.583594
0.708696
0.357596
0.633154
0.536229
0.642050
0.073660
0.828100
0.948873
0.487994
0.191532
0.739226
0.395919
0.594863
0.869148
0.974007
0.040447
0.386566
0.701192
0.903581
0.140003
0.231063
0.261172
0.107702
0.780421
0.139428
0.468508
0.255558
0.108871
0.369875
0.307472
0.448572
0.867577
0.499818
0.956918
0.037313
0.654626
0.093574
0.426016
0.837729
0.485469
0.637424
0.836825
0.024346
0.823781
0.129140
0.181732
0.935411
0.551036
0.842418
0.757031
0.924347
0.353655
0.677376
0.830143
0.916427
0.069545
0.202542
0.213365
0.446993
0.324978
0.462598
0.017849
0.769862
0.836121
0.821193
0.832888
0.902451
0.485798
0.049517
0.728147
0.293205
0.338978
0.558662
0.347210
0.593452
0.521679
0.815665
0.315084
0.964904
0.848134
0.938790
0.599218
0.362123
0.702953
0.943002
0.189869
0.369029
0.782738
0.241268
0.369969
0.897372
0.087118
0.988173
0.719088
0.036898
0.715241
0.509299
0.059757
0.635763
0.146962
0.698607
0.091539
0.656880
0.040461
0.635407
0.403222
0.479674
0.955478
0.487225
0.718389
0.951564
0.218116
0.360918
0.264719
0.733235
0.540461
0.235851
0.365846
0.750101
0.288822
0.027965
0.804338
0.301134
0.506614
0.073133
0.086216
0.013034
0.721415
0.784498
0.068974
0.889103
0.019131
0.859889
0.279735
0.522244
0.976042
0.157902
0.496933
0.802519
0.803804
0.231666
0.158344
0.164029
0.131513
0.324548
0.278499
0.573423
0.902856
0.241475
0.675602
0.176450
0.581837
0.648932
0.874813
0.678914
0.931189
0.302443
0.099330
0.414225
0.864878
0.852416
0.066757
0.575057
0.286294
0.307140
0.455664
0.974360
0.305982
0.101920
0.753060
0.955317
0.872997
0.328788
0.472937
0.294650
0.459498
0.282299
0.471639
0.719554
0.559936
0.965372
0.408301
0.487225
0.537714
0.697902
0.259339
0.199549
0.682696
0.994266
0.326274
0.667432
0.154309
0.876887
0.752605
0.495051
0.161066
0.655931
0.073559
0.835819
0.748047
0.191245
0.961178
0.234427
0.849988
0.420300
0.107526
0.062386
0.190843
0.984429
0.264422
0.343077
0.714774
0.066208
0.803162
0.835315
0.852319
0.506391
0.781856
0.975018
0.424174
0.435501
0.222237
0.899845
0.585586
0.357781
0.946220
0.800588
0.026179
0.409802
0.379452
0.580550
0.134392
0.751581
0.977186
0.846073
0.376686
0.677376
0.661861
0.067126
0.748390
0.942755
0.336234
0.548271
0.758163
0.628294
0.396999
0.723275
0.461528
0.686238
0.476626
0.567250
0.506168
0.340489
0.713840
0.141917
0.411207
0.326187
0.583008
0.495272
0.633510
0.702718
0.831569
0.875356
0.664469
0.082749
0.424174
0.503824
0.285979
0.543787
0.998470
0.815665
0.775325
0.020217
0.559936
0.531894
0.407901
0.209810
0.542410
0.792805
0.838831
0.520435
0.592159
0.163271
0.504047
0.234224
0.836020
0.299747
0.958745
0.771984
0.785926
0.725597
0.073434
0.837227
0.027153
0.143220
0.316690
0.093481
0.465280
0.601339
0.146778
0.830347
0.310634
0.532349
0.101050
0.370816
0.706354
0.388794
0.269355
0.057651
0.560168
0.925699
0.442690
0.084922
0.126968
0.997772
0.654033
0.087969
0.423561
0.026756
0.226946
0.109764
0.818592
0.967880
0.469263
0.817862
0.395036
0.597334
0.702601
0.703657
0.158885
0.326187
0.354844
0.445836
0.261319
0.192281
0.012200
0.965138
0.188275
0.713724
0.700722
0.041282
0.454495
0.396017
0.078630
0.866184
0.245587
0.081227
0.565042
0.087469
0.586407
0.917401
0.695196
0.742555
0.610779
0.583242
0.060447
0.139561
0.305734
0.725017
0.137936
0.900418
0.739801
0.918666
0.041743
0.280200
0.129761
0.331752
0.622845
0.933015
0.216079
0.134392
0.302443
0.347481
0.890899
0.484592
0.825534
0.278268
0.030720
0.042787
0.408101
0.748047
0.646440
0.153733
0.382902
0.560864
0.606528
0.515024
0.455026
0.197593
0.724436
0.809022
0.857892
0.958951
0.402329
0.636712
0.000429
0.371570
0.250677
0.906935
0.820985
0.662572
0.636356
0.482513
0.158885
0.469694
0.408701
0.306643
0.052226
0.632206
0.358241
0.923342
0.045074
0.329223
0.749873
0.950657
0.058237
0.682814
0.329397
0.037979
0.200503
0.126075
0.871902
0.375450
0.742670
0.749759
0.343077
0.082387
0.643474
0.545970
0.647152
0.700370
0.756351
0.906459
0.953406
0.403321
0.084438
0.077334
0.757144
0.719204
0.917176
0.786035
0.755558
0.829939
0.040201
0.339777
0.097604
0.727452
0.918221
0.931529
0.433015
0.392688
0.191878
0.342719
0.536000
0.850086
0.818175
0.949625
0.085352
0.567134
0.293285
0.203930
0.543443
0.522018
0.450049
0.305404
0.554960
0.991787
0.133667
0.618228
0.007494
0.422744
0.133710
0.744961
0.590044
0.441017
0.747591
0.442795
0.752378
0.469694
0.083028
0.706705
0.359347
0.675720
0.363330
0.889017
0.468939
0.149050
0.863004
0.424992
0.707876
0.778984
0.777101
0.379834
0.995332
0.532235
0.463348
0.096542
0.152254
0.681041
0.436643
0.626872
0.628057
0.437578
0.270184
0.879482
0.979981
0.182782
0.997326
0.953847
0.351559
0.466570
0.453859
0.414931
0.701192
0.543213
0.614443
0.671222
0.498597
0.825842
0.033058
0.813038
0.021586
0.457579
0.396606
0.137412
0.088057
0.389669
0.793457
0.385021
0.634696
0.529617
0.597099
0.443109
0.891070
0.765267
0.512214
0.545510
0.449310
0.002651
0.748618
0.521113
0.025266
0.481857
0.822023
0.351377
0.573307
0.370346
0.630428
0.065075
0.147331
0.648220
0.752378
0.560168
0.897455
0.901884
0.522018
0.266805
0.472937
0.831772
0.258244
0.720136
0.594040
0.485359
0.754650
0.512776
0.051914
0.161215
0.609007
0.398673
0.307969
0.109477
0.463777
0.874541
0.273594
0.862722
0.715474
0.277420
0.078817
0.188616
0.134221
0.617755
0.775436
0.592041
0.560632
0.227276
0.029680
0.817026
0.316013
0.784938
0.290728
0.130634
0.571092
0.787460
0.679387
0.928228
0.788882
0.597687
0.605820
0.551266
0.270485
0.725249
0.358517
0.436331
0.465065
0.288980
0.077071
0.887812
0.146824
0.489314
0.552997
0.147702
0.450260
0.983760
0.282299
0.012766
0.663402
0.744274
0.690013
0.384442
0.971375
0.500485
0.062951
0.938790
0.592629
0.229795
0.536457
0.560168
0.922910
0.107702
0.315675
0.106404
0.056811
0.165146
0.990635
0.153207
0.612079
0.700605
0.492620
0.455876
0.961178
0.394938
0.240784
0.914614
0.349561
0.753855
0.931936
0.136240
0.414830
0.175538
0.216524
0.810504
0.103102
0.583476
0.242933
0.343794
0.596745
0.311052
0.108800
0.041549
0.618228
0.016473
0.084666
0.060426
0.215826
0.549883
0.772653
0.413217
0.756351
0.784718
0.297879
0.170197
0.301624
0.061677
0.826767
0.472613
0.248263
0.674655
0.372798
0.122087
0.545855
0.724204
0.482731
0.935081
0.874813
0.769415
0.397885
0.923845
0.038378
0.186748
0.720136
0.031504
0.381942
0.580667
0.641694
0.133667
0.927109
0.572257
0.028516
0.171927
0.536457
0.939556
0.950257
0.649762
0.634459
0.353107
0.304579
0.787351
0.729189
0.470342
0.798003
0.292164
0.485030
0.909373
0.022500
0.332715
0.195302
0.588401
0.826048
0.945561
0.017403
0.320602
0.160319
0.858654
0.920875
0.989473
0.483169
0.558431
0.461314
0.603932
0.379356
0.063983
0.038130
0.416143
0.592041
0.078630
0.816293
0.707291
0.293285
0.036938
0.121851
0.235375
0.027617
0.458964
0.048943
0.644898
0.099166
0.080953
0.449521
0.745190
0.033603
0.109120
0.815560
0.420808
0.713140
0.372137
0.142006
0.423152
0.274738
0.583945
0.782407
0.209996
0.930506
0.653203
0.627228
0.178016
0.588284
0.323171
0.939556
0.288901
0.119206
0.207099
0.492620
0.842418
0.038350
0.939556
0.912243
0.266059
0.275196
0.376496
0.100585
0.303099
0.408101
0.653440
0.171244
0.614325
0.730462
0.510420
0.447308
0.027123
0.097281
0.941199
0.296907
0.755444
0.951902
0.193961
0.209625
0.451952
0.625569
0.258609
0.498708
0.047508
0.015799
0.723159
0.063300
0.510980
0.000512
0.422744
0.392493
0.890302
0.467215
0.987635
0.330791
0.789646
0.225040
0.810822
0.859224
0.767623
0.033800
0.202662
0.561559
0.213177
0.464528
0.343704
0.606646
0.958228
0.731503
0.961624
0.894284
0.015343
0.919258
0.562603
0.569228
0.745533
0.162517
0.740030
0.070966
0.306064
0.683995
0.715941
0.395723
0.561211
0.148073
0.614916
0.101317
0.646796
0.874632
0.602046
0.038350
0.499041
0.919184
0.094074
0.791500
0.205205
0.116347
0.761439
0.712789
0.043714
0.451000
0.758616
0.472504
0.084296
0.770756
0.030675
0.969593
0.139208
0.898859
0.646440
0.533033
0.594275
0.725249
0.089185
0.256572
0.996541
0.581603
0.066230
0.041031
0.848720
0.653559
0.087235
0.540232
0.726061
0.946280
0.399955
0.977149
0.382999
0.238856
0.318301
0.414931
0.855212
0.189014
0.992032
0.238033
0.418472
0.267404
0.204476
0.389766
0.608181
0.556001
0.295374
0.529049
0.241406
0.409101
0.842021
0.764705
0.860930
0.077281
0.812089
0.226156
0.891070
0.368466
0.136500
0.119630
0.982058
0.845680
0.807748
0.324548
0.487335
0.895458
0.806258
0.453011
0.349471
0.454283
0.519306
0.341826
0.526890
0.431569
0.249184
0.804338
0.574473
0.771315
0.744503
0.686592
0.794542
0.632561
0.220362
0.746562
0.157657
0.447203
0.945861
0.109227
0.668261
0.084580
0.691781
0.406404
0.525756
0.272150
0.626517
0.617163
0.200383
0.140268
0.323945
0.241891
0.478476
0.906935
0.508739
0.680214
0.588284
0.565042
0.143582
0.947997
0.216651
0.760875
0.755331
0.835920
0.534858
0.665536
0.703422
0.743816
0.221783
0.730578
0.824607
0.362958
0.037856
0.117293
0.299992
0.270033
0.732427
0.575874
0.672880
0.451211
0.585703
0.516375
0.782187
0.351468
0.685058
0.413217
0.299259
0.704712
0.964527
0.664350
0.764930
0.364167
0.460245
0.268979
0.351104
0.454283
0.720834
0.981615
0.147193
0.913471
0.680450
0.446572
0.176666
0.360826
0.262277
0.050954
0.615389
0.836926
0.442063
0.231800
0.552882
0.405010
0.324634
0.536114
0.008285
0.046458
0.262867
0.125269
0.012974
0.482513
0.337914
0.799404
0.832888
0.945621
0.370346
0.567483
0.548616
0.139914
0.244536
0.142950
0.510644
0.190843
0.054742
0.891070
0.906618
0.468292
0.048839
0.751240
0.674655
0.445836
0.418675
0.889703
0.543558
0.474780
0.629124
0.216905
0.796383
0.852706
0.877785
0.479565
0.146409
0.946756
0.094764
0.383672
0.955155
0.541722
0.403420
0.011488
0.165298
0.071136
0.207774
0.661149
0.350015
0.680923
0.377733
0.445941
0.669090
0.753969
0.958745
0.884161
0.720834
0.014211
0.851350
0.696961
0.081501
0.893696
0.954285
0.329310
0.529731
0.394155
0.519645
0.283704
0.736003
0.257225
0.540461
0.562951
0.235919
0.945741
0.114288
0.688008
0.241129
0.742326
0.951564
0.809552
0.233414
0.467323
0.823988
0.413519
0.554383
0.755444
0.583945
0.286530
0.772430
0.214561
0.336587
0.506614
0.312811
0.686356
0.732658
0.928019
0.384925
0.065775
0.672406
0.246852
0.873270
0.683404
0.629953
0.145904
0.134991
0.884074
0.484373
0.937890
0.309716
0.652254
0.858178
0.622726
0.382230
0.333593
0.857319
0.732427
0.055944
0.589223
0.521905
0.415032
0.425606
0.315675
0.626161
0.365566
0.359809
0.028917
0.932612
0.353655
0.876348
0.884161
0.851350
0.501263
0.940381
0.009817
0.426631
0.004196
0.344152
0.388794
0.111351
0.781305
0.230529
0.172243
0.264571
0.053227
0.296503
0.926335
0.412412
0.041105
0.762341
0.570160
0.593334
0.151637
0.274051
0.313820
0.592159
0.291206
0.664824
0.521339
0.572607
0.085467
0.442795
0.584062
0.102763
0.381942
0.689305
0.648101
0.679032
0.151921
0.601692
0.150692
0.487444
0.649050
0.435086
0.954612
0.436539
0.775547
0.820985
0.196651
0.661031
0.089663
0.283235
0.802733
0.574707
0.004138
0.645609
0.109907
0.743472
0.838230
0.843013
0.724320
0.276498
0.575057
0.894284
0.323687
0.651660
0.415032
0.829531
0.317707
0.109620
0.732196
0.790301
0.706119
0.064627
0.660675
0.851350
0.573773
0.548731
0.224909
0.287240
0.855020
0.535201
0.543787
0.550344
0.124667
0.014792
0.691074
0.009078
0.268603
0.366500
0.625213
0.250677
0.551266
0.191820
0.768520
0.024067
0.991976
0.705885
0.923486
0.105709
0.126197
0.864504
0.491406
0.338445
0.803911
0.168327
0.224778
0.676193
0.226353
0.874541
0.449838
0.970914
0.139032
0.665299
0.503378
0.334823
0.624977
0.978295
0.002150
0.168949
0.690131
0.425811
0.324806
0.250605
0.480874
0.608063
0.822437
0.515136
0.345319
0.946041
0.427657
0.505833
0.780200
0.182726
0.876887
0.599689
0.109907
0.724204
0.949105
0.221266
0.087089
0.105397
0.824710
0.728031
0.749188
0.809128
0.803697
0.300399
0.660675
0.141827
0.860647
0.817757
0.955046
0.231733
0.694372
0.229130
0.080407
0.616335
0.545970
0.343256
0.920436
0.296180
0.076031
0.588636
0.167347
0.146317
0.708228
0.016237
0.838130
0.599454
0.168223
0.788335
0.218436
0.990718
0.287398
0.267703
0.085352
0.561907
0.281365
0.794109
0.143446
0.067034
0.680214
0.874813
0.013657
0.376591
0.932746
0.758729
0.879393
0.803590
0.125470
0.870895
0.128852
0.946399
0.703305
0.932004
0.513113
0.121420
0.690249
0.724785
0.164841
0.158589
0.489644
0.737040
0.128852
0.885210
0.932477
0.560748
0.724320
0.143175
0.155951
0.657473
0.286294
0.278653
0.478476
0.523263
0.474021
0.636949
0.864130
0.948231
0.724088
0.219654
0.974864
0.149284
0.640982
0.525869
0.356861
0.041594
0.361196
0.277497
0.032225
0.012423
0.926758
0.594393
0.686946
0.472829
0.160617
0.156291
0.711620
0.143672
0.584297
0.936591
0.321200
0.226880
0.823471
0.924918
0.040782
0.902127
0.878947
0.127907
0.746219
0.369311
0.852996
0.165502
0.130384
0.111751
0.608889
0.124827
0.809022
0.346399
0.844990
0.388794
0.464850
0.688008
0.653559
0.633629
0.909217
0.311973
0.408901
0.358517
0.487005
0.444576
0.215066
0.829531
0.433843
0.169000
0.941136
0.713607
0.404712
0.056042
0.168120
0.234224
0.083900
0.334383
0.220105
0.382326
0.385310
0.728263
0.165502
0.399758
0.428890
0.339244
0.017768
0.138944
0.700487
0.603343
0.974864
0.719786
0.025567
0.752378
0.125591
0.290092
0.483497
0.750101
0.157119
0.057090
0.505051
0.627109
0.353746
0.156632
0.935674
0.561907
0.582188
0.336057
0.549192
0.185904
0.341469
0.813353
0.783178
0.981456
0.435501
0.445101
0.801661
0.593687
0.662572
0.910465
0.573307
0.521679
0.688598
0.144990
0.781084
0.518967
0.936657
0.852996
0.813669
0.892513
0.710100
0.708930
0.793457
0.768855
0.575641
0.825328
0.647033
0.498597
0.457366
0.430847
0.613970
0.410404
0.926053
0.026111
0.301706
0.926265
0.797680
0.554152
0.203205
0.705181
0.754877
0.702131
0.169884
0.436331
0.238993
0.236123
0.863848
0.997397
0.938083
0.573657
0.295454
0.411910
0.729652
0.243559
0.762567
0.719786
0.096831
0.340578
0.086943
0.898694
0.572724
0.130718
0.309883
0.246429
0.318556
0.033836
0.476517
0.899763
0.367061
0.525529
0.649643
0.860173
0.134991
0.879482
0.853575
0.950771
0.666721
0.047694
0.058176
0.073836
0.592276
0.089454
0.298203
0.787460
0.336145
0.162316
0.510980
0.496268
0.007293
0.591219
0.022092
0.320004
0.285036
0.507061
0.474888
0.745419
0.390836
0.633510
0.802519
0.577860
0.462598
0.713840
0.408301
0.706236
0.162015
0.687064
0.277190
0.426118
0.306809
0.573423
0.074265
0.908826
0.885123
0.181842
0.821815
0.433015
0.852512
0.265389
0.651898
0.828509
0.476735
0.904064
0.972730
0.260291
0.687300
0.732543
0.811350
0.873543
0.762567
0.960978
0.901478
0.138067
0.499374
0.518742
0.442690
0.472396
0.674182
0.982400
0.340578
0.667313
0.340044
0.913852
0.362866
0.940001
0.317029
0.504828
0.348746
0.773099
0.559589
0.883460
0.911858
0.944897
0.159329
0.264274
0.684585
0.849208
0.584648
0.736810
0.261172
0.485140
0.794868
0.493835
0.934285
0.945861
0.897206
0.177583
0.533375
0.995847
0.374596
0.241545
0.481202
0.184784
0.613852
0.329571
0.746791
0.413721
0.759633
0.246852
0.120056
0.486017
0.303674
0.032367
0.051586
0.290410
0.907251
0.825739
0.463027
0.934949
0.802305
0.868964
0.314157
0.071380
0.704361
0.839231
0.188729
0.694607
0.855692
0.230729
0.341023
0.481202
0.822954
0.658659
0.322142
0.960978
0.694607
0.107631
0.705064
0.253611
0.729999
0.292084
0.815979
0.709047
0.409903
0.061420
0.014940
0.247415
0.677731
0.195069
0.836825
0.133624
0.188445
0.124107
0.816712
0.861497
0.547580
0.858368
0.149190
0.977040
0.681632
0.653796
0.876887
0.949105
0.527344
0.252176
0.693783
0.694961
0.487335
0.997370
0.250107
0.062625
0.182008
0.131513
0.996356
0.374123
0.075258
0.686592
0.821504
0.897538
0.671932
0.421114
0.423561
0.708228
0.268678
0.464958
0.870620
0.120717
0.338978
0.147980
0.473912
0.085352
0.238719
0.407103
0.021985
0.831569
0.373460
0.370252
0.866090
0.100684
0.601810
0.945320
0.511429
0.438723
0.032296
0.329919
0.184672
0.718273
0.322142
0.848231
0.124707
0.396803
0.304826
0.791391
0.956228
0.893696
0.358702
0.426118
0.823368
0.786035
0.972487
0.588988
0.833699
0.443528
0.045010
0.264126
0.987361
0.716174
0.703187
0.555538
0.334207
0.842715
0.316605
0.237486
0.122796
0.686710
0.210679
0.131345
0.356035
0.500818
0.609480
0.368091
0.981932
0.425811
0.504270
0.381079
0.520774
0.115670
0.199787
0.022949
0.848427
0.814300
0.153207
0.368466
0.960073
0.106404
0.797895
0.948465
0.529958
0.496379
0.504047
0.919184
0.068056
0.380695
0.161115
0.629835
0.801017
0.923054
0.983374
0.052042
0.854635
0.089513
0.634933
0.609480
0.673235
0.579263
0.871994
0.392396
0.096606
0.199430
0.949221
0.520322
0.131345
0.848231
0.152920
0.532919
0.616335
0.604758
0.444681
0.747020
0.583711
0.073609
0.553343
0.028359
0.948873
0.059425
0.718738
0.470990
0.998299
0.663402
0.603579
0.931597
0.474997
0.197004
0.037869
0.518065
0.906538
0.959565
0.558894
0.563416
0.621897
0.634103
0.834204
0.219847
0.695902
0.911163
0.090778
0.101484
0.249467
0.168068
0.196474
0.756691
0.787022
0.133030
0.901640
0.848525
0.100717
0.841226
0.855788
0.298284
0.692605
0.546545
0.238925
0.046441
0.629124
0.239543
0.443528
0.177367
0.820778
0.015757
0.297069
0.087440
0.384057
0.291685
0.393959
0.787022
0.281909
0.631732
0.489424
0.745533
0.323687
0.577159
0.512888
0.111315
0.847546
0.383479
0.131345
0.477170
0.557968
0.833395
0.638135
0.808597
0.831060
0.110051
0.050918
0.012949
0.917326
0.567483
0.849891
0.728379
0.432808
0.043651
0.292084
0.135852
0.837729
0.583711
0.970619
0.894368
0.135077
0.945681
0.115033
0.229862
0.371665
0.185792
0.514686
0.398870
0.535315
0.453011
0.207774
0.646559
0.651898
0.946697
0.586289
0.970872
0.000499
0.267928
0.607590
0.197889
0.185848
0.313568
0.051568
0.139605
0.407901
0.957129
0.294328
0.559125
0.176773
0.207405
0.523263
0.804445
0.292324
0.129678
0.430331
0.214309
0.080516
0.931868
0.127294
0.407103
0.926194
0.000093
0.498375
0.767847
0.345679
0.360363
0.321200
0.147933
0.335881
0.220233
0.992032
0.854154
0.769974
0.477170
0.099659
0.638135
0.165248
0.290728
0.044691
0.089155
0.624621
0.511317
0.859509
0.135421
0.893864
0.339066
0.957182
0.007803
0.058399
0.099035
0.072190
0.714307
0.536000
0.039075
0.152825
0.841524
0.052465
0.192975
0.903340
0.525415
0.584297
0.802305
0.223146
0.867669
0.375450
0.767287
0.060132
0.554267
0.317707
0.666958
0.815665
0.084666
0.800803
0.195185
0.964998
0.349289
0.183669
0.729189
0.412111
0.356953
0.753060
0.990342
0.634696
0.696137
0.752264
0.894032
0.715008
0.826767
0.284095
0.054379
0.862251
0.231130
0.882933
0.766614
0.631020
0.786584
0.259486
0.828816
0.158639
0.900826
0.458005
0.934418
0.745648
0.728958
0.124547
0.224582
0.769974
0.815035
0.315506
0.179538
0.943064
0.219462
0.421215
0.883548
0.663402
0.036067
0.227870
0.462170
0.450683
0.296907
0.540691
0.079111
0.982555
0.019074
0.665773
0.801661
0.062041
0.225105
0.510083
0.564229
0.180194
0.673945
0.726409
0.508180
0.614916
0.832483
0.452905
0.169000
0.270108
0.469694
0.743816
0.094418
0.743358
0.843409
0.744847
0.249894
0.295052
0.391031
0.832584
0.306064
0.103612
0.218692
0.954012
0.253899
0.948756
0.386566
0.962215
0.493061
0.263681
0.327139
0.510307
0.255269
0.743702
0.559821
0.735197
0.607472
0.418066
0.255558
0.856841
0.809340
0.158836
0.569345
0.434153
0.084296
0.434982
0.665417
0.749303
0.879927
0.305816
0.571441
0.131345
0.815035
0.333329
0.206303
0.425094
0.312811
0.342719
0.100220
0.652016
0.739801
0.499263
0.496158
0.872450
0.306560
0.640389
0.731734
0.058257
0.814405
0.563300
0.576108
0.971291
0.805512
0.566320
0.588166
0.667195
0.465495
0.117559
0.438723
0.208698
0.121969
0.772876
0.049325
0.599218
0.139516
0.709866
0.997133
0.686356
0.864223
0.462170
0.093636
0.392688
0.438515
0.280588
0.982369
0.578912
0.608889
0.054493
0.789100
0.418472
0.791827
0.589927
0.125228
0.097410
0.671932
0.483388
0.850961
0.125430
0.126035
0.644423
0.569810
0.838030
0.166525
0.855884
0.790410
0.416851
0.523149
0.617873
0.894284
0.694725
0.680096
0.342898
0.171244
0.061356
0.526890
0.131345
0.662335
0.987386
0.924132
0.806684
0.424685
0.501819
0.407003
0.532919
0.398180
0.125510
0.883636
0.171769
0.016693
0.635407
0.781966
0.768296
0.267329
0.439140
0.319919
0.083730
0.900254
0.339866
0.831975
0.041208
0.712205
0.889446
0.667313
0.475865
0.747248
0.627820
0.347481
0.760762
0.373082
0.186523
0.907567
0.370534
0.628176
0.507061
0.338445
0.650593
0.542754
0.354752
0.317368
0.903259
0.446362
0.535315
0.554729
0.514799
0.820362
0.283782
0.035151
0.841921
0.953185
0.903903
0.510532
0.004023
0.473154
0.950657
0.317792
0.191820
0.122836
0.403122
0.095967
0.503044
0.813459
0.222172
0.250962
0.882933
0.421826
0.966159
0.317198
0.736464
0.100751
0.643118
0.662335
0.888157
0.184449
0.863942
0.105535
0.569461
0.780421
0.607000
0.790955
0.581252
0.711504
0.917550
0.157315
0.040767
0.889446
0.826562
0.047340
0.281676
0.424582
0.042315
0.544476
0.365099
0.803911
0.305569
0.488653
0.431775
0.496933
0.631494
0.380983
0.456727
0.224255
0.745648
0.390349
0.128440
0.520887
0.300073
0.098970
0.729074
0.375735
0.573307
0.133965
0.132819
0.187822
0.145721
0.964951
0.822230
0.916652
0.749987
0.261835
0.278499
0.885471
0.414023
0.145172
0.120717
0.252534
0.209996
0.433843
0.782187
0.632680
0.625569
0.960477
0.874451
0.163978
0.489644
0.130010
0.483716
0.914462
0.236395
0.838230
0.166474
0.021871
0.621779
0.267628
0.643118
0.568879
0.348837
0.321885
0.868779
0.307637
0.428273
0.070433
0.494719
0.984940
0.348385
0.588166
0.311052
0.689659
0.503490
0.052097
0.145996
0.783949
0.963574
0.356769
0.476735
0.267478
0.785816
0.546545
0.262941
0.543558
0.806471
0.001993
0.392298
0.843013
0.149190
0.957759
0.087880
0.729305
0.186073
0.607000
0.366593
0.030451
0.201160
0.735197
0.919922
0.076784
0.977040
0.342273
0.107878
0.820778
0.311638
0.896459
0.018945
0.915447
0.235987
0.946875
0.082832
0.938790
0.773767
0.866927
0.614443
0.538858
0.191532
0.126075
0.408501
0.374691
0.012437
0.742785
0.745876
0.062235
0.626043
0.128358
0.657117
0.805619
0.800373
0.819842
0.849111
0.457366
0.287951
0.568879
0.014055
0.362958
0.966067
0.792153
0.289139
0.969202
0.124027
0.585469
0.811244
0.726989
0.476626
0.764817
0.992254
0.233346
0.093263
0.594745
0.623318
0.362587
0.333154
0.034096
0.480656
0.908355
0.124907
0.556926
0.056396
0.389766
0.346489
0.019023
0.666010
0.056337
0.236055
0.363330
0.458858
0.740949
0.385021
0.798974
0.299910
0.421623
0.468616
0.653796
0.617163
0.051677
0.414124
0.665180
0.097636
0.648932
0.160916
0.980447
0.499596
0.031793
0.092737
0.776546
0.854924
0.259632
0.188843
0.942632
0.144853
0.270033
0.997635
0.916427
0.029745
0.333593
0.547465
0.091631
0.021234
0.207405
0.950600
0.353107
0.497044
0.475214
0.551958
0.477061
0.287951
0.316605
0.845187
0.329136
0.095777
0.332277
0.937696
0.341648
0.603814
0.735427
0.139472
0.470666
0.633866
0.363144
0.918221
0.953241
0.273518
0.766502
0.932948
0.637305
0.379834
0.674300
0.023907
0.586172
0.124627
0.177637
0.427246
0.279349
0.812300
0.343256
0.675128
0.887553
0.332365
0.033628
0.711270
0.039841
0.118744
0.466785
0.787131
0.514799
0.779427
0.426733
0.443633
0.532919
0.718040
0.425913
0.222951
0.062430
0.264422
0.519080
0.135421
0.254043
0.307306
0.155515
0.447203
0.180907
0.662691
0.786693
0.410604
0.137543
0.339333
0.516600
0.793892
0.723159
0.363702
0.987635
0.657710
0.437682
0.005137
0.175056
0.461100
0.294810
0.147980
0.440809
0.879304
0.316605
0.446151
0.624977
0.295535
0.372609
0.625213
0.729537
0.557620
0.567832
0.230395
0.392981
0.565855
0.670748
0.671577
0.945199
0.077360
0.448783
0.758616
0.670038
0.017291
0.143582
0.808279
0.981615
0.863942
0.819426
0.537143
0.714891
0.008786
0.262203
0.247486
0.553805
0.390933
0.852222
0.573773
0.054018
0.387534
0.171612
0.513899
0.870804
0.405807
0.097733
0.062755
0.039698
0.257953
0.520661
0.069880
0.416851
0.548616
0.095491
0.757484
0.383576
0.279039
0.997440
0.399659
0.294248
0.706588
0.218564
0.918888
0.033997
0.118093
0.020021
0.038323
0.887812
0.951452
0.811878
0.557968
0.389863
0.114660
0.314072
0.469263
0.203205
0.677021
0.051750
0.879304
0.807323
0.897703
0.505944
0.253539
0.622963
0.452693
0.376115
0.291685
0.646321
0.972932
0.900581
0.099232
0.868964
0.143944
0.543099
0.858559
0.164739
0.871719
0.929268
0.463777
0.319834
0.111242
0.358794
0.510644
0.693077
0.459071
0.954285
0.448467
0.951338
0.935411
0.862722
0.609952
0.757031
0.738766
0.183947
0.192051
0.491186
0.527231
0.917625
0.647508
0.747248
0.601457
0.895290
0.876077
0.799081
0.708345
0.262277
0.567832
0.686946
0.297555
0.420401
0.847644
0.958280
0.787569
0.890131
0.483607
0.612433
0.516037
0.902370
0.784828
0.797248
0.947526
0.898447
0.686828
0.283469
0.376020
0.388406
0.853382
0.597334
0.416244
0.653084
0.150692
0.419690
0.368560
0.807323
0.848134
0.828202
0.621305
0.682459
0.775658
0.628531
0.656050
0.663639
0.283547
0.660319
0.015674
0.941073
0.984742
0.984515
0.513337
0.031070
0.985659
0.073283
0.956759
0.577860
0.937761
0.663876
0.449627
0.909764
0.624029
0.182173
0.396999
0.011921
0.298609
0.531666
0.855980
0.445626
0.160220
0.480329
0.259925
0.073685
0.471531
0.720136
0.424582
0.324461
0.177151
0.375640
0.255847
0.320004
0.686002
0.163070
0.667669
0.980612
0.029561
0.762792
0.405607
0.787241
0.408301
0.018355
0.250178
0.471531
0.830143
0.205936
0.225302
0.313652
0.370252
0.015152
0.192859
0.480001
0.739915
0.831365
0.143627
0.975552
0.145172
0.507844
0.387437
0.524848
0.368560
0.570393
0.972932
0.856459
0.026588
0.467538
0.217096
0.758842
0.582657
0.665061
0.764480
0.480219
0.002600
0.362123
0.664824
0.506168
0.792371
0.398082
0.330617
0.738881
0.313568
0.881346
0.387825
0.409903
0.966754
0.246148
0.375735
0.498930
0.657948
0.539889
0.249610
0.907014
0.660912
0.974243
0.969028
0.845975
0.648813
0.466893
0.073183
0.609952
0.265910
0.446572
0.622726
0.054781
0.982708
0.501152
0.361752
0.201640
0.931936
0.919110
0.878053
0.507061
0.939110
0.287003
0.614561
0.705768
0.419182
0.518178
0.847056
0.654982
0.770309
0.682814
0.239681
0.397589
0.499929
0.076810
0.109728
0.452481
0.938083
0.895039
0.907093
0.361938
0.584297
0.314241
0.798974
0.570393
0.562139
0.184282
0.834002
0.330355
0.759068
0.200145
0.029119
0.603107
0.419284
0.625806
0.977295
0.249538
0.167192
0.124067
0.926688
0.831264
0.561907
0.218564
0.254259
0.757937
0.629716
0.854924
0.176450
0.228003
0.243768
0.659608
0.309966
0.804231
0.979337
0.765941
0.152873
0.524622
0.140535
0.921678
0.218116
0.957811
0.271090
0.772207
0.910154
0.020415
0.133454
0.514799
0.841026
0.970364
0.526096
0.289297
0.487005
0.569112
0.558894
0.196886
0.725249
0.957550
0.398968
0.652135
0.473154
0.032038
0.546200
0.479347
0.445836
0.544361
0.397294
0.161715
0.184059
0.325928
0.378687
0.393666
0.739341
0.610306
0.885471
0.457046
0.258609
0.836121
0.798974
0.461314
0.189527
0.642881
0.126602
0.635170
0.238376
0.198480
0.277113
0.305156
0.328962
0.774213
0.902370
0.782738
0.148584
0.830551
0.700135
0.352196
0.641220
0.628887
0.201160
0.426528
0.404115
0.949336
0.528935
0.139076
0.034269
0.998226
0.602517
0.624621
0.129595
0.206364
0.382999
0.761665
0.942508
0.201460
0.933886
0.546200
0.486456
0.411608
0.503936
0.334999
0.664824
0.502933
0.015490
0.134392
0.980015
0.733697
0.930506
0.470990
0.998905
0.919110
0.182948
0.361567
0.652847
0.460138
0.238239
0.500596
0.424276
0.282610
0.939110
0.185961
0.332277
0.504493
0.286924
0.340845
0.415436
0.266283
0.922910
0.951055
0.174363
0.096095
0.609952
0.568064
0.357965
0.461314
0.411508
0.018774
0.062516
0.002977
0.701779
0.633984
0.412714
0.154935
0.717107
0.340578
0.741408
0.269505
0.936395
0.962558
0.166987
0.804872
0.840329
0.495715
0.312476
0.716291
0.383383
0.531666
0.767399
0.625095
0.911395
0.385503
0.157951
0.831365
0.455026
0.071551
0.363237
0.938790
0.613024
0.438410
0.433532
0.489644
0.000558
0.922693
0.453117
0.286609
0.573657
0.130801
0.064338
0.654864
0.166576
0.991044
0.489203
0.386180
0.807854
0.017829
0.194427
0.776435
0.984940
0.024591
0.708111
0.226287
0.076628
0.308551
0.905584
0.373365
0.537829
0.002933
0.267853
0.325151
0.174256
0.496822
0.625332
0.008393
0.494387
0.241683
0.424685
0.643355
0.357965
0.079811
0.197357
0.565390
0.097733
0.877336
0.926335
0.628768
0.196240
0.015210
0.418370
0.900908
0.841623
0.067916
0.555654
0.790955
0.861969
0.353564
0.434050
0.463563
0.292244
0.586524
0.405807
0.915749
0.087763
0.958487
0.259632
0.077993
0.826664
0.276652
0.125510
0.364913
0.061229
0.251533
0.327312
0.634814
0.341558
0.938790
0.422030
0.108764
0.306312
0.042451
0.636119
0.731503
0.010675
0.272150
0.884773
0.303756
0.589810
0.803804
0.240301
0.733813
0.533261
0.776435
0.819842
0.831772
0.433739
0.133115
0.773099
0.609007
0.206181
0.010277
0.833294
0.504382
0.389571
0.421012
0.592041
0.905584
0.046080
0.530869
0.157119
0.608063
0.560864
0.008973
0.959463
0.079811
0.810716
0.488104
0.594863
0.583125
0.274432
0.024922
0.340133
0.092121
0.871628
0.247063
0.012290
0.089813
0.970065
0.409402
0.972324
0.437162
0.442167
0.458325
0.133370
0.996444
0.463992
0.767287
0.413318
0.913623
0.008532
0.045332
0.384539
0.366313
0.712789
0.369123
0.358609
0.617163
0.415133
0.929888
0.812405
0.202241
0.005781
0.714774
0.445836
0.737501
0.130843
0.002600
0.956494
0.882317
0.926688
0.010704
0.584179
0.370063
0.214750
0.179266
0.081062
0.526209
0.704947
0.321628
0.982586
0.921241
0.096991
0.888759
0.265314
0.061506
0.614916
0.179866
0.108373
0.168068
0.401438
0.378210
0.223602
0.883373
0.349199
0.350741
0.233077
0.508516
0.959463
0.885035
0.831467
0.281909
0.952963
0.403817
0.184840
0.697666
0.589340
0.324375
0.411508
0.563764
0.679859
0.924204
0.639915
0.451846
0.777212
0.342451
0.820570
0.906380
0.587110
0.340400
0.778209
0.816293
0.862063
0.594863
0.743702
0.741753
0.707525
0.898941
0.722810
0.683759
0.393666
0.803162
0.966754
0.001692
0.906221
0.434050
0.944836
0.058849
0.214498
0.989606
0.632917
0.248900
0.838130
0.206915
0.065934
0.003614
0.870620
0.701427
0.089244
0.028705
0.583008
0.521226
0.977870
0.636949
0.487335
0.222821
0.322742
0.444681
0.274814
0.969808
0.624621
0.733004
0.876077
0.990511
0.377638
0.954558
0.939238
0.764143
0.176719
0.604168
0.642169
0.519419
0.345769
0.885035
0.554498
0.070893
0.579263
0.853672
0.841126
0.177205
0.687772
0.019268
0.457259
0.551958
0.556232
0.228997
0.696608
0.136934
0.992963
0.238444
0.743587
0.636831
0.708696
0.399856
0.974321
0.234697
0.741064
0.601339
0.359901
0.103680
0.341915
0.631969
0.839531
0.199668
0.654152
0.127375
0.118553
0.247698
0.562255
0.961624
0.915674
0.065980
0.804231
0.494277
0.207283
0.674892
0.359809
0.151826
0.588401
0.153638
0.592864
0.360178
0.408101
0.171349
0.682814
0.299097
0.899517
0.906300
0.052928
0.998770
0.673116
0.425606
0.031643
0.899763
0.320602
0.829939
0.834407
0.654270
0.165860
0.773767
0.921313
0.431259
0.717107
0.321029
0.531324
0.951621
0.345769
0.151117
0.181897
0.554729
0.639559
0.059405
0.120912
0.384828
0.664350
0.446782
0.330093
0.324806
0.355576
0.865718
0.292324
0.034645
0.446151
0.001262
0.313147
0.673235
0.060300
0.702835
0.011555
0.461100
0.435604
0.375925
0.894620
0.429199
0.069378
0.742785
0.724204
0.570742
0.859129
0.494277
0.921021
0.629242
0.246289
0.702718
0.040782
0.375830
0.017272
0.960477
0.888329
0.872724
0.352469
0.287398
0.127294
0.158295
0.473154
0.855884
0.574590
0.329136
0.811983
0.139252
0.494387
0.420300
0.940822
0.778984
0.406105
0.450260
0.755444
0.819426
0.677731
0.010249
0.025842
0.017265
0.385310
0.950257
0.303263
0.593334
0.481311
0.715708
0.706471
0.890729
0.100419
0.151117
0.556579
0.659134
0.206486
0.511541
0.802733
0.250249
0.712789
0.441749
0.981520
0.814615
0.769862
0.226814
0.056297
0.388697
0.509859
0.193439
0.711036
0.832686
0.333593
0.631376
0.853575
0.261540
0.424685
0.286451
0.013631
0.613024
0.304661
0.997873
0.847350
0.432912
0.382806
0.172454
0.653915
0.804872
0.696255
0.799404
0.193381
0.637780
0.359440
0.319152
0.459284
0.424889
0.162567
0.349018
0.054169
0.019487
0.525302
0.534059
0.133667
0.125309
0.261246
0.793783
0.226090
0.074493
0.681987
0.529049
0.374691
0.041046
0.294087
0.527344
0.751353
0.008039
0.283313
0.409202
0.304497
0.009967
0.522923
0.662335
0.464099
0.046557
0.702835
0.730115
0.100419
0.867762
0.254331
0.528026
0.151258
0.927670
0.354844
0.501152
0.437994
0.979097
0.326533
0.509971
0.656643
0.649288
0.804979
0.800050
0.694725
0.359624
0.156632
0.976636
0.214624
0.831467
0.743816
0.267703
0.075464
0.541034
0.776990
0.978190
0.932139
0.210617
0.808279
0.196886
0.218628
0.452058
0.262867
0.897786
0.393666
0.024756
0.898530
0.662691
0.874541
0.588518
0.093325
0.764480
0.402230
0.631494
0.673116
0.007676
0.184840
0.810822
0.710334
0.272302
0.166269
0.687890
0.704009
0.300726
0.194427
0.407202
0.954230
0.580550
0.551382
0.860836
0.357413
0.616099
0.778320
0.376115
0.904385
0.441331
0.331665
0.192051
0.378019
0.022829
0.694843
0.226024
0.005195
0.867762
0.377543
0.395134
0.748504
0.424992
0.209563
0.069952
0.552535
0.311136
0.162366
0.401537
0.084780
0.138154
0.907172
0.876348
0.385503
0.302935
0.833496
0.332365
0.013980
0.911627
0.758390
0.204294
0.194835
0.723624
0.008064
0.804124
0.152968
0.421725
0.284095
0.265835
0.387631
0.122717
0.726409
0.275502
0.243978
0.189926
0.629835
0.750784
0.972283
0.237281
0.353381
0.659134
0.894284
0.516825
0.172771
0.766614
0.680569
0.053377
0.434360
0.518629
0.653084
0.556695
0.605348
0.422438
0.337205
0.386566
0.922041
0.786474
0.851931
0.554036
0.562603
0.202542
0.958228
0.388212
0.376781
0.587580
0.811561
0.132185
0.855020
0.337294
0.282688
0.193787
0.005195
0.070360
0.635407
0.669445
0.906141
0.898530
0.454283
0.332978
0.732889
0.003291
0.641576
0.800265
0.768296
0.526323
0.550229
0.196064
0.545166
0.756125
0.043356
0.647626
0.926406
0.472071
0.366593
0.992014
0.258755
0.960678
0.580550
0.019407
0.282454
0.705416
0.612906
0.499374
0.736234
0.271165
0.726409
0.121380
0.981360
0.439244
0.929544
0.418066
0.397393
0.392786
0.417053
0.065165
0.105917
0.907330
0.381942
0.095237
0.262424
0.938598
0.886514
0.936134
0.119052
0.128975
0.075669
0.110411
0.945861
0.469371
0.317198
0.386663
0.868594
0.527344
0.452375
0.362494
0.976600
0.775325
0.823884
0.352834
0.294167
0.795842
0.175699
0.831569
0.021060
0.426528
0.616217
0.070360
0.623318
0.232606
0.608299
0.221589
0.617636
0.381942
0.217606
0.122441
0.337294
0.024391
0.756351
0.866463
0.650355
0.692841
0.062777
0.849013
0.067450
0.761101
0.772988
0.811350
0.179102
0.970492
0.735427
0.205205
0.374881
0.036805
0.229862
0.614798
0.477931
0.593569
0.075618
0.852512
0.534402
0.268078
0.419995
0.737616
0.055224
0.848720
0.056219
0.585586
0.847350
0.921605
0.874451
0.648457
0.100950
0.242099
0.967791
0.047728
0.048995
0.070723
0.786803
0.394546
0.131429
0.080244
0.592982
0.686120
0.913929
0.105259
0.191417
0.266059
0.004000
0.319748
0.481529
0.055069
0.696726
0.923126
0.126805
0.830449
0.169260
0.472937
0.793892
0.291047
0.616217
0.659845
0.294408
0.793892
0.790955
0.250463
0.834710
0.021846
0.327486
0.769079
0.194252
0.583125
0.391518
0.478258
0.614206
0.898447
0.407103
0.589340
0.871079
0.198658
0.236940
0.558662
0.529845
0.348837
0.320175
0.981456
0.216333
0.133837
0.315252
0.008305
0.015031
0.631257
0.650711
0.476191
0.897621
0.168897
0.277420
0.762228
0.686592
0.598511
0.330442
0.220878
0.217223
0.846368
0.279968
0.313568
0.950028
0.000273
0.944593
0.668735
0.923342
0.834911
0.736695
0.791609
0.331840
0.527912
0.959002
0.146916
0.985849
0.136197
0.681160
0.496712
0.935015
0.561095
0.355393
0.208636
0.582071
0.903179
0.417661
0.073962
0.860078
0.474455
0.007205
0.861214
0.440182
0.659845
0.607945
0.508068
0.206303
0.085725
0.824400
0.140801
0.528480
0.032061
0.109585
0.420401
0.014419
0.965743
0.988364
0.494609
0.299747
0.105190
0.334911
0.967612
0.605938
0.899927
0.056494
0.421114
0.596392
0.627702
0.530641
0.351741
0.242933
0.000547
0.700957
0.010597
0.761101
0.813880
0.191417
0.697902
0.461100
0.175538
0.466785
0.360363
0.761665
0.099330
0.389863
0.430640
0.257371
0.507509
0.866277
0.745304
0.835012
0.887121
0.579848
0.654389
0.611252
0.684467
0.451634
0.738076
0.714774
0.418472
0.700957
0.905025
0.686828
0.468185
0.818801
0.792479
0.679150
0.582188
0.358241
0.670038
0.723507
0.298041
0.927600
0.356494
0.308468
0.194544
0.440182
0.033787
0.242030
0.713607
0.460993
0.330617
0.740605
0.834002
0.352378
0.748618
0.708930
0.388116
0.140579
0.769974
0.871994
0.923917
0.101920
0.425606
0.004659
0.777212
0.679387
0.272909
0.417560
0.724669
0.256282
0.653796
0.636356
0.884336
0.502487
0.217989
0.181017
0.829123
0.097023
0.950257
0.308884
0.694019
0.669801
0.673116
0.830143
0.378210
0.745419
0.921969
0.508851
0.806152
0.203446
0.409202
0.798219
0.572957
0.648220
0.211738
0.088798
0.762454
0.830143
0.169572
0.145584
0.527912
0.638017
0.879304
0.880726
0.773322
0.567715
0.575057
0.379165
0.415840
0.779979
0.133752
0.163574
0.351832
0.930369
0.059612
0.119708
0.870895
0.575290
0.633154
0.246359
0.033787
0.710685
0.445731
0.275732
0.721066
0.595216
0.718040
0.756351
0.947290
0.600043
0.353016
0.957392
0.490415
0.631850
0.050186
0.323515
0.597216
0.691192
0.236940
0.899352
0.436123
0.577977
0.040259
0.321885
0.071845
0.278962
0.065458
0.463670
0.204780
0.670038
0.588401
0.104776
0.804124
0.883197
0.815140
0.039813
0.351650
0.331665
0.831365
0.587932
0.905025
0.143582
0.510756
0.823678
0.468616
0.316436
0.098090
0.499707
0.557157
0.702366
0.599100
0.818488
0.069784
0.446151
0.614325
0.614561
0.404513
0.472180
0.310968
0.089214
0.641457
0.533831
0.680214
0.795842
0.599336
0.485798
0.056101
0.608535
0.124627
0.821089
0.844101
0.969376
0.106754
0.246359
0.246429
0.911627
0.736119
0.552766
0.180194
0.968147
0.013548
0.310968
0.534174
0.180797
0.613024
0.788773
0.157315
0.681987
0.393861
0.653321
0.233279
0.889875
0.649406
0.837428
0.134820
0.184728
0.318047
0.452269
0.629242
0.006030
0.225893
0.881257
0.917923
0.905903
0.414124
0.815140
0.951902
0.510980
0.115220
0.392200
0.039400
0.860363
0.020059
0.371099
0.452164
0.034282
0.772430
0.506279
0.546430
0.521792
0.254331
0.028058
0.810293
0.821815
0.385310
0.398180
0.530300
0.832178
0.594628
0.785048
0.914841
0.547120
0.648813
0.461207
0.437578
0.796491
0.585234
0.106579
0.428581
0.024446
0.021370
0.058014
0.303674
0.826767
0.554383
0.228865
0.765716
0.015117
0.246429
0.752491
0.258536
0.860647
0.941699
0.404612
0.448572
0.269731
0.087206
0.741753
0.465387
0.780974
0.353929
0.222626
0.726177
0.644660
0.875265
0.029539
0.556463
0.700605
0.597687
0.249538
0.598158
0.479129
0.104364
0.153016
0.075028
0.628531
0.672406
0.020202
0.118783
0.179429
0.344960
0.798650
0.168637
0.751923
0.824710
0.598040
0.936395
0.607354
0.459818
0.848916
0.955908
0.055243
0.536114
0.244327
0.077702
0.515474
0.780753
0.487225
0.295858
0.274509
0.078817
0.886514
0.810610
0.138768
0.601221
0.354112
0.040724
0.373838
0.318132
0.362958
0.816503
0.029366
0.418776
0.164688
0.135550
0.645609
0.414931
0.224778
0.323171
0.030574
0.346399
0.015117
0.793131
0.812405
0.471423
0.882405
0.117864
0.689541
0.727568
0.032473
0.542181
0.647864
0.896542
0.040578
0.225499
0.683286
0.386083
0.018230
0.332628
0.880282
0.705650
0.700487
0.481857
0.042028
0.703187
0.078364
0.281598
0.501263
0.822333
0.150739
0.496601
0.161715
0.424787
0.890131
0.456727
0.468400
0.652254
0.737731
0.749645
0.221718
0.465065
0.006549
0.834407
0.804018
0.571441
0.769079
0.957287
0.007604
0.731734
0.953019
0.687064
0.521565
0.703657
0.186354
0.444996
0.233818
0.671222
0.906062
0.557968
0.927879
0.628650
0.659964
0.642999
0.560864
0.732427
0.673827
0.029205
0.116083
0.985163
0.414124
0.169937
0.343883
0.544361
0.513337
0.623910
0.327746
0.793131
0.682459
0.793892
0.913471
0.471206
0.462170
0.134392
0.868871
0.039061
0.708930
0.043979
0.231331
0.205632
0.066048
0.654152
0.006542
0.019946
0.670511
0.110808
0.947526
0.467538
0.131136
0.634577
0.605584
0.614325
0.632087
0.363516
0.028317
0.329310
0.918146
0.619530
0.262129
0.381175
0.219398
0.228400
0.163423
0.425094
0.124027
0.404215
0.660675
0.793457
0.439035
0.137892
0.107561
0.308551
0.143220
0.402527
0.242585
0.671340
0.524622
0.562951
0.766726
0.872815
0.470450
0.343346
0.417256
0.912243
0.804872
0.126886
0.619885
0.585469
0.195244
0.389863
0.001318
0.679268
0.096702
0.734851
0.324203
0.581135
0.394155
0.962801
0.699900
0.325496
0.327746
0.441122
0.336145
0.865811
0.578678
0.455770
0.398082
0.618938
0.027996
0.439452
0.796167
0.883636
0.210555
0.393372
0.305569
0.702483
0.015502
0.519306
0.741293
0.347842
0.957550
0.432188
0.887294
0.797140
0.068432
0.376115
0.704009
0.036421
0.794651
0.355118
0.168845
0.004055
0.260365
0.589223
0.259339
0.104295
0.610661
0.893948
0.575874
0.668735
0.906300
0.478911
0.191647
0.130885
0.617400
0.553690
0.113695
0.643711
0.267778
0.942817
0.010754
0.766614
0.616572
0.979914
0.118706
0.473804
0.906538
0.112225
0.344601
0.286766
0.598982
0.588166
0.942817
0.558431
0.397393
0.337825
0.557273
0.361659
0.278036
0.389571
0.519532
0.809234
0.108267
0.709983
0.564925
0.441122
0.141024
0.990448
0.570043
0.266208
0.109156
0.170668
0.026944
0.871994
0.148770
0.169989
0.071453
0.152301
0.700957
0.132946
0.846467
0.532007
0.809128
0.819946
0.323945
0.914993
0.658896
0.393275
0.160022
0.934882
0.947526
0.729305
0.096095
0.768743
0.738306
0.002459
0.792805
0.295374
0.122796
0.884074
0.484592
0.253899
0.979542
0.475323
0.240853
0.451106
0.830449
0.800265
0.892429
0.522131
0.157070
0.993945
0.841126
0.734043
0.783729
0.036158
0.299097
0.335440
0.744274
0.464743
0.118476
0.575757
0.811350
0.818488
0.914993
0.112628
0.183947
0.058501
0.851447
0.112628
0.510420
0.869793
0.928436
0.217096
0.258682
0.662809
0.353746
0.493724
0.564925
0.854731
0.828407
0.275579
0.961525
0.437890
0.214624
0.619766
0.088917
0.507509
0.580667
0.266059
0.798327
0.931665
0.082526
0.095079
0.082303
0.246570
0.746791
0.380121
0.810081
0.885558
0.658066
0.651304
0.200861
0.917102
0.382422
0.563532
0.500262
0.901478
0.858559
0.768072
0.386566
0.753742
0.352651
0.121772
0.129306
0.785377
0.404513
0.743472
0.111678
0.718156
0.063169
0.001939
0.150881
0.586407
0.486456
0.041194
0.254043
0.700370
0.428993
0.767511
0.246640
0.092213
0.886688
0.913700
0.671104
0.378306
0.634459
0.482403
0.066528
0.065278
0.316520
0.090839
0.005598
0.169260
0.615034
0.302935
0.413117
0.517501
0.501819
0.301624
0.659726
0.654626
0.549998
0.854731
0.400449
0.149331
0.182173
0.321286
0.848231
0.798866
0.218820
0.129347
0.396213
0.095396
0.244956
0.337382
0.943187
0.152920
0.309550
0.005228
0.829531
0.339066
0.014381
0.793349
0.483935
0.716757
0.904465
0.397688
0.075669
0.600985
0.609598
0.036911
0.014866
0.957863
0.967657
0.620950
0.374312
0.172454
0.284565
0.063410
0.819738
0.137892
0.413620
0.521000
0.836825
0.642643
0.989495
0.709866
0.745076
0.703657
0.390155
0.630190
0.640745
0.991806
0.204173
0.155273
0.021115
0.331927
0.330878
0.063213
0.267853
0.678441
0.715941
0.637186
0.725597
0.877964
0.341291
0.900336
0.393372
0.862910
0.429404
0.584648
0.217032
0.453965
0.870253
0.118017
0.549998
0.140047
0.411307
0.466462
0.634577
0.646084
0.291845
0.023458
0.185848
0.190212
0.857510
0.364447
0.125349
0.852996
0.606410
0.113732
0.870620
0.278731
0.983013
0.806152
0.694843
0.238033
0.392200
0.911704
0.503490
0.123470
0.363516
0.157510
0.115857
0.436746
0.225958
0.311638
0.579380
0.181456
0.836825
0.451634
0.168689
0.716408
0.125954
0.496047
0.197593
0.417458
0.044452
0.036553
0.064873
0.366219
0.920948
0.815245
0.581486
0.192744
0.918814
0.723507
0.043979
0.091325
0.510083
0.620358
0.491406
0.237213
0.919036
0.936395
0.120522
0.671577
0.309217
0.218692
0.771203
0.896874
0.062149
0.242516
0.943310
0.731965
0.630546
0.470126
0.826870
0.376876
0.599454
0.140047
0.454071
0.058440
0.950486
0.112189
0.873088
0.570509
0.185961
0.160866
0.002375
0.009775
0.064471
0.179866
0.995651
0.136717
0.548616
0.948931
0.358149
0.249823
0.777877
0.755558
0.422336
0.559589
0.258244
0.408701
0.636000
0.597334
0.599454
0.590279
0.964432
0.321286
0.779648
0.272529
0.732774
0.114437
0.008321
0.264645
0.809552
0.171822
0.845680
0.763918
0.874179
0.034632
0.761552
0.823161
0.103919
0.470990
0.631613
0.447835
0.149705
0.833192
0.247839
0.382806
0.017135
0.708579
0.008515
0.843805
0.053414
0.717107
0.022770
0.805192
0.985956
0.019627
0.002574
0.545855
0.514799
0.096510
0.622726
0.771761
0.638847
0.702953
0.241199
0.692959
0.599454
0.577393
0.938918
0.616690
0.383287
0.831975
0.627583
0.510868
0.945921
0.852996
0.920509
0.901884
0.097023
0.155322
0.605584
0.241337
0.870436
0.989957
0.563068
0.638491
0.100022
0.306478
0.100518
0.574240
0.349743
0.854154
0.570393
0.706939
0.051550
0.048891
0.451317
0.768184
0.935806
0.931393
0.262424
0.796275
0.365472
0.073660
0.463563
0.008589
0.671814
0.228533
0.236667
0.308967
0.589575
0.843310
0.612670
0.392688
0.273822
0.909295
0.392005
0.242793
0.849013
0.099035
0.090355
0.585820
0.769527
0.258098
0.366967
0.447940
0.062041
0.340756
0.122283
0.730693
0.529731
0.089723
0.204355
0.900090
0.095649
0.157559
0.854924
0.906776
0.811667
0.699312
0.351650
0.577393
0.944350
0.197770
0.273594
0.551382
0.128194
0.247204
0.147702
0.686828
0.753287
0.499374
0.419182
0.001695
0.448678
0.042512
0.594275
0.703422
0.708579
0.469047
0.487664
0.967702
0.858368
0.982922
0.791173
0.892767
0.536800
0.645016
0.722578
0.889103
0.473154
0.805939
0.399363
0.930574
0.656168
0.757258
0.919110
0.103850
0.055418
0.901233
0.470018
0.457792
0.398968
0.645491
0.971583
0.511653
0.782628
0.360271
0.572141
0.587697
0.878947
0.478040
0.585820
0.556001
0.527004
0.264868
0.995979
0.790192
0.284644
0.920289
0.188559
0.023034
0.613734
0.649406
0.948465
0.339777
0.697549
0.908904
0.077412
0.528480
0.622489
0.615389
0.122402
0.052042
0.351650
0.333768
0.606056
0.657355
0.590984
0.969894
0.134349
0.431362
0.764480
0.060132
0.185904
0.051368
0.309883
0.395625
0.617991
0.274127
0.309633
0.276729
0.890046
0.217861
0.385986
0.882933
0.026266
0.343256
0.276422
0.269430
0.474780
0.468292
0.319067
0.500929
0.982152
0.059965
0.311136
0.283860
0.793131
0.072735
0.205632
0.728379
0.921241
0.528935
0.949163
0.859794
0.886080
0.591102
0.741982
0.557042
0.236531
0.796491
0.871079
0.034307
0.500262
0.896292
0.854250
0.955100
0.212425
0.634814
0.508180
0.762228
0.255920
0.011821
0.646915
0.227870
0.324806
0.903098
0.703774
0.057269
0.236872
0.944411
0.600749
0.561559
0.430537
0.166935
0.494056
0.371948
0.273518
0.333768
0.952239
0.561327
0.163524
0.476300
0.259193
0.654745
0.960275
0.421826
0.235307
0.822126
0.126318
0.778320
0.011771
0.262646
0.421114
0.026914
0.324375
0.989406
0.906062
0.776768
0.186354
0.855596
0.880548
0.428479
0.750214
0.486786
0.485908
0.591924
0.582071
0.636238
0.633273
0.644186
0.860363
0.864130
0.966981
0.185232
0.748960
0.689187
0.099232
0.677021
0.697902
0.476952
0.107455
0.849599
0.901071
0.052835
0.726061
0.525529
0.407802
0.895792
0.458751
0.983284
0.723043
0.500485
0.491737
0.566552
0.731734
0.568646
0.469047
0.936003
0.222302
0.517614
0.655813
0.069593
0.681750
0.881699
0.567948
0.597805
0.661624
0.969246
0.442376
0.431775
0.273518
0.496712
0.177043
0.651898
0.950200
0.588284
0.316267
0.634222
0.946756
0.031504
0.330093
0.171717
0.081309
0.837929
0.958900
0.793674
0.626161
0.127131
0.405010
0.978506
0.364447
0.486895
0.923558
0.641694
0.213114
0.169572
0.693783
0.017475
0.311136
0.126765
0.966297
0.316013
0.115895
0.572024
0.256572
0.210058
0.980381
0.145401
0.173247
0.340133
0.466355
0.047982
0.070096
0.476843
0.370252
0.860457
0.211177
0.868410
0.795842
0.315252
0.524622
0.926617
0.806365
0.319322
0.560516
0.110591
0.653084
0.522583
0.151211
0.759633
0.468616
0.685412
0.103034
0.297636
0.902856
0.872906
0.423969
0.003439
0.025567
0.738076
0.335352
0.480438
0.885645
0.350650
0.493945
0.496712
0.826356
0.555423
0.574824
0.500485
0.358978
0.466032
0.128194
0.547925
0.171507
0.199192
0.688008
0.393666
0.919848
0.980513
0.215129
0.053753
0.675010
0.298853
0.163019
0.439244
0.085094
0.585000
0.382230
0.195653
0.666602
0.666365
0.863567
0.864223
0.311638
0.566204
0.981647
0.534059
0.058481
0.694019
0.024719
0.557389
0.221848
0.758955
0.596039
0.047999
0.551843
0.383095
0.152349
0.455770
0.604522
0.253180
0.348837
0.873179
0.210493
0.985330
0.234901
0.018995
0.254259
0.039244
0.870161
0.947762
0.261982
0.089993
0.295616
0.522697
0.241545
0.117940
0.576575
0.770198
0.404911
0.663521
0.044659
0.550920
0.471206
0.035975
0.843904
0.393959
0.493945
0.103102
0.887726
0.399067
0.981167
0.520435
0.470126
0.885993
0.870987
0.092860
0.263459
0.283704
0.170930
0.603697
0.951338
0.542984
0.514349
0.631257
0.371948
0.221007
0.547235
0.274890
0.309466
0.027668
0.544821
0.827895
0.637186
0.029506
0.326101
0.803162
0.143718
0.337117
0.962264
0.579029
0.345140
0.014381
0.145035
0.356127
0.882141
0.871536
0.085697
0.320175
0.109299
0.931461
0.593687
0.876798
0.730462
0.494387
0.097184
0.487444
0.518178
0.279194
0.446257
0.129595
0.770868
0.877785
0.748732
0.061955
0.572957
0.001414
0.411910
0.766726
0.912858
0.438515
0.469478
0.502042
0.142365
0.426323
0.881964
0.926899
0.256572
0.917401
0.215319
0.191532
0.291685
0.103102
0.612670
0.325842
0.365846
0.966799
0.624503
0.297231
0.331053
0.658896
0.680096
0.972690
0.117179
0.281442
0.561095
0.216905
0.275120
0.111496
0.368936
0.196474
0.527571
0.618583
0.865997
0.221524
0.804872
0.735542
0.869793
0.809234
0.261319
0.838831
0.119167
0.669682
0.130551
0.740834
0.855980
0.845877
0.977727
0.176182
0.629361
0.031550
0.753287
0.032794
0.031874
0.880105
0.049868
0.843805
0.397786
0.220556
0.533603
0.520774
0.023854
0.928436
0.878143
0.109549
0.451423
0.929199
0.164282
0.212238
0.053021
0.806791
0.082609
0.110087
0.629716
0.548846
0.675365
0.413721
0.188729
0.840728
0.576225
0.276729
0.802626
0.122323
0.034834
0.571092
0.291685
0.507061
0.285822
0.931053
0.867484
0.061314
0.952295
0.626398
0.271090
0.596981
0.187200
0.953847
0.217032
0.782848
0.655457
0.741293
0.648220
0.515699
0.184672
0.556116
0.679032
0.562139
0.762228
0.785706
0.436850
0.998924
0.278345
0.567599
0.285271
0.365846
0.008731
0.512551
0.171507
0.409802
0.809234
0.206854
0.126602
0.347752
0.294730
0.337294
0.364820
0.531096
0.121459
0.284722
0.356585
0.915824
0.856459
0.682223
0.000016
0.917699
0.107772
0.041803
0.337294
0.521113
0.600867
0.968059
0.290649
0.929475
0.984053
0.561559
0.112775
0.314915
0.179211
0.187992
0.099133
0.169572
0.026637
0.981647
0.287477
0.220233
0.080871
0.775658
0.736810
0.351195
0.102290
0.507061
0.854828
0.406305
0.263089
0.691545
0.467861
0.322227
0.303345
0.448256
0.324289
0.532691
0.806365
0.745648
0.157461
0.787679
0.439140
0.435293
0.376781
0.102594
0.468616
0.654152
0.476300
0.253611
0.476843
0.585000
0.743472
0.699077
0.461100
0.617163
0.094575
0.405607
0.184505
0.333944
0.574473
0.900989
0.915975
0.539431
0.694136
0.271544
0.582891
0.891920
0.373555
0.770868
0.758955
0.547235
0.608535
0.595098
0.087410
0.807535
0.420401
0.294489
0.295454
0.847644
0.641220
0.736349
0.975133
0.947526
0.773099
0.143944
0.725713
0.768855
0.915598
0.106894
0.314915
0.265910
0.569578
0.755218
0.396705
0.075798
0.663995
0.507173
0.086739
0.783068
0.102290
0.149752
0.880637
0.621187
0.722229
0.762003
0.776990
0.238102
0.268378
0.370722
0.926547
0.326620
0.626043
0.796167
0.827178
0.515474
0.936134
0.659489
0.971665
0.980182
0.512888
0.398476
0.452905
0.579848
0.764143
0.737270
0.421317
0.182008
0.621187
0.433843
0.424992
0.978471
0.950486
0.812300
0.923198
0.584765
0.796816
0.433636
0.702366
0.713724
0.007682
0.445626
0.188616
0.215319
0.308717
0.093263
0.234021
0.606764
0.293044
0.456833
0.341558
0.654626
0.942322
0.583359
0.624621
0.461849
0.228533
0.869517
0.600632
0.252534
0.875446
0.282923
0.573423
0.735658
0.171297
0.024628
0.041669
0.444157
0.216841
0.801769
0.288188
0.085783
0.928506
0.360641
0.490194
0.149752
0.246078
0.429199
0.641576
0.266432
0.956068
0.671340
0.592982
0.875807
0.015823
0.070796
0.880371
0.609716
0.078790
0.319663
0.826870
0.306974
0.375260
0.438619
0.843409
0.290092
0.679741
0.327312
0.650355
0.954830
0.771315
0.951395
0.307140
0.436227
0.217606
0.899763
0.281598
0.301788
0.579380
0.582305
0.473046
0.692016
0.435812
0.835517
0.028981
0.525642
0.887553
0.682223
0.434982
0.088649
0.935147
0.630546
0.948172
0.082609
0.672051
0.967567
0.986277
0.572141
0.816817
0.935213
0.843013
0.197475
0.594628
0.048580
0.390738
0.094544
0.420808
0.734043
0.973771
0.262941
0.380887
0.105813
0.303838
0.688716
0.960073
0.206731
0.785267
0.858464
0.490194
0.308052
0.413318
0.379069
0.485250
0.281131
0.513562
0.154117
0.539660
0.239131
0.369781
0.325669
0.497820
0.702014
0.734043
0.318471
0.646677
0.506168
0.363423
0.812089
0.913700
0.699430
0.417458
0.709866
0.962898
0.844793
0.503601
0.534516
0.776435
0.413620
0.144534
0.977367
0.353381
0.735888
0.349924
0.853286
0.070120
0.343256
0.833800
0.644304
0.897123
0.439869
0.097023
0.028162
0.905105
0.911318
0.366780
0.234089
0.424276
0.378974
0.452905
0.913011
0.504382
0.011497
0.931529
0.218372
0.423969
0.356677
0.225499
0.262867
0.245587
0.440391
0.390933
0.983314
0.752036
0.059695
0.567134
0.722927
0.392493
0.155515
0.822954
0.701779
0.833091
0.951395
0.870253
0.308052
0.848720
0.711153
0.858273
0.940444
0.469155
0.052668
0.095048
0.601810
0.263829
0.521339
0.054646
0.385310
0.684349
0.736925
0.709983
0.718506
0.368748
0.312140
0.910542
0.671577
0.104776
0.379452
0.727452
0.299097
0.797788
0.046491
0.793674
0.316182
0.033750
0.959310
0.694607
0.328962
0.606764
0.354295
0.901315
0.489424
0.637542
0.989540
0.694372
0.278345
0.808067
0.891495
0.942879
0.239956
0.531666
0.291286
0.956865
0.962850
0.346309
0.862440
0.122520
0.737501
0.527799
0.874994
0.676785
0.784168
0.162065
0.625806
0.307140
0.800265
0.281520
0.487444
0.885297
0.714658
0.384828
0.249397
0.964715
0.352378
0.670038
0.065911
0.832787
0.416952
0.870253
0.269280
0.265686
0.926053
0.267478
0.934418
0.032437
0.161765
0.097474
0.004228
0.439765
0.983671
0.086361
0.409502
0.171034
0.708111
0.214750
0.318812
0.788007
0.771315
0.504047
0.492509
0.854635
0.733235
0.581954
0.922838
0.327312
0.752036
0.801017
0.853961
0.826870
0.951055
0.703305
0.950257
0.973293
0.766614
0.531438
0.008147
0.561907
0.205083
0.379069
0.927250
0.705416
0.761101
0.122678
0.300562
0.307637
0.534972
0.290410
0.068080
0.482403
0.899763
0.637068
0.347120
0.664706
0.596745
0.101786
0.799297
0.397098
0.577276
0.015478
0.063498
0.621661
0.761101
0.689305
0.575407
0.543328
0.899599
0.932139
0.018981
0.527799
0.753173
0.748846
0.500040
0.613497
0.269280
0.000319
0.646203
0.024041
0.774101
0.490415
0.872450
0.887812
0.249467
0.012361
0.750556
0.819218
0.066826
0.266059
0.365566
0.788007
0.614325
0.250036
0.515474
0.108586
0.284957
0.426528
0.463027
0.139076
0.143491
0.073660
0.478149
0.809764
0.502710
0.587932
0.615862
0.204415
0.261614
0.818488
0.823058
0.598511
0.800158
0.576341
0.540003
0.927809
0.348746
0.149611
0.091021
0.731734
0.255775
0.366126
0.149284
0.506168
0.825842
0.763580
0.767175
0.688598
0.432292
0.078178
0.684113
0.311721
0.401537
0.144125
0.238170
0.729537
0.754764
0.639084
0.786364
0.045672
0.843310
0.005579
0.534402
0.874269
0.123470
0.157266
0.405607
0.120873
0.270939
0.613497
0.766614
0.301134
0.148026
0.058665
0.774213
0.199133
0.000236
0.584648
0.464206
0.868594
0.291685
0.683168
0.491186
0.979847
0.702483
0.740949
0.558778
0.722229
0.851253
0.700135
0.557736
0.871994
0.532805
0.153255
0.667313
0.101484
0.939046
0.538515
0.590162
0.502376
0.583359
0.316605
0.039698
0.705885
0.642287
0.276575
0.916427
0.629598
0.617045
0.173194
0.016318
0.271771
0.393275
0.077176
0.666484
0.615744
0.154646
0.411006
0.353016
0.015884
0.650830
0.651067
0.061442
0.942508
0.249397
0.155564
0.209006
0.098285
0.613142
0.805939
0.250677
0.783288
0.380695
0.180304
0.610306
0.125550
0.080108
0.085151
0.394449
0.238376
0.302689
0.034096
0.427657
0.111824
0.766614
0.845384
0.888071
0.478258
0.564693
0.186748
0.683050
0.661979
0.998617
0.814510
0.676785
0.385600
0.023060
0.105917
0.296827
0.951508
0.253899
0.952574
0.080380
0.506950
0.079892
0.225564
0.294408
0.831264
0.984629
0.180468
0.214372
0.917326
0.987082
0.865531
0.891835
0.994718
0.649406
0.221201
0.794759
0.508068
0.986382
0.711387
0.664587
0.849696
0.951395
0.361659
0.957445
0.599100
0.003632
0.418979
0.515812
0.973572
0.807004
0.898447
0.754537
0.611015
0.113289
0.849794
0.844990
0.136024
0.369311
0.073308
0.373271
0.251533
0.266955
0.530755
0.058379
0.505274
0.077255
0.587228
0.758390
0.138988
0.464099
0.996301
0.379930
0.274661
0.494940
0.111824
0.098610
0.577042
0.199846
0.071845
0.302853
0.158589
0.222951
0.201220
0.052244
0.441749
0.608889
0.872997
0.713607
0.617755
0.224647
0.494056
0.158393
0.402825
0.802626
0.972852
0.963526
0.971872
0.734274
0.790519
0.954558
0.858559
0.817235
0.290569
0.812300
0.590749
0.594981
0.285586
0.411910
0.798866
0.590749
0.765379
0.315759
0.837729
0.976191
0.886861
0.765267
0.301870
0.371570
0.517727
0.110808
0.972649
0.760537
0.311638
0.318132
0.658422
0.626398
0.275426
0.932139
0.014249
0.503936
0.056534
0.847252
0.163372
0.918221
0.565739
0.598040
0.111824
0.985412
0.599925
0.280666
0.536914
0.733004
0.288030
0.068785
0.116347
0.816398
0.895792
0.986566
0.660794
0.098610
0.537829
0.700957
0.530300
0.646915
0.736810
0.261467
0.795409
0.437474
0.076290
0.156680
0.366406
0.647271
0.041968
0.086130
0.868040
0.671577
0.052428
0.721183
0.746791
0.695667
0.565971
0.190441
0.412513
0.449733
0.661861
0.259998
0.459925
0.162617
0.454814
0.478476
0.415638
0.123908
0.839331
0.953737
0.686356
0.885906
0.221395
0.734505
0.501263
0.552651
0.425708
0.752150
0.707525
0.766165
0.064963
0.392688
0.742211
0.438098
0.908747
0.038683
0.060132
0.096831
0.542066
0.216651
0.536571
0.458858
0.433222
0.133539
0.521905
0.961575
0.453435
0.011321
0.847938
0.715124
0.950828
0.289536
0.717923
0.725945
0.145675
0.071429
0.390641
0.510644
0.660794
0.327139
0.967970
0.934019
0.340845
0.725597
0.908826
0.880460
0.967612
0.658541
0.209625
0.342988
0.096863
0.064739
0.013746
0.964951
0.756238
0.283001
0.665417
0.968721
0.646440
0.240922
0.070168
0.182671
0.098317
0.720950
0.414326
0.632561
0.405309
0.705650
0.244676
0.057711
0.379452
0.787241
0.850670
0.928714
0.965044
0.502821
0.281365
0.660319
0.047880
0.049745
0.621069
0.246500
0.262941
0.934418
0.029194
0.697078
0.579614
0.075079
0.424582
0.901803
0.917176
0.912320
0.648457
0.213365
0.055243
0.508963
0.526777
0.034771
0.816503
0.919184
0.765267
0.166627
0.738996
0.150456
0.801339
0.354478
0.336763
0.183114
0.585469
0.143537
0.822851
0.271468
0.863567
0.327139
0.169728
0.958280
0.487335
0.805406
0.832077
0.325324
0.148119
0.201700
0.157266
0.977727
0.886861
0.675365
0.279658
0.019174
0.292004
0.032556
0.197475
0.530300
0.897952
0.690602
0.429301
0.688244
0.347933
0.003774
0.099068
0.213868
0.692252
0.992125
0.114996
0.400054
0.424992
0.219013
0.682105
0.226946
0.061891
0.222237
0.846859
0.356861
0.193613
0.048272
0.462491
0.575641
0.588049
0.822851
0.112445
0.230529
0.729884
0.465817
0.871628
0.557736
0.311973
0.962655
0.412815
0.958539
0.497266
0.206731
0.339510
0.709632
0.985822
0.896957
0.709047
0.538858
0.711620
0.815979
0.735542
0.673471
0.899024
0.173247
0.527799
0.683995
0.715241
0.996605
0.863567
0.137238
0.498708
0.151589
0.642050
0.988742
0.010056
0.841424
0.714774
0.558894
0.772542
0.710451
0.279658
0.732427
0.675720
0.538973
0.512327
0.481311
0.385214
0.941886
0.331840
0.161115
0.418269
0.251176
0.759181
0.646915
0.832280
0.982708
0.813143
0.572490
0.229529
0.906062
0.078205
0.074240
0.666010
0.856267
0.725365
0.034158
0.848525
0.538515
0.108586
0.948523
0.281131
0.568297
0.054018
0.242168
0.151211
0.899927
0.533033
0.952071
0.261099
0.991596
0.356953
0.863755
0.716174
0.280433
0.000336
0.610661
0.090446
0.304332
0.436123
0.790083
0.377162
0.853093
0.635882
0.587345
0.692488
0.470990
0.350287
0.165860
0.462813
0.786803
0.677731
0.995461
0.777434
0.137238
0.635170
0.374881
0.748732
0.649169
0.916427
0.012427
0.400251
0.659134
0.249397
0.384828
0.675247
0.345589
0.097636
0.488873
0.065707
0.241545
0.129058
0.508851
0.699312
0.049203
0.442586
0.910853
0.514799
0.037624
0.864223
0.810822
0.800158
0.955100
0.195419
0.320346
0.477822
0.000847
0.397393
0.882669
0.005428
0.431362
0.082665
0.965928
0.563880
0.845877
0.684703
0.875807
0.798758
0.600632
0.050631
0.574473
0.849111
0.828918
0.468292
0.169780
0.003572
0.725017
0.253683
0.733928
0.889532
0.919701
0.650474
0.134991
0.784938
0.117217
0.947172
0.387631
0.002569
0.865531
0.250249
0.329310
0.001601
0.401636
0.841623
0.581018
0.206486
0.739226
0.777434
0.010968
0.180523
0.801447
0.809552
0.636712
0.378401
0.267254
0.777544
0.636712
0.233751
0.926688
0.617991
0.646321
0.689423
0.340044
0.710100
0.014787
0.114847
0.311387
0.271847
0.516938
0.734505
0.742441
0.814825
0.536686
0.615980
0.456408
0.784938
0.619056
0.772430
0.771091
0.956228
0.417560
0.054954
0.909295
0.304579
0.086245
0.867391
0.321200
0.169572
0.054455
0.874813
0.896625
0.301297
0.926194
0.920069
0.175752
0.692605
0.732658
0.930574
0.353746
0.294167
0.747591
0.058257
0.092213
0.862910
0.727568
0.452269
0.450155
0.151874
0.438827
0.504716
0.932409
0.608535
0.321029
0.138242
0.473804
0.752036
0.127579
0.588284
0.280743
0.158589
0.969159
0.123748
0.010968
0.310300
0.024719
0.107808
0.697196
0.768184
0.806471
0.564345
0.184840
0.120134
0.973413
0.803269
0.072884
0.991825
0.820362
0.810610
0.818592
0.215129
0.948698
0.006325
0.567018
0.615271
0.828509
0.676785
0.900418
0.182726
0.133837
0.216841
0.610070
0.730925
0.733466
0.092367
0.326187
0.649406
0.218564
0.223081
0.650593
0.025144
0.234562
0.968236
0.099429
0.457046
0.035100
0.402131
0.166013
0.829123
0.616572
0.696961
0.785597
0.069164
0.824607
0.012299
0.516375
0.757484
0.567018
0.382902
0.131891
0.120522
0.365752
0.411106
0.847644
0.217925
0.037489
0.525529
0.323945
0.989761
0.656168
0.186129
0.421114
0.924775
0.719437
0.894872
0.138417
0.123748
0.105259
0.430434
0.087381
0.386953
0.213491
0.175913
0.246922
0.752264
0.726873
0.343435
0.801447
0.500374
0.493061
0.197948
0.057309
0.387825
0.682814
0.015817
0.085985
0.411910
0.275502
0.641338
0.566436
0.737731
0.285350
0.536571
0.121341
0.009703
0.883986
0.421419
0.901478
0.784938
0.612315
0.622726
0.766390
0.612670
0.679387
0.117483
0.470774
0.297636
0.135249
0.075489
0.306064
0.550575
0.316520
0.405906
0.525756
0.675602
0.625332
0.813248
0.894788
0.535087
0.924561
0.991976
0.434153
0.108871
0.427246
0.090567
0.109907
0.733351
0.329658
0.734159
0.822437
0.338179
0.288663
0.910465
0.228069
0.013652
0.142500
0.922621
0.002284
0.705181
0.613024
0.148817
0.105259
0.258536
0.368842
0.497931
0.660675
0.140668
0.418269
0.371288
0.592629
0.297312
0.614561
0.193149
0.116385
0.262720
0.331490
0.411106
0.481748
0.796599
0.474346
0.454814
0.228003
0.939365
0.094293
0.855500
0.414628
0.304003
0.302279
0.687536
0.415941
0.243908
0.545166
0.288426
0.895290
0.482294
0.154406
0.981963
0.255413
0.317792
0.079272
0.898117
0.570975
0.212363
0.389183
0.490415
0.477496
0.605938
0.860078
0.259705
0.646203
0.597923
0.366219
0.900172
0.012591
0.830347
0.958745
0.577977
0.351650
0.026480
0.096606
0.613379
0.716641
0.796059
0.230662
0.705064
0.586758
0.137064
0.262941
0.884336
0.617636
0.051987
0.365939
0.353746
0.088946
0.148817
0.205814
0.933685
0.879660
0.883723
0.252678
0.517163
0.486346
0.862345
0.300807
0.622726
0.692723
0.952852
0.766502
0.547465
0.972283
0.659489
0.704947
0.944411
0.602164
0.604050
0.930643
0.898117
0.908119
0.501263
0.680569
0.920875
0.918146
0.266432
0.013980
0.726177
0.176504
0.443423
0.358794
0.118399
0.669090
0.983936
0.465065
0.889446
0.995293
0.961277
0.643711
0.137499
0.547810
0.750784
0.773322
0.097474
0.703070
0.819218
0.720834
0.077544
0.103987
0.213303
0.270636
0.508739
0.850864
0.537943
0.361474
0.309633
0.597452
0.461742
0.076602
0.150786
0.744045
0.601692
0.862063
0.943249
0.567367
0.708111
0.994370
0.621305
0.877695
0.644779
0.164536
0.925699
0.205814
0.122638
0.929751
0.917923
0.801232
0.586172
0.255702
0.251104
0.499929
0.396901
0.461421
0.148351
0.941886
0.715124
0.215129
0.859414
0.717806
0.706705
0.997028
0.363609
0.393470
0.129017
0.357229
0.126116
0.985024
0.755444
0.608535
0.519983
0.074951
0.527231
0.757031
0.650949
0.854731
0.648694
0.543328
0.890473
0.676548
0.540691
0.585820
0.429816
0.753287
0.190556
0.447940
0.702953
0.480656
0.720368
0.714191
0.446046
0.223602
0.687772
0.664469
0.984198
0.454283
0.705885
0.287161
0.206915
0.420605
0.656287
0.839431
0.760085
0.042406
0.350831
0.838831
0.091234
0.567715
0.053021
0.704009
0.025804
0.773767
0.427041
0.489534
0.866463
0.753855
0.925699
0.521792
0.881788
0.288505
0.402329
0.764255
0.336940
0.298203
0.863848
0.016479
0.509299
0.877964
0.833091
0.048238
0.846270
0.258463
0.271241
0.590514
0.726641
0.518967
0.594275
0.766053
0.552420
0.813459
0.938726
0.763580
0.196298
0.036778
0.361289
0.868687
0.068126
0.655931
0.213303
0.609007
0.784938
0.608771
0.656524
0.529617
0.427862
0.981263
0.600749
0.085151
0.611252
0.536686
0.770868
0.550805
0.686002
0.423765
0.879304
0.678914
0.969419
0.724088
0.589457
0.940128
0.410003
0.009897
0.112189
0.528480
0.989739
0.905425
0.334295
0.485140
0.543328
0.475974
0.535201
0.849794
0.841226
0.311973
0.970534
0.532919
0.707876
0.908512
0.926406
0.255413
0.588870
0.521792
0.972892
0.143220
0.675483
0.442376
0.404115
0.473479
0.532577
0.547235
0.749759
0.181952
0.646084
0.169832
0.974593
0.115857
0.283235
0.254835
0.010269
0.290171
0.949740
0.632087
0.293926
0.747248
0.576692
0.033972
0.782297
0.186354
0.391225
0.260732
0.974941
0.246218
0.331315
0.562835
0.858939
0.998087
0.604522
0.770756
0.200981
0.893190
0.219526
0.497044
0.734851
0.693312
0.239543
0.884336
0.175377
0.662809
0.939620
0.773990
0.362773
0.278036
0.866463
0.153350
0.202181
0.500485
0.418878
0.801554
0.682696
0.842219
0.323257
0.228533
0.633510
0.025061
0.026315
0.024157
0.513787
0.446782
0.790410
0.032758
0.148026
0.928714
0.242585
0.959870
0.588870
0.113806
0.333505
0.991164
0.827588
0.518742
0.947879
0.404115
0.562835
0.024866
0.758616
0.341112
0.817026
0.884511
0.998150
0.128276
0.512327
0.463027
0.868502
0.806578
0.354569
0.363516
0.652491
0.434775
0.157461
0.479783
0.833800
0.601103
0.149237
0.443004
0.277728
0.325324
0.039244
0.204597
0.392591
0.058216
0.963430
0.064717
0.809658
0.436331
0.480438
0.209501
0.267329
0.938982
0.009443
0.923989
0.908826
0.485140
0.533945
0.135722
0.992489
0.966251
0.463777
0.562719
0.938662
0.431672
0.503936
0.349108
0.450049
0.786364
0.820882
0.547235
0.581954
0.639559
0.246570
0.637186
0.384442
0.293926
0.282766
0.785597
0.322142
0.895374
0.898117
0.398870
0.479565
0.113806
0.489754
0.022966
0.043604
0.492841
0.638847
0.885993
0.468939
0.283079
0.626635
0.158786
0.291127
0.298609
0.885123
0.308800
0.640152
0.541493
0.254763
0.877964
0.058501
0.728263
0.593334
0.483060
0.882052
0.197416
0.403222
0.203145
0.300971
0.363330
0.834002
0.990656
0.211426
0.454177
0.828612
0.093543
0.247133
0.703891
0.405508
0.454708
0.292804
0.148351
0.995133
0.710100
0.858654
0.158885
0.651304
0.053828
0.446257
0.130551
0.577042
0.512663
0.203446
0.549653
0.008305
0.562255
0.968853
0.371193
0.250107
0.219077
0.324203
0.100220
0.210555
0.655219
0.480110
0.998157
0.983134
0.269280
0.175699
0.542640
0.050204
0.190499
0.106509
0.274280
0.479565
0.696726
0.138900
0.491627
0.010795
0.973691
0.388309
0.698019
0.466893
0.467215
0.651067
0.484592
0.508627
0.263163
0.901884
0.678204
0.613024
0.824091
0.187539
0.264942
0.986748
0.923270
0.609716
0.415133
0.870620
0.955155
0.570859
0.692959
0.521679
0.359901
0.531210
0.102695
0.076160
0.900989
0.574007
0.706705
0.431156
0.709164
0.882317
0.967162
0.909608
0.891240
0.358333
0.475648
0.484045
0.314157
0.052668
0.310885
0.037098
0.507061
0.459925
0.853865
0.055321
0.365099
0.889103
0.012120
0.859129
0.772653
0.684467
0.481857
0.252534
0.233077
0.702953
0.402131
0.554036
0.318047
0.692605
0.546085
0.383383
0.816293
0.683523
0.387922
0.096191
0.920875
0.396803
0.696726
0.386663
0.690131
0.663876
0.374028
0.120873
0.701544
0.554845
0.542869
0.517839
0.170459
0.358057
0.079568
0.195653
0.640389
0.295696
0.660082
0.940507
0.250107
0.061784
0.287161
0.174683
0.473479
0.216396
0.230796
0.223537
0.195419
0.497709
0.608299
0.919553
0.794217
0.225367
0.532805
0.739111
0.225171
0.232539
0.328006
0.648813
0.432602
0.647033
0.690956
0.880992
0.817966
0.137499
0.051386
0.265910
0.293686
0.803269
0.447308
0.869885
0.625924
0.459498
0.432602
0.802733
0.305982
0.081172
0.825019
0.650118
0.590397
0.180797
0.206486
0.155032
0.326274
0.814195
0.133285
0.436643
0.911318
0.383961
0.526323
0.685530
0.804018
0.613734
0.772876
0.396803
0.169364
0.750214
0.455664
0.981647
0.367529
0.698019
0.766726
0.672761
0.790737
0.875987
0.663521
0.291366
0.833901
0.234291
0.574590
0.380695
0.824710
0.164181
0.599454
0.627228
0.826254
0.471747
0.963285
0.564693
0.156827
0.244396
0.011484
0.626635
0.302525
0.078364
0.252678
0.142231
0.138636
0.946101
0.522923
0.196768
0.813038
0.200503
0.529162
0.286136
0.099560
0.497044
0.609125
0.666721
0.510420
0.199370
0.615034
0.512214
0.114921
0.433739
0.295616
0.216524
0.856650
0.212363
0.145904
0.662928
0.732543
0.326360
0.541493
0.417661
0.790519
0.263607
0.801769
0.867391
0.709515
0.106964
0.095396
0.157657
0.894200
0.963718
0.351741
0.272226
0.014804
0.227210
0.169364
0.367155
0.561559
0.501931
0.091508
0.728726
0.007065
0.271165
0.432085
0.875897
0.452269
0.014141
0.257298
0.525302
0.854250
0.555076
0.997361
0.187200
0.311219
0.063894
0.997610
0.166218
0.484483
0.973453
0.146962
0.203809
0.886861
0.214687
0.545855
0.549422
0.244956
0.492620
0.591571
0.573890
0.919406
0.749987
0.024738
0.926758
0.677376
0.771873
0.166627
0.055108
0.372798
0.976340
0.179484
0.234562
0.839231
0.073208
0.323085
0.873725
0.626517
0.826972
0.791282
0.666365
0.315252
0.285114
0.624147
0.033579
0.580901
0.665891
0.762116
0.287161
0.814090
0.602753
0.167192
0.046805
0.828816
0.698725
0.333154
0.230395
0.784059
0.460459
0.901803
0.227210
0.334383
0.676193
0.913011
0.591571
0.109334
0.960628
0.615152
0.218692
0.558315
0.460673
0.895039
0.818071
0.646203
0.622845
0.084268
0.497487
0.027506
0.735312
0.040592
0.857224
0.081915
0.655457
0.575641
0.400153
0.731156
0.890729
0.075592
0.676903
0.494056
0.510756
0.945139
0.555885
0.279658
0.691192
0.585351
0.239750
0.636119
0.315759
0.458858
0.174150
0.779537
0.277343
0.296342
0.923845
0.573890
0.516825
0.849306
0.314746
0.254619
0.186917
0.245727
0.900744
0.620240
0.048925
0.535201
0.704126
0.012989
0.978331
0.231934
0.548962
0.485250
0.588753
0.029162
0.318982
0.953019
0.137936
0.681396
0.017648
0.191245
0.602753
0.518516
0.828612
0.657592
0.734851
0.334383
0.289059
0.004244
0.444052
0.440809
0.914157
0.105224
0.456302
0.521679
0.220878
0.094481
0.979678
0.021562
0.772653
0.717107
0.014463
0.434360
0.840628
0.793892
0.958072
0.048684
0.673945
0.547235
0.929406
0.759972
0.324289
0.596275
0.000258
0.951055
0.645609
0.118438
0.853575
0.141827
0.636119
0.075079
0.075669
0.907646
0.393470
0.457792
0.521565
0.475431
0.499707
0.955961
0.210120
0.830041
0.459605
0.846467
0.808597
0.238787
0.246429
0.559241
0.489864
0.948172
0.071160
0.127539
0.462170
0.179157
0.520096
0.636238
0.704126
0.942322
0.528821
0.436746
0.197534
0.970364
0.767511
0.493282
0.799081
0.070602
0.988812
0.085524
0.464421
0.041120
0.734851
0.646677
0.001860
0.914917
0.147516
0.076212
0.793566
0.892429
0.182948
0.439035
0.746448
0.190843
0.480983
0.098122
0.544132
0.872997
0.032485
0.105674
0.291047
0.343077
0.808067
0.787241
0.646440
0.741293
0.667195
0.806684
0.576225
0.057751
0.950429
0.486566
0.207835
0.154550
0.943064
0.624266
0.244466
0.710685
0.997756
0.239268
0.583476
0.366126
0.102661
0.572374
0.585820
0.943433
0.632917
0.669564
0.946160
0.424787
0.603697
0.574007
0.277574
0.212926
0.423663
0.526436
0.374123
0.215699
0.151826
0.127009
0.562371
0.311973
0.490745
0.309883
0.446151
0.293766
0.387437
0.442900
0.209810
0.963526
0.599218
0.007020
0.259486
0.944228
0.548962
0.834609
0.250677
0.646677
0.715124
0.860836
0.734851
0.775658
0.253971
0.917251
0.022299
0.614206
0.519645
0.899270
0.780863
0.069093
0.527004
0.282844
0.423152
0.946935
0.769974
0.953019
0.918592
0.458218
0.889875
0.560980
0.017489
0.542984
0.203205
0.323171
0.343167
0.590514
0.993335
0.490965
0.224909
0.230262
0.069497
0.567832
0.443423
0.662335
0.489974
0.796275
0.245797
0.580784
0.384635
0.481966
0.897786
0.172085
0.363051
0.922331
0.229330
0.527458
0.638491
0.902613
0.551151
0.526436
0.999566
0.185288
0.320175
0.972446
0.908669
0.742670
0.364074
0.984827
0.833901
0.726641
0.673590
0.723159
0.940570
0.397294
0.348204
0.635052
0.265165
0.430022
0.434360
0.436643
0.250677
0.583125
0.801017
0.142500
0.334207
0.349743
0.104638
0.396901
0.552074
0.099166
0.830755
0.798003
0.099989
0.487554
0.544247
0.939429
0.631139
0.573074
0.117597
0.924418
0.529162
0.454071
0.089723
0.025051
0.531894
0.116536
0.486017
0.297717
0.767287
0.920729
0.418168
0.810716
0.444576
0.646796
0.101987
0.087001
0.639440
0.202783
0.755898
0.850670
0.671104
0.178124
0.782187
0.309133
0.313399
0.797895
0.668498
0.702249
0.510307
0.399166
0.597099
0.879749
0.917550
0.922765
0.406903
0.868964
0.953351
0.853189
0.541608
0.783839
0.757031
0.539545
0.255413
0.878858
0.975286
0.703422
0.271165
0.403122
0.132649
0.980776
0.273670
0.765042
0.610543
0.015938
0.771091
0.583125
0.106369
0.912474
0.647152
0.091875
0.934352
0.883197
0.973810
0.905664
0.650237
0.048084
0.877964
0.981167
0.323601
0.509859
0.147147
0.225958
0.154165
0.696726
0.029909
0.973771
0.389377
0.992472
0.110699
0.800695
0.295616
0.785597
0.626517
0.737270
0.601339
0.285979
0.184561
0.476409
0.989495
0.472613
0.157461
0.345499
0.433118
0.137194
0.748504
0.851155
0.475974
0.575991
0.694725
0.245657
0.944228
0.289139
0.521113
0.172613
0.501041
0.909452
0.000975
0.474455
0.429301
0.281909
0.634459
0.366593
0.043714
0.135378
0.105743
0.270863
0.710802
0.072018
0.505944
0.940191
0.354020
0.043729
0.371948
0.479565
0.142995
0.694372
0.683523
0.905504
0.771091
0.646321
0.102526
0.844200
0.003357
0.538973
0.415840
0.652847
0.022500
0.502265
0.362123
0.193265
0.771203
0.054245
0.202181
0.376305
0.938598
0.889618
0.476083
0.023528
0.951282
0.447835
0.108942
0.879660
0.418168
0.596039
0.617991
0.760424
0.498708
0.554267
0.409402
0.627465
0.994690
0.530527
0.774101
0.579614
0.255630
0.411207
0.329049
0.734620
0.507621
0.826562
0.905664
0.323171
0.672643
0.495826
0.834508
0.497598
0.280433
0.446151
0.408601
0.282376
0.846073
0.322570
0.317622
0.857701
0.230596
0.140535
0.330704
0.610779
0.660319
0.191302
0.385697
0.312308
0.876977
0.567134
0.793131
0.972527
0.196768
0.649288
0.025098
0.761326
0.581252
0.799297
0.246781
0.646321
0.439140
0.952183
0.946399
0.242030
0.567483
0.631969
0.389863
0.857224
0.517163
0.082192
0.789974
0.831162
0.852222
0.978924
0.485579
0.425708
0.756351
0.028779
0.942135
0.027597
0.332365
0.657710
0.993945
0.138636
0.146134
0.819426
0.305816
0.478476
0.348294
0.652135
0.967432
0.383768
0.674300
0.216270
0.612079
0.397885
0.203145
0.372137
0.278268
0.967791
0.001792
0.149097
0.048289
0.241683
0.134008
0.085409
0.713140
0.662809
0.948873
0.996142
0.155757
0.263903
0.599100
0.987685
0.534174
0.737040
0.042680
0.423356
0.593687
0.498486
0.668142
0.398771
0.995538
0.197357
0.562255
0.082165
0.761778
0.818279
0.447835
0.058399
0.691545
0.893948
0.232673
0.509747
0.732081
0.328962
0.640864
0.680450
0.942011
0.885819
0.633866
0.386373
0.243280
0.046162
0.943984
0.670393
0.604050
0.807960
0.713256
0.378115
0.318132
0.554960
0.591571
0.512776
0.596510
0.742555
0.287240
0.850280
0.007526
0.934617
0.180852
0.720485
0.358702
0.926476
0.590514
0.868687
0.466032
0.385890
0.940317
0.462706
0.914005
0.617873
0.308634
0.738881
0.566087
0.695431
0.827895
0.312811
0.853768
0.180139
0.932139
0.000284
0.735658
0.932477
0.992399
0.967162
0.699900
0.511541
0.801125
0.105986
0.948465
0.798003
0.953074
0.194777
0.096318
0.628768
0.478584
0.222107
0.258244
0.587932
0.492399
0.698137
0.863286
0.881434
0.200801
0.001745
0.339155
0.509747
0.488873
0.347481
0.823575
0.744961
0.532463
0.004636
0.541264
0.073359
0.954394
0.256064
0.565390
0.103919
0.354203
0.201400
0.143356
0.118975
0.279890
0.544936
0.953572
0.978681
0.436850
0.934285
0.074139
0.716641
0.242099
0.266880
0.507173
0.306147
0.448572
0.560864
0.342630
0.037856
0.758390
0.033677
0.813143
0.257589
0.109943
0.038447
0.024527
0.610306
0.729421
0.583359
0.256499
0.959870
0.558894
0.180962
0.614206
0.116687
0.277574
0.162517
0.281831
0.555770
0.188105
0.385214
0.537829
0.003095
0.343256
0.785267
0.575991
0.783949
0.463563
0.661387
0.049851
0.274127
0.378496
0.849013
0.741753
0.574123
0.110483
0.251890
0.993401
0.382230
0.339155
0.210431
0.525982
0.748047
0.254547
0.336852
0.624740
0.654745
0.534174
0.086884
0.863661
0.827588
0.413822
0.707642
0.147748
0.268378
0.970998
0.682932
0.924561
0.356218
0.188957
0.840528
0.090325
0.316097
0.548156
0.568646
0.241822
0.742326
0.700370
0.874632
0.688008
0.455239
0.344332
0.757484
0.628768
0.931597
0.839830
0.955263
0.966526
0.371288
0.261540
0.125833
0.802305
0.438306
0.164181
0.041699
0.249397
0.865065
0.524395
0.099035
0.332803
0.182615
0.066025
0.735658
0.998806
0.413620
0.840130
0.973850
0.720485
0.103305
0.034632
0.781305
0.666602
0.876528
0.742211
0.120990
0.515812
0.475648
0.461207
0.955693
0.252176
0.392396
0.081694
0.478802
0.753401
0.209130
0.304826
0.791500
0.670867
0.686592
0.828816
0.982524
0.147100
0.999425
0.353290
0.817339
0.960073
0.226682
0.589692
0.745648
0.520209
0.303510
0.182284
0.280743
0.379069
0.049255
0.903501
0.743129
0.177529
0.439869
0.217351
0.259047
0.899024
0.904144
0.243280
0.689895
0.340578
0.900172
0.318216
0.670867
0.827998
0.882405
0.574940
0.456727
0.034419
0.026092
0.211988
0.275579
0.138242
0.616808
0.462170
0.951734
0.811667
0.303838
0.927039
0.587580
0.787460
0.399363
0.673471
0.863755
0.173142
0.334735
0.534858
0.688480
0.663521
0.355668
0.446887
0.141068
0.691899
0.006109
0.444472
0.604522
0.610425
0.100088
0.015902
0.338268
0.183225
0.188559
0.753401
0.973493
0.052281
0.192686
0.590044
0.514574
0.936526
0.009703
0.347571
0.996709
0.263385
0.666602
0.670156
0.803376
0.433946
0.760762
0.943126
0.826459
0.320602
0.739341
0.678204
0.547925
0.623200
0.464958
0.035458
0.680805
0.290489
0.338268
0.516825
0.544247
0.538744
0.890729
0.208389
0.042376
0.661861
0.043232
0.392396
0.554267
0.357965
0.667313
0.538401
0.327312
0.761439
0.887898
0.189128
0.382134
0.781305
0.620595
0.727568
0.997610
0.955478
0.001019
0.738421
0.822954
0.235579
0.965418
0.664232
0.873543
0.702835
0.842815
0.520661
0.346039
0.505944
0.441749
0.453647
0.762792
0.609480
0.497820
0.434360
0.527004
0.429404
0.883723
0.773990
0.959820
0.917774
0.972405
0.930163
0.710802
0.597334
0.180413
0.158885
0.213428
0.503713
0.431362
0.745648
0.057030
0.004601
0.823781
0.628887
0.983583
0.319493
0.596275
0.438410
0.112152
0.901071
0.399955
0.142815
0.606764
0.697196
0.709164
0.624266
0.313483
0.612788
0.853093
0.836020
0.585820
0.839331
0.265835
0.638847
0.930094
0.628057
0.110267
0.417155
0.351741
0.302197
0.161965
0.280976
0.647745
0.403519
0.996256
0.870804
0.655694
0.016624
0.291605
0.267404
0.967791
0.781856
0.530527
0.334999
0.595098
0.040694
0.355118
0.922041
0.876528
0.745762
0.507397
0.893948
0.590279
0.176343
0.700840
0.415537
0.242654
0.527344
0.620950
0.531210
0.204415
0.949855
0.588753
0.917774
0.326014
0.231599
0.286530
0.785706
0.299910
0.259705
0.706588
0.800373
0.082026
0.850378
0.558199
0.852319
0.574940
0.357504
0.092675
0.587345
0.936526
0.158196
0.813564
0.663046
0.992327
0.462706
0.738766
0.536800
0.306809
0.443423
0.958280
0.445521
0.453753
0.784718
0.055631
0.151826
0.320004
0.894284
0.123351
0.577510
0.426118
0.662335
0.445311
0.759520
0.912628
0.844299
0.327486
0.777988
0.449627
0.428376
0.783068
0.150174
0.312308
0.097023
0.894116
0.547580
0.361474
0.371382
0.904385
0.388019
0.364447
0.713840
0.638017
0.202843
0.632206
0.299829
0.883460
0.174736
0.298366
0.975703
0.507397
0.859984
0.004010
0.352287
0.514236
0.809128
0.591806
0.074316
0.326014
0.152349
0.695431
0.026344
0.878053
0.383768
0.104261
0.435916
0.835012
0.639203
0.765941
0.273746
0.268228
0.592159
0.084723
0.950942
0.110231
0.361659
0.765154
0.138680
0.187652
0.255775
0.925841
0.789428
0.007751
0.717806
0.341648
0.037462
0.953737
0.714307
0.594863
0.449627
0.057170
0.431775
0.427965
0.129388
0.125188
0.979406
0.463027
0.161465
0.416851
0.613261
0.541952
0.802626
0.341558
0.318047
0.957340
0.496933
0.006913
0.146824
0.867391
0.587697
0.132396
0.577042
0.698607
0.927390
0.363051
0.205144
0.970788
0.558315
0.762567
0.189470
0.890388
0.125510
0.063279
0.448361
0.583476
0.097992
0.682696
0.544706
0.066849
0.728379
0.083956
0.074316
0.465602
0.215193
0.880460
0.961822
0.806791
0.954121
0.182008
0.390447
0.740375
0.168275
0.437682
0.846663
0.769303
0.589927
0.465387
0.539889
0.107490
0.649762
0.160022
0.549192
0.360733
0.593452
0.271771
0.831569
0.873361
0.978083
0.941574
0.606528
0.045949
0.140979
0.576225
0.140757
0.656287
0.690013
0.999831
0.001386
0.265612
0.568996
0.994647
0.399560
0.214120
0.855020
0.466677
0.422234
0.843508
0.197122
0.903179
0.421623
0.930506
0.609125
0.700957
0.515249
0.953019
0.589810
0.205936
0.443633
0.808385
0.158245
0.697784
0.089454
0.687182
0.519758
0.652135
0.790192
0.075028
0.552766
0.741867
0.658896
0.833496
0.267104
0.442586
0.760649
0.843904
0.647745
0.465602
0.677731
0.025909
0.453435
0.529958
0.223472
0.251390
0.549653
0.703305
0.992998
0.123788
0.947526
0.447519
0.522697
0.912397
0.844497
0.472937
0.984314
0.036289
0.612552
0.798435
0.675720
0.148537
0.810610
0.536343
0.033763
0.852706
0.515586
0.387728
0.823884
0.005032
0.863661
0.007604
0.199906
0.852512
0.048289
0.022846
0.823575
0.802305
0.981360
0.009362
0.239681
0.082554
0.975286
0.014951
0.102695
0.015751
0.764592
0.382614
0.827178
0.689187
0.645728
0.875987
0.281131
0.295293
0.776657
0.065233
0.038530
0.790410
0.202481
0.343794
0.251747
0.374786
0.044421
0.645728
0.440078
0.925344
0.152396
0.131849
0.320260
0.838430
0.821193
0.906221
0.647745
0.719554
0.574473
0.823471
0.780863
0.376876
0.914614
0.599218
0.203205
0.704243
0.815874
0.746562
0.843904
0.321200
0.222432
0.798003
0.329136
0.257661
0.900254
0.884686
0.194078
0.918518
0.981069
0.747020
0.802305
0.230395
0.381175
0.344152
0.955370
0.770533
0.118821
0.765154
0.551728
0.419588
0.641694
0.961426
0.648694
0.992895
0.202120
0.805619
0.195302
0.604168
0.129430
0.627820
0.878053
0.257880
0.003712
0.956707
0.663639
0.287556
0.487335
0.535886
0.273518
0.995538
0.750101
0.787460
0.361011
0.485030
0.915069
0.471423
0.218116
0.790301
0.857510
0.019976
0.156632
0.125228
0.217351
0.159576
0.009232
0.645016
0.785267
0.183114
0.073084
0.684231
0.521905
0.719554
0.570626
0.150315
0.334823
0.310551
0.286215
0.044595
0.879482
0.624858
0.062733
0.372987
0.454602
0.388503
0.772765
0.225564
0.608535
0.180139
0.813038
0.455876
0.338534
0.750101
0.062343
0.739915
0.726989
0.742441
0.074849
0.299829
0.084126
0.340133
0.110195
0.732658
0.849501
0.006910
0.122008
0.539660
0.980048
0.269807
0.599454
0.046789
0.462598
0.509299
0.261835
0.138198
0.797680
0.623555
0.877695
0.023818
0.631732
0.349561
0.748846
0.218884
0.365472
0.996245
0.194835
0.221136
0.841424
0.168949
0.158049
0.063300
0.372798
0.300155
0.919774
0.795084
0.055108
0.037139
0.303756
0.613734
0.547695
0.870253
0.336498
0.240715
0.674773
0.204658
0.521905
0.064829
0.766726
0.183392
0.978225
0.966708
0.884948
0.511990
0.633629
0.551958
0.720485
0.661268
0.836121
0.863473
0.986800
0.236395
0.534858
0.575174
0.415638
0.938598
0.363609
0.575057
0.516600
0.719903
0.825225
0.706588
0.531552
0.315506
0.937372
0.490415
0.420401
0.996750
0.660082
0.044326
0.065278
0.889103
0.948348
0.080625
0.415739
0.358149
0.596510
0.924204
0.446362
0.313063
0.396901
0.808385
0.734505
0.524962
0.120444
0.993032
0.835517
0.974864
0.762003
0.728842
0.338268
0.286451
0.428890
0.370346
0.221201
0.445521
0.439974
0.094796
0.544821
0.264052
0.583594
0.324031
0.336145
0.978924
0.395232
0.748390
0.188162
0.913394
0.737155
0.269054
0.823161
0.064829
0.491627
0.680332
0.305982
0.686356
0.542296
0.250392
0.489754
0.360363
0.944593
0.878053
0.416952
0.931325
0.030798
0.076471
0.064182
0.961525
0.436539
0.603461
0.590397
0.386083
0.666247
0.533717
0.532691
0.190556
0.637186
0.884424
0.466247
0.738881
0.443738
0.692370
0.163625
0.411407
0.932409
0.051914
0.782297
0.674182
0.022233
0.193381
0.304250
0.127784
0.757371
0.330181
0.226156
0.144352
0.424582
0.924704
0.888157
0.617636
0.108551
0.790083
0.871719
0.469910
0.059116
0.115257
0.089633
0.138812
0.455345
0.371476
0.630665
0.831670
0.757484
0.493945
0.514686
0.306395
0.211301
0.434879
0.360456
0.871628
0.246992
0.805726
0.309883
0.583008
0.823161
0.349199
0.932746
0.412815
0.441749
0.525529
0.608417
0.135077
0.294328
0.528253
0.892936
0.101317
0.295777
0.868779
0.070771
0.865158
0.766951
0.720485
0.887985
0.263237
0.712555
0.020693
0.748846
0.028589
0.186748
0.822230
0.945259
0.113216
0.320944
0.446046
0.898117
0.351377
0.089304
0.439765
0.833395
0.542869
0.031184
0.196651
0.851350
0.060678
0.561443
0.693901
0.302607
0.763805
0.805406
0.875626
0.577860
0.785706
0.262277
0.058115
0.086855
0.886080
0.647745
0.764817
0.229862
0.359163
0.659608
0.522244
0.856459
0.876798
0.414124
0.329832
0.817966
0.582657
0.724785
0.954176
0.776546
0.179211
0.886514
0.967477
0.162919
0.581252
0.510420
0.179593
0.513899
0.349199
0.417965
0.562719
0.620122
0.416952
0.601574
0.061955
0.672880
0.190556
0.531210
0.186692
0.871536
0.463670
0.865345
0.996831
0.453647
0.340133
0.381079
0.863098
0.865158
0.424276
0.761890
0.316351
0.480001
0.359163
0.781305
0.196298
0.174469
0.401240
0.833294
0.220620
0.223863
0.274432
0.977295
0.402131
0.559125
0.942570
0.605348
0.837026
0.078577
0.524169
0.671340
0.411809
0.056317
0.289774
0.861214
0.547925
0.453117
0.802841
0.502376
0.591924
0.535772
0.857224
0.451952
0.393959
0.810610
0.192512
0.888071
0.273594
0.394253
0.494830
0.643830
0.986954
0.627820
0.736695
0.506056
0.795951
0.563416
0.549537
0.458964
0.883197
0.895875
0.725365
0.513899
0.279503
0.554036
0.558546
0.415032
0.268753
0.830347
0.757711
0.549768
0.785597
0.857128
0.609125
0.752491
0.601692
0.600985
0.447729
0.805192
0.515249
0.448256
0.152777
0.321628
0.587580
0.171927
0.739226
0.607472
0.526890
0.878947
0.314493
0.424685
0.382999
0.254259
0.169416
0.056415
0.100684
0.898199
0.759633
0.159972
0.971291
0.040418
0.739801
0.415133
0.086710
0.343077
0.861214
0.780311
0.490745
0.795409
0.174097
0.491847
0.501708
0.010515
0.628531
0.125631
0.628768
0.274203
0.045364
0.968325
0.032854
0.449416
0.635763
0.618346
0.091143
0.954503
0.053358
0.592159
0.374786
0.818801
0.144762
0.670275
0.602282
0.348565
0.977186
0.646440
0.264126
0.328527
0.279503
0.573890
0.961178
0.389377
0.727336
0.406105
0.582305
0.787679
0.903501
0.499263
0.668142
0.990780
0.827383
0.781415
0.822851
0.663876
0.465065
0.922765
0.020615
0.920656
0.584531
0.350559
0.311638
0.575057
0.538058
0.767287
0.384250
0.385793
0.937112
0.024527
0.568064
0.040885
0.425708
0.361196
0.381079
0.869517
0.371853
0.772988
0.646559
0.428068
0.488324
0.900581
0.317877
0.576225
0.195069
0.847154
0.132059
0.981679
0.415537
0.776879
0.797248
0.956600
0.202963
0.322313
0.819842
0.964242
0.476626
0.930984
0.800265
0.714774
0.765941
0.397983
0.412513
0.214940
0.265314
0.688716
0.917176
0.587932
0.358425
0.510083
0.293365
0.225630
0.658303
0.328527
0.882229
0.962215
0.851544
0.285586
0.232068
0.742899
0.007197
0.741867
0.279349
0.770309
0.955532
0.897206
0.582422
0.130259
0.704243
0.336852
0.988601
0.731272
0.149705
0.969549
0.804124
0.929337
0.866370
0.982307
0.404115
0.138680
0.105639
0.079487
0.414527
0.308551
0.070893
0.427554
0.864597
0.482950
0.927250
0.847252
0.308634
0.317283
0.779537
0.675838
0.323343
0.177962
0.546775
0.685766
0.024283
0.755444
0.188616
0.202722
0.096734
0.962166
0.521792
0.980015
0.651186
0.520209
0.191820
0.342898
0.568763
0.225171
0.718622
0.897703
0.792262
0.001643
0.440704
0.815874
0.874269
0.408001
0.467538
0.465817
0.705768
0.823265
0.828918
0.428273
0.163322
0.383191
0.882229
0.763580
0.506168
0.130593
0.265017
0.265314
0.836926
0.860173
0.350105
0.525982
0.903903
0.151826
0.896459
0.969072
0.790628
0.132354
0.783619
0.314915
0.690602
0.221654
0.915371
0.493945
0.768967
0.398377
0.707525
0.121029
0.419893
0.989629
0.304414
0.939301
0.448256
0.613970
0.954230
0.986010
0.702249
0.986277
0.079649
0.280200
0.581135
0.178016
0.915220
0.867947
0.275196
0.455983
0.559125
0.474455
0.356585
0.402131
0.988554
0.882581
0.244676
0.376781
0.414426
0.624977
0.471963
0.935411
0.688952
0.767511
0.264497
0.679978
0.806152
0.620713
0.261908
0.994069
0.732081
0.030041
0.278653
0.375450
0.777434
0.729652
0.710802
0.956228
0.331840
0.383191
0.118975
0.630665
0.068927
0.983878
0.721997
0.704947
0.565855
0.870069
0.866834
0.193787
0.044786
0.898199
0.541378
0.943433
0.936526
0.238307
0.915447
0.202000
0.183336
0.987082
0.436746
0.535543
0.805512
0.070409
0.143763
0.995626
0.255630
0.149752
0.897206
0.372798
0.155225
0.620240
0.870069
0.446782
0.701779
0.955800
0.376401
0.031309
0.498819
0.466677
0.909295
0.510868
0.903581
0.244956
0.598158
0.409903
0.660675
0.760198
0.496822
0.598276
0.415537
0.661979
0.890644
0.451846
0.087939
0.840628
0.923989
0.756351
0.840030
0.499485
0.198955
0.977331
0.361752
0.646321
0.810822
0.266507
0.834609
0.527571
0.026500
0.440287
0.568297
0.990258
0.129844
0.188105
0.118975
0.664824
0.158295
0.580199
0.111933
0.418675
0.163928
0.328093
0.662572
0.498708
0.023898
0.363609
0.212363
0.585820
0.125752
0.372137
0.633984
0.182615
0.681396
0.935147
0.388503
0.610188
0.027506
0.402428
0.395428
0.245096
0.681396
0.311973
0.481311
0.322227
0.987436
0.353107
0.719321
0.672880
0.167604
0.847448
0.349289
0.554036
0.171717
0.156875
0.380025
0.124027
0.388116
0.531096
0.061059
0.189470
0.680687
0.326014
0.918962
0.238444
0.937631
0.591689
0.857510
0.601457
0.968192
0.645728
0.783619
0.506726
0.110051
0.296180
0.282065
0.766277
0.599807
0.744389
0.305486
0.890814
0.551728
0.587110
0.769191
0.143040
0.406404
0.615152
0.309300
0.188105
0.823781
0.332015
0.170302
0.881434
0.501486
0.366874
0.191532
0.105501
0.102088
0.048186
0.849988
0.858273
0.552305
0.543099
0.826972
0.413117
0.706939
0.661505
0.936134
0.391810
0.684231
0.200981
0.570975
0.953682
0.816817
0.677849
0.561327
0.281209
0.678559
0.226221
0.753855
0.144443
0.124907
0.629005
0.142770
0.794109
0.563184
0.150315
0.582422
0.415537
0.209192
0.033873
0.226353
0.585000
0.600278
0.708579
0.416851
0.733928
0.765828
0.513899
0.033997
0.780863
0.895959
0.809552
0.746905
0.232673
0.600985
0.104055
0.613852
0.296988
0.643118
0.602282
0.856650
0.479783
0.944167
0.959361
0.377638
0.436435
0.064227
0.136370
0.190728
0.592159
0.497820
0.600278
0.823781
0.769639
0.482185
0.262203
0.596863
0.294167
0.500374
0.543213
0.319578
0.150456
0.184672
0.103169
0.522923
0.039188
0.234021
0.351286
0.940948
0.249681
0.775547
0.668024
0.609952
0.027183
0.403519
0.285664
0.245937
0.747591
0.186748
0.779979
0.524282
0.077019
0.728379
0.426836
0.536457
0.361474
0.956707
0.384057
0.193207
0.649169
0.762679
0.273594
0.695314
0.335528
0.800695
0.733697
0.680687
0.804124
0.827998
0.001398
0.726641
0.586055
0.778763
0.400054
0.604522
0.835819
0.959616
0.830958
0.739801
0.382134
0.475974
0.523149
0.218053
0.556579
0.969115
0.543672
0.231197
0.030295
0.343167
0.181181
0.497598
0.341023
0.135765
0.362680
0.304826
0.600278
0.783509
0.030451
0.354112
0.656524
0.218820
0.206548
0.268453
0.609125
0.549883
0.426221
0.449944
0.128235
0.480656
0.592394
0.115070
0.663758
0.208451
0.088146
0.502821
0.064583
0.769862
0.992877
0.317029
0.949970
0.653796
0.371665
0.109979
0.285350
0.647033
0.780532
0.611133
0.616572
0.215129
0.580901
0.003552
0.881169
0.349380
0.542640
0.263311
0.659608
0.297474
0.460352
0.156486
0.326447
0.419284
0.014082
0.790301
0.887985
0.181401
0.987461
0.758842
0.057070
0.175645
0.420706
0.755558
0.619530
0.241683
0.668024
0.112335
0.608771
0.747591
0.023493
0.743702
0.860552
0.099133
0.591102
0.814195
0.348565
0.005745
0.109620
0.478693
0.412915
0.214561
0.077728
0.783509
0.906221
0.517501
0.700722
0.455132
0.772319
0.487994
0.933015
0.930163
0.032627
0.067195
0.447835
0.910698
0.432808
0.883373
0.628413
0.335264
0.896625
0.352105
0.800480
0.120172
0.705650
0.390447
0.557273
0.204962
0.952908
0.200204
0.079973
0.217287
0.535201
0.280045
0.498153
0.405110
0.199966
0.215509
0.245797
0.895458
0.309633
0.458111
0.786364
0.870895
0.032734
0.652847
0.858844
0.559821
0.661624
0.968103
0.358517
0.733120
0.567599
0.019283
0.689423
0.162868
0.165604
0.154646
0.053152
0.999888
0.201820
0.044770
0.829327
0.449521
0.472504
0.322399
0.137543
0.532919
0.476083
0.120056
0.185232
0.748276
0.017655
0.072512
0.638017
0.100286
0.077728
0.497820
0.370628
0.671814
0.790628
0.760198
0.596275
0.773879
0.059054
0.930848
0.749759
0.952127
0.345319
0.744847
0.023624
0.898447
0.770980
0.680569
0.374028
0.251461
0.548386
0.627465
0.141113
0.823988
0.446782
0.122441
0.234833
0.104261
0.528367
0.393568
0.999087
0.523829
0.053753
0.410604
0.054037
0.498819
0.120561
0.835718
0.816293
0.045283
0.473479
0.243978
0.457046
0.078258
0.048101
0.182284
0.486456
0.212801
0.684585
0.494498
0.513113
0.070409
0.831874
0.805299
0.391323
0.555885
0.133624
0.680923
0.560052
0.466140
0.300889
0.928019
0.863942
0.576225
0.925415
0.118898
0.333329
0.542754
0.952183
0.880282
0.197711
0.624384
0.163019
0.484045
0.509187
0.499929
0.162366
0.461849
0.629124
0.036991
0.561907
0.082693
0.571558
0.150033
0.423663
0.992489
0.491737
0.663046
0.262794
0.329919
0.431982
0.135938
0.762792
0.678914
0.635289
0.869977
0.731734
0.638373
0.696608
0.277651
0.766053
0.246711
0.046014
0.479456
0.915296
0.089963
0.536114
0.375166
0.966388
0.071600
0.909530
0.424174
0.437058
0.270712
0.630072
0.053377
0.059116
0.837929
0.002796
0.434568
0.563648
0.576575
0.218308
0.924632
0.358609
0.475757
0.365192
0.026618
0.245657
0.485579
0.373176
0.784828
0.584765
0.371288
0.980148
0.838030
0.196240
0.006765
0.328614
0.545280
0.635407
0.065165
0.763580
0.699900
0.310467
0.035897
0.982058
0.873088
0.509187
0.989914
0.879215
0.205205
0.691781
0.195595
0.513225
0.819009
0.979132
0.668735
0.459605
0.722113
0.331403
0.355851
0.191820
0.442795
0.785157
0.263681
0.641931
0.222951
0.254835
0.315168
0.335087
0.587697
0.423765
0.759294
0.404314
0.849794
0.923774
0.227540
0.761778
0.702601
0.491737
0.415739
0.674300
0.900826
0.124627
0.290410
0.937242
0.852222
0.535087
0.177962
0.856746
0.969506
0.025852
0.867020
0.174363
0.323859
0.530413
0.813353
0.448467
0.317622
0.912320
0.150786
0.859604
0.975628
0.444576
0.630665
0.116422
0.338711
0.176827
0.829633
0.875717
0.734505
0.426528
0.279890
0.545051
0.296342
0.827383
0.820674
0.265017
0.451740
0.124347
0.755558
0.941261
0.989914
0.974204
0.610188
0.643592
0.715008
0.396606
0.431466
0.471423
0.328266
0.692959
0.567832
0.657236
0.697196
0.334295
0.111460
0.018279
0.885297
0.128358
0.475540
0.884861
0.638017
0.251033
0.917401
0.986954
0.463027
0.531894
0.843508
0.247415
0.159923
0.934352
0.802198
0.612315
0.146593
0.863567
0.802626
0.218372
0.650830
0.367061
0.358609
0.059861
0.568763
0.468185
0.529958
0.400745
0.806471
0.387340
0.972037
0.749188
0.171139
0.734735
0.141470
0.061634
0.645847
0.789100
0.977727
0.868687
0.825945
0.785157
0.957129
0.645135
0.001256
0.570393
0.728726
0.594510
0.650237
0.563996
0.674773
0.122244
0.752605
0.639677
0.918666
0.098122
0.769862
0.941261
0.954830
0.160419
0.273289
0.312057
0.418573
0.191532
0.118017
0.294569
0.265686
0.594981
0.742785
0.019356
0.881169
0.116952
0.723740
0.515024
0.352378
0.449944
0.678441
0.298447
0.470018
0.745876
0.019196
0.602753
0.830755
0.880903
0.781746
0.966434
0.788445
0.719903
0.002799
0.100850
0.726061
0.068502
0.108622
0.263977
0.624029
0.147424
0.360826
0.231599
0.810293
0.226024
0.413822
0.132438
0.480219
0.264942
0.352287
0.939365
0.940191
0.070433
0.774546
0.445416
0.147655
0.067149
0.373082
0.294007
0.482950
0.050453
0.048495
0.997317
0.937890
0.167707
0.029151
0.186974
0.552305
0.690131
0.781525
0.801232
0.727104
0.227276
0.504605
0.271923
0.854635
0.757144
0.954830
0.106684
0.945621
0.562371
0.996605
0.528026
0.666602
0.964147
0.379069
0.362216
0.016066
0.335352
0.781525
0.177637
0.090718
0.762341
0.806152
0.559821
0.273137
0.356861
0.182560
0.194718
0.082777
0.393470
0.590514
0.014491
0.392493
0.900663
0.395723
0.832483
0.496933
0.592276
0.167862
0.437266
0.900989
0.589692
0.360918
0.869609
0.313063
0.585820
0.668972
0.424480
0.104364
0.530983
0.584297
0.796167
0.525642
0.619648
0.805832
0.430537
0.434257
0.136283
0.657355
0.206609
0.216778
0.069832
0.696843
0.541952
0.260952
0.916427
0.747819
0.974710
0.238582
0.273365
0.706822
0.162115
0.027063
0.337648
0.901640
0.831772
0.476626
0.194602
0.240508
0.757144
0.160468
0.307720
0.134991
0.864971
0.531552
0.787241
0.349652
0.010564
0.042604
0.561675
0.139693
0.067265
0.163019
0.958435
0.885123
0.976340
0.530755
0.791935
0.284644
0.656168
0.489864
0.376401
0.048787
0.527004
0.840329
0.789319
0.444367
0.986722
0.290967
0.933819
0.936852
0.031828
0.482076
0.840827
0.062257
0.515361
0.079757
0.619885
0.555885
0.272302
0.769191
0.215762
0.089095
0.668024
0.652491
0.050542
0.563184
0.712439
0.969851
0.758503
0.704009
0.927949
0.313652
0.893190
0.278422
0.833395
0.448151
0.190900
0.178558
0.464314
0.085985
0.077202
0.153973
0.598394
0.970872
0.235715
0.338445
0.262351
0.511541
0.247486
0.879304
0.693077
0.773767
0.622608
0.160468
0.294408
0.806365
0.963478
0.479674
0.621424
0.551266
0.017318
0.897786
0.903823
0.373176
0.335792
0.461207
0.561095
0.648576
0.202241
0.213052
0.193323
0.427554
0.760537
0.972364
0.005430
0.815979
0.038586
0.292324
0.261687
0.601692
0.824400
0.089364
0.680569
0.531780
0.664587
0.299910
0.941073
0.664350
0.219398
0.510195
0.196710
0.133837
0.004407
0.093980
0.958539
0.953517
0.656050
0.294971
0.480656
0.897786
0.137892
0.999384
0.036751
0.357965
0.023712
0.264719
0.648932
0.855500
0.349652
0.152206
0.450366
0.916802
0.472396
0.312811
0.435086
0.077255
0.222691
0.019283
0.531438
0.575991
0.822644
0.023996
0.511990
0.528253
0.249255
0.354478
0.622608
0.786584
0.562487
0.518065
0.654033
0.896125
0.592629
0.328962
0.739686
0.670630
0.524282
0.315928
0.860268
0.052152
0.757937
0.944776
0.871262
0.627109
0.693901
0.896708
0.169000
0.775769
0.402329
0.343525
0.770533
0.481529
0.522244
0.310968
0.593334
0.810081
0.388309
0.988149
0.770086
0.528708
0.361196
0.747134
0.836926
0.481092
0.160568
0.901315
0.677021
0.029855
0.255413
0.979269
0.370157
0.938341
0.461849
0.268904
0.468400
0.136587
0.656524
0.631257
0.482403
0.380791
0.609362
0.409202
0.257080
0.962362
0.535429
0.341380
0.089543
0.661387
0.726293
0.576341
0.102391
0.517050
0.772430
0.032073
0.502821
0.938148
0.589810
0.894956
0.060889
0.059384
0.440182
0.786584
0.293525
0.005274
0.098806
0.459925
0.286294
0.836725
0.583828
0.144807
0.209068
0.469910
0.664113
0.031620
0.901233
0.081915
0.202542
0.578678
0.750670
0.596392
0.122205
0.959208
0.411207
0.608181
0.696373
0.188218
0.132734
0.354844
0.808597
0.592276
0.126075
0.769191
0.290330
0.696373
0.840229
0.709047
0.940633
0.269656
0.699430
0.714424
0.903098
0.835920
0.815979
0.402329
0.313483
0.944533
0.220105
0.216841
0.454283
0.212488
0.059861
0.458751
0.701662
0.511204
0.463885
0.140180
0.595804
0.868317
0.571325
0.774991
0.393666
0.764705
0.513562
0.316690
0.821504
0.674182
0.895039
0.363702
0.898199
0.033022
0.684703
0.438306
0.528139
0.100452
0.440182
0.063432
0.306478
0.210493
0.227870
0.527912
0.152349
0.629479
0.170668
0.058481
0.505274
0.531894
0.371665
0.523829
0.783398
0.384346
0.936982
0.765604
0.729537
0.316013
0.466785
0.130010
0.115407
0.317962
0.868502
0.687064
0.412010
0.233954
0.198303
0.133795
0.787131
0.816398
0.525756
0.960828
0.599571
0.278885
0.209996
0.807110
0.315421
0.499485
0.243350
0.747476
0.967432
0.776546
0.170250
0.404314
0.196005
0.408101
0.048460
0.811139
0.449099
0.271165
0.926547
0.277497
0.615507
0.022308
0.640033
0.711620
0.376401
0.229995
0.732081
0.278731
0.559821
0.103373
0.911858
0.251176
0.339422
0.216143
0.594040
0.961674
0.780311
0.337736
0.924561
0.918072
0.094074
0.063432
0.532235
0.320773
0.881080
0.758842
0.522583
0.365659
0.662098
0.505386
0.289218
0.487884
0.018494
0.797140
0.828202
0.323343
0.981360
0.743129
0.977258
0.573423
0.508739
0.967387
0.270334
0.978260
0.061955
0.428890
0.284095
0.558199
0.845680
0.098350
0.735542
0.219976
0.077597
0.326187
0.691781
0.233077
0.376020
0.463348
0.523942
0.362401
0.341023
0.167038
0.604876
0.609243
0.573540
0.782518
0.217733
0.051732
0.415537
0.818697
0.588401
0.076706
0.057050
0.020385
0.846565
0.538401
0.051914
0.683995
0.702601
0.068761
0.173725
0.566320
0.549307
0.091386
0.525982
0.190098
0.730115
0.641813
0.563764
0.298366
0.080598
0.860363
0.140003
0.737961
0.094074
0.762341
0.103102
0.931733
0.590279
0.763805
0.065391
0.965372
0.728842
0.479783
0.734043
0.927670
0.171717
0.445941
0.949047
0.225105
0.889703
0.215826
0.302525
0.044946
0.062603
0.644779
0.302443
0.041061
0.636831
0.236123
0.372609
0.054093
0.123073
0.957863
0.101987
0.533147
0.870436
0.936526
0.819322
0.534630
0.559125
0.203688
0.985577
0.663876
0.785157
0.889875
0.265463
0.322656
0.756691
0.584531
0.843409
0.003612
0.455557
0.154791
0.648338
0.971291
0.081805
0.744503
0.466140
0.309966
0.124907
0.736003
0.109084
0.496490
0.827895
0.084495
0.650711
0.988125
0.649050
0.004594
0.194718
0.126521
0.068549
0.565739
0.084353
0.967657
0.735081
0.467000
0.698489
0.762341
0.903662
0.857128
0.562255
0.157559
0.028737
0.379356
0.983995
0.745762
0.852319
0.525075
0.522810
0.550344
0.454814
0.319408
0.931325
0.127661
0.686710
0.705416
0.685176
0.926194
0.348565
0.900908
0.527685
0.198184
0.114437
0.094450
0.808597
0.394155
0.443633
0.072735
0.780753
0.606764
0.142770
0.249894
0.389183
0.865531
0.101685
0.383672
0.782848
0.086477
0.390933
0.852803
0.012879
0.997888
0.099002
0.167141
0.935806
0.781305
0.086419
0.679859
0.588401
0.097539
0.159923
0.811667
0.675957
0.388600
0.185680
0.385310
0.561443
0.208821
0.857415
0.639322
0.099166
0.604640
0.087704
0.540920
0.927600
0.445521
0.053208
0.608299
0.898612
0.498819
0.698489
0.123947
0.359255
0.067334
0.124787
0.809128
0.706236
0.678559
0.250748
0.028130
0.488653
0.890473
0.347120
0.231599
0.413016
0.636949
0.520774
0.430744
0.520209
0.130426
0.278576
0.151684
0.599336
0.256064
0.867391
0.878143
0.157315
0.260438
0.591102
0.907409
0.556579
0.355210
0.303181
0.596863
0.341469
0.442795
0.321029
0.685648
0.103136
0.028790
0.479347
0.819946
0.755898
0.258682
0.608063
0.598865
0.204052
0.753514
0.470774
0.718622
0.326101
0.331053
0.614916
0.786145
0.472180
0.825945
0.846663
0.531780
0.256862
0.446887
0.254475
0.176343
0.979166
0.707408
0.937761
0.862628
0.706354
0.881346
0.989088
0.378019
0.352560
0.102189
0.884511
0.745991
0.299341
0.123947
0.569112
0.424992
0.130343
0.932948
0.573074
0.221524
0.130593
0.770868
0.815455
0.990108
0.580082
0.086303
0.043932
0.765604
0.620477
0.233549
0.027628
0.019095
0.011096
0.019760
0.769079
0.500929
0.786474
0.079676
0.272833
0.680569
0.879036
0.491958
0.058034
0.557157
0.923198
0.611252
0.453647
0.571558
0.147516
0.805726
0.570393
0.599571
0.926476
0.117369
0.104501
0.028981
0.195010
0.344332
0.620358
0.546430
0.721183
0.891750
0.236259
0.996960
0.250677
0.461956
0.884249
0.366593
0.370534
0.533603
0.203991
0.300399
0.142680
0.380312
0.991044
0.164536
0.835819
0.153829
0.692252
0.196474
0.916877
0.010993
0.547005
0.274967
0.224778
0.142635
0.299341
0.330355
0.077940
0.651660
0.003147
0.391323
0.148398
0.954775
0.665180
0.140268
0.673590
0.370440
0.421317
0.324720
0.328701
0.437578
0.845187
0.684703
0.798758
0.550805
0.534744
0.776102
0.851350
0.619766
0.929130
0.797464
0.451846
0.310801
0.237350
0.397491
0.463134
0.794000
0.097055
0.939811
0.855884
0.609007
0.369405
0.358609
0.150362
0.731734
0.761665
0.267703
0.462491
0.122008
0.356769
0.082248
0.552651
0.254403
0.024582
0.752719
0.648220
0.960928
0.133965
0.764143
0.735773
0.020794
0.962704
0.203628
0.194893
0.798650
0.145813
0.695431
0.150692
0.754991
0.122915
0.849891
0.506056
0.020561
0.157510
0.851155
0.021522
0.166987
0.314915
0.793783
0.895207
0.330355
0.800910
0.112481
0.449310
0.847742
0.499263
0.636356
0.683523
0.802305
0.902046
0.966708
0.305321
0.427657
0.269280
0.903903
0.941073
0.048701
0.712088
0.914993
0.390447
0.970279
0.528821
0.321371
0.829225
0.140135
0.833901
0.619411
0.951846
0.654626
0.569578
0.352196
0.947820
0.641338
0.398082
0.848525
0.258463
0.190785
0.287556
0.056081
0.572607
0.295454
0.602164
0.837729
0.765716
0.046756
0.059467
0.624858
0.348656
0.832787
0.144899
0.202783
0.933217
0.386180
0.012899
0.516825
0.849111
0.339955
0.736810
0.576225
0.852899
0.458964
0.142635
0.677613
0.575174
0.581135
0.285586
0.674418
0.197652
0.783398
0.509971
0.394253
0.215826
0.382038
0.895207
0.746677
0.235375
0.878143
0.176504
0.225564
0.949510
0.802626
0.188900
0.731618
0.132523
0.148537
0.169780
0.719204
0.770198
0.536229
0.483169
0.820050
0.985440
0.568879
0.119746
0.043310
0.631732
0.703070
0.813353
0.695431
0.282143
0.604522
0.751581
0.544706
0.636475
0.901721
0.548616
0.709398
0.510980
0.202241
0.987159
0.643474
0.709164
0.630546
0.177367
0.318047
0.418370
0.501152
0.103034
0.592864
0.433118
0.444052
0.243420
0.099133
0.648694
0.760875
0.299585
0.136370
0.353929
0.679623
0.145446
0.737040
0.198777
0.157119
0.887121
0.214814
0.981005
0.576809
0.188502
0.199906
0.729074
0.608771
0.615034
0.153446
0.226682
0.977222
0.601457
0.891665
0.929268
0.746677
0.111387
0.464314
0.415537
0.735081
0.048426
0.673353
0.185064
0.604286
0.259120
0.156924
0.871994
0.388406
0.941199
0.591336
0.044247
0.415335
0.930574
0.307803
0.867669
0.446046
0.886688
0.666128
0.048701
0.498708
0.816398
0.459391
0.513337
0.045786
0.013958
0.281209
0.841623
0.644660
0.642406
0.839930
0.501819
0.754650
0.591924
0.998080
0.288663
0.349833
0.792153
0.774658
0.007825
0.069832
0.731849
0.391128
0.674418
0.927949
0.199787
0.047812
0.612788
0.756011
0.632443
0.209315
0.179375
0.350105
0.232808
0.133412
0.710334
0.259559
0.008396
0.346489
0.890644
0.903340
0.474997
0.895708
0.198303
0.648457
0.590867
0.854346
0.719204
0.604640
0.929268
0.892005
0.423867
0.068338
0.419690
0.185568
0.686356
0.304579
0.062127
0.201880
0.384828
0.619175
0.167656
0.280123
0.988788
0.703891
0.903742
0.438515
0.428890
0.107279
0.861780
0.994997
0.502042
0.084013
0.839830
0.762567
0.230329
0.712088
0.740145
0.006987
0.971040
0.836926
0.055787
0.562371
0.323773
0.942446
0.071698
0.345230
0.330093
0.722694
0.150221
0.114660
0.770980
0.284487
0.399166
0.237555
0.932207
0.838931
0.176074
0.575524
0.334295
0.782077
0.651067
0.344691
0.744274
0.520096
0.023960
0.736810
0.489203
0.753969
0.897372
0.455876
0.309550
0.437162
0.025247
0.542410
0.157608
0.475214
0.334735
0.440391
0.468831
0.596039
0.207283
0.183503
0.041535
0.892005
0.395919
0.084951
0.070626
0.930574
0.390836
0.469910
0.177151
0.557968
0.962801
0.651542
0.949913
0.387922
0.765716
0.131052
0.530869
0.216969
0.446677
0.952518
0.762341
0.899681
0.946340
0.222886
0.943494
0.802198
0.385021
0.739686
0.732312
0.345499
0.288030
0.864597
0.356769
0.262277
0.393959
0.253467
0.686474
0.809869
0.037979
0.540920
0.852899
0.668261
0.606528
0.017331
0.950314
0.698137
0.161615
0.615034
0.501931
0.090234
0.721299
0.701896
0.148258
0.553574
0.462706
0.030340
0.013852
0.225958
0.674655
0.474455
0.275962
0.036898
0.915749
0.095016
0.126399
0.009848
0.103475
0.632917
0.928088
0.485469
0.806365
0.371948
0.993351
0.065549
0.041535
0.537486
0.236940
0.729074
0.580784
0.054436
0.214624
0.007724
0.170825
0.235919
0.925060
0.162768
0.628650
0.430022
0.430744
0.442167
0.398082
0.257661
0.123510
0.147655
0.162065
0.086303
0.090234
0.663521
0.598629
0.023756
0.417762
0.701779
0.145264
0.856554
0.922621
0.875446
0.075592
0.445941
0.891920
0.982800
0.256499
0.063454
0.815665
0.907725
0.743472
0.935213
0.152730
0.781746
0.283157
0.729305
0.216524
0.787569
0.445731
0.568181
0.411709
0.238239
0.543328
0.084325
0.644067
0.044707
0.169572
0.328440
0.403817
0.911472
0.459284
0.351741
0.735081
0.203145
0.382999
0.008318
0.855596
0.196651
0.373271
0.316605
0.595451
0.552535
0.890217
0.334911
0.577393
0.537486
0.221978
0.114623
0.940064
0.197534
0.499707
0.855116
0.030008
0.700487
0.591571
0.760311
0.846958
0.926053
0.291685
0.747819
0.302689
0.164384
0.321970
0.922186
0.544132
0.410304
0.228135
0.996831
0.031898
0.908826
0.680450
0.921459
0.378115
0.380791
0.283079
0.273670
0.376305
0.715241
0.454708
0.791827
0.889960
0.201460
0.630072
0.912858
0.159774
0.065775
0.011208
0.919110
0.363702
0.699782
0.531780
0.681278
0.870345
0.446151
0.918295
0.632443
0.320944
0.332803
0.128852
0.384925
0.605702
0.647508
0.500485
0.330529
0.830551
0.483060
0.201760
0.179375
0.219205
0.796924
0.244466
0.760537
0.640508
0.308136
0.404215
0.567018
0.627820
0.601810
0.577393
0.062625
0.030019
0.380695
0.445941
0.160518
0.443947
0.139164
0.773879
0.090900
0.949798
0.258026
0.147841
0.429301
0.039827
0.446362
0.895207
0.002443
0.782297
0.400054
0.723043
0.011484
0.369217
0.928991
0.378974
0.210058
0.431053
0.141380
0.058705
0.274203
0.940064
0.928922
0.610661
0.054800
0.204112
0.872176
0.348475
0.225499
0.417155
0.005610
0.870069
0.627939
0.668024
0.651779
0.836624
0.854250
0.043527
0.459605
0.919184
0.066276
0.567948
0.585234
0.481092
0.103953
0.395036
0.748047
0.145538
0.933217
0.160717
0.824916
0.079676
0.408201
0.077808
0.186523
0.162215
0.747248
0.507844
0.307720
0.480329
0.721880
0.087059
0.619175
0.591689
0.213994
0.662216
0.062625
0.058624
0.594275
0.291127
0.408301
0.063983
0.508292
0.069093
0.093481
0.000292
0.830347
0.947762
0.082609
0.351377
0.301297
0.620950
0.006733
0.665891
0.156486
0.318047
0.350015
0.981742
0.025005
0.249467
0.187143
0.460673
0.155322
0.626517
0.824091
0.054915
0.376686
0.746677
0.022651
0.389571
0.748618
0.549998
0.955370
0.699195
0.937437
0.813353
0.164130
0.493061
0.362123
0.218180
0.543787
0.440078
0.998695
0.301952
0.507621
0.148864
0.714774
0.431156
0.462813
0.830347
0.261687
0.160369
0.628294
0.265017
0.102560
0.275120
0.602989
0.897372
0.750328
0.885906
0.784828
0.113954
0.624740
0.055185
0.720019
0.935213
0.262572
0.836624
0.803804
0.662216
0.274890
0.978366
0.763130
0.329658
0.014023
0.445626
0.023969
0.003712
0.192859
0.406704
0.583008
0.278113
0.337559
0.008465
0.548386
0.019827
0.176989
0.403817
0.805939
0.811139
0.666958
0.256499
0.917176
0.214814
0.828714
0.017495
0.297069
0.374881
0.038977
0.154550
0.956388
0.261687
0.465817
0.652254
0.279735
0.466032
0.828100
0.203930
0.507956
0.142905
0.112995
0.931529
0.475974
0.231331
0.739456
0.637542
0.855980
0.177259
0.312308
0.054666
0.668142
0.651898
0.489974
0.883373
0.130593
0.642881
0.457898
0.022458
0.542869
0.701544
0.228931
0.720485
0.708462
0.718738
0.008565
0.357045
0.034344
0.851544
0.967117
0.189413
0.243978
0.660438
0.193149
0.479565
0.274890
0.087498
0.834811
0.893358
0.193671
0.097571
0.959463
0.119940
0.413519
0.228533
0.386760
0.382614
0.099560
0.153398
0.644067
0.411407
0.793349
0.351741
0.165655
0.096382
0.863286
0.313399
0.827383
0.782958
0.560052
0.259486
0.180249
0.467323
0.302525
0.947644
0.932544
0.836121
0.402924
0.869425
0.706236
0.746562
0.819946
0.245867
0.042604
0.173884
0.512663
0.658185
0.233212
0.304003
0.548501
0.883723
0.676430
0.838831
0.621779
0.665417
0.604640
0.834811
0.633984
0.777877
0.653677
0.369311
0.819218
0.553343
0.684113
0.180249
0.297150
0.980447
0.705416
0.605820
0.992561
0.792153
0.697666
0.177799
0.108019
0.805299
0.285822
0.248617
0.457579
0.479565
