test_name,source_category,stream_index,stream_length_bits,test_component,p_value,status,pass_proportion,significance_level
Frequency,chaotic,1,1000000,component=1,0.290968,pass,8/10,0.01
Frequency,chaotic,2,1000000,component=1,0.227047,pass,8/10,0.01
Frequency,chaotic,3,1000000,component=1,0.528695,pass,8/10,0.01
Frequency,chaotic,4,1000000,component=1,0.10395,pass,8/10,0.01
Frequency,chaotic,5,1000000,component=1,0.175736,pass,8/10,0.01
Frequency,chaotic,6,1000000,component=1,0.004713,fail,8/10,0.01
Frequency,chaotic,7,1000000,component=1,0.614261,pass,8/10,0.01
Frequency,chaotic,8,1000000,component=1,0.060381,pass,8/10,0.01
Frequency,chaotic,9,1000000,component=1,0.580948,pass,8/10,0.01
Frequency,chaotic,10,1000000,component=1,0.004863,fail,8/10,0.01
BlockFrequency,chaotic,1,1000000,component=1,0,fail,0/10,0.01
BlockFrequency,chaotic,2,1000000,component=1,0,fail,0/10,0.01
BlockFrequency,chaotic,3,1000000,component=1,0,fail,0/10,0.01
BlockFrequency,chaotic,4,1000000,component=1,0,fail,0/10,0.01
BlockFrequency,chaotic,5,1000000,component=1,0,fail,0/10,0.01
BlockFrequency,chaotic,6,1000000,component=1,0,fail,0/10,0.01
BlockFrequency,chaotic,7,1000000,component=1,0,fail,0/10,0.01
BlockFrequency,chaotic,8,1000000,component=1,0,fail,0/10,0.01
BlockFrequency,chaotic,9,1000000,component=1,0,fail,0/10,0.01
BlockFrequency,chaotic,10,1000000,component=1,0,fail,0/10,0.01
CumulativeSums,chaotic,1,1000000,component=1,0.357141,pass,8/10,0.01
CumulativeSums,chaotic,1,1000000,component=2,0.061082,pass,8/10,0.01
CumulativeSums,chaotic,2,1000000,component=1,0.329604,pass,8/10,0.01
CumulativeSums,chaotic,2,1000000,component=2,0.046294,pass,8/10,0.01
CumulativeSums,chaotic,3,1000000,component=1,0.480725,pass,8/10,0.01
CumulativeSums,chaotic,3,1000000,component=2,0.142776,pass,8/10,0.01
CumulativeSums,chaotic,4,1000000,component=1,0.040899,pass,8/10,0.01
CumulativeSums,chaotic,4,1000000,component=2,0.195442,pass,8/10,0.01
CumulativeSums,chaotic,5,1000000,component=1,0.032434,pass,8/10,0.01
CumulativeSums,chaotic,5,1000000,component=2,0.115392,pass,8/10,0.01
CumulativeSums,chaotic,6,1000000,component=1,0.007954,fail,8/10,0.01
CumulativeSums,chaotic,6,1000000,component=2,0.000941,fail,8/10,0.01
CumulativeSums,chaotic,7,1000000,component=1,0.309433,pass,8/10,0.01
CumulativeSums,chaotic,7,1000000,component=2,0.107959,pass,8/10,0.01
CumulativeSums,chaotic,8,1000000,component=1,0.099525,pass,8/10,0.01
CumulativeSums,chaotic,8,1000000,component=2,0.019875,pass,8/10,0.01
CumulativeSums,chaotic,9,1000000,component=1,0.23236,pass,8/10,0.01
CumulativeSums,chaotic,9,1000000,component=2,0.611935,pass,8/10,0.01
CumulativeSums,chaotic,10,1000000,component=1,0.008314,fail,8/10,0.01
CumulativeSums,chaotic,10,1000000,component=2,0.008744,fail,8/10,0.01
Runs,chaotic,1,1000000,component=1,0,fail,0/10,0.01
Runs,chaotic,2,1000000,component=1,0,fail,0/10,0.01
Runs,chaotic,3,1000000,component=1,0,fail,0/10,0.01
Runs,chaotic,4,1000000,component=1,0,fail,0/10,0.01
Runs,chaotic,5,1000000,component=1,0,fail,0/10,0.01
Runs,chaotic,6,1000000,component=1,0,fail,0/10,0.01
Runs,chaotic,7,1000000,component=1,0,fail,0/10,0.01
Runs,chaotic,8,1000000,component=1,0,fail,0/10,0.01
Runs,chaotic,9,1000000,component=1,0,fail,0/10,0.01
Runs,chaotic,10,1000000,component=1,0,fail,0/10,0.01
LongestRun,chaotic,1,1000000,component=1,0,fail,0/10,0.01
LongestRun,chaotic,2,1000000,component=1,0,fail,0/10,0.01
LongestRun,chaotic,3,1000000,component=1,0,fail,0/10,0.01
LongestRun,chaotic,4,1000000,component=1,0,fail,0/10,0.01
LongestRun,chaotic,5,1000000,component=1,0,fail,0/10,0.01
LongestRun,chaotic,6,1000000,component=1,0,fail,0/10,0.01
LongestRun,chaotic,7,1000000,component=1,0,fail,0/10,0.01
LongestRun,chaotic,8,1000000,component=1,0,fail,0/10,0.01
LongestRun,chaotic,9,1000000,component=1,0,fail,0/10,0.01
LongestRun,chaotic,10,1000000,component=1,0,fail,0/10,0.01
Rank,chaotic,1,1000000,component=1,0.845919,pass,10/10,0.01
Rank,chaotic,2,1000000,component=1,0.169153,pass,10/10,0.01
Rank,chaotic,3,1000000,component=1,0.097645,pass,10/10,0.01
Rank,chaotic,4,1000000,component=1,0.386903,pass,10/10,0.01
Rank,chaotic,5,1000000,component=1,0.464721,pass,10/10,0.01
Rank,chaotic,6,1000000,component=1,0.031103,pass,10/10,0.01
Rank,chaotic,7,1000000,component=1,0.472051,pass,10/10,0.01
Rank,chaotic,8,1000000,component=1,0.646667,pass,10/10,0.01
Rank,chaotic,9,1000000,component=1,0.494406,pass,10/10,0.01
Rank,chaotic,10,1000000,component=1,0.223451,pass,10/10,0.01
FFT,chaotic,1,1000000,component=1,0,fail,0/10,0.01
FFT,chaotic,2,1000000,component=1,0,fail,0/10,0.01
FFT,chaotic,3,1000000,component=1,0,fail,0/10,0.01
FFT,chaotic,4,1000000,component=1,0,fail,0/10,0.01
FFT,chaotic,5,1000000,component=1,0,fail,0/10,0.01
FFT,chaotic,6,1000000,component=1,0,fail,0/10,0.01
FFT,chaotic,7,1000000,component=1,0,fail,0/10,0.01
FFT,chaotic,8,1000000,component=1,0,fail,0/10,0.01
FFT,chaotic,9,1000000,component=1,0,fail,0/10,0.01
FFT,chaotic,10,1000000,component=1,0,fail,0/10,0.01
NonOverlappingTemplate,chaotic,1,1000000,component=1,0,fail,0/10,0.01
NonOverlappingTemplate,chaotic,1,1000000,component=2,0,fail,0/10,0.01
NonOverlappingTemplate,chaotic,1,1000000,component=3,0,fail,0/10,0.01
NonOverlappingTemplate,chaotic,1,1000000,component=4,0,fail,0/10,0.01
NonOverlappingTemplate,chaotic,1,1000000,component=5,0,fail,0/10,0.01
NonOverlappingTemplate,chaotic,1,1000000,component=6,0,fail,0/10,0.01
NonOverlappingTemplate,chaotic,1,1000000,component=7,0,fail,0/10,0.01
NonOverlappingTemplate,chaotic,1,1000000,component=8,0,fail,0/10,0.01
NonOverlappingTemplate,chaotic,1,1000000,component=9,0,fail,0/10,0.01
NonOverlappingTemplate,chaotic,1,1000000,component=10,1e-06,fail,0/10,0.01
NonOverlappingTemplate,chaotic,1,1000000,component=11,0.301543,pass,10/10,0.01
NonOverlappingTemplate,chaotic,1,1000000,component=12,0,fail,0/10,0.01
NonOverlappingTemplate,chaotic,1,1000000,component=13,0.915975,pass,9/10,0.01
NonOverlappingTemplate,chaotic,1,1000000,component=14,0.000886,fail,3/10,0.01
NonOverlappingTemplate,chaotic,1,1000000,component=15,0.21475,pass,9/10,0.01
NonOverlappingTemplate,chaotic,1,1000000,component=16,0,fail,0/10,0.01
NonOverlappingTemplate,chaotic,1,1000000,component=17,0.148631,pass,10/10,0.01
NonOverlappingTemplate,chaotic,1,1000000,component=18,0,fail,0/10,0.01
NonOverlappingTemplate,chaotic,1,1000000,component=19,0.007604,fail,3/10,0.01
NonOverlappingTemplate,chaotic,1,1000000,component=20,0,fail,0/10,0.01
NonOverlappingTemplate,chaotic,1,1000000,component=21,2.7e-05,fail,0/10,0.01
NonOverlappingTemplate,chaotic,1,1000000,component=22,0,fail,0/10,0.01
NonOverlappingTemplate,chaotic,1,1000000,component=23,0,fail,0/10,0.01
NonOverlappingTemplate,chaotic,1,1000000,component=24,0.002051,fail,1/10,0.01
NonOverlappingTemplate,chaotic,1,1000000,component=25,0,fail,0/10,0.01
NonOverlappingTemplate,chaotic,1,1000000,component=26,0.834407,pass,10/10,0.01
NonOverlappingTemplate,chaotic,1,1000000,component=27,0,fail,0/10,0.01
NonOverlappingTemplate,chaotic,1,1000000,component=28,0.019849,pass,10/10,0.01
NonOverlappingTemplate,chaotic,1,1000000,component=29,0.493835,pass,10/10,0.01
NonOverlappingTemplate,chaotic,1,1000000,component=30,0,fail,0/10,0.01
NonOverlappingTemplate,chaotic,1,1000000,component=31,0.001577,fail,3/10,0.01
NonOverlappingTemplate,chaotic,1,1000000,component=32,0,fail,0/10,0.01
NonOverlappingTemplate,chaotic,1,1000000,component=33,0.98574,pass,10/10,0.01
NonOverlappingTemplate,chaotic,1,1000000,component=34,0,fail,0/10,0.01
NonOverlappingTemplate,chaotic,1,1000000,component=35,0,fail,0/10,0.01
NonOverlappingTemplate,chaotic,1,1000000,component=36,0,fail,0/10,0.01
NonOverlappingTemplate,chaotic,1,1000000,component=37,0,fail,0/10,0.01
NonOverlappingTemplate,chaotic,1,1000000,component=38,0,fail,0/10,0.01
NonOverlappingTemplate,chaotic,1,1000000,component=39,1.4e-05,fail,2/10,0.01
NonOverlappingTemplate,chaotic,1,1000000,component=40,0,fail,0/10,0.01
NonOverlappingTemplate,chaotic,1,1000000,component=41,0,fail,0/10,0.01
NonOverlappingTemplate,chaotic,1,1000000,component=42,0,fail,0/10,0.01
NonOverlappingTemplate,chaotic,1,1000000,component=43,0,fail,0/10,0.01
NonOverlappingTemplate,chaotic,1,1000000,component=44,6.5e-05,fail,0/10,0.01
NonOverlappingTemplate,chaotic,1,1000000,component=45,0,fail,0/10,0.01
NonOverlappingTemplate,chaotic,1,1000000,component=46,0,fail,0/10,0.01
NonOverlappingTemplate,chaotic,1,1000000,component=47,0,fail,1/10,0.01
NonOverlappingTemplate,chaotic,1,1000000,component=48,0,fail,0/10,0.01
NonOverlappingTemplate,chaotic,1,1000000,component=49,0.028058,pass,9/10,0.01
NonOverlappingTemplate,chaotic,1,1000000,component=50,0.070554,pass,10/10,0.01
NonOverlappingTemplate,chaotic,1,1000000,component=51,0.407302,pass,8/10,0.01
NonOverlappingTemplate,chaotic,1,1000000,component=52,0,fail,0/10,0.01
NonOverlappingTemplate,chaotic,1,1000000,component=53,0.592276,pass,10/10,0.01
NonOverlappingTemplate,chaotic,1,1000000,component=54,0.000593,fail,6/10,0.01
NonOverlappingTemplate,chaotic,1,1000000,component=55,0,fail,0/10,0.01
NonOverlappingTemplate,chaotic,1,1000000,component=56,0.018508,pass,6/10,0.01
NonOverlappingTemplate,chaotic,1,1000000,component=57,0,fail,0/10,0.01
NonOverlappingTemplate,chaotic,1,1000000,component=58,0,fail,0/10,0.01
NonOverlappingTemplate,chaotic,1,1000000,component=59,0,fail,0/10,0.01
NonOverlappingTemplate,chaotic,1,1000000,component=60,0,fail,0/10,0.01
NonOverlappingTemplate,chaotic,1,1000000,component=61,0,fail,0/10,0.01
NonOverlappingTemplate,chaotic,1,1000000,component=62,0,fail,0/10,0.01
NonOverlappingTemplate,chaotic,1,1000000,component=63,0,fail,0/10,0.01
NonOverlappingTemplate,chaotic,1,1000000,component=64,0.951169,pass,10/10,0.01
NonOverlappingTemplate,chaotic,1,1000000,component=65,0,fail,0/10,0.01
NonOverlappingTemplate,chaotic,1,1000000,component=66,0,fail,0/10,0.01
NonOverlappingTemplate,chaotic,1,1000000,component=67,0,fail,0/10,0.01
NonOverlappingTemplate,chaotic,1,1000000,component=68,0,fail,0/10,0.01
NonOverlappingTemplate,chaotic,1,1000000,component=69,0,fail,0/10,0.01
NonOverlappingTemplate,chaotic,1,1000000,component=70,0.617518,pass,10/10,0.01
NonOverlappingTemplate,chaotic,1,1000000,component=71,0,fail,0/10,0.01
NonOverlappingTemplate,chaotic,1,1000000,component=72,0,fail,0/10,0.01
NonOverlappingTemplate,chaotic,1,1000000,component=73,0.009377,fail,3/10,0.01
NonOverlappingTemplate,chaotic,1,1000000,component=74,0,fail,0/10,0.01
NonOverlappingTemplate,chaotic,1,1000000,component=75,0,fail,0/10,0.01
NonOverlappingTemplate,chaotic,1,1000000,component=76,0.001146,fail,2/10,0.01
NonOverlappingTemplate,chaotic,1,1000000,component=77,0,fail,0/10,0.01
NonOverlappingTemplate,chaotic,1,1000000,component=78,0,fail,0/10,0.01
NonOverlappingTemplate,chaotic,1,1000000,component=79,0.601692,pass,10/10,0.01
NonOverlappingTemplate,chaotic,1,1000000,component=80,0,fail,0/10,0.01
NonOverlappingTemplate,chaotic,1,1000000,component=81,0,fail,0/10,0.01
NonOverlappingTemplate,chaotic,1,1000000,component=82,0,fail,0/10,0.01
NonOverlappingTemplate,chaotic,1,1000000,component=83,1e-06,fail,0/10,0.01
NonOverlappingTemplate,chaotic,1,1000000,component=84,0,fail,0/10,0.01
NonOverlappingTemplate,chaotic,1,1000000,component=85,0.000724,fail,8/10,0.01
NonOverlappingTemplate,chaotic,1,1000000,component=86,0,fail,0/10,0.01
NonOverlappingTemplate,chaotic,1,1000000,component=87,0,fail,0/10,0.01
NonOverlappingTemplate,chaotic,1,1000000,component=88,0,fail,0/10,0.01
NonOverlappingTemplate,chaotic,1,1000000,component=89,0,fail,0/10,0.01
NonOverlappingTemplate,chaotic,1,1000000,component=90,0,fail,0/10,0.01
NonOverlappingTemplate,chaotic,1,1000000,component=91,0,fail,0/10,0.01
NonOverlappingTemplate,chaotic,1,1000000,component=92,0,fail,0/10,0.01
NonOverlappingTemplate,chaotic,1,1000000,component=93,0.328266,pass,8/10,0.01
NonOverlappingTemplate,chaotic,1,1000000,component=94,0,fail,0/10,0.01
NonOverlappingTemplate,chaotic,1,1000000,component=95,0.000947,fail,8/10,0.01
NonOverlappingTemplate,chaotic,1,1000000,component=96,0.780753,pass,10/10,0.01
NonOverlappingTemplate,chaotic,1,1000000,component=97,0,fail,0/10,0.01
NonOverlappingTemplate,chaotic,1,1000000,component=98,0.416649,pass,8/10,0.01
NonOverlappingTemplate,chaotic,1,1000000,component=99,0.068361,pass,9/10,0.01
NonOverlappingTemplate,chaotic,1,1000000,component=100,0.204537,pass,10/10,0.01
NonOverlappingTemplate,chaotic,1,1000000,component=101,0,fail,0/10,0.01
NonOverlappingTemplate,chaotic,1,1000000,component=102,0.000256,fail,1/10,0.01
NonOverlappingTemplate,chaotic,1,1000000,component=103,0,fail,0/10,0.01
NonOverlappingTemplate,chaotic,1,1000000,component=104,0,fail,0/10,0.01
NonOverlappingTemplate,chaotic,1,1000000,component=105,2e-06,fail,0/10,0.01
NonOverlappingTemplate,chaotic,1,1000000,component=106,0,fail,0/10,0.01
NonOverlappingTemplate,chaotic,1,1000000,component=107,0,fail,0/10,0.01
NonOverlappingTemplate,chaotic,1,1000000,component=108,0,fail,0/10,0.01
NonOverlappingTemplate,chaotic,1,1000000,component=109,0,fail,0/10,0.01
NonOverlappingTemplate,chaotic,1,1000000,component=110,0,fail,1/10,0.01
NonOverlappingTemplate,chaotic,1,1000000,component=111,0,fail,0/10,0.01
NonOverlappingTemplate,chaotic,1,1000000,component=112,0,fail,0/10,0.01
NonOverlappingTemplate,chaotic,1,1000000,component=113,0,fail,0/10,0.01
NonOverlappingTemplate,chaotic,1,1000000,component=114,0,fail,0/10,0.01
NonOverlappingTemplate,chaotic,1,1000000,component=115,0,fail,0/10,0.01
NonOverlappingTemplate,chaotic,1,1000000,component=116,0.035936,pass,9/10,0.01
NonOverlappingTemplate,chaotic,1,1000000,component=117,0,fail,0/10,0.01
NonOverlappingTemplate,chaotic,1,1000000,component=118,0.031874,pass,6/10,0.01
NonOverlappingTemplate,chaotic,1,1000000,component=119,0,fail,0/10,0.01
NonOverlappingTemplate,chaotic,1,1000000,component=120,0.156,pass,9/10,0.01
NonOverlappingTemplate,chaotic,1,1000000,component=121,0.410905,pass,7/10,0.01
NonOverlappingTemplate,chaotic,1,1000000,component=122,0,fail,0/10,0.01
NonOverlappingTemplate,chaotic,1,1000000,component=123,0.153016,pass,10/10,0.01
NonOverlappingTemplate,chaotic,1,1000000,component=124,0,fail,0/10,0.01
NonOverlappingTemplate,chaotic,1,1000000,component=125,0,fail,0/10,0.01
NonOverlappingTemplate,chaotic,1,1000000,component=126,0,fail,0/10,0.01
NonOverlappingTemplate,chaotic,1,1000000,component=127,0,fail,0/10,0.01
NonOverlappingTemplate,chaotic,1,1000000,component=128,2e-06,fail,2/10,0.01
NonOverlappingTemplate,chaotic,1,1000000,component=129,0,fail,0/10,0.01
NonOverlappingTemplate,chaotic,1,1000000,component=130,0.000479,fail,3/10,0.01
NonOverlappingTemplate,chaotic,1,1000000,component=131,0,fail,0/10,0.01
NonOverlappingTemplate,chaotic,1,1000000,component=132,0.076967,pass,9/10,0.01
NonOverlappingTemplate,chaotic,1,1000000,component=133,0,fail,0/10,0.01
NonOverlappingTemplate,chaotic,1,1000000,component=134,0.693665,pass,10/10,0.01
NonOverlappingTemplate,chaotic,1,1000000,component=135,0.006087,fail,2/10,0.01
NonOverlappingTemplate,chaotic,1,1000000,component=136,0.104329,pass,10/10,0.01
NonOverlappingTemplate,chaotic,1,1000000,component=137,0,fail,0/10,0.01
NonOverlappingTemplate,chaotic,1,1000000,component=138,0.717806,pass,10/10,0.01
NonOverlappingTemplate,chaotic,1,1000000,component=139,0,fail,0/10,0.01
NonOverlappingTemplate,chaotic,1,1000000,component=140,0,fail,0/10,0.01
NonOverlappingTemplate,chaotic,1,1000000,component=141,0,fail,0/10,0.01
NonOverlappingTemplate,chaotic,1,1000000,component=142,0,fail,0/10,0.01
NonOverlappingTemplate,chaotic,1,1000000,component=143,0,fail,0/10,0.01
NonOverlappingTemplate,chaotic,1,1000000,component=144,0,fail,0/10,0.01
NonOverlappingTemplate,chaotic,1,1000000,component=145,0,fail,0/10,0.01
NonOverlappingTemplate,chaotic,1,1000000,component=146,0,fail,0/10,0.01
NonOverlappingTemplate,chaotic,1,1000000,component=147,0,fail,0/10,0.01
NonOverlappingTemplate,chaotic,1,1000000,component=148,0,fail,0/10,0.01
NonOverlappingTemplate,chaotic,2,1000000,component=1,0,fail,0/10,0.01
NonOverlappingTemplate,chaotic,2,1000000,component=2,0,fail,0/10,0.01
NonOverlappingTemplate,chaotic,2,1000000,component=3,0,fail,0/10,0.01
NonOverlappingTemplate,chaotic,2,1000000,component=4,0,fail,0/10,0.01
NonOverlappingTemplate,chaotic,2,1000000,component=5,0,fail,0/10,0.01
NonOverlappingTemplate,chaotic,2,1000000,component=6,0,fail,0/10,0.01
NonOverlappingTemplate,chaotic,2,1000000,component=7,0,fail,0/10,0.01
NonOverlappingTemplate,chaotic,2,1000000,component=8,0,fail,0/10,0.01
NonOverlappingTemplate,chaotic,2,1000000,component=9,0,fail,0/10,0.01
NonOverlappingTemplate,chaotic,2,1000000,component=10,2e-06,fail,0/10,0.01
NonOverlappingTemplate,chaotic,2,1000000,component=11,0.224843,pass,10/10,0.01
NonOverlappingTemplate,chaotic,2,1000000,component=12,0,fail,0/10,0.01
NonOverlappingTemplate,chaotic,2,1000000,component=13,0.985385,pass,9/10,0.01
NonOverlappingTemplate,chaotic,2,1000000,component=14,0.002281,fail,3/10,0.01
NonOverlappingTemplate,chaotic,2,1000000,component=15,0.456302,pass,9/10,0.01
NonOverlappingTemplate,chaotic,2,1000000,component=16,0,fail,0/10,0.01
NonOverlappingTemplate,chaotic,2,1000000,component=17,0.167862,pass,10/10,0.01
NonOverlappingTemplate,chaotic,2,1000000,component=18,0,fail,0/10,0.01
NonOverlappingTemplate,chaotic,2,1000000,component=19,0.013574,pass,3/10,0.01
NonOverlappingTemplate,chaotic,2,1000000,component=20,0,fail,0/10,0.01
NonOverlappingTemplate,chaotic,2,1000000,component=21,9.1e-05,fail,0/10,0.01
NonOverlappingTemplate,chaotic,2,1000000,component=22,0,fail,0/10,0.01
NonOverlappingTemplate,chaotic,2,1000000,component=23,0,fail,0/10,0.01
NonOverlappingTemplate,chaotic,2,1000000,component=24,0.001345,fail,1/10,0.01
NonOverlappingTemplate,chaotic,2,1000000,component=25,0,fail,0/10,0.01
NonOverlappingTemplate,chaotic,2,1000000,component=26,0.880282,pass,10/10,0.01
NonOverlappingTemplate,chaotic,2,1000000,component=27,0,fail,0/10,0.01
NonOverlappingTemplate,chaotic,2,1000000,component=28,0.020089,pass,10/10,0.01
NonOverlappingTemplate,chaotic,2,1000000,component=29,0.424174,pass,10/10,0.01
NonOverlappingTemplate,chaotic,2,1000000,component=30,0,fail,0/10,0.01
NonOverlappingTemplate,chaotic,2,1000000,component=31,0.001158,fail,3/10,0.01
NonOverlappingTemplate,chaotic,2,1000000,component=32,0,fail,0/10,0.01
NonOverlappingTemplate,chaotic,2,1000000,component=33,0.98766,pass,10/10,0.01
NonOverlappingTemplate,chaotic,2,1000000,component=34,0,fail,0/10,0.01
NonOverlappingTemplate,chaotic,2,1000000,component=35,0,fail,0/10,0.01
NonOverlappingTemplate,chaotic,2,1000000,component=36,0,fail,0/10,0.01
NonOverlappingTemplate,chaotic,2,1000000,component=37,0,fail,0/10,0.01
NonOverlappingTemplate,chaotic,2,1000000,component=38,0,fail,0/10,0.01
NonOverlappingTemplate,chaotic,2,1000000,component=39,1.1e-05,fail,2/10,0.01
NonOverlappingTemplate,chaotic,2,1000000,component=40,0,fail,0/10,0.01
NonOverlappingTemplate,chaotic,2,1000000,component=41,0,fail,0/10,0.01
NonOverlappingTemplate,chaotic,2,1000000,component=42,0,fail,0/10,0.01
NonOverlappingTemplate,chaotic,2,1000000,component=43,0,fail,0/10,0.01
NonOverlappingTemplate,chaotic,2,1000000,component=44,5.9e-05,fail,0/10,0.01
NonOverlappingTemplate,chaotic,2,1000000,component=45,0,fail,0/10,0.01
NonOverlappingTemplate,chaotic,2,1000000,component=46,0,fail,0/10,0.01
NonOverlappingTemplate,chaotic,2,1000000,component=47,0,fail,1/10,0.01
NonOverlappingTemplate,chaotic,2,1000000,component=48,0,fail,0/10,0.01
NonOverlappingTemplate,chaotic,2,1000000,component=49,0.073158,pass,9/10,0.01
NonOverlappingTemplate,chaotic,2,1000000,component=50,0.107385,pass,10/10,0.01
NonOverlappingTemplate,chaotic,2,1000000,component=51,0.370722,pass,8/10,0.01
NonOverlappingTemplate,chaotic,2,1000000,component=52,0,fail,0/10,0.01
NonOverlappingTemplate,chaotic,2,1000000,component=53,0.587228,pass,10/10,0.01
NonOverlappingTemplate,chaotic,2,1000000,component=54,0.00045,fail,6/10,0.01
NonOverlappingTemplate,chaotic,2,1000000,component=55,0,fail,0/10,0.01
NonOverlappingTemplate,chaotic,2,1000000,component=56,0.025116,pass,6/10,0.01
NonOverlappingTemplate,chaotic,2,1000000,component=57,0,fail,0/10,0.01
NonOverlappingTemplate,chaotic,2,1000000,component=58,0,fail,0/10,0.01
NonOverlappingTemplate,chaotic,2,1000000,component=59,0,fail,0/10,0.01
NonOverlappingTemplate,chaotic,2,1000000,component=60,0,fail,0/10,0.01
NonOverlappingTemplate,chaotic,2,1000000,component=61,0,fail,0/10,0.01
NonOverlappingTemplate,chaotic,2,1000000,component=62,0,fail,0/10,0.01
NonOverlappingTemplate,chaotic,2,1000000,component=63,0,fail,0/10,0.01
NonOverlappingTemplate,chaotic,2,1000000,component=64,0.858749,pass,10/10,0.01
NonOverlappingTemplate,chaotic,2,1000000,component=65,0,fail,0/10,0.01
NonOverlappingTemplate,chaotic,2,1000000,component=66,0,fail,0/10,0.01
NonOverlappingTemplate,chaotic,2,1000000,component=67,0,fail,0/10,0.01
NonOverlappingTemplate,chaotic,2,1000000,component=68,0,fail,0/10,0.01
NonOverlappingTemplate,chaotic,2,1000000,component=69,0,fail,0/10,0.01
NonOverlappingTemplate,chaotic,2,1000000,component=70,0.380695,pass,10/10,0.01
NonOverlappingTemplate,chaotic,2,1000000,component=71,0,fail,0/10,0.01
NonOverlappingTemplate,chaotic,2,1000000,component=72,0,fail,0/10,0.01
NonOverlappingTemplate,chaotic,2,1000000,component=73,0.010025,pass,3/10,0.01
NonOverlappingTemplate,chaotic,2,1000000,component=74,0,fail,0/10,0.01
NonOverlappingTemplate,chaotic,2,1000000,component=75,0,fail,0/10,0.01
NonOverlappingTemplate,chaotic,2,1000000,component=76,0.001003,fail,2/10,0.01
NonOverlappingTemplate,chaotic,2,1000000,component=77,0,fail,0/10,0.01
NonOverlappingTemplate,chaotic,2,1000000,component=78,0,fail,0/10,0.01
NonOverlappingTemplate,chaotic,2,1000000,component=79,0.719554,pass,10/10,0.01
NonOverlappingTemplate,chaotic,2,1000000,component=80,0,fail,0/10,0.01
NonOverlappingTemplate,chaotic,2,1000000,component=81,0,fail,0/10,0.01
NonOverlappingTemplate,chaotic,2,1000000,component=82,0,fail,0/10,0.01
NonOverlappingTemplate,chaotic,2,1000000,component=83,1e-06,fail,0/10,0.01
NonOverlappingTemplate,chaotic,2,1000000,component=84,0,fail,0/10,0.01
NonOverlappingTemplate,chaotic,2,1000000,component=85,0.000857,fail,8/10,0.01
NonOverlappingTemplate,chaotic,2,1000000,component=86,0,fail,0/10,0.01
NonOverlappingTemplate,chaotic,2,1000000,component=87,0,fail,0/10,0.01
NonOverlappingTemplate,chaotic,2,1000000,component=88,0,fail,0/10,0.01
NonOverlappingTemplate,chaotic,2,1000000,component=89,0,fail,0/10,0.01
NonOverlappingTemplate,chaotic,2,1000000,component=90,0,fail,0/10,0.01
NonOverlappingTemplate,chaotic,2,1000000,component=91,0,fail,0/10,0.01
NonOverlappingTemplate,chaotic,2,1000000,component=92,0,fail,0/10,0.01
NonOverlappingTemplate,chaotic,2,1000000,component=93,0.456621,pass,8/10,0.01
NonOverlappingTemplate,chaotic,2,1000000,component=94,0,fail,0/10,0.01
NonOverlappingTemplate,chaotic,2,1000000,component=95,0.000999,fail,8/10,0.01
NonOverlappingTemplate,chaotic,2,1000000,component=96,0.9137,pass,10/10,0.01
NonOverlappingTemplate,chaotic,2,1000000,component=97,0,fail,0/10,0.01
NonOverlappingTemplate,chaotic,2,1000000,component=98,0.49262,pass,8/10,0.01
NonOverlappingTemplate,chaotic,2,1000000,component=99,0.071723,pass,9/10,0.01
NonOverlappingTemplate,chaotic,2,1000000,component=100,0.228865,pass,10/10,0.01
NonOverlappingTemplate,chaotic,2,1000000,component=101,0,fail,0/10,0.01
NonOverlappingTemplate,chaotic,2,1000000,component=102,0.000186,fail,1/10,0.01
NonOverlappingTemplate,chaotic,2,1000000,component=103,0,fail,0/10,0.01
NonOverlappingTemplate,chaotic,2,1000000,component=104,0,fail,0/10,0.01
NonOverlappingTemplate,chaotic,2,1000000,component=105,4e-06,fail,0/10,0.01
NonOverlappingTemplate,chaotic,2,1000000,component=106,0,fail,0/10,0.01
NonOverlappingTemplate,chaotic,2,1000000,component=107,0,fail,0/10,0.01
NonOverlappingTemplate,chaotic,2,1000000,component=108,0,fail,0/10,0.01
NonOverlappingTemplate,chaotic,2,1000000,component=109,0,fail,0/10,0.01
NonOverlappingTemplate,chaotic,2,1000000,component=110,0,fail,1/10,0.01
NonOverlappingTemplate,chaotic,2,1000000,component=111,0,fail,0/10,0.01
NonOverlappingTemplate,chaotic,2,1000000,component=112,0,fail,0/10,0.01
NonOverlappingTemplate,chaotic,2,1000000,component=113,0,fail,0/10,0.01
NonOverlappingTemplate,chaotic,2,1000000,component=114,0,fail,0/10,0.01
NonOverlappingTemplate,chaotic,2,1000000,component=115,0,fail,0/10,0.01
NonOverlappingTemplate,chaotic,2,1000000,component=116,0.036067,pass,9/10,0.01
NonOverlappingTemplate,chaotic,2,1000000,component=117,0,fail,0/10,0.01
NonOverlappingTemplate,chaotic,2,1000000,component=118,0.025144,pass,6/10,0.01
NonOverlappingTemplate,chaotic,2,1000000,component=119,0,fail,0/10,0.01
NonOverlappingTemplate,chaotic,2,1000000,component=120,0.135679,pass,9/10,0.01
NonOverlappingTemplate,chaotic,2,1000000,component=121,0.404314,pass,7/10,0.01
NonOverlappingTemplate,chaotic,2,1000000,component=122,0,fail,0/10,0.01
NonOverlappingTemplate,chaotic,2,1000000,component=123,0.179429,pass,10/10,0.01
NonOverlappingTemplate,chaotic,2,1000000,component=124,0,fail,0/10,0.01
NonOverlappingTemplate,chaotic,2,1000000,component=125,0,fail,0/10,0.01
NonOverlappingTemplate,chaotic,2,1000000,component=126,0,fail,0/10,0.01
NonOverlappingTemplate,chaotic,2,1000000,component=127,0,fail,0/10,0.01
NonOverlappingTemplate,chaotic,2,1000000,component=128,0,fail,2/10,0.01
NonOverlappingTemplate,chaotic,2,1000000,component=129,0,fail,0/10,0.01
NonOverlappingTemplate,chaotic,2,1000000,component=130,0.000299,fail,3/10,0.01
NonOverlappingTemplate,chaotic,2,1000000,component=131,0,fail,0/10,0.01
NonOverlappingTemplate,chaotic,2,1000000,component=132,0.077993,pass,9/10,0.01
NonOverlappingTemplate,chaotic,2,1000000,component=133,0,fail,0/10,0.01
NonOverlappingTemplate,chaotic,2,1000000,component=134,0.719204,pass,10/10,0.01
NonOverlappingTemplate,chaotic,2,1000000,component=135,0.013342,pass,2/10,0.01
NonOverlappingTemplate,chaotic,2,1000000,component=136,0.218116,pass,10/10,0.01
NonOverlappingTemplate,chaotic,2,1000000,component=137,0,fail,0/10,0.01
NonOverlappingTemplate,chaotic,2,1000000,component=138,0.660675,pass,10/10,0.01
NonOverlappingTemplate,chaotic,2,1000000,component=139,0,fail,0/10,0.01
NonOverlappingTemplate,chaotic,2,1000000,component=140,0,fail,0/10,0.01
NonOverlappingTemplate,chaotic,2,1000000,component=141,0,fail,0/10,0.01
NonOverlappingTemplate,chaotic,2,1000000,component=142,0,fail,0/10,0.01
NonOverlappingTemplate,chaotic,2,1000000,component=143,0,fail,0/10,0.01
NonOverlappingTemplate,chaotic,2,1000000,component=144,0,fail,0/10,0.01
NonOverlappingTemplate,chaotic,2,1000000,component=145,0,fail,0/10,0.01
NonOverlappingTemplate,chaotic,2,1000000,component=146,0,fail,0/10,0.01
NonOverlappingTemplate,chaotic,2,1000000,component=147,0,fail,0/10,0.01
NonOverlappingTemplate,chaotic,2,1000000,component=148,0,fail,0/10,0.01
NonOverlappingTemplate,chaotic,3,1000000,component=1,0,fail,0/10,0.01
NonOverlappingTemplate,chaotic,3,1000000,component=2,0,fail,0/10,0.01
NonOverlappingTemplate,chaotic,3,1000000,component=3,0,fail,0/10,0.01
NonOverlappingTemplate,chaotic,3,1000000,component=4,0,fail,0/10,0.01
NonOverlappingTemplate,chaotic,3,1000000,component=5,0,fail,0/10,0.01
NonOverlappingTemplate,chaotic,3,1000000,component=6,0,fail,0/10,0.01
NonOverlappingTemplate,chaotic,3,1000000,component=7,0,fail,0/10,0.01
NonOverlappingTemplate,chaotic,3,1000000,component=8,0,fail,0/10,0.01
NonOverlappingTemplate,chaotic,3,1000000,component=9,0,fail,0/10,0.01
NonOverlappingTemplate,chaotic,3,1000000,component=10,0,fail,0/10,0.01
NonOverlappingTemplate,chaotic,3,1000000,component=11,0.906856,pass,10/10,0.01
NonOverlappingTemplate,chaotic,3,1000000,component=12,0,fail,0/10,0.01
NonOverlappingTemplate,chaotic,3,1000000,component=13,0.004316,fail,9/10,0.01
NonOverlappingTemplate,chaotic,3,1000000,component=14,0.005711,fail,3/10,0.01
NonOverlappingTemplate,chaotic,3,1000000,component=15,0.488763,pass,9/10,0.01
NonOverlappingTemplate,chaotic,3,1000000,component=16,0,fail,0/10,0.01
NonOverlappingTemplate,chaotic,3,1000000,component=17,0.592747,pass,10/10,0.01
NonOverlappingTemplate,chaotic,3,1000000,component=18,7e-06,fail,0/10,0.01
NonOverlappingTemplate,chaotic,3,1000000,component=19,5.9e-05,fail,3/10,0.01
NonOverlappingTemplate,chaotic,3,1000000,component=20,0,fail,0/10,0.01
NonOverlappingTemplate,chaotic,3,1000000,component=21,0,fail,0/10,0.01
NonOverlappingTemplate,chaotic,3,1000000,component=22,0,fail,0/10,0.01
NonOverlappingTemplate,chaotic,3,1000000,component=23,0,fail,0/10,0.01
NonOverlappingTemplate,chaotic,3,1000000,component=24,0,fail,1/10,0.01
NonOverlappingTemplate,chaotic,3,1000000,component=25,0,fail,0/10,0.01
NonOverlappingTemplate,chaotic,3,1000000,component=26,0.63102,pass,10/10,0.01
NonOverlappingTemplate,chaotic,3,1000000,component=27,0,fail,0/10,0.01
NonOverlappingTemplate,chaotic,3,1000000,component=28,0.403122,pass,10/10,0.01
NonOverlappingTemplate,chaotic,3,1000000,component=29,0.140224,pass,10/10,0.01
NonOverlappingTemplate,chaotic,3,1000000,component=30,0,fail,0/10,0.01
NonOverlappingTemplate,chaotic,3,1000000,component=31,0.025425,pass,3/10,0.01
NonOverlappingTemplate,chaotic,3,1000000,component=32,0,fail,0/10,0.01
NonOverlappingTemplate,chaotic,3,1000000,component=33,0.916201,pass,10/10,0.01
NonOverlappingTemplate,chaotic,3,1000000,component=34,0,fail,0/10,0.01
NonOverlappingTemplate,chaotic,3,1000000,component=35,0,fail,0/10,0.01
NonOverlappingTemplate,chaotic,3,1000000,component=36,0,fail,0/10,0.01
NonOverlappingTemplate,chaotic,3,1000000,component=37,0,fail,0/10,0.01
NonOverlappingTemplate,chaotic,3,1000000,component=38,0,fail,0/10,0.01
NonOverlappingTemplate,chaotic,3,1000000,component=39,8.7e-05,fail,2/10,0.01
NonOverlappingTemplate,chaotic,3,1000000,component=40,0,fail,0/10,0.01
NonOverlappingTemplate,chaotic,3,1000000,component=41,0,fail,0/10,0.01
NonOverlappingTemplate,chaotic,3,1000000,component=42,0,fail,0/10,0.01
NonOverlappingTemplate,chaotic,3,1000000,component=43,0,fail,0/10,0.01
NonOverlappingTemplate,chaotic,3,1000000,component=44,0,fail,0/10,0.01
NonOverlappingTemplate,chaotic,3,1000000,component=45,0,fail,0/10,0.01
NonOverlappingTemplate,chaotic,3,1000000,component=46,0,fail,0/10,0.01
NonOverlappingTemplate,chaotic,3,1000000,component=47,1.7e-05,fail,1/10,0.01
NonOverlappingTemplate,chaotic,3,1000000,component=48,0,fail,0/10,0.01
NonOverlappingTemplate,chaotic,3,1000000,component=49,0.140757,pass,9/10,0.01
NonOverlappingTemplate,chaotic,3,1000000,component=50,0.648813,pass,10/10,0.01
NonOverlappingTemplate,chaotic,3,1000000,component=51,0.002035,fail,8/10,0.01
NonOverlappingTemplate,chaotic,3,1000000,component=52,0,fail,0/10,0.01
NonOverlappingTemplate,chaotic,3,1000000,component=53,0.609952,pass,10/10,0.01
NonOverlappingTemplate,chaotic,3,1000000,component=54,0.071429,pass,6/10,0.01
NonOverlappingTemplate,chaotic,3,1000000,component=55,0,fail,0/10,0.01
NonOverlappingTemplate,chaotic,3,1000000,component=56,0.009572,fail,6/10,0.01
NonOverlappingTemplate,chaotic,3,1000000,component=57,0,fail,0/10,0.01
NonOverlappingTemplate,chaotic,3,1000000,component=58,0,fail,0/10,0.01
NonOverlappingTemplate,chaotic,3,1000000,component=59,0,fail,0/10,0.01
NonOverlappingTemplate,chaotic,3,1000000,component=60,0,fail,0/10,0.01
NonOverlappingTemplate,chaotic,3,1000000,component=61,0,fail,0/10,0.01
NonOverlappingTemplate,chaotic,3,1000000,component=62,0,fail,0/10,0.01
NonOverlappingTemplate,chaotic,3,1000000,component=63,0,fail,0/10,0.01
NonOverlappingTemplate,chaotic,3,1000000,component=64,0.745762,pass,10/10,0.01
NonOverlappingTemplate,chaotic,3,1000000,component=65,0,fail,0/10,0.01
NonOverlappingTemplate,chaotic,3,1000000,component=66,0,fail,0/10,0.01
NonOverlappingTemplate,chaotic,3,1000000,component=67,0,fail,0/10,0.01
NonOverlappingTemplate,chaotic,3,1000000,component=68,0,fail,0/10,0.01
NonOverlappingTemplate,chaotic,3,1000000,component=69,0,fail,0/10,0.01
NonOverlappingTemplate,chaotic,3,1000000,component=70,0.112445,pass,10/10,0.01
NonOverlappingTemplate,chaotic,3,1000000,component=71,0,fail,0/10,0.01
NonOverlappingTemplate,chaotic,3,1000000,component=72,0,fail,0/10,0.01
NonOverlappingTemplate,chaotic,3,1000000,component=73,0.027254,pass,3/10,0.01
NonOverlappingTemplate,chaotic,3,1000000,component=74,0,fail,0/10,0.01
NonOverlappingTemplate,chaotic,3,1000000,component=75,0,fail,0/10,0.01
NonOverlappingTemplate,chaotic,3,1000000,component=76,0,fail,2/10,0.01
NonOverlappingTemplate,chaotic,3,1000000,component=77,0,fail,0/10,0.01
NonOverlappingTemplate,chaotic,3,1000000,component=78,0,fail,0/10,0.01
NonOverlappingTemplate,chaotic,3,1000000,component=79,0.61007,pass,10/10,0.01
NonOverlappingTemplate,chaotic,3,1000000,component=80,0,fail,0/10,0.01
NonOverlappingTemplate,chaotic,3,1000000,component=81,0,fail,0/10,0.01
NonOverlappingTemplate,chaotic,3,1000000,component=82,0,fail,0/10,0.01
NonOverlappingTemplate,chaotic,3,1000000,component=83,0,fail,0/10,0.01
NonOverlappingTemplate,chaotic,3,1000000,component=84,0,fail,0/10,0.01
NonOverlappingTemplate,chaotic,3,1000000,component=85,0.469047,pass,8/10,0.01
NonOverlappingTemplate,chaotic,3,1000000,component=86,0,fail,0/10,0.01
NonOverlappingTemplate,chaotic,3,1000000,component=87,0,fail,0/10,0.01
NonOverlappingTemplate,chaotic,3,1000000,component=88,0,fail,0/10,0.01
NonOverlappingTemplate,chaotic,3,1000000,component=89,0,fail,0/10,0.01
NonOverlappingTemplate,chaotic,3,1000000,component=90,0,fail,0/10,0.01
NonOverlappingTemplate,chaotic,3,1000000,component=91,0,fail,0/10,0.01
NonOverlappingTemplate,chaotic,3,1000000,component=92,0,fail,0/10,0.01
NonOverlappingTemplate,chaotic,3,1000000,component=93,0.214498,pass,8/10,0.01
NonOverlappingTemplate,chaotic,3,1000000,component=94,0,fail,0/10,0.01
NonOverlappingTemplate,chaotic,3,1000000,component=95,0.253755,pass,8/10,0.01
NonOverlappingTemplate,chaotic,3,1000000,component=96,0.795409,pass,10/10,0.01
NonOverlappingTemplate,chaotic,3,1000000,component=97,0,fail,0/10,0.01
NonOverlappingTemplate,chaotic,3,1000000,component=98,0.144171,pass,8/10,0.01
NonOverlappingTemplate,chaotic,3,1000000,component=99,0.069736,pass,9/10,0.01
NonOverlappingTemplate,chaotic,3,1000000,component=100,0.688008,pass,10/10,0.01
NonOverlappingTemplate,chaotic,3,1000000,component=101,0,fail,0/10,0.01
NonOverlappingTemplate,chaotic,3,1000000,component=102,3e-05,fail,1/10,0.01
NonOverlappingTemplate,chaotic,3,1000000,component=103,0,fail,0/10,0.01
NonOverlappingTemplate,chaotic,3,1000000,component=104,0,fail,0/10,0.01
NonOverlappingTemplate,chaotic,3,1000000,component=105,4e-06,fail,0/10,0.01
NonOverlappingTemplate,chaotic,3,1000000,component=106,0,fail,0/10,0.01
NonOverlappingTemplate,chaotic,3,1000000,component=107,0,fail,0/10,0.01
NonOverlappingTemplate,chaotic,3,1000000,component=108,0,fail,0/10,0.01
NonOverlappingTemplate,chaotic,3,1000000,component=109,0,fail,0/10,0.01
NonOverlappingTemplate,chaotic,3,1000000,component=110,0,fail,1/10,0.01
NonOverlappingTemplate,chaotic,3,1000000,component=111,0,fail,0/10,0.01
NonOverlappingTemplate,chaotic,3,1000000,component=112,0,fail,0/10,0.01
NonOverlappingTemplate,chaotic,3,1000000,component=113,0,fail,0/10,0.01
NonOverlappingTemplate,chaotic,3,1000000,component=114,0,fail,0/10,0.01
NonOverlappingTemplate,chaotic,3,1000000,component=115,0,fail,0/10,0.01
NonOverlappingTemplate,chaotic,3,1000000,component=116,0.311889,pass,9/10,0.01
NonOverlappingTemplate,chaotic,3,1000000,component=117,0,fail,0/10,0.01
NonOverlappingTemplate,chaotic,3,1000000,component=118,0.000128,fail,6/10,0.01
NonOverlappingTemplate,chaotic,3,1000000,component=119,0,fail,0/10,0.01
NonOverlappingTemplate,chaotic,3,1000000,component=120,0.507061,pass,9/10,0.01
NonOverlappingTemplate,chaotic,3,1000000,component=121,0.929268,pass,7/10,0.01
NonOverlappingTemplate,chaotic,3,1000000,component=122,0,fail,0/10,0.01
NonOverlappingTemplate,chaotic,3,1000000,component=123,0.376305,pass,10/10,0.01
NonOverlappingTemplate,chaotic,3,1000000,component=124,0,fail,0/10,0.01
NonOverlappingTemplate,chaotic,3,1000000,component=125,4.8e-05,fail,0/10,0.01
NonOverlappingTemplate,chaotic,3,1000000,component=126,0,fail,0/10,0.01
NonOverlappingTemplate,chaotic,3,1000000,component=127,0,fail,0/10,0.01
NonOverlappingTemplate,chaotic,3,1000000,component=128,0,fail,2/10,0.01
NonOverlappingTemplate,chaotic,3,1000000,component=129,0,fail,0/10,0.01
NonOverlappingTemplate,chaotic,3,1000000,component=130,0.002723,fail,3/10,0.01
NonOverlappingTemplate,chaotic,3,1000000,component=131,0,fail,0/10,0.01
NonOverlappingTemplate,chaotic,3,1000000,component=132,0.927809,pass,9/10,0.01
NonOverlappingTemplate,chaotic,3,1000000,component=133,0,fail,0/10,0.01
NonOverlappingTemplate,chaotic,3,1000000,component=134,0.088768,pass,10/10,0.01
NonOverlappingTemplate,chaotic,3,1000000,component=135,0.001977,fail,2/10,0.01
NonOverlappingTemplate,chaotic,3,1000000,component=136,0.989979,pass,10/10,0.01
NonOverlappingTemplate,chaotic,3,1000000,component=137,0,fail,0/10,0.01
NonOverlappingTemplate,chaotic,3,1000000,component=138,0.979981,pass,10/10,0.01
NonOverlappingTemplate,chaotic,3,1000000,component=139,0,fail,0/10,0.01
NonOverlappingTemplate,chaotic,3,1000000,component=140,0,fail,0/10,0.01
NonOverlappingTemplate,chaotic,3,1000000,component=141,0,fail,0/10,0.01
NonOverlappingTemplate,chaotic,3,1000000,component=142,0,fail,0/10,0.01
NonOverlappingTemplate,chaotic,3,1000000,component=143,0,fail,0/10,0.01
NonOverlappingTemplate,chaotic,3,1000000,component=144,0,fail,0/10,0.01
NonOverlappingTemplate,chaotic,3,1000000,component=145,0,fail,0/10,0.01
NonOverlappingTemplate,chaotic,3,1000000,component=146,0,fail,0/10,0.01
NonOverlappingTemplate,chaotic,3,1000000,component=147,0,fail,0/10,0.01
NonOverlappingTemplate,chaotic,3,1000000,component=148,0,fail,0/10,0.01
NonOverlappingTemplate,chaotic,4,1000000,component=1,0,fail,0/10,0.01
NonOverlappingTemplate,chaotic,4,1000000,component=2,0,fail,0/10,0.01
NonOverlappingTemplate,chaotic,4,1000000,component=3,0,fail,0/10,0.01
NonOverlappingTemplate,chaotic,4,1000000,component=4,0,fail,0/10,0.01
NonOverlappingTemplate,chaotic,4,1000000,component=5,0,fail,0/10,0.01
NonOverlappingTemplate,chaotic,4,1000000,component=6,0,fail,0/10,0.01
NonOverlappingTemplate,chaotic,4,1000000,component=7,0,fail,0/10,0.01
NonOverlappingTemplate,chaotic,4,1000000,component=8,0,fail,0/10,0.01
NonOverlappingTemplate,chaotic,4,1000000,component=9,0,fail,0/10,0.01
NonOverlappingTemplate,chaotic,4,1000000,component=10,0,fail,0/10,0.01
NonOverlappingTemplate,chaotic,4,1000000,component=11,0.490745,pass,10/10,0.01
NonOverlappingTemplate,chaotic,4,1000000,component=12,0,fail,0/10,0.01
NonOverlappingTemplate,chaotic,4,1000000,component=13,0.139693,pass,9/10,0.01
NonOverlappingTemplate,chaotic,4,1000000,component=14,0.020172,pass,3/10,0.01
NonOverlappingTemplate,chaotic,4,1000000,component=15,0.001699,fail,9/10,0.01
NonOverlappingTemplate,chaotic,4,1000000,component=16,0,fail,0/10,0.01
NonOverlappingTemplate,chaotic,4,1000000,component=17,0.507173,pass,10/10,0.01
NonOverlappingTemplate,chaotic,4,1000000,component=18,0,fail,0/10,0.01
NonOverlappingTemplate,chaotic,4,1000000,component=19,0.000417,fail,3/10,0.01
NonOverlappingTemplate,chaotic,4,1000000,component=20,0,fail,0/10,0.01
NonOverlappingTemplate,chaotic,4,1000000,component=21,0,fail,0/10,0.01
NonOverlappingTemplate,chaotic,4,1000000,component=22,0,fail,0/10,0.01
NonOverlappingTemplate,chaotic,4,1000000,component=23,0,fail,0/10,0.01
NonOverlappingTemplate,chaotic,4,1000000,component=24,2.5e-05,fail,1/10,0.01
NonOverlappingTemplate,chaotic,4,1000000,component=25,0,fail,0/10,0.01
NonOverlappingTemplate,chaotic,4,1000000,component=26,0.614798,pass,10/10,0.01
NonOverlappingTemplate,chaotic,4,1000000,component=27,0,fail,0/10,0.01
NonOverlappingTemplate,chaotic,4,1000000,component=28,0.559125,pass,10/10,0.01
NonOverlappingTemplate,chaotic,4,1000000,component=29,0.256862,pass,10/10,0.01
NonOverlappingTemplate,chaotic,4,1000000,component=30,0,fail,0/10,0.01
NonOverlappingTemplate,chaotic,4,1000000,component=31,0.00668,fail,3/10,0.01
NonOverlappingTemplate,chaotic,4,1000000,component=32,0,fail,0/10,0.01
NonOverlappingTemplate,chaotic,4,1000000,component=33,0.349833,pass,10/10,0.01
NonOverlappingTemplate,chaotic,4,1000000,component=34,0,fail,0/10,0.01
NonOverlappingTemplate,chaotic,4,1000000,component=35,0,fail,0/10,0.01
NonOverlappingTemplate,chaotic,4,1000000,component=36,0,fail,0/10,0.01
NonOverlappingTemplate,chaotic,4,1000000,component=37,0,fail,0/10,0.01
NonOverlappingTemplate,chaotic,4,1000000,component=38,0,fail,0/10,0.01
NonOverlappingTemplate,chaotic,4,1000000,component=39,0,fail,2/10,0.01
NonOverlappingTemplate,chaotic,4,1000000,component=40,0,fail,0/10,0.01
NonOverlappingTemplate,chaotic,4,1000000,component=41,0,fail,0/10,0.01
NonOverlappingTemplate,chaotic,4,1000000,component=42,0,fail,0/10,0.01
NonOverlappingTemplate,chaotic,4,1000000,component=43,0,fail,0/10,0.01
NonOverlappingTemplate,chaotic,4,1000000,component=44,2.3e-05,fail,0/10,0.01
NonOverlappingTemplate,chaotic,4,1000000,component=45,0,fail,0/10,0.01
NonOverlappingTemplate,chaotic,4,1000000,component=46,0,fail,0/10,0.01
NonOverlappingTemplate,chaotic,4,1000000,component=47,1e-06,fail,1/10,0.01
NonOverlappingTemplate,chaotic,4,1000000,component=48,0,fail,0/10,0.01
NonOverlappingTemplate,chaotic,4,1000000,component=49,0.071087,pass,9/10,0.01
NonOverlappingTemplate,chaotic,4,1000000,component=50,0.158295,pass,10/10,0.01
NonOverlappingTemplate,chaotic,4,1000000,component=51,0.135421,pass,8/10,0.01
NonOverlappingTemplate,chaotic,4,1000000,component=52,0,fail,0/10,0.01
NonOverlappingTemplate,chaotic,4,1000000,component=53,0.142186,pass,10/10,0.01
NonOverlappingTemplate,chaotic,4,1000000,component=54,0.291366,pass,6/10,0.01
NonOverlappingTemplate,chaotic,4,1000000,component=55,0,fail,0/10,0.01
NonOverlappingTemplate,chaotic,4,1000000,component=56,0.061101,pass,6/10,0.01
NonOverlappingTemplate,chaotic,4,1000000,component=57,0,fail,0/10,0.01
NonOverlappingTemplate,chaotic,4,1000000,component=58,0,fail,0/10,0.01
NonOverlappingTemplate,chaotic,4,1000000,component=59,0,fail,0/10,0.01
NonOverlappingTemplate,chaotic,4,1000000,component=60,0,fail,0/10,0.01
NonOverlappingTemplate,chaotic,4,1000000,component=61,0,fail,0/10,0.01
NonOverlappingTemplate,chaotic,4,1000000,component=62,0,fail,0/10,0.01
NonOverlappingTemplate,chaotic,4,1000000,component=63,0,fail,0/10,0.01
NonOverlappingTemplate,chaotic,4,1000000,component=64,0.029877,pass,10/10,0.01
NonOverlappingTemplate,chaotic,4,1000000,component=65,0,fail,0/10,0.01
NonOverlappingTemplate,chaotic,4,1000000,component=66,0,fail,0/10,0.01
NonOverlappingTemplate,chaotic,4,1000000,component=67,0,fail,0/10,0.01
NonOverlappingTemplate,chaotic,4,1000000,component=68,0,fail,0/10,0.01
NonOverlappingTemplate,chaotic,4,1000000,component=69,0,fail,0/10,0.01
NonOverlappingTemplate,chaotic,4,1000000,component=70,0.765604,pass,10/10,0.01
NonOverlappingTemplate,chaotic,4,1000000,component=71,0,fail,0/10,0.01
NonOverlappingTemplate,chaotic,4,1000000,component=72,0,fail,0/10,0.01
NonOverlappingTemplate,chaotic,4,1000000,component=73,1.8e-05,fail,3/10,0.01
NonOverlappingTemplate,chaotic,4,1000000,component=74,0,fail,0/10,0.01
NonOverlappingTemplate,chaotic,4,1000000,component=75,0,fail,0/10,0.01
NonOverlappingTemplate,chaotic,4,1000000,component=76,6e-06,fail,2/10,0.01
NonOverlappingTemplate,chaotic,4,1000000,component=77,0,fail,0/10,0.01
NonOverlappingTemplate,chaotic,4,1000000,component=78,0,fail,0/10,0.01
NonOverlappingTemplate,chaotic,4,1000000,component=79,0.450789,pass,10/10,0.01
NonOverlappingTemplate,chaotic,4,1000000,component=80,0,fail,0/10,0.01
NonOverlappingTemplate,chaotic,4,1000000,component=81,0,fail,0/10,0.01
NonOverlappingTemplate,chaotic,4,1000000,component=82,0,fail,0/10,0.01
NonOverlappingTemplate,chaotic,4,1000000,component=83,0,fail,0/10,0.01
NonOverlappingTemplate,chaotic,4,1000000,component=84,0,fail,0/10,0.01
NonOverlappingTemplate,chaotic,4,1000000,component=85,0.503044,pass,8/10,0.01
NonOverlappingTemplate,chaotic,4,1000000,component=86,0,fail,0/10,0.01
NonOverlappingTemplate,chaotic,4,1000000,component=87,0,fail,0/10,0.01
NonOverlappingTemplate,chaotic,4,1000000,component=88,0,fail,0/10,0.01
NonOverlappingTemplate,chaotic,4,1000000,component=89,0,fail,0/10,0.01
NonOverlappingTemplate,chaotic,4,1000000,component=90,0,fail,0/10,0.01
NonOverlappingTemplate,chaotic,4,1000000,component=91,0,fail,0/10,0.01
NonOverlappingTemplate,chaotic,4,1000000,component=92,0,fail,0/10,0.01
NonOverlappingTemplate,chaotic,4,1000000,component=93,0.049099,pass,8/10,0.01
NonOverlappingTemplate,chaotic,4,1000000,component=94,0,fail,0/10,0.01
NonOverlappingTemplate,chaotic,4,1000000,component=95,0.28803,pass,8/10,0.01
NonOverlappingTemplate,chaotic,4,1000000,component=96,0.672169,pass,10/10,0.01
NonOverlappingTemplate,chaotic,4,1000000,component=97,0,fail,0/10,0.01
NonOverlappingTemplate,chaotic,4,1000000,component=98,0.049029,pass,8/10,0.01
NonOverlappingTemplate,chaotic,4,1000000,component=99,0.010269,pass,9/10,0.01
NonOverlappingTemplate,chaotic,4,1000000,component=100,0.321029,pass,10/10,0.01
NonOverlappingTemplate,chaotic,4,1000000,component=101,0,fail,0/10,0.01
NonOverlappingTemplate,chaotic,4,1000000,component=102,0.000828,fail,1/10,0.01
NonOverlappingTemplate,chaotic,4,1000000,component=103,0,fail,0/10,0.01
NonOverlappingTemplate,chaotic,4,1000000,component=104,0,fail,0/10,0.01
NonOverlappingTemplate,chaotic,4,1000000,component=105,0,fail,0/10,0.01
NonOverlappingTemplate,chaotic,4,1000000,component=106,0,fail,0/10,0.01
NonOverlappingTemplate,chaotic,4,1000000,component=107,0,fail,0/10,0.01
NonOverlappingTemplate,chaotic,4,1000000,component=108,0,fail,0/10,0.01
NonOverlappingTemplate,chaotic,4,1000000,component=109,0,fail,0/10,0.01
NonOverlappingTemplate,chaotic,4,1000000,component=110,7e-06,fail,1/10,0.01
NonOverlappingTemplate,chaotic,4,1000000,component=111,0,fail,0/10,0.01
NonOverlappingTemplate,chaotic,4,1000000,component=112,0,fail,0/10,0.01
NonOverlappingTemplate,chaotic,4,1000000,component=113,0,fail,0/10,0.01
NonOverlappingTemplate,chaotic,4,1000000,component=114,0,fail,0/10,0.01
NonOverlappingTemplate,chaotic,4,1000000,component=115,0,fail,0/10,0.01
NonOverlappingTemplate,chaotic,4,1000000,component=116,0.956971,pass,9/10,0.01
NonOverlappingTemplate,chaotic,4,1000000,component=117,0,fail,0/10,0.01
NonOverlappingTemplate,chaotic,4,1000000,component=118,0.112335,pass,6/10,0.01
NonOverlappingTemplate,chaotic,4,1000000,component=119,0,fail,0/10,0.01
NonOverlappingTemplate,chaotic,4,1000000,component=120,0.267254,pass,9/10,0.01
NonOverlappingTemplate,chaotic,4,1000000,component=121,0.403519,pass,7/10,0.01
NonOverlappingTemplate,chaotic,4,1000000,component=122,0,fail,0/10,0.01
NonOverlappingTemplate,chaotic,4,1000000,component=123,0.454602,pass,10/10,0.01
NonOverlappingTemplate,chaotic,4,1000000,component=124,0,fail,0/10,0.01
NonOverlappingTemplate,chaotic,4,1000000,component=125,0.000572,fail,0/10,0.01
NonOverlappingTemplate,chaotic,4,1000000,component=126,0,fail,0/10,0.01
NonOverlappingTemplate,chaotic,4,1000000,component=127,0,fail,0/10,0.01
NonOverlappingTemplate,chaotic,4,1000000,component=128,2e-06,fail,2/10,0.01
NonOverlappingTemplate,chaotic,4,1000000,component=129,0,fail,0/10,0.01
NonOverlappingTemplate,chaotic,4,1000000,component=130,3.3e-05,fail,3/10,0.01
NonOverlappingTemplate,chaotic,4,1000000,component=131,0,fail,0/10,0.01
NonOverlappingTemplate,chaotic,4,1000000,component=132,0.109549,pass,9/10,0.01
NonOverlappingTemplate,chaotic,4,1000000,component=133,0,fail,0/10,0.01
NonOverlappingTemplate,chaotic,4,1000000,component=134,0.27719,pass,10/10,0.01
NonOverlappingTemplate,chaotic,4,1000000,component=135,0.003967,fail,2/10,0.01
NonOverlappingTemplate,chaotic,4,1000000,component=136,0.961525,pass,10/10,0.01
NonOverlappingTemplate,chaotic,4,1000000,component=137,0,fail,0/10,0.01
NonOverlappingTemplate,chaotic,4,1000000,component=138,0.577743,pass,10/10,0.01
NonOverlappingTemplate,chaotic,4,1000000,component=139,0,fail,0/10,0.01
NonOverlappingTemplate,chaotic,4,1000000,component=140,0,fail,0/10,0.01
NonOverlappingTemplate,chaotic,4,1000000,component=141,0,fail,0/10,0.01
NonOverlappingTemplate,chaotic,4,1000000,component=142,0,fail,0/10,0.01
NonOverlappingTemplate,chaotic,4,1000000,component=143,0,fail,0/10,0.01
NonOverlappingTemplate,chaotic,4,1000000,component=144,0,fail,0/10,0.01
NonOverlappingTemplate,chaotic,4,1000000,component=145,0,fail,0/10,0.01
NonOverlappingTemplate,chaotic,4,1000000,component=146,0,fail,0/10,0.01
NonOverlappingTemplate,chaotic,4,1000000,component=147,0,fail,0/10,0.01
NonOverlappingTemplate,chaotic,4,1000000,component=148,0,fail,0/10,0.01
NonOverlappingTemplate,chaotic,5,1000000,component=1,0,fail,0/10,0.01
NonOverlappingTemplate,chaotic,5,1000000,component=2,0,fail,0/10,0.01
NonOverlappingTemplate,chaotic,5,1000000,component=3,0,fail,0/10,0.01
NonOverlappingTemplate,chaotic,5,1000000,component=4,0,fail,0/10,0.01
NonOverlappingTemplate,chaotic,5,1000000,component=5,0,fail,0/10,0.01
NonOverlappingTemplate,chaotic,5,1000000,component=6,0,fail,0/10,0.01
NonOverlappingTemplate,chaotic,5,1000000,component=7,0,fail,0/10,0.01
NonOverlappingTemplate,chaotic,5,1000000,component=8,0,fail,0/10,0.01
NonOverlappingTemplate,chaotic,5,1000000,component=9,0,fail,0/10,0.01
NonOverlappingTemplate,chaotic,5,1000000,component=10,0,fail,0/10,0.01
NonOverlappingTemplate,chaotic,5,1000000,component=11,0.033457,pass,10/10,0.01
NonOverlappingTemplate,chaotic,5,1000000,component=12,0,fail,0/10,0.01
NonOverlappingTemplate,chaotic,5,1000000,component=13,0.562603,pass,9/10,0.01
NonOverlappingTemplate,chaotic,5,1000000,component=14,7.4e-05,fail,3/10,0.01
NonOverlappingTemplate,chaotic,5,1000000,component=15,0.068761,pass,9/10,0.01
NonOverlappingTemplate,chaotic,5,1000000,component=16,0,fail,0/10,0.01
NonOverlappingTemplate,chaotic,5,1000000,component=17,0.048891,pass,10/10,0.01
NonOverlappingTemplate,chaotic,5,1000000,component=18,0,fail,0/10,0.01
NonOverlappingTemplate,chaotic,5,1000000,component=19,5.8e-05,fail,3/10,0.01
NonOverlappingTemplate,chaotic,5,1000000,component=20,0,fail,0/10,0.01
NonOverlappingTemplate,chaotic,5,1000000,component=21,6e-06,fail,0/10,0.01
NonOverlappingTemplate,chaotic,5,1000000,component=22,0,fail,0/10,0.01
NonOverlappingTemplate,chaotic,5,1000000,component=23,0,fail,0/10,0.01
NonOverlappingTemplate,chaotic,5,1000000,component=24,0,fail,1/10,0.01
NonOverlappingTemplate,chaotic,5,1000000,component=25,0,fail,0/10,0.01
NonOverlappingTemplate,chaotic,5,1000000,component=26,0.286058,pass,10/10,0.01
NonOverlappingTemplate,chaotic,5,1000000,component=27,5e-06,fail,0/10,0.01
NonOverlappingTemplate,chaotic,5,1000000,component=28,0.027334,pass,10/10,0.01
NonOverlappingTemplate,chaotic,5,1000000,component=29,0.415335,pass,10/10,0.01
NonOverlappingTemplate,chaotic,5,1000000,component=30,0,fail,0/10,0.01
NonOverlappingTemplate,chaotic,5,1000000,component=31,0.020755,pass,3/10,0.01
NonOverlappingTemplate,chaotic,5,1000000,component=32,0,fail,0/10,0.01
NonOverlappingTemplate,chaotic,5,1000000,component=33,0.38705,pass,10/10,0.01
NonOverlappingTemplate,chaotic,5,1000000,component=34,0,fail,0/10,0.01
NonOverlappingTemplate,chaotic,5,1000000,component=35,0,fail,0/10,0.01
NonOverlappingTemplate,chaotic,5,1000000,component=36,0,fail,0/10,0.01
NonOverlappingTemplate,chaotic,5,1000000,component=37,0,fail,0/10,0.01
NonOverlappingTemplate,chaotic,5,1000000,component=38,0,fail,0/10,0.01
NonOverlappingTemplate,chaotic,5,1000000,component=39,0.004972,fail,2/10,0.01
NonOverlappingTemplate,chaotic,5,1000000,component=40,0,fail,0/10,0.01
NonOverlappingTemplate,chaotic,5,1000000,component=41,0,fail,0/10,0.01
NonOverlappingTemplate,chaotic,5,1000000,component=42,0,fail,0/10,0.01
NonOverlappingTemplate,chaotic,5,1000000,component=43,0,fail,0/10,0.01
NonOverlappingTemplate,chaotic,5,1000000,component=44,0,fail,0/10,0.01
NonOverlappingTemplate,chaotic,5,1000000,component=45,0,fail,0/10,0.01
NonOverlappingTemplate,chaotic,5,1000000,component=46,0,fail,0/10,0.01
NonOverlappingTemplate,chaotic,5,1000000,component=47,1.2e-05,fail,1/10,0.01
NonOverlappingTemplate,chaotic,5,1000000,component=48,0,fail,0/10,0.01
NonOverlappingTemplate,chaotic,5,1000000,component=49,0.113658,pass,9/10,0.01
NonOverlappingTemplate,chaotic,5,1000000,component=50,0.030765,pass,10/10,0.01
NonOverlappingTemplate,chaotic,5,1000000,component=51,0.010588,pass,8/10,0.01
NonOverlappingTemplate,chaotic,5,1000000,component=52,0,fail,0/10,0.01
NonOverlappingTemplate,chaotic,5,1000000,component=53,0.460032,pass,10/10,0.01
NonOverlappingTemplate,chaotic,5,1000000,component=54,0.057913,pass,6/10,0.01
NonOverlappingTemplate,chaotic,5,1000000,component=55,0,fail,0/10,0.01
NonOverlappingTemplate,chaotic,5,1000000,component=56,0.209748,pass,6/10,0.01
NonOverlappingTemplate,chaotic,5,1000000,component=57,0,fail,0/10,0.01
NonOverlappingTemplate,chaotic,5,1000000,component=58,0,fail,0/10,0.01
NonOverlappingTemplate,chaotic,5,1000000,component=59,0,fail,0/10,0.01
NonOverlappingTemplate,chaotic,5,1000000,component=60,0,fail,0/10,0.01
NonOverlappingTemplate,chaotic,5,1000000,component=61,0,fail,0/10,0.01
NonOverlappingTemplate,chaotic,5,1000000,component=62,0,fail,0/10,0.01
NonOverlappingTemplate,chaotic,5,1000000,component=63,0,fail,0/10,0.01
NonOverlappingTemplate,chaotic,5,1000000,component=64,0.031991,pass,10/10,0.01
NonOverlappingTemplate,chaotic,5,1000000,component=65,0,fail,0/10,0.01
NonOverlappingTemplate,chaotic,5,1000000,component=66,0,fail,0/10,0.01
NonOverlappingTemplate,chaotic,5,1000000,component=67,0,fail,0/10,0.01
NonOverlappingTemplate,chaotic,5,1000000,component=68,0,fail,0/10,0.01
NonOverlappingTemplate,chaotic,5,1000000,component=69,0,fail,0/10,0.01
NonOverlappingTemplate,chaotic,5,1000000,component=70,0.330442,pass,10/10,0.01
NonOverlappingTemplate,chaotic,5,1000000,component=71,0,fail,0/10,0.01
NonOverlappingTemplate,chaotic,5,1000000,component=72,0,fail,0/10,0.01
NonOverlappingTemplate,chaotic,5,1000000,component=73,0,fail,3/10,0.01
NonOverlappingTemplate,chaotic,5,1000000,component=74,0,fail,0/10,0.01
NonOverlappingTemplate,chaotic,5,1000000,component=75,0,fail,0/10,0.01
NonOverlappingTemplate,chaotic,5,1000000,component=76,0.000243,fail,2/10,0.01
NonOverlappingTemplate,chaotic,5,1000000,component=77,0,fail,0/10,0.01
NonOverlappingTemplate,chaotic,5,1000000,component=78,0,fail,0/10,0.01
NonOverlappingTemplate,chaotic,5,1000000,component=79,0.939747,pass,10/10,0.01
NonOverlappingTemplate,chaotic,5,1000000,component=80,0,fail,0/10,0.01
NonOverlappingTemplate,chaotic,5,1000000,component=81,0,fail,0/10,0.01
NonOverlappingTemplate,chaotic,5,1000000,component=82,0,fail,0/10,0.01
NonOverlappingTemplate,chaotic,5,1000000,component=83,0,fail,0/10,0.01
NonOverlappingTemplate,chaotic,5,1000000,component=84,0,fail,0/10,0.01
NonOverlappingTemplate,chaotic,5,1000000,component=85,0.864317,pass,8/10,0.01
NonOverlappingTemplate,chaotic,5,1000000,component=86,0,fail,0/10,0.01
NonOverlappingTemplate,chaotic,5,1000000,component=87,0,fail,0/10,0.01
NonOverlappingTemplate,chaotic,5,1000000,component=88,0,fail,0/10,0.01
NonOverlappingTemplate,chaotic,5,1000000,component=89,0,fail,0/10,0.01
NonOverlappingTemplate,chaotic,5,1000000,component=90,0,fail,0/10,0.01
NonOverlappingTemplate,chaotic,5,1000000,component=91,0,fail,0/10,0.01
NonOverlappingTemplate,chaotic,5,1000000,component=92,0,fail,0/10,0.01
NonOverlappingTemplate,chaotic,5,1000000,component=93,0.148073,pass,8/10,0.01
NonOverlappingTemplate,chaotic,5,1000000,component=94,0,fail,0/10,0.01
NonOverlappingTemplate,chaotic,5,1000000,component=95,0.026373,pass,8/10,0.01
NonOverlappingTemplate,chaotic,5,1000000,component=96,0.130593,pass,10/10,0.01
NonOverlappingTemplate,chaotic,5,1000000,component=97,0,fail,0/10,0.01
NonOverlappingTemplate,chaotic,5,1000000,component=98,0.106754,pass,8/10,0.01
NonOverlappingTemplate,chaotic,5,1000000,component=99,0.120522,pass,9/10,0.01
NonOverlappingTemplate,chaotic,5,1000000,component=100,0.296503,pass,10/10,0.01
NonOverlappingTemplate,chaotic,5,1000000,component=101,0,fail,0/10,0.01
NonOverlappingTemplate,chaotic,5,1000000,component=102,0.085151,pass,1/10,0.01
NonOverlappingTemplate,chaotic,5,1000000,component=103,0,fail,0/10,0.01
NonOverlappingTemplate,chaotic,5,1000000,component=104,0,fail,0/10,0.01
NonOverlappingTemplate,chaotic,5,1000000,component=105,0,fail,0/10,0.01
NonOverlappingTemplate,chaotic,5,1000000,component=106,0,fail,0/10,0.01
NonOverlappingTemplate,chaotic,5,1000000,component=107,0,fail,0/10,0.01
NonOverlappingTemplate,chaotic,5,1000000,component=108,0,fail,0/10,0.01
NonOverlappingTemplate,chaotic,5,1000000,component=109,0,fail,0/10,0.01
NonOverlappingTemplate,chaotic,5,1000000,component=110,0.023328,pass,1/10,0.01
NonOverlappingTemplate,chaotic,5,1000000,component=111,0,fail,0/10,0.01
NonOverlappingTemplate,chaotic,5,1000000,component=112,0,fail,0/10,0.01
NonOverlappingTemplate,chaotic,5,1000000,component=113,2.1e-05,fail,0/10,0.01
NonOverlappingTemplate,chaotic,5,1000000,component=114,0,fail,0/10,0.01
NonOverlappingTemplate,chaotic,5,1000000,component=115,0,fail,0/10,0.01
NonOverlappingTemplate,chaotic,5,1000000,component=116,0.337914,pass,9/10,0.01
NonOverlappingTemplate,chaotic,5,1000000,component=117,0,fail,0/10,0.01
NonOverlappingTemplate,chaotic,5,1000000,component=118,0.022821,pass,6/10,0.01
NonOverlappingTemplate,chaotic,5,1000000,component=119,0,fail,0/10,0.01
NonOverlappingTemplate,chaotic,5,1000000,component=120,0.22754,pass,9/10,0.01
NonOverlappingTemplate,chaotic,5,1000000,component=121,0.000664,fail,7/10,0.01
NonOverlappingTemplate,chaotic,5,1000000,component=122,0,fail,0/10,0.01
NonOverlappingTemplate,chaotic,5,1000000,component=123,0.239818,pass,10/10,0.01
NonOverlappingTemplate,chaotic,5,1000000,component=124,0,fail,0/10,0.01
NonOverlappingTemplate,chaotic,5,1000000,component=125,1.8e-05,fail,0/10,0.01
NonOverlappingTemplate,chaotic,5,1000000,component=126,0,fail,0/10,0.01
NonOverlappingTemplate,chaotic,5,1000000,component=127,0,fail,0/10,0.01
NonOverlappingTemplate,chaotic,5,1000000,component=128,0.056672,pass,2/10,0.01
NonOverlappingTemplate,chaotic,5,1000000,component=129,0,fail,0/10,0.01
NonOverlappingTemplate,chaotic,5,1000000,component=130,0.14259,pass,3/10,0.01
NonOverlappingTemplate,chaotic,5,1000000,component=131,0,fail,0/10,0.01
NonOverlappingTemplate,chaotic,5,1000000,component=132,0.585234,pass,9/10,0.01
NonOverlappingTemplate,chaotic,5,1000000,component=133,0,fail,0/10,0.01
NonOverlappingTemplate,chaotic,5,1000000,component=134,0.65261,pass,10/10,0.01
NonOverlappingTemplate,chaotic,5,1000000,component=135,0.000425,fail,2/10,0.01
NonOverlappingTemplate,chaotic,5,1000000,component=136,0.4763,pass,10/10,0.01
NonOverlappingTemplate,chaotic,5,1000000,component=137,0,fail,0/10,0.01
NonOverlappingTemplate,chaotic,5,1000000,component=138,0.01249,pass,10/10,0.01
NonOverlappingTemplate,chaotic,5,1000000,component=139,0,fail,0/10,0.01
NonOverlappingTemplate,chaotic,5,1000000,component=140,0,fail,0/10,0.01
NonOverlappingTemplate,chaotic,5,1000000,component=141,0,fail,0/10,0.01
NonOverlappingTemplate,chaotic,5,1000000,component=142,0,fail,0/10,0.01
NonOverlappingTemplate,chaotic,5,1000000,component=143,0,fail,0/10,0.01
NonOverlappingTemplate,chaotic,5,1000000,component=144,0,fail,0/10,0.01
NonOverlappingTemplate,chaotic,5,1000000,component=145,0,fail,0/10,0.01
NonOverlappingTemplate,chaotic,5,1000000,component=146,0,fail,0/10,0.01
NonOverlappingTemplate,chaotic,5,1000000,component=147,0,fail,0/10,0.01
NonOverlappingTemplate,chaotic,5,1000000,component=148,0,fail,0/10,0.01
NonOverlappingTemplate,chaotic,6,1000000,component=1,0,fail,0/10,0.01
NonOverlappingTemplate,chaotic,6,1000000,component=2,0,fail,0/10,0.01
NonOverlappingTemplate,chaotic,6,1000000,component=3,0,fail,0/10,0.01
NonOverlappingTemplate,chaotic,6,1000000,component=4,0,fail,0/10,0.01
NonOverlappingTemplate,chaotic,6,1000000,component=5,0,fail,0/10,0.01
NonOverlappingTemplate,chaotic,6,1000000,component=6,0,fail,0/10,0.01
NonOverlappingTemplate,chaotic,6,1000000,component=7,0,fail,0/10,0.01
NonOverlappingTemplate,chaotic,6,1000000,component=8,0,fail,0/10,0.01
NonOverlappingTemplate,chaotic,6,1000000,component=9,0,fail,0/10,0.01
NonOverlappingTemplate,chaotic,6,1000000,component=10,0,fail,0/10,0.01
NonOverlappingTemplate,chaotic,6,1000000,component=11,0.094701,pass,10/10,0.01
NonOverlappingTemplate,chaotic,6,1000000,component=12,0,fail,0/10,0.01
NonOverlappingTemplate,chaotic,6,1000000,component=13,0.281131,pass,9/10,0.01
NonOverlappingTemplate,chaotic,6,1000000,component=14,0.00343,fail,3/10,0.01
NonOverlappingTemplate,chaotic,6,1000000,component=15,0.225171,pass,9/10,0.01
NonOverlappingTemplate,chaotic,6,1000000,component=16,0,fail,0/10,0.01
NonOverlappingTemplate,chaotic,6,1000000,component=17,0.319663,pass,10/10,0.01
NonOverlappingTemplate,chaotic,6,1000000,component=18,0,fail,0/10,0.01
NonOverlappingTemplate,chaotic,6,1000000,component=19,0.08613,pass,3/10,0.01
NonOverlappingTemplate,chaotic,6,1000000,component=20,0,fail,0/10,0.01
NonOverlappingTemplate,chaotic,6,1000000,component=21,1.2e-05,fail,0/10,0.01
NonOverlappingTemplate,chaotic,6,1000000,component=22,0,fail,0/10,0.01
NonOverlappingTemplate,chaotic,6,1000000,component=23,0,fail,0/10,0.01
NonOverlappingTemplate,chaotic,6,1000000,component=24,0,fail,1/10,0.01
NonOverlappingTemplate,chaotic,6,1000000,component=25,0,fail,0/10,0.01
NonOverlappingTemplate,chaotic,6,1000000,component=26,0.658185,pass,10/10,0.01
NonOverlappingTemplate,chaotic,6,1000000,component=27,0,fail,0/10,0.01
NonOverlappingTemplate,chaotic,6,1000000,component=28,0.01043,pass,10/10,0.01
NonOverlappingTemplate,chaotic,6,1000000,component=29,0.459391,pass,10/10,0.01
NonOverlappingTemplate,chaotic,6,1000000,component=30,0,fail,0/10,0.01
NonOverlappingTemplate,chaotic,6,1000000,component=31,0.239131,pass,3/10,0.01
NonOverlappingTemplate,chaotic,6,1000000,component=32,0,fail,0/10,0.01
NonOverlappingTemplate,chaotic,6,1000000,component=33,0.434982,pass,10/10,0.01
NonOverlappingTemplate,chaotic,6,1000000,component=34,0,fail,0/10,0.01
NonOverlappingTemplate,chaotic,6,1000000,component=35,0,fail,0/10,0.01
NonOverlappingTemplate,chaotic,6,1000000,component=36,5e-06,fail,0/10,0.01
NonOverlappingTemplate,chaotic,6,1000000,component=37,0,fail,0/10,0.01
NonOverlappingTemplate,chaotic,6,1000000,component=38,0,fail,0/10,0.01
NonOverlappingTemplate,chaotic,6,1000000,component=39,6.9e-05,fail,2/10,0.01
NonOverlappingTemplate,chaotic,6,1000000,component=40,0,fail,0/10,0.01
NonOverlappingTemplate,chaotic,6,1000000,component=41,0,fail,0/10,0.01
NonOverlappingTemplate,chaotic,6,1000000,component=42,0,fail,0/10,0.01
NonOverlappingTemplate,chaotic,6,1000000,component=43,0,fail,0/10,0.01
NonOverlappingTemplate,chaotic,6,1000000,component=44,4e-06,fail,0/10,0.01
NonOverlappingTemplate,chaotic,6,1000000,component=45,0,fail,0/10,0.01
NonOverlappingTemplate,chaotic,6,1000000,component=46,0,fail,0/10,0.01
NonOverlappingTemplate,chaotic,6,1000000,component=47,0.000205,fail,1/10,0.01
NonOverlappingTemplate,chaotic,6,1000000,component=48,0,fail,0/10,0.01
NonOverlappingTemplate,chaotic,6,1000000,component=49,0.108978,pass,9/10,0.01
NonOverlappingTemplate,chaotic,6,1000000,component=50,0.136717,pass,10/10,0.01
NonOverlappingTemplate,chaotic,6,1000000,component=51,0.047982,pass,8/10,0.01
NonOverlappingTemplate,chaotic,6,1000000,component=52,0,fail,0/10,0.01
NonOverlappingTemplate,chaotic,6,1000000,component=53,0.053923,pass,10/10,0.01
NonOverlappingTemplate,chaotic,6,1000000,component=54,0.007042,fail,6/10,0.01
NonOverlappingTemplate,chaotic,6,1000000,component=55,0,fail,0/10,0.01
NonOverlappingTemplate,chaotic,6,1000000,component=56,0.002194,fail,6/10,0.01
NonOverlappingTemplate,chaotic,6,1000000,component=57,0,fail,0/10,0.01
NonOverlappingTemplate,chaotic,6,1000000,component=58,0,fail,0/10,0.01
NonOverlappingTemplate,chaotic,6,1000000,component=59,0,fail,0/10,0.01
NonOverlappingTemplate,chaotic,6,1000000,component=60,0,fail,0/10,0.01
NonOverlappingTemplate,chaotic,6,1000000,component=61,0,fail,0/10,0.01
NonOverlappingTemplate,chaotic,6,1000000,component=62,0,fail,0/10,0.01
NonOverlappingTemplate,chaotic,6,1000000,component=63,0,fail,0/10,0.01
NonOverlappingTemplate,chaotic,6,1000000,component=64,0.176827,pass,10/10,0.01
NonOverlappingTemplate,chaotic,6,1000000,component=65,0,fail,0/10,0.01
NonOverlappingTemplate,chaotic,6,1000000,component=66,0,fail,0/10,0.01
NonOverlappingTemplate,chaotic,6,1000000,component=67,0,fail,0/10,0.01
NonOverlappingTemplate,chaotic,6,1000000,component=68,0,fail,0/10,0.01
NonOverlappingTemplate,chaotic,6,1000000,component=69,0,fail,0/10,0.01
NonOverlappingTemplate,chaotic,6,1000000,component=70,0.843112,pass,10/10,0.01
NonOverlappingTemplate,chaotic,6,1000000,component=71,0,fail,0/10,0.01
NonOverlappingTemplate,chaotic,6,1000000,component=72,0,fail,0/10,0.01
NonOverlappingTemplate,chaotic,6,1000000,component=73,8e-06,fail,3/10,0.01
NonOverlappingTemplate,chaotic,6,1000000,component=74,0,fail,0/10,0.01
NonOverlappingTemplate,chaotic,6,1000000,component=75,0,fail,0/10,0.01
NonOverlappingTemplate,chaotic,6,1000000,component=76,0.000785,fail,2/10,0.01
NonOverlappingTemplate,chaotic,6,1000000,component=77,0,fail,0/10,0.01
NonOverlappingTemplate,chaotic,6,1000000,component=78,0,fail,0/10,0.01
NonOverlappingTemplate,chaotic,6,1000000,component=79,0.011234,pass,10/10,0.01
NonOverlappingTemplate,chaotic,6,1000000,component=80,0,fail,0/10,0.01
NonOverlappingTemplate,chaotic,6,1000000,component=81,0,fail,0/10,0.01
NonOverlappingTemplate,chaotic,6,1000000,component=82,0,fail,0/10,0.01
NonOverlappingTemplate,chaotic,6,1000000,component=83,0,fail,0/10,0.01
NonOverlappingTemplate,chaotic,6,1000000,component=84,0,fail,0/10,0.01
NonOverlappingTemplate,chaotic,6,1000000,component=85,0.489424,pass,8/10,0.01
NonOverlappingTemplate,chaotic,6,1000000,component=86,0,fail,0/10,0.01
NonOverlappingTemplate,chaotic,6,1000000,component=87,0,fail,0/10,0.01
NonOverlappingTemplate,chaotic,6,1000000,component=88,0,fail,0/10,0.01
NonOverlappingTemplate,chaotic,6,1000000,component=89,0,fail,0/10,0.01
NonOverlappingTemplate,chaotic,6,1000000,component=90,0,fail,0/10,0.01
NonOverlappingTemplate,chaotic,6,1000000,component=91,0,fail,0/10,0.01
NonOverlappingTemplate,chaotic,6,1000000,component=92,0,fail,0/10,0.01
NonOverlappingTemplate,chaotic,6,1000000,component=93,0.206059,pass,8/10,0.01
NonOverlappingTemplate,chaotic,6,1000000,component=94,0,fail,0/10,0.01
NonOverlappingTemplate,chaotic,6,1000000,component=95,0.016219,pass,8/10,0.01
NonOverlappingTemplate,chaotic,6,1000000,component=96,0.784828,pass,10/10,0.01
NonOverlappingTemplate,chaotic,6,1000000,component=97,0,fail,0/10,0.01
NonOverlappingTemplate,chaotic,6,1000000,component=98,0.001982,fail,8/10,0.01
NonOverlappingTemplate,chaotic,6,1000000,component=99,0.270787,pass,9/10,0.01
NonOverlappingTemplate,chaotic,6,1000000,component=100,0.090748,pass,10/10,0.01
NonOverlappingTemplate,chaotic,6,1000000,component=101,0,fail,0/10,0.01
NonOverlappingTemplate,chaotic,6,1000000,component=102,0,fail,1/10,0.01
NonOverlappingTemplate,chaotic,6,1000000,component=103,0,fail,0/10,0.01
NonOverlappingTemplate,chaotic,6,1000000,component=104,0,fail,0/10,0.01
NonOverlappingTemplate,chaotic,6,1000000,component=105,1.3e-05,fail,0/10,0.01
NonOverlappingTemplate,chaotic,6,1000000,component=106,0,fail,0/10,0.01
NonOverlappingTemplate,chaotic,6,1000000,component=107,0,fail,0/10,0.01
NonOverlappingTemplate,chaotic,6,1000000,component=108,0,fail,0/10,0.01
NonOverlappingTemplate,chaotic,6,1000000,component=109,0,fail,0/10,0.01
NonOverlappingTemplate,chaotic,6,1000000,component=110,3.1e-05,fail,1/10,0.01
NonOverlappingTemplate,chaotic,6,1000000,component=111,0,fail,0/10,0.01
NonOverlappingTemplate,chaotic,6,1000000,component=112,0,fail,0/10,0.01
NonOverlappingTemplate,chaotic,6,1000000,component=113,0,fail,0/10,0.01
NonOverlappingTemplate,chaotic,6,1000000,component=114,0,fail,0/10,0.01
NonOverlappingTemplate,chaotic,6,1000000,component=115,0,fail,0/10,0.01
NonOverlappingTemplate,chaotic,6,1000000,component=116,0.148073,pass,9/10,0.01
NonOverlappingTemplate,chaotic,6,1000000,component=117,0,fail,0/10,0.01
NonOverlappingTemplate,chaotic,6,1000000,component=118,0.00127,fail,6/10,0.01
NonOverlappingTemplate,chaotic,6,1000000,component=119,0,fail,0/10,0.01
NonOverlappingTemplate,chaotic,6,1000000,component=120,0.00673,fail,9/10,0.01
NonOverlappingTemplate,chaotic,6,1000000,component=121,0.002817,fail,7/10,0.01
NonOverlappingTemplate,chaotic,6,1000000,component=122,0,fail,0/10,0.01
NonOverlappingTemplate,chaotic,6,1000000,component=123,0.026637,pass,10/10,0.01
NonOverlappingTemplate,chaotic,6,1000000,component=124,0,fail,0/10,0.01
NonOverlappingTemplate,chaotic,6,1000000,component=125,4.7e-05,fail,0/10,0.01
NonOverlappingTemplate,chaotic,6,1000000,component=126,0,fail,0/10,0.01
NonOverlappingTemplate,chaotic,6,1000000,component=127,0,fail,0/10,0.01
NonOverlappingTemplate,chaotic,6,1000000,component=128,4.6e-05,fail,2/10,0.01
NonOverlappingTemplate,chaotic,6,1000000,component=129,0,fail,0/10,0.01
NonOverlappingTemplate,chaotic,6,1000000,component=130,0.00406,fail,3/10,0.01
NonOverlappingTemplate,chaotic,6,1000000,component=131,0,fail,0/10,0.01
NonOverlappingTemplate,chaotic,6,1000000,component=132,0.108161,pass,9/10,0.01
NonOverlappingTemplate,chaotic,6,1000000,component=133,0,fail,0/10,0.01
NonOverlappingTemplate,chaotic,6,1000000,component=134,0.191245,pass,10/10,0.01
NonOverlappingTemplate,chaotic,6,1000000,component=135,2e-06,fail,2/10,0.01
NonOverlappingTemplate,chaotic,6,1000000,component=136,0.432085,pass,10/10,0.01
NonOverlappingTemplate,chaotic,6,1000000,component=137,0,fail,0/10,0.01
NonOverlappingTemplate,chaotic,6,1000000,component=138,0.778984,pass,10/10,0.01
NonOverlappingTemplate,chaotic,6,1000000,component=139,0,fail,0/10,0.01
NonOverlappingTemplate,chaotic,6,1000000,component=140,0,fail,0/10,0.01
NonOverlappingTemplate,chaotic,6,1000000,component=141,0,fail,0/10,0.01
NonOverlappingTemplate,chaotic,6,1000000,component=142,0,fail,0/10,0.01
NonOverlappingTemplate,chaotic,6,1000000,component=143,0,fail,0/10,0.01
NonOverlappingTemplate,chaotic,6,1000000,component=144,0,fail,0/10,0.01
NonOverlappingTemplate,chaotic,6,1000000,component=145,0,fail,0/10,0.01
NonOverlappingTemplate,chaotic,6,1000000,component=146,0,fail,0/10,0.01
NonOverlappingTemplate,chaotic,6,1000000,component=147,0,fail,0/10,0.01
NonOverlappingTemplate,chaotic,6,1000000,component=148,0,fail,0/10,0.01
NonOverlappingTemplate,chaotic,7,1000000,component=1,0,fail,0/10,0.01
NonOverlappingTemplate,chaotic,7,1000000,component=2,0,fail,0/10,0.01
NonOverlappingTemplate,chaotic,7,1000000,component=3,0,fail,0/10,0.01
NonOverlappingTemplate,chaotic,7,1000000,component=4,0,fail,0/10,0.01
NonOverlappingTemplate,chaotic,7,1000000,component=5,0,fail,0/10,0.01
NonOverlappingTemplate,chaotic,7,1000000,component=6,0,fail,0/10,0.01
NonOverlappingTemplate,chaotic,7,1000000,component=7,0,fail,0/10,0.01
NonOverlappingTemplate,chaotic,7,1000000,component=8,0,fail,0/10,0.01
NonOverlappingTemplate,chaotic,7,1000000,component=9,2e-06,fail,0/10,0.01
NonOverlappingTemplate,chaotic,7,1000000,component=10,0,fail,0/10,0.01
NonOverlappingTemplate,chaotic,7,1000000,component=11,0.011604,pass,10/10,0.01
NonOverlappingTemplate,chaotic,7,1000000,component=12,0,fail,0/10,0.01
NonOverlappingTemplate,chaotic,7,1000000,component=13,0.619175,pass,9/10,0.01
NonOverlappingTemplate,chaotic,7,1000000,component=14,0.001847,fail,3/10,0.01
NonOverlappingTemplate,chaotic,7,1000000,component=15,0.552882,pass,9/10,0.01
NonOverlappingTemplate,chaotic,7,1000000,component=16,0,fail,0/10,0.01
NonOverlappingTemplate,chaotic,7,1000000,component=17,0.723856,pass,10/10,0.01
NonOverlappingTemplate,chaotic,7,1000000,component=18,0,fail,0/10,0.01
NonOverlappingTemplate,chaotic,7,1000000,component=19,0.005956,fail,3/10,0.01
NonOverlappingTemplate,chaotic,7,1000000,component=20,0,fail,0/10,0.01
NonOverlappingTemplate,chaotic,7,1000000,component=21,0,fail,0/10,0.01
NonOverlappingTemplate,chaotic,7,1000000,component=22,0,fail,0/10,0.01
NonOverlappingTemplate,chaotic,7,1000000,component=23,0,fail,0/10,0.01
NonOverlappingTemplate,chaotic,7,1000000,component=24,7e-05,fail,1/10,0.01
NonOverlappingTemplate,chaotic,7,1000000,component=25,0,fail,0/10,0.01
NonOverlappingTemplate,chaotic,7,1000000,component=26,0.063082,pass,10/10,0.01
NonOverlappingTemplate,chaotic,7,1000000,component=27,0,fail,0/10,0.01
NonOverlappingTemplate,chaotic,7,1000000,component=28,0.106929,pass,10/10,0.01
NonOverlappingTemplate,chaotic,7,1000000,component=29,0.57494,pass,10/10,0.01
NonOverlappingTemplate,chaotic,7,1000000,component=30,0,fail,0/10,0.01
NonOverlappingTemplate,chaotic,7,1000000,component=31,0.000405,fail,3/10,0.01
NonOverlappingTemplate,chaotic,7,1000000,component=32,0,fail,0/10,0.01
NonOverlappingTemplate,chaotic,7,1000000,component=33,0.365659,pass,10/10,0.01
NonOverlappingTemplate,chaotic,7,1000000,component=34,0,fail,0/10,0.01
NonOverlappingTemplate,chaotic,7,1000000,component=35,0,fail,0/10,0.01
NonOverlappingTemplate,chaotic,7,1000000,component=36,0.000103,fail,0/10,0.01
NonOverlappingTemplate,chaotic,7,1000000,component=37,0,fail,0/10,0.01
NonOverlappingTemplate,chaotic,7,1000000,component=38,0,fail,0/10,0.01
NonOverlappingTemplate,chaotic,7,1000000,component=39,0,fail,2/10,0.01
NonOverlappingTemplate,chaotic,7,1000000,component=40,0,fail,0/10,0.01
NonOverlappingTemplate,chaotic,7,1000000,component=41,0,fail,0/10,0.01
NonOverlappingTemplate,chaotic,7,1000000,component=42,0,fail,0/10,0.01
NonOverlappingTemplate,chaotic,7,1000000,component=43,0,fail,0/10,0.01
NonOverlappingTemplate,chaotic,7,1000000,component=44,0.000264,fail,0/10,0.01
NonOverlappingTemplate,chaotic,7,1000000,component=45,0,fail,0/10,0.01
NonOverlappingTemplate,chaotic,7,1000000,component=46,0,fail,0/10,0.01
NonOverlappingTemplate,chaotic,7,1000000,component=47,0.000543,fail,1/10,0.01
NonOverlappingTemplate,chaotic,7,1000000,component=48,0,fail,0/10,0.01
NonOverlappingTemplate,chaotic,7,1000000,component=49,0.221072,pass,9/10,0.01
NonOverlappingTemplate,chaotic,7,1000000,component=50,0.012224,pass,10/10,0.01
NonOverlappingTemplate,chaotic,7,1000000,component=51,0.2017,pass,8/10,0.01
NonOverlappingTemplate,chaotic,7,1000000,component=52,0,fail,0/10,0.01
NonOverlappingTemplate,chaotic,7,1000000,component=53,0.352378,pass,10/10,0.01
NonOverlappingTemplate,chaotic,7,1000000,component=54,0.129388,pass,6/10,0.01
NonOverlappingTemplate,chaotic,7,1000000,component=55,0,fail,0/10,0.01
NonOverlappingTemplate,chaotic,7,1000000,component=56,0.223994,pass,6/10,0.01
NonOverlappingTemplate,chaotic,7,1000000,component=57,0,fail,0/10,0.01
NonOverlappingTemplate,chaotic,7,1000000,component=58,0,fail,0/10,0.01
NonOverlappingTemplate,chaotic,7,1000000,component=59,0,fail,0/10,0.01
NonOverlappingTemplate,chaotic,7,1000000,component=60,0,fail,0/10,0.01
NonOverlappingTemplate,chaotic,7,1000000,component=61,0,fail,0/10,0.01
NonOverlappingTemplate,chaotic,7,1000000,component=62,0,fail,0/10,0.01
NonOverlappingTemplate,chaotic,7,1000000,component=63,0,fail,0/10,0.01
NonOverlappingTemplate,chaotic,7,1000000,component=64,0.213994,pass,10/10,0.01
NonOverlappingTemplate,chaotic,7,1000000,component=65,0,fail,0/10,0.01
NonOverlappingTemplate,chaotic,7,1000000,component=66,0,fail,0/10,0.01
NonOverlappingTemplate,chaotic,7,1000000,component=67,0,fail,0/10,0.01
NonOverlappingTemplate,chaotic,7,1000000,component=68,0,fail,0/10,0.01
NonOverlappingTemplate,chaotic,7,1000000,component=69,2e-06,fail,0/10,0.01
NonOverlappingTemplate,chaotic,7,1000000,component=70,0.102425,pass,10/10,0.01
NonOverlappingTemplate,chaotic,7,1000000,component=71,0,fail,0/10,0.01
NonOverlappingTemplate,chaotic,7,1000000,component=72,0,fail,0/10,0.01
NonOverlappingTemplate,chaotic,7,1000000,component=73,8e-06,fail,3/10,0.01
NonOverlappingTemplate,chaotic,7,1000000,component=74,0,fail,0/10,0.01
NonOverlappingTemplate,chaotic,7,1000000,component=75,0,fail,0/10,0.01
NonOverlappingTemplate,chaotic,7,1000000,component=76,5.9e-05,fail,2/10,0.01
NonOverlappingTemplate,chaotic,7,1000000,component=77,0,fail,0/10,0.01
NonOverlappingTemplate,chaotic,7,1000000,component=78,0,fail,0/10,0.01
NonOverlappingTemplate,chaotic,7,1000000,component=79,0.694725,pass,10/10,0.01
NonOverlappingTemplate,chaotic,7,1000000,component=80,2e-06,fail,0/10,0.01
NonOverlappingTemplate,chaotic,7,1000000,component=81,0,fail,0/10,0.01
NonOverlappingTemplate,chaotic,7,1000000,component=82,0,fail,0/10,0.01
NonOverlappingTemplate,chaotic,7,1000000,component=83,0,fail,0/10,0.01
NonOverlappingTemplate,chaotic,7,1000000,component=84,0,fail,0/10,0.01
NonOverlappingTemplate,chaotic,7,1000000,component=85,0.090446,pass,8/10,0.01
NonOverlappingTemplate,chaotic,7,1000000,component=86,0,fail,0/10,0.01
NonOverlappingTemplate,chaotic,7,1000000,component=87,0,fail,0/10,0.01
NonOverlappingTemplate,chaotic,7,1000000,component=88,0,fail,0/10,0.01
NonOverlappingTemplate,chaotic,7,1000000,component=89,0,fail,0/10,0.01
NonOverlappingTemplate,chaotic,7,1000000,component=90,0,fail,0/10,0.01
NonOverlappingTemplate,chaotic,7,1000000,component=91,0,fail,0/10,0.01
NonOverlappingTemplate,chaotic,7,1000000,component=92,0,fail,0/10,0.01
NonOverlappingTemplate,chaotic,7,1000000,component=93,0.043667,pass,8/10,0.01
NonOverlappingTemplate,chaotic,7,1000000,component=94,0,fail,0/10,0.01
NonOverlappingTemplate,chaotic,7,1000000,component=95,0.013704,pass,8/10,0.01
NonOverlappingTemplate,chaotic,7,1000000,component=96,0.216396,pass,10/10,0.01
NonOverlappingTemplate,chaotic,7,1000000,component=97,0,fail,0/10,0.01
NonOverlappingTemplate,chaotic,7,1000000,component=98,0.54643,pass,8/10,0.01
NonOverlappingTemplate,chaotic,7,1000000,component=99,0.05252,pass,9/10,0.01
NonOverlappingTemplate,chaotic,7,1000000,component=100,0.224778,pass,10/10,0.01
NonOverlappingTemplate,chaotic,7,1000000,component=101,0,fail,0/10,0.01
NonOverlappingTemplate,chaotic,7,1000000,component=102,0.000912,fail,1/10,0.01
NonOverlappingTemplate,chaotic,7,1000000,component=103,0,fail,0/10,0.01
NonOverlappingTemplate,chaotic,7,1000000,component=104,0,fail,0/10,0.01
NonOverlappingTemplate,chaotic,7,1000000,component=105,0.000108,fail,0/10,0.01
NonOverlappingTemplate,chaotic,7,1000000,component=106,0,fail,0/10,0.01
NonOverlappingTemplate,chaotic,7,1000000,component=107,0,fail,0/10,0.01
NonOverlappingTemplate,chaotic,7,1000000,component=108,0,fail,0/10,0.01
NonOverlappingTemplate,chaotic,7,1000000,component=109,0,fail,0/10,0.01
NonOverlappingTemplate,chaotic,7,1000000,component=110,7e-06,fail,1/10,0.01
NonOverlappingTemplate,chaotic,7,1000000,component=111,0,fail,0/10,0.01
NonOverlappingTemplate,chaotic,7,1000000,component=112,0,fail,0/10,0.01
NonOverlappingTemplate,chaotic,7,1000000,component=113,0,fail,0/10,0.01
NonOverlappingTemplate,chaotic,7,1000000,component=114,0,fail,0/10,0.01
NonOverlappingTemplate,chaotic,7,1000000,component=115,0,fail,0/10,0.01
NonOverlappingTemplate,chaotic,7,1000000,component=116,3e-05,fail,9/10,0.01
NonOverlappingTemplate,chaotic,7,1000000,component=117,0,fail,0/10,0.01
NonOverlappingTemplate,chaotic,7,1000000,component=118,9.5e-05,fail,6/10,0.01
NonOverlappingTemplate,chaotic,7,1000000,component=119,0,fail,0/10,0.01
NonOverlappingTemplate,chaotic,7,1000000,component=120,0.163423,pass,9/10,0.01
NonOverlappingTemplate,chaotic,7,1000000,component=121,0.198066,pass,7/10,0.01
NonOverlappingTemplate,chaotic,7,1000000,component=122,0,fail,0/10,0.01
NonOverlappingTemplate,chaotic,7,1000000,component=123,0.187652,pass,10/10,0.01
NonOverlappingTemplate,chaotic,7,1000000,component=124,0,fail,0/10,0.01
NonOverlappingTemplate,chaotic,7,1000000,component=125,0.000178,fail,0/10,0.01
NonOverlappingTemplate,chaotic,7,1000000,component=126,0,fail,0/10,0.01
NonOverlappingTemplate,chaotic,7,1000000,component=127,0,fail,0/10,0.01
NonOverlappingTemplate,chaotic,7,1000000,component=128,4e-06,fail,2/10,0.01
NonOverlappingTemplate,chaotic,7,1000000,component=129,0,fail,0/10,0.01
NonOverlappingTemplate,chaotic,7,1000000,component=130,0.006521,fail,3/10,0.01
NonOverlappingTemplate,chaotic,7,1000000,component=131,0,fail,0/10,0.01
NonOverlappingTemplate,chaotic,7,1000000,component=132,0.00107,fail,9/10,0.01
NonOverlappingTemplate,chaotic,7,1000000,component=133,0,fail,0/10,0.01
NonOverlappingTemplate,chaotic,7,1000000,component=134,0.299015,pass,10/10,0.01
NonOverlappingTemplate,chaotic,7,1000000,component=135,0.001316,fail,2/10,0.01
NonOverlappingTemplate,chaotic,7,1000000,component=136,0.928991,pass,10/10,0.01
NonOverlappingTemplate,chaotic,7,1000000,component=137,0,fail,0/10,0.01
NonOverlappingTemplate,chaotic,7,1000000,component=138,0.010229,pass,10/10,0.01
NonOverlappingTemplate,chaotic,7,1000000,component=139,0,fail,0/10,0.01
NonOverlappingTemplate,chaotic,7,1000000,component=140,0,fail,0/10,0.01
NonOverlappingTemplate,chaotic,7,1000000,component=141,0,fail,0/10,0.01
NonOverlappingTemplate,chaotic,7,1000000,component=142,0,fail,0/10,0.01
NonOverlappingTemplate,chaotic,7,1000000,component=143,0,fail,0/10,0.01
NonOverlappingTemplate,chaotic,7,1000000,component=144,0,fail,0/10,0.01
NonOverlappingTemplate,chaotic,7,1000000,component=145,0,fail,0/10,0.01
NonOverlappingTemplate,chaotic,7,1000000,component=146,0,fail,0/10,0.01
NonOverlappingTemplate,chaotic,7,1000000,component=147,0,fail,0/10,0.01
NonOverlappingTemplate,chaotic,7,1000000,component=148,0,fail,0/10,0.01
NonOverlappingTemplate,chaotic,8,1000000,component=1,0,fail,0/10,0.01
NonOverlappingTemplate,chaotic,8,1000000,component=2,0,fail,0/10,0.01
NonOverlappingTemplate,chaotic,8,1000000,component=3,0,fail,0/10,0.01
NonOverlappingTemplate,chaotic,8,1000000,component=4,0,fail,0/10,0.01
NonOverlappingTemplate,chaotic,8,1000000,component=5,0,fail,0/10,0.01
NonOverlappingTemplate,chaotic,8,1000000,component=6,0,fail,0/10,0.01
NonOverlappingTemplate,chaotic,8,1000000,component=7,0,fail,0/10,0.01
NonOverlappingTemplate,chaotic,8,1000000,component=8,0,fail,0/10,0.01
NonOverlappingTemplate,chaotic,8,1000000,component=9,0,fail,0/10,0.01
NonOverlappingTemplate,chaotic,8,1000000,component=10,0,fail,0/10,0.01
NonOverlappingTemplate,chaotic,8,1000000,component=11,0.120056,pass,10/10,0.01
NonOverlappingTemplate,chaotic,8,1000000,component=12,0,fail,0/10,0.01
NonOverlappingTemplate,chaotic,8,1000000,component=13,0.552882,pass,9/10,0.01
NonOverlappingTemplate,chaotic,8,1000000,component=14,0.093388,pass,3/10,0.01
NonOverlappingTemplate,chaotic,8,1000000,component=15,0.148864,pass,9/10,0.01
NonOverlappingTemplate,chaotic,8,1000000,component=16,0,fail,0/10,0.01
NonOverlappingTemplate,chaotic,8,1000000,component=17,0.142051,pass,10/10,0.01
NonOverlappingTemplate,chaotic,8,1000000,component=18,0,fail,0/10,0.01
NonOverlappingTemplate,chaotic,8,1000000,component=19,0.002081,fail,3/10,0.01
NonOverlappingTemplate,chaotic,8,1000000,component=20,0,fail,0/10,0.01
NonOverlappingTemplate,chaotic,8,1000000,component=21,1.1e-05,fail,0/10,0.01
NonOverlappingTemplate,chaotic,8,1000000,component=22,0,fail,0/10,0.01
NonOverlappingTemplate,chaotic,8,1000000,component=23,0,fail,0/10,0.01
NonOverlappingTemplate,chaotic,8,1000000,component=24,0.013926,pass,1/10,0.01
NonOverlappingTemplate,chaotic,8,1000000,component=25,0,fail,0/10,0.01
NonOverlappingTemplate,chaotic,8,1000000,component=26,0.633629,pass,10/10,0.01
NonOverlappingTemplate,chaotic,8,1000000,component=27,0,fail,0/10,0.01
NonOverlappingTemplate,chaotic,8,1000000,component=28,0.075747,pass,10/10,0.01
NonOverlappingTemplate,chaotic,8,1000000,component=29,0.671814,pass,10/10,0.01
NonOverlappingTemplate,chaotic,8,1000000,component=30,0,fail,0/10,0.01
NonOverlappingTemplate,chaotic,8,1000000,component=31,0.000563,fail,3/10,0.01
NonOverlappingTemplate,chaotic,8,1000000,component=32,0,fail,0/10,0.01
NonOverlappingTemplate,chaotic,8,1000000,component=33,0.083308,pass,10/10,0.01
NonOverlappingTemplate,chaotic,8,1000000,component=34,0,fail,0/10,0.01
NonOverlappingTemplate,chaotic,8,1000000,component=35,0,fail,0/10,0.01
NonOverlappingTemplate,chaotic,8,1000000,component=36,0.000103,fail,0/10,0.01
NonOverlappingTemplate,chaotic,8,1000000,component=37,0,fail,0/10,0.01
NonOverlappingTemplate,chaotic,8,1000000,component=38,0,fail,0/10,0.01
NonOverlappingTemplate,chaotic,8,1000000,component=39,1e-06,fail,2/10,0.01
NonOverlappingTemplate,chaotic,8,1000000,component=40,0,fail,0/10,0.01
NonOverlappingTemplate,chaotic,8,1000000,component=41,0,fail,0/10,0.01
NonOverlappingTemplate,chaotic,8,1000000,component=42,0,fail,0/10,0.01
NonOverlappingTemplate,chaotic,8,1000000,component=43,0,fail,0/10,0.01
NonOverlappingTemplate,chaotic,8,1000000,component=44,1.6e-05,fail,0/10,0.01
NonOverlappingTemplate,chaotic,8,1000000,component=45,0,fail,0/10,0.01
NonOverlappingTemplate,chaotic,8,1000000,component=46,0,fail,0/10,0.01
NonOverlappingTemplate,chaotic,8,1000000,component=47,0.00099,fail,1/10,0.01
NonOverlappingTemplate,chaotic,8,1000000,component=48,0,fail,0/10,0.01
NonOverlappingTemplate,chaotic,8,1000000,component=49,0.723275,pass,9/10,0.01
NonOverlappingTemplate,chaotic,8,1000000,component=50,0.103953,pass,10/10,0.01
NonOverlappingTemplate,chaotic,8,1000000,component=51,0.701896,pass,8/10,0.01
NonOverlappingTemplate,chaotic,8,1000000,component=52,0,fail,0/10,0.01
NonOverlappingTemplate,chaotic,8,1000000,component=53,0.501374,pass,10/10,0.01
NonOverlappingTemplate,chaotic,8,1000000,component=54,0.035574,pass,6/10,0.01
NonOverlappingTemplate,chaotic,8,1000000,component=55,0,fail,0/10,0.01
NonOverlappingTemplate,chaotic,8,1000000,component=56,0.175163,pass,6/10,0.01
NonOverlappingTemplate,chaotic,8,1000000,component=57,0,fail,0/10,0.01
NonOverlappingTemplate,chaotic,8,1000000,component=58,0,fail,0/10,0.01
NonOverlappingTemplate,chaotic,8,1000000,component=59,0,fail,0/10,0.01
NonOverlappingTemplate,chaotic,8,1000000,component=60,0,fail,0/10,0.01
NonOverlappingTemplate,chaotic,8,1000000,component=61,0,fail,0/10,0.01
NonOverlappingTemplate,chaotic,8,1000000,component=62,0,fail,0/10,0.01
NonOverlappingTemplate,chaotic,8,1000000,component=63,0,fail,0/10,0.01
NonOverlappingTemplate,chaotic,8,1000000,component=64,0.085438,pass,10/10,0.01
NonOverlappingTemplate,chaotic,8,1000000,component=65,0,fail,0/10,0.01
NonOverlappingTemplate,chaotic,8,1000000,component=66,0,fail,0/10,0.01
NonOverlappingTemplate,chaotic,8,1000000,component=67,0,fail,0/10,0.01
NonOverlappingTemplate,chaotic,8,1000000,component=68,0,fail,0/10,0.01
NonOverlappingTemplate,chaotic,8,1000000,component=69,0,fail,0/10,0.01
NonOverlappingTemplate,chaotic,8,1000000,component=70,0.563532,pass,10/10,0.01
NonOverlappingTemplate,chaotic,8,1000000,component=71,0,fail,0/10,0.01
NonOverlappingTemplate,chaotic,8,1000000,component=72,0,fail,0/10,0.01
NonOverlappingTemplate,chaotic,8,1000000,component=73,4e-06,fail,3/10,0.01
NonOverlappingTemplate,chaotic,8,1000000,component=74,0,fail,0/10,0.01
NonOverlappingTemplate,chaotic,8,1000000,component=75,0,fail,0/10,0.01
NonOverlappingTemplate,chaotic,8,1000000,component=76,0.004431,fail,2/10,0.01
NonOverlappingTemplate,chaotic,8,1000000,component=77,0,fail,0/10,0.01
NonOverlappingTemplate,chaotic,8,1000000,component=78,0,fail,0/10,0.01
NonOverlappingTemplate,chaotic,8,1000000,component=79,0.848818,pass,10/10,0.01
NonOverlappingTemplate,chaotic,8,1000000,component=80,0,fail,0/10,0.01
NonOverlappingTemplate,chaotic,8,1000000,component=81,0,fail,0/10,0.01
NonOverlappingTemplate,chaotic,8,1000000,component=82,0,fail,0/10,0.01
NonOverlappingTemplate,chaotic,8,1000000,component=83,0,fail,0/10,0.01
NonOverlappingTemplate,chaotic,8,1000000,component=84,0,fail,0/10,0.01
NonOverlappingTemplate,chaotic,8,1000000,component=85,0.751695,pass,8/10,0.01
NonOverlappingTemplate,chaotic,8,1000000,component=86,0,fail,0/10,0.01
NonOverlappingTemplate,chaotic,8,1000000,component=87,0,fail,0/10,0.01
NonOverlappingTemplate,chaotic,8,1000000,component=88,0,fail,0/10,0.01
NonOverlappingTemplate,chaotic,8,1000000,component=89,0,fail,0/10,0.01
NonOverlappingTemplate,chaotic,8,1000000,component=90,0,fail,0/10,0.01
NonOverlappingTemplate,chaotic,8,1000000,component=91,0,fail,0/10,0.01
NonOverlappingTemplate,chaotic,8,1000000,component=92,0,fail,0/10,0.01
NonOverlappingTemplate,chaotic,8,1000000,component=93,9.2e-05,fail,8/10,0.01
NonOverlappingTemplate,chaotic,8,1000000,component=94,0,fail,0/10,0.01
NonOverlappingTemplate,chaotic,8,1000000,component=95,0.104501,pass,8/10,0.01
NonOverlappingTemplate,chaotic,8,1000000,component=96,0.167038,pass,10/10,0.01
NonOverlappingTemplate,chaotic,8,1000000,component=97,0,fail,0/10,0.01
NonOverlappingTemplate,chaotic,8,1000000,component=98,0.024094,pass,8/10,0.01
NonOverlappingTemplate,chaotic,8,1000000,component=99,0.05135,pass,9/10,0.01
NonOverlappingTemplate,chaotic,8,1000000,component=100,0.016687,pass,10/10,0.01
NonOverlappingTemplate,chaotic,8,1000000,component=101,0,fail,0/10,0.01
NonOverlappingTemplate,chaotic,8,1000000,component=102,0.004469,fail,1/10,0.01
NonOverlappingTemplate,chaotic,8,1000000,component=103,0,fail,0/10,0.01
NonOverlappingTemplate,chaotic,8,1000000,component=104,0,fail,0/10,0.01
NonOverlappingTemplate,chaotic,8,1000000,component=105,0,fail,0/10,0.01
NonOverlappingTemplate,chaotic,8,1000000,component=106,0,fail,0/10,0.01
NonOverlappingTemplate,chaotic,8,1000000,component=107,0,fail,0/10,0.01
NonOverlappingTemplate,chaotic,8,1000000,component=108,0,fail,0/10,0.01
NonOverlappingTemplate,chaotic,8,1000000,component=109,0,fail,0/10,0.01
NonOverlappingTemplate,chaotic,8,1000000,component=110,5e-06,fail,1/10,0.01
NonOverlappingTemplate,chaotic,8,1000000,component=111,0,fail,0/10,0.01
NonOverlappingTemplate,chaotic,8,1000000,component=112,0,fail,0/10,0.01
NonOverlappingTemplate,chaotic,8,1000000,component=113,0,fail,0/10,0.01
NonOverlappingTemplate,chaotic,8,1000000,component=114,0,fail,0/10,0.01
NonOverlappingTemplate,chaotic,8,1000000,component=115,0,fail,0/10,0.01
NonOverlappingTemplate,chaotic,8,1000000,component=116,0.557389,pass,9/10,0.01
NonOverlappingTemplate,chaotic,8,1000000,component=117,0,fail,0/10,0.01
NonOverlappingTemplate,chaotic,8,1000000,component=118,0.058665,pass,6/10,0.01
NonOverlappingTemplate,chaotic,8,1000000,component=119,0,fail,0/10,0.01
NonOverlappingTemplate,chaotic,8,1000000,component=120,0.236327,pass,9/10,0.01
NonOverlappingTemplate,chaotic,8,1000000,component=121,0.014033,pass,7/10,0.01
NonOverlappingTemplate,chaotic,8,1000000,component=122,0,fail,0/10,0.01
NonOverlappingTemplate,chaotic,8,1000000,component=123,0.823988,pass,10/10,0.01
NonOverlappingTemplate,chaotic,8,1000000,component=124,0,fail,0/10,0.01
NonOverlappingTemplate,chaotic,8,1000000,component=125,0,fail,0/10,0.01
NonOverlappingTemplate,chaotic,8,1000000,component=126,0,fail,0/10,0.01
NonOverlappingTemplate,chaotic,8,1000000,component=127,0,fail,0/10,0.01
NonOverlappingTemplate,chaotic,8,1000000,component=128,0.026276,pass,2/10,0.01
NonOverlappingTemplate,chaotic,8,1000000,component=129,0,fail,0/10,0.01
NonOverlappingTemplate,chaotic,8,1000000,component=130,0.030063,pass,3/10,0.01
NonOverlappingTemplate,chaotic,8,1000000,component=131,0,fail,0/10,0.01
NonOverlappingTemplate,chaotic,8,1000000,component=132,0.854539,pass,9/10,0.01
NonOverlappingTemplate,chaotic,8,1000000,component=133,0,fail,0/10,0.01
NonOverlappingTemplate,chaotic,8,1000000,component=134,0.895875,pass,10/10,0.01
NonOverlappingTemplate,chaotic,8,1000000,component=135,0.022175,pass,2/10,0.01
NonOverlappingTemplate,chaotic,8,1000000,component=136,0.835012,pass,10/10,0.01
NonOverlappingTemplate,chaotic,8,1000000,component=137,0,fail,0/10,0.01
NonOverlappingTemplate,chaotic,8,1000000,component=138,0.933217,pass,10/10,0.01
NonOverlappingTemplate,chaotic,8,1000000,component=139,0,fail,0/10,0.01
NonOverlappingTemplate,chaotic,8,1000000,component=140,2.1e-05,fail,0/10,0.01
NonOverlappingTemplate,chaotic,8,1000000,component=141,0,fail,0/10,0.01
NonOverlappingTemplate,chaotic,8,1000000,component=142,0,fail,0/10,0.01
NonOverlappingTemplate,chaotic,8,1000000,component=143,0,fail,0/10,0.01
NonOverlappingTemplate,chaotic,8,1000000,component=144,0,fail,0/10,0.01
NonOverlappingTemplate,chaotic,8,1000000,component=145,0,fail,0/10,0.01
NonOverlappingTemplate,chaotic,8,1000000,component=146,0,fail,0/10,0.01
NonOverlappingTemplate,chaotic,8,1000000,component=147,0,fail,0/10,0.01
NonOverlappingTemplate,chaotic,8,1000000,component=148,0,fail,0/10,0.01
NonOverlappingTemplate,chaotic,9,1000000,component=1,0,fail,0/10,0.01
NonOverlappingTemplate,chaotic,9,1000000,component=2,0,fail,0/10,0.01
NonOverlappingTemplate,chaotic,9,1000000,component=3,0,fail,0/10,0.01
NonOverlappingTemplate,chaotic,9,1000000,component=4,0,fail,0/10,0.01
NonOverlappingTemplate,chaotic,9,1000000,component=5,0,fail,0/10,0.01
NonOverlappingTemplate,chaotic,9,1000000,component=6,0,fail,0/10,0.01
NonOverlappingTemplate,chaotic,9,1000000,component=7,0,fail,0/10,0.01
NonOverlappingTemplate,chaotic,9,1000000,component=8,0,fail,0/10,0.01
NonOverlappingTemplate,chaotic,9,1000000,component=9,0,fail,0/10,0.01
NonOverlappingTemplate,chaotic,9,1000000,component=10,0,fail,0/10,0.01
NonOverlappingTemplate,chaotic,9,1000000,component=11,0.263829,pass,10/10,0.01
NonOverlappingTemplate,chaotic,9,1000000,component=12,0,fail,0/10,0.01
NonOverlappingTemplate,chaotic,9,1000000,component=13,0.072314,pass,9/10,0.01
NonOverlappingTemplate,chaotic,9,1000000,component=14,0.001752,fail,3/10,0.01
NonOverlappingTemplate,chaotic,9,1000000,component=15,0.457685,pass,9/10,0.01
NonOverlappingTemplate,chaotic,9,1000000,component=16,0,fail,0/10,0.01
NonOverlappingTemplate,chaotic,9,1000000,component=17,0.705768,pass,10/10,0.01
NonOverlappingTemplate,chaotic,9,1000000,component=18,0,fail,0/10,0.01
NonOverlappingTemplate,chaotic,9,1000000,component=19,0.00102,fail,3/10,0.01
NonOverlappingTemplate,chaotic,9,1000000,component=20,0,fail,0/10,0.01
NonOverlappingTemplate,chaotic,9,1000000,component=21,0.000301,fail,0/10,0.01
NonOverlappingTemplate,chaotic,9,1000000,component=22,0,fail,0/10,0.01
NonOverlappingTemplate,chaotic,9,1000000,component=23,0,fail,0/10,0.01
NonOverlappingTemplate,chaotic,9,1000000,component=24,4e-06,fail,1/10,0.01
NonOverlappingTemplate,chaotic,9,1000000,component=25,0,fail,0/10,0.01
NonOverlappingTemplate,chaotic,9,1000000,component=26,0.417458,pass,10/10,0.01
NonOverlappingTemplate,chaotic,9,1000000,component=27,3e-06,fail,0/10,0.01
NonOverlappingTemplate,chaotic,9,1000000,component=28,0.561327,pass,10/10,0.01
NonOverlappingTemplate,chaotic,9,1000000,component=29,0.178124,pass,10/10,0.01
NonOverlappingTemplate,chaotic,9,1000000,component=30,0,fail,0/10,0.01
NonOverlappingTemplate,chaotic,9,1000000,component=31,0.006058,fail,3/10,0.01
NonOverlappingTemplate,chaotic,9,1000000,component=32,0,fail,0/10,0.01
NonOverlappingTemplate,chaotic,9,1000000,component=33,0.652016,pass,10/10,0.01
NonOverlappingTemplate,chaotic,9,1000000,component=34,0,fail,0/10,0.01
NonOverlappingTemplate,chaotic,9,1000000,component=35,0,fail,0/10,0.01
NonOverlappingTemplate,chaotic,9,1000000,component=36,0,fail,0/10,0.01
NonOverlappingTemplate,chaotic,9,1000000,component=37,0,fail,0/10,0.01
NonOverlappingTemplate,chaotic,9,1000000,component=38,0,fail,0/10,0.01
NonOverlappingTemplate,chaotic,9,1000000,component=39,0.010654,pass,2/10,0.01
NonOverlappingTemplate,chaotic,9,1000000,component=40,0,fail,0/10,0.01
NonOverlappingTemplate,chaotic,9,1000000,component=41,0,fail,0/10,0.01
NonOverlappingTemplate,chaotic,9,1000000,component=42,0,fail,0/10,0.01
NonOverlappingTemplate,chaotic,9,1000000,component=43,0,fail,0/10,0.01
NonOverlappingTemplate,chaotic,9,1000000,component=44,0,fail,0/10,0.01
NonOverlappingTemplate,chaotic,9,1000000,component=45,0,fail,0/10,0.01
NonOverlappingTemplate,chaotic,9,1000000,component=46,0,fail,0/10,0.01
NonOverlappingTemplate,chaotic,9,1000000,component=47,9e-06,fail,1/10,0.01
NonOverlappingTemplate,chaotic,9,1000000,component=48,0,fail,0/10,0.01
NonOverlappingTemplate,chaotic,9,1000000,component=49,0.034444,pass,9/10,0.01
NonOverlappingTemplate,chaotic,9,1000000,component=50,0.090748,pass,10/10,0.01
NonOverlappingTemplate,chaotic,9,1000000,component=51,0.014804,pass,8/10,0.01
NonOverlappingTemplate,chaotic,9,1000000,component=52,0,fail,0/10,0.01
NonOverlappingTemplate,chaotic,9,1000000,component=53,0.829735,pass,10/10,0.01
NonOverlappingTemplate,chaotic,9,1000000,component=54,0.026354,pass,6/10,0.01
NonOverlappingTemplate,chaotic,9,1000000,component=55,0,fail,0/10,0.01
NonOverlappingTemplate,chaotic,9,1000000,component=56,0.004237,fail,6/10,0.01
NonOverlappingTemplate,chaotic,9,1000000,component=57,0,fail,0/10,0.01
NonOverlappingTemplate,chaotic,9,1000000,component=58,0,fail,0/10,0.01
NonOverlappingTemplate,chaotic,9,1000000,component=59,0,fail,0/10,0.01
NonOverlappingTemplate,chaotic,9,1000000,component=60,0,fail,0/10,0.01
NonOverlappingTemplate,chaotic,9,1000000,component=61,0,fail,0/10,0.01
NonOverlappingTemplate,chaotic,9,1000000,component=62,0,fail,0/10,0.01
NonOverlappingTemplate,chaotic,9,1000000,component=63,0,fail,0/10,0.01
NonOverlappingTemplate,chaotic,9,1000000,component=64,0.85425,pass,10/10,0.01
NonOverlappingTemplate,chaotic,9,1000000,component=65,0,fail,0/10,0.01
NonOverlappingTemplate,chaotic,9,1000000,component=66,0,fail,0/10,0.01
NonOverlappingTemplate,chaotic,9,1000000,component=67,0,fail,0/10,0.01
NonOverlappingTemplate,chaotic,9,1000000,component=68,0,fail,0/10,0.01
NonOverlappingTemplate,chaotic,9,1000000,component=69,1.2e-05,fail,0/10,0.01
NonOverlappingTemplate,chaotic,9,1000000,component=70,0.398673,pass,10/10,0.01
NonOverlappingTemplate,chaotic,9,1000000,component=71,0,fail,0/10,0.01
NonOverlappingTemplate,chaotic,9,1000000,component=72,0,fail,0/10,0.01
NonOverlappingTemplate,chaotic,9,1000000,component=73,0.004546,fail,3/10,0.01
NonOverlappingTemplate,chaotic,9,1000000,component=74,0,fail,0/10,0.01
NonOverlappingTemplate,chaotic,9,1000000,component=75,0,fail,0/10,0.01
NonOverlappingTemplate,chaotic,9,1000000,component=76,0.125108,pass,2/10,0.01
NonOverlappingTemplate,chaotic,9,1000000,component=77,0,fail,0/10,0.01
NonOverlappingTemplate,chaotic,9,1000000,component=78,0,fail,0/10,0.01
NonOverlappingTemplate,chaotic,9,1000000,component=79,0.128934,pass,10/10,0.01
NonOverlappingTemplate,chaotic,9,1000000,component=80,0,fail,0/10,0.01
NonOverlappingTemplate,chaotic,9,1000000,component=81,0,fail,0/10,0.01
NonOverlappingTemplate,chaotic,9,1000000,component=82,0,fail,0/10,0.01
NonOverlappingTemplate,chaotic,9,1000000,component=83,0,fail,0/10,0.01
NonOverlappingTemplate,chaotic,9,1000000,component=84,0,fail,0/10,0.01
NonOverlappingTemplate,chaotic,9,1000000,component=85,0.410203,pass,8/10,0.01
NonOverlappingTemplate,chaotic,9,1000000,component=86,0,fail,0/10,0.01
NonOverlappingTemplate,chaotic,9,1000000,component=87,0,fail,0/10,0.01
NonOverlappingTemplate,chaotic,9,1000000,component=88,0,fail,0/10,0.01
NonOverlappingTemplate,chaotic,9,1000000,component=89,0,fail,0/10,0.01
NonOverlappingTemplate,chaotic,9,1000000,component=90,0,fail,0/10,0.01
NonOverlappingTemplate,chaotic,9,1000000,component=91,0,fail,0/10,0.01
NonOverlappingTemplate,chaotic,9,1000000,component=92,0,fail,0/10,0.01
NonOverlappingTemplate,chaotic,9,1000000,component=93,0.048477,pass,8/10,0.01
NonOverlappingTemplate,chaotic,9,1000000,component=94,0,fail,0/10,0.01
NonOverlappingTemplate,chaotic,9,1000000,component=95,0.019715,pass,8/10,0.01
NonOverlappingTemplate,chaotic,9,1000000,component=96,0.413519,pass,10/10,0.01
NonOverlappingTemplate,chaotic,9,1000000,component=97,0,fail,0/10,0.01
NonOverlappingTemplate,chaotic,9,1000000,component=98,0.000104,fail,8/10,0.01
NonOverlappingTemplate,chaotic,9,1000000,component=99,0.1365,pass,9/10,0.01
NonOverlappingTemplate,chaotic,9,1000000,component=100,0.010381,pass,10/10,0.01
NonOverlappingTemplate,chaotic,9,1000000,component=101,0,fail,0/10,0.01
NonOverlappingTemplate,chaotic,9,1000000,component=102,0.00244,fail,1/10,0.01
NonOverlappingTemplate,chaotic,9,1000000,component=103,0,fail,0/10,0.01
NonOverlappingTemplate,chaotic,9,1000000,component=104,0,fail,0/10,0.01
NonOverlappingTemplate,chaotic,9,1000000,component=105,0.00101,fail,0/10,0.01
NonOverlappingTemplate,chaotic,9,1000000,component=106,0,fail,0/10,0.01
NonOverlappingTemplate,chaotic,9,1000000,component=107,0,fail,0/10,0.01
NonOverlappingTemplate,chaotic,9,1000000,component=108,0,fail,0/10,0.01
NonOverlappingTemplate,chaotic,9,1000000,component=109,0,fail,0/10,0.01
NonOverlappingTemplate,chaotic,9,1000000,component=110,1.4e-05,fail,1/10,0.01
NonOverlappingTemplate,chaotic,9,1000000,component=111,0,fail,0/10,0.01
NonOverlappingTemplate,chaotic,9,1000000,component=112,0,fail,0/10,0.01
NonOverlappingTemplate,chaotic,9,1000000,component=113,0,fail,0/10,0.01
NonOverlappingTemplate,chaotic,9,1000000,component=114,0,fail,0/10,0.01
NonOverlappingTemplate,chaotic,9,1000000,component=115,0,fail,0/10,0.01
NonOverlappingTemplate,chaotic,9,1000000,component=116,0.183225,pass,9/10,0.01
NonOverlappingTemplate,chaotic,9,1000000,component=117,0,fail,0/10,0.01
NonOverlappingTemplate,chaotic,9,1000000,component=118,0.011825,pass,6/10,0.01
NonOverlappingTemplate,chaotic,9,1000000,component=119,0,fail,0/10,0.01
NonOverlappingTemplate,chaotic,9,1000000,component=120,0.258609,pass,9/10,0.01
NonOverlappingTemplate,chaotic,9,1000000,component=121,0.00017,fail,7/10,0.01
NonOverlappingTemplate,chaotic,9,1000000,component=122,0,fail,0/10,0.01
NonOverlappingTemplate,chaotic,9,1000000,component=123,0.088649,pass,10/10,0.01
NonOverlappingTemplate,chaotic,9,1000000,component=124,0,fail,0/10,0.01
NonOverlappingTemplate,chaotic,9,1000000,component=125,1.7e-05,fail,0/10,0.01
NonOverlappingTemplate,chaotic,9,1000000,component=126,0,fail,0/10,0.01
NonOverlappingTemplate,chaotic,9,1000000,component=127,0,fail,0/10,0.01
NonOverlappingTemplate,chaotic,9,1000000,component=128,0.000548,fail,2/10,0.01
NonOverlappingTemplate,chaotic,9,1000000,component=129,0,fail,0/10,0.01
NonOverlappingTemplate,chaotic,9,1000000,component=130,0,fail,3/10,0.01
NonOverlappingTemplate,chaotic,9,1000000,component=131,0,fail,0/10,0.01
NonOverlappingTemplate,chaotic,9,1000000,component=132,0.294007,pass,9/10,0.01
NonOverlappingTemplate,chaotic,9,1000000,component=133,0,fail,0/10,0.01
NonOverlappingTemplate,chaotic,9,1000000,component=134,0.768743,pass,10/10,0.01
NonOverlappingTemplate,chaotic,9,1000000,component=135,0,fail,2/10,0.01
NonOverlappingTemplate,chaotic,9,1000000,component=136,0.551843,pass,10/10,0.01
NonOverlappingTemplate,chaotic,9,1000000,component=137,0,fail,0/10,0.01
NonOverlappingTemplate,chaotic,9,1000000,component=138,0.455451,pass,10/10,0.01
NonOverlappingTemplate,chaotic,9,1000000,component=139,0,fail,0/10,0.01
NonOverlappingTemplate,chaotic,9,1000000,component=140,5.4e-05,fail,0/10,0.01
NonOverlappingTemplate,chaotic,9,1000000,component=141,0,fail,0/10,0.01
NonOverlappingTemplate,chaotic,9,1000000,component=142,0,fail,0/10,0.01
NonOverlappingTemplate,chaotic,9,1000000,component=143,0,fail,0/10,0.01
NonOverlappingTemplate,chaotic,9,1000000,component=144,0,fail,0/10,0.01
NonOverlappingTemplate,chaotic,9,1000000,component=145,0,fail,0/10,0.01
NonOverlappingTemplate,chaotic,9,1000000,component=146,0,fail,0/10,0.01
NonOverlappingTemplate,chaotic,9,1000000,component=147,0,fail,0/10,0.01
NonOverlappingTemplate,chaotic,9,1000000,component=148,0,fail,0/10,0.01
NonOverlappingTemplate,chaotic,10,1000000,component=1,0,fail,0/10,0.01
NonOverlappingTemplate,chaotic,10,1000000,component=2,0,fail,0/10,0.01
NonOverlappingTemplate,chaotic,10,1000000,component=3,0,fail,0/10,0.01
NonOverlappingTemplate,chaotic,10,1000000,component=4,0,fail,0/10,0.01
NonOverlappingTemplate,chaotic,10,1000000,component=5,0,fail,0/10,0.01
NonOverlappingTemplate,chaotic,10,1000000,component=6,0,fail,0/10,0.01
NonOverlappingTemplate,chaotic,10,1000000,component=7,0,fail,0/10,0.01
NonOverlappingTemplate,chaotic,10,1000000,component=8,0,fail,0/10,0.01
NonOverlappingTemplate,chaotic,10,1000000,component=9,1e-06,fail,0/10,0.01
NonOverlappingTemplate,chaotic,10,1000000,component=10,0,fail,0/10,0.01
NonOverlappingTemplate,chaotic,10,1000000,component=11,0.30187,pass,10/10,0.01
NonOverlappingTemplate,chaotic,10,1000000,component=12,0,fail,0/10,0.01
NonOverlappingTemplate,chaotic,10,1000000,component=13,0.633273,pass,9/10,0.01
NonOverlappingTemplate,chaotic,10,1000000,component=14,0.101451,pass,3/10,0.01
NonOverlappingTemplate,chaotic,10,1000000,component=15,0.484154,pass,9/10,0.01
NonOverlappingTemplate,chaotic,10,1000000,component=16,0,fail,0/10,0.01
NonOverlappingTemplate,chaotic,10,1000000,component=17,0.039813,pass,10/10,0.01
NonOverlappingTemplate,chaotic,10,1000000,component=18,0,fail,0/10,0.01
NonOverlappingTemplate,chaotic,10,1000000,component=19,0.178016,pass,3/10,0.01
NonOverlappingTemplate,chaotic,10,1000000,component=20,0,fail,0/10,0.01
NonOverlappingTemplate,chaotic,10,1000000,component=21,3.4e-05,fail,0/10,0.01
NonOverlappingTemplate,chaotic,10,1000000,component=22,0,fail,0/10,0.01
NonOverlappingTemplate,chaotic,10,1000000,component=23,0,fail,0/10,0.01
NonOverlappingTemplate,chaotic,10,1000000,component=24,0.003435,fail,1/10,0.01
NonOverlappingTemplate,chaotic,10,1000000,component=25,0,fail,0/10,0.01
NonOverlappingTemplate,chaotic,10,1000000,component=26,0.823575,pass,10/10,0.01
NonOverlappingTemplate,chaotic,10,1000000,component=27,0,fail,0/10,0.01
NonOverlappingTemplate,chaotic,10,1000000,component=28,0.087147,pass,10/10,0.01
NonOverlappingTemplate,chaotic,10,1000000,component=29,0.668024,pass,10/10,0.01
NonOverlappingTemplate,chaotic,10,1000000,component=30,0,fail,0/10,0.01
NonOverlappingTemplate,chaotic,10,1000000,component=31,1.8e-05,fail,3/10,0.01
NonOverlappingTemplate,chaotic,10,1000000,component=32,0,fail,0/10,0.01
NonOverlappingTemplate,chaotic,10,1000000,component=33,0.088412,pass,10/10,0.01
NonOverlappingTemplate,chaotic,10,1000000,component=34,0,fail,0/10,0.01
NonOverlappingTemplate,chaotic,10,1000000,component=35,0,fail,0/10,0.01
NonOverlappingTemplate,chaotic,10,1000000,component=36,0,fail,0/10,0.01
NonOverlappingTemplate,chaotic,10,1000000,component=37,0,fail,0/10,0.01
NonOverlappingTemplate,chaotic,10,1000000,component=38,0,fail,0/10,0.01
NonOverlappingTemplate,chaotic,10,1000000,component=39,0.13452,pass,2/10,0.01
NonOverlappingTemplate,chaotic,10,1000000,component=40,0,fail,0/10,0.01
NonOverlappingTemplate,chaotic,10,1000000,component=41,0,fail,0/10,0.01
NonOverlappingTemplate,chaotic,10,1000000,component=42,0,fail,0/10,0.01
NonOverlappingTemplate,chaotic,10,1000000,component=43,0,fail,0/10,0.01
NonOverlappingTemplate,chaotic,10,1000000,component=44,1e-06,fail,0/10,0.01
NonOverlappingTemplate,chaotic,10,1000000,component=45,0,fail,0/10,0.01
NonOverlappingTemplate,chaotic,10,1000000,component=46,0,fail,0/10,0.01
NonOverlappingTemplate,chaotic,10,1000000,component=47,0.022092,pass,1/10,0.01
NonOverlappingTemplate,chaotic,10,1000000,component=48,0,fail,0/10,0.01
NonOverlappingTemplate,chaotic,10,1000000,component=49,0.004592,fail,9/10,0.01
NonOverlappingTemplate,chaotic,10,1000000,component=50,0.019074,pass,10/10,0.01
NonOverlappingTemplate,chaotic,10,1000000,component=51,0.000476,fail,8/10,0.01
NonOverlappingTemplate,chaotic,10,1000000,component=52,0,fail,0/10,0.01
NonOverlappingTemplate,chaotic,10,1000000,component=53,0.048152,pass,10/10,0.01
NonOverlappingTemplate,chaotic,10,1000000,component=54,0.004674,fail,6/10,0.01
NonOverlappingTemplate,chaotic,10,1000000,component=55,0,fail,0/10,0.01
NonOverlappingTemplate,chaotic,10,1000000,component=56,0.001041,fail,6/10,0.01
NonOverlappingTemplate,chaotic,10,1000000,component=57,0,fail,0/10,0.01
NonOverlappingTemplate,chaotic,10,1000000,component=58,0,fail,0/10,0.01
NonOverlappingTemplate,chaotic,10,1000000,component=59,0,fail,0/10,0.01
NonOverlappingTemplate,chaotic,10,1000000,component=60,0,fail,0/10,0.01
NonOverlappingTemplate,chaotic,10,1000000,component=61,0,fail,0/10,0.01
NonOverlappingTemplate,chaotic,10,1000000,component=62,0,fail,0/10,0.01
NonOverlappingTemplate,chaotic,10,1000000,component=63,0,fail,0/10,0.01
NonOverlappingTemplate,chaotic,10,1000000,component=64,0.116762,pass,10/10,0.01
NonOverlappingTemplate,chaotic,10,1000000,component=65,0,fail,0/10,0.01
NonOverlappingTemplate,chaotic,10,1000000,component=66,0,fail,0/10,0.01
NonOverlappingTemplate,chaotic,10,1000000,component=67,0,fail,0/10,0.01
NonOverlappingTemplate,chaotic,10,1000000,component=68,0,fail,0/10,0.01
NonOverlappingTemplate,chaotic,10,1000000,component=69,8.7e-05,fail,0/10,0.01
NonOverlappingTemplate,chaotic,10,1000000,component=70,0.772319,pass,10/10,0.01
NonOverlappingTemplate,chaotic,10,1000000,component=71,0,fail,0/10,0.01
NonOverlappingTemplate,chaotic,10,1000000,component=72,0,fail,0/10,0.01
NonOverlappingTemplate,chaotic,10,1000000,component=73,0.352105,pass,3/10,0.01
NonOverlappingTemplate,chaotic,10,1000000,component=74,0,fail,0/10,0.01
NonOverlappingTemplate,chaotic,10,1000000,component=75,0,fail,0/10,0.01
NonOverlappingTemplate,chaotic,10,1000000,component=76,0.033628,pass,2/10,0.01
NonOverlappingTemplate,chaotic,10,1000000,component=77,0,fail,0/10,0.01
NonOverlappingTemplate,chaotic,10,1000000,component=78,0,fail,0/10,0.01
NonOverlappingTemplate,chaotic,10,1000000,component=79,0.773433,pass,10/10,0.01
NonOverlappingTemplate,chaotic,10,1000000,component=80,0,fail,0/10,0.01
NonOverlappingTemplate,chaotic,10,1000000,component=81,0,fail,0/10,0.01
NonOverlappingTemplate,chaotic,10,1000000,component=82,0,fail,0/10,0.01
NonOverlappingTemplate,chaotic,10,1000000,component=83,0,fail,0/10,0.01
NonOverlappingTemplate,chaotic,10,1000000,component=84,0,fail,0/10,0.01
NonOverlappingTemplate,chaotic,10,1000000,component=85,0.522131,pass,8/10,0.01
NonOverlappingTemplate,chaotic,10,1000000,component=86,0,fail,0/10,0.01
NonOverlappingTemplate,chaotic,10,1000000,component=87,0,fail,0/10,0.01
NonOverlappingTemplate,chaotic,10,1000000,component=88,0,fail,0/10,0.01
NonOverlappingTemplate,chaotic,10,1000000,component=89,0,fail,0/10,0.01
NonOverlappingTemplate,chaotic,10,1000000,component=90,0,fail,0/10,0.01
NonOverlappingTemplate,chaotic,10,1000000,component=91,0,fail,0/10,0.01
NonOverlappingTemplate,chaotic,10,1000000,component=92,0,fail,0/10,0.01
NonOverlappingTemplate,chaotic,10,1000000,component=93,1.4e-05,fail,8/10,0.01
NonOverlappingTemplate,chaotic,10,1000000,component=94,0,fail,0/10,0.01
NonOverlappingTemplate,chaotic,10,1000000,component=95,0.019436,pass,8/10,0.01
NonOverlappingTemplate,chaotic,10,1000000,component=96,0.189698,pass,10/10,0.01
NonOverlappingTemplate,chaotic,10,1000000,component=97,0,fail,0/10,0.01
NonOverlappingTemplate,chaotic,10,1000000,component=98,0.183947,pass,8/10,0.01
NonOverlappingTemplate,chaotic,10,1000000,component=99,0.009008,fail,9/10,0.01
NonOverlappingTemplate,chaotic,10,1000000,component=100,0.041046,pass,10/10,0.01
NonOverlappingTemplate,chaotic,10,1000000,component=101,0,fail,0/10,0.01
NonOverlappingTemplate,chaotic,10,1000000,component=102,2.2e-05,fail,1/10,0.01
NonOverlappingTemplate,chaotic,10,1000000,component=103,0,fail,0/10,0.01
NonOverlappingTemplate,chaotic,10,1000000,component=104,0,fail,0/10,0.01
NonOverlappingTemplate,chaotic,10,1000000,component=105,0.000561,fail,0/10,0.01
NonOverlappingTemplate,chaotic,10,1000000,component=106,0,fail,0/10,0.01
NonOverlappingTemplate,chaotic,10,1000000,component=107,0,fail,0/10,0.01
NonOverlappingTemplate,chaotic,10,1000000,component=108,0,fail,0/10,0.01
NonOverlappingTemplate,chaotic,10,1000000,component=109,0,fail,0/10,0.01
NonOverlappingTemplate,chaotic,10,1000000,component=110,0.000302,fail,1/10,0.01
NonOverlappingTemplate,chaotic,10,1000000,component=111,0,fail,0/10,0.01
NonOverlappingTemplate,chaotic,10,1000000,component=112,0,fail,0/10,0.01
NonOverlappingTemplate,chaotic,10,1000000,component=113,0.000168,fail,0/10,0.01
NonOverlappingTemplate,chaotic,10,1000000,component=114,0,fail,0/10,0.01
NonOverlappingTemplate,chaotic,10,1000000,component=115,0,fail,0/10,0.01
NonOverlappingTemplate,chaotic,10,1000000,component=116,0.642881,pass,9/10,0.01
NonOverlappingTemplate,chaotic,10,1000000,component=117,0,fail,0/10,0.01
NonOverlappingTemplate,chaotic,10,1000000,component=118,0.008147,fail,6/10,0.01
NonOverlappingTemplate,chaotic,10,1000000,component=119,0,fail,0/10,0.01
NonOverlappingTemplate,chaotic,10,1000000,component=120,0.768743,pass,9/10,0.01
NonOverlappingTemplate,chaotic,10,1000000,component=121,0.027546,pass,7/10,0.01
NonOverlappingTemplate,chaotic,10,1000000,component=122,0,fail,0/10,0.01
NonOverlappingTemplate,chaotic,10,1000000,component=123,0.117826,pass,10/10,0.01
NonOverlappingTemplate,chaotic,10,1000000,component=124,0,fail,0/10,0.01
NonOverlappingTemplate,chaotic,10,1000000,component=125,1e-06,fail,0/10,0.01
NonOverlappingTemplate,chaotic,10,1000000,component=126,0,fail,0/10,0.01
NonOverlappingTemplate,chaotic,10,1000000,component=127,0,fail,0/10,0.01
NonOverlappingTemplate,chaotic,10,1000000,component=128,2.8e-05,fail,2/10,0.01
NonOverlappingTemplate,chaotic,10,1000000,component=129,0,fail,0/10,0.01
NonOverlappingTemplate,chaotic,10,1000000,component=130,0.819322,pass,3/10,0.01
NonOverlappingTemplate,chaotic,10,1000000,component=131,1e-06,fail,0/10,0.01
NonOverlappingTemplate,chaotic,10,1000000,component=132,0.106126,pass,9/10,0.01
NonOverlappingTemplate,chaotic,10,1000000,component=133,0,fail,0/10,0.01
NonOverlappingTemplate,chaotic,10,1000000,component=134,0.224255,pass,10/10,0.01
NonOverlappingTemplate,chaotic,10,1000000,component=135,2.4e-05,fail,2/10,0.01
NonOverlappingTemplate,chaotic,10,1000000,component=136,0.076031,pass,10/10,0.01
NonOverlappingTemplate,chaotic,10,1000000,component=137,0,fail,0/10,0.01
NonOverlappingTemplate,chaotic,10,1000000,component=138,0.972446,pass,10/10,0.01
NonOverlappingTemplate,chaotic,10,1000000,component=139,0,fail,0/10,0.01
NonOverlappingTemplate,chaotic,10,1000000,component=140,0,fail,0/10,0.01
NonOverlappingTemplate,chaotic,10,1000000,component=141,0,fail,0/10,0.01
NonOverlappingTemplate,chaotic,10,1000000,component=142,0,fail,0/10,0.01
NonOverlappingTemplate,chaotic,10,1000000,component=143,0,fail,0/10,0.01
NonOverlappingTemplate,chaotic,10,1000000,component=144,0,fail,0/10,0.01
NonOverlappingTemplate,chaotic,10,1000000,component=145,0,fail,0/10,0.01
NonOverlappingTemplate,chaotic,10,1000000,component=146,0,fail,0/10,0.01
NonOverlappingTemplate,chaotic,10,1000000,component=147,0,fail,0/10,0.01
NonOverlappingTemplate,chaotic,10,1000000,component=148,0,fail,0/10,0.01
OverlappingTemplate,chaotic,1,1000000,component=1,0,fail,0/10,0.01
OverlappingTemplate,chaotic,2,1000000,component=1,0,fail,0/10,0.01
OverlappingTemplate,chaotic,3,1000000,component=1,0,fail,0/10,0.01
OverlappingTemplate,chaotic,4,1000000,component=1,0,fail,0/10,0.01
OverlappingTemplate,chaotic,5,1000000,component=1,0,fail,0/10,0.01
OverlappingTemplate,chaotic,6,1000000,component=1,0,fail,0/10,0.01
OverlappingTemplate,chaotic,7,1000000,component=1,0,fail,0/10,0.01
OverlappingTemplate,chaotic,8,1000000,component=1,0,fail,0/10,0.01
OverlappingTemplate,chaotic,9,1000000,component=1,0,fail,0/10,0.01
OverlappingTemplate,chaotic,10,1000000,component=1,0,fail,0/10,0.01
Universal,chaotic,1,1000000,component=1,0,fail,0/10,0.01
Universal,chaotic,2,1000000,component=1,0,fail,0/10,0.01
Universal,chaotic,3,1000000,component=1,0,fail,0/10,0.01
Universal,chaotic,4,1000000,component=1,0,fail,0/10,0.01
Universal,chaotic,5,1000000,component=1,0,fail,0/10,0.01
Universal,chaotic,6,1000000,component=1,0,fail,0/10,0.01
Universal,chaotic,7,1000000,component=1,0,fail,0/10,0.01
Universal,chaotic,8,1000000,component=1,0,fail,0/10,0.01
Universal,chaotic,9,1000000,component=1,0,fail,0/10,0.01
Universal,chaotic,10,1000000,component=1,0,fail,0/10,0.01
ApproximateEntropy,chaotic,1,1000000,component=1,0,fail,0/10,0.01
ApproximateEntropy,chaotic,2,1000000,component=1,0,fail,0/10,0.01
ApproximateEntropy,chaotic,3,1000000,component=1,0,fail,0/10,0.01
ApproximateEntropy,chaotic,4,1000000,component=1,0,fail,0/10,0.01
ApproximateEntropy,chaotic,5,1000000,component=1,0,fail,0/10,0.01
ApproximateEntropy,chaotic,6,1000000,component=1,0,fail,0/10,0.01
ApproximateEntropy,chaotic,7,1000000,component=1,0,fail,0/10,0.01
ApproximateEntropy,chaotic,8,1000000,component=1,0,fail,0/10,0.01
ApproximateEntropy,chaotic,9,1000000,component=1,0,fail,0/10,0.01
ApproximateEntropy,chaotic,10,1000000,component=1,0,fail,0/10,0.01
RandomExcursions,chaotic,1,1000000,state=-4,0.000031,fail,1/4,0.01
RandomExcursions,chaotic,1,1000000,state=-3,0.000415,fail,1/2,0.01
RandomExcursions,chaotic,1,1000000,state=-2,0.003409,fail,1/4,0.01
RandomExcursions,chaotic,1,1000000,state=-1,0.014169,pass,3/5,0.01
RandomExcursions,chaotic,1,1000000,state=1,0.000028,fail,1/6,0.01
RandomExcursions,chaotic,1,1000000,state=2,0.000108,fail,0/6,0.01
RandomExcursions,chaotic,1,1000000,state=3,0.000000,fail,0/4,0.01
RandomExcursions,chaotic,1,1000000,state=4,0.000000,fail,0/1,0.01
RandomExcursions,chaotic,2,1000000,state=-4,0.000000,fail,1/4,0.01
RandomExcursions,chaotic,2,1000000,state=-3,0.000000,fail,1/2,0.01
RandomExcursions,chaotic,2,1000000,state=-2,0.000000,fail,1/4,0.01
RandomExcursions,chaotic,2,1000000,state=-1,0.000021,fail,3/5,0.01
RandomExcursions,chaotic,2,1000000,state=1,0.000135,fail,1/6,0.01
RandomExcursions,chaotic,2,1000000,state=2,0.000027,fail,0/6,0.01
RandomExcursions,chaotic,2,1000000,state=3,0.000010,fail,0/4,0.01
RandomExcursions,chaotic,2,1000000,state=4,0.000000,fail,0/1,0.01
RandomExcursions,chaotic,3,1000000,state=-4,0.030574,pass,1/4,0.01
RandomExcursions,chaotic,3,1000000,state=-3,0.028620,pass,1/2,0.01
RandomExcursions,chaotic,3,1000000,state=-2,0.028855,pass,1/4,0.01
RandomExcursions,chaotic,3,1000000,state=-1,0.030285,pass,3/5,0.01
RandomExcursions,chaotic,3,1000000,state=1,0.000118,fail,1/6,0.01
RandomExcursions,chaotic,3,1000000,state=2,0.000001,fail,0/6,0.01
RandomExcursions,chaotic,3,1000000,state=3,0.000000,fail,0/4,0.01
RandomExcursions,chaotic,3,1000000,state=4,0.000000,fail,0/1,0.01
RandomExcursions,chaotic,4,1000000,state=-4,,not-applicable,,0.01
RandomExcursions,chaotic,4,1000000,state=-3,,not-applicable,,0.01
RandomExcursions,chaotic,4,1000000,state=-2,,not-applicable,,0.01
RandomExcursions,chaotic,4,1000000,state=-1,,not-applicable,,0.01
RandomExcursions,chaotic,4,1000000,state=1,,not-applicable,,0.01
RandomExcursions,chaotic,4,1000000,state=2,,not-applicable,,0.01
RandomExcursions,chaotic,4,1000000,state=3,,not-applicable,,0.01
RandomExcursions,chaotic,4,1000000,state=4,,not-applicable,,0.01
RandomExcursions,chaotic,5,1000000,state=-4,0.000001,fail,1/4,0.01
RandomExcursions,chaotic,5,1000000,state=-3,0.000000,fail,1/2,0.01
RandomExcursions,chaotic,5,1000000,state=-2,0.007333,fail,1/4,0.01
RandomExcursions,chaotic,5,1000000,state=-1,0.010087,pass,3/5,0.01
RandomExcursions,chaotic,5,1000000,state=1,0.035159,pass,1/6,0.01
RandomExcursions,chaotic,5,1000000,state=2,0.000479,fail,0/6,0.01
RandomExcursions,chaotic,5,1000000,state=3,0.000015,fail,0/4,0.01
RandomExcursions,chaotic,5,1000000,state=4,0.000000,fail,0/1,0.01
RandomExcursions,chaotic,6,1000000,state=-4,0.002027,fail,1/4,0.01
RandomExcursions,chaotic,6,1000000,state=-3,0.000000,fail,1/2,0.01
RandomExcursions,chaotic,6,1000000,state=-2,0.000479,fail,1/4,0.01
RandomExcursions,chaotic,6,1000000,state=-1,0.004157,fail,3/5,0.01
RandomExcursions,chaotic,6,1000000,state=1,0.001005,fail,1/6,0.01
RandomExcursions,chaotic,6,1000000,state=2,0.000001,fail,0/6,0.01
RandomExcursions,chaotic,6,1000000,state=3,0.000002,fail,0/4,0.01
RandomExcursions,chaotic,6,1000000,state=4,0.000000,fail,0/1,0.01
RandomExcursions,chaotic,7,1000000,state=-4,,not-applicable,,0.01
RandomExcursions,chaotic,7,1000000,state=-3,,not-applicable,,0.01
RandomExcursions,chaotic,7,1000000,state=-2,,not-applicable,,0.01
RandomExcursions,chaotic,7,1000000,state=-1,,not-applicable,,0.01
RandomExcursions,chaotic,7,1000000,state=1,,not-applicable,,0.01
RandomExcursions,chaotic,7,1000000,state=2,,not-applicable,,0.01
RandomExcursions,chaotic,7,1000000,state=3,,not-applicable,,0.01
RandomExcursions,chaotic,7,1000000,state=4,,not-applicable,,0.01
RandomExcursions,chaotic,8,1000000,state=-4,0.000000,fail,1/4,0.01
RandomExcursions,chaotic,8,1000000,state=-3,0.000000,fail,1/2,0.01
RandomExcursions,chaotic,8,1000000,state=-2,0.000000,fail,1/4,0.01
RandomExcursions,chaotic,8,1000000,state=-1,0.000000,fail,3/5,0.01
RandomExcursions,chaotic,8,1000000,state=1,0.000085,fail,1/6,0.01
RandomExcursions,chaotic,8,1000000,state=2,0.000010,fail,0/6,0.01
RandomExcursions,chaotic,8,1000000,state=3,0.001328,fail,0/4,0.01
RandomExcursions,chaotic,8,1000000,state=4,0.002278,fail,0/1,0.01
RandomExcursions,chaotic,9,1000000,state=-4,,not-applicable,,0.01
RandomExcursions,chaotic,9,1000000,state=-3,,not-applicable,,0.01
RandomExcursions,chaotic,9,1000000,state=-2,,not-applicable,,0.01
RandomExcursions,chaotic,9,1000000,state=-1,,not-applicable,,0.01
RandomExcursions,chaotic,9,1000000,state=1,,not-applicable,,0.01
RandomExcursions,chaotic,9,1000000,state=2,,not-applicable,,0.01
RandomExcursions,chaotic,9,1000000,state=3,,not-applicable,,0.01
RandomExcursions,chaotic,9,1000000,state=4,,not-applicable,,0.01
RandomExcursions,chaotic,10,1000000,state=-4,,not-applicable,,0.01
RandomExcursions,chaotic,10,1000000,state=-3,,not-applicable,,0.01
RandomExcursions,chaotic,10,1000000,state=-2,,not-applicable,,0.01
RandomExcursions,chaotic,10,1000000,state=-1,,not-applicable,,0.01
RandomExcursions,chaotic,10,1000000,state=1,,not-applicable,,0.01
RandomExcursions,chaotic,10,1000000,state=2,,not-applicable,,0.01
RandomExcursions,chaotic,10,1000000,state=3,,not-applicable,,0.01
RandomExcursions,chaotic,10,1000000,state=4,,not-applicable,,0.01
RandomExcursionsVariant,chaotic,1,1000000,state=-9,0.556082,pass,6/6,0.01
RandomExcursionsVariant,chaotic,1,1000000,state=-8,0.429887,pass,6/6,0.01
RandomExcursionsVariant,chaotic,1,1000000,state=-7,0.464519,pass,6/6,0.01
RandomExcursionsVariant,chaotic,1,1000000,state=-6,0.612407,pass,6/6,0.01
RandomExcursionsVariant,chaotic,1,1000000,state=-5,0.708845,pass,6/6,0.01
RandomExcursionsVariant,chaotic,1,1000000,state=-4,0.818601,pass,6/6,0.01
RandomExcursionsVariant,chaotic,1,1000000,state=-3,0.691656,pass,6/6,0.01
RandomExcursionsVariant,chaotic,1,1000000,state=-2,0.182222,pass,6/6,0.01
RandomExcursionsVariant,chaotic,1,1000000,state=-1,0.049950,pass,6/6,0.01
RandomExcursionsVariant,chaotic,1,1000000,state=1,0.708845,pass,6/6,0.01
RandomExcursionsVariant,chaotic,1,1000000,state=2,0.978501,pass,6/6,0.01
RandomExcursionsVariant,chaotic,1,1000000,state=3,0.908597,pass,6/6,0.01
RandomExcursionsVariant,chaotic,1,1000000,state=4,0.633839,pass,6/6,0.01
RandomExcursionsVariant,chaotic,1,1000000,state=5,0.396467,pass,6/6,0.01
RandomExcursionsVariant,chaotic,1,1000000,state=6,0.410343,pass,6/6,0.01
RandomExcursionsVariant,chaotic,1,1000000,state=7,0.504965,pass,6/6,0.01
RandomExcursionsVariant,chaotic,1,1000000,state=8,0.484553,pass,6/6,0.01
RandomExcursionsVariant,chaotic,1,1000000,state=9,0.428103,pass,6/6,0.01
RandomExcursionsVariant,chaotic,2,1000000,state=-9,0.240721,pass,6/6,0.01
RandomExcursionsVariant,chaotic,2,1000000,state=-8,0.392129,pass,6/6,0.01
RandomExcursionsVariant,chaotic,2,1000000,state=-7,0.571933,pass,6/6,0.01
RandomExcursionsVariant,chaotic,2,1000000,state=-6,0.421683,pass,6/6,0.01
RandomExcursionsVariant,chaotic,2,1000000,state=-5,0.247257,pass,6/6,0.01
RandomExcursionsVariant,chaotic,2,1000000,state=-4,0.426242,pass,6/6,0.01
RandomExcursionsVariant,chaotic,2,1000000,state=-3,0.464720,pass,6/6,0.01
RandomExcursionsVariant,chaotic,2,1000000,state=-2,0.162603,pass,6/6,0.01
RandomExcursionsVariant,chaotic,2,1000000,state=-1,0.193989,pass,6/6,0.01
RandomExcursionsVariant,chaotic,2,1000000,state=1,0.910846,pass,6/6,0.01
RandomExcursionsVariant,chaotic,2,1000000,state=2,0.948455,pass,6/6,0.01
RandomExcursionsVariant,chaotic,2,1000000,state=3,0.779155,pass,6/6,0.01
RandomExcursionsVariant,chaotic,2,1000000,state=4,0.665976,pass,6/6,0.01
RandomExcursionsVariant,chaotic,2,1000000,state=5,0.670478,pass,6/6,0.01
RandomExcursionsVariant,chaotic,2,1000000,state=6,0.787095,pass,6/6,0.01
RandomExcursionsVariant,chaotic,2,1000000,state=7,0.709399,pass,6/6,0.01
RandomExcursionsVariant,chaotic,2,1000000,state=8,0.639529,pass,6/6,0.01
RandomExcursionsVariant,chaotic,2,1000000,state=9,0.785952,pass,6/6,0.01
RandomExcursionsVariant,chaotic,3,1000000,state=-9,0.181644,pass,6/6,0.01
RandomExcursionsVariant,chaotic,3,1000000,state=-8,0.252479,pass,6/6,0.01
RandomExcursionsVariant,chaotic,3,1000000,state=-7,0.284975,pass,6/6,0.01
RandomExcursionsVariant,chaotic,3,1000000,state=-6,0.303981,pass,6/6,0.01
RandomExcursionsVariant,chaotic,3,1000000,state=-5,0.255780,pass,6/6,0.01
RandomExcursionsVariant,chaotic,3,1000000,state=-4,0.250221,pass,6/6,0.01
RandomExcursionsVariant,chaotic,3,1000000,state=-3,0.291178,pass,6/6,0.01
RandomExcursionsVariant,chaotic,3,1000000,state=-2,0.289201,pass,6/6,0.01
RandomExcursionsVariant,chaotic,3,1000000,state=-1,0.431426,pass,6/6,0.01
RandomExcursionsVariant,chaotic,3,1000000,state=1,0.674776,pass,6/6,0.01
RandomExcursionsVariant,chaotic,3,1000000,state=2,0.585699,pass,6/6,0.01
RandomExcursionsVariant,chaotic,3,1000000,state=3,0.411660,pass,6/6,0.01
RandomExcursionsVariant,chaotic,3,1000000,state=4,0.399489,pass,6/6,0.01
RandomExcursionsVariant,chaotic,3,1000000,state=5,0.436562,pass,6/6,0.01
RandomExcursionsVariant,chaotic,3,1000000,state=6,0.486534,pass,6/6,0.01
RandomExcursionsVariant,chaotic,3,1000000,state=7,0.590410,pass,6/6,0.01
RandomExcursionsVariant,chaotic,3,1000000,state=8,0.560343,pass,6/6,0.01
RandomExcursionsVariant,chaotic,3,1000000,state=9,0.628812,pass,6/6,0.01
RandomExcursionsVariant,chaotic,4,1000000,state=-9,,not-applicable,,0.01
RandomExcursionsVariant,chaotic,4,1000000,state=-8,,not-applicable,,0.01
RandomExcursionsVariant,chaotic,4,1000000,state=-7,,not-applicable,,0.01
RandomExcursionsVariant,chaotic,4,1000000,state=-6,,not-applicable,,0.01
RandomExcursionsVariant,chaotic,4,1000000,state=-5,,not-applicable,,0.01
RandomExcursionsVariant,chaotic,4,1000000,state=-4,,not-applicable,,0.01
RandomExcursionsVariant,chaotic,4,1000000,state=-3,,not-applicable,,0.01
RandomExcursionsVariant,chaotic,4,1000000,state=-2,,not-applicable,,0.01
RandomExcursionsVariant,chaotic,4,1000000,state=-1,,not-applicable,,0.01
RandomExcursionsVariant,chaotic,4,1000000,state=1,,not-applicable,,0.01
RandomExcursionsVariant,chaotic,4,1000000,state=2,,not-applicable,,0.01
RandomExcursionsVariant,chaotic,4,1000000,state=3,,not-applicable,,0.01
RandomExcursionsVariant,chaotic,4,1000000,state=4,,not-applicable,,0.01
RandomExcursionsVariant,chaotic,4,1000000,state=5,,not-applicable,,0.01
RandomExcursionsVariant,chaotic,4,1000000,state=6,,not-applicable,,0.01
RandomExcursionsVariant,chaotic,4,1000000,state=7,,not-applicable,,0.01
RandomExcursionsVariant,chaotic,4,1000000,state=8,,not-applicable,,0.01
RandomExcursionsVariant,chaotic,4,1000000,state=9,,not-applicable,,0.01
RandomExcursionsVariant,chaotic,5,1000000,state=-9,0.537434,pass,6/6,0.01
RandomExcursionsVariant,chaotic,5,1000000,state=-8,0.466257,pass,6/6,0.01
RandomExcursionsVariant,chaotic,5,1000000,state=-7,0.518914,pass,6/6,0.01
RandomExcursionsVariant,chaotic,5,1000000,state=-6,0.379483,pass,6/6,0.01
RandomExcursionsVariant,chaotic,5,1000000,state=-5,0.321062,pass,6/6,0.01
RandomExcursionsVariant,chaotic,5,1000000,state=-4,0.342450,pass,6/6,0.01
RandomExcursionsVariant,chaotic,5,1000000,state=-3,0.249731,pass,6/6,0.01
RandomExcursionsVariant,chaotic,5,1000000,state=-2,0.251885,pass,6/6,0.01
RandomExcursionsVariant,chaotic,5,1000000,state=-1,0.321062,pass,6/6,0.01
RandomExcursionsVariant,chaotic,5,1000000,state=1,0.598091,pass,6/6,0.01
RandomExcursionsVariant,chaotic,5,1000000,state=2,0.886114,pass,6/6,0.01
RandomExcursionsVariant,chaotic,5,1000000,state=3,0.770885,pass,6/6,0.01
RandomExcursionsVariant,chaotic,5,1000000,state=4,0.823782,pass,6/6,0.01
RandomExcursionsVariant,chaotic,5,1000000,state=5,0.733032,pass,6/6,0.01
RandomExcursionsVariant,chaotic,5,1000000,state=6,0.673955,pass,6/6,0.01
RandomExcursionsVariant,chaotic,5,1000000,state=7,0.986277,pass,6/6,0.01
RandomExcursionsVariant,chaotic,5,1000000,state=8,0.466257,pass,6/6,0.01
RandomExcursionsVariant,chaotic,5,1000000,state=9,0.343328,pass,6/6,0.01
RandomExcursionsVariant,chaotic,6,1000000,state=-9,0.507141,pass,6/6,0.01
RandomExcursionsVariant,chaotic,6,1000000,state=-8,0.600182,pass,6/6,0.01
RandomExcursionsVariant,chaotic,6,1000000,state=-7,0.627805,pass,6/6,0.01
RandomExcursionsVariant,chaotic,6,1000000,state=-6,0.586403,pass,6/6,0.01
RandomExcursionsVariant,chaotic,6,1000000,state=-5,0.463529,pass,6/6,0.01
RandomExcursionsVariant,chaotic,6,1000000,state=-4,0.579488,pass,6/6,0.01
RandomExcursionsVariant,chaotic,6,1000000,state=-3,0.939695,pass,6/6,0.01
RandomExcursionsVariant,chaotic,6,1000000,state=-2,0.909281,pass,6/6,0.01
RandomExcursionsVariant,chaotic,6,1000000,state=-1,0.756457,pass,6/6,0.01
RandomExcursionsVariant,chaotic,6,1000000,state=1,0.366943,pass,6/6,0.01
RandomExcursionsVariant,chaotic,6,1000000,state=2,0.625311,pass,6/6,0.01
RandomExcursionsVariant,chaotic,6,1000000,state=3,0.959776,pass,6/6,0.01
RandomExcursionsVariant,chaotic,6,1000000,state=4,0.393930,pass,6/6,0.01
RandomExcursionsVariant,chaotic,6,1000000,state=5,0.211321,pass,6/6,0.01
RandomExcursionsVariant,chaotic,6,1000000,state=6,0.295743,pass,6/6,0.01
RandomExcursionsVariant,chaotic,6,1000000,state=7,0.316867,pass,6/6,0.01
RandomExcursionsVariant,chaotic,6,1000000,state=8,0.262256,pass,6/6,0.01
RandomExcursionsVariant,chaotic,6,1000000,state=9,0.210799,pass,6/6,0.01
RandomExcursionsVariant,chaotic,7,1000000,state=-9,,not-applicable,,0.01
RandomExcursionsVariant,chaotic,7,1000000,state=-8,,not-applicable,,0.01
RandomExcursionsVariant,chaotic,7,1000000,state=-7,,not-applicable,,0.01
RandomExcursionsVariant,chaotic,7,1000000,state=-6,,not-applicable,,0.01
RandomExcursionsVariant,chaotic,7,1000000,state=-5,,not-applicable,,0.01
RandomExcursionsVariant,chaotic,7,1000000,state=-4,,not-applicable,,0.01
RandomExcursionsVariant,chaotic,7,1000000,state=-3,,not-applicable,,0.01
RandomExcursionsVariant,chaotic,7,1000000,state=-2,,not-applicable,,0.01
RandomExcursionsVariant,chaotic,7,1000000,state=-1,,not-applicable,,0.01
RandomExcursionsVariant,chaotic,7,1000000,state=1,,not-applicable,,0.01
RandomExcursionsVariant,chaotic,7,1000000,state=2,,not-applicable,,0.01
RandomExcursionsVariant,chaotic,7,1000000,state=3,,not-applicable,,0.01
RandomExcursionsVariant,chaotic,7,1000000,state=4,,not-applicable,,0.01
RandomExcursionsVariant,chaotic,7,1000000,state=5,,not-applicable,,0.01
RandomExcursionsVariant,chaotic,7,1000000,state=6,,not-applicable,,0.01
RandomExcursionsVariant,chaotic,7,1000000,state=7,,not-applicable,,0.01
RandomExcursionsVariant,chaotic,7,1000000,state=8,,not-applicable,,0.01
RandomExcursionsVariant,chaotic,7,1000000,state=9,,not-applicable,,0.01
RandomExcursionsVariant,chaotic,8,1000000,state=-9,0.907743,pass,6/6,0.01
RandomExcursionsVariant,chaotic,8,1000000,state=-8,0.715483,pass,6/6,0.01
RandomExcursionsVariant,chaotic,8,1000000,state=-7,0.735872,pass,6/6,0.01
RandomExcursionsVariant,chaotic,8,1000000,state=-6,0.839135,pass,6/6,0.01
RandomExcursionsVariant,chaotic,8,1000000,state=-5,0.890595,pass,6/6,0.01
RandomExcursionsVariant,chaotic,8,1000000,state=-4,0.993450,pass,6/6,0.01
RandomExcursionsVariant,chaotic,8,1000000,state=-3,0.845975,pass,6/6,0.01
RandomExcursionsVariant,chaotic,8,1000000,state=-2,0.555630,pass,6/6,0.01
RandomExcursionsVariant,chaotic,8,1000000,state=-1,0.811179,pass,6/6,0.01
RandomExcursionsVariant,chaotic,8,1000000,state=1,0.048110,pass,6/6,0.01
RandomExcursionsVariant,chaotic,8,1000000,state=2,0.219129,pass,6/6,0.01
RandomExcursionsVariant,chaotic,8,1000000,state=3,0.785653,pass,6/6,0.01
RandomExcursionsVariant,chaotic,8,1000000,state=4,0.811837,pass,6/6,0.01
RandomExcursionsVariant,chaotic,8,1000000,state=5,1.000000,pass,6/6,0.01
RandomExcursionsVariant,chaotic,8,1000000,state=6,0.808555,pass,6/6,0.01
RandomExcursionsVariant,chaotic,8,1000000,state=7,0.591886,pass,6/6,0.01
RandomExcursionsVariant,chaotic,8,1000000,state=8,0.469437,pass,6/6,0.01
RandomExcursionsVariant,chaotic,8,1000000,state=9,0.534225,pass,6/6,0.01
RandomExcursionsVariant,chaotic,9,1000000,state=-9,,not-applicable,,0.01
RandomExcursionsVariant,chaotic,9,1000000,state=-8,,not-applicable,,0.01
RandomExcursionsVariant,chaotic,9,1000000,state=-7,,not-applicable,,0.01
RandomExcursionsVariant,chaotic,9,1000000,state=-6,,not-applicable,,0.01
RandomExcursionsVariant,chaotic,9,1000000,state=-5,,not-applicable,,0.01
RandomExcursionsVariant,chaotic,9,1000000,state=-4,,not-applicable,,0.01
RandomExcursionsVariant,chaotic,9,1000000,state=-3,,not-applicable,,0.01
RandomExcursionsVariant,chaotic,9,1000000,state=-2,,not-applicable,,0.01
RandomExcursionsVariant,chaotic,9,1000000,state=-1,,not-applicable,,0.01
RandomExcursionsVariant,chaotic,9,1000000,state=1,,not-applicable,,0.01
RandomExcursionsVariant,chaotic,9,1000000,state=2,,not-applicable,,0.01
RandomExcursionsVariant,chaotic,9,1000000,state=3,,not-applicable,,0.01
RandomExcursionsVariant,chaotic,9,1000000,state=4,,not-applicable,,0.01
RandomExcursionsVariant,chaotic,9,1000000,state=5,,not-applicable,,0.01
RandomExcursionsVariant,chaotic,9,1000000,state=6,,not-applicable,,0.01
RandomExcursionsVariant,chaotic,9,1000000,state=7,,not-applicable,,0.01
RandomExcursionsVariant,chaotic,9,1000000,state=8,,not-applicable,,0.01
RandomExcursionsVariant,chaotic,9,1000000,state=9,,not-applicable,,0.01
RandomExcursionsVariant,chaotic,10,1000000,state=-9,,not-applicable,,0.01
RandomExcursionsVariant,chaotic,10,1000000,state=-8,,not-applicable,,0.01
RandomExcursionsVariant,chaotic,10,1000000,state=-7,,not-applicable,,0.01
RandomExcursionsVariant,chaotic,10,1000000,state=-6,,not-applicable,,0.01
RandomExcursionsVariant,chaotic,10,1000000,state=-5,,not-applicable,,0.01
RandomExcursionsVariant,chaotic,10,1000000,state=-4,,not-applicable,,0.01
RandomExcursionsVariant,chaotic,10,1000000,state=-3,,not-applicable,,0.01
RandomExcursionsVariant,chaotic,10,1000000,state=-2,,not-applicable,,0.01
RandomExcursionsVariant,chaotic,10,1000000,state=-1,,not-applicable,,0.01
RandomExcursionsVariant,chaotic,10,1000000,state=1,,not-applicable,,0.01
RandomExcursionsVariant,chaotic,10,1000000,state=2,,not-applicable,,0.01
RandomExcursionsVariant,chaotic,10,1000000,state=3,,not-applicable,,0.01
RandomExcursionsVariant,chaotic,10,1000000,state=4,,not-applicable,,0.01
RandomExcursionsVariant,chaotic,10,1000000,state=5,,not-applicable,,0.01
RandomExcursionsVariant,chaotic,10,1000000,state=6,,not-applicable,,0.01
RandomExcursionsVariant,chaotic,10,1000000,state=7,,not-applicable,,0.01
RandomExcursionsVariant,chaotic,10,1000000,state=8,,not-applicable,,0.01
RandomExcursionsVariant,chaotic,10,1000000,state=9,,not-applicable,,0.01
Serial,chaotic,1,1000000,component=1,0,fail,0/10,0.01
Serial,chaotic,1,1000000,component=2,0,fail,0/10,0.01
Serial,chaotic,2,1000000,component=1,0,fail,0/10,0.01
Serial,chaotic,2,1000000,component=2,0,fail,0/10,0.01
Serial,chaotic,3,1000000,component=1,0,fail,0/10,0.01
Serial,chaotic,3,1000000,component=2,0,fail,0/10,0.01
Serial,chaotic,4,1000000,component=1,0,fail,0/10,0.01
Serial,chaotic,4,1000000,component=2,0,fail,0/10,0.01
Serial,chaotic,5,1000000,component=1,0,fail,0/10,0.01
Serial,chaotic,5,1000000,component=2,0,fail,0/10,0.01
Serial,chaotic,6,1000000,component=1,0,fail,0/10,0.01
Serial,chaotic,6,1000000,component=2,0,fail,0/10,0.01
Serial,chaotic,7,1000000,component=1,0,fail,0/10,0.01
Serial,chaotic,7,1000000,component=2,0,fail,0/10,0.01
Serial,chaotic,8,1000000,component=1,0,fail,0/10,0.01
Serial,chaotic,8,1000000,component=2,0,fail,0/10,0.01
Serial,chaotic,9,1000000,component=1,0,fail,0/10,0.01
Serial,chaotic,9,1000000,component=2,0,fail,0/10,0.01
Serial,chaotic,10,1000000,component=1,0,fail,0/10,0.01
Serial,chaotic,10,1000000,component=2,0,fail,0/10,0.01
LinearComplexity,chaotic,1,1000000,component=1,0.145939,pass,10/10,0.01
LinearComplexity,chaotic,2,1000000,component=1,0.143299,pass,10/10,0.01
LinearComplexity,chaotic,3,1000000,component=1,0.407882,pass,10/10,0.01
LinearComplexity,chaotic,4,1000000,component=1,0.644367,pass,10/10,0.01
LinearComplexity,chaotic,5,1000000,component=1,0.477941,pass,10/10,0.01
LinearComplexity,chaotic,6,1000000,component=1,0.095673,pass,10/10,0.01
LinearComplexity,chaotic,7,1000000,component=1,0.283912,pass,10/10,0.01
LinearComplexity,chaotic,8,1000000,component=1,0.210814,pass,10/10,0.01
LinearComplexity,chaotic,9,1000000,component=1,0.351261,pass,10/10,0.01
LinearComplexity,chaotic,10,1000000,component=1,0.274659,pass,10/10,0.01
Frequency,ciphertext,1,1000000,component=1,0,fail,0/10,0.01
Frequency,ciphertext,2,1000000,component=1,0,fail,0/10,0.01
Frequency,ciphertext,3,1000000,component=1,0,fail,0/10,0.01
Frequency,ciphertext,4,1000000,component=1,0,fail,0/10,0.01
Frequency,ciphertext,5,1000000,component=1,0,fail,0/10,0.01
Frequency,ciphertext,6,1000000,component=1,0,fail,0/10,0.01
Frequency,ciphertext,7,1000000,component=1,0,fail,0/10,0.01
Frequency,ciphertext,8,1000000,component=1,0,fail,0/10,0.01
Frequency,ciphertext,9,1000000,component=1,0,fail,0/10,0.01
Frequency,ciphertext,10,1000000,component=1,0,fail,0/10,0.01
BlockFrequency,ciphertext,1,1000000,component=1,0,fail,0/10,0.01
BlockFrequency,ciphertext,2,1000000,component=1,0,fail,0/10,0.01
BlockFrequency,ciphertext,3,1000000,component=1,0,fail,0/10,0.01
BlockFrequency,ciphertext,4,1000000,component=1,0,fail,0/10,0.01
BlockFrequency,ciphertext,5,1000000,component=1,0,fail,0/10,0.01
BlockFrequency,ciphertext,6,1000000,component=1,0,fail,0/10,0.01
BlockFrequency,ciphertext,7,1000000,component=1,0,fail,0/10,0.01
BlockFrequency,ciphertext,8,1000000,component=1,0,fail,0/10,0.01
BlockFrequency,ciphertext,9,1000000,component=1,0,fail,0/10,0.01
BlockFrequency,ciphertext,10,1000000,component=1,0,fail,0/10,0.01
CumulativeSums,ciphertext,1,1000000,component=1,0,fail,0/10,0.01
CumulativeSums,ciphertext,1,1000000,component=2,0,fail,0/10,0.01
CumulativeSums,ciphertext,2,1000000,component=1,0,fail,0/10,0.01
CumulativeSums,ciphertext,2,1000000,component=2,0,fail,0/10,0.01
CumulativeSums,ciphertext,3,1000000,component=1,0,fail,0/10,0.01
CumulativeSums,ciphertext,3,1000000,component=2,0,fail,0/10,0.01
CumulativeSums,ciphertext,4,1000000,component=1,0,fail,0/10,0.01
CumulativeSums,ciphertext,4,1000000,component=2,0,fail,0/10,0.01
CumulativeSums,ciphertext,5,1000000,component=1,0,fail,0/10,0.01
CumulativeSums,ciphertext,5,1000000,component=2,0,fail,0/10,0.01
CumulativeSums,ciphertext,6,1000000,component=1,0,fail,0/10,0.01
CumulativeSums,ciphertext,6,1000000,component=2,0,fail,0/10,0.01
CumulativeSums,ciphertext,7,1000000,component=1,0,fail,0/10,0.01
CumulativeSums,ciphertext,7,1000000,component=2,0,fail,0/10,0.01
CumulativeSums,ciphertext,8,1000000,component=1,0,fail,0/10,0.01
CumulativeSums,ciphertext,8,1000000,component=2,0,fail,0/10,0.01
CumulativeSums,ciphertext,9,1000000,component=1,0,fail,0/10,0.01
CumulativeSums,ciphertext,9,1000000,component=2,0,fail,0/10,0.01
CumulativeSums,ciphertext,10,1000000,component=1,0,fail,0/10,0.01
CumulativeSums,ciphertext,10,1000000,component=2,0,fail,0/10,0.01
Runs,ciphertext,1,1000000,component=1,0,fail,0/10,0.01
Runs,ciphertext,2,1000000,component=1,0,fail,0/10,0.01
Runs,ciphertext,3,1000000,component=1,0,fail,0/10,0.01
Runs,ciphertext,4,1000000,component=1,0,fail,0/10,0.01
Runs,ciphertext,5,1000000,component=1,0,fail,0/10,0.01
Runs,ciphertext,6,1000000,component=1,0,fail,0/10,0.01
Runs,ciphertext,7,1000000,component=1,0,fail,0/10,0.01
Runs,ciphertext,8,1000000,component=1,0,fail,0/10,0.01
Runs,ciphertext,9,1000000,component=1,0,fail,0/10,0.01
Runs,ciphertext,10,1000000,component=1,0,fail,0/10,0.01
LongestRun,ciphertext,1,1000000,component=1,0,fail,2/10,0.01
LongestRun,ciphertext,2,1000000,component=1,0,fail,2/10,0.01
LongestRun,ciphertext,3,1000000,component=1,0,fail,2/10,0.01
LongestRun,ciphertext,4,1000000,component=1,0,fail,2/10,0.01
LongestRun,ciphertext,5,1000000,component=1,0.62279,pass,2/10,0.01
LongestRun,ciphertext,6,1000000,component=1,0.230437,pass,2/10,0.01
LongestRun,ciphertext,7,1000000,component=1,0,fail,2/10,0.01
LongestRun,ciphertext,8,1000000,component=1,0,fail,2/10,0.01
LongestRun,ciphertext,9,1000000,component=1,0,fail,2/10,0.01
LongestRun,ciphertext,10,1000000,component=1,0,fail,2/10,0.01
Rank,ciphertext,1,1000000,component=1,0,fail,3/10,0.01
Rank,ciphertext,2,1000000,component=1,0.22882,pass,3/10,0.01
Rank,ciphertext,3,1000000,component=1,0,fail,3/10,0.01
Rank,ciphertext,4,1000000,component=1,0,fail,3/10,0.01
Rank,ciphertext,5,1000000,component=1,0.246604,pass,3/10,0.01
Rank,ciphertext,6,1000000,component=1,9.7e-05,fail,3/10,0.01
Rank,ciphertext,7,1000000,component=1,0,fail,3/10,0.01
Rank,ciphertext,8,1000000,component=1,0.673526,pass,3/10,0.01
Rank,ciphertext,9,1000000,component=1,0,fail,3/10,0.01
Rank,ciphertext,10,1000000,component=1,0,fail,3/10,0.01
FFT,ciphertext,1,1000000,component=1,0,fail,0/10,0.01
FFT,ciphertext,2,1000000,component=1,0,fail,0/10,0.01
FFT,ciphertext,3,1000000,component=1,0,fail,0/10,0.01
FFT,ciphertext,4,1000000,component=1,0,fail,0/10,0.01
FFT,ciphertext,5,1000000,component=1,0,fail,0/10,0.01
FFT,ciphertext,6,1000000,component=1,0,fail,0/10,0.01
FFT,ciphertext,7,1000000,component=1,0,fail,0/10,0.01
FFT,ciphertext,8,1000000,component=1,0,fail,0/10,0.01
FFT,ciphertext,9,1000000,component=1,0,fail,0/10,0.01
FFT,ciphertext,10,1000000,component=1,0,fail,0/10,0.01
NonOverlappingTemplate,ciphertext,1,1000000,component=1,0,fail,1/10,0.01
NonOverlappingTemplate,ciphertext,1,1000000,component=2,0,fail,1/10,0.01
NonOverlappingTemplate,ciphertext,1,1000000,component=3,0,fail,1/10,0.01
NonOverlappingTemplate,ciphertext,1,1000000,component=4,0,fail,2/10,0.01
NonOverlappingTemplate,ciphertext,1,1000000,component=5,0,fail,0/10,0.01
NonOverlappingTemplate,ciphertext,1,1000000,component=6,0,fail,1/10,0.01
NonOverlappingTemplate,ciphertext,1,1000000,component=7,0,fail,1/10,0.01
NonOverlappingTemplate,ciphertext,1,1000000,component=8,0,fail,3/10,0.01
NonOverlappingTemplate,ciphertext,1,1000000,component=9,0,fail,0/10,0.01
NonOverlappingTemplate,ciphertext,1,1000000,component=10,0,fail,2/10,0.01
NonOverlappingTemplate,ciphertext,1,1000000,component=11,0,fail,1/10,0.01
NonOverlappingTemplate,ciphertext,1,1000000,component=12,0,fail,6/10,0.01
NonOverlappingTemplate,ciphertext,1,1000000,component=13,0,fail,2/10,0.01
NonOverlappingTemplate,ciphertext,1,1000000,component=14,0,fail,4/10,0.01
NonOverlappingTemplate,ciphertext,1,1000000,component=15,0,fail,5/10,0.01
NonOverlappingTemplate,ciphertext,1,1000000,component=16,0,fail,2/10,0.01
NonOverlappingTemplate,ciphertext,1,1000000,component=17,0,fail,1/10,0.01
NonOverlappingTemplate,ciphertext,1,1000000,component=18,0,fail,1/10,0.01
NonOverlappingTemplate,ciphertext,1,1000000,component=19,0,fail,6/10,0.01
NonOverlappingTemplate,ciphertext,1,1000000,component=20,0,fail,2/10,0.01
NonOverlappingTemplate,ciphertext,1,1000000,component=21,0,fail,4/10,0.01
NonOverlappingTemplate,ciphertext,1,1000000,component=22,0,fail,4/10,0.01
NonOverlappingTemplate,ciphertext,1,1000000,component=23,0,fail,2/10,0.01
NonOverlappingTemplate,ciphertext,1,1000000,component=24,0,fail,4/10,0.01
NonOverlappingTemplate,ciphertext,1,1000000,component=25,0,fail,4/10,0.01
NonOverlappingTemplate,ciphertext,1,1000000,component=26,0.007515,fail,3/10,0.01
NonOverlappingTemplate,ciphertext,1,1000000,component=27,0,fail,6/10,0.01
NonOverlappingTemplate,ciphertext,1,1000000,component=28,0.01789,pass,4/10,0.01
NonOverlappingTemplate,ciphertext,1,1000000,component=29,0.285114,pass,4/10,0.01
NonOverlappingTemplate,ciphertext,1,1000000,component=30,2e-06,fail,2/10,0.01
NonOverlappingTemplate,ciphertext,1,1000000,component=31,0,fail,2/10,0.01
NonOverlappingTemplate,ciphertext,1,1000000,component=32,0,fail,1/10,0.01
NonOverlappingTemplate,ciphertext,1,1000000,component=33,0,fail,6/10,0.01
NonOverlappingTemplate,ciphertext,1,1000000,component=34,0,fail,3/10,0.01
NonOverlappingTemplate,ciphertext,1,1000000,component=35,0,fail,3/10,0.01
NonOverlappingTemplate,ciphertext,1,1000000,component=36,0.002527,fail,2/10,0.01
NonOverlappingTemplate,ciphertext,1,1000000,component=37,0,fail,4/10,0.01
NonOverlappingTemplate,ciphertext,1,1000000,component=38,0,fail,4/10,0.01
NonOverlappingTemplate,ciphertext,1,1000000,component=39,0.384732,pass,4/10,0.01
NonOverlappingTemplate,ciphertext,1,1000000,component=40,0.032734,pass,4/10,0.01
NonOverlappingTemplate,ciphertext,1,1000000,component=41,0.007595,fail,3/10,0.01
NonOverlappingTemplate,ciphertext,1,1000000,component=42,0,fail,1/10,0.01
NonOverlappingTemplate,ciphertext,1,1000000,component=43,0,fail,3/10,0.01
NonOverlappingTemplate,ciphertext,1,1000000,component=44,0.228732,pass,3/10,0.01
NonOverlappingTemplate,ciphertext,1,1000000,component=45,0.000251,fail,3/10,0.01
NonOverlappingTemplate,ciphertext,1,1000000,component=46,2.5e-05,fail,3/10,0.01
NonOverlappingTemplate,ciphertext,1,1000000,component=47,0,fail,2/10,0.01
NonOverlappingTemplate,ciphertext,1,1000000,component=48,7.5e-05,fail,2/10,0.01
NonOverlappingTemplate,ciphertext,1,1000000,component=49,0,fail,1/10,0.01
NonOverlappingTemplate,ciphertext,1,1000000,component=50,0,fail,1/10,0.01
NonOverlappingTemplate,ciphertext,1,1000000,component=51,0,fail,1/10,0.01
NonOverlappingTemplate,ciphertext,1,1000000,component=52,0,fail,0/10,0.01
NonOverlappingTemplate,ciphertext,1,1000000,component=53,0,fail,1/10,0.01
NonOverlappingTemplate,ciphertext,1,1000000,component=54,0,fail,3/10,0.01
NonOverlappingTemplate,ciphertext,1,1000000,component=55,0,fail,6/10,0.01
NonOverlappingTemplate,ciphertext,1,1000000,component=56,0.004897,fail,2/10,0.01
NonOverlappingTemplate,ciphertext,1,1000000,component=57,0,fail,5/10,0.01
NonOverlappingTemplate,ciphertext,1,1000000,component=58,0.157951,pass,4/10,0.01
NonOverlappingTemplate,ciphertext,1,1000000,component=59,0.010507,pass,4/10,0.01
NonOverlappingTemplate,ciphertext,1,1000000,component=60,0,fail,2/10,0.01
NonOverlappingTemplate,ciphertext,1,1000000,component=61,0,fail,5/10,0.01
NonOverlappingTemplate,ciphertext,1,1000000,component=62,0.401339,pass,5/10,0.01
NonOverlappingTemplate,ciphertext,1,1000000,component=63,0,fail,1/10,0.01
NonOverlappingTemplate,ciphertext,1,1000000,component=64,0,fail,1/10,0.01
NonOverlappingTemplate,ciphertext,1,1000000,component=65,4e-06,fail,1/10,0.01
NonOverlappingTemplate,ciphertext,1,1000000,component=66,0,fail,1/10,0.01
NonOverlappingTemplate,ciphertext,1,1000000,component=67,0,fail,0/10,0.01
NonOverlappingTemplate,ciphertext,1,1000000,component=68,0,fail,0/10,0.01
NonOverlappingTemplate,ciphertext,1,1000000,component=69,0.062451,pass,3/10,0.01
NonOverlappingTemplate,ciphertext,1,1000000,component=70,0,fail,1/10,0.01
NonOverlappingTemplate,ciphertext,1,1000000,component=71,0,fail,1/10,0.01
NonOverlappingTemplate,ciphertext,1,1000000,component=72,0,fail,0/10,0.01
NonOverlappingTemplate,ciphertext,1,1000000,component=73,0,fail,0/10,0.01
NonOverlappingTemplate,ciphertext,1,1000000,component=74,0,fail,0/10,0.01
NonOverlappingTemplate,ciphertext,1,1000000,component=75,0,fail,1/10,0.01
NonOverlappingTemplate,ciphertext,1,1000000,component=76,0,fail,1/10,0.01
NonOverlappingTemplate,ciphertext,1,1000000,component=77,0,fail,1/10,0.01
NonOverlappingTemplate,ciphertext,1,1000000,component=78,0,fail,2/10,0.01
NonOverlappingTemplate,ciphertext,1,1000000,component=79,0,fail,2/10,0.01
NonOverlappingTemplate,ciphertext,1,1000000,component=80,0,fail,6/10,0.01
NonOverlappingTemplate,ciphertext,1,1000000,component=81,0,fail,1/10,0.01
NonOverlappingTemplate,ciphertext,1,1000000,component=82,0,fail,1/10,0.01
NonOverlappingTemplate,ciphertext,1,1000000,component=83,0,fail,2/10,0.01
NonOverlappingTemplate,ciphertext,1,1000000,component=84,0,fail,6/10,0.01
NonOverlappingTemplate,ciphertext,1,1000000,component=85,0,fail,1/10,0.01
NonOverlappingTemplate,ciphertext,1,1000000,component=86,0,fail,2/10,0.01
NonOverlappingTemplate,ciphertext,1,1000000,component=87,0,fail,4/10,0.01
NonOverlappingTemplate,ciphertext,1,1000000,component=88,0.003432,fail,2/10,0.01
NonOverlappingTemplate,ciphertext,1,1000000,component=89,0,fail,2/10,0.01
NonOverlappingTemplate,ciphertext,1,1000000,component=90,0,fail,6/10,0.01
NonOverlappingTemplate,ciphertext,1,1000000,component=91,0,fail,4/10,0.01
NonOverlappingTemplate,ciphertext,1,1000000,component=92,0.114066,pass,4/10,0.01
NonOverlappingTemplate,ciphertext,1,1000000,component=93,0,fail,6/10,0.01
NonOverlappingTemplate,ciphertext,1,1000000,component=94,0.408601,pass,4/10,0.01
NonOverlappingTemplate,ciphertext,1,1000000,component=95,0.209315,pass,4/10,0.01
NonOverlappingTemplate,ciphertext,1,1000000,component=96,0,fail,2/10,0.01
NonOverlappingTemplate,ciphertext,1,1000000,component=97,0,fail,1/10,0.01
NonOverlappingTemplate,ciphertext,1,1000000,component=98,0,fail,1/10,0.01
NonOverlappingTemplate,ciphertext,1,1000000,component=99,0,fail,2/10,0.01
NonOverlappingTemplate,ciphertext,1,1000000,component=100,0,fail,2/10,0.01
NonOverlappingTemplate,ciphertext,1,1000000,component=101,0,fail,6/10,0.01
NonOverlappingTemplate,ciphertext,1,1000000,component=102,0,fail,1/10,0.01
NonOverlappingTemplate,ciphertext,1,1000000,component=103,0,fail,4/10,0.01
NonOverlappingTemplate,ciphertext,1,1000000,component=104,0,fail,5/10,0.01
NonOverlappingTemplate,ciphertext,1,1000000,component=105,0,fail,4/10,0.01
NonOverlappingTemplate,ciphertext,1,1000000,component=106,0.240301,pass,5/10,0.01
NonOverlappingTemplate,ciphertext,1,1000000,component=107,0,fail,1/10,0.01
NonOverlappingTemplate,ciphertext,1,1000000,component=108,0,fail,4/10,0.01
NonOverlappingTemplate,ciphertext,1,1000000,component=109,0,fail,6/10,0.01
NonOverlappingTemplate,ciphertext,1,1000000,component=110,0,fail,4/10,0.01
NonOverlappingTemplate,ciphertext,1,1000000,component=111,2.1e-05,fail,3/10,0.01
NonOverlappingTemplate,ciphertext,1,1000000,component=112,0.010942,pass,3/10,0.01
NonOverlappingTemplate,ciphertext,1,1000000,component=113,0,fail,4/10,0.01
NonOverlappingTemplate,ciphertext,1,1000000,component=114,0.256282,pass,4/10,0.01
NonOverlappingTemplate,ciphertext,1,1000000,component=115,0.356677,pass,4/10,0.01
NonOverlappingTemplate,ciphertext,1,1000000,component=116,0.844793,pass,4/10,0.01
NonOverlappingTemplate,ciphertext,1,1000000,component=117,0,fail,1/10,0.01
NonOverlappingTemplate,ciphertext,1,1000000,component=118,0,fail,2/10,0.01
NonOverlappingTemplate,ciphertext,1,1000000,component=119,0,fail,2/10,0.01
NonOverlappingTemplate,ciphertext,1,1000000,component=120,0,fail,4/10,0.01
NonOverlappingTemplate,ciphertext,1,1000000,component=121,0,fail,6/10,0.01
NonOverlappingTemplate,ciphertext,1,1000000,component=122,0.044834,pass,4/10,0.01
NonOverlappingTemplate,ciphertext,1,1000000,component=123,0,fail,4/10,0.01
NonOverlappingTemplate,ciphertext,1,1000000,component=124,0.731387,pass,4/10,0.01
NonOverlappingTemplate,ciphertext,1,1000000,component=125,0.001762,fail,2/10,0.01
NonOverlappingTemplate,ciphertext,1,1000000,component=126,0,fail,4/10,0.01
NonOverlappingTemplate,ciphertext,1,1000000,component=127,0.703539,pass,3/10,0.01
NonOverlappingTemplate,ciphertext,1,1000000,component=128,0.7802,pass,4/10,0.01
NonOverlappingTemplate,ciphertext,1,1000000,component=129,0,fail,1/10,0.01
NonOverlappingTemplate,ciphertext,1,1000000,component=130,0.294248,pass,4/10,0.01
NonOverlappingTemplate,ciphertext,1,1000000,component=131,0,fail,1/10,0.01
NonOverlappingTemplate,ciphertext,1,1000000,component=132,0,fail,2/10,0.01
NonOverlappingTemplate,ciphertext,1,1000000,component=133,0,fail,4/10,0.01
NonOverlappingTemplate,ciphertext,1,1000000,component=134,0.292244,pass,4/10,0.01
NonOverlappingTemplate,ciphertext,1,1000000,component=135,0.000141,fail,2/10,0.01
NonOverlappingTemplate,ciphertext,1,1000000,component=136,0,fail,2/10,0.01
NonOverlappingTemplate,ciphertext,1,1000000,component=137,0.210679,pass,3/10,0.01
NonOverlappingTemplate,ciphertext,1,1000000,component=138,0,fail,2/10,0.01
NonOverlappingTemplate,ciphertext,1,1000000,component=139,0,fail,0/10,0.01
NonOverlappingTemplate,ciphertext,1,1000000,component=140,0,fail,1/10,0.01
NonOverlappingTemplate,ciphertext,1,1000000,component=141,0.07938,pass,4/10,0.01
NonOverlappingTemplate,ciphertext,1,1000000,component=142,0,fail,2/10,0.01
NonOverlappingTemplate,ciphertext,1,1000000,component=143,0,fail,0/10,0.01
NonOverlappingTemplate,ciphertext,1,1000000,component=144,0,fail,1/10,0.01
NonOverlappingTemplate,ciphertext,1,1000000,component=145,0,fail,2/10,0.01
NonOverlappingTemplate,ciphertext,1,1000000,component=146,0,fail,1/10,0.01
NonOverlappingTemplate,ciphertext,1,1000000,component=147,0,fail,0/10,0.01
NonOverlappingTemplate,ciphertext,1,1000000,component=148,0,fail,0/10,0.01
NonOverlappingTemplate,ciphertext,2,1000000,component=1,0,fail,1/10,0.01
NonOverlappingTemplate,ciphertext,2,1000000,component=2,0,fail,1/10,0.01
NonOverlappingTemplate,ciphertext,2,1000000,component=3,0,fail,1/10,0.01
NonOverlappingTemplate,ciphertext,2,1000000,component=4,0.019016,pass,2/10,0.01
NonOverlappingTemplate,ciphertext,2,1000000,component=5,0,fail,0/10,0.01
NonOverlappingTemplate,ciphertext,2,1000000,component=6,0.001168,fail,1/10,0.01
NonOverlappingTemplate,ciphertext,2,1000000,component=7,0,fail,1/10,0.01
NonOverlappingTemplate,ciphertext,2,1000000,component=8,0.027445,pass,3/10,0.01
NonOverlappingTemplate,ciphertext,2,1000000,component=9,0,fail,0/10,0.01
NonOverlappingTemplate,ciphertext,2,1000000,component=10,0.046096,pass,2/10,0.01
NonOverlappingTemplate,ciphertext,2,1000000,component=11,0,fail,1/10,0.01
NonOverlappingTemplate,ciphertext,2,1000000,component=12,0.051896,pass,6/10,0.01
NonOverlappingTemplate,ciphertext,2,1000000,component=13,0,fail,2/10,0.01
NonOverlappingTemplate,ciphertext,2,1000000,component=14,0.054455,pass,4/10,0.01
NonOverlappingTemplate,ciphertext,2,1000000,component=15,0.952686,pass,5/10,0.01
NonOverlappingTemplate,ciphertext,2,1000000,component=16,0,fail,2/10,0.01
NonOverlappingTemplate,ciphertext,2,1000000,component=17,0,fail,1/10,0.01
NonOverlappingTemplate,ciphertext,2,1000000,component=18,0,fail,1/10,0.01
NonOverlappingTemplate,ciphertext,2,1000000,component=19,0.025871,pass,6/10,0.01
NonOverlappingTemplate,ciphertext,2,1000000,component=20,0,fail,2/10,0.01
NonOverlappingTemplate,ciphertext,2,1000000,component=21,0.150739,pass,4/10,0.01
NonOverlappingTemplate,ciphertext,2,1000000,component=22,0.014092,pass,4/10,0.01
NonOverlappingTemplate,ciphertext,2,1000000,component=23,0,fail,2/10,0.01
NonOverlappingTemplate,ciphertext,2,1000000,component=24,0.304991,pass,4/10,0.01
NonOverlappingTemplate,ciphertext,2,1000000,component=25,0.658303,pass,4/10,0.01
NonOverlappingTemplate,ciphertext,2,1000000,component=26,0,fail,3/10,0.01
NonOverlappingTemplate,ciphertext,2,1000000,component=27,0.447624,pass,6/10,0.01
NonOverlappingTemplate,ciphertext,2,1000000,component=28,0,fail,4/10,0.01
NonOverlappingTemplate,ciphertext,2,1000000,component=29,0,fail,4/10,0.01
NonOverlappingTemplate,ciphertext,2,1000000,component=30,0,fail,2/10,0.01
NonOverlappingTemplate,ciphertext,2,1000000,component=31,0,fail,2/10,0.01
NonOverlappingTemplate,ciphertext,2,1000000,component=32,0,fail,1/10,0.01
NonOverlappingTemplate,ciphertext,2,1000000,component=33,0.451,pass,6/10,0.01
NonOverlappingTemplate,ciphertext,2,1000000,component=34,0.089304,pass,3/10,0.01
NonOverlappingTemplate,ciphertext,2,1000000,component=35,0.186579,pass,3/10,0.01
NonOverlappingTemplate,ciphertext,2,1000000,component=36,0,fail,2/10,0.01
NonOverlappingTemplate,ciphertext,2,1000000,component=37,0.050382,pass,4/10,0.01
NonOverlappingTemplate,ciphertext,2,1000000,component=38,0.126643,pass,4/10,0.01
NonOverlappingTemplate,ciphertext,2,1000000,component=39,0,fail,4/10,0.01
NonOverlappingTemplate,ciphertext,2,1000000,component=40,3e-06,fail,4/10,0.01
NonOverlappingTemplate,ciphertext,2,1000000,component=41,0,fail,3/10,0.01
NonOverlappingTemplate,ciphertext,2,1000000,component=42,0,fail,1/10,0.01
NonOverlappingTemplate,ciphertext,2,1000000,component=43,0.04964,pass,3/10,0.01
NonOverlappingTemplate,ciphertext,2,1000000,component=44,0,fail,3/10,0.01
NonOverlappingTemplate,ciphertext,2,1000000,component=45,0.000177,fail,3/10,0.01
NonOverlappingTemplate,ciphertext,2,1000000,component=46,6.6e-05,fail,3/10,0.01
NonOverlappingTemplate,ciphertext,2,1000000,component=47,0,fail,2/10,0.01
NonOverlappingTemplate,ciphertext,2,1000000,component=48,0,fail,2/10,0.01
NonOverlappingTemplate,ciphertext,2,1000000,component=49,0,fail,1/10,0.01
NonOverlappingTemplate,ciphertext,2,1000000,component=50,0,fail,1/10,0.01
NonOverlappingTemplate,ciphertext,2,1000000,component=51,0,fail,1/10,0.01
NonOverlappingTemplate,ciphertext,2,1000000,component=52,0,fail,0/10,0.01
NonOverlappingTemplate,ciphertext,2,1000000,component=53,0,fail,1/10,0.01
NonOverlappingTemplate,ciphertext,2,1000000,component=54,0.612433,pass,3/10,0.01
NonOverlappingTemplate,ciphertext,2,1000000,component=55,0.041639,pass,6/10,0.01
NonOverlappingTemplate,ciphertext,2,1000000,component=56,1e-06,fail,2/10,0.01
NonOverlappingTemplate,ciphertext,2,1000000,component=57,0.362958,pass,5/10,0.01
NonOverlappingTemplate,ciphertext,2,1000000,component=58,0,fail,4/10,0.01
NonOverlappingTemplate,ciphertext,2,1000000,component=59,1e-06,fail,4/10,0.01
NonOverlappingTemplate,ciphertext,2,1000000,component=60,0,fail,2/10,0.01
NonOverlappingTemplate,ciphertext,2,1000000,component=61,0.101217,pass,5/10,0.01
NonOverlappingTemplate,ciphertext,2,1000000,component=62,0.117979,pass,5/10,0.01
NonOverlappingTemplate,ciphertext,2,1000000,component=63,7.1e-05,fail,1/10,0.01
NonOverlappingTemplate,ciphertext,2,1000000,component=64,0,fail,1/10,0.01
NonOverlappingTemplate,ciphertext,2,1000000,component=65,0.00077,fail,1/10,0.01
NonOverlappingTemplate,ciphertext,2,1000000,component=66,0,fail,1/10,0.01
NonOverlappingTemplate,ciphertext,2,1000000,component=67,0,fail,0/10,0.01
NonOverlappingTemplate,ciphertext,2,1000000,component=68,0,fail,0/10,0.01
NonOverlappingTemplate,ciphertext,2,1000000,component=69,0.003354,fail,3/10,0.01
NonOverlappingTemplate,ciphertext,2,1000000,component=70,0,fail,1/10,0.01
NonOverlappingTemplate,ciphertext,2,1000000,component=71,0,fail,1/10,0.01
NonOverlappingTemplate,ciphertext,2,1000000,component=72,0,fail,0/10,0.01
NonOverlappingTemplate,ciphertext,2,1000000,component=73,0,fail,0/10,0.01
NonOverlappingTemplate,ciphertext,2,1000000,component=74,0,fail,0/10,0.01
NonOverlappingTemplate,ciphertext,2,1000000,component=75,0,fail,1/10,0.01
NonOverlappingTemplate,ciphertext,2,1000000,component=76,0,fail,1/10,0.01
NonOverlappingTemplate,ciphertext,2,1000000,component=77,0,fail,1/10,0.01
NonOverlappingTemplate,ciphertext,2,1000000,component=78,0,fail,2/10,0.01
NonOverlappingTemplate,ciphertext,2,1000000,component=79,0,fail,2/10,0.01
NonOverlappingTemplate,ciphertext,2,1000000,component=80,0.288188,pass,6/10,0.01
NonOverlappingTemplate,ciphertext,2,1000000,component=81,0,fail,1/10,0.01
NonOverlappingTemplate,ciphertext,2,1000000,component=82,0,fail,1/10,0.01
NonOverlappingTemplate,ciphertext,2,1000000,component=83,0,fail,2/10,0.01
NonOverlappingTemplate,ciphertext,2,1000000,component=84,0.072141,pass,6/10,0.01
NonOverlappingTemplate,ciphertext,2,1000000,component=85,0,fail,1/10,0.01
NonOverlappingTemplate,ciphertext,2,1000000,component=86,1.6e-05,fail,2/10,0.01
NonOverlappingTemplate,ciphertext,2,1000000,component=87,0.374596,pass,4/10,0.01
NonOverlappingTemplate,ciphertext,2,1000000,component=88,3.7e-05,fail,2/10,0.01
NonOverlappingTemplate,ciphertext,2,1000000,component=89,0.013958,pass,2/10,0.01
NonOverlappingTemplate,ciphertext,2,1000000,component=90,0.054417,pass,6/10,0.01
NonOverlappingTemplate,ciphertext,2,1000000,component=91,0.013154,pass,4/10,0.01
NonOverlappingTemplate,ciphertext,2,1000000,component=92,3.6e-05,fail,4/10,0.01
NonOverlappingTemplate,ciphertext,2,1000000,component=93,0.238033,pass,6/10,0.01
NonOverlappingTemplate,ciphertext,2,1000000,component=94,0,fail,4/10,0.01
NonOverlappingTemplate,ciphertext,2,1000000,component=95,0,fail,4/10,0.01
NonOverlappingTemplate,ciphertext,2,1000000,component=96,0,fail,2/10,0.01
NonOverlappingTemplate,ciphertext,2,1000000,component=97,0,fail,1/10,0.01
NonOverlappingTemplate,ciphertext,2,1000000,component=98,0,fail,1/10,0.01
NonOverlappingTemplate,ciphertext,2,1000000,component=99,2e-06,fail,2/10,0.01
NonOverlappingTemplate,ciphertext,2,1000000,component=100,0,fail,2/10,0.01
NonOverlappingTemplate,ciphertext,2,1000000,component=101,0.537943,pass,6/10,0.01
NonOverlappingTemplate,ciphertext,2,1000000,component=102,1e-06,fail,1/10,0.01
NonOverlappingTemplate,ciphertext,2,1000000,component=103,0.009669,fail,4/10,0.01
NonOverlappingTemplate,ciphertext,2,1000000,component=104,0.40035,pass,5/10,0.01
NonOverlappingTemplate,ciphertext,2,1000000,component=105,0.043078,pass,4/10,0.01
NonOverlappingTemplate,ciphertext,2,1000000,component=106,0.002656,fail,5/10,0.01
NonOverlappingTemplate,ciphertext,2,1000000,component=107,6.7e-05,fail,1/10,0.01
NonOverlappingTemplate,ciphertext,2,1000000,component=108,0.000144,fail,4/10,0.01
NonOverlappingTemplate,ciphertext,2,1000000,component=109,0.248334,pass,6/10,0.01
NonOverlappingTemplate,ciphertext,2,1000000,component=110,0.87859,pass,4/10,0.01
NonOverlappingTemplate,ciphertext,2,1000000,component=111,0.000584,fail,3/10,0.01
NonOverlappingTemplate,ciphertext,2,1000000,component=112,8e-06,fail,3/10,0.01
NonOverlappingTemplate,ciphertext,2,1000000,component=113,0.046129,pass,4/10,0.01
NonOverlappingTemplate,ciphertext,2,1000000,component=114,1.3e-05,fail,4/10,0.01
NonOverlappingTemplate,ciphertext,2,1000000,component=115,2e-06,fail,4/10,0.01
NonOverlappingTemplate,ciphertext,2,1000000,component=116,0,fail,4/10,0.01
NonOverlappingTemplate,ciphertext,2,1000000,component=117,0,fail,1/10,0.01
NonOverlappingTemplate,ciphertext,2,1000000,component=118,0,fail,2/10,0.01
NonOverlappingTemplate,ciphertext,2,1000000,component=119,0.003467,fail,2/10,0.01
NonOverlappingTemplate,ciphertext,2,1000000,component=120,0.322914,pass,4/10,0.01
NonOverlappingTemplate,ciphertext,2,1000000,component=121,0.860268,pass,6/10,0.01
NonOverlappingTemplate,ciphertext,2,1000000,component=122,0.003561,fail,4/10,0.01
NonOverlappingTemplate,ciphertext,2,1000000,component=123,0.692605,pass,4/10,0.01
NonOverlappingTemplate,ciphertext,2,1000000,component=124,0.005559,fail,4/10,0.01
NonOverlappingTemplate,ciphertext,2,1000000,component=125,0,fail,2/10,0.01
NonOverlappingTemplate,ciphertext,2,1000000,component=126,0.986566,pass,4/10,0.01
NonOverlappingTemplate,ciphertext,2,1000000,component=127,0.009502,fail,3/10,0.01
NonOverlappingTemplate,ciphertext,2,1000000,component=128,4e-06,fail,4/10,0.01
NonOverlappingTemplate,ciphertext,2,1000000,component=129,0,fail,1/10,0.01
NonOverlappingTemplate,ciphertext,2,1000000,component=130,0,fail,4/10,0.01
NonOverlappingTemplate,ciphertext,2,1000000,component=131,0,fail,1/10,0.01
NonOverlappingTemplate,ciphertext,2,1000000,component=132,0,fail,2/10,0.01
NonOverlappingTemplate,ciphertext,2,1000000,component=133,0.003707,fail,4/10,0.01
NonOverlappingTemplate,ciphertext,2,1000000,component=134,0,fail,4/10,0.01
NonOverlappingTemplate,ciphertext,2,1000000,component=135,0,fail,2/10,0.01
NonOverlappingTemplate,ciphertext,2,1000000,component=136,0,fail,2/10,0.01
NonOverlappingTemplate,ciphertext,2,1000000,component=137,0,fail,3/10,0.01
NonOverlappingTemplate,ciphertext,2,1000000,component=138,0,fail,2/10,0.01
NonOverlappingTemplate,ciphertext,2,1000000,component=139,0,fail,0/10,0.01
NonOverlappingTemplate,ciphertext,2,1000000,component=140,0,fail,1/10,0.01
NonOverlappingTemplate,ciphertext,2,1000000,component=141,0,fail,4/10,0.01
NonOverlappingTemplate,ciphertext,2,1000000,component=142,0,fail,2/10,0.01
NonOverlappingTemplate,ciphertext,2,1000000,component=143,0,fail,0/10,0.01
NonOverlappingTemplate,ciphertext,2,1000000,component=144,0,fail,1/10,0.01
NonOverlappingTemplate,ciphertext,2,1000000,component=145,0,fail,2/10,0.01
NonOverlappingTemplate,ciphertext,2,1000000,component=146,0,fail,1/10,0.01
NonOverlappingTemplate,ciphertext,2,1000000,component=147,0,fail,0/10,0.01
NonOverlappingTemplate,ciphertext,2,1000000,component=148,0,fail,0/10,0.01
NonOverlappingTemplate,ciphertext,3,1000000,component=1,0,fail,1/10,0.01
NonOverlappingTemplate,ciphertext,3,1000000,component=2,0,fail,1/10,0.01
NonOverlappingTemplate,ciphertext,3,1000000,component=3,0,fail,1/10,0.01
NonOverlappingTemplate,ciphertext,3,1000000,component=4,0,fail,2/10,0.01
NonOverlappingTemplate,ciphertext,3,1000000,component=5,0,fail,0/10,0.01
NonOverlappingTemplate,ciphertext,3,1000000,component=6,0,fail,1/10,0.01
NonOverlappingTemplate,ciphertext,3,1000000,component=7,0,fail,1/10,0.01
NonOverlappingTemplate,ciphertext,3,1000000,component=8,0.000278,fail,3/10,0.01
NonOverlappingTemplate,ciphertext,3,1000000,component=9,0,fail,0/10,0.01
NonOverlappingTemplate,ciphertext,3,1000000,component=10,0,fail,2/10,0.01
NonOverlappingTemplate,ciphertext,3,1000000,component=11,0,fail,1/10,0.01
NonOverlappingTemplate,ciphertext,3,1000000,component=12,0,fail,6/10,0.01
NonOverlappingTemplate,ciphertext,3,1000000,component=13,0,fail,2/10,0.01
NonOverlappingTemplate,ciphertext,3,1000000,component=14,0,fail,4/10,0.01
NonOverlappingTemplate,ciphertext,3,1000000,component=15,0,fail,5/10,0.01
NonOverlappingTemplate,ciphertext,3,1000000,component=16,0,fail,2/10,0.01
NonOverlappingTemplate,ciphertext,3,1000000,component=17,0,fail,1/10,0.01
NonOverlappingTemplate,ciphertext,3,1000000,component=18,0,fail,1/10,0.01
NonOverlappingTemplate,ciphertext,3,1000000,component=19,0,fail,6/10,0.01
NonOverlappingTemplate,ciphertext,3,1000000,component=20,0,fail,2/10,0.01
NonOverlappingTemplate,ciphertext,3,1000000,component=21,0,fail,4/10,0.01
NonOverlappingTemplate,ciphertext,3,1000000,component=22,0,fail,4/10,0.01
NonOverlappingTemplate,ciphertext,3,1000000,component=23,0,fail,2/10,0.01
NonOverlappingTemplate,ciphertext,3,1000000,component=24,0,fail,4/10,0.01
NonOverlappingTemplate,ciphertext,3,1000000,component=25,0,fail,4/10,0.01
NonOverlappingTemplate,ciphertext,3,1000000,component=26,0,fail,3/10,0.01
NonOverlappingTemplate,ciphertext,3,1000000,component=27,0,fail,6/10,0.01
NonOverlappingTemplate,ciphertext,3,1000000,component=28,0,fail,4/10,0.01
NonOverlappingTemplate,ciphertext,3,1000000,component=29,0,fail,4/10,0.01
NonOverlappingTemplate,ciphertext,3,1000000,component=30,0,fail,2/10,0.01
NonOverlappingTemplate,ciphertext,3,1000000,component=31,0,fail,2/10,0.01
NonOverlappingTemplate,ciphertext,3,1000000,component=32,0,fail,1/10,0.01
NonOverlappingTemplate,ciphertext,3,1000000,component=33,0,fail,6/10,0.01
NonOverlappingTemplate,ciphertext,3,1000000,component=34,0,fail,3/10,0.01
NonOverlappingTemplate,ciphertext,3,1000000,component=35,0,fail,3/10,0.01
NonOverlappingTemplate,ciphertext,3,1000000,component=36,0,fail,2/10,0.01
NonOverlappingTemplate,ciphertext,3,1000000,component=37,0,fail,4/10,0.01
NonOverlappingTemplate,ciphertext,3,1000000,component=38,0,fail,4/10,0.01
NonOverlappingTemplate,ciphertext,3,1000000,component=39,0,fail,4/10,0.01
NonOverlappingTemplate,ciphertext,3,1000000,component=40,0,fail,4/10,0.01
NonOverlappingTemplate,ciphertext,3,1000000,component=41,0,fail,3/10,0.01
NonOverlappingTemplate,ciphertext,3,1000000,component=42,0,fail,1/10,0.01
NonOverlappingTemplate,ciphertext,3,1000000,component=43,0,fail,3/10,0.01
NonOverlappingTemplate,ciphertext,3,1000000,component=44,0,fail,3/10,0.01
NonOverlappingTemplate,ciphertext,3,1000000,component=45,0,fail,3/10,0.01
NonOverlappingTemplate,ciphertext,3,1000000,component=46,0,fail,3/10,0.01
NonOverlappingTemplate,ciphertext,3,1000000,component=47,0,fail,2/10,0.01
NonOverlappingTemplate,ciphertext,3,1000000,component=48,0,fail,2/10,0.01
NonOverlappingTemplate,ciphertext,3,1000000,component=49,0,fail,1/10,0.01
NonOverlappingTemplate,ciphertext,3,1000000,component=50,0,fail,1/10,0.01
NonOverlappingTemplate,ciphertext,3,1000000,component=51,0,fail,1/10,0.01
NonOverlappingTemplate,ciphertext,3,1000000,component=52,0,fail,0/10,0.01
NonOverlappingTemplate,ciphertext,3,1000000,component=53,0,fail,1/10,0.01
NonOverlappingTemplate,ciphertext,3,1000000,component=54,0,fail,3/10,0.01
NonOverlappingTemplate,ciphertext,3,1000000,component=55,0,fail,6/10,0.01
NonOverlappingTemplate,ciphertext,3,1000000,component=56,0,fail,2/10,0.01
NonOverlappingTemplate,ciphertext,3,1000000,component=57,0,fail,5/10,0.01
NonOverlappingTemplate,ciphertext,3,1000000,component=58,0,fail,4/10,0.01
NonOverlappingTemplate,ciphertext,3,1000000,component=59,0,fail,4/10,0.01
NonOverlappingTemplate,ciphertext,3,1000000,component=60,0,fail,2/10,0.01
NonOverlappingTemplate,ciphertext,3,1000000,component=61,0,fail,5/10,0.01
NonOverlappingTemplate,ciphertext,3,1000000,component=62,0,fail,5/10,0.01
NonOverlappingTemplate,ciphertext,3,1000000,component=63,0,fail,1/10,0.01
NonOverlappingTemplate,ciphertext,3,1000000,component=64,0,fail,1/10,0.01
NonOverlappingTemplate,ciphertext,3,1000000,component=65,0,fail,1/10,0.01
NonOverlappingTemplate,ciphertext,3,1000000,component=66,0,fail,1/10,0.01
NonOverlappingTemplate,ciphertext,3,1000000,component=67,0,fail,0/10,0.01
NonOverlappingTemplate,ciphertext,3,1000000,component=68,0,fail,0/10,0.01
NonOverlappingTemplate,ciphertext,3,1000000,component=69,0,fail,3/10,0.01
NonOverlappingTemplate,ciphertext,3,1000000,component=70,0,fail,1/10,0.01
NonOverlappingTemplate,ciphertext,3,1000000,component=71,0,fail,1/10,0.01
NonOverlappingTemplate,ciphertext,3,1000000,component=72,0,fail,0/10,0.01
NonOverlappingTemplate,ciphertext,3,1000000,component=73,0,fail,0/10,0.01
NonOverlappingTemplate,ciphertext,3,1000000,component=74,0,fail,0/10,0.01
NonOverlappingTemplate,ciphertext,3,1000000,component=75,0,fail,1/10,0.01
NonOverlappingTemplate,ciphertext,3,1000000,component=76,0,fail,1/10,0.01
NonOverlappingTemplate,ciphertext,3,1000000,component=77,0,fail,1/10,0.01
NonOverlappingTemplate,ciphertext,3,1000000,component=78,0,fail,2/10,0.01
NonOverlappingTemplate,ciphertext,3,1000000,component=79,0,fail,2/10,0.01
NonOverlappingTemplate,ciphertext,3,1000000,component=80,0,fail,6/10,0.01
NonOverlappingTemplate,ciphertext,3,1000000,component=81,0,fail,1/10,0.01
NonOverlappingTemplate,ciphertext,3,1000000,component=82,0,fail,1/10,0.01
NonOverlappingTemplate,ciphertext,3,1000000,component=83,0,fail,2/10,0.01
NonOverlappingTemplate,ciphertext,3,1000000,component=84,0,fail,6/10,0.01
NonOverlappingTemplate,ciphertext,3,1000000,component=85,0,fail,1/10,0.01
NonOverlappingTemplate,ciphertext,3,1000000,component=86,0,fail,2/10,0.01
NonOverlappingTemplate,ciphertext,3,1000000,component=87,0,fail,4/10,0.01
NonOverlappingTemplate,ciphertext,3,1000000,component=88,0,fail,2/10,0.01
NonOverlappingTemplate,ciphertext,3,1000000,component=89,0,fail,2/10,0.01
NonOverlappingTemplate,ciphertext,3,1000000,component=90,0,fail,6/10,0.01
NonOverlappingTemplate,ciphertext,3,1000000,component=91,0,fail,4/10,0.01
NonOverlappingTemplate,ciphertext,3,1000000,component=92,0,fail,4/10,0.01
NonOverlappingTemplate,ciphertext,3,1000000,component=93,8e-06,fail,6/10,0.01
NonOverlappingTemplate,ciphertext,3,1000000,component=94,0,fail,4/10,0.01
NonOverlappingTemplate,ciphertext,3,1000000,component=95,0,fail,4/10,0.01
NonOverlappingTemplate,ciphertext,3,1000000,component=96,0,fail,2/10,0.01
NonOverlappingTemplate,ciphertext,3,1000000,component=97,0,fail,1/10,0.01
NonOverlappingTemplate,ciphertext,3,1000000,component=98,0,fail,1/10,0.01
NonOverlappingTemplate,ciphertext,3,1000000,component=99,0,fail,2/10,0.01
NonOverlappingTemplate,ciphertext,3,1000000,component=100,0,fail,2/10,0.01
NonOverlappingTemplate,ciphertext,3,1000000,component=101,0,fail,6/10,0.01
NonOverlappingTemplate,ciphertext,3,1000000,component=102,0,fail,1/10,0.01
NonOverlappingTemplate,ciphertext,3,1000000,component=103,0,fail,4/10,0.01
NonOverlappingTemplate,ciphertext,3,1000000,component=104,0,fail,5/10,0.01
NonOverlappingTemplate,ciphertext,3,1000000,component=105,0,fail,4/10,0.01
NonOverlappingTemplate,ciphertext,3,1000000,component=106,0,fail,5/10,0.01
NonOverlappingTemplate,ciphertext,3,1000000,component=107,0,fail,1/10,0.01
NonOverlappingTemplate,ciphertext,3,1000000,component=108,0,fail,4/10,0.01
NonOverlappingTemplate,ciphertext,3,1000000,component=109,0,fail,6/10,0.01
NonOverlappingTemplate,ciphertext,3,1000000,component=110,0,fail,4/10,0.01
NonOverlappingTemplate,ciphertext,3,1000000,component=111,0,fail,3/10,0.01
NonOverlappingTemplate,ciphertext,3,1000000,component=112,0,fail,3/10,0.01
NonOverlappingTemplate,ciphertext,3,1000000,component=113,0,fail,4/10,0.01
NonOverlappingTemplate,ciphertext,3,1000000,component=114,0,fail,4/10,0.01
NonOverlappingTemplate,ciphertext,3,1000000,component=115,0,fail,4/10,0.01
NonOverlappingTemplate,ciphertext,3,1000000,component=116,0,fail,4/10,0.01
NonOverlappingTemplate,ciphertext,3,1000000,component=117,0,fail,1/10,0.01
NonOverlappingTemplate,ciphertext,3,1000000,component=118,0,fail,2/10,0.01
NonOverlappingTemplate,ciphertext,3,1000000,component=119,0,fail,2/10,0.01
NonOverlappingTemplate,ciphertext,3,1000000,component=120,0,fail,4/10,0.01
NonOverlappingTemplate,ciphertext,3,1000000,component=121,9e-06,fail,6/10,0.01
NonOverlappingTemplate,ciphertext,3,1000000,component=122,0,fail,4/10,0.01
NonOverlappingTemplate,ciphertext,3,1000000,component=123,0,fail,4/10,0.01
NonOverlappingTemplate,ciphertext,3,1000000,component=124,0,fail,4/10,0.01
NonOverlappingTemplate,ciphertext,3,1000000,component=125,0,fail,2/10,0.01
NonOverlappingTemplate,ciphertext,3,1000000,component=126,0,fail,4/10,0.01
NonOverlappingTemplate,ciphertext,3,1000000,component=127,0,fail,3/10,0.01
NonOverlappingTemplate,ciphertext,3,1000000,component=128,0,fail,4/10,0.01
NonOverlappingTemplate,ciphertext,3,1000000,component=129,0,fail,1/10,0.01
NonOverlappingTemplate,ciphertext,3,1000000,component=130,0,fail,4/10,0.01
NonOverlappingTemplate,ciphertext,3,1000000,component=131,0,fail,1/10,0.01
NonOverlappingTemplate,ciphertext,3,1000000,component=132,0,fail,2/10,0.01
NonOverlappingTemplate,ciphertext,3,1000000,component=133,0.000111,fail,4/10,0.01
NonOverlappingTemplate,ciphertext,3,1000000,component=134,0,fail,4/10,0.01
NonOverlappingTemplate,ciphertext,3,1000000,component=135,0,fail,2/10,0.01
NonOverlappingTemplate,ciphertext,3,1000000,component=136,0,fail,2/10,0.01
NonOverlappingTemplate,ciphertext,3,1000000,component=137,0,fail,3/10,0.01
NonOverlappingTemplate,ciphertext,3,1000000,component=138,0,fail,2/10,0.01
NonOverlappingTemplate,ciphertext,3,1000000,component=139,0,fail,0/10,0.01
NonOverlappingTemplate,ciphertext,3,1000000,component=140,0,fail,1/10,0.01
NonOverlappingTemplate,ciphertext,3,1000000,component=141,0,fail,4/10,0.01
NonOverlappingTemplate,ciphertext,3,1000000,component=142,0,fail,2/10,0.01
NonOverlappingTemplate,ciphertext,3,1000000,component=143,0,fail,0/10,0.01
NonOverlappingTemplate,ciphertext,3,1000000,component=144,0,fail,1/10,0.01
NonOverlappingTemplate,ciphertext,3,1000000,component=145,0,fail,2/10,0.01
NonOverlappingTemplate,ciphertext,3,1000000,component=146,0,fail,1/10,0.01
NonOverlappingTemplate,ciphertext,3,1000000,component=147,0,fail,0/10,0.01
NonOverlappingTemplate,ciphertext,3,1000000,component=148,0,fail,0/10,0.01
NonOverlappingTemplate,ciphertext,4,1000000,component=1,0,fail,1/10,0.01
NonOverlappingTemplate,ciphertext,4,1000000,component=2,0,fail,1/10,0.01
NonOverlappingTemplate,ciphertext,4,1000000,component=3,0,fail,1/10,0.01
NonOverlappingTemplate,ciphertext,4,1000000,component=4,0,fail,2/10,0.01
NonOverlappingTemplate,ciphertext,4,1000000,component=5,0,fail,0/10,0.01
NonOverlappingTemplate,ciphertext,4,1000000,component=6,0,fail,1/10,0.01
NonOverlappingTemplate,ciphertext,4,1000000,component=7,0,fail,1/10,0.01
NonOverlappingTemplate,ciphertext,4,1000000,component=8,0.027822,pass,3/10,0.01
NonOverlappingTemplate,ciphertext,4,1000000,component=9,0,fail,0/10,0.01
NonOverlappingTemplate,ciphertext,4,1000000,component=10,0,fail,2/10,0.01
NonOverlappingTemplate,ciphertext,4,1000000,component=11,0,fail,1/10,0.01
NonOverlappingTemplate,ciphertext,4,1000000,component=12,0.012167,pass,6/10,0.01
NonOverlappingTemplate,ciphertext,4,1000000,component=13,0,fail,2/10,0.01
NonOverlappingTemplate,ciphertext,4,1000000,component=14,1e-06,fail,4/10,0.01
NonOverlappingTemplate,ciphertext,4,1000000,component=15,0.423561,pass,5/10,0.01
NonOverlappingTemplate,ciphertext,4,1000000,component=16,0,fail,2/10,0.01
NonOverlappingTemplate,ciphertext,4,1000000,component=17,0,fail,1/10,0.01
NonOverlappingTemplate,ciphertext,4,1000000,component=18,0,fail,1/10,0.01
NonOverlappingTemplate,ciphertext,4,1000000,component=19,0.101551,pass,6/10,0.01
NonOverlappingTemplate,ciphertext,4,1000000,component=20,0,fail,2/10,0.01
NonOverlappingTemplate,ciphertext,4,1000000,component=21,0,fail,4/10,0.01
NonOverlappingTemplate,ciphertext,4,1000000,component=22,0,fail,4/10,0.01
NonOverlappingTemplate,ciphertext,4,1000000,component=23,0,fail,2/10,0.01
NonOverlappingTemplate,ciphertext,4,1000000,component=24,5e-06,fail,4/10,0.01
NonOverlappingTemplate,ciphertext,4,1000000,component=25,0,fail,4/10,0.01
NonOverlappingTemplate,ciphertext,4,1000000,component=26,0,fail,3/10,0.01
NonOverlappingTemplate,ciphertext,4,1000000,component=27,0.033384,pass,6/10,0.01
NonOverlappingTemplate,ciphertext,4,1000000,component=28,0,fail,4/10,0.01
NonOverlappingTemplate,ciphertext,4,1000000,component=29,0,fail,4/10,0.01
NonOverlappingTemplate,ciphertext,4,1000000,component=30,0,fail,2/10,0.01
NonOverlappingTemplate,ciphertext,4,1000000,component=31,0,fail,2/10,0.01
NonOverlappingTemplate,ciphertext,4,1000000,component=32,0,fail,1/10,0.01
NonOverlappingTemplate,ciphertext,4,1000000,component=33,0.179211,pass,6/10,0.01
NonOverlappingTemplate,ciphertext,4,1000000,component=34,1.6e-05,fail,3/10,0.01
NonOverlappingTemplate,ciphertext,4,1000000,component=35,0.000296,fail,3/10,0.01
NonOverlappingTemplate,ciphertext,4,1000000,component=36,0,fail,2/10,0.01
NonOverlappingTemplate,ciphertext,4,1000000,component=37,0.004574,fail,4/10,0.01
NonOverlappingTemplate,ciphertext,4,1000000,component=38,0,fail,4/10,0.01
NonOverlappingTemplate,ciphertext,4,1000000,component=39,0,fail,4/10,0.01
NonOverlappingTemplate,ciphertext,4,1000000,component=40,0,fail,4/10,0.01
NonOverlappingTemplate,ciphertext,4,1000000,component=41,0,fail,3/10,0.01
NonOverlappingTemplate,ciphertext,4,1000000,component=42,0,fail,1/10,0.01
NonOverlappingTemplate,ciphertext,4,1000000,component=43,1.8e-05,fail,3/10,0.01
NonOverlappingTemplate,ciphertext,4,1000000,component=44,0,fail,3/10,0.01
NonOverlappingTemplate,ciphertext,4,1000000,component=45,0,fail,3/10,0.01
NonOverlappingTemplate,ciphertext,4,1000000,component=46,0,fail,3/10,0.01
NonOverlappingTemplate,ciphertext,4,1000000,component=47,0,fail,2/10,0.01
NonOverlappingTemplate,ciphertext,4,1000000,component=48,0,fail,2/10,0.01
NonOverlappingTemplate,ciphertext,4,1000000,component=49,0,fail,1/10,0.01
NonOverlappingTemplate,ciphertext,4,1000000,component=50,0,fail,1/10,0.01
NonOverlappingTemplate,ciphertext,4,1000000,component=51,0,fail,1/10,0.01
NonOverlappingTemplate,ciphertext,4,1000000,component=52,0,fail,0/10,0.01
NonOverlappingTemplate,ciphertext,4,1000000,component=53,0,fail,1/10,0.01
NonOverlappingTemplate,ciphertext,4,1000000,component=54,6.9e-05,fail,3/10,0.01
NonOverlappingTemplate,ciphertext,4,1000000,component=55,0.027183,pass,6/10,0.01
NonOverlappingTemplate,ciphertext,4,1000000,component=56,0,fail,2/10,0.01
NonOverlappingTemplate,ciphertext,4,1000000,component=57,0.075258,pass,5/10,0.01
NonOverlappingTemplate,ciphertext,4,1000000,component=58,0,fail,4/10,0.01
NonOverlappingTemplate,ciphertext,4,1000000,component=59,0,fail,4/10,0.01
NonOverlappingTemplate,ciphertext,4,1000000,component=60,0,fail,2/10,0.01
NonOverlappingTemplate,ciphertext,4,1000000,component=61,0.350105,pass,5/10,0.01
NonOverlappingTemplate,ciphertext,4,1000000,component=62,0,fail,5/10,0.01
NonOverlappingTemplate,ciphertext,4,1000000,component=63,0,fail,1/10,0.01
NonOverlappingTemplate,ciphertext,4,1000000,component=64,0,fail,1/10,0.01
NonOverlappingTemplate,ciphertext,4,1000000,component=65,0,fail,1/10,0.01
NonOverlappingTemplate,ciphertext,4,1000000,component=66,0,fail,1/10,0.01
NonOverlappingTemplate,ciphertext,4,1000000,component=67,0,fail,0/10,0.01
NonOverlappingTemplate,ciphertext,4,1000000,component=68,0,fail,0/10,0.01
NonOverlappingTemplate,ciphertext,4,1000000,component=69,0,fail,3/10,0.01
NonOverlappingTemplate,ciphertext,4,1000000,component=70,0,fail,1/10,0.01
NonOverlappingTemplate,ciphertext,4,1000000,component=71,0,fail,1/10,0.01
NonOverlappingTemplate,ciphertext,4,1000000,component=72,0,fail,0/10,0.01
NonOverlappingTemplate,ciphertext,4,1000000,component=73,0,fail,0/10,0.01
NonOverlappingTemplate,ciphertext,4,1000000,component=74,0,fail,0/10,0.01
NonOverlappingTemplate,ciphertext,4,1000000,component=75,0,fail,1/10,0.01
NonOverlappingTemplate,ciphertext,4,1000000,component=76,0,fail,1/10,0.01
NonOverlappingTemplate,ciphertext,4,1000000,component=77,0,fail,1/10,0.01
NonOverlappingTemplate,ciphertext,4,1000000,component=78,0,fail,2/10,0.01
NonOverlappingTemplate,ciphertext,4,1000000,component=79,0,fail,2/10,0.01
NonOverlappingTemplate,ciphertext,4,1000000,component=80,0.172613,pass,6/10,0.01
NonOverlappingTemplate,ciphertext,4,1000000,component=81,0,fail,1/10,0.01
NonOverlappingTemplate,ciphertext,4,1000000,component=82,0,fail,1/10,0.01
NonOverlappingTemplate,ciphertext,4,1000000,component=83,0,fail,2/10,0.01
NonOverlappingTemplate,ciphertext,4,1000000,component=84,0.064627,pass,6/10,0.01
NonOverlappingTemplate,ciphertext,4,1000000,component=85,0,fail,1/10,0.01
NonOverlappingTemplate,ciphertext,4,1000000,component=86,0.003204,fail,2/10,0.01
NonOverlappingTemplate,ciphertext,4,1000000,component=87,0.00038,fail,4/10,0.01
NonOverlappingTemplate,ciphertext,4,1000000,component=88,0,fail,2/10,0.01
NonOverlappingTemplate,ciphertext,4,1000000,component=89,0,fail,2/10,0.01
NonOverlappingTemplate,ciphertext,4,1000000,component=90,0.015841,pass,6/10,0.01
NonOverlappingTemplate,ciphertext,4,1000000,component=91,0,fail,4/10,0.01
NonOverlappingTemplate,ciphertext,4,1000000,component=92,0,fail,4/10,0.01
NonOverlappingTemplate,ciphertext,4,1000000,component=93,0.254115,pass,6/10,0.01
NonOverlappingTemplate,ciphertext,4,1000000,component=94,0,fail,4/10,0.01
NonOverlappingTemplate,ciphertext,4,1000000,component=95,0,fail,4/10,0.01
NonOverlappingTemplate,ciphertext,4,1000000,component=96,0,fail,2/10,0.01
NonOverlappingTemplate,ciphertext,4,1000000,component=97,0,fail,1/10,0.01
NonOverlappingTemplate,ciphertext,4,1000000,component=98,0,fail,1/10,0.01
NonOverlappingTemplate,ciphertext,4,1000000,component=99,0,fail,2/10,0.01
NonOverlappingTemplate,ciphertext,4,1000000,component=100,0,fail,2/10,0.01
NonOverlappingTemplate,ciphertext,4,1000000,component=101,0.02095,pass,6/10,0.01
NonOverlappingTemplate,ciphertext,4,1000000,component=102,0,fail,1/10,0.01
NonOverlappingTemplate,ciphertext,4,1000000,component=103,0.562835,pass,4/10,0.01
NonOverlappingTemplate,ciphertext,4,1000000,component=104,0.001635,fail,5/10,0.01
NonOverlappingTemplate,ciphertext,4,1000000,component=105,6e-06,fail,4/10,0.01
NonOverlappingTemplate,ciphertext,4,1000000,component=106,0,fail,5/10,0.01
NonOverlappingTemplate,ciphertext,4,1000000,component=107,0,fail,1/10,0.01
NonOverlappingTemplate,ciphertext,4,1000000,component=108,0.038323,pass,4/10,0.01
NonOverlappingTemplate,ciphertext,4,1000000,component=109,0.026256,pass,6/10,0.01
NonOverlappingTemplate,ciphertext,4,1000000,component=110,1e-06,fail,4/10,0.01
NonOverlappingTemplate,ciphertext,4,1000000,component=111,0,fail,3/10,0.01
NonOverlappingTemplate,ciphertext,4,1000000,component=112,0,fail,3/10,0.01
NonOverlappingTemplate,ciphertext,4,1000000,component=113,0,fail,4/10,0.01
NonOverlappingTemplate,ciphertext,4,1000000,component=114,0,fail,4/10,0.01
NonOverlappingTemplate,ciphertext,4,1000000,component=115,0,fail,4/10,0.01
NonOverlappingTemplate,ciphertext,4,1000000,component=116,0,fail,4/10,0.01
NonOverlappingTemplate,ciphertext,4,1000000,component=117,0,fail,1/10,0.01
NonOverlappingTemplate,ciphertext,4,1000000,component=118,0,fail,2/10,0.01
NonOverlappingTemplate,ciphertext,4,1000000,component=119,0,fail,2/10,0.01
NonOverlappingTemplate,ciphertext,4,1000000,component=120,0,fail,4/10,0.01
NonOverlappingTemplate,ciphertext,4,1000000,component=121,0.942446,pass,6/10,0.01
NonOverlappingTemplate,ciphertext,4,1000000,component=122,0,fail,4/10,0.01
NonOverlappingTemplate,ciphertext,4,1000000,component=123,0.247839,pass,4/10,0.01
NonOverlappingTemplate,ciphertext,4,1000000,component=124,0,fail,4/10,0.01
NonOverlappingTemplate,ciphertext,4,1000000,component=125,0,fail,2/10,0.01
NonOverlappingTemplate,ciphertext,4,1000000,component=126,0.003706,fail,4/10,0.01
NonOverlappingTemplate,ciphertext,4,1000000,component=127,0,fail,3/10,0.01
NonOverlappingTemplate,ciphertext,4,1000000,component=128,0,fail,4/10,0.01
NonOverlappingTemplate,ciphertext,4,1000000,component=129,0,fail,1/10,0.01
NonOverlappingTemplate,ciphertext,4,1000000,component=130,0,fail,4/10,0.01
NonOverlappingTemplate,ciphertext,4,1000000,component=131,0,fail,1/10,0.01
NonOverlappingTemplate,ciphertext,4,1000000,component=132,0,fail,2/10,0.01
NonOverlappingTemplate,ciphertext,4,1000000,component=133,0.063608,pass,4/10,0.01
NonOverlappingTemplate,ciphertext,4,1000000,component=134,0,fail,4/10,0.01
NonOverlappingTemplate,ciphertext,4,1000000,component=135,0,fail,2/10,0.01
NonOverlappingTemplate,ciphertext,4,1000000,component=136,0,fail,2/10,0.01
NonOverlappingTemplate,ciphertext,4,1000000,component=137,0,fail,3/10,0.01
NonOverlappingTemplate,ciphertext,4,1000000,component=138,0,fail,2/10,0.01
NonOverlappingTemplate,ciphertext,4,1000000,component=139,0,fail,0/10,0.01
NonOverlappingTemplate,ciphertext,4,1000000,component=140,0,fail,1/10,0.01
NonOverlappingTemplate,ciphertext,4,1000000,component=141,0,fail,4/10,0.01
NonOverlappingTemplate,ciphertext,4,1000000,component=142,0,fail,2/10,0.01
NonOverlappingTemplate,ciphertext,4,1000000,component=143,0,fail,0/10,0.01
NonOverlappingTemplate,ciphertext,4,1000000,component=144,0,fail,1/10,0.01
NonOverlappingTemplate,ciphertext,4,1000000,component=145,0,fail,2/10,0.01
NonOverlappingTemplate,ciphertext,4,1000000,component=146,0,fail,1/10,0.01
NonOverlappingTemplate,ciphertext,4,1000000,component=147,0,fail,0/10,0.01
NonOverlappingTemplate,ciphertext,4,1000000,component=148,0,fail,0/10,0.01
NonOverlappingTemplate,ciphertext,5,1000000,component=1,0.024619,pass,1/10,0.01
NonOverlappingTemplate,ciphertext,5,1000000,component=2,0.041061,pass,1/10,0.01
NonOverlappingTemplate,ciphertext,5,1000000,component=3,0.042986,pass,1/10,0.01
NonOverlappingTemplate,ciphertext,5,1000000,component=4,0.525529,pass,2/10,0.01
NonOverlappingTemplate,ciphertext,5,1000000,component=5,9.9e-05,fail,0/10,0.01
NonOverlappingTemplate,ciphertext,5,1000000,component=6,0.385986,pass,1/10,0.01
NonOverlappingTemplate,ciphertext,5,1000000,component=7,0.992181,pass,1/10,0.01
NonOverlappingTemplate,ciphertext,5,1000000,component=8,0.60405,pass,3/10,0.01
NonOverlappingTemplate,ciphertext,5,1000000,component=9,2e-05,fail,0/10,0.01
NonOverlappingTemplate,ciphertext,5,1000000,component=10,0.105432,pass,2/10,0.01
NonOverlappingTemplate,ciphertext,5,1000000,component=11,0.274738,pass,1/10,0.01
NonOverlappingTemplate,ciphertext,5,1000000,component=12,0.362773,pass,6/10,0.01
NonOverlappingTemplate,ciphertext,5,1000000,component=13,0.06822,pass,2/10,0.01
NonOverlappingTemplate,ciphertext,5,1000000,component=14,0.770309,pass,4/10,0.01
NonOverlappingTemplate,ciphertext,5,1000000,component=15,0.681987,pass,5/10,0.01
NonOverlappingTemplate,ciphertext,5,1000000,component=16,0.046789,pass,2/10,0.01
NonOverlappingTemplate,ciphertext,5,1000000,component=17,0.763805,pass,1/10,0.01
NonOverlappingTemplate,ciphertext,5,1000000,component=18,3.8e-05,fail,1/10,0.01
NonOverlappingTemplate,ciphertext,5,1000000,component=19,0.183336,pass,6/10,0.01
NonOverlappingTemplate,ciphertext,5,1000000,component=20,0.656287,pass,2/10,0.01
NonOverlappingTemplate,ciphertext,5,1000000,component=21,0.919701,pass,4/10,0.01
NonOverlappingTemplate,ciphertext,5,1000000,component=22,0.380217,pass,4/10,0.01
NonOverlappingTemplate,ciphertext,5,1000000,component=23,0.190843,pass,2/10,0.01
NonOverlappingTemplate,ciphertext,5,1000000,component=24,0.807216,pass,4/10,0.01
NonOverlappingTemplate,ciphertext,5,1000000,component=25,0.811033,pass,4/10,0.01
NonOverlappingTemplate,ciphertext,5,1000000,component=26,0.111351,pass,3/10,0.01
NonOverlappingTemplate,ciphertext,5,1000000,component=27,0.627346,pass,6/10,0.01
NonOverlappingTemplate,ciphertext,5,1000000,component=28,0.085898,pass,4/10,0.01
NonOverlappingTemplate,ciphertext,5,1000000,component=29,0.666365,pass,4/10,0.01
NonOverlappingTemplate,ciphertext,5,1000000,component=30,0.072909,pass,2/10,0.01
NonOverlappingTemplate,ciphertext,5,1000000,component=31,0.029398,pass,2/10,0.01
NonOverlappingTemplate,ciphertext,5,1000000,component=32,0.01948,pass,1/10,0.01
NonOverlappingTemplate,ciphertext,5,1000000,component=33,0.658659,pass,6/10,0.01
NonOverlappingTemplate,ciphertext,5,1000000,component=34,0.002105,fail,3/10,0.01
NonOverlappingTemplate,ciphertext,5,1000000,component=35,0.07668,pass,3/10,0.01
NonOverlappingTemplate,ciphertext,5,1000000,component=36,0.02095,pass,2/10,0.01
NonOverlappingTemplate,ciphertext,5,1000000,component=37,0.547235,pass,4/10,0.01
NonOverlappingTemplate,ciphertext,5,1000000,component=38,0.975171,pass,4/10,0.01
NonOverlappingTemplate,ciphertext,5,1000000,component=39,0.027254,pass,4/10,0.01
NonOverlappingTemplate,ciphertext,5,1000000,component=40,0.255558,pass,4/10,0.01
NonOverlappingTemplate,ciphertext,5,1000000,component=41,0.292004,pass,3/10,0.01
NonOverlappingTemplate,ciphertext,5,1000000,component=42,9.8e-05,fail,1/10,0.01
NonOverlappingTemplate,ciphertext,5,1000000,component=43,0.357781,pass,3/10,0.01
NonOverlappingTemplate,ciphertext,5,1000000,component=44,0.174629,pass,3/10,0.01
NonOverlappingTemplate,ciphertext,5,1000000,component=45,0.071478,pass,3/10,0.01
NonOverlappingTemplate,ciphertext,5,1000000,component=46,0.501708,pass,3/10,0.01
NonOverlappingTemplate,ciphertext,5,1000000,component=47,0.813248,pass,2/10,0.01
NonOverlappingTemplate,ciphertext,5,1000000,component=48,0.323429,pass,2/10,0.01
NonOverlappingTemplate,ciphertext,5,1000000,component=49,0.00034,fail,1/10,0.01
NonOverlappingTemplate,ciphertext,5,1000000,component=50,0.136283,pass,1/10,0.01
NonOverlappingTemplate,ciphertext,5,1000000,component=51,0.000424,fail,1/10,0.01
NonOverlappingTemplate,ciphertext,5,1000000,component=52,0,fail,0/10,0.01
NonOverlappingTemplate,ciphertext,5,1000000,component=53,0.368936,pass,1/10,0.01
NonOverlappingTemplate,ciphertext,5,1000000,component=54,0.286845,pass,3/10,0.01
NonOverlappingTemplate,ciphertext,5,1000000,component=55,0.544591,pass,6/10,0.01
NonOverlappingTemplate,ciphertext,5,1000000,component=56,0.320773,pass,2/10,0.01
NonOverlappingTemplate,ciphertext,5,1000000,component=57,0.706822,pass,5/10,0.01
NonOverlappingTemplate,ciphertext,5,1000000,component=58,0.476191,pass,4/10,0.01
NonOverlappingTemplate,ciphertext,5,1000000,component=59,0.993434,pass,4/10,0.01
NonOverlappingTemplate,ciphertext,5,1000000,component=60,0.078284,pass,2/10,0.01
NonOverlappingTemplate,ciphertext,5,1000000,component=61,0.223994,pass,5/10,0.01
NonOverlappingTemplate,ciphertext,5,1000000,component=62,0.230997,pass,5/10,0.01
NonOverlappingTemplate,ciphertext,5,1000000,component=63,0.441226,pass,1/10,0.01
NonOverlappingTemplate,ciphertext,5,1000000,component=64,0.035677,pass,1/10,0.01
NonOverlappingTemplate,ciphertext,5,1000000,component=65,0.095618,pass,1/10,0.01
NonOverlappingTemplate,ciphertext,5,1000000,component=66,0.071355,pass,1/10,0.01
NonOverlappingTemplate,ciphertext,5,1000000,component=67,0.000168,fail,0/10,0.01
NonOverlappingTemplate,ciphertext,5,1000000,component=68,4e-06,fail,0/10,0.01
NonOverlappingTemplate,ciphertext,5,1000000,component=69,0.567018,pass,3/10,0.01
NonOverlappingTemplate,ciphertext,5,1000000,component=70,0.037719,pass,1/10,0.01
NonOverlappingTemplate,ciphertext,5,1000000,component=71,0.030945,pass,1/10,0.01
NonOverlappingTemplate,ciphertext,5,1000000,component=72,0.004222,fail,0/10,0.01
NonOverlappingTemplate,ciphertext,5,1000000,component=73,0.001459,fail,0/10,0.01
NonOverlappingTemplate,ciphertext,5,1000000,component=74,0,fail,0/10,0.01
NonOverlappingTemplate,ciphertext,5,1000000,component=75,0.024619,pass,1/10,0.01
NonOverlappingTemplate,ciphertext,5,1000000,component=76,0.014496,pass,1/10,0.01
NonOverlappingTemplate,ciphertext,5,1000000,component=77,0.068432,pass,1/10,0.01
NonOverlappingTemplate,ciphertext,5,1000000,component=78,0.051386,pass,2/10,0.01
NonOverlappingTemplate,ciphertext,5,1000000,component=79,0.39887,pass,2/10,0.01
NonOverlappingTemplate,ciphertext,5,1000000,component=80,0.147841,pass,6/10,0.01
NonOverlappingTemplate,ciphertext,5,1000000,component=81,0.092613,pass,1/10,0.01
NonOverlappingTemplate,ciphertext,5,1000000,component=82,0.06374,pass,1/10,0.01
NonOverlappingTemplate,ciphertext,5,1000000,component=83,0.323601,pass,2/10,0.01
NonOverlappingTemplate,ciphertext,5,1000000,component=84,0.603579,pass,6/10,0.01
NonOverlappingTemplate,ciphertext,5,1000000,component=85,0.451634,pass,1/10,0.01
NonOverlappingTemplate,ciphertext,5,1000000,component=86,0.365566,pass,2/10,0.01
NonOverlappingTemplate,ciphertext,5,1000000,component=87,0.470342,pass,4/10,0.01
NonOverlappingTemplate,ciphertext,5,1000000,component=88,0.480547,pass,2/10,0.01
NonOverlappingTemplate,ciphertext,5,1000000,component=89,0.674063,pass,2/10,0.01
NonOverlappingTemplate,ciphertext,5,1000000,component=90,0.432188,pass,6/10,0.01
NonOverlappingTemplate,ciphertext,5,1000000,component=91,0.058972,pass,4/10,0.01
NonOverlappingTemplate,ciphertext,5,1000000,component=92,0.898282,pass,4/10,0.01
NonOverlappingTemplate,ciphertext,5,1000000,component=93,0.507956,pass,6/10,0.01
NonOverlappingTemplate,ciphertext,5,1000000,component=94,0.203265,pass,4/10,0.01
NonOverlappingTemplate,ciphertext,5,1000000,component=95,0.400745,pass,4/10,0.01
NonOverlappingTemplate,ciphertext,5,1000000,component=96,0.017748,pass,2/10,0.01
NonOverlappingTemplate,ciphertext,5,1000000,component=97,0.207835,pass,1/10,0.01
NonOverlappingTemplate,ciphertext,5,1000000,component=98,0.092459,pass,1/10,0.01
NonOverlappingTemplate,ciphertext,5,1000000,component=99,0.011789,pass,2/10,0.01
NonOverlappingTemplate,ciphertext,5,1000000,component=100,0.460245,pass,2/10,0.01
NonOverlappingTemplate,ciphertext,5,1000000,component=101,0.571558,pass,6/10,0.01
NonOverlappingTemplate,ciphertext,5,1000000,component=102,0.095745,pass,1/10,0.01
NonOverlappingTemplate,ciphertext,5,1000000,component=103,0.848329,pass,4/10,0.01
NonOverlappingTemplate,ciphertext,5,1000000,component=104,0.915447,pass,5/10,0.01
NonOverlappingTemplate,ciphertext,5,1000000,component=105,0.938019,pass,4/10,0.01
NonOverlappingTemplate,ciphertext,5,1000000,component=106,0.278885,pass,5/10,0.01
NonOverlappingTemplate,ciphertext,5,1000000,component=107,0.616099,pass,1/10,0.01
NonOverlappingTemplate,ciphertext,5,1000000,component=108,0.403718,pass,4/10,0.01
NonOverlappingTemplate,ciphertext,5,1000000,component=109,0.117826,pass,6/10,0.01
NonOverlappingTemplate,ciphertext,5,1000000,component=110,0.155225,pass,4/10,0.01
NonOverlappingTemplate,ciphertext,5,1000000,component=111,0.332891,pass,3/10,0.01
NonOverlappingTemplate,ciphertext,5,1000000,component=112,0.325842,pass,3/10,0.01
NonOverlappingTemplate,ciphertext,5,1000000,component=113,0.03491,pass,4/10,0.01
NonOverlappingTemplate,ciphertext,5,1000000,component=114,0.184282,pass,4/10,0.01
NonOverlappingTemplate,ciphertext,5,1000000,component=115,0.056003,pass,4/10,0.01
NonOverlappingTemplate,ciphertext,5,1000000,component=116,0.999278,pass,4/10,0.01
NonOverlappingTemplate,ciphertext,5,1000000,component=117,0.096127,pass,1/10,0.01
NonOverlappingTemplate,ciphertext,5,1000000,component=118,0.193613,pass,2/10,0.01
NonOverlappingTemplate,ciphertext,5,1000000,component=119,0.331403,pass,2/10,0.01
NonOverlappingTemplate,ciphertext,5,1000000,component=120,0.796167,pass,4/10,0.01
NonOverlappingTemplate,ciphertext,5,1000000,component=121,0.606646,pass,6/10,0.01
NonOverlappingTemplate,ciphertext,5,1000000,component=122,0.34514,pass,4/10,0.01
NonOverlappingTemplate,ciphertext,5,1000000,component=123,0.043917,pass,4/10,0.01
NonOverlappingTemplate,ciphertext,5,1000000,component=124,0.374217,pass,4/10,0.01
NonOverlappingTemplate,ciphertext,5,1000000,component=125,0.717806,pass,2/10,0.01
NonOverlappingTemplate,ciphertext,5,1000000,component=126,0.505944,pass,4/10,0.01
NonOverlappingTemplate,ciphertext,5,1000000,component=127,0.001382,fail,3/10,0.01
NonOverlappingTemplate,ciphertext,5,1000000,component=128,0.66435,pass,4/10,0.01
NonOverlappingTemplate,ciphertext,5,1000000,component=129,0.191245,pass,1/10,0.01
NonOverlappingTemplate,ciphertext,5,1000000,component=130,0.106964,pass,4/10,0.01
NonOverlappingTemplate,ciphertext,5,1000000,component=131,0.000119,fail,1/10,0.01
NonOverlappingTemplate,ciphertext,5,1000000,component=132,0.05721,pass,2/10,0.01
NonOverlappingTemplate,ciphertext,5,1000000,component=133,0.3886,pass,4/10,0.01
NonOverlappingTemplate,ciphertext,5,1000000,component=134,0.236872,pass,4/10,0.01
NonOverlappingTemplate,ciphertext,5,1000000,component=135,0.200383,pass,2/10,0.01
NonOverlappingTemplate,ciphertext,5,1000000,component=136,0.937112,pass,2/10,0.01
NonOverlappingTemplate,ciphertext,5,1000000,component=137,0.146317,pass,3/10,0.01
NonOverlappingTemplate,ciphertext,5,1000000,component=138,0.154261,pass,2/10,0.01
NonOverlappingTemplate,ciphertext,5,1000000,component=139,0.002027,fail,0/10,0.01
NonOverlappingTemplate,ciphertext,5,1000000,component=140,0.213617,pass,1/10,0.01
NonOverlappingTemplate,ciphertext,5,1000000,component=141,0.135034,pass,4/10,0.01
NonOverlappingTemplate,ciphertext,5,1000000,component=142,0.309466,pass,2/10,0.01
NonOverlappingTemplate,ciphertext,5,1000000,component=143,0,fail,0/10,0.01
NonOverlappingTemplate,ciphertext,5,1000000,component=144,0.0453,pass,1/10,0.01
NonOverlappingTemplate,ciphertext,5,1000000,component=145,0.065233,pass,2/10,0.01
NonOverlappingTemplate,ciphertext,5,1000000,component=146,1e-06,fail,1/10,0.01
NonOverlappingTemplate,ciphertext,5,1000000,component=147,0.001547,fail,0/10,0.01
NonOverlappingTemplate,ciphertext,5,1000000,component=148,0,fail,0/10,0.01
NonOverlappingTemplate,ciphertext,6,1000000,component=1,0,fail,1/10,0.01
NonOverlappingTemplate,ciphertext,6,1000000,component=2,0,fail,1/10,0.01
NonOverlappingTemplate,ciphertext,6,1000000,component=3,0,fail,1/10,0.01
NonOverlappingTemplate,ciphertext,6,1000000,component=4,1e-06,fail,2/10,0.01
NonOverlappingTemplate,ciphertext,6,1000000,component=5,0,fail,0/10,0.01
NonOverlappingTemplate,ciphertext,6,1000000,component=6,0.00618,fail,1/10,0.01
NonOverlappingTemplate,ciphertext,6,1000000,component=7,0,fail,1/10,0.01
NonOverlappingTemplate,ciphertext,6,1000000,component=8,0.001251,fail,3/10,0.01
NonOverlappingTemplate,ciphertext,6,1000000,component=9,0,fail,0/10,0.01
NonOverlappingTemplate,ciphertext,6,1000000,component=10,0.001601,fail,2/10,0.01
NonOverlappingTemplate,ciphertext,6,1000000,component=11,0.000336,fail,1/10,0.01
NonOverlappingTemplate,ciphertext,6,1000000,component=12,0.37564,pass,6/10,0.01
NonOverlappingTemplate,ciphertext,6,1000000,component=13,0.082081,pass,2/10,0.01
NonOverlappingTemplate,ciphertext,6,1000000,component=14,0.453753,pass,4/10,0.01
NonOverlappingTemplate,ciphertext,6,1000000,component=15,0.800265,pass,5/10,0.01
NonOverlappingTemplate,ciphertext,6,1000000,component=16,0.129927,pass,2/10,0.01
NonOverlappingTemplate,ciphertext,6,1000000,component=17,6.2e-05,fail,1/10,0.01
NonOverlappingTemplate,ciphertext,6,1000000,component=18,0.400844,pass,1/10,0.01
NonOverlappingTemplate,ciphertext,6,1000000,component=19,0.022584,pass,6/10,0.01
NonOverlappingTemplate,ciphertext,6,1000000,component=20,0.980579,pass,2/10,0.01
NonOverlappingTemplate,ciphertext,6,1000000,component=21,0.186579,pass,4/10,0.01
NonOverlappingTemplate,ciphertext,6,1000000,component=22,0.54528,pass,4/10,0.01
NonOverlappingTemplate,ciphertext,6,1000000,component=23,0.406006,pass,2/10,0.01
NonOverlappingTemplate,ciphertext,6,1000000,component=24,0.110735,pass,4/10,0.01
NonOverlappingTemplate,ciphertext,6,1000000,component=25,0.319578,pass,4/10,0.01
NonOverlappingTemplate,ciphertext,6,1000000,component=26,0.861214,pass,3/10,0.01
NonOverlappingTemplate,ciphertext,6,1000000,component=27,0.275808,pass,6/10,0.01
NonOverlappingTemplate,ciphertext,6,1000000,component=28,0.48503,pass,4/10,0.01
NonOverlappingTemplate,ciphertext,6,1000000,component=29,0.44269,pass,4/10,0.01
NonOverlappingTemplate,ciphertext,6,1000000,component=30,0.16673,pass,2/10,0.01
NonOverlappingTemplate,ciphertext,6,1000000,component=31,0.038991,pass,2/10,0.01
NonOverlappingTemplate,ciphertext,6,1000000,component=32,0.002402,fail,1/10,0.01
NonOverlappingTemplate,ciphertext,6,1000000,component=33,0.098122,pass,6/10,0.01
NonOverlappingTemplate,ciphertext,6,1000000,component=34,0.916877,pass,3/10,0.01
NonOverlappingTemplate,ciphertext,6,1000000,component=35,0.115482,pass,3/10,0.01
NonOverlappingTemplate,ciphertext,6,1000000,component=36,0.599336,pass,2/10,0.01
NonOverlappingTemplate,ciphertext,6,1000000,component=37,0.980182,pass,4/10,0.01
NonOverlappingTemplate,ciphertext,6,1000000,component=38,0.48503,pass,4/10,0.01
NonOverlappingTemplate,ciphertext,6,1000000,component=39,0.602871,pass,4/10,0.01
NonOverlappingTemplate,ciphertext,6,1000000,component=40,0.028589,pass,4/10,0.01
NonOverlappingTemplate,ciphertext,6,1000000,component=41,0.479129,pass,3/10,0.01
NonOverlappingTemplate,ciphertext,6,1000000,component=42,0.16673,pass,1/10,0.01
NonOverlappingTemplate,ciphertext,6,1000000,component=43,0.008147,fail,3/10,0.01
NonOverlappingTemplate,ciphertext,6,1000000,component=44,0.118783,pass,3/10,0.01
NonOverlappingTemplate,ciphertext,6,1000000,component=45,0.468616,pass,3/10,0.01
NonOverlappingTemplate,ciphertext,6,1000000,component=46,0.082414,pass,3/10,0.01
NonOverlappingTemplate,ciphertext,6,1000000,component=47,0.469155,pass,2/10,0.01
NonOverlappingTemplate,ciphertext,6,1000000,component=48,0.384442,pass,2/10,0.01
NonOverlappingTemplate,ciphertext,6,1000000,component=49,0.484264,pass,1/10,0.01
NonOverlappingTemplate,ciphertext,6,1000000,component=50,0.002532,fail,1/10,0.01
NonOverlappingTemplate,ciphertext,6,1000000,component=51,0.053003,pass,1/10,0.01
NonOverlappingTemplate,ciphertext,6,1000000,component=52,0.007316,fail,0/10,0.01
NonOverlappingTemplate,ciphertext,6,1000000,component=53,0.000596,fail,1/10,0.01
NonOverlappingTemplate,ciphertext,6,1000000,component=54,0.00696,fail,3/10,0.01
NonOverlappingTemplate,ciphertext,6,1000000,component=55,0.878143,pass,6/10,0.01
NonOverlappingTemplate,ciphertext,6,1000000,component=56,0.399856,pass,2/10,0.01
NonOverlappingTemplate,ciphertext,6,1000000,component=57,0.071649,pass,5/10,0.01
NonOverlappingTemplate,ciphertext,6,1000000,component=58,0.016935,pass,4/10,0.01
NonOverlappingTemplate,ciphertext,6,1000000,component=59,0.0265,pass,4/10,0.01
NonOverlappingTemplate,ciphertext,6,1000000,component=60,0.237828,pass,2/10,0.01
NonOverlappingTemplate,ciphertext,6,1000000,component=61,0.08613,pass,5/10,0.01
NonOverlappingTemplate,ciphertext,6,1000000,component=62,0.170406,pass,5/10,0.01
NonOverlappingTemplate,ciphertext,6,1000000,component=63,1e-05,fail,1/10,0.01
NonOverlappingTemplate,ciphertext,6,1000000,component=64,0.001161,fail,1/10,0.01
NonOverlappingTemplate,ciphertext,6,1000000,component=65,0.007815,fail,1/10,0.01
NonOverlappingTemplate,ciphertext,6,1000000,component=66,0.000686,fail,1/10,0.01
NonOverlappingTemplate,ciphertext,6,1000000,component=67,0.001069,fail,0/10,0.01
NonOverlappingTemplate,ciphertext,6,1000000,component=68,0.000166,fail,0/10,0.01
NonOverlappingTemplate,ciphertext,6,1000000,component=69,0.006891,fail,3/10,0.01
NonOverlappingTemplate,ciphertext,6,1000000,component=70,0.004245,fail,1/10,0.01
NonOverlappingTemplate,ciphertext,6,1000000,component=71,0.002354,fail,1/10,0.01
NonOverlappingTemplate,ciphertext,6,1000000,component=72,0.000461,fail,0/10,0.01
NonOverlappingTemplate,ciphertext,6,1000000,component=73,0.002475,fail,0/10,0.01
NonOverlappingTemplate,ciphertext,6,1000000,component=74,0.0001,fail,0/10,0.01
NonOverlappingTemplate,ciphertext,6,1000000,component=75,0,fail,1/10,0.01
NonOverlappingTemplate,ciphertext,6,1000000,component=76,0,fail,1/10,0.01
NonOverlappingTemplate,ciphertext,6,1000000,component=77,0,fail,1/10,0.01
NonOverlappingTemplate,ciphertext,6,1000000,component=78,0.053942,pass,2/10,0.01
NonOverlappingTemplate,ciphertext,6,1000000,component=79,0.193903,pass,2/10,0.01
NonOverlappingTemplate,ciphertext,6,1000000,component=80,0.211301,pass,6/10,0.01
NonOverlappingTemplate,ciphertext,6,1000000,component=81,0,fail,1/10,0.01
NonOverlappingTemplate,ciphertext,6,1000000,component=82,3e-06,fail,1/10,0.01
NonOverlappingTemplate,ciphertext,6,1000000,component=83,0.018025,pass,2/10,0.01
NonOverlappingTemplate,ciphertext,6,1000000,component=84,0.022059,pass,6/10,0.01
NonOverlappingTemplate,ciphertext,6,1000000,component=85,0.000569,fail,1/10,0.01
NonOverlappingTemplate,ciphertext,6,1000000,component=86,0.996901,pass,2/10,0.01
NonOverlappingTemplate,ciphertext,6,1000000,component=87,0.175967,pass,4/10,0.01
NonOverlappingTemplate,ciphertext,6,1000000,component=88,0.291286,pass,2/10,0.01
NonOverlappingTemplate,ciphertext,6,1000000,component=89,1e-06,fail,2/10,0.01
NonOverlappingTemplate,ciphertext,6,1000000,component=90,0.180413,pass,6/10,0.01
NonOverlappingTemplate,ciphertext,6,1000000,component=91,0.079649,pass,4/10,0.01
NonOverlappingTemplate,ciphertext,6,1000000,component=92,0.27742,pass,4/10,0.01
NonOverlappingTemplate,ciphertext,6,1000000,component=93,0.594275,pass,6/10,0.01
NonOverlappingTemplate,ciphertext,6,1000000,component=94,0.509523,pass,4/10,0.01
NonOverlappingTemplate,ciphertext,6,1000000,component=95,0.58582,pass,4/10,0.01
NonOverlappingTemplate,ciphertext,6,1000000,component=96,0.045721,pass,2/10,0.01
NonOverlappingTemplate,ciphertext,6,1000000,component=97,0,fail,1/10,0.01
NonOverlappingTemplate,ciphertext,6,1000000,component=98,0.005447,fail,1/10,0.01
NonOverlappingTemplate,ciphertext,6,1000000,component=99,0.012485,pass,2/10,0.01
NonOverlappingTemplate,ciphertext,6,1000000,component=100,0.145538,pass,2/10,0.01
NonOverlappingTemplate,ciphertext,6,1000000,component=101,0.738306,pass,6/10,0.01
NonOverlappingTemplate,ciphertext,6,1000000,component=102,0.004393,fail,1/10,0.01
NonOverlappingTemplate,ciphertext,6,1000000,component=103,0.098904,pass,4/10,0.01
NonOverlappingTemplate,ciphertext,6,1000000,component=104,0.25788,pass,5/10,0.01
NonOverlappingTemplate,ciphertext,6,1000000,component=105,0.990697,pass,4/10,0.01
NonOverlappingTemplate,ciphertext,6,1000000,component=106,0.378401,pass,5/10,0.01
NonOverlappingTemplate,ciphertext,6,1000000,component=107,0.000107,fail,1/10,0.01
NonOverlappingTemplate,ciphertext,6,1000000,component=108,0.702366,pass,4/10,0.01
NonOverlappingTemplate,ciphertext,6,1000000,component=109,0.277882,pass,6/10,0.01
NonOverlappingTemplate,ciphertext,6,1000000,component=110,0.194194,pass,4/10,0.01
NonOverlappingTemplate,ciphertext,6,1000000,component=111,0.020393,pass,3/10,0.01
NonOverlappingTemplate,ciphertext,6,1000000,component=112,0.400844,pass,3/10,0.01
NonOverlappingTemplate,ciphertext,6,1000000,component=113,0.218564,pass,4/10,0.01
NonOverlappingTemplate,ciphertext,6,1000000,component=114,0.084041,pass,4/10,0.01
NonOverlappingTemplate,ciphertext,6,1000000,component=115,0.049535,pass,4/10,0.01
NonOverlappingTemplate,ciphertext,6,1000000,component=116,0.800588,pass,4/10,0.01
NonOverlappingTemplate,ciphertext,6,1000000,component=117,0.001504,fail,1/10,0.01
NonOverlappingTemplate,ciphertext,6,1000000,component=118,0.065617,pass,2/10,0.01
NonOverlappingTemplate,ciphertext,6,1000000,component=119,0,fail,2/10,0.01
NonOverlappingTemplate,ciphertext,6,1000000,component=120,0.944228,pass,4/10,0.01
NonOverlappingTemplate,ciphertext,6,1000000,component=121,0.086622,pass,6/10,0.01
NonOverlappingTemplate,ciphertext,6,1000000,component=122,0.091325,pass,4/10,0.01
NonOverlappingTemplate,ciphertext,6,1000000,component=123,0.001623,fail,4/10,0.01
NonOverlappingTemplate,ciphertext,6,1000000,component=124,0.764368,pass,4/10,0.01
NonOverlappingTemplate,ciphertext,6,1000000,component=125,0.465602,pass,2/10,0.01
NonOverlappingTemplate,ciphertext,6,1000000,component=126,0.811033,pass,4/10,0.01
NonOverlappingTemplate,ciphertext,6,1000000,component=127,0.196651,pass,3/10,0.01
NonOverlappingTemplate,ciphertext,6,1000000,component=128,0.771761,pass,4/10,0.01
NonOverlappingTemplate,ciphertext,6,1000000,component=129,0.005443,fail,1/10,0.01
NonOverlappingTemplate,ciphertext,6,1000000,component=130,0.391031,pass,4/10,0.01
NonOverlappingTemplate,ciphertext,6,1000000,component=131,0.010934,pass,1/10,0.01
NonOverlappingTemplate,ciphertext,6,1000000,component=132,0.088087,pass,2/10,0.01
NonOverlappingTemplate,ciphertext,6,1000000,component=133,0.150409,pass,4/10,0.01
NonOverlappingTemplate,ciphertext,6,1000000,component=134,0.072785,pass,4/10,0.01
NonOverlappingTemplate,ciphertext,6,1000000,component=135,0.194835,pass,2/10,0.01
NonOverlappingTemplate,ciphertext,6,1000000,component=136,0.367716,pass,2/10,0.01
NonOverlappingTemplate,ciphertext,6,1000000,component=137,0.108906,pass,3/10,0.01
NonOverlappingTemplate,ciphertext,6,1000000,component=138,0.023502,pass,2/10,0.01
NonOverlappingTemplate,ciphertext,6,1000000,component=139,0.007568,fail,0/10,0.01
NonOverlappingTemplate,ciphertext,6,1000000,component=140,0.000558,fail,1/10,0.01
NonOverlappingTemplate,ciphertext,6,1000000,component=141,0.751467,pass,4/10,0.01
NonOverlappingTemplate,ciphertext,6,1000000,component=142,0.616099,pass,2/10,0.01
NonOverlappingTemplate,ciphertext,6,1000000,component=143,0.006378,fail,0/10,0.01
NonOverlappingTemplate,ciphertext,6,1000000,component=144,0.000695,fail,1/10,0.01
NonOverlappingTemplate,ciphertext,6,1000000,component=145,0.023086,pass,2/10,0.01
NonOverlappingTemplate,ciphertext,6,1000000,component=146,0.116422,pass,1/10,0.01
NonOverlappingTemplate,ciphertext,6,1000000,component=147,0.000823,fail,0/10,0.01
NonOverlappingTemplate,ciphertext,6,1000000,component=148,0.0001,fail,0/10,0.01
NonOverlappingTemplate,ciphertext,7,1000000,component=1,0,fail,1/10,0.01
NonOverlappingTemplate,ciphertext,7,1000000,component=2,0,fail,1/10,0.01
NonOverlappingTemplate,ciphertext,7,1000000,component=3,0,fail,1/10,0.01
NonOverlappingTemplate,ciphertext,7,1000000,component=4,0,fail,2/10,0.01
NonOverlappingTemplate,ciphertext,7,1000000,component=5,0,fail,0/10,0.01
NonOverlappingTemplate,ciphertext,7,1000000,component=6,0,fail,1/10,0.01
NonOverlappingTemplate,ciphertext,7,1000000,component=7,0,fail,1/10,0.01
NonOverlappingTemplate,ciphertext,7,1000000,component=8,0,fail,3/10,0.01
NonOverlappingTemplate,ciphertext,7,1000000,component=9,0,fail,0/10,0.01
NonOverlappingTemplate,ciphertext,7,1000000,component=10,0,fail,2/10,0.01
NonOverlappingTemplate,ciphertext,7,1000000,component=11,0,fail,1/10,0.01
NonOverlappingTemplate,ciphertext,7,1000000,component=12,0,fail,6/10,0.01
NonOverlappingTemplate,ciphertext,7,1000000,component=13,0,fail,2/10,0.01
NonOverlappingTemplate,ciphertext,7,1000000,component=14,0,fail,4/10,0.01
NonOverlappingTemplate,ciphertext,7,1000000,component=15,0,fail,5/10,0.01
NonOverlappingTemplate,ciphertext,7,1000000,component=16,0,fail,2/10,0.01
NonOverlappingTemplate,ciphertext,7,1000000,component=17,0,fail,1/10,0.01
NonOverlappingTemplate,ciphertext,7,1000000,component=18,0,fail,1/10,0.01
NonOverlappingTemplate,ciphertext,7,1000000,component=19,0,fail,6/10,0.01
NonOverlappingTemplate,ciphertext,7,1000000,component=20,0,fail,2/10,0.01
NonOverlappingTemplate,ciphertext,7,1000000,component=21,0,fail,4/10,0.01
NonOverlappingTemplate,ciphertext,7,1000000,component=22,0,fail,4/10,0.01
NonOverlappingTemplate,ciphertext,7,1000000,component=23,0,fail,2/10,0.01
NonOverlappingTemplate,ciphertext,7,1000000,component=24,0,fail,4/10,0.01
NonOverlappingTemplate,ciphertext,7,1000000,component=25,0,fail,4/10,0.01
NonOverlappingTemplate,ciphertext,7,1000000,component=26,0.016473,pass,3/10,0.01
NonOverlappingTemplate,ciphertext,7,1000000,component=27,0,fail,6/10,0.01
NonOverlappingTemplate,ciphertext,7,1000000,component=28,0.053791,pass,4/10,0.01
NonOverlappingTemplate,ciphertext,7,1000000,component=29,0.393079,pass,4/10,0.01
NonOverlappingTemplate,ciphertext,7,1000000,component=30,4e-06,fail,2/10,0.01
NonOverlappingTemplate,ciphertext,7,1000000,component=31,0,fail,2/10,0.01
NonOverlappingTemplate,ciphertext,7,1000000,component=32,0,fail,1/10,0.01
NonOverlappingTemplate,ciphertext,7,1000000,component=33,0,fail,6/10,0.01
NonOverlappingTemplate,ciphertext,7,1000000,component=34,0,fail,3/10,0.01
NonOverlappingTemplate,ciphertext,7,1000000,component=35,0,fail,3/10,0.01
NonOverlappingTemplate,ciphertext,7,1000000,component=36,1e-06,fail,2/10,0.01
NonOverlappingTemplate,ciphertext,7,1000000,component=37,0,fail,4/10,0.01
NonOverlappingTemplate,ciphertext,7,1000000,component=38,0,fail,4/10,0.01
NonOverlappingTemplate,ciphertext,7,1000000,component=39,0.566669,pass,4/10,0.01
NonOverlappingTemplate,ciphertext,7,1000000,component=40,0.426118,pass,4/10,0.01
NonOverlappingTemplate,ciphertext,7,1000000,component=41,0.010892,pass,3/10,0.01
NonOverlappingTemplate,ciphertext,7,1000000,component=42,0,fail,1/10,0.01
NonOverlappingTemplate,ciphertext,7,1000000,component=43,0,fail,3/10,0.01
NonOverlappingTemplate,ciphertext,7,1000000,component=44,0.00825,fail,3/10,0.01
NonOverlappingTemplate,ciphertext,7,1000000,component=45,0.282923,pass,3/10,0.01
NonOverlappingTemplate,ciphertext,7,1000000,component=46,0.020111,pass,3/10,0.01
NonOverlappingTemplate,ciphertext,7,1000000,component=47,0,fail,2/10,0.01
NonOverlappingTemplate,ciphertext,7,1000000,component=48,0.000852,fail,2/10,0.01
NonOverlappingTemplate,ciphertext,7,1000000,component=49,0,fail,1/10,0.01
NonOverlappingTemplate,ciphertext,7,1000000,component=50,0,fail,1/10,0.01
NonOverlappingTemplate,ciphertext,7,1000000,component=51,0,fail,1/10,0.01
NonOverlappingTemplate,ciphertext,7,1000000,component=52,0,fail,0/10,0.01
NonOverlappingTemplate,ciphertext,7,1000000,component=53,0,fail,1/10,0.01
NonOverlappingTemplate,ciphertext,7,1000000,component=54,0,fail,3/10,0.01
NonOverlappingTemplate,ciphertext,7,1000000,component=55,0,fail,6/10,0.01
NonOverlappingTemplate,ciphertext,7,1000000,component=56,0.004631,fail,2/10,0.01
NonOverlappingTemplate,ciphertext,7,1000000,component=57,0,fail,5/10,0.01
NonOverlappingTemplate,ciphertext,7,1000000,component=58,0.625687,pass,4/10,0.01
NonOverlappingTemplate,ciphertext,7,1000000,component=59,0.102122,pass,4/10,0.01
NonOverlappingTemplate,ciphertext,7,1000000,component=60,0,fail,2/10,0.01
NonOverlappingTemplate,ciphertext,7,1000000,component=61,0,fail,5/10,0.01
NonOverlappingTemplate,ciphertext,7,1000000,component=62,0.238307,pass,5/10,0.01
NonOverlappingTemplate,ciphertext,7,1000000,component=63,0,fail,1/10,0.01
NonOverlappingTemplate,ciphertext,7,1000000,component=64,0,fail,1/10,0.01
NonOverlappingTemplate,ciphertext,7,1000000,component=65,0,fail,1/10,0.01
NonOverlappingTemplate,ciphertext,7,1000000,component=66,0,fail,1/10,0.01
NonOverlappingTemplate,ciphertext,7,1000000,component=67,0,fail,0/10,0.01
NonOverlappingTemplate,ciphertext,7,1000000,component=68,0,fail,0/10,0.01
NonOverlappingTemplate,ciphertext,7,1000000,component=69,0.810187,pass,3/10,0.01
NonOverlappingTemplate,ciphertext,7,1000000,component=70,0,fail,1/10,0.01
NonOverlappingTemplate,ciphertext,7,1000000,component=71,0,fail,1/10,0.01
NonOverlappingTemplate,ciphertext,7,1000000,component=72,0,fail,0/10,0.01
NonOverlappingTemplate,ciphertext,7,1000000,component=73,0,fail,0/10,0.01
NonOverlappingTemplate,ciphertext,7,1000000,component=74,0,fail,0/10,0.01
NonOverlappingTemplate,ciphertext,7,1000000,component=75,0,fail,1/10,0.01
NonOverlappingTemplate,ciphertext,7,1000000,component=76,0,fail,1/10,0.01
NonOverlappingTemplate,ciphertext,7,1000000,component=77,0,fail,1/10,0.01
NonOverlappingTemplate,ciphertext,7,1000000,component=78,0,fail,2/10,0.01
NonOverlappingTemplate,ciphertext,7,1000000,component=79,0,fail,2/10,0.01
NonOverlappingTemplate,ciphertext,7,1000000,component=80,0,fail,6/10,0.01
NonOverlappingTemplate,ciphertext,7,1000000,component=81,0,fail,1/10,0.01
NonOverlappingTemplate,ciphertext,7,1000000,component=82,0,fail,1/10,0.01
NonOverlappingTemplate,ciphertext,7,1000000,component=83,0,fail,2/10,0.01
NonOverlappingTemplate,ciphertext,7,1000000,component=84,0,fail,6/10,0.01
NonOverlappingTemplate,ciphertext,7,1000000,component=85,0,fail,1/10,0.01
NonOverlappingTemplate,ciphertext,7,1000000,component=86,0,fail,2/10,0.01
NonOverlappingTemplate,ciphertext,7,1000000,component=87,0,fail,4/10,0.01
NonOverlappingTemplate,ciphertext,7,1000000,component=88,0.004361,fail,2/10,0.01
NonOverlappingTemplate,ciphertext,7,1000000,component=89,0,fail,2/10,0.01
NonOverlappingTemplate,ciphertext,7,1000000,component=90,0,fail,6/10,0.01
NonOverlappingTemplate,ciphertext,7,1000000,component=91,0,fail,4/10,0.01
NonOverlappingTemplate,ciphertext,7,1000000,component=92,0.132227,pass,4/10,0.01
NonOverlappingTemplate,ciphertext,7,1000000,component=93,0,fail,6/10,0.01
NonOverlappingTemplate,ciphertext,7,1000000,component=94,0.055729,pass,4/10,0.01
NonOverlappingTemplate,ciphertext,7,1000000,component=95,0.927109,pass,4/10,0.01
NonOverlappingTemplate,ciphertext,7,1000000,component=96,0,fail,2/10,0.01
NonOverlappingTemplate,ciphertext,7,1000000,component=97,0,fail,1/10,0.01
NonOverlappingTemplate,ciphertext,7,1000000,component=98,0,fail,1/10,0.01
NonOverlappingTemplate,ciphertext,7,1000000,component=99,0,fail,2/10,0.01
NonOverlappingTemplate,ciphertext,7,1000000,component=100,0,fail,2/10,0.01
NonOverlappingTemplate,ciphertext,7,1000000,component=101,0,fail,6/10,0.01
NonOverlappingTemplate,ciphertext,7,1000000,component=102,0,fail,1/10,0.01
NonOverlappingTemplate,ciphertext,7,1000000,component=103,0,fail,4/10,0.01
NonOverlappingTemplate,ciphertext,7,1000000,component=104,0,fail,5/10,0.01
NonOverlappingTemplate,ciphertext,7,1000000,component=105,0,fail,4/10,0.01
NonOverlappingTemplate,ciphertext,7,1000000,component=106,0.381942,pass,5/10,0.01
NonOverlappingTemplate,ciphertext,7,1000000,component=107,0,fail,1/10,0.01
NonOverlappingTemplate,ciphertext,7,1000000,component=108,0,fail,4/10,0.01
NonOverlappingTemplate,ciphertext,7,1000000,component=109,0,fail,6/10,0.01
NonOverlappingTemplate,ciphertext,7,1000000,component=110,0,fail,4/10,0.01
NonOverlappingTemplate,ciphertext,7,1000000,component=111,1e-06,fail,3/10,0.01
NonOverlappingTemplate,ciphertext,7,1000000,component=112,0.007592,fail,3/10,0.01
NonOverlappingTemplate,ciphertext,7,1000000,component=113,0,fail,4/10,0.01
NonOverlappingTemplate,ciphertext,7,1000000,component=114,0.030329,pass,4/10,0.01
NonOverlappingTemplate,ciphertext,7,1000000,component=115,0.016188,pass,4/10,0.01
NonOverlappingTemplate,ciphertext,7,1000000,component=116,0.321371,pass,4/10,0.01
NonOverlappingTemplate,ciphertext,7,1000000,component=117,0,fail,1/10,0.01
NonOverlappingTemplate,ciphertext,7,1000000,component=118,0,fail,2/10,0.01
NonOverlappingTemplate,ciphertext,7,1000000,component=119,0,fail,2/10,0.01
NonOverlappingTemplate,ciphertext,7,1000000,component=120,0,fail,4/10,0.01
NonOverlappingTemplate,ciphertext,7,1000000,component=121,0,fail,6/10,0.01
NonOverlappingTemplate,ciphertext,7,1000000,component=122,0.360456,pass,4/10,0.01
NonOverlappingTemplate,ciphertext,7,1000000,component=123,0,fail,4/10,0.01
NonOverlappingTemplate,ciphertext,7,1000000,component=124,0.181567,pass,4/10,0.01
NonOverlappingTemplate,ciphertext,7,1000000,component=125,0.001072,fail,2/10,0.01
NonOverlappingTemplate,ciphertext,7,1000000,component=126,0,fail,4/10,0.01
NonOverlappingTemplate,ciphertext,7,1000000,component=127,0.491627,pass,3/10,0.01
NonOverlappingTemplate,ciphertext,7,1000000,component=128,0.975248,pass,4/10,0.01
NonOverlappingTemplate,ciphertext,7,1000000,component=129,0,fail,1/10,0.01
NonOverlappingTemplate,ciphertext,7,1000000,component=130,0.117712,pass,4/10,0.01
NonOverlappingTemplate,ciphertext,7,1000000,component=131,0,fail,1/10,0.01
NonOverlappingTemplate,ciphertext,7,1000000,component=132,0,fail,2/10,0.01
NonOverlappingTemplate,ciphertext,7,1000000,component=133,0,fail,4/10,0.01
NonOverlappingTemplate,ciphertext,7,1000000,component=134,0.02813,pass,4/10,0.01
NonOverlappingTemplate,ciphertext,7,1000000,component=135,3.8e-05,fail,2/10,0.01
NonOverlappingTemplate,ciphertext,7,1000000,component=136,0,fail,2/10,0.01
NonOverlappingTemplate,ciphertext,7,1000000,component=137,0.002416,fail,3/10,0.01
NonOverlappingTemplate,ciphertext,7,1000000,component=138,0,fail,2/10,0.01
NonOverlappingTemplate,ciphertext,7,1000000,component=139,0,fail,0/10,0.01
NonOverlappingTemplate,ciphertext,7,1000000,component=140,0,fail,1/10,0.01
NonOverlappingTemplate,ciphertext,7,1000000,component=141,0.364447,pass,4/10,0.01
NonOverlappingTemplate,ciphertext,7,1000000,component=142,0,fail,2/10,0.01
NonOverlappingTemplate,ciphertext,7,1000000,component=143,0,fail,0/10,0.01
NonOverlappingTemplate,ciphertext,7,1000000,component=144,0,fail,1/10,0.01
NonOverlappingTemplate,ciphertext,7,1000000,component=145,0,fail,2/10,0.01
NonOverlappingTemplate,ciphertext,7,1000000,component=146,0,fail,1/10,0.01
NonOverlappingTemplate,ciphertext,7,1000000,component=147,0,fail,0/10,0.01
NonOverlappingTemplate,ciphertext,7,1000000,component=148,0,fail,0/10,0.01
NonOverlappingTemplate,ciphertext,8,1000000,component=1,0,fail,1/10,0.01
NonOverlappingTemplate,ciphertext,8,1000000,component=2,0,fail,1/10,0.01
NonOverlappingTemplate,ciphertext,8,1000000,component=3,0,fail,1/10,0.01
NonOverlappingTemplate,ciphertext,8,1000000,component=4,7e-06,fail,2/10,0.01
NonOverlappingTemplate,ciphertext,8,1000000,component=5,0,fail,0/10,0.01
NonOverlappingTemplate,ciphertext,8,1000000,component=6,0,fail,1/10,0.01
NonOverlappingTemplate,ciphertext,8,1000000,component=7,0,fail,1/10,0.01
NonOverlappingTemplate,ciphertext,8,1000000,component=8,0.000813,fail,3/10,0.01
NonOverlappingTemplate,ciphertext,8,1000000,component=9,0,fail,0/10,0.01
NonOverlappingTemplate,ciphertext,8,1000000,component=10,0.000147,fail,2/10,0.01
NonOverlappingTemplate,ciphertext,8,1000000,component=11,1e-06,fail,1/10,0.01
NonOverlappingTemplate,ciphertext,8,1000000,component=12,0.210431,pass,6/10,0.01
NonOverlappingTemplate,ciphertext,8,1000000,component=13,0,fail,2/10,0.01
NonOverlappingTemplate,ciphertext,8,1000000,component=14,0.036316,pass,4/10,0.01
NonOverlappingTemplate,ciphertext,8,1000000,component=15,0.007574,fail,5/10,0.01
NonOverlappingTemplate,ciphertext,8,1000000,component=16,0,fail,2/10,0.01
NonOverlappingTemplate,ciphertext,8,1000000,component=17,0,fail,1/10,0.01
NonOverlappingTemplate,ciphertext,8,1000000,component=18,0,fail,1/10,0.01
NonOverlappingTemplate,ciphertext,8,1000000,component=19,0.952518,pass,6/10,0.01
NonOverlappingTemplate,ciphertext,8,1000000,component=20,0,fail,2/10,0.01
NonOverlappingTemplate,ciphertext,8,1000000,component=21,0.899435,pass,4/10,0.01
NonOverlappingTemplate,ciphertext,8,1000000,component=22,0.923198,pass,4/10,0.01
NonOverlappingTemplate,ciphertext,8,1000000,component=23,0,fail,2/10,0.01
NonOverlappingTemplate,ciphertext,8,1000000,component=24,0.586993,pass,4/10,0.01
NonOverlappingTemplate,ciphertext,8,1000000,component=25,0.382902,pass,4/10,0.01
NonOverlappingTemplate,ciphertext,8,1000000,component=26,0,fail,3/10,0.01
NonOverlappingTemplate,ciphertext,8,1000000,component=27,0.318642,pass,6/10,0.01
NonOverlappingTemplate,ciphertext,8,1000000,component=28,6e-06,fail,4/10,0.01
NonOverlappingTemplate,ciphertext,8,1000000,component=29,0,fail,4/10,0.01
NonOverlappingTemplate,ciphertext,8,1000000,component=30,0,fail,2/10,0.01
NonOverlappingTemplate,ciphertext,8,1000000,component=31,0,fail,2/10,0.01
NonOverlappingTemplate,ciphertext,8,1000000,component=32,0,fail,1/10,0.01
NonOverlappingTemplate,ciphertext,8,1000000,component=33,0.402627,pass,6/10,0.01
NonOverlappingTemplate,ciphertext,8,1000000,component=34,0.443423,pass,3/10,0.01
NonOverlappingTemplate,ciphertext,8,1000000,component=35,0.003676,fail,3/10,0.01
NonOverlappingTemplate,ciphertext,8,1000000,component=36,0,fail,2/10,0.01
NonOverlappingTemplate,ciphertext,8,1000000,component=37,0.014109,pass,4/10,0.01
NonOverlappingTemplate,ciphertext,8,1000000,component=38,0.440913,pass,4/10,0.01
NonOverlappingTemplate,ciphertext,8,1000000,component=39,0,fail,4/10,0.01
NonOverlappingTemplate,ciphertext,8,1000000,component=40,0,fail,4/10,0.01
NonOverlappingTemplate,ciphertext,8,1000000,component=41,9.9e-05,fail,3/10,0.01
NonOverlappingTemplate,ciphertext,8,1000000,component=42,0,fail,1/10,0.01
NonOverlappingTemplate,ciphertext,8,1000000,component=43,0.025303,pass,3/10,0.01
NonOverlappingTemplate,ciphertext,8,1000000,component=44,1e-06,fail,3/10,0.01
NonOverlappingTemplate,ciphertext,8,1000000,component=45,4.6e-05,fail,3/10,0.01
NonOverlappingTemplate,ciphertext,8,1000000,component=46,0.000598,fail,3/10,0.01
NonOverlappingTemplate,ciphertext,8,1000000,component=47,0,fail,2/10,0.01
NonOverlappingTemplate,ciphertext,8,1000000,component=48,0.001005,fail,2/10,0.01
NonOverlappingTemplate,ciphertext,8,1000000,component=49,0,fail,1/10,0.01
NonOverlappingTemplate,ciphertext,8,1000000,component=50,0,fail,1/10,0.01
NonOverlappingTemplate,ciphertext,8,1000000,component=51,0,fail,1/10,0.01
NonOverlappingTemplate,ciphertext,8,1000000,component=52,0,fail,0/10,0.01
NonOverlappingTemplate,ciphertext,8,1000000,component=53,0,fail,1/10,0.01
NonOverlappingTemplate,ciphertext,8,1000000,component=54,0.920436,pass,3/10,0.01
NonOverlappingTemplate,ciphertext,8,1000000,component=55,0.60523,pass,6/10,0.01
NonOverlappingTemplate,ciphertext,8,1000000,component=56,1.1e-05,fail,2/10,0.01
NonOverlappingTemplate,ciphertext,8,1000000,component=57,0.00278,fail,5/10,0.01
NonOverlappingTemplate,ciphertext,8,1000000,component=58,3e-06,fail,4/10,0.01
NonOverlappingTemplate,ciphertext,8,1000000,component=59,5e-06,fail,4/10,0.01
NonOverlappingTemplate,ciphertext,8,1000000,component=60,0,fail,2/10,0.01
NonOverlappingTemplate,ciphertext,8,1000000,component=61,0.021822,pass,5/10,0.01
NonOverlappingTemplate,ciphertext,8,1000000,component=62,0.001662,fail,5/10,0.01
NonOverlappingTemplate,ciphertext,8,1000000,component=63,0.000346,fail,1/10,0.01
NonOverlappingTemplate,ciphertext,8,1000000,component=64,0,fail,1/10,0.01
NonOverlappingTemplate,ciphertext,8,1000000,component=65,3e-06,fail,1/10,0.01
NonOverlappingTemplate,ciphertext,8,1000000,component=66,0,fail,1/10,0.01
NonOverlappingTemplate,ciphertext,8,1000000,component=67,0,fail,0/10,0.01
NonOverlappingTemplate,ciphertext,8,1000000,component=68,0,fail,0/10,0.01
NonOverlappingTemplate,ciphertext,8,1000000,component=69,0.000808,fail,3/10,0.01
NonOverlappingTemplate,ciphertext,8,1000000,component=70,0,fail,1/10,0.01
NonOverlappingTemplate,ciphertext,8,1000000,component=71,0,fail,1/10,0.01
NonOverlappingTemplate,ciphertext,8,1000000,component=72,0,fail,0/10,0.01
NonOverlappingTemplate,ciphertext,8,1000000,component=73,0,fail,0/10,0.01
NonOverlappingTemplate,ciphertext,8,1000000,component=74,0,fail,0/10,0.01
NonOverlappingTemplate,ciphertext,8,1000000,component=75,0,fail,1/10,0.01
NonOverlappingTemplate,ciphertext,8,1000000,component=76,0,fail,1/10,0.01
NonOverlappingTemplate,ciphertext,8,1000000,component=77,0,fail,1/10,0.01
NonOverlappingTemplate,ciphertext,8,1000000,component=78,0,fail,2/10,0.01
NonOverlappingTemplate,ciphertext,8,1000000,component=79,0,fail,2/10,0.01
NonOverlappingTemplate,ciphertext,8,1000000,component=80,0.273822,pass,6/10,0.01
NonOverlappingTemplate,ciphertext,8,1000000,component=81,0,fail,1/10,0.01
NonOverlappingTemplate,ciphertext,8,1000000,component=82,0,fail,1/10,0.01
NonOverlappingTemplate,ciphertext,8,1000000,component=83,0,fail,2/10,0.01
NonOverlappingTemplate,ciphertext,8,1000000,component=84,0.013657,pass,6/10,0.01
NonOverlappingTemplate,ciphertext,8,1000000,component=85,0,fail,1/10,0.01
NonOverlappingTemplate,ciphertext,8,1000000,component=86,0.003663,fail,2/10,0.01
NonOverlappingTemplate,ciphertext,8,1000000,component=87,0.250036,pass,4/10,0.01
NonOverlappingTemplate,ciphertext,8,1000000,component=88,6e-06,fail,2/10,0.01
NonOverlappingTemplate,ciphertext,8,1000000,component=89,0,fail,2/10,0.01
NonOverlappingTemplate,ciphertext,8,1000000,component=90,0.119785,pass,6/10,0.01
NonOverlappingTemplate,ciphertext,8,1000000,component=91,0.216524,pass,4/10,0.01
NonOverlappingTemplate,ciphertext,8,1000000,component=92,0.000113,fail,4/10,0.01
NonOverlappingTemplate,ciphertext,8,1000000,component=93,0.173353,pass,6/10,0.01
NonOverlappingTemplate,ciphertext,8,1000000,component=94,0.000392,fail,4/10,0.01
NonOverlappingTemplate,ciphertext,8,1000000,component=95,0,fail,4/10,0.01
NonOverlappingTemplate,ciphertext,8,1000000,component=96,0,fail,2/10,0.01
NonOverlappingTemplate,ciphertext,8,1000000,component=97,0,fail,1/10,0.01
NonOverlappingTemplate,ciphertext,8,1000000,component=98,0,fail,1/10,0.01
NonOverlappingTemplate,ciphertext,8,1000000,component=99,1.3e-05,fail,2/10,0.01
NonOverlappingTemplate,ciphertext,8,1000000,component=100,0,fail,2/10,0.01
NonOverlappingTemplate,ciphertext,8,1000000,component=101,0.112006,pass,6/10,0.01
NonOverlappingTemplate,ciphertext,8,1000000,component=102,0,fail,1/10,0.01
NonOverlappingTemplate,ciphertext,8,1000000,component=103,0.176182,pass,4/10,0.01
NonOverlappingTemplate,ciphertext,8,1000000,component=104,0.451846,pass,5/10,0.01
NonOverlappingTemplate,ciphertext,8,1000000,component=105,0.044152,pass,4/10,0.01
NonOverlappingTemplate,ciphertext,8,1000000,component=106,0.069808,pass,5/10,0.01
NonOverlappingTemplate,ciphertext,8,1000000,component=107,0.001586,fail,1/10,0.01
NonOverlappingTemplate,ciphertext,8,1000000,component=108,0.235647,pass,4/10,0.01
NonOverlappingTemplate,ciphertext,8,1000000,component=109,0.689187,pass,6/10,0.01
NonOverlappingTemplate,ciphertext,8,1000000,component=110,0.021402,pass,4/10,0.01
NonOverlappingTemplate,ciphertext,8,1000000,component=111,0.025785,pass,3/10,0.01
NonOverlappingTemplate,ciphertext,8,1000000,component=112,1.5e-05,fail,3/10,0.01
NonOverlappingTemplate,ciphertext,8,1000000,component=113,0.402825,pass,4/10,0.01
NonOverlappingTemplate,ciphertext,8,1000000,component=114,0.002394,fail,4/10,0.01
NonOverlappingTemplate,ciphertext,8,1000000,component=115,0,fail,4/10,0.01
NonOverlappingTemplate,ciphertext,8,1000000,component=116,0,fail,4/10,0.01
NonOverlappingTemplate,ciphertext,8,1000000,component=117,0,fail,1/10,0.01
NonOverlappingTemplate,ciphertext,8,1000000,component=118,0,fail,2/10,0.01
NonOverlappingTemplate,ciphertext,8,1000000,component=119,0.020841,pass,2/10,0.01
NonOverlappingTemplate,ciphertext,8,1000000,component=120,0.89378,pass,4/10,0.01
NonOverlappingTemplate,ciphertext,8,1000000,component=121,0.27041,pass,6/10,0.01
NonOverlappingTemplate,ciphertext,8,1000000,component=122,1e-06,fail,4/10,0.01
NonOverlappingTemplate,ciphertext,8,1000000,component=123,0.706705,pass,4/10,0.01
NonOverlappingTemplate,ciphertext,8,1000000,component=124,0.002524,fail,4/10,0.01
NonOverlappingTemplate,ciphertext,8,1000000,component=125,3.3e-05,fail,2/10,0.01
NonOverlappingTemplate,ciphertext,8,1000000,component=126,0.153829,pass,4/10,0.01
NonOverlappingTemplate,ciphertext,8,1000000,component=127,3.5e-05,fail,3/10,0.01
NonOverlappingTemplate,ciphertext,8,1000000,component=128,0,fail,4/10,0.01
NonOverlappingTemplate,ciphertext,8,1000000,component=129,0,fail,1/10,0.01
NonOverlappingTemplate,ciphertext,8,1000000,component=130,0,fail,4/10,0.01
NonOverlappingTemplate,ciphertext,8,1000000,component=131,0,fail,1/10,0.01
NonOverlappingTemplate,ciphertext,8,1000000,component=132,0,fail,2/10,0.01
NonOverlappingTemplate,ciphertext,8,1000000,component=133,0.000837,fail,4/10,0.01
NonOverlappingTemplate,ciphertext,8,1000000,component=134,3e-06,fail,4/10,0.01
NonOverlappingTemplate,ciphertext,8,1000000,component=135,0,fail,2/10,0.01
NonOverlappingTemplate,ciphertext,8,1000000,component=136,0,fail,2/10,0.01
NonOverlappingTemplate,ciphertext,8,1000000,component=137,0,fail,3/10,0.01
NonOverlappingTemplate,ciphertext,8,1000000,component=138,0,fail,2/10,0.01
NonOverlappingTemplate,ciphertext,8,1000000,component=139,0,fail,0/10,0.01
NonOverlappingTemplate,ciphertext,8,1000000,component=140,0,fail,1/10,0.01
NonOverlappingTemplate,ciphertext,8,1000000,component=141,0,fail,4/10,0.01
NonOverlappingTemplate,ciphertext,8,1000000,component=142,0,fail,2/10,0.01
NonOverlappingTemplate,ciphertext,8,1000000,component=143,0,fail,0/10,0.01
NonOverlappingTemplate,ciphertext,8,1000000,component=144,0,fail,1/10,0.01
NonOverlappingTemplate,ciphertext,8,1000000,component=145,0,fail,2/10,0.01
NonOverlappingTemplate,ciphertext,8,1000000,component=146,0,fail,1/10,0.01
NonOverlappingTemplate,ciphertext,8,1000000,component=147,0,fail,0/10,0.01
NonOverlappingTemplate,ciphertext,8,1000000,component=148,0,fail,0/10,0.01
NonOverlappingTemplate,ciphertext,9,1000000,component=1,0,fail,1/10,0.01
NonOverlappingTemplate,ciphertext,9,1000000,component=2,0,fail,1/10,0.01
NonOverlappingTemplate,ciphertext,9,1000000,component=3,0,fail,1/10,0.01
NonOverlappingTemplate,ciphertext,9,1000000,component=4,0,fail,2/10,0.01
NonOverlappingTemplate,ciphertext,9,1000000,component=5,0,fail,0/10,0.01
NonOverlappingTemplate,ciphertext,9,1000000,component=6,0,fail,1/10,0.01
NonOverlappingTemplate,ciphertext,9,1000000,component=7,0,fail,1/10,0.01
NonOverlappingTemplate,ciphertext,9,1000000,component=8,7.2e-05,fail,3/10,0.01
NonOverlappingTemplate,ciphertext,9,1000000,component=9,0,fail,0/10,0.01
NonOverlappingTemplate,ciphertext,9,1000000,component=10,0,fail,2/10,0.01
NonOverlappingTemplate,ciphertext,9,1000000,component=11,0.000769,fail,1/10,0.01
NonOverlappingTemplate,ciphertext,9,1000000,component=12,0,fail,6/10,0.01
NonOverlappingTemplate,ciphertext,9,1000000,component=13,0,fail,2/10,0.01
NonOverlappingTemplate,ciphertext,9,1000000,component=14,0,fail,4/10,0.01
NonOverlappingTemplate,ciphertext,9,1000000,component=15,0,fail,5/10,0.01
NonOverlappingTemplate,ciphertext,9,1000000,component=16,0,fail,2/10,0.01
NonOverlappingTemplate,ciphertext,9,1000000,component=17,0,fail,1/10,0.01
NonOverlappingTemplate,ciphertext,9,1000000,component=18,0,fail,1/10,0.01
NonOverlappingTemplate,ciphertext,9,1000000,component=19,0,fail,6/10,0.01
NonOverlappingTemplate,ciphertext,9,1000000,component=20,0,fail,2/10,0.01
NonOverlappingTemplate,ciphertext,9,1000000,component=21,0,fail,4/10,0.01
NonOverlappingTemplate,ciphertext,9,1000000,component=22,0,fail,4/10,0.01
NonOverlappingTemplate,ciphertext,9,1000000,component=23,0,fail,2/10,0.01
NonOverlappingTemplate,ciphertext,9,1000000,component=24,0,fail,4/10,0.01
NonOverlappingTemplate,ciphertext,9,1000000,component=25,0,fail,4/10,0.01
NonOverlappingTemplate,ciphertext,9,1000000,component=26,0,fail,3/10,0.01
NonOverlappingTemplate,ciphertext,9,1000000,component=27,0,fail,6/10,0.01
NonOverlappingTemplate,ciphertext,9,1000000,component=28,0,fail,4/10,0.01
NonOverlappingTemplate,ciphertext,9,1000000,component=29,0,fail,4/10,0.01
NonOverlappingTemplate,ciphertext,9,1000000,component=30,0,fail,2/10,0.01
NonOverlappingTemplate,ciphertext,9,1000000,component=31,0,fail,2/10,0.01
NonOverlappingTemplate,ciphertext,9,1000000,component=32,0,fail,1/10,0.01
NonOverlappingTemplate,ciphertext,9,1000000,component=33,0,fail,6/10,0.01
NonOverlappingTemplate,ciphertext,9,1000000,component=34,0,fail,3/10,0.01
NonOverlappingTemplate,ciphertext,9,1000000,component=35,0,fail,3/10,0.01
NonOverlappingTemplate,ciphertext,9,1000000,component=36,0,fail,2/10,0.01
NonOverlappingTemplate,ciphertext,9,1000000,component=37,0,fail,4/10,0.01
NonOverlappingTemplate,ciphertext,9,1000000,component=38,0,fail,4/10,0.01
NonOverlappingTemplate,ciphertext,9,1000000,component=39,0,fail,4/10,0.01
NonOverlappingTemplate,ciphertext,9,1000000,component=40,0,fail,4/10,0.01
NonOverlappingTemplate,ciphertext,9,1000000,component=41,0,fail,3/10,0.01
NonOverlappingTemplate,ciphertext,9,1000000,component=42,0,fail,1/10,0.01
NonOverlappingTemplate,ciphertext,9,1000000,component=43,0,fail,3/10,0.01
NonOverlappingTemplate,ciphertext,9,1000000,component=44,0,fail,3/10,0.01
NonOverlappingTemplate,ciphertext,9,1000000,component=45,0,fail,3/10,0.01
NonOverlappingTemplate,ciphertext,9,1000000,component=46,0,fail,3/10,0.01
NonOverlappingTemplate,ciphertext,9,1000000,component=47,0,fail,2/10,0.01
NonOverlappingTemplate,ciphertext,9,1000000,component=48,0,fail,2/10,0.01
NonOverlappingTemplate,ciphertext,9,1000000,component=49,0,fail,1/10,0.01
NonOverlappingTemplate,ciphertext,9,1000000,component=50,0,fail,1/10,0.01
NonOverlappingTemplate,ciphertext,9,1000000,component=51,0,fail,1/10,0.01
NonOverlappingTemplate,ciphertext,9,1000000,component=52,0,fail,0/10,0.01
NonOverlappingTemplate,ciphertext,9,1000000,component=53,0,fail,1/10,0.01
NonOverlappingTemplate,ciphertext,9,1000000,component=54,0,fail,3/10,0.01
NonOverlappingTemplate,ciphertext,9,1000000,component=55,0,fail,6/10,0.01
NonOverlappingTemplate,ciphertext,9,1000000,component=56,0,fail,2/10,0.01
NonOverlappingTemplate,ciphertext,9,1000000,component=57,0,fail,5/10,0.01
NonOverlappingTemplate,ciphertext,9,1000000,component=58,0,fail,4/10,0.01
NonOverlappingTemplate,ciphertext,9,1000000,component=59,0,fail,4/10,0.01
NonOverlappingTemplate,ciphertext,9,1000000,component=60,0,fail,2/10,0.01
NonOverlappingTemplate,ciphertext,9,1000000,component=61,0,fail,5/10,0.01
NonOverlappingTemplate,ciphertext,9,1000000,component=62,0,fail,5/10,0.01
NonOverlappingTemplate,ciphertext,9,1000000,component=63,0,fail,1/10,0.01
NonOverlappingTemplate,ciphertext,9,1000000,component=64,0,fail,1/10,0.01
NonOverlappingTemplate,ciphertext,9,1000000,component=65,0,fail,1/10,0.01
NonOverlappingTemplate,ciphertext,9,1000000,component=66,0,fail,1/10,0.01
NonOverlappingTemplate,ciphertext,9,1000000,component=67,0,fail,0/10,0.01
NonOverlappingTemplate,ciphertext,9,1000000,component=68,0,fail,0/10,0.01
NonOverlappingTemplate,ciphertext,9,1000000,component=69,0,fail,3/10,0.01
NonOverlappingTemplate,ciphertext,9,1000000,component=70,0,fail,1/10,0.01
NonOverlappingTemplate,ciphertext,9,1000000,component=71,0,fail,1/10,0.01
NonOverlappingTemplate,ciphertext,9,1000000,component=72,0,fail,0/10,0.01
NonOverlappingTemplate,ciphertext,9,1000000,component=73,0,fail,0/10,0.01
NonOverlappingTemplate,ciphertext,9,1000000,component=74,0,fail,0/10,0.01
NonOverlappingTemplate,ciphertext,9,1000000,component=75,0,fail,1/10,0.01
NonOverlappingTemplate,ciphertext,9,1000000,component=76,0,fail,1/10,0.01
NonOverlappingTemplate,ciphertext,9,1000000,component=77,0,fail,1/10,0.01
NonOverlappingTemplate,ciphertext,9,1000000,component=78,0,fail,2/10,0.01
NonOverlappingTemplate,ciphertext,9,1000000,component=79,0,fail,2/10,0.01
NonOverlappingTemplate,ciphertext,9,1000000,component=80,0,fail,6/10,0.01
NonOverlappingTemplate,ciphertext,9,1000000,component=81,0,fail,1/10,0.01
NonOverlappingTemplate,ciphertext,9,1000000,component=82,0,fail,1/10,0.01
NonOverlappingTemplate,ciphertext,9,1000000,component=83,0,fail,2/10,0.01
NonOverlappingTemplate,ciphertext,9,1000000,component=84,0,fail,6/10,0.01
NonOverlappingTemplate,ciphertext,9,1000000,component=85,0,fail,1/10,0.01
NonOverlappingTemplate,ciphertext,9,1000000,component=86,0,fail,2/10,0.01
NonOverlappingTemplate,ciphertext,9,1000000,component=87,0,fail,4/10,0.01
NonOverlappingTemplate,ciphertext,9,1000000,component=88,0,fail,2/10,0.01
NonOverlappingTemplate,ciphertext,9,1000000,component=89,0,fail,2/10,0.01
NonOverlappingTemplate,ciphertext,9,1000000,component=90,0,fail,6/10,0.01
NonOverlappingTemplate,ciphertext,9,1000000,component=91,0,fail,4/10,0.01
NonOverlappingTemplate,ciphertext,9,1000000,component=92,0,fail,4/10,0.01
NonOverlappingTemplate,ciphertext,9,1000000,component=93,1e-06,fail,6/10,0.01
NonOverlappingTemplate,ciphertext,9,1000000,component=94,0,fail,4/10,0.01
NonOverlappingTemplate,ciphertext,9,1000000,component=95,0,fail,4/10,0.01
NonOverlappingTemplate,ciphertext,9,1000000,component=96,0,fail,2/10,0.01
NonOverlappingTemplate,ciphertext,9,1000000,component=97,0,fail,1/10,0.01
NonOverlappingTemplate,ciphertext,9,1000000,component=98,0,fail,1/10,0.01
NonOverlappingTemplate,ciphertext,9,1000000,component=99,0,fail,2/10,0.01
NonOverlappingTemplate,ciphertext,9,1000000,component=100,0,fail,2/10,0.01
NonOverlappingTemplate,ciphertext,9,1000000,component=101,0,fail,6/10,0.01
NonOverlappingTemplate,ciphertext,9,1000000,component=102,0,fail,1/10,0.01
NonOverlappingTemplate,ciphertext,9,1000000,component=103,0,fail,4/10,0.01
NonOverlappingTemplate,ciphertext,9,1000000,component=104,0,fail,5/10,0.01
NonOverlappingTemplate,ciphertext,9,1000000,component=105,0,fail,4/10,0.01
NonOverlappingTemplate,ciphertext,9,1000000,component=106,0,fail,5/10,0.01
NonOverlappingTemplate,ciphertext,9,1000000,component=107,0,fail,1/10,0.01
NonOverlappingTemplate,ciphertext,9,1000000,component=108,0,fail,4/10,0.01
NonOverlappingTemplate,ciphertext,9,1000000,component=109,0,fail,6/10,0.01
NonOverlappingTemplate,ciphertext,9,1000000,component=110,0,fail,4/10,0.01
NonOverlappingTemplate,ciphertext,9,1000000,component=111,0,fail,3/10,0.01
NonOverlappingTemplate,ciphertext,9,1000000,component=112,0,fail,3/10,0.01
NonOverlappingTemplate,ciphertext,9,1000000,component=113,0,fail,4/10,0.01
NonOverlappingTemplate,ciphertext,9,1000000,component=114,0,fail,4/10,0.01
NonOverlappingTemplate,ciphertext,9,1000000,component=115,0,fail,4/10,0.01
NonOverlappingTemplate,ciphertext,9,1000000,component=116,0,fail,4/10,0.01
NonOverlappingTemplate,ciphertext,9,1000000,component=117,0,fail,1/10,0.01
NonOverlappingTemplate,ciphertext,9,1000000,component=118,0,fail,2/10,0.01
NonOverlappingTemplate,ciphertext,9,1000000,component=119,0,fail,2/10,0.01
NonOverlappingTemplate,ciphertext,9,1000000,component=120,0,fail,4/10,0.01
NonOverlappingTemplate,ciphertext,9,1000000,component=121,5e-06,fail,6/10,0.01
NonOverlappingTemplate,ciphertext,9,1000000,component=122,0,fail,4/10,0.01
NonOverlappingTemplate,ciphertext,9,1000000,component=123,0,fail,4/10,0.01
NonOverlappingTemplate,ciphertext,9,1000000,component=124,0,fail,4/10,0.01
NonOverlappingTemplate,ciphertext,9,1000000,component=125,0,fail,2/10,0.01
NonOverlappingTemplate,ciphertext,9,1000000,component=126,0,fail,4/10,0.01
NonOverlappingTemplate,ciphertext,9,1000000,component=127,0,fail,3/10,0.01
NonOverlappingTemplate,ciphertext,9,1000000,component=128,0,fail,4/10,0.01
NonOverlappingTemplate,ciphertext,9,1000000,component=129,0,fail,1/10,0.01
NonOverlappingTemplate,ciphertext,9,1000000,component=130,0,fail,4/10,0.01
NonOverlappingTemplate,ciphertext,9,1000000,component=131,0,fail,1/10,0.01
NonOverlappingTemplate,ciphertext,9,1000000,component=132,0,fail,2/10,0.01
NonOverlappingTemplate,ciphertext,9,1000000,component=133,0.001459,fail,4/10,0.01
NonOverlappingTemplate,ciphertext,9,1000000,component=134,0,fail,4/10,0.01
NonOverlappingTemplate,ciphertext,9,1000000,component=135,0,fail,2/10,0.01
NonOverlappingTemplate,ciphertext,9,1000000,component=136,0,fail,2/10,0.01
NonOverlappingTemplate,ciphertext,9,1000000,component=137,0,fail,3/10,0.01
NonOverlappingTemplate,ciphertext,9,1000000,component=138,0,fail,2/10,0.01
NonOverlappingTemplate,ciphertext,9,1000000,component=139,0,fail,0/10,0.01
NonOverlappingTemplate,ciphertext,9,1000000,component=140,0,fail,1/10,0.01
NonOverlappingTemplate,ciphertext,9,1000000,component=141,0,fail,4/10,0.01
NonOverlappingTemplate,ciphertext,9,1000000,component=142,0,fail,2/10,0.01
NonOverlappingTemplate,ciphertext,9,1000000,component=143,0,fail,0/10,0.01
NonOverlappingTemplate,ciphertext,9,1000000,component=144,0,fail,1/10,0.01
NonOverlappingTemplate,ciphertext,9,1000000,component=145,0,fail,2/10,0.01
NonOverlappingTemplate,ciphertext,9,1000000,component=146,0,fail,1/10,0.01
NonOverlappingTemplate,ciphertext,9,1000000,component=147,0,fail,0/10,0.01
NonOverlappingTemplate,ciphertext,9,1000000,component=148,0,fail,0/10,0.01
NonOverlappingTemplate,ciphertext,10,1000000,component=1,0,fail,1/10,0.01
NonOverlappingTemplate,ciphertext,10,1000000,component=2,0,fail,1/10,0.01
NonOverlappingTemplate,ciphertext,10,1000000,component=3,0,fail,1/10,0.01
NonOverlappingTemplate,ciphertext,10,1000000,component=4,0,fail,2/10,0.01
NonOverlappingTemplate,ciphertext,10,1000000,component=5,0,fail,0/10,0.01
NonOverlappingTemplate,ciphertext,10,1000000,component=6,0,fail,1/10,0.01
NonOverlappingTemplate,ciphertext,10,1000000,component=7,0,fail,1/10,0.01
NonOverlappingTemplate,ciphertext,10,1000000,component=8,0.002092,fail,3/10,0.01
NonOverlappingTemplate,ciphertext,10,1000000,component=9,0,fail,0/10,0.01
NonOverlappingTemplate,ciphertext,10,1000000,component=10,0,fail,2/10,0.01
NonOverlappingTemplate,ciphertext,10,1000000,component=11,0,fail,1/10,0.01
NonOverlappingTemplate,ciphertext,10,1000000,component=12,0.150739,pass,6/10,0.01
NonOverlappingTemplate,ciphertext,10,1000000,component=13,0,fail,2/10,0.01
NonOverlappingTemplate,ciphertext,10,1000000,component=14,1e-06,fail,4/10,0.01
NonOverlappingTemplate,ciphertext,10,1000000,component=15,0.712205,pass,5/10,0.01
NonOverlappingTemplate,ciphertext,10,1000000,component=16,0,fail,2/10,0.01
NonOverlappingTemplate,ciphertext,10,1000000,component=17,0,fail,1/10,0.01
NonOverlappingTemplate,ciphertext,10,1000000,component=18,0,fail,1/10,0.01
NonOverlappingTemplate,ciphertext,10,1000000,component=19,0.022341,pass,6/10,0.01
NonOverlappingTemplate,ciphertext,10,1000000,component=20,0,fail,2/10,0.01
NonOverlappingTemplate,ciphertext,10,1000000,component=21,0,fail,4/10,0.01
NonOverlappingTemplate,ciphertext,10,1000000,component=22,0,fail,4/10,0.01
NonOverlappingTemplate,ciphertext,10,1000000,component=23,0,fail,2/10,0.01
NonOverlappingTemplate,ciphertext,10,1000000,component=24,0.008775,fail,4/10,0.01
NonOverlappingTemplate,ciphertext,10,1000000,component=25,0,fail,4/10,0.01
NonOverlappingTemplate,ciphertext,10,1000000,component=26,0,fail,3/10,0.01
NonOverlappingTemplate,ciphertext,10,1000000,component=27,0.474563,pass,6/10,0.01
NonOverlappingTemplate,ciphertext,10,1000000,component=28,0,fail,4/10,0.01
NonOverlappingTemplate,ciphertext,10,1000000,component=29,0,fail,4/10,0.01
NonOverlappingTemplate,ciphertext,10,1000000,component=30,0,fail,2/10,0.01
NonOverlappingTemplate,ciphertext,10,1000000,component=31,0,fail,2/10,0.01
NonOverlappingTemplate,ciphertext,10,1000000,component=32,0,fail,1/10,0.01
NonOverlappingTemplate,ciphertext,10,1000000,component=33,0.116914,pass,6/10,0.01
NonOverlappingTemplate,ciphertext,10,1000000,component=34,1e-06,fail,3/10,0.01
NonOverlappingTemplate,ciphertext,10,1000000,component=35,0.000587,fail,3/10,0.01
NonOverlappingTemplate,ciphertext,10,1000000,component=36,0,fail,2/10,0.01
NonOverlappingTemplate,ciphertext,10,1000000,component=37,4e-06,fail,4/10,0.01
NonOverlappingTemplate,ciphertext,10,1000000,component=38,0,fail,4/10,0.01
NonOverlappingTemplate,ciphertext,10,1000000,component=39,0,fail,4/10,0.01
NonOverlappingTemplate,ciphertext,10,1000000,component=40,0,fail,4/10,0.01
NonOverlappingTemplate,ciphertext,10,1000000,component=41,0,fail,3/10,0.01
NonOverlappingTemplate,ciphertext,10,1000000,component=42,0,fail,1/10,0.01
NonOverlappingTemplate,ciphertext,10,1000000,component=43,0,fail,3/10,0.01
NonOverlappingTemplate,ciphertext,10,1000000,component=44,0,fail,3/10,0.01
NonOverlappingTemplate,ciphertext,10,1000000,component=45,0,fail,3/10,0.01
NonOverlappingTemplate,ciphertext,10,1000000,component=46,0,fail,3/10,0.01
NonOverlappingTemplate,ciphertext,10,1000000,component=47,0,fail,2/10,0.01
NonOverlappingTemplate,ciphertext,10,1000000,component=48,0,fail,2/10,0.01
NonOverlappingTemplate,ciphertext,10,1000000,component=49,0,fail,1/10,0.01
NonOverlappingTemplate,ciphertext,10,1000000,component=50,0,fail,1/10,0.01
NonOverlappingTemplate,ciphertext,10,1000000,component=51,0,fail,1/10,0.01
NonOverlappingTemplate,ciphertext,10,1000000,component=52,0,fail,0/10,0.01
NonOverlappingTemplate,ciphertext,10,1000000,component=53,0,fail,1/10,0.01
NonOverlappingTemplate,ciphertext,10,1000000,component=54,0,fail,3/10,0.01
NonOverlappingTemplate,ciphertext,10,1000000,component=55,0.5991,pass,6/10,0.01
NonOverlappingTemplate,ciphertext,10,1000000,component=56,0,fail,2/10,0.01
NonOverlappingTemplate,ciphertext,10,1000000,component=57,0.163473,pass,5/10,0.01
NonOverlappingTemplate,ciphertext,10,1000000,component=58,0,fail,4/10,0.01
NonOverlappingTemplate,ciphertext,10,1000000,component=59,0,fail,4/10,0.01
NonOverlappingTemplate,ciphertext,10,1000000,component=60,0,fail,2/10,0.01
NonOverlappingTemplate,ciphertext,10,1000000,component=61,0.002794,fail,5/10,0.01
NonOverlappingTemplate,ciphertext,10,1000000,component=62,0,fail,5/10,0.01
NonOverlappingTemplate,ciphertext,10,1000000,component=63,0,fail,1/10,0.01
NonOverlappingTemplate,ciphertext,10,1000000,component=64,0,fail,1/10,0.01
NonOverlappingTemplate,ciphertext,10,1000000,component=65,0,fail,1/10,0.01
NonOverlappingTemplate,ciphertext,10,1000000,component=66,0,fail,1/10,0.01
NonOverlappingTemplate,ciphertext,10,1000000,component=67,0,fail,0/10,0.01
NonOverlappingTemplate,ciphertext,10,1000000,component=68,0,fail,0/10,0.01
NonOverlappingTemplate,ciphertext,10,1000000,component=69,0,fail,3/10,0.01
NonOverlappingTemplate,ciphertext,10,1000000,component=70,0,fail,1/10,0.01
NonOverlappingTemplate,ciphertext,10,1000000,component=71,0,fail,1/10,0.01
NonOverlappingTemplate,ciphertext,10,1000000,component=72,0,fail,0/10,0.01
NonOverlappingTemplate,ciphertext,10,1000000,component=73,0,fail,0/10,0.01
NonOverlappingTemplate,ciphertext,10,1000000,component=74,0,fail,0/10,0.01
NonOverlappingTemplate,ciphertext,10,1000000,component=75,0,fail,1/10,0.01
NonOverlappingTemplate,ciphertext,10,1000000,component=76,0,fail,1/10,0.01
NonOverlappingTemplate,ciphertext,10,1000000,component=77,0,fail,1/10,0.01
NonOverlappingTemplate,ciphertext,10,1000000,component=78,0,fail,2/10,0.01
NonOverlappingTemplate,ciphertext,10,1000000,component=79,0,fail,2/10,0.01
NonOverlappingTemplate,ciphertext,10,1000000,component=80,0.143401,pass,6/10,0.01
NonOverlappingTemplate,ciphertext,10,1000000,component=81,0,fail,1/10,0.01
NonOverlappingTemplate,ciphertext,10,1000000,component=82,0,fail,1/10,0.01
NonOverlappingTemplate,ciphertext,10,1000000,component=83,0,fail,2/10,0.01
NonOverlappingTemplate,ciphertext,10,1000000,component=84,0.025397,pass,6/10,0.01
NonOverlappingTemplate,ciphertext,10,1000000,component=85,0,fail,1/10,0.01
NonOverlappingTemplate,ciphertext,10,1000000,component=86,0.000863,fail,2/10,0.01
NonOverlappingTemplate,ciphertext,10,1000000,component=87,2e-06,fail,4/10,0.01
NonOverlappingTemplate,ciphertext,10,1000000,component=88,0,fail,2/10,0.01
NonOverlappingTemplate,ciphertext,10,1000000,component=89,0,fail,2/10,0.01
NonOverlappingTemplate,ciphertext,10,1000000,component=90,0.478367,pass,6/10,0.01
NonOverlappingTemplate,ciphertext,10,1000000,component=91,0.00019,fail,4/10,0.01
NonOverlappingTemplate,ciphertext,10,1000000,component=92,0,fail,4/10,0.01
NonOverlappingTemplate,ciphertext,10,1000000,component=93,0.418066,pass,6/10,0.01
NonOverlappingTemplate,ciphertext,10,1000000,component=94,0,fail,4/10,0.01
NonOverlappingTemplate,ciphertext,10,1000000,component=95,0,fail,4/10,0.01
NonOverlappingTemplate,ciphertext,10,1000000,component=96,0,fail,2/10,0.01
NonOverlappingTemplate,ciphertext,10,1000000,component=97,0,fail,1/10,0.01
NonOverlappingTemplate,ciphertext,10,1000000,component=98,0,fail,1/10,0.01
NonOverlappingTemplate,ciphertext,10,1000000,component=99,0,fail,2/10,0.01
NonOverlappingTemplate,ciphertext,10,1000000,component=100,0,fail,2/10,0.01
NonOverlappingTemplate,ciphertext,10,1000000,component=101,0.010613,pass,6/10,0.01
NonOverlappingTemplate,ciphertext,10,1000000,component=102,0,fail,1/10,0.01
NonOverlappingTemplate,ciphertext,10,1000000,component=103,9.5e-05,fail,4/10,0.01
NonOverlappingTemplate,ciphertext,10,1000000,component=104,0.167398,pass,5/10,0.01
NonOverlappingTemplate,ciphertext,10,1000000,component=105,4e-06,fail,4/10,0.01
NonOverlappingTemplate,ciphertext,10,1000000,component=106,0,fail,5/10,0.01
NonOverlappingTemplate,ciphertext,10,1000000,component=107,0,fail,1/10,0.01
NonOverlappingTemplate,ciphertext,10,1000000,component=108,0,fail,4/10,0.01
NonOverlappingTemplate,ciphertext,10,1000000,component=109,0.019334,pass,6/10,0.01
NonOverlappingTemplate,ciphertext,10,1000000,component=110,0,fail,4/10,0.01
NonOverlappingTemplate,ciphertext,10,1000000,component=111,0,fail,3/10,0.01
NonOverlappingTemplate,ciphertext,10,1000000,component=112,0,fail,3/10,0.01
NonOverlappingTemplate,ciphertext,10,1000000,component=113,0,fail,4/10,0.01
NonOverlappingTemplate,ciphertext,10,1000000,component=114,0,fail,4/10,0.01
NonOverlappingTemplate,ciphertext,10,1000000,component=115,0,fail,4/10,0.01
NonOverlappingTemplate,ciphertext,10,1000000,component=116,0,fail,4/10,0.01
NonOverlappingTemplate,ciphertext,10,1000000,component=117,0,fail,1/10,0.01
NonOverlappingTemplate,ciphertext,10,1000000,component=118,0,fail,2/10,0.01
NonOverlappingTemplate,ciphertext,10,1000000,component=119,0,fail,2/10,0.01
NonOverlappingTemplate,ciphertext,10,1000000,component=120,0.000136,fail,4/10,0.01
NonOverlappingTemplate,ciphertext,10,1000000,component=121,0.797895,pass,6/10,0.01
NonOverlappingTemplate,ciphertext,10,1000000,component=122,0,fail,4/10,0.01
NonOverlappingTemplate,ciphertext,10,1000000,component=123,1.1e-05,fail,4/10,0.01
NonOverlappingTemplate,ciphertext,10,1000000,component=124,0,fail,4/10,0.01
NonOverlappingTemplate,ciphertext,10,1000000,component=125,0,fail,2/10,0.01
NonOverlappingTemplate,ciphertext,10,1000000,component=126,0.003688,fail,4/10,0.01
NonOverlappingTemplate,ciphertext,10,1000000,component=127,0,fail,3/10,0.01
NonOverlappingTemplate,ciphertext,10,1000000,component=128,0,fail,4/10,0.01
NonOverlappingTemplate,ciphertext,10,1000000,component=129,0,fail,1/10,0.01
NonOverlappingTemplate,ciphertext,10,1000000,component=130,0,fail,4/10,0.01
NonOverlappingTemplate,ciphertext,10,1000000,component=131,0,fail,1/10,0.01
NonOverlappingTemplate,ciphertext,10,1000000,component=132,0,fail,2/10,0.01
NonOverlappingTemplate,ciphertext,10,1000000,component=133,0.012509,pass,4/10,0.01
NonOverlappingTemplate,ciphertext,10,1000000,component=134,0,fail,4/10,0.01
NonOverlappingTemplate,ciphertext,10,1000000,component=135,0,fail,2/10,0.01
NonOverlappingTemplate,ciphertext,10,1000000,component=136,0,fail,2/10,0.01
NonOverlappingTemplate,ciphertext,10,1000000,component=137,0,fail,3/10,0.01
NonOverlappingTemplate,ciphertext,10,1000000,component=138,0,fail,2/10,0.01
NonOverlappingTemplate,ciphertext,10,1000000,component=139,0,fail,0/10,0.01
NonOverlappingTemplate,ciphertext,10,1000000,component=140,0,fail,1/10,0.01
NonOverlappingTemplate,ciphertext,10,1000000,component=141,0,fail,4/10,0.01
NonOverlappingTemplate,ciphertext,10,1000000,component=142,0,fail,2/10,0.01
NonOverlappingTemplate,ciphertext,10,1000000,component=143,0,fail,0/10,0.01
NonOverlappingTemplate,ciphertext,10,1000000,component=144,0,fail,1/10,0.01
NonOverlappingTemplate,ciphertext,10,1000000,component=145,0,fail,2/10,0.01
NonOverlappingTemplate,ciphertext,10,1000000,component=146,0,fail,1/10,0.01
NonOverlappingTemplate,ciphertext,10,1000000,component=147,0,fail,0/10,0.01
NonOverlappingTemplate,ciphertext,10,1000000,component=148,0,fail,0/10,0.01
OverlappingTemplate,ciphertext,1,1000000,component=1,0,fail,2/10,0.01
OverlappingTemplate,ciphertext,2,1000000,component=1,0,fail,2/10,0.01
OverlappingTemplate,ciphertext,3,1000000,component=1,0,fail,2/10,0.01
OverlappingTemplate,ciphertext,4,1000000,component=1,0,fail,2/10,0.01
OverlappingTemplate,ciphertext,5,1000000,component=1,0.10372,pass,2/10,0.01
OverlappingTemplate,ciphertext,6,1000000,component=1,0.013465,pass,2/10,0.01
OverlappingTemplate,ciphertext,7,1000000,component=1,0,fail,2/10,0.01
OverlappingTemplate,ciphertext,8,1000000,component=1,0,fail,2/10,0.01
OverlappingTemplate,ciphertext,9,1000000,component=1,0,fail,2/10,0.01
OverlappingTemplate,ciphertext,10,1000000,component=1,0,fail,2/10,0.01
Universal,ciphertext,1,1000000,component=1,0,fail,0/10,0.01
Universal,ciphertext,2,1000000,component=1,0,fail,0/10,0.01
Universal,ciphertext,3,1000000,component=1,0,fail,0/10,0.01
Universal,ciphertext,4,1000000,component=1,0,fail,0/10,0.01
Universal,ciphertext,5,1000000,component=1,0,fail,0/10,0.01
Universal,ciphertext,6,1000000,component=1,0,fail,0/10,0.01
Universal,ciphertext,7,1000000,component=1,0,fail,0/10,0.01
Universal,ciphertext,8,1000000,component=1,0,fail,0/10,0.01
Universal,ciphertext,9,1000000,component=1,0,fail,0/10,0.01
Universal,ciphertext,10,1000000,component=1,0,fail,0/10,0.01
ApproximateEntropy,ciphertext,1,1000000,component=1,0,fail,0/10,0.01
ApproximateEntropy,ciphertext,2,1000000,component=1,0,fail,0/10,0.01
ApproximateEntropy,ciphertext,3,1000000,component=1,0,fail,0/10,0.01
ApproximateEntropy,ciphertext,4,1000000,component=1,0,fail,0/10,0.01
ApproximateEntropy,ciphertext,5,1000000,component=1,0,fail,0/10,0.01
ApproximateEntropy,ciphertext,6,1000000,component=1,0,fail,0/10,0.01
ApproximateEntropy,ciphertext,7,1000000,component=1,0,fail,0/10,0.01
ApproximateEntropy,ciphertext,8,1000000,component=1,0,fail,0/10,0.01
ApproximateEntropy,ciphertext,9,1000000,component=1,0,fail,0/10,0.01
ApproximateEntropy,ciphertext,10,1000000,component=1,0,fail,0/10,0.01
RandomExcursions,ciphertext,1,1000000,state=-4,,not-applicable,,0.01
RandomExcursions,ciphertext,1,1000000,state=-3,,not-applicable,,0.01
RandomExcursions,ciphertext,1,1000000,state=-2,,not-applicable,,0.01
RandomExcursions,ciphertext,1,1000000,state=-1,,not-applicable,,0.01
RandomExcursions,ciphertext,1,1000000,state=1,,not-applicable,,0.01
RandomExcursions,ciphertext,1,1000000,state=2,,not-applicable,,0.01
RandomExcursions,ciphertext,1,1000000,state=3,,not-applicable,,0.01
RandomExcursions,ciphertext,1,1000000,state=4,,not-applicable,,0.01
RandomExcursions,ciphertext,2,1000000,state=-4,,not-applicable,,0.01
RandomExcursions,ciphertext,2,1000000,state=-3,,not-applicable,,0.01
RandomExcursions,ciphertext,2,1000000,state=-2,,not-applicable,,0.01
RandomExcursions,ciphertext,2,1000000,state=-1,,not-applicable,,0.01
RandomExcursions,ciphertext,2,1000000,state=1,,not-applicable,,0.01
RandomExcursions,ciphertext,2,1000000,state=2,,not-applicable,,0.01
RandomExcursions,ciphertext,2,1000000,state=3,,not-applicable,,0.01
RandomExcursions,ciphertext,2,1000000,state=4,,not-applicable,,0.01
RandomExcursions,ciphertext,3,1000000,state=-4,,not-applicable,,0.01
RandomExcursions,ciphertext,3,1000000,state=-3,,not-applicable,,0.01
RandomExcursions,ciphertext,3,1000000,state=-2,,not-applicable,,0.01
RandomExcursions,ciphertext,3,1000000,state=-1,,not-applicable,,0.01
RandomExcursions,ciphertext,3,1000000,state=1,,not-applicable,,0.01
RandomExcursions,ciphertext,3,1000000,state=2,,not-applicable,,0.01
RandomExcursions,ciphertext,3,1000000,state=3,,not-applicable,,0.01
RandomExcursions,ciphertext,3,1000000,state=4,,not-applicable,,0.01
RandomExcursions,ciphertext,4,1000000,state=-4,,not-applicable,,0.01
RandomExcursions,ciphertext,4,1000000,state=-3,,not-applicable,,0.01
RandomExcursions,ciphertext,4,1000000,state=-2,,not-applicable,,0.01
RandomExcursions,ciphertext,4,1000000,state=-1,,not-applicable,,0.01
RandomExcursions,ciphertext,4,1000000,state=1,,not-applicable,,0.01
RandomExcursions,ciphertext,4,1000000,state=2,,not-applicable,,0.01
RandomExcursions,ciphertext,4,1000000,state=3,,not-applicable,,0.01
RandomExcursions,ciphertext,4,1000000,state=4,,not-applicable,,0.01
RandomExcursions,ciphertext,5,1000000,state=-4,,not-applicable,,0.01
RandomExcursions,ciphertext,5,1000000,state=-3,,not-applicable,,0.01
RandomExcursions,ciphertext,5,1000000,state=-2,,not-applicable,,0.01
RandomExcursions,ciphertext,5,1000000,state=-1,,not-applicable,,0.01
RandomExcursions,ciphertext,5,1000000,state=1,,not-applicable,,0.01
RandomExcursions,ciphertext,5,1000000,state=2,,not-applicable,,0.01
RandomExcursions,ciphertext,5,1000000,state=3,,not-applicable,,0.01
RandomExcursions,ciphertext,5,1000000,state=4,,not-applicable,,0.01
RandomExcursions,ciphertext,6,1000000,state=-4,,not-applicable,,0.01
RandomExcursions,ciphertext,6,1000000,state=-3,,not-applicable,,0.01
RandomExcursions,ciphertext,6,1000000,state=-2,,not-applicable,,0.01
RandomExcursions,ciphertext,6,1000000,state=-1,,not-applicable,,0.01
RandomExcursions,ciphertext,6,1000000,state=1,,not-applicable,,0.01
RandomExcursions,ciphertext,6,1000000,state=2,,not-applicable,,0.01
RandomExcursions,ciphertext,6,1000000,state=3,,not-applicable,,0.01
RandomExcursions,ciphertext,6,1000000,state=4,,not-applicable,,0.01
RandomExcursions,ciphertext,7,1000000,state=-4,,not-applicable,,0.01
RandomExcursions,ciphertext,7,1000000,state=-3,,not-applicable,,0.01
RandomExcursions,ciphertext,7,1000000,state=-2,,not-applicable,,0.01
RandomExcursions,ciphertext,7,1000000,state=-1,,not-applicable,,0.01
RandomExcursions,ciphertext,7,1000000,state=1,,not-applicable,,0.01
RandomExcursions,ciphertext,7,1000000,state=2,,not-applicable,,0.01
RandomExcursions,ciphertext,7,1000000,state=3,,not-applicable,,0.01
RandomExcursions,ciphertext,7,1000000,state=4,,not-applicable,,0.01
RandomExcursions,ciphertext,8,1000000,state=-4,,not-applicable,,0.01
RandomExcursions,ciphertext,8,1000000,state=-3,,not-applicable,,0.01
RandomExcursions,ciphertext,8,1000000,state=-2,,not-applicable,,0.01
RandomExcursions,ciphertext,8,1000000,state=-1,,not-applicable,,0.01
RandomExcursions,ciphertext,8,1000000,state=1,,not-applicable,,0.01
RandomExcursions,ciphertext,8,1000000,state=2,,not-applicable,,0.01
RandomExcursions,ciphertext,8,1000000,state=3,,not-applicable,,0.01
RandomExcursions,ciphertext,8,1000000,state=4,,not-applicable,,0.01
RandomExcursions,ciphertext,9,1000000,state=-4,,not-applicable,,0.01
RandomExcursions,ciphertext,9,1000000,state=-3,,not-applicable,,0.01
RandomExcursions,ciphertext,9,1000000,state=-2,,not-applicable,,0.01
RandomExcursions,ciphertext,9,1000000,state=-1,,not-applicable,,0.01
RandomExcursions,ciphertext,9,1000000,state=1,,not-applicable,,0.01
RandomExcursions,ciphertext,9,1000000,state=2,,not-applicable,,0.01
RandomExcursions,ciphertext,9,1000000,state=3,,not-applicable,,0.01
RandomExcursions,ciphertext,9,1000000,state=4,,not-applicable,,0.01
RandomExcursions,ciphertext,10,1000000,state=-4,,not-applicable,,0.01
RandomExcursions,ciphertext,10,1000000,state=-3,,not-applicable,,0.01
RandomExcursions,ciphertext,10,1000000,state=-2,,not-applicable,,0.01
RandomExcursions,ciphertext,10,1000000,state=-1,,not-applicable,,0.01
RandomExcursions,ciphertext,10,1000000,state=1,,not-applicable,,0.01
RandomExcursions,ciphertext,10,1000000,state=2,,not-applicable,,0.01
RandomExcursions,ciphertext,10,1000000,state=3,,not-applicable,,0.01
RandomExcursions,ciphertext,10,1000000,state=4,,not-applicable,,0.01
RandomExcursionsVariant,ciphertext,1,1000000,state=-9,,not-applicable,,0.01
RandomExcursionsVariant,ciphertext,1,1000000,state=-8,,not-applicable,,0.01
RandomExcursionsVariant,ciphertext,1,1000000,state=-7,,not-applicable,,0.01
RandomExcursionsVariant,ciphertext,1,1000000,state=-6,,not-applicable,,0.01
RandomExcursionsVariant,ciphertext,1,1000000,state=-5,,not-applicable,,0.01
RandomExcursionsVariant,ciphertext,1,1000000,state=-4,,not-applicable,,0.01
RandomExcursionsVariant,ciphertext,1,1000000,state=-3,,not-applicable,,0.01
RandomExcursionsVariant,ciphertext,1,1000000,state=-2,,not-applicable,,0.01
RandomExcursionsVariant,ciphertext,1,1000000,state=-1,,not-applicable,,0.01
RandomExcursionsVariant,ciphertext,1,1000000,state=1,,not-applicable,,0.01
RandomExcursionsVariant,ciphertext,1,1000000,state=2,,not-applicable,,0.01
RandomExcursionsVariant,ciphertext,1,1000000,state=3,,not-applicable,,0.01
RandomExcursionsVariant,ciphertext,1,1000000,state=4,,not-applicable,,0.01
RandomExcursionsVariant,ciphertext,1,1000000,state=5,,not-applicable,,0.01
RandomExcursionsVariant,ciphertext,1,1000000,state=6,,not-applicable,,0.01
RandomExcursionsVariant,ciphertext,1,1000000,state=7,,not-applicable,,0.01
RandomExcursionsVariant,ciphertext,1,1000000,state=8,,not-applicable,,0.01
RandomExcursionsVariant,ciphertext,1,1000000,state=9,,not-applicable,,0.01
RandomExcursionsVariant,ciphertext,2,1000000,state=-9,,not-applicable,,0.01
RandomExcursionsVariant,ciphertext,2,1000000,state=-8,,not-applicable,,0.01
RandomExcursionsVariant,ciphertext,2,1000000,state=-7,,not-applicable,,0.01
RandomExcursionsVariant,ciphertext,2,1000000,state=-6,,not-applicable,,0.01
RandomExcursionsVariant,ciphertext,2,1000000,state=-5,,not-applicable,,0.01
RandomExcursionsVariant,ciphertext,2,1000000,state=-4,,not-applicable,,0.01
RandomExcursionsVariant,ciphertext,2,1000000,state=-3,,not-applicable,,0.01
RandomExcursionsVariant,ciphertext,2,1000000,state=-2,,not-applicable,,0.01
RandomExcursionsVariant,ciphertext,2,1000000,state=-1,,not-applicable,,0.01
RandomExcursionsVariant,ciphertext,2,1000000,state=1,,not-applicable,,0.01
RandomExcursionsVariant,ciphertext,2,1000000,state=2,,not-applicable,,0.01
RandomExcursionsVariant,ciphertext,2,1000000,state=3,,not-applicable,,0.01
RandomExcursionsVariant,ciphertext,2,1000000,state=4,,not-applicable,,0.01
RandomExcursionsVariant,ciphertext,2,1000000,state=5,,not-applicable,,0.01
RandomExcursionsVariant,ciphertext,2,1000000,state=6,,not-applicable,,0.01
RandomExcursionsVariant,ciphertext,2,1000000,state=7,,not-applicable,,0.01
RandomExcursionsVariant,ciphertext,2,1000000,state=8,,not-applicable,,0.01
RandomExcursionsVariant,ciphertext,2,1000000,state=9,,not-applicable,,0.01
RandomExcursionsVariant,ciphertext,3,1000000,state=-9,,not-applicable,,0.01
RandomExcursionsVariant,ciphertext,3,1000000,state=-8,,not-applicable,,0.01
RandomExcursionsVariant,ciphertext,3,1000000,state=-7,,not-applicable,,0.01
RandomExcursionsVariant,ciphertext,3,1000000,state=-6,,not-applicable,,0.01
RandomExcursionsVariant,ciphertext,3,1000000,state=-5,,not-applicable,,0.01
RandomExcursionsVariant,ciphertext,3,1000000,state=-4,,not-applicable,,0.01
RandomExcursionsVariant,ciphertext,3,1000000,state=-3,,not-applicable,,0.01
RandomExcursionsVariant,ciphertext,3,1000000,state=-2,,not-applicable,,0.01
RandomExcursionsVariant,ciphertext,3,1000000,state=-1,,not-applicable,,0.01
RandomExcursionsVariant,ciphertext,3,1000000,state=1,,not-applicable,,0.01
RandomExcursionsVariant,ciphertext,3,1000000,state=2,,not-applicable,,0.01
RandomExcursionsVariant,ciphertext,3,1000000,state=3,,not-applicable,,0.01
RandomExcursionsVariant,ciphertext,3,1000000,state=4,,not-applicable,,0.01
RandomExcursionsVariant,ciphertext,3,1000000,state=5,,not-applicable,,0.01
RandomExcursionsVariant,ciphertext,3,1000000,state=6,,not-applicable,,0.01
RandomExcursionsVariant,ciphertext,3,1000000,state=7,,not-applicable,,0.01
RandomExcursionsVariant,ciphertext,3,1000000,state=8,,not-applicable,,0.01
RandomExcursionsVariant,ciphertext,3,1000000,state=9,,not-applicable,,0.01
RandomExcursionsVariant,ciphertext,4,1000000,state=-9,,not-applicable,,0.01
RandomExcursionsVariant,ciphertext,4,1000000,state=-8,,not-applicable,,0.01
RandomExcursionsVariant,ciphertext,4,1000000,state=-7,,not-applicable,,0.01
RandomExcursionsVariant,ciphertext,4,1000000,state=-6,,not-applicable,,0.01
RandomExcursionsVariant,ciphertext,4,1000000,state=-5,,not-applicable,,0.01
RandomExcursionsVariant,ciphertext,4,1000000,state=-4,,not-applicable,,0.01
RandomExcursionsVariant,ciphertext,4,1000000,state=-3,,not-applicable,,0.01
RandomExcursionsVariant,ciphertext,4,1000000,state=-2,,not-applicable,,0.01
RandomExcursionsVariant,ciphertext,4,1000000,state=-1,,not-applicable,,0.01
RandomExcursionsVariant,ciphertext,4,1000000,state=1,,not-applicable,,0.01
RandomExcursionsVariant,ciphertext,4,1000000,state=2,,not-applicable,,0.01
RandomExcursionsVariant,ciphertext,4,1000000,state=3,,not-applicable,,0.01
RandomExcursionsVariant,ciphertext,4,1000000,state=4,,not-applicable,,0.01
RandomExcursionsVariant,ciphertext,4,1000000,state=5,,not-applicable,,0.01
RandomExcursionsVariant,ciphertext,4,1000000,state=6,,not-applicable,,0.01
RandomExcursionsVariant,ciphertext,4,1000000,state=7,,not-applicable,,0.01
RandomExcursionsVariant,ciphertext,4,1000000,state=8,,not-applicable,,0.01
RandomExcursionsVariant,ciphertext,4,1000000,state=9,,not-applicable,,0.01
RandomExcursionsVariant,ciphertext,5,1000000,state=-9,,not-applicable,,0.01
RandomExcursionsVariant,ciphertext,5,1000000,state=-8,,not-applicable,,0.01
RandomExcursionsVariant,ciphertext,5,1000000,state=-7,,not-applicable,,0.01
RandomExcursionsVariant,ciphertext,5,1000000,state=-6,,not-applicable,,0.01
RandomExcursionsVariant,ciphertext,5,1000000,state=-5,,not-applicable,,0.01
RandomExcursionsVariant,ciphertext,5,1000000,state=-4,,not-applicable,,0.01
RandomExcursionsVariant,ciphertext,5,1000000,state=-3,,not-applicable,,0.01
RandomExcursionsVariant,ciphertext,5,1000000,state=-2,,not-applicable,,0.01
RandomExcursionsVariant,ciphertext,5,1000000,state=-1,,not-applicable,,0.01
RandomExcursionsVariant,ciphertext,5,1000000,state=1,,not-applicable,,0.01
RandomExcursionsVariant,ciphertext,5,1000000,state=2,,not-applicable,,0.01
RandomExcursionsVariant,ciphertext,5,1000000,state=3,,not-applicable,,0.01
RandomExcursionsVariant,ciphertext,5,1000000,state=4,,not-applicable,,0.01
RandomExcursionsVariant,ciphertext,5,1000000,state=5,,not-applicable,,0.01
RandomExcursionsVariant,ciphertext,5,1000000,state=6,,not-applicable,,0.01
RandomExcursionsVariant,ciphertext,5,1000000,state=7,,not-applicable,,0.01
RandomExcursionsVariant,ciphertext,5,1000000,state=8,,not-applicable,,0.01
RandomExcursionsVariant,ciphertext,5,1000000,state=9,,not-applicable,,0.01
RandomExcursionsVariant,ciphertext,6,1000000,state=-9,,not-applicable,,0.01
RandomExcursionsVariant,ciphertext,6,1000000,state=-8,,not-applicable,,0.01
RandomExcursionsVariant,ciphertext,6,1000000,state=-7,,not-applicable,,0.01
RandomExcursionsVariant,ciphertext,6,1000000,state=-6,,not-applicable,,0.01
RandomExcursionsVariant,ciphertext,6,1000000,state=-5,,not-applicable,,0.01
RandomExcursionsVariant,ciphertext,6,1000000,state=-4,,not-applicable,,0.01
RandomExcursionsVariant,ciphertext,6,1000000,state=-3,,not-applicable,,0.01
RandomExcursionsVariant,ciphertext,6,1000000,state=-2,,not-applicable,,0.01
RandomExcursionsVariant,ciphertext,6,1000000,state=-1,,not-applicable,,0.01
RandomExcursionsVariant,ciphertext,6,1000000,state=1,,not-applicable,,0.01
RandomExcursionsVariant,ciphertext,6,1000000,state=2,,not-applicable,,0.01
RandomExcursionsVariant,ciphertext,6,1000000,state=3,,not-applicable,,0.01
RandomExcursionsVariant,ciphertext,6,1000000,state=4,,not-applicable,,0.01
RandomExcursionsVariant,ciphertext,6,1000000,state=5,,not-applicable,,0.01
RandomExcursionsVariant,ciphertext,6,1000000,state=6,,not-applicable,,0.01
RandomExcursionsVariant,ciphertext,6,1000000,state=7,,not-applicable,,0.01
RandomExcursionsVariant,ciphertext,6,1000000,state=8,,not-applicable,,0.01
RandomExcursionsVariant,ciphertext,6,1000000,state=9,,not-applicable,,0.01
RandomExcursionsVariant,ciphertext,7,1000000,state=-9,,not-applicable,,0.01
RandomExcursionsVariant,ciphertext,7,1000000,state=-8,,not-applicable,,0.01
RandomExcursionsVariant,ciphertext,7,1000000,state=-7,,not-applicable,,0.01
RandomExcursionsVariant,ciphertext,7,1000000,state=-6,,not-applicable,,0.01
RandomExcursionsVariant,ciphertext,7,1000000,state=-5,,not-applicable,,0.01
RandomExcursionsVariant,ciphertext,7,1000000,state=-4,,not-applicable,,0.01
RandomExcursionsVariant,ciphertext,7,1000000,state=-3,,not-applicable,,0.01
RandomExcursionsVariant,ciphertext,7,1000000,state=-2,,not-applicable,,0.01
RandomExcursionsVariant,ciphertext,7,1000000,state=-1,,not-applicable,,0.01
RandomExcursionsVariant,ciphertext,7,1000000,state=1,,not-applicable,,0.01
RandomExcursionsVariant,ciphertext,7,1000000,state=2,,not-applicable,,0.01
RandomExcursionsVariant,ciphertext,7,1000000,state=3,,not-applicable,,0.01
RandomExcursionsVariant,ciphertext,7,1000000,state=4,,not-applicable,,0.01
RandomExcursionsVariant,ciphertext,7,1000000,state=5,,not-applicable,,0.01
RandomExcursionsVariant,ciphertext,7,1000000,state=6,,not-applicable,,0.01
RandomExcursionsVariant,ciphertext,7,1000000,state=7,,not-applicable,,0.01
RandomExcursionsVariant,ciphertext,7,1000000,state=8,,not-applicable,,0.01
RandomExcursionsVariant,ciphertext,7,1000000,state=9,,not-applicable,,0.01
RandomExcursionsVariant,ciphertext,8,1000000,state=-9,,not-applicable,,0.01
RandomExcursionsVariant,ciphertext,8,1000000,state=-8,,not-applicable,,0.01
RandomExcursionsVariant,ciphertext,8,1000000,state=-7,,not-applicable,,0.01
RandomExcursionsVariant,ciphertext,8,1000000,state=-6,,not-applicable,,0.01
RandomExcursionsVariant,ciphertext,8,1000000,state=-5,,not-applicable,,0.01
RandomExcursionsVariant,ciphertext,8,1000000,state=-4,,not-applicable,,0.01
RandomExcursionsVariant,ciphertext,8,1000000,state=-3,,not-applicable,,0.01
RandomExcursionsVariant,ciphertext,8,1000000,state=-2,,not-applicable,,0.01
RandomExcursionsVariant,ciphertext,8,1000000,state=-1,,not-applicable,,0.01
RandomExcursionsVariant,ciphertext,8,1000000,state=1,,not-applicable,,0.01
RandomExcursionsVariant,ciphertext,8,1000000,state=2,,not-applicable,,0.01
RandomExcursionsVariant,ciphertext,8,1000000,state=3,,not-applicable,,0.01
RandomExcursionsVariant,ciphertext,8,1000000,state=4,,not-applicable,,0.01
RandomExcursionsVariant,ciphertext,8,1000000,state=5,,not-applicable,,0.01
RandomExcursionsVariant,ciphertext,8,1000000,state=6,,not-applicable,,0.01
RandomExcursionsVariant,ciphertext,8,1000000,state=7,,not-applicable,,0.01
RandomExcursionsVariant,ciphertext,8,1000000,state=8,,not-applicable,,0.01
RandomExcursionsVariant,ciphertext,8,1000000,state=9,,not-applicable,,0.01
RandomExcursionsVariant,ciphertext,9,1000000,state=-9,,not-applicable,,0.01
RandomExcursionsVariant,ciphertext,9,1000000,state=-8,,not-applicable,,0.01
RandomExcursionsVariant,ciphertext,9,1000000,state=-7,,not-applicable,,0.01
RandomExcursionsVariant,ciphertext,9,1000000,state=-6,,not-applicable,,0.01
RandomExcursionsVariant,ciphertext,9,1000000,state=-5,,not-applicable,,0.01
RandomExcursionsVariant,ciphertext,9,1000000,state=-4,,not-applicable,,0.01
RandomExcursionsVariant,ciphertext,9,1000000,state=-3,,not-applicable,,0.01
RandomExcursionsVariant,ciphertext,9,1000000,state=-2,,not-applicable,,0.01
RandomExcursionsVariant,ciphertext,9,1000000,state=-1,,not-applicable,,0.01
RandomExcursionsVariant,ciphertext,9,1000000,state=1,,not-applicable,,0.01
RandomExcursionsVariant,ciphertext,9,1000000,state=2,,not-applicable,,0.01
RandomExcursionsVariant,ciphertext,9,1000000,state=3,,not-applicable,,0.01
RandomExcursionsVariant,ciphertext,9,1000000,state=4,,not-applicable,,0.01
RandomExcursionsVariant,ciphertext,9,1000000,state=5,,not-applicable,,0.01
RandomExcursionsVariant,ciphertext,9,1000000,state=6,,not-applicable,,0.01
RandomExcursionsVariant,ciphertext,9,1000000,state=7,,not-applicable,,0.01
RandomExcursionsVariant,ciphertext,9,1000000,state=8,,not-applicable,,0.01
RandomExcursionsVariant,ciphertext,9,1000000,state=9,,not-applicable,,0.01
RandomExcursionsVariant,ciphertext,10,1000000,state=-9,,not-applicable,,0.01
RandomExcursionsVariant,ciphertext,10,1000000,state=-8,,not-applicable,,0.01
RandomExcursionsVariant,ciphertext,10,1000000,state=-7,,not-applicable,,0.01
RandomExcursionsVariant,ciphertext,10,1000000,state=-6,,not-applicable,,0.01
RandomExcursionsVariant,ciphertext,10,1000000,state=-5,,not-applicable,,0.01
RandomExcursionsVariant,ciphertext,10,1000000,state=-4,,not-applicable,,0.01
RandomExcursionsVariant,ciphertext,10,1000000,state=-3,,not-applicable,,0.01
RandomExcursionsVariant,ciphertext,10,1000000,state=-2,,not-applicable,,0.01
RandomExcursionsVariant,ciphertext,10,1000000,state=-1,,not-applicable,,0.01
RandomExcursionsVariant,ciphertext,10,1000000,state=1,,not-applicable,,0.01
RandomExcursionsVariant,ciphertext,10,1000000,state=2,,not-applicable,,0.01
RandomExcursionsVariant,ciphertext,10,1000000,state=3,,not-applicable,,0.01
RandomExcursionsVariant,ciphertext,10,1000000,state=4,,not-applicable,,0.01
RandomExcursionsVariant,ciphertext,10,1000000,state=5,,not-applicable,,0.01
RandomExcursionsVariant,ciphertext,10,1000000,state=6,,not-applicable,,0.01
RandomExcursionsVariant,ciphertext,10,1000000,state=7,,not-applicable,,0.01
RandomExcursionsVariant,ciphertext,10,1000000,state=8,,not-applicable,,0.01
RandomExcursionsVariant,ciphertext,10,1000000,state=9,,not-applicable,,0.01
Serial,ciphertext,1,1000000,component=1,0,fail,1/10,0.01
Serial,ciphertext,1,1000000,component=2,0,fail,3/10,0.01
Serial,ciphertext,2,1000000,component=1,0,fail,1/10,0.01
Serial,ciphertext,2,1000000,component=2,0.210035,pass,3/10,0.01
Serial,ciphertext,3,1000000,component=1,0,fail,1/10,0.01
Serial,ciphertext,3,1000000,component=2,0,fail,3/10,0.01
Serial,ciphertext,4,1000000,component=1,0,fail,1/10,0.01
Serial,ciphertext,4,1000000,component=2,0,fail,3/10,0.01
Serial,ciphertext,5,1000000,component=1,0.029074,pass,1/10,0.01
Serial,ciphertext,5,1000000,component=2,0.594204,pass,3/10,0.01
Serial,ciphertext,6,1000000,component=1,0,fail,1/10,0.01
Serial,ciphertext,6,1000000,component=2,0,fail,3/10,0.01
Serial,ciphertext,7,1000000,component=1,0,fail,1/10,0.01
Serial,ciphertext,7,1000000,component=2,0,fail,3/10,0.01
Serial,ciphertext,8,1000000,component=1,0,fail,1/10,0.01
Serial,ciphertext,8,1000000,component=2,0.110095,pass,3/10,0.01
Serial,ciphertext,9,1000000,component=1,0,fail,1/10,0.01
Serial,ciphertext,9,1000000,component=2,0,fail,3/10,0.01
Serial,ciphertext,10,1000000,component=1,0,fail,1/10,0.01
Serial,ciphertext,10,1000000,component=2,0,fail,3/10,0.01
LinearComplexity,ciphertext,1,1000000,component=1,0.691737,pass,10/10,0.01
LinearComplexity,ciphertext,2,1000000,component=1,0.272991,pass,10/10,0.01
LinearComplexity,ciphertext,3,1000000,component=1,0.273586,pass,10/10,0.01
LinearComplexity,ciphertext,4,1000000,component=1,0.921369,pass,10/10,0.01
LinearComplexity,ciphertext,5,1000000,component=1,0.654408,pass,10/10,0.01
LinearComplexity,ciphertext,6,1000000,component=1,0.490073,pass,10/10,0.01
LinearComplexity,ciphertext,7,1000000,component=1,0.804162,pass,10/10,0.01
LinearComplexity,ciphertext,8,1000000,component=1,0.730071,pass,10/10,0.01
LinearComplexity,ciphertext,9,1000000,component=1,0.271057,pass,10/10,0.01
LinearComplexity,ciphertext,10,1000000,component=1,0.146892,pass,10/10,0.01
