0.000000
0.000000
0.000000
0.000000
0.000000
0.000000
0.013074
0.000000
0.000000
0.000000
0.000000
0.000000
0.035126
0.000001
0.107772
0.000000
0.000000
0.000000
0.000000
0.000000
0.000000
0.000000
0.000000
0.531780
0.000000
0.000053
0.000000
0.000000
0.000085
0.000000
0.000000
0.000000
0.000000
0.000000
0.000202
0.000000
0.000000
0.000000
0.000000
0.000000
0.000000
0.000000
0.000000
0.927809
0.000000
0.000000
0.053753
0.000000
0.047072
0.163776
0.000384
0.000000
0.000000
0.000000
0.000000
0.000000
0.000000
0.000000
0.045429
0.000000
0.000000
0.000000
0.000000
0.000000
0.000000
0.000000
0.000000
0.000000
0.000027
0.000000
0.000000
0.000000
0.000000
0.000000
0.000000
0.000000
0.000000
0.000000
0.000000
0.004148
0.000000
0.000000
0.000000
0.000340
0.000000
0.000000
0.001038
0.000000
0.000000
0.000007
0.002736
0.000000
0.012375
0.550690
0.000397
0.001523
0.000000
0.000000
0.000000
0.000000
0.000000
0.000000
0.000000
0.000000
0.000000
0.427349
0.000000
0.000000
0.000000
0.000000
0.000000
0.000000
0.000001
0.000000
0.000000
0.000000
0.000000
0.000000
0.000000
0.000000
0.000000
0.000000
0.000000
0.067242
0.000000
0.050810
0.000610
0.976377
0.000000
0.000000
0.000000
0.000000
0.000002
0.000000
0.000022
0.000000
0.000025
0.449521
0.000000
0.000000
0.000000
0.000000
0.000001
0.000000
0.000000
0.000012
0.000000
0.000000
0.000000
0.000000
0.000000
0.000000
0.000000
0.105570
0.002930
0.000000
0.000000
0.000000
0.000000
0.000000
0.004415
0.000200
0.000001
0.000000
0.000000
0.000000
0.005160
0.000000
0.000005
0.106404
0.000000
0.000243
0.002281
0.000000
0.039414
0.000000
0.000000
0.000000
0.004195
0.000000
0.001699
0.000000
0.000079
0.000000
0.000000
0.000000
0.000000
0.000000
0.000000
0.000000
0.000020
0.000001
0.000000
0.000000
0.000000
0.000000
0.000000
0.000000
0.000000
0.000000
0.000000
0.000000
0.002786
0.000000
0.000000
0.020415
0.002710
0.000000
0.000000
0.000148
0.000000
0.000000
0.000087
0.000000
0.000000
0.000000
0.000000
0.000000
0.000000
0.000000
0.000000
0.000000
0.000000
0.000000
0.000000
0.000000
0.000023
0.213491
0.000001
0.000000
0.000000
0.000000
0.000002
0.000000
0.030529
0.000000
0.000000
0.000043
0.426118
0.000000
0.000000
0.000000
0.000000
0.000000
0.000000
0.000000
0.000043
0.000004
0.000009
0.000013
0.000000
0.000000
0.002153
0.000053
0.000003
0.000000
0.000001
0.148584
0.000000
0.000221
0.000000
0.376401
0.000000
0.000000
0.000000
0.000000
0.000000
0.000000
0.000000
0.000000
0.000000
0.000206
0.000000
0.000000
0.122717
0.000071
0.000000
0.000000
0.000000
0.000000
0.000000
0.000000
0.000000
0.000000
0.000000
0.000000
0.000000
0.000000
0.000000
0.000000
0.000000
0.000000
0.000000
0.000000
0.000000
0.000000
0.000000
0.000000
0.000000
0.000000
0.000000
0.000000
0.000000
0.000000
0.000000
0.000000
0.000000
0.010972
0.000000
0.000000
0.000001
0.000000
0.000000
0.000000
0.000000
0.272909
0.000000
0.000000
0.000000
0.000000
0.000000
0.000000
0.000000
0.000000
0.000000
0.000000
0.000000
0.000000
0.643948
0.000000
0.000000
0.000000
0.000000
0.000000
0.000000
0.000000
0.000000
0.000000
0.000000
0.000000
0.000000
0.000000
0.000000
0.000000
0.000000
0.000000
0.000000
0.000000
0.000000
0.000000
0.341826
0.000000
0.161915
0.000000
0.000000
0.000000
0.018121
0.000000
0.000000
0.000000
0.000000
0.000000
0.000000
0.000000
0.000000
0.000000
0.000000
0.000000
0.000000
0.000000
0.000000
0.000000
0.000000
0.000000
0.000000
0.000000
0.000000
0.000000
0.000000
0.000000
0.001757
0.000000
0.000000
0.000000
0.000234
0.000000
0.000000
0.000000
0.000000
0.000000
0.000000
0.000000
0.000000
0.000000
0.000000
0.000000
0.000000
0.011981
0.001111
0.000000
0.000000
0.000000
0.002253
0.000000
0.000000
0.000000
0.000000
0.000000
0.000000
0.000000
0.000000
0.000000
0.000000
0.000000
0.118936
0.000000
0.001008
0.002392
0.000000
0.000000
0.000000
0.000000
0.000000
0.000000
0.000000
0.000000
0.000000
0.000000
0.000000
0.108019
0.000000
0.000000
0.000000
0.000000
0.000000
0.000000
0.000000
0.000000
0.000000
0.000000
0.000000
0.000000
0.000000
0.000000
0.000000
0.000000
0.000000
0.000000
0.000000
0.000000
0.000000
0.000000
0.000000
0.000000
0.000000
0.000206
0.000000
0.000001
0.083168
0.000000
0.000000
0.000000
0.000204
0.000000
0.000000
0.000000
0.000000
0.000000
0.000000
0.000000
0.000001
0.000000
0.000000
0.000000
0.000000
0.000000
0.063104
0.000000
0.000000
0.000000
0.000000
0.000000
0.000000
0.000000
0.000000
0.000000
0.000020
0.000000
0.000000
0.000000
0.000000
0.000000
0.000000
0.000000
0.000000
0.000000
0.000000
0.000005
0.091600
0.000000
0.000000
0.000000
0.000000
0.000000
0.000000
0.000000
0.000000
0.000000
0.000000
0.000000
0.000000
0.000000
0.000001
0.000000
0.000000
0.000000
0.000000
0.000000
0.000000
0.000000
0.000000
0.000000
0.000000
0.691074
0.000000
0.000000
0.000000
0.000000
0.952797
0.000000
0.000000
0.000000
0.000000
0.000448
0.000000
0.000000
0.000000
0.000000
0.000000
0.000000
0.000000
0.000000
0.000000
0.000000
0.000000
0.000055
0.000000
0.000000
0.000380
0.000000
0.000000
0.000006
0.299910
0.000000
0.000000
0.000000
0.000000
0.000000
0.000000
0.000000
0.000000
0.000000
0.000000
0.003515
0.000001
0.007308
0.003476
0.000451
0.000000
0.000000
0.000006
0.000000
0.000000
0.000000
0.000000
0.000000
0.000000
0.000003
0.000000
0.000000
0.000000
0.000000
0.000000
0.000000
0.000000
0.000000
0.000000
0.000000
0.000000
0.000000
0.000000
0.000000
0.000000
0.007236
0.093481
0.000000
0.000000
0.352834
0.000000
0.000000
0.000000
0.000051
0.023310
0.014447
0.000000
0.323085
0.000000
0.000000
0.000000
0.000000
0.000023
0.000006
0.000239
0.203567
0.000000
0.046096
0.035833
0.004337
0.000000
0.765267
0.000000
0.000000
0.000000
0.000000
0.000000
0.274356
0.860457
0.000000
0.031070
0.000000
0.010198
0.000000
0.011903
0.000000
0.886948
0.151306
0.000000
0.000017
0.000000
0.000000
0.146271
0.124107
0.000000
0.000000
0.000000
0.000000
0.276192
0.000000
0.975209
0.167965
0.000000
0.000000
0.056871
0.000001
0.000000
0.001137
0.000000
0.000000
0.000000
0.000000
0.127539
0.182948
0.000000
0.000003
0.000146
0.000000
0.000000
0.000000
0.000000
0.000000
0.000000
0.114548
0.000000
0.000050
0.000000
0.006153
0.000172
0.000000
0.054915
0.000000
0.000006
0.573890
0.243838
0.000000
0.241199
0.000000
0.000256
0.000000
0.462491
0.000000
0.000000
0.000000
0.000000
0.000000
0.000036
0.655931
0.793783
0.000000
0.000026
0.000000
0.781084
0.032591
0.000000
0.000000
0.177259
0.000000
0.000000
0.009666
0.000000
0.000022
0.000000
0.000000
0.000000
0.497376
0.000000
0.059861
0.176719
0.000000
0.894452
0.075156
0.000000
0.153638
0.000003
0.159477
0.000000
0.000000
0.000000
0.125873
0.000000
0.171769
0.010909
0.000425
0.000000
0.000000
0.000000
0.000000
0.000000
0.000000
0.000000
0.000000
0.000000
0.000000
0.000000
0.000000
0.000000
0.000000
0.014173
0.000000
0.000000
0.014911
0.016827
0.000004
0.000000
0.419081
0.000000
0.000000
0.000438
0.000876
0.000001
0.000219
0.000854
0.082220
0.000000
0.000446
0.001330
0.003660
0.000060
0.064049
0.000000
0.000000
0.000041
0.000007
0.013579
0.000000
0.000000
0.000010
0.000000
0.000000
0.000967
0.000000
0.015060
0.000002
0.000000
0.188105
0.000000
0.003310
0.000000
0.000001
0.000000
0.000000
0.000000
0.000000
0.000000
0.000000
0.000000
0.000001
0.000000
0.000000
0.000000
0.000000
0.000000
0.344152
0.000000
0.286845
0.000000
0.000014
0.000000
0.000000
0.001673
0.066230
0.000001
0.000000
0.000000
0.000000
0.000000
0.000000
0.000000
0.000008
0.000000
0.548731
0.000000
0.895290
0.087616
0.000000
0.276038
0.005718
0.008639
0.000280
0.001302
0.000000
0.040085
0.000073
0.203809
0.024500
0.000005
0.000000
0.000000
0.131681
0.000293
0.005020
0.000000
0.000305
0.000000
0.000000
0.000000
0.000000
0.000143
0.000902
0.000017
0.854250
0.000000
0.000001
0.021266
0.000000
0.382422
0.102358
0.373555
0.000000
0.000000
0.000000
0.000000
0.395527
0.000011
0.009975
0.054915
0.000000
0.629479
0.000000
0.000042
0.000000
0.000550
0.000000
0.000000
0.000000
0.000000
0.000006
0.000000
0.000000
0.000000
0.000000
0.000000
0.000000
0.000000
0.000000
0.000000
0.000000
0.000000
0.000000
0.000001
0.000000
0.000000
0.000000
0.000000
0.000000
0.000000
0.000000
0.000000
0.000000
0.000000
0.000000
0.002250
0.006246
0.294971
0.000000
0.000000
0.000000
0.000000
0.000000
0.000000
0.000000
0.000000
0.425503
0.000000
0.093917
0.000254
0.000006
0.000000
0.000000
0.000000
0.000000
0.000000
0.000000
0.000000
0.000000
0.000000
0.000000
0.000000
0.000000
0.000000
0.000000
0.000000
0.006654
0.000000
0.000000
0.116121
0.000000
0.097927
0.253611
0.000240
0.000000
0.000000
0.000000
0.000000
0.000000
0.000000
0.000000
0.000376
0.000000
0.000000
0.000000
0.000000
0.000000
0.000000
0.000000
0.000000
0.000000
0.000704
0.000000
0.000000
0.000000
0.000000
0.000000
0.000001
0.000000
0.000000
0.000000
0.000000
0.000000
0.000000
0.000000
0.000000
0.000007
0.000000
0.000000
0.000003
0.000000
0.000000
0.000011
0.070868
0.000000
0.011027
0.597569
0.008700
0.035075
0.000000
0.000000
0.000000
0.000000
0.000000
0.000000
0.000000
0.000000
0.000000
0.046540
0.000000
0.000000
0.000000
0.000000
0.000000
0.000000
0.000000
0.000001
0.000010
0.000000
0.000000
0.000000
0.000000
0.000000
0.000000
0.000000
0.000000
0.486786
0.000000
0.001858
0.200921
0.641576
0.000000
0.000000
0.000000
0.000000
0.000000
0.000000
0.000000
0.000000
0.000000
0.957077
0.000000
0.000000
0.000000
0.000009
0.000489
0.000000
0.000000
0.000001
0.000000
0.000000
0.000000
0.000000
0.000000
0.000000
0.000000
0.003801
0.012805
0.000000
0.000000
0.000000
0.000000
0.000009
0.000005
0.000000
0.000000
0.000000
0.000000
0.000000
0.000000
0.000000
0.000000
0.031115
0.000000
0.000004
0.008469
0.000000
0.060636
0.000000
0.000000
0.000000
0.004722
0.000000
0.003107
0.000000
0.013424
0.000192
0.000000
0.000000
0.000000
0.000000
0.000000
0.000000
0.000001
0.000002
0.000000
0.000000
0.000000
0.000000
0.000000
0.000000
0.000000
0.000000
0.000000
0.000000
0.092768
0.000000
0.000000
0.026218
0.037556
0.000000
0.000000
0.000651
0.000000
0.000000
0.000102
0.000000
0.000000
0.000000
0.000000
0.000000
0.000000
0.000000
0.000000
0.000000
0.000000
0.000000
0.000000
0.000000
0.000856
0.044168
0.001487
0.000000
0.000000
0.000000
0.000045
0.000000
0.004161
0.000014
0.000288
0.000645
0.868964
0.000000
0.000000
0.000003
0.000000
0.000000
0.000000
0.000000
0.000006
0.000001
0.000000
0.000570
0.000000
0.000000
0.023284
0.000002
0.000000
0.000005
0.000008
0.016041
0.000000
0.000021
0.000000
0.268228
0.000014
0.000000
0.000000
0.000000
0.000000
0.000000
0.000000
0.000144
0.000008
0.000002
0.000000
0.000000
0.000001
0.109120
0.000000
0.000000
0.000000
0.000000
0.000000
0.000000
0.000000
0.000000
0.000000
0.000295
0.000000
0.000000
0.000000
0.000000
0.000000
0.000000
0.000000
0.000000
0.000000
0.000000
0.000000
0.000000
0.000000
0.000000
0.000000
0.000000
0.000000
0.000000
0.000000
0.000000
0.000000
0.607000
0.000000
0.000014
0.000000
0.000000
0.000000
0.000000
0.000085
0.000031
0.000000
0.000000
0.000000
0.000000
0.000000
0.000000
0.000000
0.000000
0.000000
0.000000
0.000000
0.000000
0.155370
0.000000
0.000000
0.000000
0.000000
0.000000
0.000000
0.000000
0.000000
0.000000
0.000000
0.000000
0.000000
0.000000
0.000000
0.000000
0.000000
0.000000
0.000000
0.000000
0.000000
0.000000
0.550575
0.000000
0.152968
0.000000
0.000000
0.000000
0.002204
0.000000
0.000000
0.000000
0.000000
0.000000
0.000000
0.000000
0.000000
0.000000
0.000000
0.000000
0.000000
0.000000
0.000000
0.000000
0.000000
0.000000
0.000000
0.000000
0.000000
0.000000
0.000000
0.000000
0.022744
0.000000
0.000000
0.000000
0.091570
0.000000
0.000000
0.000000
0.000000
0.000000
0.000000
0.000000
0.000000
0.000000
0.000000
0.000000
0.000000
0.020119
0.000000
0.000000
0.000000
0.000000
0.000070
0.000000
0.000000
0.000000
0.000000
0.000000
0.000000
0.000000
0.000000
0.000000
0.000000
0.000000
0.000000
0.000000
0.051732
0.000010
0.000000
0.000000
0.000000
0.000000
0.000000
0.000000
0.000000
0.000000
0.000000
0.000000
0.000000
0.037584
0.000000
0.000000
0.000000
0.000000
0.000000
0.000000
0.000000
0.000000
0.000000
0.000000
0.000000
0.000000
0.000000
0.000000
0.000000
0.000000
0.000000
0.000000
0.000000
0.000000
0.000000
0.000000
0.000000
0.000000
0.000000
0.003604
0.000000
0.000000
0.000001
0.000000
0.000000
0.000000
0.000000
0.000000
0.000003
0.000000
0.000000
0.000000
0.000000
0.000000
0.000060
0.000000
0.000000
0.000000
0.000000
0.000000
0.014447
0.000000
0.000000
0.000000
0.000000
0.000000
0.000000
0.000000
0.000000
0.000000
0.011762
0.000000
0.000000
0.000000
0.000000
0.000000
0.000000
0.000000
0.000000
0.000000
0.000000
0.000069
0.046178
0.000000
0.000000
0.000000
0.000000
0.000000
0.000000
0.000000
0.000000
0.000000
0.000000
0.000000
0.000000
0.000000
0.000000
0.000000
0.000000
0.000000
0.000000
0.000000
0.000000
0.000000
0.000000
0.000000
0.000000
0.167038
0.000000
0.000000
0.000000
0.000157
0.069164
0.000000
0.000000
0.000000
0.000000
0.111933
0.000000
0.000000
0.000000
0.000000
0.000000
0.000000
0.000000
0.000003
0.000000
0.000000
0.000083
0.000000
0.000000
0.000011
0.000004
0.000000
0.000000
0.000019
0.026529
0.000000
0.000000
0.000000
0.000000
0.000000
0.000000
0.000000
0.000000
0.000000
0.000000
0.000000
0.000000
0.006728
0.257953
0.000001
0.000000
0.000000
0.000019
0.000000
0.000000
0.000000
0.000000
0.000000
0.000000
0.000308
0.000000
0.000000
0.000000
0.000000
0.000000
0.000000
0.000000
0.000000
0.000000
0.000000
0.000000
0.000000
0.000000
0.000000
0.005344
0.013174
0.056950
0.000000
0.000000
0.489644
0.000000
0.000000
0.000000
0.000026
0.000073
0.024719
0.000000
0.647864
0.000000
0.000000
0.000000
0.000000
0.000000
0.000002
0.001128
0.505274
0.000000
0.100518
0.087880
0.265165
0.000000
0.022475
0.000000
0.000000
0.000000
0.000000
0.000000
0.248475
0.128934
0.000000
0.078657
0.000000
0.151353
0.000000
0.062235
0.000000
0.010519
0.642406
0.000000
0.000000
0.006303
0.026344
0.003567
0.076941
0.000000
0.000000
0.000000
0.000000
0.000475
0.000000
0.615152
0.106335
0.000000
0.000000
0.014217
0.009322
0.000000
0.052226
0.000000
0.000000
0.000000
0.000000
0.361938
0.930232
0.000000
0.000513
0.000000
0.000000
0.005344
0.000000
0.000000
0.000001
0.000000
0.008173
0.000000
0.098350
0.000000
0.000000
0.012576
0.000000
0.038991
0.000000
0.000002
0.015793
0.565042
0.000000
0.046922
0.000018
0.008061
0.000000
0.483278
0.000000
0.000000
0.000000
0.000000
0.000000
0.000000
0.010543
0.283157
0.000000
0.000000
0.000000
0.642999
0.074697
0.000000
0.000000
0.282454
0.000000
0.000000
0.000902
0.000000
0.053961
0.000000
0.000000
0.000000
0.142096
0.000000
0.009153
0.166013
0.000000
0.170197
0.567832
0.000000
0.008589
0.000000
0.014832
0.000000
0.000000
0.000000
0.021044
0.000000
0.502487
0.000018
0.000250
0.000000
0.000000
0.000000
0.000000
0.000000
0.000000
0.000000
0.000000
0.000000
0.000000
0.000000
0.000000
0.000000
0.000000
0.387147
0.000000
0.000011
0.014957
0.294007
0.000295
0.000000
0.260291
0.000000
0.000000
0.000002
0.000006
0.000289
0.000088
0.000001
0.003022
0.000000
0.000000
0.234833
0.000182
0.010099
0.012219
0.000000
0.000000
0.003003
0.000092
0.002025
0.000000
0.000000
0.000010
0.000000
0.000000
0.000004
0.000000
0.000011
0.000000
0.000000
0.172349
0.000000
0.000016
0.000000
0.000000
0.000000
0.000000
0.000000
0.000000
0.000000
0.000000
0.000000
0.000000
0.000000
0.000000
0.000000
0.000000
0.000000
0.588166
0.000000
0.183392
0.000000
0.000268
0.000005
0.000000
0.000121
0.054896
0.058318
0.000000
0.000000
0.000000
0.000000
0.000000
0.000000
0.000000
0.000000
0.039414
0.000000
0.008008
0.001821
0.000003
0.425913
0.033178
0.000003
0.007871
0.008090
0.000000
0.009432
0.000000
0.026073
0.143808
0.000006
0.000000
0.000000
0.065053
0.003046
0.000542
0.000000
0.000028
0.000000
0.000000
0.000000
0.000000
0.000020
0.000000
0.000000
0.689187
0.003299
0.000039
0.773433
0.000000
0.900989
0.000000
0.044089
0.000000
0.000000
0.000000
0.000000
0.354203
0.000018
0.000270
0.759407
0.000000
0.077071
0.000000
0.000007
0.000000
0.264126
0.000000
0.000000
0.000000
0.000000
0.000008
0.000000
0.000000
0.000000
0.000000
0.000000
0.000000
0.000000
0.000000
0.000000
0.000000
0.000000
0.000000
0.003227
0.000546
0.000000
0.000000
0.000000
0.000000
0.000001
0.000000
0.000000
0.000000
0.000000
0.000000
0.005865
0.001325
0.252893
0.000000
0.000000
0.000000
0.000000
0.000000
0.000000
0.000000
0.000000
0.004455
0.000000
0.002833
0.018299
0.000000
0.000000
0.000000
0.000000
0.000000
0.000000
0.000000
0.000000
0.000000
0.000000
0.000000
0.000000
0.000000
0.000000
0.000000
0.000000
0.017331
0.000000
0.000000
0.008370
0.000000
0.001054
0.000030
0.000005
0.000000
0.000000
0.000000
0.000000
0.000000
0.000000
0.000000
0.072685
0.000000
0.000000
0.000000
0.000000
0.000000
0.000000
0.000000
0.000000
0.000000
0.060763
0.000000
0.000000
0.000000
0.000000
0.000000
0.003227
0.000000
0.000000
0.000000
0.000000
0.000219
0.000000
0.000000
0.000000
0.026884
0.000000
0.000000
0.000000
0.000000
0.000000
0.006194
0.034657
0.000000
0.034745
0.859889
0.002801
0.011676
0.000000
0.000000
0.000000
0.000000
0.000000
0.000000
0.000000
0.000000
0.000000
0.007819
0.000000
0.000000
0.000000
0.000000
0.000000
0.000000
0.000258
0.000000
0.000000
0.000000
0.000000
0.000000
0.021595
0.000000
0.000000
0.000000
0.000000
0.070216
0.000000
0.000049
0.147470
0.190843
0.000000
0.000000
0.000000
0.000000
0.001812
0.000000
0.000000
0.000000
0.000001
0.169937
0.000000
0.000000
0.000001
0.000033
0.000000
0.000000
0.000000
0.000000
0.000000
0.000000
0.000000
0.000000
0.000000
0.000000
0.000000
0.000019
0.023774
0.000000
0.000000
0.000000
0.000000
0.000001
0.000001
0.008616
0.000001
0.000000
0.000000
0.000000
0.000000
0.000000
0.000000
0.645016
0.000000
0.000003
0.000461
0.000000
0.001832
0.000000
0.000000
0.000000
0.261908
0.000000
0.012394
0.000000
0.000128
0.000000
0.000000
0.000000
0.000000
0.000000
0.000000
0.000000
0.000593
0.000001
0.000000
0.000000
0.000000
0.000000
0.000000
0.000000
0.000000
0.000000
0.000000
0.000000
0.808279
0.000000
0.000000
0.113658
0.003282
0.000000
0.000000
0.010964
0.000000
0.000000
0.004633
0.000000
0.000000
0.000000
0.000700
0.000000
0.000000
0.000000
0.000000
0.000000
0.000000
0.000000
0.000000
0.000000
0.000015
0.021346
0.000001
0.000000
0.000000
0.000000
0.000000
0.000000
0.000255
0.000000
0.000000
0.000000
0.305321
0.000000
0.000000
0.000007
0.000000
0.000000
0.000000
0.000000
0.003250
0.004984
0.000000
0.001598
0.000000
0.000000
0.085870
0.012461
0.000006
0.000000
0.000081
0.393275
0.000000
0.000000
0.000000
0.058074
0.000000
0.000000
0.000000
0.000000
0.000000
0.000916
0.000004
0.001789
0.000005
0.000000
0.000040
0.000000
0.007106
0.001725
0.000000
0.000000
0.000000
0.000000
0.000000
0.000000
0.000000
0.000000
0.000000
0.000004
0.000000
0.000000
0.000000
0.000000
0.000000
0.000000
0.000000
0.000000
0.000000
0.000000
0.000000
0.000000
0.000000
0.000000
0.000000
0.000000
0.000000
0.000000
0.000000
0.000000
0.000000
0.271317
0.000000
0.000003
0.000000
0.000000
0.000000
0.000000
0.000000
0.047172
0.000000
0.000000
0.000000
0.000000
0.000000
0.000000
0.000000
0.000000
0.000000
0.000000
0.000000
0.000000
0.670275
0.000000
0.000000
0.000000
0.000000
0.000000
0.000000
0.000000
0.000000
0.000000
0.000000
0.000000
0.000000
0.000000
0.000000
0.000000
0.000000
0.000000
0.000000
0.000000
0.000000
0.000000
0.270259
0.000000
0.311303
0.000000
0.000000
0.000000
0.054512
0.000000
0.000000
0.000000
0.000000
0.000000
0.000000
0.000000
0.000000
0.000000
0.000000
0.000000
0.000000
0.000000
0.000000
0.000000
0.000000
0.000000
0.000000
0.000000
0.000000
0.000000
0.000000
0.000000
0.046030
0.000000
0.000000
0.000000
0.000428
0.000000
0.000000
0.000000
0.000000
0.000000
0.000000
0.000000
0.000000
0.000000
0.000000
0.000000
0.000000
0.167810
0.001874
0.000000
0.000000
0.000000
0.000174
0.000000
0.000000
0.000000
0.000000
0.000000
0.000000
0.000000
0.000000
0.000000
0.000000
0.000000
0.000000
0.000000
0.000177
0.000028
0.000000
0.000000
0.000000
0.000000
0.000000
0.000000
0.000000
0.000000
0.000000
0.000000
0.000000
0.000000
0.000000
0.000000
0.000000
0.000000
0.000000
0.000000
0.000000
0.000000
0.000000
0.000000
0.000000
0.000000
0.000000
0.000000
0.000000
0.000000
0.000000
0.000000
0.000000
0.000000
0.000000
0.000000
0.000000
0.000000
0.000000
0.054150
0.000000
0.001320
0.019760
0.000000
0.000000
0.000000
0.000002
0.000000
0.000000
0.000000
0.000000
0.000000
0.000000
0.000000
0.000000
0.000000
0.000000
0.000000
0.000000
0.000000
0.004581
0.000000
0.000000
0.000000
0.000000
0.000000
0.000000
0.000000
0.000000
0.000000
0.113954
0.000000
0.000000
0.000000
0.000000
0.000000
0.000000
0.000000
0.000000
0.000000
0.000000
0.000000
0.190843
0.000000
0.000000
0.000000
0.000000
0.000000
0.000000
0.000000
0.000000
0.000000
0.000000
0.000000
0.000000
0.000000
0.000322
0.000000
0.000000
0.000000
0.000000
0.000000
0.000000
0.000000
0.000000
0.000000
0.000000
0.638728
0.000000
0.000000
0.000000
0.000000
0.000029
0.000000
0.000000
0.000000
0.000000
0.154694
0.000000
0.000000
0.000000
0.000000
0.000000
0.000000
0.000214
0.000000
0.000000
0.000000
0.000000
0.000000
0.000000
0.026696
0.014906
0.000000
0.000000
0.000000
0.541952
0.000000
0.000000
0.000000
0.000000
0.000000
0.000000
0.000000
0.000000
0.000000
0.000000
0.000118
0.000000
0.001701
0.009951
0.013265
0.000000
0.000000
0.000000
0.000000
0.000000
0.000000
0.000000
0.000000
0.000000
0.000043
0.000000
0.000000
0.000000
0.000000
0.000000
0.000000
0.000000
0.000000
0.000000
0.000000
0.000000
0.000000
0.000000
0.000000
0.000014
0.145721
0.000063
0.000000
0.000000
0.105986
0.000002
0.000000
0.000000
0.000051
0.132101
0.005089
0.000000
0.830653
0.000000
0.000000
0.000000
0.000000
0.000000
0.000043
0.000129
0.532691
0.000000
0.077255
0.777655
0.151164
0.000000
0.022626
0.000000
0.000000
0.000000
0.000000
0.000000
0.358794
0.107455
0.000000
0.005434
0.000000
0.003719
0.000000
0.000183
0.000000
0.263681
0.225696
0.000000
0.000000
0.065458
0.000451
0.021155
0.231398
0.000000
0.000000
0.000000
0.000000
0.109477
0.000000
0.058828
0.262867
0.000000
0.000000
0.000098
0.000313
0.000000
0.076394
0.000000
0.000000
0.000000
0.000000
0.210369
0.420706
0.000000
0.007095
0.000013
0.000000
0.000014
0.000000
0.000000
0.000000
0.000000
0.000379
0.000000
0.001960
0.000000
0.003119
0.000015
0.000000
0.316182
0.000000
0.000002
0.004227
0.220620
0.000000
0.553574
0.011400
0.000325
0.000769
0.009214
0.000079
0.000000
0.000000
0.000000
0.000000
0.000028
0.515249
0.025500
0.000000
0.000076
0.000000
0.050954
0.021643
0.000000
0.000000
0.057370
0.000000
0.000000
0.000128
0.000000
0.130718
0.000000
0.000000
0.000000
0.941324
0.000000
0.317283
0.044437
0.000000
0.908355
0.046706
0.000000
0.006620
0.000000
0.827895
0.000000
0.000000
0.000000
0.009214
0.000000
0.843805
0.000000
0.000361
0.000000
0.000000
0.000000
0.000000
0.000000
0.000000
0.000000
0.000000
0.000000
0.000000
0.000000
0.000000
0.000000
0.000000
0.350377
0.000000
0.000000
0.260732
0.000037
0.000000
0.000000
0.460032
0.000000
0.000000
0.000001
0.003742
0.000001
0.000002
0.000021
0.021603
0.000000
0.000000
0.035177
0.015585
0.000000
0.222756
0.000000
0.000000
0.002394
0.004528
0.031378
0.000000
0.000000
0.000000
0.000000
0.000001
0.000415
0.000000
0.301052
0.000000
0.000000
0.398180
0.000000
0.000106
0.000000
0.000000
0.000000
0.000000
0.000000
0.000000
0.000000
0.000000
0.000000
0.000240
0.000000
0.000000
0.000000
0.000000
0.000000
0.514124
0.000000
0.586524
0.000000
0.049151
0.000254
0.000000
0.000001
0.118744
0.000003
0.000000
0.000000
0.000000
0.000000
0.000004
0.000000
0.000010
0.000000
0.400054
0.000000
0.368560
0.039343
0.000002
0.000017
0.279271
0.000000
0.000060
0.033689
0.000000
0.000521
0.000000
0.340311
0.032331
0.000014
0.000000
0.000000
0.416750
0.000173
0.000494
0.000000
0.000160
0.000000
0.000000
0.000000
0.000000
0.047914
0.000000
0.004672
0.006856
0.000113
0.000000
0.147748
0.000000
0.504159
0.003922
0.126399
0.000000
0.000000
0.000000
0.000000
0.766614
0.000002
0.008276
0.351650
0.000000
0.672524
0.000000
0.049168
0.000004
0.002048
0.000000
0.000000
0.000000
0.000000
0.189014
0.000000
0.000000
0.000000
0.000000
0.000000
0.000000
0.000000
0.000000
0.000000
0.000000
0.000000
0.000000
0.000000
0.000000
0.000000
0.000000
0.000000
0.000000
0.000509
0.000000
0.000000
0.000000
0.000000
0.000000
0.000234
0.000001
0.099199
0.000000
0.000000
0.000000
0.000000
0.000000
0.000000
0.000000
0.000000
0.269054
0.000000
0.002751
0.002962
0.000184
0.000000
0.000000
0.000000
0.000000
0.000000
0.000000
0.006506
0.000000
0.000000
0.000000
0.000000
0.000000
0.000000
0.000000
0.000000
0.449627
0.000000
0.000000
0.350922
0.000000
0.007062
0.000000
0.000003
0.000000
0.000000
0.000000
0.000000
0.000000
0.000000
0.000000
0.407302
0.000000
0.000000
0.000000
0.000000
0.000000
0.000000
0.000000
0.000000
0.000000
0.000001
0.000000
0.000000
0.000000
0.000000
0.000000
0.000000
0.000000
0.000000
0.000000
0.000000
0.000012
0.000000
0.000000
0.000000
0.005342
0.000000
0.000000
0.000001
0.000000
0.000000
0.015896
0.049552
0.000000
0.011885
0.469478
0.000001
0.007441
0.000000
0.000000
0.000000
0.000000
0.000000
0.000000
0.000000
0.000000
0.000000
0.007288
0.000000
0.000000
0.000000
0.000000
0.000000
0.000000
0.000001
0.000001
0.000000
0.000000
0.000000
0.000000
0.000000
0.000000
0.000000
0.000000
0.000000
0.754082
0.000000
0.000405
0.547810
0.136500
0.000000
0.000000
0.000000
0.000000
0.000002
0.000000
0.000000
0.000000
0.000001
0.618938
0.000000
0.000000
0.000000
0.000025
0.000000
0.000000
0.000000
0.000001
0.000000
0.000000
0.000000
0.000000
0.002322
0.000000
0.000000
0.000229
0.000001
0.000000
0.000000
0.000000
0.000000
0.000000
0.000000
0.000000
0.000014
0.000000
0.000000
0.000000
0.000162
0.000000
0.000044
0.234021
0.000000
0.000002
0.583945
0.000000
0.016398
0.000000
0.000000
0.000000
0.000003
0.000000
0.080707
0.000224
0.012195
0.000000
0.000000
0.000000
0.000000
0.000000
0.000000
0.000000
0.003806
0.000030
0.000000
0.000000
0.000000
0.000000
0.000000
0.000000
0.000000
0.000000
0.000000
0.000000
0.178776
0.000000
0.000000
0.000004
0.357781
0.000000
0.000000
0.121655
0.000000
0.000000
0.000013
0.000000
0.000000
0.000000
0.000001
0.000000
0.000000
0.000000
0.000000
0.000000
0.000000
0.000000
0.000000
0.000000
0.003922
0.793240
0.000153
0.000000
0.000000
0.000000
0.000000
0.000000
0.000011
0.000000
0.000004
0.017836
0.826664
0.000000
0.000000
0.000000
0.000000
0.000000
0.000000
0.000009
0.000001
0.022626
0.000000
0.002549
0.000000
0.000000
0.175699
0.000000
0.000003
0.000000
0.000001
0.195244
0.000000
0.000000
0.000000
0.459178
0.000072
0.000000
0.000000
0.000000
0.000000
0.000000
0.000000
0.000000
0.000930
0.000104
0.000002
0.000000
0.000007
0.015775
0.000000
0.000000
0.000000
0.000000
0.000000
0.000000
0.000000
0.000000
0.000000
0.000000
0.000000
0.000000
0.000000
0.000000
0.000000
0.000000
0.000000
0.000000
0.000000
0.000000
0.000000
0.000000
0.000000
0.000000
0.000000
0.000000
0.000000
0.000000
0.000000
0.000000
0.000000
0.150221
0.000000
0.016605
0.000000
0.000000
0.000000
0.002611
0.000006
0.399462
0.000000
0.000000
0.000000
0.000000
0.000000
0.000000
0.000000
0.000000
0.000000
0.000000
0.000000
0.000000
0.007291
0.000000
0.000000
0.000000
0.000000
0.000000
0.000000
0.000000
0.000000
0.000000
0.000000
0.000000
0.000000
0.000000
0.000000
0.000000
0.000000
0.000000
0.000000
0.000000
0.000000
0.000000
0.086797
0.000000
0.000770
0.000000
0.000000
0.000000
0.010716
0.000000
0.000000
0.000000
0.000000
0.000000
0.000000
0.000000
0.000000
0.000000
0.000000
0.000000
0.000000
0.000000
0.000000
0.000000
0.000000
0.000000
0.000000
0.000000
0.000000
0.000000
0.000000
0.000000
0.777434
0.000000
0.000000
0.000000
0.000274
0.000000
0.000000
0.000000
0.000000
0.000000
0.000000
0.000000
0.000000
0.000000
0.000000
0.000000
0.000000
0.723972
0.000000
0.000000
0.000000
0.000000
0.000000
0.000000
0.000000
0.000000
0.000000
0.000000
0.000000
0.000000
0.000000
0.000000
0.000000
0.000000
0.000000
0.000000
0.000016
0.000000
0.000000
0.000000
0.000000
0.000000
0.000000
0.000000
0.000000
0.000000
0.000000
0.000000
0.000000
0.000000
0.000000
0.000000
0.000000
0.000000
0.000000
0.000000
0.000000
0.000000
0.000000
0.000000
0.000000
0.000000
0.000000
0.000000
0.000000
0.000000
0.000000
0.000000
0.000000
0.000000
0.000000
0.000000
0.000000
0.000000
0.000000
0.120717
0.000000
0.000003
0.000220
0.000000
0.000000
0.000000
0.000000
0.000000
0.000007
0.000000
0.000000
0.000000
0.000000
0.000000
0.000000
0.000000
0.000000
0.000000
0.000000
0.000000
0.392103
0.000000
0.000000
0.000000
0.000000
0.000000
0.000000
0.000000
0.000000
0.000000
0.000100
0.000000
0.000000
0.000000
0.000000
0.000000
0.000000
0.000000
0.000000
0.000000
0.000000
0.000000
0.163928
0.000000
0.000000
0.000000
0.000000
0.000000
0.018362
0.000000
0.000000
0.000000
0.000000
0.000000
0.000000
0.000000
0.000000
0.000000
0.000000
0.000000
0.000000
0.000000
0.000000
0.000000
0.000000
0.000000
0.000000
0.146778
0.000000
0.000000
0.000000
0.000000
0.694607
0.000000
0.000000
0.000000
0.000000
0.416952
0.000000
0.000000
0.000000
0.000000
0.000000
0.000000
0.000000
0.000000
0.000000
0.000000
0.000000
0.000000
0.000000
0.000004
0.002569
0.000000
0.000000
0.000353
0.514686
0.000000
0.000000
0.000000
0.000000
0.000000
0.000000
0.000000
0.000000
0.000000
0.000000
0.000000
0.000000
0.097281
0.010704
0.000208
0.000000
0.000000
0.000000
0.000000
0.000000
0.000000
0.000000
0.000000
0.000000
0.000000
0.000000
0.000000
0.000000
0.000000
0.000000
0.000000
0.000000
0.000000
0.000000
0.000000
0.000000
0.000000
0.000000
0.000000
0.002747
0.068244
0.000000
0.000000
0.000000
0.003379
0.000000
0.000000
0.000000
0.000000
0.001991
0.000175
0.000000
0.305982
0.000000
0.000000
0.000000
0.000000
0.000000
0.000197
0.005570
0.964621
0.000000
0.009673
0.000452
0.024391
0.000020
0.250962
0.000000
0.000000
0.000000
0.000000
0.000000
0.208266
0.020600
0.000000
0.000043
0.000000
0.142365
0.000000
0.030675
0.000000
0.426733
0.018292
0.000000
0.000000
0.000026
0.000533
0.461100
0.005338
0.000000
0.000000
0.000000
0.000000
0.049710
0.000000
0.277113
0.312979
0.000000
0.000000
0.000002
0.000004
0.000000
0.496601
0.000000
0.000000
0.000000
0.000000
0.525189
0.825534
0.000000
0.000050
0.000023
0.000000
0.002747
0.000000
0.000000
0.000000
0.000000
0.000817
0.000000
0.000056
0.000000
0.003211
0.000002
0.000000
0.000046
0.000000
0.000000
0.157559
0.036871
0.000000
0.004715
0.000000
0.000003
0.000000
0.044962
0.000075
0.000000
0.000000
0.000000
0.000000
0.000000
0.000521
0.049851
0.000000
0.000000
0.000000
0.259998
0.000498
0.000000
0.000000
0.003185
0.000000
0.000000
0.172983
0.000000
0.017416
0.000000
0.000000
0.000000
0.172666
0.000000
0.010178
0.054207
0.000000
0.093170
0.123470
0.000000
0.001891
0.000006
0.167604
0.000000
0.000000
0.000000
0.073962
0.000000
0.873816
0.000000
0.000011
0.000000
0.000000
0.000000
0.000000
0.000000
0.000000
0.000000
0.000000
0.000000
0.000000
0.000000
0.000000
0.000000
0.000000
0.613970
0.000000
0.000000
0.015112
0.001243
0.000095
0.000000
0.053283
0.000000
0.000000
0.000005
0.002400
0.000000
0.013099
0.003085
0.000185
0.000000
0.002689
0.481639
0.000559
0.000000
0.561443
0.000002
0.000000
0.000257
0.401339
0.028927
0.000000
0.000000
0.000408
0.000000
0.000000
0.000113
0.000000
0.030284
0.000000
0.000000
0.118706
0.000000
0.000044
0.000000
0.000000
0.000000
0.000134
0.000000
0.000000
0.000000
0.000039
0.000013
0.000000
0.000000
0.000000
0.000000
0.000000
0.000000
0.950885
0.000000
0.492178
0.000000
0.182008
0.000312
0.000000
0.000000
0.001279
0.007995
0.000000
0.000000
0.000000
0.000000
0.000016
0.000000
0.000000
0.000000
0.132354
0.000000
0.048135
0.075541
0.000000
0.001773
0.000847
0.000011
0.018299
0.000331
0.000000
0.749188
0.000000
0.043792
0.565971
0.015656
0.000000
0.000000
0.265910
0.001482
0.113142
0.000000
0.029931
0.000000
0.000000
0.000000
0.000000
0.158540
0.000060
0.000002
0.227804
0.000005
0.000508
0.218372
0.000000
0.173406
0.000000
0.069140
0.000000
0.000000
0.000000
0.000000
0.804872
0.000635
0.013044
0.332891
0.000000
0.186129
0.000000
0.000293
0.000000
0.001836
0.000000
0.000000
0.000000
0.000000
0.000583
0.000000
0.000000
0.000000
0.000000
0.000000
0.000000
0.000000
0.000000
0.000000
0.000000
0.000000
0.000000
0.000105
0.000000
0.000000
0.000000
0.000000
0.000000
0.000831
0.000000
0.000000
0.000000
0.000000
0.000000
0.000012
0.004156
0.175699
0.000000
0.000000
0.000000
0.000000
0.000000
0.000000
0.000000
0.000000
0.034682
0.000000
0.000563
0.003722
0.000517
0.000000
0.000000
0.000000
0.000000
0.000000
0.000000
0.000000
0.000000
0.000000
0.000000
0.000000
0.000000
0.000000
0.000000
0.000000
0.643592
0.000000
0.000000
0.011876
0.000000
0.070578
0.000000
0.015543
0.000000
0.000000
0.000000
0.000000
0.000000
0.000000
0.000000
0.354295
0.000000
0.000000
0.000000
0.000000
0.000000
0.000000
0.000000
0.000000
0.000000
0.000117
0.000000
0.000000
0.000000
0.000000
0.000000
0.000105
0.000000
0.000000
0.000000
0.000000
0.000033
0.000000
0.000000
0.000000
0.001741
0.000000
0.000000
0.000052
0.000000
0.000000
0.067011
0.062973
0.000000
0.016523
0.232808
0.003286
0.030619
0.000000
0.000000
0.000000
0.000000
0.000000
0.000000
0.000000
0.000000
0.000000
0.663995
0.000000
0.000000
0.000000
0.000000
0.000000
0.000000
0.000000
0.000000
0.000025
0.000000
0.000000
0.000000
0.000045
0.000000
0.000000
0.000000
0.000000
0.351377
0.000000
0.001017
0.013815
0.052594
0.000000
0.000000
0.000000
0.000000
0.000000
0.000001
0.000001
0.000000
0.000017
0.617636
0.000000
0.000000
0.000000
0.000265
0.001132
0.000000
0.000000
0.000048
0.000000
0.000000
0.000000
0.000000
0.000000
0.000000
0.000000
0.000015
0.000000
0.000000
0.000000
0.000000
0.000000
0.000000
0.000000
0.000071
0.000291
0.000000
0.000000
0.000000
0.000035
0.000000
0.000318
0.070072
0.000000
0.000000
0.001050
0.000000
0.001202
0.000000
0.000000
0.000000
0.000028
0.000000
0.116725
0.000000
0.000009
0.000000
0.000000
0.000000
0.000000
0.000000
0.000000
0.000000
0.106719
0.000001
0.000000
0.000000
0.000000
0.000000
0.000000
0.000000
0.000000
0.000000
0.000000
0.000000
0.198421
0.000000
0.000000
0.105224
0.002592
0.000000
0.000000
0.075412
0.000000
0.000000
0.000107
0.000000
0.000000
0.000000
0.000043
0.000000
0.000000
0.000000
0.000000
0.000000
0.000000
0.000000
0.000000
0.000000
0.000001
0.187087
0.003026
0.000000
0.000000
0.000000
0.000086
0.000000
0.000239
0.000067
0.000000
0.000000
0.189299
0.000000
0.000000
0.000100
0.000000
0.000000
0.000000
0.000000
0.000002
0.000000
0.004052
0.000844
0.000000
0.000000
0.306230
0.000000
0.000000
0.000000
0.000000
0.016948
0.000000
0.000000
0.000000
0.036738
0.000002
0.000000
0.000000
0.000000
0.000000
0.000000
0.000000
0.000852
0.000000
0.021498
0.000081
0.000000
0.000001
0.359809
0.000000
0.000000
0.000000
0.000000
0.000000
0.000000
0.000000
0.000000
0.000000
0.000000
0.000000
0.000000
0.000000
0.000000
0.000000
0.000000
0.000000
0.000000
0.000000
0.000000
0.000000
0.000000
0.000000
0.000000
0.000000
0.000000
0.000000
0.000000
0.000000
0.000000
0.000000
0.936330
0.000000
0.000075
0.000000
0.000000
0.000000
0.000035
0.000000
0.003426
0.000000
0.000000
0.000000
0.000000
0.000000
0.000000
0.000000
0.000000
0.000000
0.000000
0.000000
0.000000
0.000341
0.000000
0.000000
0.000000
0.000000
0.000000
0.000000
0.000000
0.000000
0.000000
0.000000
0.000000
0.000000
0.000000
0.000000
0.000000
0.000000
0.000000
0.000000
0.000000
0.000000
0.000000
0.609716
0.000000
0.176719
0.000000
0.000000
0.000000
0.047441
0.000000
0.000000
0.000000
0.000000
0.000000
0.000000
0.000000
0.000000
0.000000
0.000000
0.000000
0.000000
0.000000
0.000000
0.000000
0.000000
0.000000
0.000000
0.000000
0.000000
0.000000
0.000000
0.000000
0.001239
0.000000
0.000000
0.000000
0.312057
0.000000
0.000000
0.000000
0.000000
0.000000
0.000000
0.000000
0.000000
0.000000
0.000000
0.000000
0.000000
0.487005
0.000206
0.000000
0.000000
0.000000
0.000000
0.000000
0.000000
0.000000
0.000000
0.000000
0.000000
0.000000
0.000000
0.000000
0.000000
0.000000
0.000760
0.000000
0.001446
0.000204
0.000000
0.000000
0.000000
0.000000
0.000000
0.000000
0.000000
0.000000
0.000000
0.000000
0.000000
0.000066
0.000000
0.000000
0.000000
0.000000
0.000000
0.000000
0.000000
0.000000
0.000000
0.000000
0.000000
0.000000
0.000000
0.000000
0.000000
0.000000
0.000000
0.000000
0.000000
0.000000
0.000000
0.000000
0.000000
0.000000
0.000000
0.016630
0.000000
0.000013
0.000156
0.000000
0.000000
0.000000
0.000001
0.000000
0.000005
0.000001
0.000000
0.000000
0.000000
0.000000
0.000000
0.000000
0.000000
0.000000
0.000000
0.000000
0.522131
0.000000
0.000000
0.000000
0.000000
0.000000
0.000000
0.000000
0.000000
0.000000
0.000081
0.000000
0.000000
0.000000
0.000000
0.000000
0.000000
0.000000
0.000000
0.000000
0.000000
0.000000
0.000246
0.000000
0.000000
0.000000
0.000000
0.000000
0.008834
0.000000
0.000000
0.000000
0.000000
0.000000
0.000000
0.000000
0.000328
0.000000
0.000000
0.000000
0.000000
0.000000
0.000000
0.000000
0.000000
0.000000
0.000000
0.236463
0.000000
0.000000
0.000000
0.000000
0.033518
0.000000
0.000000
0.000000
0.000000
0.350468
0.000000
0.000000
0.000000
0.000000
0.000000
0.000000
0.000000
0.000002
0.000000
0.000000
0.000025
0.000000
0.000000
0.000027
0.032568
0.000000
0.000000
0.000000
0.004749
0.000000
0.000000
0.000000
0.000000
0.000000
0.000000
0.000000
0.000000
0.000000
0.000000
0.000028
0.000515
0.149611
0.000103
0.000064
0.000000
0.000000
0.000000
0.000000
0.000000
0.000000
0.000000
0.000000
0.000000
0.000001
0.000000
0.000000
0.000000
0.000000
0.000000
0.000000
0.000000
0.000000
0.000000
0.000000
0.000000
0.000000
0.000000
0.000000
0.000117
0.607708
0.130052
0.000000
0.000000
0.057450
0.000000
0.000000
0.000000
0.000328
0.195302
0.111097
0.000000
0.110015
0.000000
0.000000
0.000000
0.000000
0.000000
0.000004
0.001221
0.161665
0.000000
0.602400
0.107808
0.185904
0.000002
0.497376
0.000000
0.000000
0.000000
0.000000
0.000000
0.120405
0.966799
0.000000
0.063718
0.000000
0.006741
0.000000
0.044089
0.000000
0.160121
0.768743
0.000000
0.000000
0.000000
0.000271
0.367155
0.026559
0.000000
0.000000
0.000000
0.000000
0.372514
0.000000
0.510532
0.108728
0.000000
0.000000
0.042558
0.000015
0.000000
0.002971
0.000000
0.000000
0.000000
0.000000
0.334295
0.577159
0.000000
0.000000
0.000000
0.000000
0.000117
0.000000
0.000000
0.000000
0.000000
0.000000
0.000000
0.000107
0.000000
0.000058
0.001069
0.000000
0.000235
0.000000
0.000046
0.160220
0.822437
0.000000
0.367810
0.000000
0.000222
0.000000
0.797140
0.000064
0.000000
0.000000
0.000000
0.000000
0.000000
0.071136
0.164130
0.000000
0.000032
0.000010
0.871353
0.003286
0.000000
0.000000
0.010774
0.000000
0.000000
0.018923
0.000000
0.018789
0.000000
0.000000
0.000000
0.649762
0.000000
0.377162
0.012586
0.000000
0.708579
0.504940
0.000000
0.008495
0.000000
0.649643
0.000000
0.000000
0.000000
0.043310
0.000000
0.304744
0.000019
0.010442
0.000000
0.000000
0.000000
0.000000
0.000000
0.000000
0.000000
0.000000
0.000000
0.000000
0.000000
0.000000
0.000000
0.000000
0.626043
0.000000
0.000000
0.101217
0.000001
0.000000
0.000000
0.944228
0.000000
0.000000
0.000085
0.000067
0.000000
0.100618
0.000000
0.430744
0.000000
0.000283
0.489314
0.004283
0.000042
0.100850
0.000000
0.000000
0.002667
0.000629
0.005436
0.000000
0.000000
0.000089
0.000001
0.000000
0.000004
0.000000
0.001909
0.000000
0.000000
0.660675
0.000000
0.000000
0.000000
0.000000
0.000000
0.000067
0.000000
0.000000
0.000000
0.000000
0.000000
0.000003
0.000000
0.000000
0.000000
0.000000
0.000000
0.118208
0.000000
0.537829
0.000000
0.012523
0.000063
0.000000
0.000005
0.007983
0.000000
0.000000
0.000000
0.000000
0.000000
0.000077
0.000008
0.000000
0.000000
0.457792
0.000000
0.047273
0.000317
0.000000
0.165655
0.000812
0.000047
0.007509
0.001533
0.000000
0.012683
0.000000
0.472180
0.098285
0.002117
0.000000
0.000000
0.046656
0.008393
0.004764
0.000000
0.000760
0.000000
0.000000
0.000000
0.000000
0.003085
0.000031
0.000013
0.177745
0.000000
0.046096
0.764480
0.000000
0.162868
0.000007
0.201400
0.000000
0.000005
0.000000
0.000000
0.203386
0.000054
0.000083
0.490745
0.000000
0.113363
0.000000
0.002709
0.000000
0.063894
0.000000
0.000000
0.000000
0.000000
0.000396
0.000000
0.000000
0.000000
0.000000
0.000000
0.000000
0.000000
0.000000
0.000000
0.000000
0.000000
0.000000
0.000000
0.000000
0.000000
0.000000
0.000000
0.000000
0.000295
0.000000
0.000000
0.000000
0.000000
0.000000
0.004781
0.038781
0.000040
0.000000
0.000000
0.000000
0.000000
0.000000
0.000000
0.000000
0.000000
0.003109
0.000000
0.014894
0.000001
0.000000
0.000000
0.000000
0.000000
0.000000
0.000000
0.000000
0.000000
0.000000
0.000000
0.000000
0.000000
0.000000
0.000000
0.000000
0.000000
0.092737
0.000000
0.000000
0.082303
0.000000
0.000260
0.000039
0.001164
0.000000
0.000000
0.000000
0.000000
0.000000
0.000000
0.000000
0.005798
0.000000
0.000000
0.000000
0.000000
0.000000
0.000000
0.000000
0.000000
0.000000
0.000003
0.000000
0.000000
0.000000
0.000000
0.000000
0.000000
0.000000
0.000000
0.000000
0.000000
0.000001
0.000000
0.000000
0.000000
0.000018
0.000000
0.000000
0.000068
0.000000
0.000000
0.000215
0.151589
0.000000
0.000209
0.042391
0.246289
0.001615
0.000000
0.000000
0.000000
0.000000
0.000000
0.000000
0.000000
0.000000
0.000000
0.292004
0.000000
0.000000
0.000000
0.000000
0.000000
0.000000
0.000003
0.000000
0.000000
0.000000
0.000000
0.000000
0.000000
0.000000
0.000000
0.000000
0.000000
0.026805
0.000000
0.000273
0.066551
0.111351
0.000000
0.000000
0.000000
0.000000
0.000003
0.000000
0.000007
0.000000
0.000001
0.736234
0.000000
0.000000
0.000000
0.000601
0.001591
0.000000
0.000000
0.002007
0.000000
0.000000
0.000000
0.000000
0.000000
0.000000
0.000000
0.000776
0.000010
0.000000
0.000000
0.000000
0.000000
0.000000
0.000003
0.000497
0.000018
0.000000
0.000000
0.000000
0.000000
0.000000
0.000000
0.609362
0.000000
0.000017
0.012219
0.000000
0.065821
0.000000
0.000000
0.000000
0.000013
0.000000
0.029724
0.000003
0.000381
0.000000
0.000000
0.000000
0.000000
0.000000
0.000000
0.000000
0.000891
0.000000
0.000000
0.000000
0.000000
0.000000
0.000000
0.000000
0.000000
0.000000
0.000000
0.000000
0.019590
0.000000
0.000000
0.004494
0.000051
0.000000
0.000050
0.000032
0.000000
0.000000
0.024986
0.000000
0.000000
0.000000
0.000003
0.000000
0.000000
0.000000
0.000000
0.000000
0.000000
0.000000
0.000000
0.000000
0.000003
0.006170
0.000000
0.000000
0.000000
0.000000
0.000003
0.000000
0.000005
0.000000
0.000000
0.002040
0.066872
0.000000
0.000000
0.000005
0.000000
0.000000
0.000000
0.000000
0.000019
0.000193
0.000000
0.001056
0.000000
0.000000
0.657117
0.000000
0.000000
0.000000
0.000068
0.001413
0.000000
0.000000
0.000000
0.292884
0.000036
0.000000
0.000000
0.000000
0.000000
0.000000
0.000000
0.011917
0.000001
0.000096
0.000031
0.000000
0.000999
0.000236
0.000000
0.000000
0.000000
0.000000
0.000000
0.000000
0.000000
0.000000
0.000000
0.000000
0.000000
0.000000
0.000000
0.000000
0.000000
0.000000
0.000000
0.000000
0.000000
0.000000
0.000000
0.000000
0.000000
0.000000
0.000000
0.000000
0.000000
0.000000
0.000000
0.000000
0.000000
0.141693
0.000000
0.000000
0.000000
0.000000
0.000000
0.001514
0.000000
0.000015
0.000000
0.000000
0.000000
0.000000
0.000000
0.000000
0.000000
0.000000
0.000000
0.000000
0.000000
0.000000
0.155129
0.000000
0.000000
0.000000
0.000000
0.000000
0.000000
0.000000
0.000000
0.000000
0.000000
0.000000
0.000000
0.000000
0.000000
0.000000
0.000000
0.000000
0.000000
0.000000
0.000000
0.000000
0.096574
0.000000
0.044011
0.000000
0.000000
0.000000
0.148119
0.000000
0.000000
0.000000
0.000000
0.000000
0.000000
0.000000
0.000000
0.000000
0.000000
0.000000
0.000000
0.000000
0.000000
0.000000
0.000000
0.000000
0.000000
0.000000
0.000000
0.000000
0.000000
0.000000
0.008683
0.000000
0.000000
0.000000
0.020646
0.000000
0.000000
0.000000
0.000000
0.000000
0.000000
0.000000
0.000000
0.000000
0.000000
0.000000
0.000000
0.155612
0.004401
0.000000
0.000000
0.000000
0.000462
0.000000
0.000000
0.000000
0.000000
0.000000
0.000000
0.000000
0.000000
0.000000
0.000000
0.000000
0.000009
0.000000
0.000234
0.000002
0.000000
0.000000
0.000000
0.000000
0.000000
0.000000
0.000000
0.000000
0.000000
0.000000
0.000000
0.000005
0.000000
0.000000
0.000000
0.000000
0.000000
0.000000
0.000000
0.000000
0.000000
0.000000
0.000000
0.000000
0.000000
0.000000
0.000000
0.000000
0.000000
0.000000
0.000000
0.000000
0.000000
0.000000
0.000000
0.000000
0.000000
0.030956
0.000000
0.000000
0.004559
0.000000
0.000000
0.000000
0.000003
0.000000
0.000000
0.000000
0.000000
0.000000
0.000000
0.000000
0.001186
0.000000
0.000000
0.000000
0.000000
0.000000
0.441853
0.000000
0.000000
0.000000
0.000000
0.000000
0.000000
0.000000
0.000000
0.000000
0.000022
0.000000
0.000000
0.000000
0.000000
0.000000
0.000000
0.000000
0.000000
0.000000
0.000000
0.000000
0.140846
0.000000
0.000000
0.000000
0.000000
0.000000
0.000000
0.000000
0.000000
0.000000
0.000000
0.000000
0.000000
0.000000
0.000000
0.000000
0.000000
0.000000
0.000000
0.000000
0.000000
0.000000
0.000000
0.000000
0.000000
0.822540
0.000000
0.000000
0.000000
0.000000
0.009513
0.000000
0.000000
0.000000
0.000000
0.122480
0.000000
0.000000
0.000000
0.000000
0.000000
0.000000
0.000000
0.000000
0.000000
0.000000
0.000000
0.000055
0.000000
0.000003
0.016910
0.000000
0.000000
0.000000
0.013322
0.000000
0.000000
0.000000
0.000000
0.000000
0.000000
0.000000
0.000000
0.000000
0.000000
0.000000
0.000000
0.033372
0.001623
0.000006
0.000000
0.000000
0.000000
0.000000
0.000000
0.000000
0.000000
0.000000
0.000000
0.000064
0.000000
0.000000
0.000000
0.000000
0.000000
0.000000
0.000000
0.000000
0.000000
0.000000
0.000000
0.000000
0.000000
0.000000
0.231532
0.003148
0.000294
0.000000
0.000000
0.234562
0.000000
0.000000
0.000000
0.000006
0.061634
0.000364
0.000000
0.548616
0.000000
0.000000
0.000000
0.000000
0.000000
0.000000
0.000002
0.332453
0.000000
0.608653
0.323687
0.200682
0.000000
0.532007
0.000000
0.000000
0.000000
0.000000
0.000000
0.000619
0.222172
0.000000
0.000040
0.000000
0.027730
0.000000
0.022880
0.000000
0.503490
0.066185
0.000000
0.000000
0.000172
0.044357
0.053021
0.039386
0.000000
0.000000
0.000000
0.000000
0.250036
0.000000
0.323687
0.000879
0.000000
0.000000
0.024238
0.000000
0.000000
0.195010
0.000000
0.000000
0.000000
0.000000
0.531552
0.639322
0.000000
0.000019
0.000005
0.000000
0.231532
0.000000
0.000000
0.000000
0.000000
0.063806
0.000000
0.008058
0.000000
0.025909
0.000112
0.000000
0.374881
0.000000
0.000003
0.020286
0.432395
0.000000
0.006099
0.000000
0.000123
0.000000
0.024692
0.000000
0.000000
0.000000
0.000000
0.000000
0.000000
0.356035
0.004060
0.000000
0.000000
0.000000
0.473371
0.011122
0.000000
0.000000
0.330268
0.000000
0.000000
0.018831
0.000000
0.144990
0.000000
0.000000
0.000000
0.439452
0.000000
0.368373
0.056396
0.000000
0.054532
0.902856
0.000000
0.016523
0.000000
0.057329
0.000000
0.000000
0.000000
0.019472
0.000000
0.014641
0.000000
0.000034
0.000000
0.000000
0.000000
0.000000
0.000000
0.000000
0.000000
0.000000
0.000000
0.000000
0.000000
0.000000
0.000000
0.000000
0.009913
0.000000
0.000002
0.035936
0.014764
0.000000
0.000061
0.669801
0.000000
0.000000
0.000212
0.000153
0.000013
0.001411
0.000000
0.439765
0.000000
0.000157
0.175538
0.017226
0.000066
0.049657
0.000000
0.000000
0.000011
0.000115
0.000029
0.000000
0.000000
0.000589
0.000000
0.000000
0.045203
0.000000
0.017829
0.000000
0.000000
0.378974
0.000000
0.020554
0.000000
0.000000
0.000000
0.000002
0.000000
0.000000
0.000006
0.000000
0.000000
0.000000
0.000000
0.000000
0.000000
0.000000
0.000000
0.149004
0.000000
0.679978
0.000000
0.000003
0.000000
0.000000
0.000093
0.048701
0.000023
0.000000
0.000000
0.000000
0.000000
0.000028
0.000000
0.000001
0.000000
0.010037
0.000000
0.006864
0.001621
0.000022
0.031024
0.000774
0.000000
0.007497
0.001268
0.000000
0.036355
0.000000
0.010634
0.031504
0.086448
0.000000
0.000000
0.102526
0.000155
0.212175
0.000000
0.000000
0.000000
0.000000
0.000000
0.000000
0.009432
0.000000
0.000003
0.802733
0.000784
0.020531
0.317537
0.000000
0.892259
0.000001
0.081557
0.000000
0.000000
0.000000
0.000000
0.018313
0.000038
0.047914
0.824194
0.000000
0.744961
0.000000
0.002469
0.000000
0.399856
0.000000
0.000000
0.000001
0.000004
0.217925
0.000000
0.000000
0.000000
0.000000
0.000000
0.000014
0.000000
0.000000
0.000000
0.000000
0.000000
0.000000
0.000113
0.000030
0.000000
0.000000
0.000000
0.000000
0.000027
0.000000
0.000000
0.000000
0.000000
0.000000
0.000001
0.002423
0.000006
0.000000
0.000000
0.000000
0.000000
0.000000
0.000000
0.000000
0.000000
0.003899
0.000000
0.076680
0.020134
0.000000
0.000000
0.000000
0.000000
0.000000
0.000000
0.000000
0.000148
0.000000
0.000000
0.000000
0.000000
0.000000
0.000000
0.000000
0.000000
0.007123
0.000000
0.000000
0.000813
0.000000
0.000175
0.000502
0.006366
0.000000
0.000000
0.000000
0.000000
0.000000
0.000000
0.000000
0.005117
0.000000
0.000000
0.000000
0.000000
0.000000
0.000000
0.000000
0.000000
0.000000
0.000246
0.000000
0.000000
0.000000
0.000000
0.000000
0.000122
0.000000
0.000000
0.000000
0.000000
0.000010
0.000000
0.000000
0.000000
0.000717
0.000000
0.000000
0.000115
0.000000
0.000000
0.000276
0.272150
0.000000
0.018838
0.247627
0.159972
0.035062
0.000000
0.000000
0.000000
0.000000
0.000000
0.000000
0.000000
0.000000
0.000000
0.689423
0.000000
0.000000
0.000000
0.000000
0.000000
0.000000
0.000343
0.000058
0.000000
0.000000
0.000000
0.000000
0.000001
0.000000
0.000000
0.000000
0.000000
0.010729
0.000000
0.054666
0.000752
0.541264
0.000000
0.000000
0.000000
0.000000
0.000000
0.000000
0.000215
0.000000
0.000034
0.370252
0.000000
0.000000
0.000000
0.003290
0.000183
0.000000
0.000000
0.000003
0.000000
0.000000
0.000000
0.000000
0.000000
0.000000
0.000000
0.000003
0.000105
0.000000
0.000000
0.000000
0.000000
0.000000
0.000006
0.003353
0.000000
0.000000
0.000000
0.000000
0.000185
0.000000
0.000435
0.005464
0.000000
0.000049
0.001702
0.000000
0.000750
0.000000
0.000000
0.000000
0.052928
0.000000
0.058054
0.000001
0.003775
0.000000
0.000000
0.000000
0.000000
0.000000
0.000000
0.000000
0.061229
0.000000
0.000000
0.000000
0.000000
0.000000
0.000000
0.000000
0.000000
0.000000
0.000000
0.000000
0.166064
0.000000
0.000000
0.000250
0.375071
0.000000
0.000000
0.232673
0.000000
0.000000
0.014397
0.000000
0.000000
0.000000
0.000070
0.000000
0.000000
0.000000
0.000000
0.000000
0.000000
0.000000
0.000000
0.000000
0.000000
0.036002
0.076967
0.000000
0.000000
0.000000
0.000000
0.000000
0.001017
0.000000
0.000000
0.015987
0.571441
0.000000
0.000000
0.000000
0.000000
0.000000
0.000000
0.000000
0.000030
0.009487
0.000135
0.000952
0.000000
0.000019
0.286451
0.000000
0.000000
0.000296
0.000000
0.506391
0.000000
0.000000
0.000000
0.339599
0.000001
0.000000
0.000000
0.000000
0.000000
0.000034
0.000003
0.000002
0.000000
0.002466
0.002892
0.000000
0.000384
0.094105
0.000000
0.000000
0.000000
0.000000
0.000000
0.000002
0.000000
0.000000
0.000000
0.000004
0.000000
0.000000
0.000000
0.000000
0.000000
0.000000
0.000000
0.000000
0.000000
0.000000
0.000000
0.000000
0.000000
0.000000
0.000000
0.000000
0.000000
0.000000
0.000000
0.000000
0.000000
0.105709
0.000000
0.000000
0.000000
0.000000
0.000000
0.000247
0.000000
0.004298
0.000000
0.000000
0.000000
0.000000
0.000000
0.000000
0.000000
0.000000
0.000000
0.000000
0.000000
0.000000
0.006805
0.000000
0.000000
0.000000
0.000000
0.000000
0.000000
0.000000
0.000000
0.000000
0.000000
0.000000
0.000000
0.000000
0.000000
0.000000
0.000000
0.000000
0.000000
0.000000
0.000000
0.000000
0.485469
0.000000
0.000116
0.000000
0.000000
0.000000
0.000014
0.000000
0.000000
0.000000
0.000000
0.000000
0.000000
0.000000
0.000000
0.000000
0.000000
0.000000
0.000000
0.000000
0.000000
0.000000
0.000000
0.000000
0.000000
0.000000
0.000000
0.000000
0.000000
0.000000
0.011139
0.000000
0.000000
0.000000
0.037152
0.000000
0.000000
0.000000
0.000000
0.000000
0.000000
0.000000
0.000000
0.000000
0.000000
0.000000
0.000000
0.144398
0.047795
0.000000
0.000000
0.000000
0.006465
0.000000
0.000000
0.000000
0.000000
0.000000
0.000000
0.000000
0.000000
0.000000
0.000000
0.000000
0.000004
0.000000
0.000001
0.000022
0.000000
0.000000
0.000000
0.000000
0.000000
0.000000
0.000000
0.000000
0.000000
0.000000
0.000000
0.000000
0.000000
0.000000
0.000000
0.000000
0.000000
0.000000
0.000000
0.000000
0.000000
0.000000
0.000000
0.000000
0.000000
0.000000
0.000000
0.000000
0.000000
0.000000
0.000000
0.000000
0.000000
0.000000
0.000000
0.000000
0.000000
0.008616
0.000000
0.000086
0.001578
0.000000
0.000000
0.000000
0.000004
0.000000
0.039999
0.000000
0.000000
0.000509
0.000000
0.000000
0.000000
0.000000
0.000000
0.000000
0.000000
0.000000
0.005160
0.000000
0.000024
0.000000
0.000000
0.000000
0.000000
0.000000
0.000000
0.000000
0.017923
0.000000
0.000000
0.000000
0.000000
0.000000
0.000000
0.000000
0.000000
0.000000
0.000000
0.000002
0.029953
0.000000
0.000000
0.000000
0.000000
0.000000
0.000000
0.000000
0.000000
0.000000
0.000000
0.000000
0.000000
0.000000
0.000000
0.000000
0.000000
0.000000
0.000000
0.000000
0.000000
0.000000
0.000000
0.000000
0.000000
0.105778
0.000000
0.000000
0.000000
0.000011
0.009944
0.000000
0.000000
0.000000
0.000000
0.003642
0.000000
0.000000
0.000000
0.000000
0.000000
0.000000
0.000000
0.000010
0.000000
0.000000
0.000000
0.000007
0.000000
0.000604
0.003300
0.000000
0.000000
0.000092
0.018424
0.000000
0.000000
0.000000
0.000000
0.000000
0.000000
0.000000
0.000000
0.000000
0.000000
0.000017
0.000002
0.065911
0.021163
0.004262
0.000000
0.000000
0.000000
0.000000
0.000000
0.000000
0.000000
0.000000
0.000000
0.006318
0.000000
0.000000
0.000000
0.000000
0.000000
0.000000
0.000000
0.000000
0.000000
0.000000
0.000000
0.000000
0.000000
0.000000
0.000933
0.007736
0.019686
0.000000
0.000000
0.185344
0.000000
0.000000
0.000000
0.000127
0.005268
0.036237
0.000000
0.415739
0.000000
0.000000
0.000000
0.000000
0.000000
0.000368
0.000005
0.327746
0.000000
0.165400
0.066025
0.468400
0.000002
0.578562
0.000000
0.000000
0.000000
0.000000
0.000000
0.003011
0.339422
0.000000
0.001965
0.000000
0.001194
0.000000
0.001982
0.000000
0.662928
0.013916
0.000000
0.000000
0.117635
0.045965
0.003041
0.125954
0.000000
0.000000
0.000000
0.000000
0.401735
0.000000
0.047172
0.011130
0.000000
0.000000
0.341469
0.000000
0.000000
0.000086
0.000000
0.000000
0.000000
0.000000
0.198539
0.220814
0.000000
0.000100
0.000000
0.000000
0.000933
0.000000
0.000000
0.000000
0.000000
0.017239
0.000000
0.000229
0.000000
0.004286
0.000327
0.000000
0.049029
0.000000
0.000001
0.337205
0.620240
0.000000
0.064873
0.000000
0.001845
0.000032
0.101017
0.000093
0.000000
0.000000
0.000000
0.000000
0.000000
0.006049
0.186129
0.000000
0.000010
0.000015
0.055748
0.020195
0.000000
0.000000
0.305569
0.000000
0.000000
0.014725
0.000000
0.030362
0.000000
0.000000
0.000000
0.000371
0.000000
0.074798
0.000187
0.000000
0.359163
0.017615
0.000000
0.002477
0.000000
0.448361
0.000000
0.000000
0.000000
0.017648
0.000000
0.000819
0.000002
0.000145
0.000000
0.000000
0.000000
0.000000
0.000000
0.000000
0.000000
0.000000
0.000000
0.000000
0.000000
0.000000
0.000000
0.000000
0.146225
0.000000
0.000000
0.002186
0.000004
0.035024
0.000000
0.399856
0.000000
0.000000
0.000057
0.000399
0.000025
0.496158
0.021830
0.002551
0.000001
0.000000
0.330966
0.023827
0.000071
0.004415
0.000000
0.000000
0.039784
0.000054
0.152111
0.000000
0.000000
0.000018
0.000004
0.000000
0.060636
0.000000
0.000000
0.000000
0.000000
0.001948
0.000000
0.001574
0.000000
0.000000
0.000000
0.000005
0.000000
0.000000
0.000119
0.000000
0.000000
0.000000
0.000000
0.000001
0.000000
0.000000
0.000000
0.966205
0.000000
0.899845
0.000000
0.046739
0.000000
0.000000
0.001140
0.095999
0.000004
0.000000
0.000000
0.000000
0.000000
0.000043
0.000000
0.000000
0.000000
0.637542
0.000000
0.100684
0.000253
0.000000
0.001033
0.027832
0.002893
0.000167
0.048221
0.000000
0.114847
0.000000
0.260585
0.335704
0.000053
0.000000
0.000000
0.010454
0.030607
0.123908
0.000000
0.000000
0.000000
0.000000
0.000000
0.000000
0.006722
0.020887
0.000000
0.191705
0.000007
0.017252
0.024373
0.000000
0.051008
0.000021
0.145675
0.000000
0.000000
0.000000
0.000000
0.033616
0.000010
0.001819
0.066849
0.000000
0.127049
0.000000
0.000535
0.000000
0.000160
0.000000
0.000000
0.000050
0.000000
0.000320
0.000000
0.000000
0.000000
0.000000
0.000000
0.000000
0.000000
0.000000
0.000000
0.000000
0.000000
0.000000
0.000000
0.000000
0.000000
0.000000
0.000000
0.000000
0.000000
0.000000
0.000000
0.000000
0.000000
0.000000
0.002906
0.001131
0.000121
0.000000
0.000000
0.000000
0.000000
0.000000
0.000000
0.000000
0.000000
0.015573
0.000000
0.000003
0.025852
0.000000
0.000000
0.000000
0.000000
0.000000
0.000000
0.000000
0.000001
0.000000
0.000000
0.000000
0.000000
0.000000
0.000000
0.000000
0.000000
0.360271
0.000000
0.000000
0.000000
0.000000
0.000113
0.000055
0.000026
0.000000
0.000000
0.000000
0.000000
0.000000
0.000000
0.000000
0.001559
0.000000
0.000000
0.000000
0.000000
0.000000
0.000000
0.000000
0.000000
0.000000
0.004331
0.000000
0.000000
0.000000
0.000000
0.000000
0.000000
0.000000
0.000000
0.000000
0.000000
0.000000
0.000000
0.000000
0.000000
0.255413
0.000000
0.000000
0.000019
0.000000
0.000000
0.003097
0.032108
0.000000
0.068455
0.618346
0.009851
0.005918
0.000000
0.000000
0.000000
0.000000
0.000000
0.000000
0.000000
0.000000
0.000000
0.945981
0.000000
0.000000
0.000000
0.000000
0.000000
0.000000
0.000000
0.000000
0.000000
0.000000
0.000000
0.000000
0.005030
0.000000
0.000000
0.000000
0.000228
0.086855
0.000000
0.004156
0.000912
0.271923
0.000000
0.000000
0.000000
0.000000
0.000010
0.000000
0.001132
0.000000
0.000002
0.732196
0.000000
0.000000
0.000000
0.017064
0.000000
0.000000
0.000000
0.000000
0.000000
0.000000
0.000000
0.000000
0.000000
0.000000
0.000000
0.000011
0.003281
0.000000
0.000000
0.000000
0.000000
0.000000
0.000000
0.000000
0.000000
0.000000
0.000000
0.000000
0.000001
0.000000
0.053489
0.346669
0.000000
0.000000
0.015373
0.000000
0.103305
0.000000
0.000000
0.000000
0.000565
0.000000
0.071576
0.000000
0.000081
0.000000
0.000000
0.000000
0.000000
0.000000
0.000000
0.000000
0.000000
0.000000
0.000000
0.000000
0.000000
0.000003
0.000000
0.000000
0.000000
0.000000
0.000000
0.000000
0.574590
0.000000
0.000000
0.097410
0.018046
0.000000
0.000000
0.012083
0.000000
0.000000
0.007616
0.000000
0.000000
0.000000
0.003635
0.000000
0.000000
0.000000
0.000000
0.000000
0.000000
0.000000
0.000000
0.000000
0.000000
0.576108
0.003038
0.000000
0.000000
0.000000
0.000000
0.000000
0.000002
0.000000
0.000000
0.000009
0.937890
0.000000
0.000000
0.000000
0.000000
0.000000
0.000000
0.000000
0.000000
0.000110
0.000000
0.000150
0.000000
0.000000
0.707291
0.000000
0.000000
0.000016
0.030990
0.370911
0.000000
0.000000
0.000000
0.000161
0.000895
0.000000
0.000000
0.000000
0.000000
0.000000
0.000010
0.000004
0.000022
0.000006
0.001906
0.000000
0.402329
0.017239
0.000000
0.000000
0.000000
0.000000
0.000000
0.000000
0.000000
0.000000
0.000000
0.000000
0.000000
0.000000
0.000000
0.000000
0.000000
0.000000
0.000000
0.000000
0.000000
0.000000
0.000000
0.000000
0.000000
0.000000
0.000000
0.000000
0.000000
0.000000
0.000000
0.000000
0.000000
0.490525
0.000000
0.001033
0.000000
0.000000
0.000000
0.000000
0.000021
0.003558
0.000000
0.000000
0.000000
0.000000
0.000000
0.000000
0.000000
0.000000
0.000000
0.000000
0.000000
0.000000
0.362216
0.000000
0.000000
0.000000
0.000000
0.000000
0.000000
0.000000
0.000000
0.000000
0.000000
0.000000
0.000000
0.000000
0.000000
0.000000
0.000000
0.000000
0.000000
0.000000
0.000000
0.000000
0.667313
0.000000
0.000014
0.000000
0.000000
0.000000
0.294569
0.000000
0.000000
0.000000
0.000000
0.000000
0.000000
0.000000
0.000000
0.000000
0.000000
0.000000
0.000000
0.000000
0.000000
0.000000
0.000000
0.000000
0.000000
0.000000
0.000000
0.000000
0.000000
0.000000
0.037733
0.000000
0.000000
0.000000
0.000156
0.000000
0.000000
0.000000
0.000000
0.000000
0.000000
0.000000
0.000000
0.000000
0.000000
0.000000
0.000000
0.196416
0.000000
0.000000
0.000000
0.000000
0.000000
0.000000
0.000000
0.000000
0.000000
0.000000
0.000000
0.000000
0.000000
0.000000
0.000000
0.000000
0.000000
0.000000
0.000125
0.000005
0.000000
0.000000
0.000000
0.000000
0.000000
0.000000
0.000000
0.000000
0.000000
0.000000
0.000000
0.000004
0.000000
0.000000
0.000000
0.000000
0.000000
0.000000
0.000000
0.000000
0.000000
0.000000
0.000000
0.000000
0.000000
0.000000
0.000000
0.000000
0.000000
0.000000
0.000000
0.000000
0.000000
0.000000
0.000000
0.000000
0.000000
0.144262
0.000000
0.000486
0.014239
0.000000
0.000000
0.000000
0.000000
0.000000
0.000008
0.000000
0.000000
0.000004
0.000000
0.000000
0.000000
0.000000
0.000000
0.000000
0.000000
0.000000
0.004818
0.000001
0.000000
0.000000
0.000000
0.000000
0.000000
0.000000
0.000000
0.000000
0.000135
0.000000
0.000000
0.000000
0.000000
0.000000
0.000000
0.000000
0.000000
0.000000
0.000000
0.000000
0.009395
0.000000
0.000000
0.000000
0.000000
0.000000
0.000001
0.000000
0.000000
0.000000
0.000000
0.000000
0.000000
0.000000
0.006406
0.000000
0.000000
0.000000
0.000000
0.000000
0.000000
0.000000
0.000000
0.000000
0.000000
0.285271
0.000000
0.000000
0.000000
0.000001
0.392103
0.000000
0.000000
0.000000
0.000000
0.155177
0.000000
0.000000
0.000000
0.000000
0.000000
0.000000
0.000000
0.000003
0.000000
0.000000
0.000000
0.000003
0.000000
0.023818
0.002332
0.000000
0.000000
0.000000
0.001528
0.000000
0.000000
0.000000
0.000000
0.000000
0.000000
0.000000
0.000000
0.000000
0.000000
0.001672
0.000000
0.002884
0.000001
0.000017
0.000000
0.000000
0.000169
0.000000
0.000000
0.000000
0.000000
0.000000
0.000000
0.000088
0.000000
0.000000
0.000000
0.000000
0.000000
0.000000
0.000000
0.000000
0.000000
0.000000
0.000000
0.000000
0.000000
0.000000
0.000000
0.000410
0.000008
0.000000
0.000000
0.054877
0.000000
0.000000
0.000000
0.000001
0.001612
0.001253
0.000000
0.260878
0.000000
0.000000
0.000000
0.000000
0.000004
0.000201
0.000002
0.006258
0.000000
0.001212
0.614679
0.611724
0.000005
0.196827
0.000000
0.000000
0.000000
0.000000
0.000000
0.048203
0.747591
0.000000
0.000866
0.000000
0.000245
0.000000
0.002864
0.000000
0.833699
0.021830
0.000000
0.000000
0.000104
0.000016
0.000004
0.000075
0.000000
0.000000
0.000000
0.000000
0.362030
0.000000
0.234833
0.841921
0.000000
0.000000
0.383383
0.000000
0.000000
0.001895
0.000000
0.000000
0.000000
0.000000
0.216333
0.079406
0.000000
0.000068
0.000000
0.000000
0.000000
0.000000
0.000000
0.000000
0.000000
0.000003
0.000000
0.000000
0.000000
0.001783
0.000017
0.000000
0.467969
0.000000
0.000000
0.011816
0.372420
0.000000
0.798111
0.000000
0.002820
0.000000
0.000206
0.000069
0.000000
0.000000
0.000000
0.000000
0.000000
0.395232
0.353472
0.000000
0.000000
0.002052
0.007126
0.043155
0.000000
0.000000
0.361752
0.000000
0.000000
0.011555
0.000000
0.002586
0.000000
0.000000
0.000000
0.052724
0.000000
0.150881
0.039471
0.000000
0.398574
0.818592
0.000000
0.112006
0.000000
0.577626
0.000000
0.000000
0.000000
0.000219
0.000000
0.372798
0.000015
0.092953
0.000000
0.000000
0.000000
0.000000
0.000000
0.000000
0.000000
0.000000
0.000000
0.000000
0.000000
0.000000
0.000000
0.000000
0.421826
0.000000
0.000004
0.000669
0.004822
0.000004
0.000000
0.292884
0.000000
0.000000
0.621187
0.000000
0.000001
0.189584
0.000003
0.000081
0.000000
0.000000
0.005480
0.000000
0.000122
0.671577
0.000000
0.000000
0.000674
0.000007
0.266955
0.000000
0.000000
0.000009
0.000000
0.000000
0.000521
0.000000
0.019443
0.000000
0.000000
0.260218
0.000000
0.002210
0.000000
0.000000
0.000000
0.000000
0.000000
0.000000
0.000000
0.000000
0.000000
0.000000
0.000000
0.000000
0.000000
0.000000
0.000009
0.301461
0.000000
0.001408
0.000000
0.000124
0.000089
0.000000
0.001864
0.032615
0.000000
0.000000
0.000000
0.000000
0.000000
0.000016
0.000000
0.000000
0.000000
0.547120
0.000000
0.552305
0.000857
0.000000
0.179102
0.002530
0.000005
0.082081
0.007634
0.000000
0.002429
0.000000
0.040797
0.460780
0.000011
0.000000
0.000000
0.032485
0.004901
0.029997
0.000000
0.000000
0.000000
0.000000
0.000000
0.000000
0.008002
0.000011
0.000000
0.038406
0.000016
0.003217
0.347571
0.000000
0.526096
0.000000
0.256717
0.000000
0.000037
0.000003
0.000000
0.999043
0.000002
0.000092
0.603461
0.000000
0.242654
0.000000
0.000388
0.000000
0.000009
0.000000
0.000000
0.000000
0.000000
0.000102
0.000000
0.000000
0.000000
0.000000
0.000000
0.000000
0.000000
0.000000
0.000000
0.000000
0.000000
0.000000
0.000000
0.000000
0.000000
0.000000
0.000000
0.000000
0.000115
0.000000
0.000000
0.000000
0.000000
0.000000
0.000463
0.001742
0.000169
0.000000
0.000000
0.000000
0.000000
0.000000
0.000000
0.000000
0.000000
0.392103
0.000000
0.012252
0.000000
0.000008
0.000000
0.000000
0.000000
0.000000
0.000000
0.000000
0.000027
0.000000
0.000000
0.000000
0.000000
0.000000
0.000000
0.000000
0.000000
0.464421
0.000000
0.000000
0.000305
0.000000
0.001287
0.000503
0.001273
0.000000
0.000000
0.000000
0.000000
0.000000
0.000000
0.000000
0.348385
0.000000
0.000000
0.000000
0.000000
0.000000
0.000000
0.000000
0.000000
0.000000
0.000006
0.000000
0.000000
0.000000
0.000000
0.000000
0.000000
0.000000
0.000000
0.000000
0.000000
0.000000
0.000000
0.000000
0.000000
0.000067
0.000000
0.000000
0.000287
0.000000
0.000000
0.017789
0.038879
0.000000
0.066574
0.704361
0.027203
0.047189
0.000000
0.000000
0.000000
0.000000
0.000000
0.000000
0.000000
0.000000
0.000000
0.759972
0.000000
0.000000
0.000000
0.000000
0.000000
0.000000
0.000001
0.000000
0.000000
0.000000
0.000000
0.000000
0.000002
0.000000
0.000000
0.000000
0.000000
0.531780
0.000000
0.008201
0.012974
0.681514
0.000000
0.000000
0.000000
0.000000
0.000000
0.000000
0.000000
0.000000
0.000655
0.179048
0.000000
0.000000
0.000000
0.000000
0.092737
0.000000
0.000000
0.001317
0.000000
0.000000
0.000000
0.000000
0.000003
0.000000
0.000000
0.013189
0.001057
0.000000
0.000000
0.000000
0.000000
0.000040
0.000000
0.000304
0.000000
0.000000
0.000000
0.000000
0.000011
0.000000
0.000325
0.095143
0.000000
0.000011
0.012974
0.000000
0.094670
0.000000
0.000000
0.000000
0.054150
0.000000
0.557389
0.000000
0.001077
0.000000
0.000000
0.000000
0.000000
0.000000
0.000000
0.000000
0.000593
0.000001
0.000000
0.000000
0.000000
0.000000
0.000000
0.000000
0.000000
0.000000
0.000000
0.000000
0.640626
0.000000
0.000000
0.041773
0.153877
0.000000
0.000021
0.000002
0.000000
0.000000
0.037938
0.000000
0.000000
0.000000
0.017442
0.000000
0.000000
0.000000
0.000000
0.000000
0.000000
0.000000
0.000000
0.000000
0.000001
0.322313
0.100154
0.000000
0.000000
0.000000
0.000002
0.000000
0.074113
0.000002
0.000000
0.000003
0.466893
0.000000
0.000000
0.000003
0.000000
0.000000
0.000000
0.000000
0.005297
0.000017
0.000001
0.000003
0.000000
0.000000
0.464958
0.000147
0.000029
0.000000
0.000000
0.024103
0.000000
0.000000
0.000000
0.121851
0.000000
0.000000
0.000000
0.000000
0.000000
0.000784
0.000000
0.000046
0.000000
0.000000
0.000882
0.000000
0.000061
0.000067
0.000000
0.000000
0.000000
0.000000
0.000000
0.000000
0.000000
0.000000
0.000000
0.000000
0.000000
0.000000
0.000000
0.000000
0.000000
0.000000
0.000000
0.000000
0.000000
0.000000
0.000000
0.000000
0.000000
0.000000
0.000000
0.000000
0.000000
0.000000
0.000000
0.000000
0.000000
0.054934
0.000000
0.000000
0.000000
0.000000
0.000000
0.000000
0.000000
0.076836
0.000000
0.000000
0.000000
0.000000
0.000000
0.000000
0.000000
0.000000
0.000000
0.000000
0.000000
0.000000
0.725249
0.000000
0.000000
0.000000
0.000000
0.000000
0.000000
0.000000
0.000000
0.000000
0.000000
0.000000
0.000000
0.000000
0.000000
0.000000
0.000000
0.000000
0.000000
0.000000
0.000000
0.000000
0.209439
0.000000
0.009004
0.000000
0.000000
0.000000
0.031184
0.000000
0.000000
0.000000
0.000000
0.000000
0.000000
0.000000
0.000000
0.000000
0.000000
0.000000
0.000000
0.000000
0.000000
0.000000
0.000000
0.000000
0.000000
0.000000
0.000000
0.000000
0.000000
0.000000
0.002165
0.000000
0.000000
0.000000
0.019560
0.000000
0.000000
0.000000
0.000000
0.000000
0.000000
0.000000
0.000000
0.000000
0.000000
0.000000
0.000000
0.018619
0.000484
0.000000
0.000000
0.000000
0.000000
0.000000
0.000000
0.000000
0.000000
0.000000
0.000000
0.000000
0.000000
0.000000
0.000000
0.000000
0.000014
0.000000
0.000002
0.000000
0.000000
0.000000
0.000000
0.000000
0.000000
0.000000
0.000000
0.000000
0.000000
0.000000
0.000000
0.000000
0.000000
0.000000
0.000000
0.000000
0.000000
0.000000
0.000000
0.000000
0.000000
0.000000
0.000000
0.000000
0.000000
0.000000
0.000000
0.000000
0.000000
0.000000
0.000000
0.000000
0.000000
0.000000
0.000000
0.000000
0.000000
0.000104
0.000000
0.000081
0.000102
0.000000
0.000000
0.000000
0.000134
0.000000
0.000000
0.000000
0.000000
0.000000
0.000000
0.000000
0.000000
0.000000
0.000000
0.000000
0.000000
0.000000
0.011762
0.000000
0.000001
0.000000
0.000000
0.000000
0.000000
0.000000
0.000000
0.000000
0.157315
0.000000
0.000000
0.000000
0.000000
0.000000
0.000000
0.000000
0.000000
0.000000
0.000000
0.000000
0.441749
0.000000
0.000000
0.000000
0.000000
0.000000
0.000003
0.000000
0.000000
0.000000
0.000000
0.000000
0.000000
0.000000
0.000002
0.000000
0.000000
0.000000
0.000000
0.000000
0.000000
0.000000
0.000000
0.000000
0.000000
0.003487
0.000000
0.000000
0.000000
0.000000
0.580901
0.000000
0.000000
0.000000
0.000000
0.036978
0.000000
0.000000
0.000000
0.000000
0.000000
0.000000
0.000000
0.000000
0.000000
0.000000
0.000007
0.000010
0.000000
0.000000
0.046129
0.000000
0.000000
0.000042
0.404911
0.000000
0.000000
0.000000
0.000000
0.000000
0.000000
0.000000
0.000000
0.000000
0.000000
0.003140
0.000001
0.039841
0.000044
0.001496
0.000000
0.000000
0.000000
0.000000
0.000000
0.000000
0.000000
0.000000
0.000000
0.000000
0.000000
0.000000
0.000000
0.000000
0.000000
0.000000
0.000000
0.000000
0.000000
0.000000
0.000000
0.000000
0.000000
0.000000
0.054934
0.000000
0.012224
0.000000
0.000000
0.616572
0.000000
0.000000
0.000000
0.000000
0.047880
0.003024
0.000000
0.751923
0.000000
0.000000
0.000000
0.000000
0.000897
0.000002
0.001048
0.934617
0.000000
0.535201
0.748618
0.365659
0.000027
0.619175
0.000000
0.000000
0.000000
0.000000
0.000000
0.005526
0.086419
0.000000
0.016586
0.000000
0.004990
0.000000
0.066711
0.000000
0.090355
0.464421
0.000000
0.000000
0.014832
0.000544
0.911704
0.011243
0.000000
0.000000
0.000000
0.000000
0.463670
0.000000
0.496490
0.154406
0.000000
0.000000
0.054723
0.000186
0.000000
0.006797
0.000000
0.000000
0.000000
0.000000
0.626635
0.108409
0.000000
0.001231
0.000349
0.000000
0.054934
0.000000
0.000000
0.000000
0.000000
0.000141
0.000000
0.000021
0.000000
0.000034
0.000000
0.000000
0.198895
0.000000
0.000001
0.021298
0.871170
0.000000
0.103000
0.000000
0.000020
0.000047
0.000264
0.000001
0.000000
0.000000
0.000000
0.000000
0.000000
0.298366
0.003763
0.000000
0.000000
0.000000
0.074849
0.244117
0.000000
0.000000
0.996605
0.000000
0.000000
0.002901
0.000000
0.158196
0.000000
0.000000
0.000000
0.231465
0.000000
0.242099
0.027043
0.000000
0.175110
0.166679
0.000000
0.000010
0.000000
0.285586
0.000000
0.000000
0.000000
0.083702
0.000000
0.652610
0.000092
0.022957
0.000000
0.000000
0.000000
0.000000
0.000000
0.000000
0.000000
0.000000
0.000000
0.000000
0.000000
0.000000
0.000000
0.000000
0.127661
0.000000
0.000000
0.054800
0.000000
0.000196
0.000000
0.036447
0.000000
0.000000
0.000054
0.000002
0.000016
0.000056
0.000183
0.220233
0.000000
0.000005
0.025144
0.000002
0.000002
0.350105
0.000000
0.000000
0.000001
0.000006
0.087998
0.000000
0.000000
0.000000
0.000000
0.000000
0.000005
0.000000
0.523716
0.000000
0.000000
0.109871
0.000000
0.000090
0.000000
0.000000
0.000000
0.000002
0.000000
0.000000
0.000107
0.000000
0.000000
0.000009
0.000000
0.000000
0.000000
0.000000
0.000000
0.146271
0.000000
0.018148
0.000000
0.006356
0.000077
0.000000
0.000024
0.321885
0.004401
0.000000
0.000000
0.000000
0.000000
0.000004
0.025996
0.000000
0.000000
0.173725
0.000000
0.394840
0.016820
0.000000
0.119901
0.259632
0.000703
0.060195
0.095491
0.000000
0.030451
0.000142
0.374502
0.009527
0.000239
0.000000
0.000000
0.001490
0.289139
0.000050
0.000000
0.001952
0.000000
0.000000
0.000000
0.000000
0.010072
0.000001
0.000016
0.804552
0.000006
0.000208
0.004163
0.000000
0.130551
0.000003
0.077307
0.000000
0.000000
0.000000
0.000000
0.152587
0.000354
0.033800
0.128071
0.000000
0.438515
0.000000
0.000063
0.000002
0.002193
0.000000
0.000000
0.010365
0.000000
0.000072
0.000000
0.000000
0.000000
0.000000
0.000000
0.000000
0.000000
0.000000
0.000000
0.000000
0.000000
0.000000
0.000083
0.000000
0.000000
0.000000
0.000000
0.000000
0.000193
0.000000
0.000000
0.000000
0.000000
0.000000
0.000050
0.001727
0.003933
0.000000
0.000000
0.000000
0.000000
0.000000
0.000000
0.000000
0.000000
0.066071
0.000000
0.002131
0.000025
0.000000
0.000000
0.000000
0.000000
0.000000
0.000000
0.000000
0.000090
0.000000
0.000000
0.000000
0.000000
0.000000
0.000000
0.000000
0.000000
0.943433
0.000000
0.000000
0.004646
0.000000
0.000438
0.000134
0.080244
0.000000
0.000000
0.000000
0.000000
0.000000
0.000000
0.000000
0.005561
0.000000
0.000000
0.000000
0.000000
0.000000
0.000000
0.000000
0.000000
0.000000
0.000024
0.000000
0.000000
0.000000
0.000000
0.000000
0.000083
0.000000
0.000000
0.000000
0.000000
0.000035
0.000000
0.000000
0.000000
0.005594
0.000000
0.000000
0.000014
0.000000
0.000000
0.000321
0.019619
0.000000
0.012404
0.057110
0.017588
0.042421
0.000000
0.000000
0.000000
0.000000
0.000000
0.000000
0.000000
0.000000
0.000000
0.104845
0.000000
0.000000
0.000000
0.000000
0.000000
0.000000
0.009167
0.000000
0.000000
0.000000
0.000000
0.000000
0.000004
0.000000
0.000000
0.000000
0.000000
0.253395
0.000000
0.001523
0.028453
0.437266
0.000000
0.000000
0.000000
0.000000
0.000000
0.000000
0.000194
0.000000
0.000300
0.132776
0.000000
0.000000
0.000000
0.000064
0.000001
0.000000
0.000000
0.002385
0.000000
0.000000
0.000000
0.000000
0.000000
0.000000
0.000000
0.000652
0.000005
0.000000
0.000000
0.000000
0.000000
0.000000
0.000015
0.000030
0.000009
0.000000
0.000000
0.000000
0.000007
0.000000
0.000004
0.190155
0.000000
0.000552
0.000639
0.000000
0.001732
0.000000
0.000000
0.000000
0.001356
0.000000
0.708930
0.000000
0.342094
0.000004
0.000000
0.000000
0.000000
0.000000
0.000000
0.000000
0.000253
0.000000
0.000000
0.000000
0.000000
0.000000
0.000000
0.000000
0.000000
0.000000
0.000000
0.000000
0.114921
0.000000
0.000000
0.013762
0.000717
0.000000
0.000000
0.005012
0.000000
0.000000
0.000489
0.000000
0.000000
0.000000
0.005681
0.000000
0.000000
0.000000
0.000000
0.000000
0.000000
0.000000
0.000001
0.000000
0.000036
0.287714
0.000056
0.000000
0.000000
0.000000
0.000000
0.000000
0.000004
0.000000
0.000000
0.000001
0.657355
0.000000
0.000000
0.000000
0.000000
0.000000
0.000000
0.000000
0.000079
0.027679
0.000000
0.004552
0.000000
0.000000
0.621069
0.000000
0.000000
0.000007
0.000000
0.000393
0.000000
0.000000
0.000000
0.023215
0.000013
0.000000
0.000000
0.000000
0.000000
0.000006
0.000056
0.000162
0.000000
0.000002
0.000994
0.000000
0.000001
0.000888
0.000000
0.000000
0.000000
0.000000
0.000000
0.000008
0.000000
0.000000
0.000000
0.000000
0.000000
0.000000
0.000000
0.000000
0.000000
0.000000
0.000000
0.000000
0.000000
0.000000
0.000000
0.000000
0.000000
0.000000
0.000000
0.000000
0.000000
0.000000
0.000000
0.000000
0.000000
0.689305
0.000000
0.000061
0.000000
0.000000
0.000000
0.000000
0.000000
0.026785
0.000000
0.000000
0.000000
0.000000
0.000000
0.000000
0.000000
0.000000
0.000000
0.000000
0.000000
0.000000
0.016737
0.000000
0.000000
0.000000
0.000000
0.000000
0.000000
0.000000
0.000000
0.000000
0.000000
0.000000
0.000000
0.000000
0.000000
0.000000
0.000000
0.000000
0.000000
0.000000
0.000000
0.000000
0.285822
0.000000
0.002669
0.000000
0.000000
0.000000
0.121068
0.000000
0.000000
0.000000
0.000000
0.000000
0.000000
0.000000
0.000000
0.000000
0.000000
0.000000
0.000000
0.000000
0.000000
0.000000
0.000000
0.000000
0.000000
0.000000
0.000000
0.000000
0.000000
0.000000
0.000090
0.000000
0.000000
0.000000
0.503490
0.000000
0.000000
0.000000
0.000000
0.000000
0.000000
0.000000
0.000000
0.000000
0.000000
0.000000
0.000000
0.026944
0.000017
0.000000
0.000000
0.000000
0.003885
0.000000
0.000000
0.000000
0.000000
0.000000
0.000000
0.000000
0.000000
0.000000
0.000000
0.000000
0.000433
0.000000
0.000016
0.173142
0.000000
0.000000
0.000000
0.000000
0.000000
0.000000
0.000000
0.000000
0.000000
0.000000
0.000000
0.000039
0.000000
0.000000
0.000000
0.000000
0.000000
0.000000
0.000000
0.000000
0.000000
0.000000
0.000000
0.000000
0.000000
0.000000
0.000000
0.000000
0.000000
0.000000
0.000000
0.000000
0.000000
0.000000
0.000000
0.000000
0.000000
0.000476
0.000000
0.000088
0.000006
0.000000
0.000000
0.000000
0.000000
0.000000
0.000000
0.000000
0.000000
0.000013
0.000000
0.000000
0.006158
0.000000
0.000000
0.000000
0.000000
0.000000
0.295213
0.000000
0.000000
0.000000
0.000000
0.000000
0.000000
0.000000
0.000000
0.000000
0.002472
0.000000
0.000000
0.000000
0.000000
0.000000
0.000000
0.000000
0.000000
0.000000
0.000000
0.000000
0.037883
0.000000
0.000000
0.000000
0.000000
0.000000
0.000000
0.000000
0.000000
0.000000
0.000000
0.000000
0.000000
0.000000
0.001198
0.000000
0.000000
0.000000
0.000000
0.000000
0.000000
0.000000
0.000000
0.000000
0.000000
0.128235
0.000000
0.000000
0.000000
0.000000
0.507732
0.000000
0.000000
0.000000
0.000000
0.073283
0.000000
0.000000
0.000000
0.000000
0.000000
0.000000
0.000000
0.000000
0.000000
0.000000
0.000000
0.000001
0.000000
0.000032
0.000013
0.000000
0.000000
0.000010
0.358886
0.000000
0.000000
0.000000
0.000000
0.000000
0.000000
0.000000
0.000000
0.000000
0.000000
0.000000
0.000000
0.000641
0.000014
0.000009
0.000000
0.000000
0.000000
0.000000
0.000000
0.000000
0.000000
0.000000
0.000000
0.000004
0.000000
0.000000
0.000000
0.000000
0.000000
0.000000
0.000000
0.000000
0.000000
0.000000
0.000000
0.000000
0.000000
0.000000
0.000006
0.117065
0.054055
0.000000
0.000000
0.004481
0.000000
0.000000
0.000000
0.000116
0.000003
0.083533
0.000000
0.067034
0.000000
0.000000
0.000000
0.000000
0.000000
0.000000
0.001751
0.594863
0.000000
0.403917
0.483497
0.072240
0.000029
0.146180
0.000000
0.000000
0.000000
0.000000
0.000000
0.233886
0.041848
0.000000
0.022483
0.000000
0.002424
0.000000
0.092675
0.000000
0.055515
0.451000
0.000000
0.000000
0.000001
0.160817
0.482622
0.385503
0.000000
0.000000
0.000000
0.000000
0.000109
0.000000
0.442586
0.372987
0.000000
0.000000
0.000093
0.018767
0.000000
0.005770
0.000000
0.000000
0.000000
0.000000
0.239543
0.025341
0.000000
0.000007
0.000007
0.000000
0.000006
0.000000
0.000000
0.000000
0.000000
0.000001
0.000000
0.000651
0.000000
0.093201
0.000000
0.000000
0.048770
0.000000
0.000235
0.004605
0.069283
0.000000
0.505274
0.000001
0.000247
0.000000
0.020454
0.000000
0.000000
0.000000
0.000000
0.000000
0.009894
0.529845
0.516487
0.000000
0.001852
0.000000
0.019767
0.138768
0.000000
0.000000
0.194544
0.000000
0.000000
0.198599
0.000000
0.000018
0.000000
0.000000
0.000000
0.489534
0.000000
0.610070
0.000495
0.000000
0.608889
0.594275
0.000000
0.088087
0.000001
0.617400
0.000000
0.000000
0.000000
0.023215
0.000000
0.038530
0.000231
0.010829
0.000000
0.000000
0.000000
0.000000
0.000000
0.000000
0.000000
0.000000
0.000000
0.000000
0.000000
0.000000
0.000000
0.000000
0.209192
0.000000
0.000000
0.057973
0.015291
0.000187
0.000000
0.653321
0.000000
0.000000
0.000005
0.001592
0.000008
0.000512
0.095840
0.270108
0.000000
0.000094
0.022399
0.000122
0.000013
0.518403
0.000000
0.000000
0.000305
0.000370
0.002280
0.000000
0.000000
0.005508
0.000000
0.000000
0.000657
0.000000
0.000038
0.000000
0.000000
0.127253
0.000000
0.000001
0.000000
0.000006
0.000000
0.000089
0.000000
0.000000
0.001076
0.000000
0.000000
0.000001
0.000000
0.000000
0.000000
0.000000
0.000000
0.771650
0.000000
0.415032
0.000000
0.000034
0.000071
0.000000
0.000000
0.308052
0.000000
0.000000
0.000000
0.000000
0.000000
0.000141
0.000000
0.000000
0.000000
0.384828
0.000000
0.001860
0.000926
0.000000
0.006596
0.000180
0.000010
0.015244
0.001703
0.000000
0.000013
0.000000
0.025425
0.973731
0.041105
0.000000
0.000000
0.029637
0.239268
0.000679
0.000000
0.004814
0.000000
0.000000
0.000000
0.000000
0.304744
0.000000
0.000001
0.341112
0.000182
0.000029
0.033299
0.000000
0.538858
0.000010
0.180907
0.000000
0.000000
0.000001
0.000000
0.078951
0.000170
0.014087
0.199549
0.000000
0.089274
0.000000
0.000004
0.000003
0.025163
0.000000
0.000000
0.000001
0.000000
0.001432
0.000000
0.000000
0.000000
0.000000
0.000000
0.000000
0.000000
0.000000
0.000000
0.000000
0.000000
0.000000
0.000506
0.000003
0.000000
0.000000
0.000000
0.000000
0.000097
0.000000
0.000000
0.000000
0.000000
0.000000
0.061038
0.000065
0.293044
0.000000
0.000000
0.000000
0.000000
0.000000
0.000000
0.000000
0.000000
0.710334
0.000000
0.000002
0.000000
0.000086
0.000000
0.000000
0.000000
0.000000
0.000000
0.000000
0.000059
0.000000
0.000000
0.000000
0.000000
0.000000
0.000000
0.000000
0.000000
0.323687
0.000000
0.000000
0.005914
0.000000
0.011944
0.004096
0.000032
0.000000
0.000000
0.000000
0.000000
0.000000
0.000000
0.000000
0.005709
0.000000
0.000000
0.000000
0.000000
0.000000
0.000000
0.000000
0.000000
0.000000
0.028432
0.000000
0.000000
0.000000
0.000000
0.000000
0.000506
0.000000
0.000000
0.000000
0.000000
0.000760
0.000000
0.000000
0.000000
0.000019
0.000000
0.000000
0.000000
0.000000
0.000000
0.018279
0.014731
0.000000
0.003949
0.757937
0.000137
0.002757
0.000000
0.000000
0.000000
0.000000
0.000000
0.000000
0.000000
0.000000
0.000000
0.274280
0.000000
0.000000
0.000000
0.000000
0.000000
0.000000
0.001341
0.000000
0.000000
0.000000
0.000000
0.000000
0.001094
0.000000
0.000000
0.000000
0.000000
0.635170
0.000000
0.000023
0.000326
0.072141
0.000000
0.000000
0.000000
0.000000
0.000013
0.000000
0.000000
0.000000
0.000212
0.388989
0.000000
0.000000
0.000000
0.001968
0.000001
0.000000
0.000000
0.000000
0.000000
0.000000
0.000000
0.000000
0.000678
0.000000
0.000000
0.009326
0.000054
0.000000
0.000000
0.000000
0.000000
0.000007
0.000005
0.000583
0.000002
0.000000
0.000000
0.000000
0.000000
0.000000
0.017971
0.064049
0.000000
0.000000
0.004799
0.000000
0.000386
0.000000
0.000000
0.000000
0.000781
0.000000
0.101987
0.000000
0.000003
0.000005
0.000000
0.000000
0.000000
0.000000
0.000000
0.000000
0.000422
0.000000
0.000000
0.000000
0.000000
0.000000
0.000000
0.000000
0.000000
0.000000
0.000000
0.000000
0.257080
0.000000
0.000000
0.010800
0.317792
0.000000
0.000000
0.066551
0.000000
0.000000
0.425913
0.000000
0.000000
0.000000
0.016072
0.000000
0.000000
0.000000
0.000000
0.000000
0.000000
0.000000
0.000000
0.000000
0.000170
0.362773
0.090657
0.000000
0.000000
0.000000
0.000000
0.000000
0.000315
0.000007
0.000000
0.000000
0.024319
0.000004
0.000000
0.000001
0.000000
0.000000
0.000000
0.000000
0.000530
0.002318
0.000000
0.000214
0.000000
0.000006
0.070699
0.000002
0.000000
0.000000
0.000003
0.282065
0.000000
0.000037
0.000000
0.000896
0.000196
0.000000
0.000000
0.000000
0.000000
0.000083
0.000010
0.000016
0.000000
0.000015
0.000021
0.000000
0.011631
0.014195
0.000000
0.000000
0.000000
0.000000
0.000000
0.000000
0.000000
0.000000
0.000000
0.000003
0.000000
0.000000
0.000000
0.000000
0.000000
0.000000
0.000000
0.000000
0.000000
0.000000
0.000000
0.000000
0.000000
0.000000
0.000000
0.000000
0.000000
0.000000
0.000000
0.000000
0.000000
0.056160
0.000000
0.000001
0.000000
0.000000
0.000000
0.000000
0.000016
0.014001
0.000000
0.000000
0.000000
0.000000
0.000000
0.000000
0.000000
0.000000
0.000000
0.000000
0.000000
0.000000
0.165349
0.000000
0.000000
0.000000
0.000000
0.000000
0.000000
0.000000
0.000000
0.000000
0.000000
0.000000
0.000000
0.000000
0.000000
0.000000
0.000000
0.000000
0.000000
0.000000
0.000000
0.000000
0.548846
0.000000
0.089813
0.000000
0.000000
0.000000
0.037435
0.000000
0.000000
0.000000
0.000000
0.000000
0.000000
0.000000
0.000000
0.000000
0.000000
0.000000
0.000000
0.000000
0.000000
0.000000
0.000000
0.000000
0.000000
0.000000
0.000000
0.000000
0.000000
0.000000
0.000285
0.000000
0.000000
0.000000
0.000736
0.000000
0.000000
0.000000
0.000000
0.000000
0.000000
0.000000
0.000000
0.000000
0.000000
0.000000
0.000000
0.185064
0.000007
0.000000
0.000000
0.000000
0.002688
0.000000
0.000000
0.000000
0.000000
0.000000
0.000000
0.000000
0.000000
0.000000
0.000000
0.000000
0.000017
0.000000
0.000172
0.000000
0.000000
0.000000
0.000000
0.000000
0.000000
0.000000
0.000000
0.000000
0.000000
0.000000
0.000000
0.002212
0.000000
0.000000
0.000000
0.000000
0.000000
0.000000
0.000000
0.000000
0.000000
0.000000
0.000000
0.000000
0.000000
0.000000
0.000000
0.000000
0.000000
0.000000
0.000000
0.000000
0.000000
0.000000
0.000000
0.000000
0.000000
0.041445
0.000000
0.000031
0.000000
0.000000
0.000000
0.000000
0.005756
0.000000
0.000688
0.000000
0.000000
0.000000
0.000000
0.000000
0.000000
0.000000
0.000000
0.000000
0.000000
0.000000
0.985412
0.000002
0.000000
0.000000
0.000000
0.000000
0.000000
0.000000
0.000000
0.000000
0.000000
0.000000
0.000000
0.000000
0.000000
0.000000
0.000000
0.000000
0.000000
0.000000
0.000000
0.000015
0.008472
0.000000
0.000000
0.000000
0.000000
0.000000
0.000010
0.000000
0.000000
0.000000
0.000000
0.000000
0.000000
0.000000
0.000001
0.000000
0.000000
0.000000
0.000000
0.000000
0.000000
0.000000
0.000000
0.000000
0.000000
0.775880
0.000000
0.000000
0.000000
0.000000
0.621424
0.000000
0.000000
0.000000
0.000000
0.129886
0.000000
0.000000
0.000000
0.000000
0.000000
0.000000
0.000000
0.000000
0.000000
0.000000
0.000000
0.000000
0.000000
0.000331
0.000714
0.000000
0.000000
0.000000
0.062408
0.000000
0.000000
0.000000
0.000000
0.000000
0.000000
0.000000
0.000000
0.000000
0.000000
0.000010
0.000235
0.014725
0.001770
0.000041
0.000000
0.000000
0.001564
0.000000
0.000000
0.000000
0.000000
0.000000
0.000000
0.000020
0.000000
0.000000
0.000000
0.000000
0.000000
0.000000
0.000000
0.000000
0.000000
0.000000
0.000000
0.000000
0.000000
0.000000
0.058767
0.111424
0.056219
0.000000
0.000000
0.415335
0.000028
0.000000
0.000000
0.000000
0.001753
0.089963
0.000000
0.374123
0.000000
0.000000
0.000000
0.000000
0.000000
0.000054
0.000033
0.133327
0.000000
0.099956
0.164080
0.308551
0.000912
0.212175
0.000000
0.000000
0.000000
0.000000
0.000000
0.228268
0.064739
0.000000
0.000761
0.000000
0.016461
0.000000
0.115707
0.000000
0.391031
0.231666
0.000000
0.000000
0.039005
0.001849
0.064071
0.105674
0.000000
0.000000
0.000000
0.000000
0.354661
0.000000
0.065549
0.009078
0.000000
0.000000
0.139340
0.000004
0.000000
0.001114
0.000000
0.000000
0.000000
0.000000
0.222432
0.108444
0.000000
0.000115
0.000318
0.000000
0.058767
0.000000
0.000000
0.000000
0.000000
0.013460
0.000000
0.000021
0.000000
0.000009
0.000031
0.000000
0.000009
0.000000
0.000446
0.922765
0.016833
0.000000
0.171454
0.000000
0.001349
0.000357
0.915447
0.000000
0.000000
0.000000
0.000000
0.000000
0.000010
0.002105
0.120639
0.000000
0.000026
0.000005
0.804231
0.006051
0.000000
0.000000
0.342541
0.000000
0.000000
0.002309
0.000000
0.451634
0.000000
0.000000
0.000000
0.903662
0.000000
0.226090
0.008817
0.000000
0.028970
0.302115
0.000000
0.002396
0.000001
0.341380
0.000000
0.000000
0.000000
0.051206
0.000000
0.324031
0.000000
0.001043
0.000000
0.000000
0.000000
0.000000
0.000000
0.000000
0.000000
0.000000
0.000000
0.000000
0.000000
0.000000
0.000000
0.000000
0.000729
0.000000
0.000000
0.010584
0.000188
0.010972
0.000000
0.218053
0.000000
0.000000
0.002068
0.008495
0.000002
0.024968
0.000332
0.004992
0.000004
0.000005
0.203991
0.000008
0.001289
0.000405
0.000000
0.000000
0.000159
0.000141
0.334032
0.000000
0.000000
0.004948
0.000000
0.000000
0.000002
0.000000
0.000643
0.000000
0.000000
0.047072
0.000000
0.000009
0.000000
0.000000
0.000000
0.000005
0.000000
0.000000
0.000000
0.000000
0.000000
0.000000
0.000000
0.000000
0.000000
0.000000
0.000000
0.693548
0.000000
0.023537
0.000000
0.000472
0.000000
0.000000
0.008579
0.269280
0.000287
0.000000
0.000000
0.000000
0.000000
0.000000
0.000000
0.000000
0.000190
0.463885
0.000000
0.021627
0.005020
0.000000
0.033275
0.002445
0.000329
0.028537
0.000699
0.000000
0.043620
0.000000
0.112481
0.025023
0.000940
0.000000
0.000000
0.377257
0.061356
0.118591
0.000000
0.000000
0.000000
0.000000
0.000000
0.000000
0.018480
0.000000
0.000012
0.594393
0.000000
0.000000
0.164282
0.000000
0.265389
0.000628
0.258755
0.000000
0.000000
0.003060
0.000000
0.204173
0.000150
0.048632
0.065911
0.000000
0.617045
0.000000
0.000000
0.000002
0.308967
0.000000
0.000000
0.000001
0.000000
0.540003
0.000000
0.000000
0.000000
0.000000
0.000000
0.000000
0.000000
0.000000
0.000000
0.000000
0.000000
0.000000
0.000000
0.000000
0.000000
0.000000
0.000000
0.000000
0.000000
0.000000
0.000000
0.000000
0.000000
0.000000
0.000146
0.000003
0.010333
0.000000
0.000000
0.000000
0.000000
0.000000
0.000000
0.000000
0.000000
0.000755
0.000000
0.000000
0.001594
0.000000
0.000000
0.000000
0.000000
0.000000
0.000000
0.000000
0.000002
0.000000
0.000000
0.000000
0.000000
0.000000
0.000000
0.000000
0.000000
0.295052
0.000000
0.000000
0.000265
0.000000
0.000185
0.000298
0.000002
0.000000
0.000000
0.000000
0.000000
0.000000
0.000000
0.000000
0.057470
0.000000
0.000000
0.000000
0.000000
0.000000
0.000000
0.000000
0.000000
0.000000
0.008211
0.000000
0.000000
0.000000
0.000000
0.000000
0.000000
0.000000
0.000000
0.000000
0.000000
0.000000
0.000000
0.000000
0.000000
0.218372
0.000000
0.000000
0.000114
0.000000
0.000000
0.000047
0.027658
0.000000
0.151589
0.427759
0.000366
0.000812
0.000000
0.000000
0.000000
0.000000
0.000000
0.000000
0.000000
0.000000
0.000000
0.037706
0.000000
0.000000
0.000000
0.000000
0.000000
0.000000
0.000015
0.000000
0.000017
0.000000
0.000000
0.000000
0.003604
0.000000
0.000000
0.000000
0.000000
0.871445
0.000000
0.008413
0.081474
0.271468
0.000000
0.000000
0.000000
0.000000
0.005072
0.000000
0.000000
0.000000
0.000000
0.124707
0.000000
0.000000
0.000000
0.000000
0.000000
0.000000
0.000000
0.000011
0.000000
0.000000
0.000000
0.000292
0.000000
0.000000
0.000000
0.000016
0.008704
0.000000
0.000000
0.000000
0.000000
0.000000
0.000005
0.002071
0.004772
0.000000
0.000000
0.000000
0.000000
0.000000
0.000002
0.189698
0.000000
0.138110
0.016293
0.000000
0.027986
0.000000
0.000000
0.000000
0.000001
0.000000
0.000000
0.000000
0.000001
0.000000
0.000000
0.000000
0.000000
0.000000
0.000000
0.000000
0.000061
0.000000
0.000000
0.000000
0.000000
0.000003
0.000000
0.000000
0.000000
0.000000
0.000002
0.000000
0.310300
0.000000
0.000000
0.413620
0.021242
0.000000
0.000028
0.036250
0.000000
0.000000
0.000204
0.000000
0.000000
0.000000
0.000002
0.000000
0.000000
0.000000
0.000000
0.000000
0.000000
0.000000
0.000000
0.000000
0.004835
0.064963
0.002787
0.000000
0.000000
0.000000
0.000000
0.000000
0.020255
0.000000
0.000001
0.000078
0.136240
0.000000
0.000000
0.000000
0.000000
0.000000
0.000000
0.000000
0.000008
0.000109
0.000127
0.000721
0.000000
0.000000
0.356677
0.001770
0.000000
0.000000
0.000015
0.000574
0.000000
0.000013
0.000000
0.043001
0.000001
0.000000
0.000000
0.000000
0.000000
0.000000
0.000000
0.000106
0.000000
0.000025
0.000002
0.000000
0.000426
0.037273
0.000000
0.000000
0.000000
0.000000
0.000000
0.000000
0.000000
0.000000
0.000000
0.000001
0.000000
0.000000
0.000000
0.000000
0.000000
0.000000
0.000000
0.000000
0.000000
0.000000
0.000000
0.000000
0.000000
0.000000
0.000000
0.000000
0.000000
0.000000
0.000000
0.000000
0.000000
0.238856
0.000000
0.000000
0.000000
0.000000
0.000000
0.000008
0.000000
0.087586
0.000000
0.000000
0.000000
0.000000
0.000000
0.000000
0.000000
0.000000
0.000000
0.000000
0.000000
0.000000
0.272074
0.000000
0.000000
0.000000
0.000000
0.000000
0.000000
0.000000
0.000000
0.000000
0.000000
0.000000
0.000000
0.000000
0.000000
0.000000
0.000000
0.000000
0.000000
0.000000
0.000000
0.000000
0.057130
0.000000
0.022991
0.000000
0.000000
0.000000
0.250890
0.000000
0.000000
0.000000
0.000000
0.000000
0.000000
0.000000
0.000000
0.000000
0.000000
0.000000
0.000000
0.000000
0.000000
0.000000
0.000000
0.000000
0.000000
0.000000
0.000000
0.000000
0.000000
0.000000
0.018389
0.000000
0.000000
0.000000
0.082944
0.000000
0.000000
0.000000
0.000000
0.000000
0.000000
0.000000
0.000000
0.000000
0.000000
0.000000
0.000000
0.164384
0.000639
0.000000
0.000000
0.000000
0.000000
0.000000
0.000009
0.000000
0.000000
0.000000
0.000000
0.000000
0.000000
0.000000
0.000000
0.000000
0.000015
0.000000
0.000077
0.000032
0.000000
0.000000
0.000000
0.000000
0.000000
0.000000
0.000000
0.000000
0.000000
0.000000
0.000000
0.000056
0.000000
0.000000
0.000000
0.000000
0.000000
0.000000
0.000000
0.000000
0.000000
0.000000
0.000000
0.000000
0.000000
0.000000
0.000000
0.000000
0.000000
0.000000
0.000000
0.000000
0.000000
0.000000
0.000000
0.000000
0.000001
0.000008
0.000000
0.002438
0.024121
0.000000
0.000000
0.000000
0.000577
0.000000
0.000000
0.000000
0.000000
0.000000
0.000000
0.000000
0.000001
0.000000
0.000000
0.000000
0.000000
0.000000
0.120134
0.000000
0.000000
0.000000
0.000000
0.000000
0.000000
0.000000
0.000000
0.000000
0.003558
0.000000
0.000000
0.000000
0.000000
0.000000
0.000000
0.000000
0.000000
0.000000
0.000000
0.000000
0.062842
0.000000
0.000000
0.000000
0.000000
0.000000
0.000000
0.000000
0.000000
0.000000
0.000000
0.000000
0.000000
0.000000
0.000000
0.000000
0.000000
0.000000
0.000000
0.000000
0.000000
0.000000
0.000000
0.000000
0.000000
0.207099
0.000000
0.000000
0.000000
0.000000
0.003004
0.000000
0.000000
0.000000
0.000000
0.098057
0.000000
0.000000
0.000000
0.000000
0.000000
0.000000
0.000000
0.000000
0.000000
0.000000
0.000000
0.000089
0.000000
0.000000
0.000000
0.000000
0.000000
0.000000
0.019509
0.000000
0.000000
0.000000
0.000000
0.000000
0.000000
0.000000
0.000000
0.000000
0.000000
0.000000
0.000000
0.000000
0.000000
0.000457
0.000000
0.000000
0.000023
0.000000
0.000000
0.000000
0.000000
0.000000
0.000000
0.000000
0.000000
0.000000
0.000000
0.000000
0.000000
0.000000
0.000000
0.000000
0.000000
0.000000
0.000000
0.000000
0.000000
0.000000
0.000000
0.000004
0.076082
0.000000
0.000000
0.353199
0.000000
0.000000
0.000000
0.001141
0.315759
0.008727
0.000000
0.575290
0.000000
0.000000
0.000000
0.000000
0.000001
0.000039
0.000000
0.288742
0.000000
0.416042
0.225433
0.201880
0.000026
0.006580
0.000000
0.000000
0.000000
0.000002
0.000000
0.030518
0.243350
0.000000
0.004271
0.000000
0.000002
0.000000
0.153733
0.000000
0.180030
0.066436
0.000000
0.000000
0.000001
0.004810
0.033738
0.068643
0.000000
0.000000
0.000000
0.000000
0.305239
0.000000
0.508292
0.073937
0.000000
0.000000
0.122796
0.000120
0.000000
0.128687
0.000000
0.000000
0.000000
0.000000
0.136197
0.864410
0.000000
0.000001
0.000009
0.000000
0.000000
0.000000
0.000000
0.000000
0.000000
0.000023
0.000000
0.000036
0.000000
0.000316
0.006696
0.000000
0.000103
0.000000
0.000000
0.166064
0.000418
0.000000
0.008030
0.000017
0.255124
0.000009
0.020592
0.000000
0.000000
0.000000
0.000000
0.000000
0.000002
0.010820
0.764255
0.000000
0.001184
0.000007
0.074747
0.002743
0.000000
0.000000
0.010285
0.000000
0.000000
0.224712
0.000000
0.046839
0.000000
0.000000
0.000000
0.122165
0.000000
0.043341
0.044548
0.000000
0.673235
0.782848
0.000000
0.000213
0.000052
0.000268
0.000000
0.000000
0.000000
0.001515
0.000000
0.061122
0.000000
0.000003
0.000000
0.000000
0.000000
0.000000
0.000000
0.000000
0.000000
0.000000
0.000000
0.000000
0.000000
0.000000
0.000000
0.000000
0.000188
0.000000
0.000000
0.007180
0.001781
0.000000
0.000000
0.967432
0.000000
0.000000
0.000004
0.019472
0.000004
0.008011
0.000093
0.063082
0.000000
0.000016
0.378974
0.000457
0.000327
0.009628
0.000000
0.000000
0.172296
0.000000
0.000038
0.000000
0.000000
0.000002
0.000000
0.000001
0.000010
0.000000
0.010006
0.000000
0.000000
0.039684
0.000000
0.000001
0.000000
0.000000
0.000000
0.419385
0.000000
0.000000
0.000003
0.000000
0.000000
0.000001
0.000000
0.000000
0.000000
0.000000
0.000000
0.315759
0.000000
0.130551
0.000000
0.000179
0.000000
0.000000
0.009022
0.241406
0.000232
0.000000
0.000000
0.000000
0.000000
0.000001
0.000001
0.000000
0.000001
0.111569
0.000000
0.061314
0.000200
0.000000
0.009502
0.002674
0.000638
0.000025
0.004711
0.000000
0.031036
0.000002
0.125188
0.173619
0.000007
0.000000
0.000000
0.001353
0.013873
0.084325
0.000000
0.000091
0.000000
0.000000
0.000000
0.000000
0.000346
0.000004
0.000000
0.412915
0.000000
0.007180
0.450260
0.000000
0.614798
0.001437
0.105017
0.000000
0.000000
0.000000
0.000000
0.892852
0.064094
0.031470
0.011899
0.000000
0.125068
0.000000
0.003164
0.000000
0.018895
0.000000
0.000000
0.000000
0.000000
0.001246
0.000000
0.000000
0.000000
0.000000
0.000000
0.000000
0.000000
0.000000
0.000000
0.000000
0.000000
0.000000
0.000018
0.000000
0.000000
0.000000
0.000000
0.000000
0.000000
0.000000
0.000000
0.000000
0.000000
0.000000
0.000004
0.060953
0.010474
0.000000
0.000000
0.000000
0.000000
0.000000
0.000000
0.000000
0.000000
0.158393
0.000000
0.002402
0.001299
0.000001
0.000000
0.000000
0.000000
0.000000
0.000000
0.000000
0.000408
0.000000
0.000000
0.000000
0.000000
0.000000
0.000000
0.000000
0.000000
0.317877
0.000000
0.000000
0.004853
0.000000
0.058972
0.001440
0.000937
0.000000
0.000000
0.000000
0.000000
0.000000
0.000000
0.000000
0.072141
0.000000
0.000000
0.000000
0.000000
0.000000
0.000000
0.000000
0.000000
0.000000
0.000000
0.000000
0.000000
0.000000
0.000000
0.000000
0.000018
0.000000
0.000000
0.000000
0.000000
0.000000
0.000000
0.000000
0.000000
0.004730
0.000000
0.000000
0.000001
0.000000
0.000000
0.093139
0.306560
0.000000
0.000819
0.916351
0.000319
0.209872
0.000000
0.000000
0.000000
0.000000
0.000000
0.000000
0.000000
0.000000
0.000000
0.011488
0.000000
0.000000
0.000000
0.000000
0.000000
0.000000
0.000000
0.000000
0.000000
0.000000
0.000000
0.000000
0.029920
0.000000
0.000000
0.000000
0.000000
0.126886
0.000000
0.042194
0.088087
0.917550
0.000000
0.000000
0.000000
0.000000
0.003313
0.000000
0.000000
0.000000
0.000005
0.757824
0.000000
0.000000
0.000000
0.000043
0.000067
0.000000
0.000000
0.000000
0.000000
0.000000
0.000000
0.000000
0.000356
0.000000
0.000000
0.000000
0.000003
0.000000
0.000000
0.000000
0.000000
0.000000
0.000000
0.000000
0.000000
0.000000
0.000000
0.000000
0.012974
0.000000
0.000047
0.052668
0.000000
0.000000
0.003464
0.000000
0.002362
0.000000
0.000000
0.000000
0.000005
0.000000
0.000002
0.000000
0.000027
0.000001
0.000000
0.000000
0.000000
0.000000
0.000000
0.000000
0.020119
0.000000
0.000000
0.000000
0.000000
0.000000
0.000000
0.000000
0.000000
0.000000
0.000000
0.000000
0.968103
0.000000
0.000000
0.326360
0.143672
0.000000
0.000000
0.000398
0.000000
0.000000
0.015320
0.000000
0.000000
0.000000
0.010572
0.000000
0.000000
0.000000
0.000000
0.000000
0.000000
0.000000
0.000001
0.000000
0.136240
0.435501
0.040709
0.000000
0.000000
0.000000
0.000437
0.000000
0.000493
0.000003
0.000000
0.000039
0.551382
0.000000
0.000000
0.000133
0.000000
0.000000
0.000000
0.000000
0.002497
0.000013
0.000000
0.000001
0.000000
0.000002
0.289536
0.000006
0.000000
0.000008
0.000000
0.711620
0.000000
0.000008
0.000000
0.081860
0.000006
0.000000
0.000000
0.000000
0.000000
0.000000
0.000000
0.011550
0.000000
0.024857
0.000885
0.000000
0.000000
0.006531
0.000000
0.000000
0.000000
0.000000
0.000000
0.000000
0.000000
0.000000
0.000000
0.000000
0.000000
0.000000
0.000000
0.000000
0.000000
0.000000
0.000000
0.000000
0.000000
0.000000
0.000000
0.000000
0.000000
0.000000
0.000000
0.000000
0.000000
0.000000
0.000000
0.000000
0.000000
0.375450
0.000000
0.000412
0.000000
0.000000
0.000000
0.000000
0.005893
0.000000
0.000000
0.000000
0.000000
0.000000
0.000000
0.000000
0.000000
0.000000
0.000000
0.000000
0.000000
0.000000
0.492509
0.000000
0.000000
0.000000
0.000000
0.000000
0.000000
0.000000
0.000000
0.000000
0.000000
0.000000
0.000000
0.000000
0.000000
0.000000
0.000000
0.000000
0.000000
0.000000
0.000000
0.000000
0.010265
0.000000
0.027996
0.000000
0.000000
0.000000
0.004889
0.000000
0.000000
0.000000
0.000000
0.000000
0.000000
0.000000
0.000000
0.000000
0.000000
0.000000
0.000000
0.000000
0.000000
0.000000
0.000000
0.000000
0.000000
0.000000
0.000000
0.000000
0.000065
0.000000
0.002376
0.000000
0.000000
0.000000
0.168275
0.000000
0.000000
0.000000
0.000000
0.000000
0.000000
0.000000
0.000000
0.000000
0.000000
0.000000
0.000000
0.474021
0.001599
0.000000
0.000000
0.000000
0.000000
0.000000
0.000000
0.000000
0.000000
0.000000
0.000000
0.000000
0.000000
0.000000
0.000000
0.000000
0.000700
0.000000
0.000125
0.001160
0.000000
0.000000
0.000000
0.000000
0.000000
0.000000
0.000000
0.000000
0.000000
0.000000
0.000000
0.000002
0.000000
0.000000
0.000000
0.000000
0.000000
0.000000
0.000000
0.000000
0.000000
0.000000
0.000000
0.000000
0.000000
0.000000
0.000000
0.000000
0.000000
0.000000
0.000000
0.000000
0.000000
0.000000
0.000000
0.000000
0.000000
0.014843
0.000000
0.001380
0.006338
0.000000
0.000000
0.000000
0.001244
0.000000
0.000000
0.000000
0.000000
0.000000
0.000000
0.000000
0.000000
0.000000
0.000000
0.000000
0.000000
0.000000
0.548731
0.000000
0.000000
0.000000
0.000000
0.000000
0.000000
0.000000
0.000000
0.000000
0.001894
0.000000
0.000000
0.000000
0.000000
0.000000
0.000000
0.000000
0.000000
0.000000
0.000000
0.000000
0.547580
0.000000
0.000000
0.000000
0.000000
0.000000
0.000000
0.000000
0.000000
0.000000
0.000000
0.000000
0.000000
0.000000
0.000003
0.000000
0.000000
0.000000
0.000000
0.000000
0.000000
0.000000
0.000000
0.000000
0.000000
0.376115
0.000000
0.000000
0.000000
0.000000
0.421419
0.000000
0.000000
0.000000
0.000000
0.142770
0.000000
0.000000
0.000000
0.000000
0.000000
0.000000
0.000000
0.000000
0.000000
0.000000
0.000008
0.004184
0.000000
0.000008
0.000020
0.000000
0.000000
0.000000
0.192166
0.000000
0.000000
0.000000
0.000000
0.000000
0.000000
0.000000
0.000000
0.000000
0.000000
0.000000
0.000000
0.000229
0.000001
0.030843
0.000000
0.000000
0.002414
0.000000
0.000000
0.000000
0.000000
0.000000
0.000000
0.000000
0.000000
0.000000
0.000000
0.000000
0.000000
0.000000
0.000000
0.000000
0.000000
0.000000
0.000000
0.000000
0.000000
0.000000
0.008693
0.113253
0.621661
0.000000
0.000000
0.207467
0.000000
0.000000
0.000000
0.000166
0.001878
0.001607
0.000000
0.796599
0.000000
0.000000
0.000000
0.000000
0.000000
0.000000
0.000142
0.322914
0.000000
0.091784
0.031378
0.336675
0.000001
0.262646
0.000000
0.000000
0.000000
0.000000
0.000000
0.027679
0.311638
0.000000
0.018306
0.000000
0.003777
0.000000
0.005951
0.000000
0.791609
0.954503
0.000000
0.000000
0.000070
0.000011
0.049047
0.025219
0.000000
0.000000
0.000000
0.000000
0.043807
0.000000
0.773099
0.000000
0.000000
0.000000
0.184393
0.000000
0.000000
0.099297
0.000000
0.000000
0.000000
0.000000
0.391908
0.018018
0.000000
0.000125
0.000001
0.000000
0.008390
0.000000
0.000000
0.000000
0.000000
0.000193
0.000000
0.000000
0.000000
0.003233
0.000000
0.000000
0.003746
0.000000
0.000001
0.545166
0.104638
0.000000
0.000091
0.004357
0.000785
0.000000
0.291286
0.000000
0.000000
0.000000
0.000000
0.000000
0.000005
0.058603
0.019924
0.000000
0.000000
0.000000
0.871719
0.290808
0.000000
0.000000
0.724320
0.000000
0.000000
0.015537
0.000000
0.628413
0.000000
0.000000
0.000000
0.137020
0.000000
0.829837
0.012242
0.000000
0.013014
0.752946
0.000000
0.038267
0.000015
0.059945
0.000000
0.000000
0.000000
0.140535
0.000000
0.505051
0.000000
0.000675
0.000000
0.000000
0.000000
0.000000
0.000000
0.000000
0.000000
0.000000
0.000000
0.000000
0.000000
0.000000
0.000794
0.000000
0.452269
0.000000
0.000000
0.000116
0.000000
0.004722
0.000000
0.147100
0.000000
0.000000
0.000001
0.413620
0.000000
0.192975
0.000000
0.001938
0.000000
0.000000
0.012375
0.000000
0.000296
0.058054
0.000000
0.000000
0.000212
0.000004
0.000423
0.000000
0.000000
0.000166
0.000000
0.000000
0.000000
0.000000
0.369217
0.000000
0.000000
0.400054
0.000000
0.000012
0.000000
0.000000
0.000000
0.000002
0.000000
0.000000
0.000003
0.000000
0.000000
0.000000
0.000000
0.000000
0.000000
0.000000
0.000000
0.199489
0.000000
0.050524
0.000000
0.496379
0.000015
0.000000
0.000029
0.031747
0.000515
0.000000
0.000000
0.000000
0.000000
0.000002
0.000000
0.000020
0.000000
0.904064
0.000000
0.176020
0.016336
0.000006
0.084495
0.016517
0.000002
0.003199
0.001422
0.000000
0.002057
0.000000
0.382326
0.490855
0.001071
0.000000
0.000000
0.462491
0.000250
0.000708
0.000000
0.000000
0.000000
0.000000
0.000000
0.000000
0.021044
0.000037
0.001040
0.494498
0.000000
0.000000
0.206242
0.000000
0.317877
0.000461
0.223211
0.000000
0.000000
0.000000
0.000000
0.534516
0.001301
0.000164
0.809234
0.000000
0.195244
0.000000
0.000016
0.000001
0.264497
0.000000
0.000000
0.000001
0.000003
0.008131
0.000000
0.000000
0.000000
0.000000
0.000000
0.000000
0.000000
0.000000
0.000000
0.000000
0.000000
0.000000
0.000000
0.000000
0.000000
0.000000
0.000000
0.000000
0.003448
0.000000
0.000000
0.000000
0.000000
0.000000
0.000565
0.000101
0.008687
0.000000
0.000000
0.000000
0.000000
0.000000
0.000000
0.000000
0.000000
0.599336
0.000000
0.000000
0.000070
0.000000
0.000004
0.000000
0.000000
0.000000
0.000000
0.000000
0.000007
0.000000
0.000000
0.000000
0.000000
0.000000
0.000000
0.000000
0.000000
0.069212
0.000000
0.000000
0.000090
0.000000
0.000302
0.000016
0.000000
0.000000
0.000000
0.000000
0.000000
0.000000
0.000000
0.000000
0.091021
0.000000
0.000000
0.000000
0.000000
0.000000
0.000000
0.000000
0.000000
0.000000
0.010955
0.000000
0.000000
0.000000
0.000000
0.000000
0.000000
0.000000
0.000000
0.000000
0.000000
0.000000
0.000000
0.000000
0.000000
0.008074
0.000000
0.000000
0.000000
0.000000
0.000000
0.000293
0.480874
0.000000
0.000015
0.778209
0.012337
0.018100
0.000000
0.000000
0.000000
0.000000
0.000000
0.000000
0.000000
0.000000
0.000000
0.633984
0.000000
0.000000
0.000000
0.000000
0.000000
0.000000
0.001169
0.000048
0.000037
0.000000
0.000000
0.000000
0.000001
0.000000
0.000000
0.000000
0.000001
0.143582
0.000000
0.000153
0.028547
0.925628
0.000000
0.000000
0.000000
0.000000
0.011564
0.000000
0.000000
0.000000
0.000001
0.538973
0.000000
0.000000
0.000000
0.000158
0.000856
0.000000
0.000000
0.097120
0.000000
0.000000
0.000000
0.000000
0.000000
0.000000
0.000000
0.055885
0.000005
0.000000
0.000000
0.000000
0.000000
0.000000
0.000000
0.000028
0.000000
0.000000
0.000000
0.000000
0.000000
0.000000
0.000888
0.180413
0.000000
0.000003
0.078710
0.000000
0.000104
0.000000
0.000000
0.000000
0.000028
0.000000
0.043745
0.000000
0.001813
0.000000
0.000000
0.000000
0.000000
0.000000
0.000000
0.000000
0.015805
0.000000
0.000000
0.000000
0.000000
0.000000
0.000000
0.000000
0.000000
0.000000
0.000000
0.000000
0.021218
0.000000
0.000000
0.003806
0.240922
0.000000
0.000000
0.538630
0.000000
0.000000
0.000000
0.000000
0.000000
0.000000
0.000044
0.000000
0.000000
0.000000
0.000000
0.000000
0.000000
0.000000
0.000000
0.000000
0.000027
0.211863
0.135120
0.000000
0.000000
0.000000
0.000404
0.000000
0.000000
0.000001
0.000000
0.000002
0.122520
0.000000
0.000000
0.000000
0.000000
0.000000
0.000000
0.000000
0.001198
0.000000
0.000000
0.000468
0.000000
0.000000
0.258682
0.000006
0.000000
0.000173
0.000000
0.026598
0.000000
0.000000
0.000000
0.672643
0.000000
0.000000
0.000000
0.000000
0.000000
0.007017
0.000000
0.000156
0.000024
0.000000
0.000000
0.000000
0.061080
0.000006
0.000000
0.000000
0.000000
0.000000
0.000000
0.000000
0.000000
0.000000
0.000000
0.000000
0.000000
0.000000
0.000000
0.000000
0.000000
0.000000
0.000000
0.000000
0.000000
0.000000
0.000000
0.000000
0.000000
0.000000
0.000000
0.000000
0.000000
0.000000
0.000000
0.000000
0.000000
0.283001
0.000000
0.000000
0.000000
0.000000
0.000000
0.000003
0.000000
0.113032
0.000000
0.000000
0.000000
0.000000
0.000000
0.000000
0.000000
0.000000
0.000000
0.000000
0.000000
0.000000
0.008201
0.000000
0.000000
0.000000
0.000000
0.000000
0.000000
0.000000
0.000000
0.000000
0.000000
0.000000
0.000000
0.000000
0.000000
0.000000
0.000000
0.000000
0.000000
0.000000
0.000000
0.000000
0.089513
0.000000
0.041386
0.000000
0.000000
0.000000
0.000004
0.000000
0.000000
0.000000
0.000000
0.000000
0.000000
0.000000
0.000000
0.000000
0.000000
0.000000
0.000000
0.000000
0.000000
0.000000
0.000000
0.000000
0.000000
0.000000
0.000000
0.000000
0.000000
0.000000
0.012929
0.000000
0.000000
0.000000
0.032272
0.000000
0.000000
0.000000
0.000000
0.000000
0.000000
0.000000
0.000000
0.000000
0.000000
0.000000
0.000000
0.000879
0.000296
0.000000
0.000000
0.000000
0.000048
0.000000
0.000000
0.000000
0.000000
0.000000
0.000000
0.000000
0.000000
0.000000
0.000000
0.000000
0.000001
0.000000
0.000092
0.001418
0.000000
0.000000
0.000000
0.000000
0.000000
0.000000
0.000000
0.000000
0.000000
0.000000
0.000000
0.000000
0.000000
0.000000
0.000000
0.000000
0.000000
0.000000
0.000000
0.000000
0.000000
0.000000
0.000000
0.000000
0.000000
0.000000
0.000000
0.000000
0.000000
0.000000
0.000000
0.000000
0.000000
0.000000
0.000000
0.000000
0.000000
0.047592
0.000000
0.028130
0.001839
0.000000
0.000000
0.000000
0.017648
0.000000
0.000000
0.000000
0.000000
0.000000
0.000000
0.000000
0.000004
0.000000
0.000000
0.000000
0.000000
0.000000
0.044659
0.000000
0.000001
0.000000
0.000000
0.000000
0.000000
0.000000
0.000000
0.000000
0.000064
0.000000
0.000000
0.000000
0.000000
0.000000
0.000000
0.000000
0.000000
0.000000
0.000000
0.000000
0.013916
0.000000
0.000000
0.000000
0.000000
0.000000
0.000002
0.000000
0.000000
0.000000
0.000000
0.000000
0.000000
0.000000
0.000011
0.000000
0.000000
0.000000
0.000000
0.000000
0.000000
0.000000
0.000000
0.000000
0.000000
0.088827
0.000000
0.000000
0.000000
0.000000
0.004726
0.000000
0.000000
0.000000
0.000000
0.120405
0.000000
0.000000
0.000000
0.000000
0.000000
0.000000
0.000000
0.000000
0.000000
0.000000
0.000000
0.000001
0.000000
0.000232
0.000063
0.000000
0.000000
0.000000
0.621542
0.000000
0.000000
0.000000
0.000000
0.000000
0.000000
0.000000
0.000000
0.000000
0.000000
0.000016
0.000000
0.004677
0.000146
0.000001
0.000000
0.000000
0.000000
0.000000
0.000000
0.000000
0.000000
0.000000
0.000000
0.000027
0.000000
0.000000
0.000000
0.000000
0.000000
0.000000
0.000000
0.000000
0.000000
0.000000
0.000000
0.000000
0.000000
0.000000
0.000000
0.000002
0.000029
0.000000
0.000000
0.091631
0.000000
0.000000
0.000000
0.000039
0.010745
0.000121
0.000000
0.075566
0.000000
0.000000
0.000000
0.000000
0.000000
0.001364
0.000087
0.480110
0.000000
0.334735
0.047323
0.403222
0.000634
0.006730
0.000000
0.000000
0.000000
0.000000
0.000000
0.000927
0.418979
0.000000
0.023458
0.000000
0.046293
0.000000
0.177367
0.000000
0.263903
0.365939
0.000000
0.000000
0.009617
0.208636
0.012840
0.104192
0.000000
0.000000
0.000000
0.000000
0.381175
0.000000
0.512888
0.000001
0.000000
0.000000
0.002810
0.001517
0.000000
0.878590
0.000000
0.000000
0.000000
0.000000
0.768072
0.000315
0.000000
0.000015
0.000094
0.000000
0.000000
0.000000
0.000000
0.000000
0.000000
0.001480
0.000000
0.000415
0.000000
0.002143
0.000031
0.000000
0.000319
0.000000
0.000000
0.000500
0.029398
0.000000
0.485798
0.000000
0.073861
0.000004
0.000736
0.005093
0.000000
0.000000
0.000000
0.000000
0.000000
0.058074
0.727568
0.000000
0.000000
0.000000
0.556463
0.022424
0.000000
0.000000
0.197416
0.000000
0.000000
0.000366
0.000000
0.133157
0.000000
0.000000
0.000000
0.250534
0.000000
0.224516
0.003446
0.000000
0.227408
0.713957
0.000000
0.000939
0.000001
0.230129
0.000000
0.000000
0.000000
0.198895
0.000000
0.085438
0.000000
0.009250
0.000000
0.000000
0.000000
0.000000
0.000000
0.000000
0.000000
0.000000
0.000000
0.000000
0.000000
0.000000
0.000000
0.000000
0.164942
0.000000
0.000000
0.116762
0.000152
0.000000
0.000000
0.001466
0.000000
0.000000
0.000000
0.322828
0.000015
0.401240
0.000123
0.000052
0.000000
0.004709
0.206425
0.029909
0.000000
0.160568
0.000007
0.000000
0.000073
0.000181
0.000076
0.000000
0.000001
0.000022
0.000000
0.000002
0.021805
0.000000
0.038447
0.000000
0.000000
0.117559
0.000000
0.053658
0.000000
0.000001
0.000001
0.000991
0.000000
0.000000
0.000000
0.000000
0.000000
0.000000
0.000000
0.000000
0.000000
0.000000
0.000000
0.908119
0.000000
0.617991
0.000000
0.000006
0.000000
0.000000
0.000000
0.000175
0.000000
0.000000
0.000000
0.000000
0.000000
0.000356
0.000154
0.000000
0.000000
0.522357
0.000000
0.705768
0.070360
0.000000
0.133710
0.070650
0.000003
0.000332
0.000896
0.000000
0.011488
0.000002
0.013271
0.296261
0.010883
0.000000
0.000000
0.005699
0.000002
0.001779
0.000000
0.002906
0.000000
0.000000
0.000000
0.000000
0.000938
0.000000
0.000012
0.847546
0.000001
0.001563
0.031412
0.000000
0.588284
0.000042
0.071355
0.000000
0.000000
0.000000
0.000001
0.979097
0.000001
0.021282
0.435190
0.000000
0.402428
0.000000
0.001098
0.000000
0.146870
0.000000
0.000000
0.000009
0.000000
0.093949
0.000000
0.000000
0.000000
0.000000
0.000000
0.000000
0.000000
0.000000
0.000000
0.000000
0.000000
0.000000
0.000000
0.000000
0.000000
0.000000
0.000000
0.000000
0.000049
0.000000
0.000000
0.000000
0.000000
0.000000
0.001068
0.452693
0.010609
0.000000
0.000000
0.000000
0.000000
0.000000
0.000000
0.000000
0.000000
0.106195
0.000000
0.038711
0.000000
0.000000
0.000000
0.000000
0.000000
0.000000
0.000000
0.000000
0.006406
0.000000
0.000000
0.000000
0.000000
0.000000
0.000000
0.000000
0.000000
0.045429
0.000000
0.000000
0.156729
0.000000
0.001150
0.000003
0.000030
0.000000
0.000000
0.000000
0.000000
0.000000
0.000000
0.000000
0.007087
0.000000
0.000000
0.000000
0.000000
0.000000
0.000000
0.000000
0.000000
0.000000
0.000002
0.000000
0.000000
0.000000
0.000000
0.000000
0.000000
0.000000
0.000000
0.000000
0.000000
0.000000
0.000000
0.000000
0.000000
0.002327
0.000000
0.000000
0.000000
0.000000
0.000000
0.000383
0.000859
0.000000
0.034645
0.394938
0.042406
0.003313
0.000000
0.000000
0.000000
0.000000
0.000000
0.000000
0.000000
0.000000
0.000000
0.967207
0.000000
0.000000
0.000000
0.000000
0.000000
0.000000
0.000000
0.000000
0.000000
0.000000
0.000000
0.000000
0.000006
0.000000
0.000000
0.000000
0.000000
0.787898
0.000000
0.000604
0.024319
0.241822
0.000000
0.000000
0.000000
0.000000
0.000010
0.000000
0.000024
0.000000
0.000000
0.136500
0.000000
0.000000
0.000000
0.094512
0.000013
0.000000
0.000000
0.000000
0.000000
0.000000
0.000000
0.000000
0.000000
0.000000
0.000000
0.002440
0.023748
0.000000
0.000000
0.000000
0.000000
0.000000
0.000001
0.000035
0.000000
0.000000
0.000000
0.000000
0.000000
0.000000
0.000293
0.176289
0.000000
0.000000
0.016078
0.000000
0.216587
0.000000
0.000000
0.000000
0.000481
0.000000
0.000051
0.000000
0.000042
0.000017
0.000000
0.000000
0.000000
0.000000
0.000000
0.000000
0.002554
0.000000
0.000000
0.000000
0.000000
0.000000
0.000000
0.000000
0.000000
0.000000
0.000000
0.000000
0.572724
0.000000
0.000000
0.381079
0.000423
0.000000
0.000000
0.000000
0.000000
0.000000
0.006800
0.000000
0.000000
0.000000
0.000000
0.000000
0.000000
0.000000
0.000000
0.000000
0.000000
0.000000
0.000000
0.000000
0.000002
0.748732
0.000000
0.000000
0.000000
0.000000
0.000000
0.000000
0.000449
0.001287
0.000000
0.000198
0.049482
0.000000
0.000000
0.000000
0.000000
0.000000
0.000000
0.003841
0.001146
0.000076
0.000130
0.000386
0.000000
0.000001
0.614088
0.000555
0.000000
0.000003
0.003236
0.394449
0.000000
0.000006
0.000000
0.000115
0.000000
0.000000
0.000000
0.000000
0.000000
0.000947
0.000001
0.000171
0.000000
0.000076
0.000000
0.000000
0.000227
0.073534
0.000000
0.000000
0.000000
0.000000
0.000000
0.000000
0.000000
0.000000
0.000000
0.000000
0.000000
0.000000
0.000000
0.000000
0.000000
0.000000
0.000000
0.000000
0.000000
0.000000
0.000000
0.000000
0.000000
0.000000
0.000000
0.000000
0.000000
0.000000
0.000000
0.000000
0.000000
0.699077
0.000000
0.000000
0.000000
0.000000
0.000000
0.002760
0.000000
0.000408
0.000000
0.000000
0.000000
0.000000
0.000000
0.000000
0.000000
0.000000
0.000000
0.000000
0.000000
0.000000
0.032734
0.000000
0.000000
0.000000
0.000000
0.000000
0.000000
0.000000
0.000000
0.000000
0.000000
0.000000
0.000000
0.000000
0.000000
0.000000
0.000000
0.000000
0.000000
0.000000
0.000000
0.000000
0.017930
0.000000
0.001824
0.000000
0.000000
0.000000
0.819946
0.000000
0.000000
0.000000
0.000000
0.000000
0.000000
0.000000
0.000000
0.000000
0.000000
0.000000
0.000000
0.000000
0.000000
0.000000
0.000000
0.000000
0.000000
0.000000
0.000000
0.000000
0.000000
0.000000
0.403122
0.000000
0.000000
0.000000
0.022491
0.000000
0.000000
0.000000
0.000000
0.000000
0.000000
0.000000
0.000000
0.000000
0.000000
0.000000
0.000000
0.116008
0.000000
0.000000
0.000000
0.000000
0.000247
0.000000
0.000000
0.000000
0.000000
0.000000
0.000000
0.000000
0.000000
0.000000
0.000000
0.000000
0.000002
0.000000
0.004298
0.000017
0.000000
0.000000
0.000000
0.000000
0.000000
0.000000
0.000000
0.000000
0.000000
0.000000
0.000000
0.000178
0.000000
0.000000
0.000000
0.000000
0.000000
0.000000
0.000000
0.000000
0.000000
0.000000
0.000000
0.000000
0.000000
0.000000
0.000000
0.000000
0.000000
0.000000
0.000000
0.000000
0.000000
0.000000
0.000000
0.000000
0.000000
0.023163
0.000000
0.000002
0.000010
0.000000
0.000000
0.000000
0.000218
0.000000
0.000000
0.000000
0.000000
0.000005
0.000000
0.000000
0.000000
0.000000
0.000000
0.000000
0.000000
0.000000
0.990300
0.000000
0.000041
0.000000
0.000000
0.000000
0.000000
0.000000
0.000000
0.000000
0.007580
0.000000
0.000000
0.000000
0.000000
0.000000
0.000000
0.000000
0.000000
0.000000
0.000000
0.000464
0.008653
0.000000
0.000000
0.000000
0.000000
0.000000
0.000000
0.000000
0.000000
0.000000
0.000000
0.000000
0.000000
0.000000
0.000004
0.000000
0.000000
0.000000
0.000000
0.000000
0.000000
0.000000
0.000000
0.000000
0.000000
0.006930
0.000000
0.000000
0.000000
0.000000
0.087675
0.000000
0.000000
0.000000
0.000000
0.251390
0.000000
0.000000
0.000000
0.000000
0.000000
0.000000
0.000000
0.000000
0.000000
0.000000
0.000000
0.000021
0.000000
0.005357
0.006263
0.000000
0.000000
0.000002
0.186242
0.000000
0.000000
0.000000
0.000000
0.000000
0.000000
0.000000
0.000000
0.000000
0.000000
0.000000
0.000000
0.003610
0.000038
0.000029
0.000000
0.000000
0.000000
0.000000
0.000000
0.000000
0.000000
0.000000
0.000000
0.000002
0.000000
0.000000
0.000000
0.000000
0.000000
0.000000
0.000000
0.000000
0.000000
0.000000
0.000000
0.000000
0.000000
0.000000
0.000006
0.014546
0.016611
0.000000
0.000000
0.531438
0.000000
0.000000
0.000000
0.003026
0.000500
0.042194
0.000000
0.104090
0.000000
0.000000
0.000000
0.000000
0.000287
0.000000
0.000777
0.018059
0.000000
0.300562
0.709983
0.423356
0.000087
0.653677
0.000000
0.000000
0.000000
0.000000
0.000000
0.103680
0.102088
0.000000
0.214687
0.000000
0.024058
0.000000
0.475757
0.000000
0.932814
0.948873
0.000000
0.000000
0.000143
0.000053
0.066642
0.046972
0.000000
0.000000
0.000000
0.000000
0.764030
0.000000
0.545166
0.243211
0.000000
0.000000
0.004620
0.000677
0.000000
0.000239
0.000000
0.000000
0.000000
0.000000
0.122323
0.744847
0.000000
0.000018
0.000000
0.000000
0.000006
0.000000
0.000000
0.000000
0.000000
0.000848
0.000000
0.000000
0.000000
0.000342
0.000006
0.000000
0.017462
0.000000
0.000052
0.216143
0.192628
0.000000
0.480983
0.000003
0.030529
0.000000
0.085754
0.000000
0.000000
0.000000
0.000000
0.000000
0.000000
0.041149
0.563648
0.000000
0.000003
0.000000
0.429919
0.051044
0.000000
0.000000
0.025350
0.000000
0.000000
0.071821
0.000000
0.076706
0.000002
0.000000
0.000000
0.006323
0.000000
0.000922
0.034998
0.000000
0.968103
0.420910
0.000000
0.002355
0.000000
0.255269
0.000000
0.000000
0.000000
0.000882
0.000000
0.878590
0.000010
0.000055
0.000000
0.000000
0.000000
0.000133
0.000000
0.000000
0.000000
0.000000
0.000000
0.000000
0.000000
0.000000
0.000000
0.000000
0.007319
0.000000
0.000000
0.005423
0.039400
0.000119
0.000000
0.018803
0.000000
0.000000
0.004469
0.000006
0.000000
0.002595
0.000036
0.025957
0.000000
0.000000
0.639440
0.000079
0.000000
0.002278
0.000000
0.000000
0.000000
0.000025
0.028048
0.000000
0.000000
0.000000
0.000003
0.000000
0.000001
0.000000
0.003398
0.000000
0.000000
0.004824
0.000004
0.001925
0.000000
0.000000
0.000000
0.000000
0.000000
0.000000
0.000004
0.000000
0.000000
0.000111
0.000000
0.000000
0.000000
0.000000
0.000000
0.959870
0.000000
0.435501
0.000000
0.031047
0.000000
0.000000
0.022821
0.007521
0.001335
0.000000
0.000000
0.000000
0.000000
0.000000
0.000000
0.000000
0.000012
0.703187
0.000000
0.005816
0.000577
0.000000
0.003057
0.145127
0.000000
0.016213
0.460352
0.000000
0.000892
0.000009
0.222756
0.090627
0.000773
0.000000
0.000000
0.353199
0.001821
0.130843
0.000000
0.007794
0.000000
0.000000
0.000000
0.000000
0.014012
0.000000
0.000195
0.330617
0.000012
0.017735
0.019954
0.000000
0.481202
0.000567
0.703305
0.000000
0.000000
0.000053
0.000000
0.709983
0.000192
0.004168
0.053452
0.000000
0.467323
0.000000
0.000084
0.000000
0.003812
0.000000
0.000000
0.000000
0.000000
0.000022
0.000000
0.000000
0.000000
0.000000
0.000000
0.000000
0.000000
0.000000
0.000000
0.000000
0.000000
0.000000
0.000000
0.000000
0.000000
0.000000
0.000000
0.000000
0.000300
0.000000
0.000000
0.000000
0.000000
0.000000
0.002373
0.009054
0.002184
0.000000
0.000000
0.000000
0.000000
0.000000
0.000000
0.000000
0.000000
0.003905
0.000000
0.003857
0.031435
0.000589
0.000000
0.000000
0.000000
0.000000
0.000000
0.000000
0.000001
0.000000
0.000000
0.000000
0.000000
0.000000
0.000000
0.000000
0.000000
0.006675
0.000000
0.000000
0.000428
0.000000
0.007730
0.000006
0.009905
0.000000
0.000000
0.000000
0.000000
0.000000
0.000000
0.000000
0.161115
0.000000
0.000000
0.000000
0.000000
0.000000
0.000000
0.000000
0.000000
0.000000
0.000201
0.000000
0.000000
0.000000
0.000000
0.000000
0.000000
0.000000
0.000000
0.000000
0.000000
0.000000
0.000000
0.000000
0.000000
0.000264
0.000000
0.000000
0.013548
0.000000
0.000000
0.000539
0.243629
0.000000
0.156778
0.384442
0.033396
0.064516
0.000000
0.000000
0.000000
0.000000
0.000000
0.000000
0.000000
0.000000
0.000000
0.131723
0.000000
0.000000
0.000000
0.000000
0.000000
0.000000
0.000104
0.000047
0.000000
0.000000
0.000000
0.000000
0.000000
0.000000
0.000000
0.000000
0.000000
0.135292
0.000000
0.000033
0.040578
0.505163
0.000000
0.000000
0.000000
0.000000
0.000157
0.000000
0.000000
0.000000
0.000000
0.771538
0.000000
0.000000
0.000000
0.000001
0.000001
0.000000
0.000000
0.000000
0.000000
0.000000
0.000000
0.000003
0.000000
0.000000
0.000000
0.049939
0.000467
0.000000
0.000000
0.000000
0.000004
0.000000
0.000000
0.000001
0.000001
0.000000
0.000000
0.000000
0.000160
0.000000
0.000000
0.222172
0.000000
0.000000
0.008462
0.000000
0.003477
0.000000
0.000000
0.000000
0.000180
0.000002
0.005447
0.000000
0.003110
0.000000
0.000000
0.000000
0.000000
0.000000
0.000000
0.000000
0.000683
0.000049
0.000000
0.000000
0.000000
0.000000
0.000000
0.000000
0.000000
0.000000
0.000000
0.000000
0.723159
0.000000
0.000000
0.292404
0.001122
0.000000
0.000000
0.003590
0.000000
0.000000
0.017442
0.000000
0.000000
0.000000
0.000101
0.000000
0.000000
0.000000
0.000000
0.000000
0.000000
0.000000
0.000000
0.000000
0.000144
0.040042
0.000106
0.000000
0.000000
0.000000
0.000000
0.000000
0.004259
0.000000
0.000000
0.000033
0.282688
0.000000
0.000000
0.000159
0.000000
0.000000
0.001453
0.000000
0.001888
0.000099
0.000003
0.000228
0.000000
0.000000
0.321885
0.000000
0.000000
0.000000
0.000000
0.000128
0.000000
0.000000
0.000000
0.112079
0.000007
0.000000
0.000000
0.000000
0.000000
0.000000
0.000000
0.260511
0.000001
0.000000
0.000074
0.000000
0.000440
0.028151
0.000000
0.000000
0.000000
0.000000
0.000000
0.000000
0.000000
0.000000
0.000000
0.000001
0.000000
0.000000
0.000000
0.000000
0.000000
0.000000
0.000000
0.000000
0.000000
0.000000
0.000000
0.000000
0.000000
0.000000
0.000000
0.000000
0.000000
0.000000
0.000000
0.000000
0.000000
0.011173
0.000000
0.001386
0.000000
0.000000
0.000000
0.000015
0.000297
0.000043
0.000000
0.000000
0.000000
0.000000
0.000000
0.000000
0.000000
0.000000
0.000000
0.000000
0.000000
0.000000
0.429816
0.000000
0.000000
0.000000
0.000000
0.000000
0.000000
0.000000
0.000000
0.000000
0.000000
0.000000
0.000000
0.000000
0.000000
0.000000
0.000000
0.000000
0.000000
0.000000
0.000000
0.000000
0.036698
0.000000
0.137892
0.000000
0.000000
0.000000
0.001231
0.000000
0.000000
0.000000
0.000000
0.000000
0.000000
0.000000
0.000000
0.000000
0.000000
0.000000
0.000000
0.000000
0.000000
0.000000
0.000000
0.000000
0.000000
0.000000
0.000000
0.000000
0.000000
0.000000
0.090688
0.000000
0.000000
0.000000
0.044595
0.000000
0.000000
0.000000
0.000000
0.000000
0.000000
0.000000
0.000000
0.000000
0.000000
0.000000
0.000000
0.015361
0.000000
0.000000
0.000000
0.000000
0.000000
0.000000
0.000000
0.000000
0.000000
0.000000
0.000000
0.000000
0.000000
0.000000
0.000000
0.000000
0.000002
0.000000
0.000000
0.000000
0.000000
0.000000
0.000000
0.000000
0.000000
0.000000
0.000000
0.000000
0.000000
0.000000
0.000000
0.000000
0.000000
0.000000
0.000000
0.000000
0.000000
0.000000
0.000000
0.000000
0.000000
0.000000
0.000000
0.000000
0.000000
0.000000
0.000000
0.000000
0.000000
0.000000
0.000000
0.000000
0.000000
0.000000
0.000000
0.000000
0.000000
0.000499
0.000000
0.000001
0.008572
0.000000
0.000000
0.000000
0.000001
0.000000
0.000000
0.000000
0.000000
0.000383
0.000000
0.000000
0.000000
0.000000
0.000000
0.000000
0.000000
0.000000
0.249823
0.000000
0.000000
0.000000
0.000000
0.000000
0.000000
0.000000
0.000000
0.000000
0.010321
0.000000
0.000000
0.000000
0.000000
0.000000
0.000000
0.000000
0.000000
0.000000
0.000019
0.000000
0.004868
0.000000
0.000000
0.000000
0.000000
0.000000
0.000002
0.000000
0.000000
0.000000
0.000000
0.000000
0.000000
0.000000
0.006351
0.000000
0.000000
0.000000
0.000000
0.000000
0.000000
0.000000
0.000000
0.000000
0.000000
0.868317
0.000000
0.000000
0.000000
0.000000
0.006749
0.000000
0.000000
0.000000
0.000000
0.000073
0.000000
0.000000
0.000000
0.000000
0.000000
0.000000
0.000000
0.000089
0.000000
0.000000
0.000000
0.000023
0.000000
0.002278
0.004309
0.000000
0.000000
0.000028
0.604404
0.000000
0.000000
0.000000
0.000000
0.000000
0.000000
0.000000
0.000000
0.000000
0.000000
0.000050
0.000000
0.001321
0.000000
0.006859
0.000000
0.000000
0.000013
0.000000
0.000000
0.000000
0.000000
0.000000
0.000000
0.000019
0.000000
0.000000
0.000000
0.000000
0.000000
0.000000
0.000000
0.000000
0.000000
0.000000
0.000000
0.000000
0.000000
0.000000
0.039329
0.488873
0.038991
0.000000
0.000000
0.573657
0.000000
0.000000
0.000000
0.005172
0.000015
0.005784
0.000000
0.316774
0.000000
0.000000
0.000000
0.000000
0.000065
0.027244
0.000001
0.094733
0.000000
0.350015
0.316097
0.463456
0.000007
0.122717
0.000000
0.000000
0.000000
0.000000
0.000000
0.410404
0.376591
0.000000
0.001908
0.000000
0.000240
0.000000
0.237486
0.000000
0.050846
0.210493
0.000000
0.000000
0.000000
0.000000
0.381270
0.026815
0.000000
0.000000
0.000000
0.000000
0.054973
0.000000
0.429507
0.249113
0.000000
0.000000
0.033239
0.000000
0.000000
0.021037
0.000000
0.000000
0.000000
0.000000
0.156924
0.032084
0.000000
0.000001
0.000001
0.000000
0.039329
0.000000
0.000000
0.000000
0.000000
0.000001
0.000000
0.000043
0.000001
0.044898
0.017396
0.000000
0.000011
0.000000
0.007174
0.307223
0.768520
0.000000
0.292084
0.000062
0.000006
0.000000
0.753628
0.000000
0.000000
0.000000
0.000000
0.000000
0.000000
0.239268
0.003291
0.000000
0.000002
0.000319
0.071796
0.000063
0.000000
0.000000
0.635645
0.000000
0.000000
0.000476
0.000000
0.123669
0.000000
0.000000
0.000000
0.591336
0.000000
0.082414
0.063674
0.000000
0.023301
0.806897
0.000000
0.006539
0.000000
0.693665
0.000000
0.000000
0.000000
0.031816
0.000000
0.664113
0.000119
0.000446
0.000000
0.000000
0.000000
0.000000
0.000000
0.000000
0.000000
0.000000
0.000000
0.000000
0.000000
0.000000
0.000000
0.000000
0.501819
0.000000
0.000000
0.000561
0.003050
0.007151
0.000000
0.997067
0.000000
0.000000
0.000000
0.031493
0.000000
0.042909
0.000004
0.015841
0.000000
0.000000
0.200981
0.005756
0.000000
0.301216
0.000000
0.000000
0.009355
0.017528
0.000000
0.000000
0.000496
0.000003
0.000000
0.000000
0.001181
0.000000
0.000003
0.000000
0.000000
0.225893
0.000000
0.000581
0.000000
0.000000
0.000000
0.000035
0.000000
0.000000
0.000002
0.000541
0.000000
0.000008
0.000000
0.000000
0.000000
0.000000
0.000000
0.011273
0.000000
0.075515
0.000000
0.000000
0.000000
0.000000
0.000023
0.035703
0.000155
0.000000
0.000000
0.000000
0.000000
0.000482
0.000187
0.000000
0.000002
0.287714
0.000000
0.535772
0.000333
0.000000
0.000042
0.012116
0.001101
0.180742
0.225040
0.000000
0.011426
0.000000
0.000674
0.126035
0.160617
0.000000
0.000000
0.022291
0.000023
0.045639
0.000000
0.017795
0.000000
0.000000
0.000000
0.000000
0.000207
0.000002
0.024023
0.022517
0.000000
0.000114
0.444891
0.000000
0.123153
0.000000
0.271317
0.000000
0.000000
0.000000
0.000000
0.599807
0.013683
0.001286
0.768296
0.000000
0.566669
0.000000
0.004281
0.000000
0.023783
0.000000
0.000000
0.000001
0.000000
0.002964
0.000000
0.000000
0.000000
0.000000
0.000000
0.000000
0.000000
0.000000
0.000000
0.000000
0.000000
0.000000
0.000001
0.000003
0.000000
0.000000
0.000000
0.000000
0.000135
0.000000
0.000000
0.000000
0.000000
0.000000
0.000001
0.000701
0.005534
0.000000
0.000000
0.000000
0.000000
0.000000
0.000000
0.000000
0.000000
0.003212
0.000000
0.000976
0.000000
0.000002
0.000000
0.000000
0.000000
0.000000
0.000000
0.000000
0.000682
0.000000
0.000000
0.000000
0.000000
0.000000
0.000000
0.000000
0.000000
0.583828
0.000000
0.000000
0.340845
0.000000
0.000764
0.000002
0.000211
0.000000
0.000000
0.000000
0.000000
0.000000
0.000000
0.000000
0.054093
0.000000
0.000000
0.000000
0.000000
0.000000
0.000000
0.000000
0.000000
0.000000
0.020958
0.000000
0.000000
0.000000
0.000000
0.000000
0.000001
0.000000
0.000000
0.000000
0.000000
0.000001
0.000000
0.000000
0.000000
0.006111
0.000000
0.000000
0.011685
0.000000
0.000000
0.068620
0.559241
0.000000
0.015008
0.355760
0.001634
0.134392
0.000000
0.000000
0.000000
0.000000
0.000000
0.000000
0.000000
0.000000
0.000000
0.185961
0.000000
0.000000
0.000000
0.000000
0.000000
0.000000
0.000000
0.000000
0.000000
0.000000
0.000000
0.000000
0.000005
0.000000
0.000000
0.000000
0.000000
0.010285
0.000000
0.000022
0.037529
0.125550
0.000000
0.000000
0.000000
0.000000
0.000000
0.000000
0.000000
0.000000
0.000000
0.021773
0.000000
0.000000
0.000000
0.000059
0.000001
0.000000
0.000000
0.000000
0.000000
0.000000
0.000000
0.000000
0.000000
0.000000
0.000000
0.000013
0.000040
0.000000
0.000000
0.000000
0.000000
0.000000
0.000001
0.000018
0.000000
0.000000
0.000000
0.000000
0.000001
0.000000
0.000000
0.299015
0.000000
0.000006
0.138023
0.000000
0.235919
0.000000
0.000000
0.000000
0.000000
0.000000
0.027264
0.000019
0.000000
0.000000
0.000000
0.000000
0.000000
0.000000
0.000000
0.000000
0.000001
0.000000
0.000000
0.000000
0.000000
0.000000
0.000000
0.000000
0.000000
0.000000
0.000000
0.000000
0.554152
0.000000
0.000000
0.000026
0.001128
0.000000
0.000000
0.023898
0.000000
0.000000
0.000527
0.000000
0.000000
0.000000
0.000349
0.000000
0.000000
0.000000
0.000000
0.000000
0.000000
0.000000
0.000000
0.000000
0.000039
0.839930
0.000556
0.000000
0.000000
0.000000
0.000000
0.000000
0.001586
0.000281
0.000000
0.000837
0.201580
0.000000
0.000000
0.000000
0.000000
0.000000
0.000000
0.000000
0.000002
0.000022
0.000000
0.002061
0.000000
0.000000
0.790628
0.000000
0.000000
0.000000
0.000701
0.298122
0.000000
0.000001
0.000000
0.097313
0.007062
0.000000
0.000000
0.000000
0.000000
0.000006
0.000000
0.000000
0.000427
0.000000
0.011304
0.000000
0.006341
0.004829
0.000000
0.000000
0.000000
0.000000
0.000000
0.000000
0.000000
0.000000
0.000000
0.000000
0.000000
0.000000
0.000000
0.000000
0.000000
0.000000
0.000000
0.000000
0.000000
0.000000
0.000000
0.000000
0.000000
0.000000
0.000000
0.000000
0.000000
0.000000
0.000000
0.000000
0.000000
0.058562
0.000000
0.000010
0.000000
0.000000
0.000000
0.000021
0.000000
0.008020
0.000000
0.000000
0.000000
0.000000
0.000000
0.000000
0.000000
0.000000
0.000000
0.000000
0.000000
0.000000
0.536229
0.000000
0.000000
0.000000
0.000000
0.000000
0.000000
0.000000
0.000000
0.000000
0.000000
0.000000
0.000000
0.000000
0.000000
0.000000
0.000000
0.000000
0.000000
0.000000
0.000000
0.000000
0.382902
0.000000
0.003866
0.000000
0.000000
0.000000
0.003983
0.000000
0.000000
0.000000
0.000000
0.000000
0.000000
0.000000
0.000000
0.000000
0.000000
0.000000
0.000000
0.000000
0.000000
0.000000
0.000000
0.000000
0.000000
0.000000
0.000000
0.000000
0.000042
0.000000
0.037313
0.000000
0.000000
0.000000
0.021546
0.000000
0.000000
0.000000
0.000000
0.000000
0.000000
0.000000
0.000000
0.000000
0.000000
0.000000
0.000000
0.312224
0.006744
0.000000
0.000000
0.000000
0.000000
0.000000
0.000000
0.000000
0.000000
0.000000
0.000000
0.000000
0.000000
0.000000
0.000000
0.000000
0.000000
0.000000
0.000001
0.000002
0.000000
0.000000
0.000000
0.000000
0.000000
0.000000
0.000000
0.000000
0.000000
0.000000
0.000000
0.000022
0.000000
0.000000
0.000000
0.000000
0.000000
0.000000
0.000000
0.000000
0.000000
0.000000
0.000000
0.000000
0.000000
0.000000
0.000000
0.000000
0.000000
0.000000
0.000000
0.000000
0.000000
0.000000
0.000000
0.000000
0.000000
0.038739
0.000000
0.000085
0.000001
0.000000
0.000000
0.000000
0.000964
0.000000
0.000000
0.000000
0.000000
0.000000
0.000000
0.000000
0.000003
0.000000
0.000000
0.000000
0.000000
0.000000
0.033046
0.000000
0.000113
0.000000
0.000000
0.000000
0.000000
0.000000
0.000000
0.000000
0.000077
0.000000
0.000000
0.000000
0.000000
0.000000
0.000000
0.000000
0.000000
0.000000
0.000000
0.000000
0.231465
0.000000
0.000000
0.000000
0.000000
0.000000
0.000000
0.000000
0.000000
0.000000
0.000000
0.000000
0.000000
0.000000
0.000201
0.000000
0.000000
0.000000
0.000000
0.000000
0.000000
0.000000
0.000000
0.000000
0.000000
0.398377
0.000000
0.000000
0.000000
0.000000
0.010091
0.000000
0.000000
0.000000
0.000000
0.667432
0.000000
0.000000
0.000000
0.000000
0.000000
0.000000
0.000000
0.000056
0.000000
0.000000
0.000057
0.000001
0.000000
0.000189
0.001525
0.000000
0.000002
0.000032
0.010166
0.000000
0.000000
0.000000
0.000000
0.000000
0.000000
0.000000
0.000000
0.000000
0.000000
0.000000
0.000150
0.003294
0.000086
0.000000
0.000000
0.000000
0.000000
0.000000
0.000000
0.000000
0.000000
0.000000
0.000000
0.001472
0.000000
0.000000
0.000000
0.000000
0.000000
0.000000
0.000000
0.000000
0.000000
0.000000
0.000000
0.000000
0.000000
0.000000
