0.84182211722415201
0.90717208402914706
0.0021244738529384243
0.47662603578094132
0.82254044908714419
0.36837255202184932
0.52077423012540369
0.99195747544262647
0.066895389231257429
0.31881163694355352
0.62485806369522767
0.69130941709076721
0.81911340885296424
0.3659391097878732
0.8701607897839323
0.0060535852932154348
0.48382559629519462
0.15893418596917133
0.10055141782055109
0.015163420358961073
0.57844461723618501
0.75555781375275177
0.29852789133375979
0.19233913819438717
0.73127155895601148
0.11277451759552283
0.63102026219204765
0.24516602286206426
0.5915714469938681
0.5568104124740042
0.5568104124740042
0.35119496461769989
0.64762644851538431
0.43934802361811442
0.35119496461770028
0.79204418361423445
0.42253995361790492
0.39054381257028731
0.19021241351829807
0.60912530927358643
0.043201491739698512
0.73034650921392719
0.96007321279417013
0.31205651255870681
0.46334847199914619
0.092397568359203652
0.70295276340113677
0.12075561469690212
0.54149289431742986
0.38050386848813733
0.85347881793576508
0.96466832026644955
0.14737761471905383
0.66873476043203905
0.2583899487308961
0.3135675130586314
0.40900140710233079
0.35741251562619175
0.46732300217892508
0.72930516108658283
0.15643709485568316
0.28977381249796286
0.45992486522332254
0.47662603578094109
0.88451137857414242
0.57902918390677582
0.026804993612858437
0.13881193130460751
0.29224421993211697
0.46195607573483888
0.4524811800981221
0.52609581924766502
0.61089713944317259
0.10310160708431571
0.84182211722415201
0.7338125099686138
0.55438277951459014
0.99015102408947642
0.20765103219190442
0.15532182606417044
0.21148838401602565
0.046755613344372976
0.36221575710812981
0.25131846800605095
0.76975045898309724
0.433635739505843
0.035496668566359774
0.85636297342376544
0.40740209509828318
0.84940359568691237
0.064538194897281465
0.64774509735418118
0.12502755666578291
0.81335347622091458
0.70177897227612984
0.20014450831529085
0.20338606161961142
0.90929529558370203
0.33702862244045739
0.13353944037491042
0.10460394630519586
0.29384616371804595
0.75135347246601236
0.49704395725726846
0.45640786750613227
0.87796384516515458
0.71302274122960108
0.34947064225105523
0.12729373673826908
0.64228738047504108
0.97875086255799781
0.42131713793648395
0.8182793082354074
0.785706281246358
0.7208337716253399
0.48338780675396609
0.62971633699233542
0.094638204528805087
0.5818370787883087
0.28795082743295869
0.91769932846366498
0.8990236625898399
0.17736664539906752
0.92087527935150515
0.29674574380842045
0.40820128716458082
0.61456117522654286
0.45971131925806585
0.3207726238700217
0.41070473614643277
0.57400670559087796
0.56969404216968944
0.69154510304221806
0.32239892695711303
0.073760181374194225
0.83004146656394828
0.37725707096703437
0.51378684124132867
0.86766922559736903
0.86655558176106395
0.45683342967626872
0.49505093478129125
0.1543574903122954
0.35420327997856693
0.32835330046742156
0.13889983089261954
0.87643767687443452
0.10310160708431571
0.24078393120107558
0.50004011717940133
0.32670613475855526
0.17883011216183584
0.64276194137181264
0.12173305357689054
0.65213497661514286
0.26792783531448194
0.61739978116211813
0.79530095362532005
0.22753990736674115
0.97596689513519552
0.11657329196178517
0.16920806143751665
0.61822800324370664
0.78174590880313277
0.76762333998513754
0.93606808798611141
0.53737141859241722
0.95992123273355123
0.57727591801884581
0.16765567175554308
0.82367786224550088
0.73404328854830858
0.60652800203682067
0.70623633716409318
0.96836888304421542
0.58957481320495608
0.3324525064895465
0.2328075732030864
0.6058199414604879
0.62900518550562257
0.088589732943422747
0.94669700513985955
0.74747645529324491
0.083252313735190014
0.55426725970380875
0.38174993186062278
0.1349912458809836
0.31172143692818527
0.99193870273023788
0.7010744321893414
0.46517249156344409
0.56748281680214996
0.50817981177237748
0.75805011705091485
0.30515603472774927
0.075489341892449754
0.8782323242634692
0.036420765874204002
0.71629096478891197
0.28339114263130971
0.55738889883028109
0.23307681365980237
0.75305982738619082
0.0085319414612689114
0.77920542112147828
0.84479261642707715
0.50048466308034378
0.87043641404706784
0.58453096297870377
0.87181086075667802
0.20740539539926481
0.010518910291941231
0.041743334652279945
0.77176112669962649
0.40540818378640286
0.061847920703766865
0.69178077133187166
0.77109139561981987
0.67844064026132234
0.31415652073851724
0.45513241313678698
0.21856413882902928
0.24078393120107558
0.60251742179249423
0.070529400090818387
0.36790377249763467
0.30334543512686524
0.1740967867364645
0.62817558435693877
0.63469587738047106
0.16126504665239869
0.34965188325176338
0.77820918842497766
0.78888194895566999
0.82584233402180163
0.43643481410997154
0.43415333572374859
0.9089038842254894
0.049499724955036468
0.071796224311610049
0.25096169501269877
0.93840508435176029
0.98255486805335113
0.19026963869027425
0.37025152035245829
0.012157862541836522
0.72455256864956408
0.26419991425340228
0.65237225448282743
0.46872348702034417
0.49228878284629396
0.67441836374218456
0.61822800324370641
0.047356747584339033
0.7761021624492459
0.16301938796658655
0.47034201231037587
0.66138654955189424
0.81387954675999508
0.81932173407691367
0.3249784777181251
0.87052823448233851
0.74507558025219089
0.28676646437273001
0.19948934896553788
0.8788577860798984
0.0020042856833798282
0.6514231322907964
0.024400298838303944
0.30244303364106884
0.28051033710633499
0.6533213456828687
0.46227720946314477
0.69119156752302313
0.69684317810529128
0.32420310827076704
0.6498807574603207
0.93166479087468479
0.92864458931147265
0.17129654310534456
0.06227829653269025
0.81272155691589598
0.29017122910316684
0.12648034165402799
0.18333599269784512
0.36323720902483642
0.29048944929566356
0.60251742179249423
0.14093470809547068
0.19960833936315253
0.65249089269595451
0.15585437545550873
0.70412599051880909
0.4218263979676844
0.34856537890088335
0.21856413882902928
0.057912667387691005
0.67347148403288792
0.3946443957632666
0.97895904604028505
0.09236678312613987
0.31483062974781328
0.070481082166417061
0.30763748976003813
0.0082853143219864117
0.37251439955594368
0.63837259749592568
0.012610221053309424
0.27450850594958698
0.44028666203611022
0.77097972580762109
0.14272482421492463
0.40720244223060603
0.96915877534755424
0.96652566809139162
0.192223685699209
0.12063878149839374
0.83712656662652007
0.055514767466950228
0.12220465953014568
0.49494031577142705
0.39425273218341783
0.30309913400928512
0.37298694526986564
0.13911978835342784
0.043635577650278944
0.99553796977158393
0.99383563430802124
0.66755003134538282
0.87948185928511191
0.068478571452441045
0.86515813790819962
0.21544561589295436
0.83992999563019599
0.5305272211406622
0.1562912429843103
0.66589108449204393
0.4597113192580653
0.79084631877444189
0.067543225263638096
0.89098468855792523
0.60947961587562505
0.19436873303569444
0.079891840149249674
0.49737647271193497
0.433635739505843
0.33942156527599043
0.11156889156191481
0.89695736255575642
0.83177201439614334
0.82025820346414358
0.4447862588499103
0.081501491934804535
0.83561745149831235
0.061356337555902009
0.71990283441445091
0.40183385036993891
0.17736664539906744
0.65284680431731323
0.09276770308627591
0.18731255655092127
0.089693143340401543
0.40312239484063078
0.60192800201731789
0.54711997327015349
0.275961600317012
0.48810371117251428
0.66529851664655992
0.13494835295564558
0.49405576139908736
0.057912667387691005
0.00040680962209557785
0.84959863076169473
0.4040159136030903
0.69319440458250292
0.92513118519771764
0.45928437958899226
0.83349627241294866
0.91208947535796969
0.15566054310644412
0.34433169200251929
0.72582902187248721
0.83167039090172845
0.12442650700879844
0.28850475670689169
0.80721637375488631
0.80348281368435837
0.11774972366854058
0.70119186920131038
0.27230164893863396
0.30979970853475253
0.08563909258631841
0.68918746517823837
0.75203632019572686
0.17383099837699473
0.31407232891349107
0.049569750955066549
0.61633511657406104
0.68364063045939405
0.73242707532338469
0.91124017970477877
0.77610216244924568
0.83642294023882191
0.98956198146738727
0.6522536157854707
0.31323128830936325
0.75055630614602431
0.10031935642071507
0.58746228374948306
0.30788642568538471
0.98989196025987636
0.98908844064572821
0.57529047898341812
0.56573878585637916
0.76132649161198596
0.71932075365449943
0.74152303129791841
0.88346031929111091
0.63173157044396855
0.92815790454277969
0.86785445856791199
0.18907086423777286
0.43747402698362536
0.11023056047954288
0.26830279538964935
0.26673061346171295
0.90107054222572236
0.95558575927962575
0.4368503363527283
0.11095222582163622
0.69119156752302313
0.044073691993165763
0.39484031670038638
0.23775967002241841
0.72826311598347493
0.95827960105127408
0.38830942279996827
0.18145647070357485
0.35962417156931625
0.94898873819493534
0.033640135320257863
0.75010053736219584
0.19588770179224985
0.49405576139908736
0.65308407610382002
0.063410059793422749
0.50873936580558454
0.74827569909329372
0.49527220588045084
0.51502377462505478
0.11255446888261023
0.99084113574227239
0.61870133030591168
0.74415974001906038
0.97137466775355008
0.019871346948607749
0.79226176474156118
0.029279970849538074
0.4164462405597173
0.94962514862088121
0.19806594629807903
0.26095189346919584
0.75249132598820889
0.067380735228526001
0.57891225907721044
0.010728705934834949
0.25325177040300861
0.3150836838818703
0.82861163563933948
0.31694380103976605
0.61621683415325423
0.70541587364562086
0.96747740347470568
0.36724812873884694
0.90859017284534149
0.95406633170257571
0.044484148185584826
0.50315553507093624
0.030607424148773751
0.28969437699171674
0.0211154032321756
0.64584671771509772
0.052668422286099477
0.51210206805501057
0.56434464470417955
0.44258569320772734
0.8614970635151834
0.14654727843107601
0.0896331879603951
0.44520607954517988
0.22681393671060526
0.57552397075567807
0.89844704886567583
0.48262212234390667
0.43198173414103741
0.041060900938509136
0.67122200216225303
0.10158482559165204
0.12087254620374203
0.0046624653353440097
0.077097662006921044
0.067845935062951473
0.49704395725726813
0.82056999723231372
0.23032864322963972
0.33210227283163385
0.66103083696388576
0.0024513919638345801
0.93974706540452646
0.67134041756249418
0.25628173503279467
0.75918106330359869
0.38155806303157502
0.59839359874515918
0.67642991356925597
0.42734876278396167
0.4572591967354338
0.6253319034679703
0.65308407610382002
0.55138171988875251
0.01592596115262384
0.57494028640056349
0.96362185632978459
0.77476873971663418
0.030495618911729312
0.2992591785152991
0.18311404358560332
0.50873936580558488
0.5455102450281637
0.097603632867055895
0.41604181029873932
0.23092971038395602
0.84950112534209399
0.020346685252033942
0.43342879683922925
0.87299706997225535
0.82584233402180163
0.075207171389586561
0.95207071024263956
0.30318121841324402
0.12032770645771608
0.58230537366018753
0.28284445604310765
0.73692489508944103
0.31983370871617578
0.040811323211846134
0.64145691699142537
0.23153200840814359
0.40870125348264913
0.36203024017303442
0.89470414250796071
0.039413955212390175
0.8440025426622374
0.21449809396198766
0.0031262132967593537
0.23026193392491512
0.4192836279029814
0.88477348905069497
0.56411238260431351
0.60652800203682067
0.38415340039322415
0.42294800921001335
0.627820066763356
0.79269672988770279
0.077939767422766454
0.70494690706528362
0.50549755968555665
0.80209044339299262
0.48601731907064161
0.75135347246601247
0.079298972212531876
0.28393860858521786
0.11106083180328824
0.81240533853079988
0.35934722430248045
0.040650581498531589
0.32610073106762028
0.73531191307331734
0.66849783083411141
0.10229019021329983
0.17921115513333202
0.63173157044396855
0.32471987801422986
0.11347382237139293
0.66446884914557902
0.89687430901561704
0.0035911834620174559
0.17866701319124034
0.76650187732371611
0.14590421537356632
0.44699268274540371
0.6253319034679703
0.018320090760232766
0.047239305483634621
0.72373977157961655
0.33596879409529828
0.60275321708589458
0.77309909909433949
0.6367120267813442
0.39435062578556734
0.79073732430385646
0.4650650964597709
0.26242449408567042
0.029506422078984629
0.49295106594177607
0.92576994703516091
0.12729373673826913
0.02906581662172656
0.60522999080174977
0.5376001002266203
0.029625692632365551
0.95992123273355123
0.0086089736482425679
0.9928251655814736
0.2905690441948458
0.92167772381241675
0.95031439957583808
0.98331439929129072
0.71465753250439246
0.1837805553686431
0.30441440071459019
0.94723075771768706
0.39181022972474105
0.48437309398560746
0.65747311070164027
0.25231950319251772
0.86083575227637077
0.098838799280183479
0.22405884470981535
0.96466832026644955
0.028348614207893759
0.10563928653842172
0.34057783234682887
0.65569390016616691
0.13017631272618016
0.76143928518323889
0.7204847270409358
0.20808145953003876
0.50885130752443941
0.74484668272483323
0.27078743218507983
0.38675974513314881
0.037869422119110888
0.86300385600199458
0.15878637484152039
0.90172141462599742
0.98358267097503649
0.35888595666297918
0.60818064025214458
0.58499975467068177
0.10195376529362148
0.29505180896818939
0.79811125870008603
0.053677324255565734
0.9231982707361166
0.47760476580453581
0.90382283149860876
0.17240155948855745
0.58300798032493006
0.99935450895635813
0.0043784581228093087
0.57622458955790323
0.66529851664655992
0.53645703659192856
0.61538893521035254
0.55819908526158768
0.018320090760232766
0.81796619163728457
0.72571302141765504
0.865624615454338
0.65984504451365145
0.33166483771466926
0.12721219424484401
0.4875542607653981
0.05537886544124232
0.71080198638659819
0.66683909921052786
0.45672701991439024
0.49604700146041414
0.78526722341164434
0.37868731396682731
0.2573705468319587
0.67205086052124285
0.43903538678054699
0.35787253763289406
0.40242825543219923
0.77097972580762109
0.72675672908696454
0.93704742074289626
0.14816548975403193
0.04202826191691942
0.89503936117474259
0.76896734588727989
0.88459877786694896
0.052372846116282921
0.78306823223500133
0.81261616991955909
0.71710716007607012
0.054723091740532706
0.85550009139700633
0.65972645847162315
0.81817495592458844
0.096542093408179902
0.7868028347552386
0.36837255202184949
0.70154414749416349
0.39386130645752149
0.56783180136047395
0.2701835162453875
0.090445604857574219
0.92689865366997259
0.90645913246732668
0.87290598790493634
0.76526675568459024
0.52484847485826913
0.6584219360108986
0.98867170995301512
0.073785349281554807
0.02140967698461848
0.46560219644525835
0.041504784063023055
0.41462810346315149
0.41806624056675079
0.85588384586651012
0.24755644807609842
0.89562481745198197
0.37025152035245817
0.99819179539238123
0.48898342333883449
0.066872356789794266
0.39719599602774402
0.81786177968930507
0.29025076024129393
0.94119880194670891
0.37716184330750807
0.034821127756637121
0.4249916554374476
0.23294216295543271
0.94056993488786889
0.55819908526158768
0.82645906372590583
0.8468593627704154
0.04542869667525927
0.79486758367212484
0.96920231309345395
0.5804327263266118
0.52734428818647561
0.30656042807260681
0.30482625992218881
0.81398470300016568
0.81261616991955909
0.41412388749786039
0.14439792113162542
0.50717326561587783
0.71454080634235617
0.66873476043203905
0.39591894321251675
0.10198736380926736
0.18272616509344192
0.49604700146041403
0.51423649546620043
0.2249087704367794
0.63042754589139149
0.2896149574229635
0.073208442994122283
0.70916413341860562
0.15780392179593494
0.3270524295677914
0.61125159329819367
0.38482806411714054
0.62391048186834297
0.23878732749021625
0.49560419514195164
0.22886454329183459
0.0044652536758011006
0.3261871695980838
0.37602030104275469
0.36818499397307713
0.74393067610910335
0.053658480974245658
0.46217015230444647
0.12782486487100383
0.20962455717373568
0.29208437642924123
0.71897141558130473
0.55669473712969597
0.74393067610910335
0.4981527235978932
0.8732701509724381
0.20050260217041638
0.43280829774432517
0.73231156382095564
0.34856537890088335
0.952629792750886
0.81973814381066279
0.83470957125236189
0.94101051739111474
0.44772945277262177
0.12470668465806853
0.66624660377925637
0.024300886246386374
0.13298789674906197
0.4230500582464381
0.97133297727242462
0.14398942035144779
0.16642233956144545
0.012504058275022524
0.014680070494379067
0.35429470697846488
0.13464843013904923
0.54195150922894519
0.61361533836773607
0.74930251613828269
0.33192725118681388
0.82645906372590583
0.28850475670689169
0.42611804711819906
0.20605856948149748
0.83682514722578483
0.89795159950761105
0.97044912634986491
0.7828479964881081
0.33605702606059396
0.053601987504252234
0.32670613475855526
0.044341669274819355
0.69989976519146269
0.20618071642206465
0.12161539928095406
0.59627476964050019
0.10609072626677338
0.87643767687443463
0.79605870303493176
0.8312636795645344
0.15532182606417044
0.37459646525205875
0.54735006245560336
0.024810983860495961
0.8476439331949075
0.087322608211756608
0.41826899654098731
0.16453582110453499
0.20550962950526092
0.62853111752953028
0.75657808770246959
0.99708559459576396
0.13898777812667817
0.65201633698309958
0.93580558818255066
0.86356718161222756
0.55843063223630063
0.21167549491279908
0.20242120707528338
0.73991546655916329
0.041878076558273303
0.87071179379731156
0.30996648010525074
0.59051423088796728
0.18562376112907528
0.59686319251285724
0.14124658665296727
0.12749779064788072
0.094921648022992036
0.1861852981671078
0.042664499737831769
0.013735930799355303
0.96725225775884927
0.50449326598796684
0.8645039596453955
0.12200796465722488
0.45311673851721002
0.87661764732411451
0.060299936343979975
0.65438902904862539
0.056890669387566109
0.024049552748431898
0.047055295757151387
0.48810371117251428
0.18736906613422988
0.95379199084283506
0.10337333730229425
0.0084522648109111535
0.46818459253176148
0.41432553092722313
0.30499111538726792
0.191820047493834
0.76762333998513732
0.33192725118681388
0.73819093418508097
0.96527836819417689
0.79237053068813046
0.21449809396198796
0.25303639796715727
0.51693776217910481
0.16231573949723035
0.96438467629191416
0.84172273950076515
0.24230722844711475
0.25089038710224842
0.34748113568028666
0.93904608190073813
0.74964459137933304
0.34739088420233794
0.62367360725139642
0.9583314697086398
0.36790377249763467
0.68918746517823826
0.23490056942888801
0.70869594628691646
0.27078743218507983
0.79410854155380883
0.9335515532758244
0.38213385131429289
0.16529845729948164
0.56957760365439236
0.95853857813699983
0.5483858566918185
0.0043452431426024571
0.27958069383761114
0.33959927874799206
0.13542081949756335
0.44258569320772734
0.58699305492974063
0.19836180676074289
0.5536897731986089
0.93580558818255066
0.64905022896561704
0.18456067446825947
0.026207979721515898
0.70775927188707244
0.70893005244465868
0.16832690803915085
0.32540979544952159
0.10560463048758591
0.39680279018025238
0.95675948340113759
0.54023239247525989
0.92633540092605338
0.91131755178059826
0.41685089891507621
0.54735006245560336
0.39680279018025255
0.32480606200315015
0.627820066763356
0.35897817907056451
0.40610539067136375
0.17351249727558521
0.81869651826060685
0.45598251050617211
0.43322190897079371
0.72199675554087772
0.95686530745440856
0.50427020526859878
0.075207171389586561
0.62616119892646194
0.8358189577493973
0.43716212061744841
0.10426082313624678
0.36463311921818314
0.90945163342724655
0.87390637466978693
0.47804006624983808
0.73819093418508097
0.56643621897085672
0.45736567048110199
0.51761396729303799
0.062084291148244777
0.59415736708766065
0.55230457569579139
0.42233601019993855
0.99717024063656767
0.40203192672899041
0.82305776356935212
0.063784097014384394
0.99899421756318185
0.6868281605388582
0.34874630598756023
0.53223528400457143
0.25671683732503914
0.13303025350104716
0.44730836221353532
0.43695425086789685
0.98603697822638414
0.10876399721159881
0.22412413331061423
0.32532350008303274
0.034494126165373083
0.98549487485775844
0.83551666491927978
0.79961970287650486
0.85008579384812177
0.44101746764258554
0.28723977957543839
0.15363756246317622
0.05884882533241536
0.39151775555365909
0.76110086711874125
0.87965991027189994
0.79389152222648762
0.25267775574109003
0.22701174735175858
0.69837190632029622
0.71547442076544243
0.15682659448256125
0.97718562126049557
0.78526722341164423
0.05959108333868475
0.7124385646855661
0.16791357458609546
0.89918812987369334
0.9511685970474909
0.90937348070811863
0.53622852751408745
0.9298882653524897
0.80037264925024587
0.65628699226806486
0.36987523422850938
0.28700305031080103
0.63505164579598539
0.21111455979567781
0.71150353524681731
0.60865294756501709
0.019406517604086768
0.21888436521846821
0.857128266555095
0.43105290205037516
0.48305958651119818
0.67477340033050659
0.43498220053422465
0.1022565037186126
0.95472102363459033
0.57692542214151676
0.25955873966571913
0.29264410777153121
0.75476360928549191
0.47804006624983808
0.013018530829116991
0.10474147366984635
0.67690310197396775
0.34129070781700471
0.86328563656246571
0.64691455509600915
0.84959863076169484
0.70142672686645824
0.76369251946228101
0.10678856108970174
0.67027459633621822
0.84082729999743433
0.019052111966908612
0.42693830141453964
0.36101100664165331
0.35612652728656063
0.50952317370214883
0.17009305832091148
0.27275714780010663
0.020957930040119213
0.031332102215827877
0.66114940915844067
0.60936151033066011
0.031412329397053358
0.76638965876527498
0.74530443590891204
0.38213385131429289
0.74953057730009975
0.82419404347453651
0.43033124875237422
0.70799347774557919
0.16071696704484695
0.51738852634411892
0.12331124388350449
0.71477425173285225
0.51874175861669736
0.038752961474643625
0.27742041766799752
0.37374381525139372
0.41796488388733688
0.97036411786671384
0.94281709507597333
0.088767838364649701
0.59157144699386799
0.071502068931371232
0.176719405080247
0.65035533994786121
0.16281808497341246
0.82460661561617987
0.28708194413998528
0.22178320995334797
0.98331439929129072
0.48251278541290554
0.29128611567230339
0.4003501498593765
0.5040471867115216
0.037924090523527375
0.587579603705779
0.63825397963909292
0.18294772699421136
0.15315918928617372
0.65830333644939043
0.73911095780690617
0.95145150928198807
0.81071594544649828
0.40960210509810491
0.30334543512686535
0.53440170832815248
0.63149446191800984
0.82005024003756555
0.35484359713282565
0.51885459136311085
0.75294614992224118
0.89770345710565036
0.013018530829116991
0.36258697710753862
0.12370855328050505
0.47912914741181023
0.17240155948855726
0.27025895042425074
0.799404418615418
0.71372353016664025
0.60947961587562505
0.015008270013387434
0.39788467568067154
0.66221649776150149
0.3752604940673645
0.59521588664537028
0.86664853216516036
0.65747311070163983
0.84261630402120047
0.37289240546877783
0.5699269384355159
0.727220383688016
0.36724812873884671
0.84439776771694752
0.19996565580316866
0.31974844840714867
0.32299954059289904
0.93672186164599092
0.13447730292178822
0.19606358736903531
0.09744213218337068
0.50449326598796651
0.64620266274369575
0.17602043712631932
0.70412599051880931
0.51221431574730214
0.45757865631858885
0.19670960045942606
0.929198722149435
0.99236325083938348
0.66980083957209668
0.71267225545086821
0.6339843718897803
0.7795372342927489
0.23878732749021603
0.17462937574875081
0.062041253625275551
0.96527836819417689
0.20405155146808288
0.32809284018889578
0.15411719825183584
0.22562992651601352
0.4173570423157984
0.49904051935981597
0.2153190869474283
0.0071064339262824436
0.73784576578840544
0.54309862695018418
0.788335368680531
0.69425419691779533
0.22694579536280229
0.016305276841624822
0.52054824549685541
0.59756944361481623
0.83772879734843508
0.14398942035144785
0.49471911085969755
0.64655860863690817
0.33035491285004709
0.30178795523539026
0.52848022813893514
0.23193422474990621
0.2396807581164801
0.33605702606059396
0.94287885283353856
0.89770345710565036
0.030284240444808375
0.32428919677444429
0.66209793793523997
0.53109635097183516
0.23483282447310211
0.15795096256153662
0.70986622420204504
0.8160837510749579
0.23483282447310211
0.72269417408366299
0.2282677078225
0.55103577558814854
0.052244010779663265
0.73311995553282616
0.88284527329078977
0.6172814743018562
0.30805246280617993
0.9380832516715919
0.55449830681035372
0.44688748264943634
0.79237053068813046
0.32008958526315912
0.9862236318663522
0.14797978618363056
0.86140266812683353
0.45683342967626872
0.57377337123157379
0.75589801124748501
0.41060442477019077
0.52745784081137681
0.88161093874088947
0.39044650048582685
0.36240133609021818
0.74393067610910335
0.64881293340854529
0.15566054310644425
0.041698509948405578
0.90164016545740766
0.38386448524704986
0.86553137288372228
0.3907384816014941
0.43508587007557376
0.82522485029828474
0.41847180931485251
0.15493548300482504
0.37006334653198719
0.2439775184075034
0.22536747693613476
0.8913252353410096
0.13481974441068728
0.46045895189555086
0.75827640313984468
0.79051928672951777
0.5168250957034326
0.47250432101187267
0.23741788444233969
0.52450848638499137
0.80753535268797727
0.71185422100426476
0.13189068722567857
0.59745172429288917
0.47445454651509678
0.96738745448685137
0.54000331945913571
0.41745831369247483
0.95162081952535915
0.60369655282268986
0.78020046173812541
0.48590762347552263
0.74656238866308966
0.21036850036731947
0.42858148114607775
0.086448170648361244
0.6351702375181707
0.030284240444808375
0.9145375814303176
0.28937679433831026
0.53600005312020815
0.75362804289375462
0.087147091746452854
0.71162043709798795
0.81092738509524942
0.75623810268957303
0.8395305977409675
0.30730579874012059
0.7627918314471579
0.82181534858846561
0.55011359727648645
0.99732551268199487
0.39239558097607496
0.63434011931573475
0.99256099209073578
0.15977397102461302
0.15373338854162891
0.78130465168131025
0.55011359727648645
0.53212135044629183
0.38675974513314892
0.16131494982507669
0.85521201219599852
0.017601443334881527
0.55900962567756962
0.75510405277287318
0.85260920353660097
0.1615146922206584
0.51356207418055067
0.99450262323812244
0.50594418502441185
0.98947282720661245
0.22334166261330746
0.88978899972196401
0.53634277772110384
0.86599732065217494
0.38550346699136739
0.26792783531448194
0.74656238866308966
0.19055597581285028
0.62083179841350367
0.82336790562817019
0.38705001665018346
0.48481130033307263
0.13180661023773219
0.79204418361423456
0.40890134141665951
0.067241740193376962
0.19883592949721815
0.33324146006836514
0.01997606189018029
0.59686319251285713
0.50204192494767219
0.71955360842880023
0.16570640483767973
0.019811742987178312
0.94416746227010651
0.065052903851126179
0.48876342716611143
0.28613626916430063
0.14485296873434989
0.79486758367212484
0.0033897196802600803
0.66517999782762116
0.053040044245774375
0.94663751837897847
0.13863627499480685
0.46969427127339913
0.74415974001906049
0.97019366628701875
0.6351702375181707
0.36184478529665126
0.45110574147528582
0.41523363484648823
0.63932156886600122
0.40990264931984827
0.70095698974141984
0.83682514722578483
0.93501469825437489
0.62142373398659656
0.16755260328897298
0.020926568726456526
0.38415340039322415
0.91544691460858685
0.99279030548705183
0.25231950319251761
0.59980691703101208
0.37507069510969876
0.47749597040185776
0.34146908453370628
0.35658545795477536
0.18528750726007071
0.96602072131161931
0.27603823746216777
0.42827311412753483
0.45939109546234869
0.53360318043164812
0.38299855574282365
0.2099962644253151
0.68175047400605526
0.23544307918946
0.45089433087088426
0.80700362907315859
0.59533352248796811
0.79454238017940704
0.31172143692818549
0.80112473859506583
0.43872287143238575
0.62248936332465821
0.028673492971423895
0.66091226345283616
0.81377437121156126
0.73485072440634092
0.80551236432126405
0.7036567681709236
0.30738869754341297
0.13916381560484217
0.69189859882235549
0.08563909258631841
0.67536507421379444
0.6988421106263154
0.61337890880982493
0.78647403291415907
0.72443647884420059
0.19759331488150825
0.7506702205507636
0.77220733895909477
0.58417942499418007
0.1774747093628819
0.049081476289540023
0.86130824683449658
0.2676281512808974
0.8881569311538704
0.23113033957768556
0.66707608425979492
0.6603193765538633
0.94799655548405737
0.84911086144448678
0.16146473716171517
0.072264206526571895
0.45015480493687066
0.16858567243765163
0.98911129806266984
0.90764593977653329
0.8803709752375023
0.36184478529665126
0.77398996733872905
0.98532968905091989
0.087615836732092209
0.61751809068754437
0.2243854381755428
0.38213385131429295
0.77809842276859587
0.87390637466978682
0.4424810511192282
0.15697286749953054
0.7835085210259658
0.62035829257423702
0.74918846908336856
0.50092938087975858
0.23449432881351087
0.59603943124750924
0.13101017847685426
0.52882118885906193
0.63019047001932571
0.73311995553282616
0.50527430983514376
0.24293254555600158
0.9707032829390263
0.8831969017490704
0.33844527117200551
0.23496832966246531
0.86337951109777988
0.47847555658480123
0.42704089588342825
0.42899283128225746
0.3546605712506955
0.50829170195024354
0.69189859882235549
0.86636960108876737
0.40381725151182657
0.31592823461920649
0.48470173141798922
0.18601669076347255
0.80700362907315848
0.93173264782445497
0.78975564607319959
0.63042754589139161
0.42755407692828912
0.53007207968170422
0.80838515032147407
0.062343087521797284
0.78964649008811949
0.37716184330750863
0.6498807574603207
0.58476534822881843
0.55600083921761256
0.94669700513985955
0.31205651255870681
0.82522485029828485
0.76773541364870934
0.079379584530093444
0.36987523422850938
0.7984347817043419
0.63386579182836766
0.51232657354135269
0.62876814816018178
0.5136744527013194
0.33526350842682534
0.086535261214075399
0.63505164579598539
0.4771696555762921
0.44300439519589296
0.71372353016664025
0.82563658974278198
0.93428525498576254
0.99071807838594295
0.82604799452087174
0.8803709752375023
0.694018720109431
0.63837259749592568
0.76234118369257897
0.019633943400300658
0.80529903473434283
0.41291523114118511
0.97696690003816256
0.6636391006596507
0.49019421169257826
0.33764790800637862
0.91461354114122073
0.65913351064459191
0.86253369934260637
0.67832238606533557
0.48120165282882699
0.98857773519247705
0.22576124177591891
0.90866864917544699
0.54195150922894531
0.15154213518822318
0.17790751032549437
0.55912544590267832
0.91392871502595474
0.28582155367157841
0.96747740347470568
0.50438173036101697
0.036236796604728498
0.20290317090453569
0.66126798002495901
0.82707503635156443
0.63078317116094196
0.66055653513607893
0.58910522235444662
0.18079691508195711
0.9762658855871188
0.97345308677364861
0.88677426189863362
0.274203320185539
0.94349445428385181
0.062170447741135428
0.30714004903728487
0.97400728025185523
0.5699269384355159
0.90819730678869648
0.92633540092605338
0.77131469418749155
0.86720567472196308
0.5903967865874773
0.37811480561483879
0.56329968026891974
0.73115595851348525
0.39249319171973152
0.93441819802078652
0.75725773693377807
0.74140827007534549
0.34522956604744576
0.97236441352717029
0.22906376112294374
0.59098405655377295
0.060425823202717728
0.80026513783910291
0.70904709608607663
0.73899598885467277
0.64762644851538409
0.26620809828458059
0.29376591499681326
0.57844461723618501
0.98457166727976786
0.70611914598457548
0.18816166934310063
0.86683435304422396
0.75635144287127021
0.57459014811425435
0.4144263741232983
0.694018720109431
0.90534494146321332
0.0998896400779168
0.63896569882364462
0.76638965876527498
0.10556998443740009
0.32274203920728661
0.20956265733966464
0.073358546613357389
0.70729078627281006
0.93448461673198246
0.22589261736509234
0.040811323211846134
0.86290987687419385
0.2243854381755428
0.19448523515037794
0.3752604940673645
0.53817195441480603
0.96390901108797422
0.11399152217811249
0.52745784081137681
0.83983018046996827
0.2332789040256513
0.95644113295976207
0.050648995907569515
0.67394494465969834
0.43830637346248691
0.016435687126199427
0.98051349325539738
0.77721177402112107
0.30367406017778559
0.34540932978244032
0.19800681721793914
0.61077899457160245
0.10954879188713283
0.33271534828412958
0.70541587364562086
0.62319988360228418
0.057389571163891588
0.41211060886382489
0.96638839319311687
0.60239952999454327
0.1449441246968049
0.61846466162624214
0.77743352325831594
0.6922520545267471
0.820154231832813
0.84901323498360148
0.016973715544175427
0.10232388649443683
0.10801948093531399
0.4695863572859601
0.32722567237034905
0.17150656679015649
0.87965991027189994
0.2721499425655749
0.30318121841324402
0.021449739253733037
0.85115541030203024
0.40600574599587103
0.053941767797778803
0.18861581797865054
0.91484122193371387
0.93560834230363332
0.10851532630798186
0.052262398004436883
0.54873126367214553
0.32239892695711303
0.6351702375181707
0.09686268699187417
0.99634535034174143
0.89679122468670636
0.44269034866357215
0.4144263741232983
0.22405884470981535
0.44457642819115339
0.31542131274555935
0.36537902847066256
0.89712337722563074
0.12204728163206836
0.91695185392020562
0.28969437699171674
0.46613960724657011
0.29796000638102593
0.39808157430960023
0.21330268139308758
0.68883367331609968
0.27619155931451328
0.67406330335496212
0.55218919194991112
0.62296303473472925
0.76515439393681706
0.52609581924766546
0.63469587738047117
0.67702139186462484
0.07681008403663564
0.23106344798148307
0.53931630300790201
0.26770304862353067
0.33332920086450568
0.87490341557501505
0.98640869404262244
0.83702611598180388
0.99367690178584112
0.52269664607809119
0.58101777561338919
0.33738240498179872
0.49549352104738431
0.86525148632991788
0.96485668513739153
0.85347881793576508
0.34048879395991227
0.81440513459253105
0.33641011223704265
0.22113640410131019
0.39307916917906371
0.069021693130999942
0.94428935942001158
0.022207912259806169
0.26486803331339565
0.25160416659524748
0.0084555703789253051
0.77343327959424801
0.59145395932286005
0.95439433533531637
0.30039930671214654
0.20374883847665601
0.41563760832898689
0.37260887803689446
0.73346627365490846
0.964004436706419
0.62000318848405778
0.019319152389821851
0.18134640714263869
0.056297222520970039
0.50728506263093509
0.23919935749434504
0.55449830681035372
0.37516558694646135
0.057089752429409363
0.3149993165497576
0.66233505615567956
0.79562580456114396
0.98295246034012851
0.03242558480423427
0.47782239227049472
0.12339061713175647
0.87199365614084423
0.22405884470981535
0.23442667549593751
0.98044743387969802
0.17926564458272773
0.1538292651421404
0.39946151783500428
0.94863975336194206
0.4550262088597441
0.61503416371605479
0.097733003963618087
0.97137466775355008
0.87715688558775473
0.87426932300738658
0.57949694044070987
0.69390097468205592
0.14877039395135797
0.28779270529934903
0.95869352493326909
0.84498989937695623
0.56713389140176973
0.56527396428112731
0.67039302998679817
0.1854555715749262
0.35219584249492519
0.28826726286007837
0.051241810157211444
0.87553614641029065
0.52473513598957422
0.62225254094636151
0.29472995256859108
0.18663553146459297
0.707525041361734
0.30880042022004256
0.061335045328225896
0.53577161346770108
0.26190836908865128
0.31013331553556911
0.89728926860821967
0.39278611339263003
0.52348902869338332
0.1971215999565725
0.46110027343057614
0.81251076378642928
0.84429899670106701
0.094669661124707608
0.22760599540361715
0.6890695387078245
0.53474406649189921
0.6539145093801042
0.36752902638123569
0.69790161971019682
0.80391062797384727
0.29537392066281659
0.11084371287054863
0.53086867202056076
0.4870050955602967
0.89047296862789038
0.13859239066804244
0.042771401693184913
0.40005380668818208
0.052409709722167089
0.84032902715290436
0.6951959150263054
0.37840099130004567
0.21888436521846821
0.50449326598796684
0.4574721570102932
0.70095698974141984
0.27443218574850131
0.38271018473961754
0.83106019367735395
0.73750051094280389
0.61834633114277482
0.87199365614084423
0.72339131026838244
0.42396913137367803
0.17420319652227279
0.53394535380456043
0.76301707955627862
0.65474491173930938
0.33817934112345288
0.27207411310982271
0.9291295768975153
0.87965991027189983
0.73115595851348547
0.33605702606059396
0.20356738478782868
0.73692489508944115
0.93173264782445497
0.68505764775600397
0.62936075393067847
0.51581154096418591
0.92138639955382118
0.59180643664621191
0.46904697129056427
0.064694452423220319
0.18618529816710772
0.20801992602663336
0.46570965375904561
0.35888595666297918
0.038474820438402113
0.31559022289506222
0.41958829373833612
0.6178730351539734
0.34137988828424587
0.81984219601225516
0.15045646382705308
0.32154226115243134
0.37317607084711185
0.70787637790613456
0.76031079068190033
0.44794007709354633
0.69766644579414816
0.22477784702480519
0.015769399312385416
0.86178009412402101
0.032686601125733426
0.36762268977858387
0.61515241802822862
0.72571302141765515
0.78053187524335921
0.0038675145918008777
0.24244607984716149
0.51401164835356283
0.44028666203611
0.78075274316447363
0.62710907944092886
0.94355581671831379
0.24362880814257085
0.15908211287615559
0.78811662516208347
0.73830597104288953
0.031504252616692478
0.45693985224371603
0.6381353626103603
0.80615191635074035
0.17596676539541758
0.41624399690510883
0.62900518550562268
0.11273781670157319
0.37053389639792028
0.71803952188574927
0.36743537840775342
0.31339936876748981
0.94318710278999762
0.82264395302238835
0.21367960332280306
0.37878278528709325
0.72339131026838244
0.29184473077461998
0.85164062199563029
0.29982885145680854
0.099757747255044646
0.99053148427660009
0.49793088320906709
0.88249318260577614
0.8825812485684279
0.53462993833049555
0.38271018473961754
0.10872844221277905
0.27184671965731178
0.3130632716858685
0.63386579182836789
0.17585946262988691
0.036724888042293811
0.25490762422476154
0.8016614178360344
0.82326454552757644
0.95744472275990744
0.90000859888355067
0.770197655246738
0.81198344656917465
0.65071127377240567
0.70588474567954929
0.45534486031306554
0.14877039395135797
0.20906798678228375
0.45237529911050156
0.27116539336808815
0.29088758320526731
0.84832917384017903
0.62722757282654196
0.27903945804988739
0.074772958511224036
0.58394509303556519
0.09292231434654781
0.93639541715184649
0.41826899654098715
0.80647144599522103
0.5929816687269519
0.98313403695608903
0.78767894776837211
0.61113343881632431
0.020716035896844461
0.9618219566514209
0.0011961506327951748
0.58113480225018987
0.98061232338017645
0.85988882798001542
0.67784933899309263
0.73853601576515038
0.39739268771714187
0.10951301196002508
0.290807924539984
0.38927992277990608
0.20008487641436642
0.60016033996443763
0.95733970396344648
0.27313716538794075
0.55877800674022349
0.93173264782445497
0.26323710379975768
0.055030800283052954
0.59168893943804257
0.32274203920728622
0.46324128928235708
0.076940681438495973
0.62793857087946825
0.52995831693144735
0.86356718161222756
0.38309470966212639
0.38753410318834119
0.48514007631621225
0.097248643678380597
0.58734496888471321
0.21148838401602557
0.092489978783696108
0.097668299455227384
0.3946443957632666
0.56864632746058785
0.86159143298631558
0.22986199686228731
0.6344587041694425
0.16580852322993844
0.18405885729073448
0.36921732580698424
0.9085901728453416
0.20832773988611225
0.49770908633412225
0.8561713978989105
0.014065521134464909
0.46861568351364835
0.15335038718429708
0.72756803687132732
0.19021241351829812
0.91038693489000688
0.79171768905246165
0.75669139232406746
0.69860701881194853
0.8045518102260989
0.023933695515425624
0.66956394805846764
0.39444853425119358
0.41816761145234616
0.70904709608607641
0.55392074525965718
0.041267496358005987
0.28961495742296339
0.52882118885906193
0.14004686786921583
0.037542946102276702
0.38502096097518562
0.089933322218074804
0.13832933444012899
0.93494856141549187
0.23919935749434473
0.47402082506328236
0.53760010022662053
0.22295123885336357
0.12114576903869638
0.67453671193189302
0.35814873778230272
0.29537392066281692
0.63967744548556604
0.5194189007912281
0.44237642240199904
0.67985944902258
0.14151438029031829
0.090204207930762489
0.44899398779855482
0.38002529607356744
0.3393327322418806
0.27965807675383902
0.31055068349143866
0.13383723934676167
0.51120445093748024
0.69590200221345055
0.90074435348782733
0.57190758314087331
0.64584671771509783
0.3149993165497576
0.82254044908714408
0.43674643541561742
0.56109547870720944
0.68965912926763195
0.45864435127733927
0.48514007631621225
0.0073020420206733301
0.65688006292144485
0.84842696918460281
0.18975511884843443
0.40600574599587108
0.820466086178125
0.24362880814257085
0.15873713018423891
0.59309921773256258
0.21030642431338731
0.58499975467068177
0.51221431574730236
0.17261270956963021
0.579146114466633
0.26257209981468632
0.65747311070164005
0.9811018211204755
0.1664223395614455
0.52836659285592669
0.84212011136791942
0.8849480836188004
0.37091061297471206
0.86776185547985618
0.68092325450586566
0.62734606802663673
0.2317330481211051
0.94101051739111463
0.016794664245681525
0.90510537197865504
0.37926037003619517
0.35667729088315925
0.23707648204362899
0.66352055878347627
0.1774747093628819
0.10508598856264686
0.9910840533387888
0.86515813790819962
0.84508850545233039
0.14151438029031829
0.4397650615403681
0.15893418596917133
0.74094912503599797
0.1008837564331371
0.3149993165497576
0.43560442232517071
0.66399471681394717
0.58394509303556508
0.58605484398980856
0.22595832778688915
0.26613351630859694
0.31559022289506222
0.8358189577493973
0.94373968821408116
0.069616463614646504
0.31121930234371459
0.709281164429302
0.061762171174116191
0.59733400928043823
0.87760547807850364
0.48634647473873061
0.88152255619785835
0.5558852153316709
0.34829410604101418
0.41999471306074976
0.29352526454562744
0.064005054824581867
0.94044373244096591
0.91589979202889116
0.62379204350241646
0.18753867878638827
0.56237128992626428
0.40930169099983243
0.45864435127733927
0.24621841532473068
0.05091767145091914
0.18372493655997738
0.26249828909099049
0.21192518236001498
0.20962455717373563
0.8435079834555741
0.99431083617821858
0.85309256999026339
0.87345206717764712
0.89679122468670636
0.66529851664656003
0.12660206364267365
0.96743244719546773
0.75055630614602431
0.5827737562834342
0.25411466402799748
0.67749452222409867
0.78636440096492977
0.35274257446913437
0.67678480918707218
0.88608009920534814
0.69189859882235549
0.43022821062308503
0.32939657161563757
0.39896834896970812
0.67985944902257989
0.61042457933510863
0.040752803659914467
0.36258697710753862
0.80209044339299274
0.8136691763691497
0.43986935471070499
0.38050386848813733
0.31974844840714889
0.55368977319860857
0.48557860564846622
0.84872021065210879
0.21349107584669058
0.83024538463444408
0.78240734286199809
0.10997895112334533
0.35990125880261647
0.28089836361430498
0.23741788444233966
0.13982565663321667
0.69236986413092394
0.78383857730487083
0.81545485499672221
0.46099335491486759
0.18799159481970343
0.28503587921932916
0.62260777786087917
0.34388334558461253
0.41979147509464027
0.19004082247268977
0.99886619507078878
0.76874347836663981
0.53337510901315865
0.71267225545086821
0.083730492038011306
0.56213926152314109
0.95488387442258937
0.79508430222556836
0.23639482612980528
0.97864629895683364
0.67891362639461517
0.76706277330763417
0.37194785075489717
0.85251245617844906
0.20074161958810896
0.90882550487538294
0.77809842276859587
0.24600765822102713
0.24621841532473068
0.35092232691898378
0.57214071980225167
0.60617395553035935
0.94176172247783108
0.67808586856272879
0.0023629404596144173
0.031932675689044197
0.38714680389599621
0.94752601986802287
0.013910431908341188
0.011035971622891359
0.30211536669460065
0.75646477121355282
0.86319173585929232
0.34111239423278994
0.093729988784332974
0.97926896516409456
0.8660904306152698
0.65462628487085062
0.53840075597911263
0.57400670559087819
0.059177669913797755
0.95390183675237583
0.74244075840643264
0.959565330599354
0.036724888042293805
0.3946443957632666
0.45322271029614869
0.89745503661552983
0.83933076168722121
0.16703805451216625
0.40820128716458082
0.9749410071315503
0.87181086075667802
0.033762668737243075
0.054915224395568181
0.93207140821087853
0.59533352248796823
0.14250000350414527
0.039456499426861483
0.46131414833752216
0.38251801305364108
0.38194186129360502
0.63742367843209968
0.16791357458609546
0.20490107925606124
0.83319245168490674
0.27048534777831384
0.3291355393547658
0.16657609015996153
0.72907365539586755
0.64738915073816994
0.36240133609021818
0.70424328171776063
0.022199627108719106
0.1946017941490982
0.95879663968348772
0.34585901453736517
0.066367459359069209
0.087469112832032792
0.51513628289751756
0.77365599672623797
0.63362863539028669
0.86083575227637077
0.65652422318296688
0.17986593257185329
0.085524063977984635
0.40282481864133746
0.59286412438417557
0.0023852453447752199
0.23146502558966739
0.49571488023627641
0.24600765822102713
0.95638794648117031
0.97604185565665813
0.51671243906697328
0.79084631877444189
0.80700362907315848
0.95654739614550277
0.65759171738735778
0.38617960828657383
0.91896236086911975
0.36435365850592527
0.55461384158326399
0.77665714810940933
0.77019765524673833
0.71815603433596586
0.090445604857574316
0.11916737768185443
0.42693830141453964
0.23186715065842645
0.19407772651748303
0.63268006032750157
0.93348464224609551
0.33315373512786506
0.067612972515970732
0.82305776356935201
0.017096243858827478
0.14294994753566456
0.79204418361423445
0.79171768905246165
0.82171168112319726
0.53052722114066253
0.55092047623182738
0.71173733235480729
0.40530864108437775
0.40094323334295978
0.89411633603859419
0.10374799663413291
0.85903439909089663
0.57015986029238186
0.69366546984358768
0.63019047001932549
0.071919111377954592
0.75918106330359869
0.84676118392724264
0.94507817778992187
0.14040142839873912
0.20857425447315972
0.23659916211592488
0.86300385600199458
0.1842817484023816
0.078496883852598676
0.7589549711152257
0.288583953186616
0.24692194573590237
0.011595135193767973
0.080434260364080967
0.053658480974245713
0.23789649158205356
0.11943724695343498
0.45364672690015739
0.34576904611415976
0.85655444815918391
0.49471911085969777
0.50170804952038184
0.25246275745913876
0.89745503661552994
0.75985904689129546
0.682813797080144
0.56411238260431329
0.16271751168324761
0.63706784839549757
0.2291301973763927
0.70459512057835205
0.56144334339119184
0.45290483383576341
0.95638794648117031
0.14993956480413534
0.18975511884843474
0.11874436933996298
0.6467959062318851
0.024103203134652071
0.97432081036414553
0.41604181029873916
0.8782323242634692
0.90446511875476598
0.81156124979118349
0.14631733680242981
0.67737624403878893
0.29136586999595787
0.40650411491203203
0.25591957985775388
0.77075634519725367
0.14160374116361546
0.58136887223290801
0.63445870416944239
0.27450850594958698
0.13978145027104649
0.92981946735474463
0.85903439909089663
0.96409971602508004
0.15918079516495648
0.63137590980493341
0.88884542565516034
0.16550232589654607
0.47488846052891875
0.50706147898302012
0.72965235505440229
0.15430940659084427
0.64620266274369575
0.15301592321357413
0.39562459431267183
0.22107180589792877
0.31230798687546546
0.14700808386096639
0.81377437121156126
0.76346742367626175
0.41594073839632772
0.9647154663121017
0.56376404056659535
0.98519113006453196
0.90478549995052615
0.34031076456038789
0.33000620280308912
0.92759961837937643
0.006307999245141525
0.36091844220272284
0.076497463734960761
0.1585894733377762
0.6832862945799294
0.14313026425940145
0.1913595946611511
0.128728059017512
0.82295434174012194
0.56946117156201903
0.68694616382768148
0.27313716538794075
0.46217015230444647
0.066459000877535007
0.38050386848813733
0.21978298392585893
0.36426053588775287
0.79008301744874765
0.0018938305574338517
0.66980083957209668
0.2095626573396645
0.52462180649622625
0.93776053063159015
0.42847867826901137
0.44899398779855448
0.91262787424273661
0.62296303473472914
0.80026513783910302
0.6324429296590135
0.95065706117185489
0.93910998585782124
0.7733219000536915
0.075772465629760449
0.26867815003647794
0.60818064025214458
0.75249132598820889
0.98064519774011349
0.066161909080475798
0.37374381525139372
0.46635465846383672
0.86036261210546783
0.72199675554087783
0.2632371037997574
0.93685219157279753
0.78174590880313266
0.58945740807693592
0.33906632795732761
0.37811480561483868
0.10422656538476886
0.75918106330359847
0.49615773049636558
0.55195844736513211
0.88996017120647652
0.35612652728656086
0.91933199671326082
0.63113880993139571
0.36556566041830418
0.88978899972196401
0.49261987420473141
0.6440670159744748
0.83095841822841432
0.5649254187375703
0.004582958439801197
0.080815918207914811
0.98841207703850342
0.36734174585975271
0.045299546288012596
0.85386466919386339
0.60298902791220821
0.69837190632029644
0.4452060795451801
0.28331299683475392
0.58969222326141446
0.7338125099686138
0.7551040527728734
0.3193223859278343
0.69060225426228072
0.095903725278174576
0.86766922559736903
0.61609855449819784
0.31872656790454817
0.67276121686792467
0.69307662676022996
0.17883011216183578
0.059466783501659529
0.65545665763849248
0.67832238606533557
0.097313102016386072
0.31872656790454823
0.66944549906011352
0.55392074525965751
0.10717408707577557
0.75963310130361406
0.18641030322373495
0.4829502030134567
0.54218086655522391
0.090839101503009154
0.20618071642206492
0.89445240822278005
0.91262787424273661
0.50572085143154499
0.84764393319490738
0.459818085900214
0.74884626218857608
0.97574116122247556
0.35402047286930804
0.18975511884843474
0.74747645529324491
0.35274257446913437
0.3121403213699262
0.59133647643418552
0.50471636882127258
0.61503416371605479
0.16026970322042919
0.65498216333423764
0.65960787123981068
0.98414010187241563
0.14182735423324785
0.48931350261070206
0.60416831235552326
0.60122082874459859
0.99338439876316698
0.73300449804225398
0.74896034209468643
0.27842185545621423
0.81921758148282775
0.2264845544110908
0.77443506473348422
0.72953663235880817
0.95649428284823745
0.63611901026227258
0.74094912503599797
0.35860938282320221
0.49471911085969755
0.54091981330091143
0.5933343296953959
0.18635403104097764
0.32411703568294475
0.6939009746820558
0.8987767286434788
0.74014523774962404
0.78273785582672928
0.14049018836486463
0.99431083617821847
0.46206310772681836
0.83983018046996827
0.28487893532112529
0.54769525587820123
0.1800846303679112
0.70822765883395999
0.95827960105127408
0.076783988503676445
0.41050412782328177
0.62402892233887342
0.55982051733899918
0.68989493606330299
0.01445771404228006
0.30072563240057837
0.959565330599354
0.65166041542916509
0.71897141558130473
0.19072794716600444
0.72803145673846625
0.14380818088833808
0.36184478529665076
0.2621294712304767
0.60487606450633646
0.11023056047954292
0.13460563080402244
0.81775734789077936
0.091173249401941686
0.81817495592458844
0.89445240822278005
0.85328574349481356
0.32145668217637624
0.25505200181777643
0.92377358098152818
0.49195779201831902
0.43737004463431983
0.56876271435811443
0.019188801681859245
0.42274395329667241
0.12095055518745369
0.27481394517173385
0.99374071618689497
0.069783828503602374
0.27405082233727746
0.48579793936985893
0.8675765689334034
0.3005624376233389
0.6166899803305631
0.66589108449204404
0.95622816751586648
0.21939750329508481
0.89712337722563074
0.89403224191204989
0.36323720902483642
0.98442864393157592
0.75827640313984468
0.98516331949052993
0.4638845734476158
0.021707817430289052
0.92633540092605327
0.99561362181226565
0.40510959941888192
0.40640441202658789
0.49915154258195871
0.19314889139902022
0.58887045668162918
0.77220733895909477
0.95910510495240731
0.96499757502927874
0.64893158126673123
0.59039678658747707
0.60652800203682067
0.59110152504048541
0.49549352104738409
0.87697725178055808
0.28621498783838573
0.54953748817126857
0.98510759947136739
0.4272461265715618
0.84142446749837285
0.98560434236227779
0.41482989004645809
0.16322089962486325
0.69036649866002242
0.99797839422318679
0.57949694044070987
0.29280417454593616
0.27772826674813522
0.61290608583920403
0.21805255187926756
0.92598224994504774
0.39523233677252828
0.9200687465903884
0.11222510003626522
0.37298694526986564
0.87363387302870132
0.17129654310534456
0.97957606217271154
0.91285812467877325
0.34263007154356767
0.37488095729592497
0.73531191307331722
0.93743692192459238
0.3890857028375555
0.85328574349481356
0.76132649161198596
0.87992677334665259
0.82645906372590572
0.91859188585183826
0.60086729607737333
0.24727429201078738
0.28668763424188887
0.26598439963551684
0.58324222609186549
0.34469065266256826
0.38521391815512024
0.58230537366018753
0.66719457392541093
0.12901659214513012
0.13042599065935426
0.89959875373716325
0.98199488615422326
0.46893913091360906
0.70025222161147727
0.78877266478879871
0.73657941150946349
0.4953828579583075
0.34703003546461636
0.15102207578509641
0.7627918314471579
0.29416731813032432
0.21242526480680721
0.44783475834971476
0.089963384815548469
0.77931604024790868
0.62545036838867007
0.031024444659841451
0.48054671873945176
0.91977445050524131
0.17553787975516644
0.38213385131429289
0.86720567472196319
0.20746678267295629
0.17992058644597403
0.87117021574637288
0.49937362146314535
0.37393318589605468
0.26725390119007303
0.39464439576326676
0.49527220588045096
0.61810967793914662
0.48426357129693065
0.87553614641029065
0.82922493442755529
0.66114940915844067
0.16478970516546412
0.36837255202184949
0.92850570959433298
0.92065572085388958
0.055146598840901583
0.84959863076169473
0.8322798051251119
0.0967984929388509
0.43622713453155881
0.89803425179313878
0.89620877322632908
0.8701607897839323
0.64881293340854518
0.33070387693399284
0.70623633716409318
0.5933343296953959
0.79897364187064779
0.74621943762765752
0.39572269578385244
0.60570194402384647
0.46969427127339924
0.62627967742157586
0.3890857028375555
0.23388599849828295
0.18322499046977025
0.28051033710633499
0.026412085700302349
0.64774509735418073
0.50639097755566453
0.56852994705290094
0.32809284018889578
0.40322161618667135
0.30971634669723996
0.52496182309554107
0.1554185388144684
0.32765905758608938
0.87481291419320784
0.33087845422736512
0.80529903473434272
0.49992900760756354
0.82316116483657054
0.4800012633888715
0.088411946170297129
0.65332134568286904
0.66778699319388801
0.40760180604796331
0.87217634198364358
0.53965977319173875
0.30260696292313544
0.87769511212960527
0.9073301645626799
0.21074126536827117
0.77964780918268917
0.67027459633621844
0.94945201804747192
0.88001567074761133
0.58511696581619654
0.094890117155600223
0.91046466545281357
0.42888997296097331
0.13550687492640687
0.85193145469675446
0.46937056608496053
0.67216925932975458
0.193612854794386
0.61680827371392932
0.56480925038841012
0.72188049186695025
0.7124385646855661
0.078576763387927004
0.41837039582953678
0.8660904306152698
0.68139597147539277
0.50126303181003296
0.68918746517823815
0.28684531042756622
0.20532691164032679
0.24446636160048277
0.85511593570576971
0.48065584507823333
0.74461774343686804
0.35631005275387551
0.70974922499477655
0.11178725358504153
0.5799647881005694
0.23823881389188023
0.49041450183487778
0.10543150019885081
0.35962417156931631
0.33995489528312484
0.50137427019913616
0.40391657524916269
0.51840331877392198
0.09834959139375396
0.32385891341925388
0.95936115213720963
0.6236736072513962
0.23388599849828295
0.32154226115243112
0.27071188737391971
0.85998363624179486
0.62000318848405778
0.72373977157961655
0.35612652728656063
0.64205010273598107
0.099133355859648581
0.7262929415299092
0.085811894713136452
0.43903538678054732
0.22399357115215379
0.74106392629082918
0.9101535480491908
0.77231885750327733
0.69307662676022974
0.70295276340113677
0.60263531749279742
0.95401153657680793
0.55623210910629961
0.63991470007483064
0.214120018328851
0.49361374994270113
0.80391062797384727
0.20557056457607834
0.88196418159885903
0.11116953087585379
0.39229798514331349
0.75146730857030619
0.64038921728584719
0.99796357789634038
0.70154414749416372
0.88953201874150278
0.0080297867021328715
0.90317851550740902
0.64845698898962789
0.80316176490536062
0.43737004463431972
0.26598439963551679
0.94740802365545917
0.75328714799335383
0.42878712849553119
0.27896220216300227
0.25555781552086881
0.50829170195024331
0.7548771021108035
0.63600040998073304
0.15358966836422672
0.73438938770303563
0.77743352325831605
0.88459877786694896
0.16131494982507669
0.68588399415908319
0.61444293534390404
0.83682514722578483
0.62841260475842053
0.70424328171776085
0.59086659288602039
0.69590200221345055
0.57505701123999908
0.16791357458609546
0.87381556842435404
0.81240533853079988
0.75408240829098228
0.29376591499681309
0.97313324826294589
0.76267918842948756
0.69354771045755104
0.32299954059289909
0.9404437324409658
0.51142879439179745
0.56364794021662767
0.6236736072513962
0.19153215853421177
0.47012604968990201
0.45332869502819417
0.50048466308034389
0.50270996347688901
0.39631161594653819
0.12275686995846007
0.83298979470450008
0.60322485419487437
0.89959875373716336
0.75884190677292618
0.14066785222326969
0.42540105684853496
0.041968128048940331
0.39690106944450571
0.30871724997355965
0.55530720680145929
0.52734428818647583
0.16458657169635318
0.067636236102742706
0.48437309398560746
0.9905731583686852
0.63007193440716036
0.72826311598347493
0.35456908174424812
0.028620858320116634
0.098545016939887542
0.043948103495137038
0.91918424314528768
0.30755454305343638
0.89992669221629762
0.74347242443653661
0.059466783501659529
0.2067923261125266
0.85693709483216507
0.76369251946228101
0.2075281845618005
0.92028911488507159
0.64466024435990832
0.49915154258195871
0.4890934384332577
0.10269519212212729
0.080216896957323286
0.65320271117491924
0.78888194895566999
0.28120907083117247
0.26286749991082498
0.32748565580948596
0.0085419515312093776
0.45248118009812222
0.61917469823273852
0.21614258589352478
0.67536507421379466
0.32325718527808134
0.40104213204127348
0.29336491066945047
0.68812597842555367
0.55080518459363392
0.8208816090129224
0.81408983991778849
0.45163449607716322
0.82881615402722797
0.70799347774557919
0.54286913730647601
0.1052931757934898
0.61255150055108087
0.93023173374050261
0.71360674900676657
0.98775869326772681
0.17056314562874125
0.58242246111140694
0.24720379175461513
0.19396142337789579
0.78196644715330443
0.19153215853421177
0.19518544293131723
0.69672554841552836
0.011212213671587213
0.11997858070223906
0.25948557265723066
0.53862959167870894
0.98405288915150269
0.63884707698830967
0.98793029650777386
0.22418943695606905
0.99460408323905025
0.82191899566222526
0.45343469270906811
0.48810371117251472
0.99534501001618236
0.18085180239049312
0.99140135419430853
0.61349712209101226
0.7250168471766637
0.58898783703109925
0.20882100340175691
0.45736567048110155
0.99032131857394834
0.60522999080174988
0.78515742016441104
0.38550346699136739
0.10851532630798195
0.26822777181196883
0.75680468506439103
0.49759820422888945
0.87607740003170198
0.37735231386967677
0.70482965074364667
0.37204223720290142
0.7589549711152257
0.89268260785342157
0.71955360842880012
0.15064480130396884
0.95910510495240731
0.13546384134512335
0.45068297245202704
0.42152079965883704
0.35356372868224395
0.71559109109227403
0.64466024435990832
0.92787903791391568
0.42335628963524102
0.38319087870377522
0.82160799328063683
0.25970512072966528
0.49494031577142739
0.13615378822459925
0.58218829169343411
0.43581193860947709
0.58593759092574993
0.55935710782575465
0.015938065297955571
0.2499647998453681
0.16534940473646045
0.11062696581871843
0.24635899748587398
0.62663512425155421
0.50583251300016496
0.87974889309650661
0.38290241694793087
0.65284680431731312
0.14816548975403193
0.15972446879772356
0.050239556082887923
0.6883618930759221
0.17932014772301727
0.21798867056793689
0.78196644715330443
0.095016296395696795
0.36212299088397448
0.16652482677205052
0.84872021065210879
0.32532350008303274
0.26353306999387116
0.21620603586660586
0.79475919924857186
0.24418692992486246
0.92696890530268972
0.1833359926978452
0.58593759092575004
0.22952913325054972
0.89200488598729977
0.026657014634145933
0.76605292462036645
0.25606439502017764
0.55935710782575465
0.39503629704325521
0.64999940348307761
0.51210206805501057
0.9113948912090527
0.44122639013501175
0.11362152650888072
0.72129905750684498
0.96087820563794135
0.66020079538601117
0.27803636970073087
0.33227735793432234
0.80155411725517212
0.2992591785152991
0.35990125880261647
0.055826547564830332
0.27619155931451328
0.91162671351459146
0.98205765095781483
0.8964585797040987
0.45237529911050189
0.07214078695929857
0.68234124354223935
0.80561900185482394
0.94828946218916788
0.43986935471070443
0.50493951372010315
0.46538731912030007
0.046556803597936222
0.295132312957397
0.13235393655744862
0.87363387302870132
0.79854258825988755
0.75793695592615129
0.47207147002910121
0.69166293940100232
0.86130824683449669
0.8502804889558897
0.61680827371392954
0.11484650923233969
0.98924779460954326
0.86215710481108232
0.56946117156201903
0.56725019328161885
0.51322499879738204
0.73508133729858338
0.060974105828669474
0.44867767662413327
0.79302278082647404
0.67773106971330566
0.38088699961915362
0.65604975792142706
0.42570825462685247
0.12382796229950353
0.28747665217713159
0.5745901481142548
0.3752604940673645
0.095016296395696795
0.19536081523090723
0.39827853201901331
0.16642233956144545
0.86083575227637088
0.88433649264657732
0.80433815485241356
0.29925917851529904
0.22184797295460626
0.9881003515765836
0.7485039569890688
0.22282121775381997
0.39161523201525855
0.92794880642432331
0.078178094941393203
0.58828362985990568
0.98416910603542718
0.56411238260431329
0.49284065755230277
0.82604799452087174
0.43757802288850411
0.0045683116102862645
0.18267080916819992
0.53200742581483929
0.69284105739486401
0.26837783475019916
0.19582910180142762
0.51682509570343238
0.83843037174179835
0.63303576628580893
0.049745214739115945
0.17758282782106427
0.60169226169106804
0.11657329196178527
0.068619880962162594
0.64727050182195489
0.44688748264943612
0.68493958323151893
0.89545769717535995
0.15363756246317639
0.34146908453370628
0.021281951667017872
0.69684317810529106
0.1267238869272381
0.62616119892646216
0.87126181837582473
0.81807058372046348
0.21811644808850386
0.27268119176268352
0.93879010996913659
0.56643621897085694
0.52156547868422098
0.30499111538726797
0.59851135220485108
0.18776502483424287
0.8299394752347844
0.0092244973214916856
0.42909570345590309
0.58523418223285151
0.86997690460567467
0.038322633999156905
0.093979755040878937
0.39278611339263031
0.12583286597149532
0.9887884774731881
0.75078412381130744
0.94244579454745381
0.24635899748587398
0.74484668272483301
0.65581252023412451
0.90180263236808889
0.054608107843428212
0.069092821896267115
0.3752604940673645
0.007985853870713518
0.060320900869315137
0.954503377601156
0.22314638313533916
0.3317522930051619
0.38947420265958083
0.75283246103657475
0.60511201167565076
0.14895693964604736
0.37119331173468495
0.18355816324961854
0.74083431380730169
0.34829410604101418
0.55472938382548087
0.34120154313288603
0.75737097005834164
0.060699400309417943
0.26695478501689385
0.52779855392906128
0.98199488615422326
0.037515858148800499
0.54229555766013771
0.38957136507028811
0.11369544156964254
0.069282823134124774
0.38753410318834119
0.078897012397252123
0.15292047548977808
0.94489668350758116
0.81963407150209422
0.33685182610901326
0.012069267395690659
0.91093036511952008
0.89208970682076738
0.64205010273598129
0.52654967831699517
0.96854543242203528
0.71045112398564547
0.074087968868565654
0.3106342049752886
0.13392242956593306
0.05835868507642604
0.56353184671158285
0.12555049848588132
0.33968815918417283
0.78196644715330443
0.34802297453148612
0.69260546981843274
0.73554245162206744
0.7984347817043419
0.092829520139847965
0.820466086178125
0.90693472229608563
0.79084631877444211
0.023440597476916833
0.59321677139178575
0.759294091121687
0.98448595295024821
0.14013543613725774
0.43872287143238542
0.03515101491798537
0.99548705032162177
0.77876279758778622
0.0012725808707438823
0.83792936034096377
0.75078412381130744
0.11897493888256877
0.48700509556029647
0.45779169325479419
0.89836455140155214
0.95071404408778704
0.45248118009812222
0.040519502137743843
0.20068184361191682
0.007985853870713518
0.059965406162529995
0.71337316625229596
0.94622009848791699
0.38705001665018346
0.033811798520256259
0.65177905637886557
0.48590762347552285
0.2409221047585729
0.1538292651421406
0.93619912576623288
0.1783411842449176
0.19216598067296325
0.23462968125891825
0.3228278570795905
0.19384517705428631
0.34173676796633923
0.86766922559736903
0.35456908174424812
0.56759913842622911
0.77920542112147839
0.59957132233165988
0.12153701795135639
0.42827311412753483
0.65237225448282721
0.23133110557302855
0.99987964306416277
0.94974038731062582
0.45907098595701445
0.67572004575838063
0.37270337185052554
0.81166682751217567
0.4130158735852173
0.022508126495555669
0.15913144758402717
0.54953748817126891
0.77776603840784131
0.93891816714491783
0.29779789720283867
0.096766410045488901
0.22432008938701703
0.15201623195058364
0.7406046614830144
0.90976392005523232
0.031263488490960077
0.30113389876237362
0.45576990903261538
0.26561188370825961
0.63635621387980801
0.53314707299153874
0.94213539058638318
0.37859185786094124
0.82891838119542471
0.91918424314528757
0.52961708306676691
0.77843067595659798
0.12470668465806853
0.47066604789715294
0.61160607580660942
0.50929917723392237
0.50215323808588574
0.7407194926184163
0.3802166794922619
0.71489096401464902
0.36519245836442371
0.55011359727648634
0.063016195503097089
0.98812451905397114
0.84930604180980862
0.56911191390621185
0.05984039428459282
0.91369984590484332
0.23059563229409408
0.20068184361191682
0.55045935606487795
0.95900242969592564
0.34227256082858132
0.53166570555173287
0.60204587811034371
0.082525710391354812
0.6039324250143846
0.15834363554783709
0.005663350681559513
0.17559144301486243
0.27450850594958698
0.11638450765084207
0.86478448005094677
0.78053187524335932
0.85086398956916298
0.51344970568539394
0.28913877467895815
0.2439775184075034
0.26397749121968767
0.26457093408661342
0.8106101972958375
0.76728703959413302
0.73865102360235113
0.87715688558775473
0.47120635130016542
0.79182653693674121
0.27078743218507983
0.59027934715163655
0.74507558025219067
0.86478448005094677
0.60629196744136427
0.34316681067713212
0.5814859155612242
0.0040375494136347606
0.87345206717764712
0.58664118712298552
0.82056999723231372
0.36500595011201364
0.69225205452674698
0.59957132233165988
0.36743537840775348
0.23287486046095035
0.39278611339263031
0.66541703373112449
0.017889690325593753
0.66375764096453771
0.75215008864447519
0.68009587293986473
0.55646340843140607
0.91116277499117115
0.99116408242650167
0.49030435112844717
0.88293322376935723
0.61243331159172387
0.15083333857615155
0.76121368558581193
0.54884641507013154
0.11668669066151956
0.23564677257461389
0.77831993949238654
0.39278611339263031
0.46067267517329624
0.47662603578094087
0.13916381560484212
0.40830125144349116
0.058013760777167397
0.80101734991751405
0.37592527171505241
0.93737209372467689
0.35356372868224395
0.15154213518822296
0.1049480631202598
0.27063635836955552
0.32878771874393647
0.55045935606487795
0.60605594722342215
0.96972193473917234
0.02424682192492391
0.50137427019913605
0.39798311760881894
0.11443690616118014
0.03399662942090774
0.43053736642786006
0.31881163694355397
0.49328235790526032
0.80827899044319995
0.18528750726007068
0.3466694382561199
0.7679595211910446
0.71943718477789931
0.083028135719610166
0.43156878222402606
0.23639482612980528
0.81723489163891516
0.20062208205145116
0.66932704791647746
0.34004383891003453
0.65759171738735789
0.10536231802588091
0.57249047155453425
0.12095055518745369
0.42040135872021844
0.89935247277881514
0.65616837551801932
0.19355480971571182
0.86702006726446479
0.3258415109087513
0.5595887983259078
0.8797488930965065
0.49372423616743899
0.51795220215298365
0.0065674973717063326
0.4907450215220116
0.082804498372026844
0.25476330910920381
0.88196418159885903
0.56469308880228564
0.26286749991082498
0.71045112398564547
0.21926912921939751
0.48492088079137807
0.81156124979118349
0.13481974441068731
0.94306391059168648
0.79972731892907667
0.71757339907386153
0.43809820561479773
0.43622713453155904
0.048169338925075494
0.64015195737053165
0.041341513461253046
0.69472509399783944
0.75078412381130755
0.72141535980007587
0.050009481502475542
0.53234922648264316
0.35530143518302415
0.11492111989526237
0.22107180589792907
0.41857323699379134
0.887725659189468
0.79961970287650497
0.75578462384761047
0.24819220652450699
0.75453658871594653
0.79084631877444211
0.091814205917230135
0.32878771874393647
0.37897377356300993
0.82450350370764935
0.5124388414308374
0.69413646085885627
0.42315212133164726
0.44720312253152839
0.95037160079255134
0.11413981495282868
0.097894931249803904
0.79008301744874765
0.55773607806621217
0.56946117156201914
0.43022821062308503
0.55542279369463621
0.49019421169257871
0.37402789418092264
0.76739915294374039
0.64703320398978481
0.94361714318774959
0.9375017146458311
0.34209390010573448
0.21926912921939751
0.4300221757990349
0.91740073918027765
0.23659916211592488
0.86692722349319373
0.10919145348245178
0.68741813754068792
0.8212968076313798
0.62556883527967067
0.8132482043454613
0.82098543909838206
0.65474491173930938
0.19158970807056988
0.99055233625368266
0.45555735895661786
0.33800213348934233
0.44667712207203636
0.67548340081807812
0.96112784298654641
0.95223881785402242
0.64489753746754319
0.59674549918834685
0.044930124363095417
0.5698104870995262
0.60912530927358677
0.85521201219599852
0.60841678707003222
0.25977833478699314
0.85540409005508344
0.38957136507028767
0.56911191390621152
0.34838451462349407
0.79497595133589738
0.89762068115968519
0.54149289431742986
0.68305005288365228
0.91400493881015721
0.19009800541143779
0.45779169325479385
0.31609733618967994
0.56864632746058785
0.46861568351364813
0.76650187732371611
0.87098692868874383
0.76605292462036645
0.80037264925024587
0.18838863152025762
0.5162619110428861
0.4239691313736782
0.59462777492189767
0.55449830681035372
0.35010526029154865
0.40104213204127376
0.37897377356300993
0.7925880132755152
0.890728963435236
0.24939651369666407
0.90422449911306646
0.52213094325697085
0.92947495615005493
0.45258707406871623
0.79019210899968784
0.94770274249836439
0.94151189369238331
0.82615079331751251
0.43934802361811476
0.99782684219451268
0.20845096789384884
0.054915224395568105
0.96366980691173698
0.48120165282882699
0.11153253421603204
0.077176260289135379
0.96716194441280834
0.49704395725726824
0.67690310197396797
0.098154508776054361
0.090687576684956819
0.86997690460567478
0.21544561589295444
0.4055077410642996
0.42591312296184747
0.21148838401602565
0.48964368376567657
0.78438836460102268
0.2171595684992961
0.69837190632029644
0.68458536737070286
0.071722583151147531
0.45343469270906811
0.15421327711637225
0.66269072262989637
0.243002102363677
0.52122631464647018
0.0046050137418585041
0.034494126165373007
0.66031937655386352
0.84998840981120882
0.35292494366852611
0.69660791375863573
0.42253995361790492
0.40630472368948456
0.74163778247821577
0.12327157386529804
0.021473810555955708
0.081446454762895665
0.032543986472969369
0.021740282388335568
0.55924127328807571
0.7775443761498777
0.078417077294844498
0.62438425627500083
0.333153735127865
0.1921082897917315
0.20176001855005773
0.099691858570499406
0.21939750329508481
0.97786986533750464
0.41000285963002581
0.83992999563019599
0.14480740906840589
0.34811333599392491
0.9416368797310164
0.66991928206374718
0.29288423185678181
0.36333016129246504
0.40104213204127376
0.4819662756867702
0.13876799937225065
0.53177960336053498
0.22846651668081244
0.3484749389104812
0.37138185437149823
0.74507558025219067
0.092891373791275461
0.92555733513591198
0.67003772236286574
0.91911031596786352
0.40371794239377212
0.45800478125428801
0.12450650206634641
0.27443218574850131
0.92892193305122028
0.53257713817000329
0.86007841879851665
0.54597000676903129
0.8929362550966915
0.80572562119602065
0.029301467330943388
0.9581237753671259
0.59686319251285691
0.65557527929716741
0.199727387292197
0.34129070781700482
0.74507558025219067
0.25375485197963965
0.10904880461135842
0.64940617099495368
0.40680331083069149
0.26568635538207636
0.74599075055445496
0.027013459668291863
0.83075480239027888
0.80487215788232824
0.51378684124132845
0.37260887803689458
0.94507817778992187
0.41553659353004291
0.90470545236034328
0.083505161587696983
0.53166570555173287
0.096126727325944586
0.59851135220485108
0.60759033355702474
0.94869800823743022
0.24126780805163422
0.62793857087946825
0.61479766369947919
0.96629669417442798
0.99865617244898286
0.87652767610732774
0.82543076179715502
0.65865913193185965
0.71967002459399754
0.37954710333375957
0.50092938087975858
0.49350327482031797
0.0016654885969209958
0.29400670901823378
0.2960189099912382
0.10840890588343864
0.94556057516158265
0.61503416371605502
0.95324057054205868
0.76907925953634704
0.34603899858496773
0.75782378276649054
0.73865102360235113
0.5377144539241332
0.98011506286294148
0.99385136050184031
0.4819662756867702
0.57015986029238186
0.83410331940525106
0.62900518550562257
0.69189859882235549
0.65545665763849248
0.87508433495462201
0.44300439519589274
0.92647642062063174
0.15992255512151846
0.18782164633156948
0.86831707163868876
0.3463090926439622
0.37374381525139383
0.40292399606530016
0.79886590438832561
0.17932014772301708
0.15918079516495662
0.26065812715588332
0.58851834556720628
0.6708667420723371
0.42213212306895054
0.024076363879483285
0.92954392786304174
0.69590200221345055
0.47989220762382223
0.19571194461070421
0.17446945723696086
0.44941591971185813
0.070143694035228799
0.50482793601552556
0.96250889322299504
0.96462113766620361
0.94138676440034652
0.12013363882654488
0.74152303129791863
0.47945610242018255
0.16096589983028231
0.70072208858863105
0.98953973881012081
0.11680018552035609
0.52904854166263848
0.11928297091181718
0.51840331877392165
0.59286412438417557
0.85057234899786982
0.53155181669785589
0.3022791682316977
0.66707608425979492
0.16760413090540255
0.92787903791391568
0.12287548202876078
0.67205086052124285
0.40481114630797627
0.390835838543662
0.19565338740705449
0.51716312462213687
0.54861612013801353
0.70177897227612984
0.36790377249763445
0.5608636040224303
0.87652767610732774
0.86942459898729352
0.0091635963573444019
0.72895788967715092
0.81061019729583772
0.36240133609021818
0.98485522569015194
0.33764790800637862
0.39268845793035712
0.79778758099026492
0.48876342716611099
0.98579464961971197
0.99385136050184031
0.69437192827370842
0.69142726226798512
0.82098543909838206
0.33447127375849828
0.38002529607356744
0.77086804232871597
0.2997474217121408
0.2502493159856804
0.27033440040553802
0.41382152980594367
0.32644658061479065
0.14408011307615221
0.60499403624063075
0.35228692535612149
0.076419487799512159
0.43146557864651752
0.66624660377925637
0.62379204350241668
0.12996856272333598
0.55576959882851884
0.75872883028387172
0.1566804364021058
0.09718422314751389
0.56562257039613151
0.026072732871718803
0.54919191637086606
0.82902058699429215
0.59674549918834652
0.15050352947321571
0.036499875473879416
0.66103083696388598
0.34343539306621546
0.50672618143903048
0.89811687313621524
0.72837893288692479
0.21741440890685981
0.21099006947207027
0.823574564001329
0.99461847465882058
0.39044650048582702
0.88108021312059981
0.082081398210012382
0.74861806962194477
0.38724360617490655
0.3393327322418806
0.42509398482012878
0.4982636600954633
0.56341576005962635
0.53862959167870894
0.29224421993211736
0.40800140210360597
0.2896149574229635
0.34585901453736517
0.90172141462599742
0.41908058818254013
0.078816840405436364
0.7140738326200804
0.97293218193457753
0.8208816090129224
0.88381113699222669
0.25649921579213469
0.12110670438605613
0.98962852601977025
0.51953179177008491
0.83004146656394828
0.56329968026891974
0.50004011717940133
0.58640663434305706
0.47684344793146249
0.61846466162624225
0.74404521323605377
0.039570159017406792
0.72339131026838244
0.31121930234371442
0.69437192827370842
0.79226176474156107
0.76031079068190044
0.90693472229608563
0.29160522863279709
0.52870752614740879
0.30219725947914228
0.37043975567639309
0.0082014241354047539
0.41503173384899589
0.49284065755230277
0.10272900601235947
0.90999779429192662
0.43653867429050852
0.046276490512268252
0.8831969017490704
0.67690310197396797
0.87733640698136317
0.94852313475239414
0.3265330827604026
0.27124103303516411
0.65664283732504003
0.74461774343686804
0.14562935292121601
0.2960189099912382
0.94213539058638318
0.47923812060479642
0.48000126338887161
0.91844346111831199
0.11593251273730136
0.90968589705505676
0.60405036679607782
0.21722325628408393
0.048425894842811859
0.011976674818926355
0.10612552255942082
0.04122314502869822
0.34343539306621546
0.18821838886784847
0.87616751120405612
0.90228927827222483
0.18506361623129416
0.86711288434504907
0.71372353016664025
0.42509398482012878
0.45566362756774004
0.29224421993211736
0.65735450304392018
0.38511743202597781
0.016083997885544387
0.63315433755096073
0.88651417126982524
0.068384511595426231
0.031149444225994256
0.3802166794922619
0.94312552465787614
0.54539532476384345
0.25296463834138871
0.40104213204127376
0.49494031577142727
0.8732701509724381
0.55588521533167112
0.53155181669785589
0.059798776506859018
0.52632273022194087
0.67985944902258
0.27880773801719316
0.13529182433469081
0.18233896368213426
0.24727429201078738
0.045235098255520134
0.1702496339989043
0.31864151480692565
0.31121930234371442
0.32342902800655099
0.98084171986500313
0.97532399140089121
0.58172001884773739
0.12951251907208536
0.56504159384155495
0.47619135473315133
0.84715375605040011
0.45322271029614847
0.95739223166538034
0.9176247312492769
0.36286555492374895
0.68836189307592233
0.43156878222402589
0.94898873819493523
0.0022096661069765425
0.13298789674906195
0.99960288490981586
0.55218919194991112
0.84597489566321993
0.85779656978488195
0.047609315642071881
0.17693493415982334
0.69813677325263734
0.66719457392541115
0.68163230987221968
0.35870155853792546
0.42019800761113579
0.52405529989636701
0.67891362639461517
0.96980803040325858
0.21779711600534046
0.12656147839436907
0.90342037140887199
0.48021941023962555
0.21633298036756143
0.94968278613697332
0.84803564343282045
0.23632674475097026
0.10450090512227836
0.91970079230977198
0.13602419395239615
0.99645503390236889
0.21959017639790263
0.35585135611155333
0.7522638457687274
0.028652428239014927
0.77732265587732496
0.30277095607829074
0.78614509014887968
0.057169563797242959
0.10536231802588099
0.27519610068780676
0.99077974064436103
0.29796000638102593
0.90000859888355067
0.43239490605762892
0.70682220281694408
0.72060108284481594
0.47196328763165529
0.13628348842472249
0.88099165851811423
0.41251280501302889
0.25780705752502953
0.56701759611992752
0.42070649137531346
0.29352526454562777
0.28027771185012867
0.69413646085885639
0.42622053012091904
0.37393318589605468
0.46721535894141553
0.050027145098137882
0.30334543512686535
0.32342902800655099
0.15177902681667593
0.089693143340401668
0.93132498213101655
0.6113697509637761
0.42499165543744777
0.64928752384088395
0.98270846543996337
0.62012155408525382
0.20477954375991017
0.92548639587425785
0.6113697509637761
0.050310543765612614
0.63872845592706118
0.38869744283663249
0.041193602007140409
0.12075561469690195
0.63493305519185217
0.79918906490859176
0.80519234270962614
0.070215868271749471
0.95229478080800378
0.82963337224089739
0.75703123484538593
0.19124462267326253
0.75793695592615129
0.16796519488300768
0.39347011873863547
0.36156671936769746
0.60145653724143067
0.16647357657325434
0.35046824423069078
0.68576595603768975
0.20771247793664097
0.37497581855891005
0.72106642988132097
0.96560429801147607
0.10296597818934923
0.27207411310982271
0.54218086655522368
0.077544006087112233
0.30540353350467875
0.85202834979642239
0.1154445803572291
0.85703269333926713
0.4304343006884746
0.84281461827068704
0.10784287592762039
0.20912976927344584
0.44080859885351886
0.83075480239027899
0.27950332680197643
0.90049938325837386
0.36827876529203879
0.0081757761129155841
0.18250482428031989
0.73888101016074503
0.28253241356402742
0.20157999792379927
0.78152531027446104
0.72664079462889086
0.23294216295543271
0.22833396230157924
0.53360318043164812
0.32171346689201896
0.19343876212864547
0.68198679208368151
0.82336790562817008
0.6324429296590135
0.21449809396198766
0.24741533903301272
0.74530443590891204
0.58148591556122398
0.31983370871617578
0.35037747472484393
0.73069346867947527
0.59415736708766065
0.54149289431742986
0.017089774148634874
0.95190227455550425
0.47978316363924589
0.63706784839549746
0.15918079516495648
0.048374483238928769
0.11855252523776619
0.87661764732411462
0.077913326945372618
0.75952011013569254
0.42223405959693827
0.40880129020915068
0.25512421404587965
0.2689035522589181
0.72095010457551667
0.8537682436161288
0.053058688318674982
0.84062805983144129
0.034934991768944441
0.77097972580762109
0.88477348905069486
0.33044213005661793
0.78405853826998229
0.13624024325115877
0.62509497957889115
0.095490794942910115
0.39946151783500428
0.98384822336900346
0.79062831361744612
0.86149706351518351
0.23449432881351087
0.24161389632653726
0.9790971366594019
0.95728713965493306
0.53817195441480603
0.72872633256012831
0.47651734760472952
0.70307011170413825
0.32446142152749385
0.56794814265401117
0.096478087609071395
0.28605756641098828
0.3403997713641384
0.40371794239377223
0.030990435327771321
0.86997690460567478
0.12778394098672766
0.50616756041539279
0.24635899748587398
0.28834641154398349
0.9569709851139836
0.74781905316846986
0.58664118712298574
0.045347937918721458
0.089933322218074804
0.38724360617490655
0.7182725394587437
0.66209793793524008
0.92384534133347329
0.9158243954193378
0.17330043265483355
0.5776264666418448
0.27726658831837353
0.34847493891048076
0.42376479468271933
0.456195163342344
0.43726607584434285
0.76391756424904877
0.40850122348402879
0.34361452679788795
0.35037747472484393
0.61952975060519977
0.55288160864969882
0.049272768367433266
0.9461005103064446
0.54447625428145585
0.097635961422202114
0.23544307918946014
0.29048944929566356
0.57821083092391412
0.91925813672994872
0.86375474729747115
0.72466865039881845
0.11600773872426479
0.048203473923524753
0.11982369662659598
0.6044042147692128
0.15464625855829991
0.24161389632653726
0.91476536140208886
0.40381725151182657
0.18383618803323701
0.15358966836422666
0.19612224443564291
0.29585756691263659
0.76312968461963271
0.89335839509913084
0.59945353118724221
0.88222881172188072
0.60122082874459859
0.55057462450245864
0.92182318270047781
0.0082788321192698109
0.32584151090875124
0.52575552250705893
0.91874017649050232
0.54827073679499971
0.31331532055919775
0.89013122324741112
0.08224776348991869
0.9721189242153021
0.1576080468323762
0.52428187433590678
0.55103577558814876
0.18439327719329768
0.90123344858784749
0.55715748239253848
0.088027832461158043
0.19349677882776428
0.15643709485568316
0.81261616991955921
0.28020020186965544
0.13379466171038343
0.88824309674562241
0.36138141968909843
0.30996648010525074
0.88616697233122976
0.10661372522528015
0.78229714159442132
0.01399579599930053
0.064471332419788294
0.77843067595659798
0.071404259393745742
0.94398434649510954
0.6960196664084406
0.73773069042715622
0.330878454227365
0.44636168030321488
0.14663934111042248
0.11874436933996298
0.23830732437756955
0.02181349606623852
0.75260504905566705
0.34361452679788795
0.3720422372029013
0.091051614749002099
0.96805852124481684
0.015273512520656587
0.67997766258638548
0.7574841912178627
0.0062607641064548018
0.12909913264340894
0.40860123123999553
0.39985631816603506
0.87463182810850304
0.13947234039036366
0.88616697233122976
0.21626950069074249
0.96620484919939464
0.24460617016817582
0.26988193753948159
0.25003590555883343
0.8023048499109916
0.67773106971330599
0.74048982041476652
0.61846466162624225
0.18607287929349825
0.30359187996202608
0.73254257785760002
0.25282116586279835
0.059074726286195652
0.57774332786368088
0.10972784531207409
0.32471987801422986
0.56550636164134993
0.60110298050227762
0.70236593754096832
0.68316817550130426
0.067915965535910228
0.85434642410638262
0.83823003515074346
0.6451348314450609
0.49804179796715331
0.96112784298654641
0.53018585148471753
0.5095231737021485
0.94651843634960375
0.70857888379646494
0.36193750497677285
0.090778464559198954
0.45163449607716322
0.10279666324024042
0.68458536737070286
0.2435591124182738
0.90422449911306646
0.89869435523258712
0.46291981636096247
0.50661443639633807
0.84330999589565658
0.2748903445849516
0.98205765095781483
0.60074945991379725
0.37383849291894578
0.66648360751742097
0.27557865237659435
0.89984475435727118
0.39611524993994707
0.42121532823009455
0.56992693843551556
0.14394409224073487
0.21926912921939751
0.78152531027446104
0.6125515005510811
0.58371078251822395
0.71594105979021205
0.20122034658200075
0.53440170832815248
0.65154177406273051
0.3720422372029013
0.59945353118724221
0.018004877101871812
0.72606099816029324
0.93341769609810543
0.57762646664184458
0.83146707867687963
0.63208724382386716
0.40830125144349094
0.55935710782575454
0.40680331083069149
0.89959875373716336
0.10446657792390705
0.14849094732314949
0.65854053450887462
0.37157045842969871
0.91559800644930378
0.34031076456038789
0.40960210509810474
0.7208337716253399
0.38098282032966152
0.50181933065896311
0.50315553507093624
0.67784933899309263
0.23408863790480092
0.58980963823721155
0.048597630342638011
0.47727841528263526
0.73080910432062596
0.91836919848766951
0.48656596919900474
0.013290908811216081
0.54263968065321055
0.47347894452548112
0.63611901026227247
0.69778403529255195
0.26598439963551723
0.39376348720868071
0.37859185786094124
0.57470685482912098
0.46184905633308282
0.28237648772756707
0.56248731453365941
0.33447127375849856
0.71126971181344656
0.29001221464497601
0.86692722349319384
0.83278704999254127
0.35585135611155333
0.31155399488388785
0.82543076179715491
0.54218086655522391
0.86045729170911012
0.84793775188466169
0.57412338192691559
0.063872396791353939
0.67855889140432746
0.58980963823721155
0.13163859472059147
0.57914611446663322
0.081804792751591887
0.42040135872021828
0.46872348702034417
0.11536967311314412
0.48273147092452173
0.2024212070752833
0.53428760650144991
0.80561900185482405
0.29481039273534432
0.10876399721159885
0.58172001884773772
0.040577711197743928
0.99829897194538053
0.65154177406273051
0.031446771197815797
0.29104694836304229
0.46991013599798359
0.45853772442188245
0.59509825528968152
0.57727591801884581
0.22275622972597364
0.32128557201374291
0.33543973482437667
0.068126450130602104
0.60016033996443763
0.74507558025219067
0.4982636600954633
0.096478087609071395
0.89795159950761094
0.99098335448407981
0.21449809396198766
0.35256026786731931
0.58207121521998262
0.19954883697383269
0.47738718689285686
0.76829558283082022
0.84989100147046404
0.32948361413806171
0.87336112286298095
0.44227180705995883
0.44216720509702578
0.69425419691779555
0.55472938382548076
0.32282785707959044
0.2546190564629261
0.28645123938935502
0.75499058327790647
0.71372353016664025
0.75123962513434828
0.75669139232406746
0.43301507592951743
0.13780450478587691
0.6709851644053183
0.9025321761113172
0.95133845365003278
0.48645621623765389
0.0085219426387995525
0.69284105739486401
0.45715273577770521
0.98384822336900346
0.85347881793576508
0.90677632063606395
0.9898701747002181
0.89595869044577825
0.40850122348402879
0.067519990675877536
0.94176172247783096
0.84587650264662062
0.71325636468381148
0.37289240546877783
0.24293254555600158
0.37868731396682731
0.5341735134672122
0.3734598741240171
0.32480606200315004
0.76638965876527498
0.23462968125891825
0.23885596076658386
0.84498989937695634
0.22787049880367385
0.28433013294566162
0.69413646085885639
0.64964346468015655
0.14349147982774887
0.34847493891048076
0.98546742598578474
0.40960210509810491
0.065548719863957813
0.031446771197815797
0.15382926514214065
0.82963337224089739
0.059074726286195603
0.36734174585975277
0.34388334558461253
0.46850789230664569
0.00049008006938689244
0.58828362985990557
0.19431050330514629
0.15599988334326167
0.70787637790613456
0.028779034409542738
0.5326911073652012
0.3947423488049005
0.26658124459137761
0.74255542875553782
0.98677406134578372
0.031389387780915781
0.62841260475842065
0.22734173398416063
0.91680195876074766
0.20937704587380762
0.1286868855077419
0.73531191307331722
0.43820228277404949
0.17282407461990731
0.22497425473622343
0.25591957985775377
0.55311247499098215
0.015215474955799325
0.079891840149249521
0.72953663235880817
0.14797978618363053
0.23106344798148298
0.0049543249424224755
0.587579603705779
0.10678856108970174
0.76986227835104737
0.035638395460152732
0.23803337448748324
0.39386130645752149
0.40441341313080648
0.1885021967065032
0.38079119407774981
0.56063175749663019
0.79421702623531742
0.27298511086993871
0.85357531797355635
0.67903186520483794
0.020747099248700204
0.23632674475097046
0.33455923645964675
0.18523151364350976
0.29264410777153121
0.46388457344761602
0.89579181523846507
0.68009587293986473
0.84420020217745062
0.86093030289003925
0.35603478795679822
0.26051133817830535
0.55519162733045979
0.030708376460025499
0.69660791375863573
0.032096195987734388
0.95439433533531637
0.34558915647404581
0.14102375614720652
0.60747228264162845
0.24530614068910506
0.67536507421379488
0.60511201167565098
0.067079907906605951
0.28993273132426284
0.24875838033032083
0.64774509735418073
0.7276839044767518
0.3802166794922619
0.28066550004475205
0.0083438736193811557
0.0080613091829292733
0.36175208113412777
0.83055110005907906
0.54735006245560336
0.028874332710811045
0.27071188737391971
0.95235070729995286
0.1850076782331109
0.70693935780843087
0.038878732866356222
0.10141751551386359
0.58101777561338919
0.68033228396732848
0.46099335491486726
0.87526514307172143
0.019304627730495648
0.63991470007483064
0.021425693412560242
0.57237388141371348
0.36912340045361908
0.66565406265041949
0.81482525611002743
0.022092184996597191
0.60334277310839646
0.058358685076426095
0.49052466380631954
0.61361533836773607
0.94633954209195603
0.039215977657695758
0.48393507267201685
0.46485034362533784
0.53531483861611384
0.48744440488640794
0.43560442232517027
0.13038434902062687
0.37659079756163433
0.38947420265958083
0.087088656264884975
0.60346069585726636
0.72304277765009572
0.42111353263121093
0.58945740807693592
0.11608300728669754
0.24189104423857047
0.63339148393613098
0.52882118885906193
0.099988660786052369
0.59251151942500413
0.16760413090540247
0.41533460678574335
0.49693314061441796
0.93016310963288462
0.80444499155665983
0.28519288677704407
0.22275622972597353
0.56829720574042453
0.75112576658918129
0.62391048186834319
0.79605870303493176
0.78647403291415907
0.11752122323946482
0.062192003888904036
0.40163583270066766
0.43799414198851216
0.10022004643246601
0.49582557632462321
0.65427040011751858
0.28993273132426284
0.1202112332020443
0.45237529911050189
0.14979885400160195
0.58652390815123512
0.88169929256467772
0.80241202655472499
0.70553310054994856
0.016960866372883614
0.61361533836773607
0.56202325774364748
0.30326331878575963
0.83136538997460341
0.13680334972051267
0.58746228374948362
0.24432661485591942
0.67323473837912828
0.92218623660530863
0.44552108439598159
0.2008014099818467
0.27911672981350361
0.88763931607766378
0.034556788043327083
0.83571821577968608
0.47423766169894799
0.59356946019885282
0.30722291590472478
0.68623808554780119
0.68600202845943581
0.07967579295725026
0.73865102360235113
0.87345206717764712
0.52462180649622625
0.75759740039837453
0.52054824549685541
0.41261338999193969
0.39415485344714407
0.67583836407041109
0.82738273780453053
0.076549487467453881
0.73473540407504145
0.53155181669785589
0.13197481039062323
0.77831993949238665
0.85846362849417934
0.82264395302238813
0.79983491757723035
0.49926257661835582
0.94428935942001158
0.49571488023627674
0.70729078627281006
0.55854641654000992
0.4003501498593765
0.62912370667020312
0.55103577558814876
0.19355480971571182
0.7179230021212647
0.64940617099495368
0.37072222395158955
0.47640867136798215
0.98087435296354475
0.65628699226806486
0.029538905762060901
0.4918474841086321
0.1279477044702034
0.44962696431423743
0.70998321700975375
0.97943992264334756
0.62426580955251465
0.066872356789794252
0.52235719584235385
0.012610221053309426
0.41624399690510872
0.65427040011751858
0.32051636488595336
0.067450330375150261
0.37964271149590406
0.3899601644662517
0.70963221940091037
0.90945163342724655
0.6456094216570829
0.52825296672960576
0.86646260473126313
0.44983806130279758
0.7061191459845757
0.98775869326772681
0.41341858692013728
0.9049454996516535
0.62509497957889137
0.77120305175116066
0.89968078510693528
0.63457729019457676
0.61243331159172387
0.3449600385062262
0.39044650048582702
0.66932704791647724
0.5298445632409039
0.31038368841601355
0.025472194241593422
0.72791561442371933
0.0012631006986198749
0.44174893111457858
0.61929304652357064
0.37204223720290142
0.45237529911050134
0.24223782587466391
0.19553631577380459
0.7208337716253399
0.38743725582326938
0.4786933728583308
0.82779271013995159
0.5608636040224303
0.46174204952612219
0.73335084335267098
0.98468548835873315
0.93717739630936348
0.78416849574348313
0.58359363532226582
0.097894931249803904
0.15658306150630733
0.94176172247783108
0.24126780805163434
0.15249158383766898
0.35511825311016365
0.71138662681430187
0.38098282032966152
0.1704585883586138
0.043418033181170559
0.054416959664312682
0.24258499292897656
0.67489174051548062
0.89192003501660666
0.90204609692961069
0.055592562745486768
0.84082729999743444
0.81261616991955909
0.83156874565728123
0.068879634451532598
0.48393507267201696
0.066344591861106306
0.84082729999743433
0.87354298390377338
0.81029283971035959
0.89259799830020625
0.93593690877579006
0.97228272785613767
0.26800279576841807
0.97053399000241547
0.32051636488595336
0.56457693398740394
0.14254494345093333
0.54976790843599099
0.53531483861611384
0.59898240819844317
0.3005624376233389
0.63991470007483053
0.68883367331609957
0.27237752585732949
0.41958829373833556
0.97711285540439485
0.31974844840714889
0.60511201167565098
0.05537886544124232
0.37298694526986564
0.099297333537410506
0.59215895676291497
0.36128879313635426
0.29537392066281692
0.85636297342376544
0.25203318163213712
0.1276612372486369
0.79378298760931254
0.24023185248848064
0.33429539589405799
0.5405760651098328
0.62758306382858353
0.75385524865824849
0.98601018325529033
0.48360667832073079
0.58078373909287517
0.91799738304375078
0.1049480631202598
0.26029127241515315
0.072958886092859526
0.79821911691011405
0.73173387225798747
0.36193750497677285
0.68186863474726933
0.1049136066616464
0.54321338412489872
0.41979147509464027
0.6067640509322334
0.54023239247526
0.056890669387566081
0.74987258646526112
0.55357429846204598
0.14276982466132371
0.86459749280322151
0.77164953918488322
0.98243137956333149
0.56876271435811421
0.42745141290401439
0.81282692476114704
0.22740777665848255
0.72791561442371933
0.13426365672560261
0.065593963750640166
0.40960210509810491
0.95838330174641351
0.95675948340113759
0.32800605188069643
0.95537045283415711
0.30705719813785864
0.72071743104402786
0.21292629137352889
0.40660383234304642
0.29136586999595737
0.38059962851024631
0.90406392724729612
0.42192829225106454
0.63315433755096051
0.97053399000241547
0.73346627365490846
0.69942974903401156
0.62083179841350367
0.77086804232871609
0.38012098019040513
0.1016518177893007
0.029986217053574325
0.84439776771694752
0.37811480561483868
0.63730506750199623
0.31762212118179983
0.35805665549019444
0.2350361051751908
0.33491124570679615
0.38405708024225027
0.46099335491486748
0.37687625180654694
0.38079119407774936
0.063147235653135639
0.20912976927344584
0.44846686817013059
0.18289231578504619
0.39719599602774402
0.52066123300294065
0.41261338999193981
0.94281709507597333
0.90725114036478605
0.14227548512353189
0.29991029716707152
0.048821724568378966
0.68505764775600397
0.091295028598120831
0.73704003730769907
0.90414422905041958
0.32506470944321286
0.86366097756507021
0.8013394631637949
0.15315918928617356
0.95019988802362265
0.74907441106422645
0.47282908657363065
0.22327655442965494
0.45555735895661809
0.68965912926763195
0.54930709914790099
0.87957089899733365
0.13815420129729339
0.94428935942001158
0.016379676282085327
0.39621342553457473
0.34992386241761164
0.92857516676751606
0.25167563016747757
0.15196876583012764
0.042512211374276951
0.35274257446913448
0.8029476430476441
0.40351936802625443
0.21123910898517601
0.26643193878004751
0.96485668513739153
0.77610216244924568
0.59698089019368328
0.53041342222116428
0.21067910111229896
0.22425475564769795
0.011087278866467067
0.49405576139908736
0.21792480415290846
0.95874510062005625
0.37706663089299147
0.47804006624983808
0.79540925410675722
0.42591312296184747
0.73346627365490846
0.091722396034736947
0.083533298181409324
0.83983018046996827
0.78262769999241133
0.40690307188176722
0.47716965557629243
0.39229798514331349
0.94544019235170496
0.9285057095943331
0.20098086768652146
0.34191530248253238
0.56376404056659535
0.042194041499463236
0.79019210899968795
0.70729078627281006
0.66387617968651291
0.36342312905404534
0.59251151942500435
0.68552986838097496
0.20163999035385741
0.1002862434373144
0.4956041951419512
0.3537463794504076
0.56794814265401117
0.4122111363302528
0.29320462059728436
0.13336952549326395
0.69531360830617017
0.32948361413806171
0.28307865487297285
0.48887341958128516
0.1129949424584991
0.0085687001294597453
0.90999779429192662
0.50639097755566476
0.40054778553541287
0.074189090503352553
0.20386988013780036
0.42468475121674099
0.29739290359437159
0.34892729587474947
0.42315212133164726
0.22418943695606933
0.71056808460101939
0.23159900643526984
0.35640183888882404
0.92498886103266043
0.433635739505843
0.79789549072583477
0.32145668217637619
0.36156671936769752
0.26613351630859694
0.85212522030643478
0.5304134222211645
0.1729298378001794
0.66043795647439241
0.29682658291948316
0.40800140210360603
0.40770168329655038
0.73346627365490846
0.15102207578509638
0.2658353459955225
0.55553838800212141
0.42253995361790492
0.69378322458926478
0.81387954675999508
0.97517122536649203
0.76414255792408114
0.14412547769461234
0.66968239489973191
0.96761205376238202
0.48371613150965864
0.42591312296184747
0.78064231665498307
0.81597898399889868
0.96541827156130655
0.86347335945208303
0.34075595649056267
0.77698996693993427
0.67536507421379466
0.62627967742157575
0.89579181523846507
0.89687430901561704
0.38560001341261668
0.70001725599054354
0.29642254696332937
0.47499696908265632
0.20715999242121028
0.36846635416086893
0.57295689415374407
0.92906039695909093
0.20758960106753693
0.58922261264259168
0.18217322731951452
0.19718051423402519
0.60936151033066044
0.94188642189462357
0.62177892325330009
0.12668326790684858
0.35447760786255728
0.25476330910920375
0.75487710211080339
0.929198722149435
0.043170638890698061
0.17393727325600147
0.97095613689267934
0.30581635084174852
0.53314707299153841
0.43591571717637245
0.044770375353636239
0.8591294380995852
0.73531191307331722
0.03992730546815098
0.29877151005034902
0.3349992876255633
0.3079694362621086
0.34379372356509502
0.40640441202658789
0.83782909014732931
0.26688004539747606
0.12303378609666876
0.85674582199776539
0.93050588211290308
0.74048982041476652
0.57447344745804352
0.34218322258016409
0.17040632974926942
0.30236109295232189
0.71605770188496232
0.27950332680197648
0.77521344154855309
0.51874175861669736
0.9184434611183121
0.49881850538171857
0.10188659755348585
0.90139622949857112
0.9842847892635247
0.97974545438176652
0.095332395807230255
0.41523363484648823
0.36453995017267066
0.18206280540411213
0.84172273950076515
0.81880077089114256
0.61515241802822862
0.32342902800655099
0.88293322376935723
0.79778758099026503
0.18725606094805319
0.46517249156344365
0.75317349341452799
0.71430733326988705
0.23267304439165853
0.20538780303914939
0.77243036221085837
0.55519162733045979
0.41150774626364134
0.13546384134512335
0.098545016939887528
0.631257359139209
0.27603823746216793
0.11970764770249108
0.69013072589388935
0.067380735228526001
0.63754229026575682
0.24300210236367689
0.39552650767351316
0.46700010955647853
0.92305410251499909
0.66458737812575297
0.035189265533823032
0.47347894452548134
0.82830469814065977
0.9707032829390263
0.074113237618853578
0.87117021574637288
0.12307338974313453
0.58101777561338908
0.96734242534625969
0.35814873778230272
0.58687576052123591
0.36017848596459612
0.25181860402941109
0.49438738634768264
0.93593690877579006
0.51558641528354765
0.77131469418749166
0.39533037890100847
0.22120101727852975
0.058318008771412175
0.31205651255870698
0.41190959709040542
0.37564027535562033
0.53189351011724539
0.79951206943384268
0.091203680644724755
0.65877772826839176
0.71535774341336555
0.33473520939617102
0.14900360708287358
0.83782909014732931
0.97555207222989804
0.73358169486732761
0.47814892104423334
0.00018408064403634469
0.023624377676631891
0.024022769714633456
0.89310520196488064
0.62533190346797052
0.57412338192691581
0.94471486470325416
0.72025199267208706
0.019159948040749216
0.028265336184716969
0.86074117583818355
0.80176870075457507
0.5036012762773282
0.58734496888471321
0.44962696431423765
0.60157439747690877
0.88293322376935723
0.39513430948580203
0.4452060795451801
0.68175047400605526
0.37792409128457188
0.54034694161272601
0.74370157087831013
0.066184719439705691
0.74381612865194446
0.13184864296070931
0.96801403830321686
0.74530443590891204
0.44646681434110802
0.54999835988076073
0.023171761752767275
0.47055802382056666
0.15182644275419513
0.36696736995478124
0.25375485197963976
0.80273344985293404
0.23159900643527009
0.94616032246747173
0.95504639624579313
0.20709867819716388
0.15746127507638352
0.75021449620518033
0.15512855298118733
0.21342826291742928
0.90430473742489448
0.5861721022533628
0.38860041532524164
0.69942974903401156
0.98100454114809865
0.24875838033032077
0.4580047812542879
0.87426932300738658
0.42060476636236516
0.5581990852615879
0.38386448524704986
0.0015002159817307731
0.46549475156411113
0.13533481099460057
0.59603943124750947
0.65616837551801965
0.53212135044629216
0.60416831235552348
0.32939657161563807
0.69307662676022996
0.08205369999781191
0.52326258631194289
0.59733400928043801
0.022050991811329811
0.072809520739971462
0.23476509479375082
0.79638319930847956
0.45992486522332299
0.41837039582953678
0.34289837016105557
0.45693985224371603
0.73876602173875994
0.90131485472994899
0.62201572756192647
0.3412907078170046
0.28433013294566162
0.044658863290902545
0.28339114263130971
0.98738573691292442
0.9774391906172728
0.77643519691569385
0.90945163342724655
0.10865736280806648
0.23260580283531429
0.40910148726331774
0.53326108657420113
0.37478611132257217
0.39513430948580203
0.095522502759025352
0.15083333857615155
0.54919191637086617
0.51053166457923638
0.092613320455372988
0.68671015333047292
0.39112799904889578
0.71477425173285236
0.92619424365957082
0.49151662755695413
0.086071682029173507
0.35110406971368452
0.66861629666444422
0.83933076168722121
0.86262778285220931
0.57447344745804352
0.39210283821983516
0.56376404056659557
0.96907159090923189
0.62556883527967067
0.58230537366018753
0.28660882003464516
0.64750779963967953
0.47326227683538757
0.29320462059728436
0.050009481502475542
0.056712037508845674
0.66861629666444422
0.25563013712721705
0.5186289355986603
0.7253649709696578
0.99073866218364248
0.79008301744874765
0.32128557201374297
0.56237128992626428
0.034107979588675362
0.61739978116211802
0.19889525943536582
0.90851166420830831
0.61680827371392977
0.23551096169410354
0.9743988351589199
0.71162043709798817
0.48207555429058035
0.69448965491405135
0.27642166100735427
0.37402789418092275
0.0093766248660069901
0.33411958141824116
0.61018831875770241
0.64335515175029223
0.17072008169402467
0.67027459633621844
0.84192147178571708
0.71173733235480729
0.77898413873176331
0.5709752873502747
0.52032229936029184
0.29642254696332937
0.26007134787375313
0.65842193601089871
0.93091605973881464
0.02815120319270159
0.62734606802663673
0.94056993488786889
0.174576056066408
0.83963048151143715
0.5564634084314064
0.39435062578556734
0.55080518459363392
0.26613351630859694
0.4890934384332577
0.37478611132257217
0.39376348720868054
0.67181405569846298
0.17224333792100593
0.15977397102461333
0.18472819669719448
0.048683708153433418
0.37147614872378854
0.10252626981994861
0.88686089993552963
0.57564072563114888
0.26695478501689385
0.73415866410872921
0.74564764064577838
0.00079441019102491741
0.025406275924936505
0.49460852496924712
0.89844704886567595
0.52360226406179156
0.95712922709842285
0.28929743851616907
0.029023162156620669
0.81869651826060685
0.40920158189676936
0.33306602604369773
0.17377788116365689
0.53679986511537381
0.49660075629295031
0.0070479073183514762
0.06650481457902381
0.37754284539672051
0.10706882254349641
0.12354949653884931
0.76975045898309724
0.021659205726673673
0.49328235790526032
0.6756017246702708
0.70271804988777276
0.17176939772536151
0.7749911189864167
0.74736223446910777
0.66743154747994371
0.15282507813845214
0.6520163369830998
0.87867922421350075
0.53177960336053498
0.050097856852667114
0.10626480809118961
0.17420319652227287
0.14053458633533117
0.14627138532798153
0.2342238071473734
0.33473520939617085
0.33676345168086402
0.57657497924345136
0.17992058644597403
0.75203632019572697
0.31230798687546568
0.041773242567072821
0.65984504451365178
0.66197937668846996
0.19553631577380468
0.62746456503079195
0.20691482314624496
0.1936709140656846
0.85328574349481356
0.65723589442562202
0.62793857087946825
0.31113566911550777
0.20393042273430323
0.5731901425559689
0.83217829059197279
0.85396106992453791
0.82830469814065977
0.04446829633907181
0.39376348720868054
0.22321146127084257
0.84548269343509752
0.85076680045373554
0.110302541462014
0.74873217135972103
0.11627136507848819
0.79171768905246176
0.91680195876074766
0.7761021624492459
0.97682037943210465
0.66909013924056615
0.41241223440780705
0.90772480313557224
0.36110358661119263
0.086855263924614678
0.2289309340821111
0.038116007742533639
0.54884641507013154
0.17266553067362506
0.9291295768975153
0.070529400090818387
0.57622458955790323
0.078231145488576584
0.56248731453365941
0.33968815918417272
0.13218532044587003
0.60357862243189531
0.23381848254591833
0.87390637466978682
0.55472938382548076
0.39200528713378935
0.49926257661835594
0.79106425901090927
0.33227735793432228
0.63623761156553904
0.78020046173812541
0.31779186067859644
0.76784747405538245
0.9887651861970006
0.54988313026470459
0.19004082247268977
0.18478406521698576
0.057670699467495312
0.07905757618793359
0.99808003052404071
0.13155465615527442
9.7805687545235578e-05
0.4603521092352526
0.15937831426266755
0.9157489656135317
0.43002217579903468
0.10161831681924123
0.47088213266896628
0.58793159403354944
0.63351005903490054
0.47456300697836518
0.042088475526094571
0.037570052228509614
0.051495227088448919
0.48832357103905033
0.83095841822841432
0.66245361310619433
0.17807003568947077
0.16367506449987193
0.36360911105305904
0.24713330700019751
0.78504760143031271
0.51592411865386179
0.90709299556579137
0.57424006435582076
0.76706277330763417
0.35192268785565478
0.04446829633907181
0.66980083957209635
0.26973124298192674
0.90725114036478605
0.010641839658835485
0.97207788321607391
0.59215895676291497
0.67003772236286596
0.19670960045942626
0.22133028856072337
0.88841533903416359
0.9928077494549542
0.2680777720021269
0.96615887197285122
0.24840440528684773
0.49405576139908713
0.32205606950978155
0.37402789418092275
0.50941117033875916
0.77343327959424801
0.17650409351896307
0.9101535480491908
0.8537682436161288
0.86196865143417922
0.39122541576921988
0.72594501412448498
0.23612259244540734
0.61219694293749027
0.7049469070652834
0.30244303364106884
0.44059978379877485
0.049464746085105579
0.70974922499477655
0.12149784374009527
0.61621683415325412
0.51941890079122788
0.93328369847286075
0.60405036679607815
0.47034201231037576
0.88416149034303304
0.69472509399783933
0.40223006175677556
0.57004339616926603
0.10626480809118972
0.5002623686189458
0.98661825049026353
0.020538272214698051
0.069092821896267115
0.77510228736303766
0.96959251920839529
0.99088191760195266
0.38695324443965118
0.23435903744663364
0.11936008724868438
0.33035491285004709
0.64015195737053165
0.31643573073676384
0.48568826675904253
0.44846686817013026
0.70717364954925443
0.83491147797868837
0.64015195737053165
0.85501983419304417
0.6569986743529701
0.64798239487661857
0.44018231501583238
0.015390219213942067
0.78328840711899139
0.013214708621369179
0.56713389140176973
0.19547780134045201
0.4272461265715618
0.35310737545581705
0.62248936332465821
0.95563949446814656
0.66980083957209635
0.78482791755862846
0.65094856137264046
0.75544439108564732
0.050080170305022154
0.70048716584473658
0.67252444120111687
0.85893933451024362
0.18305859089249044
0.65225361578547059
0.27199829947366033
0.99917266064557697
0.38637292703926812
0.51479878791395906
0.25146128616286628
0.12559080309096837
0.078897012397252123
0.58605484398980856
0.038613658471719686
0.70048716584473647
0.84340900136730912
0.48667573361736671
0.97663643314056958
0.54838585669181872
0.62817558435693877
0.22932959708621495
0.23429141466423381
0.071747122619231746
0.62485806369522767
0.91293480916262604
0.1781784541591192
0.29033030731920578
0.8864274155936398
0.65723589442562225
0.73565770690278964
0.50270996347688901
0.93043739724234431
0.75793695592615129
0.447940077093546
0.17087713800179388
0.32983194305581809
0.28747665217713159
0.66209793793524008
0.31474631027846267
0.71489096401464902
0.76436750037487067
0.26264592625763911
0.24078393120107569
0.12446649896989279
0.66731306166937276
0.54263968065321033
0.984023751463737
0.92334230275739648
0.80774791308333893
0.78405853826998229
0.028959290355098942
0.16261699050775877
0.2782676135413561
0.41190959709040531
0.43177523066827572
0.42991917911131056
0.86914808114249165
0.71780647505567918
0.23012856085914482
0.013547943033757694
0.18041308874213749
0.61278788768473547
0.39415485344714413
0.34892729587474969
0.5309825069977222
0.29312449948706748
0.37185347965183468
0.1358515662611105
0.95563949446814656
0.8299394752347844
0.78504760143031282
0.4594978240346389
0.3311404392174831
0.81838364063866875
0.22392831263610974
0.28035523771604587
0.9165017687593815
0.84666298123203965
0.64798239487661857
0.27245341859839245
0.8365235256349719
0.40163583270066766
0.80838515032147407
0.062798344878658277
0.96880916578794973
0.86055194554128933
0.016145176687308214
0.45470767332508222
0.60405036679607782
0.86618351401775051
0.0010689015680311912
0.40431401633747543
0.73069346867947549
0.41695209912051795
0.27321321639041163
0.22635290719256243
0.88781197274396606
0.54447625428145541
0.7657160730670074
0.92527337231115547
0.41837039582953656
0.94416746227010651
0.0051950462708289322
0.76751125307877799
0.75237759155460004
0.77942664464307687
0.20925337824304746
0.73715517001576458
0.50315553507093613
0.2986902878476565
0.50360127627732787
0.58711035446582738
0.30424976881356691
0.84311191485750725
0.82707503635156432
0.26905389935090041
0.88442395016335551
0.58980963823721178
0.30763748976003802
0.16683260501066963
0.85931943934776733
0.054512457011389348
0.94770274249836439
0.98442864393157581
0.057751252626645842
0.93737209372467689
0.55276618685487455
0.31601277742896289
0.58851834556720628
0.31516806716775347
0.045785614410631982
0.32644658061479065
0.88996017120647652
0.30162434531228327
0.29272413318427493
0.34460088887434437
0.79713976300118428
0.12255940390948436
0.60912530927358677
0.58664118712298574
0.57085877873704161
0.70154414749416372
0.39946151783500411
0.8299394752347844
0.66458737812575297
0.40770168329655054
0.3068915442432717
0.16478970516546418
0.35256026786731931
0.58324222609186549
0.31348343293403597
0.32957067254389222
0.049850766975987781
0.77820918842497766
0.83632233243304244
0.63019047001932571
0.40780157505722714
0.70764215970130318
0.96823608912805548
0.0039907642453880336
0.00014993488555841041
0.058379032942318533
0.43084664643040294
0.5536897731986089
0.93328369847286075
0.82512186325181569
0.09792734518420447
0.97882039681020094
0.66589108449204404
0.052336006303538206
0.23052886224829619
0.31004988983799425
0.68257752726711951
0.082358841452884621
0.3275723487497687
0.56876271435811432
0.74198197562855417
0.25476330910920381
0.15942772624144608
0.51536132924415856
0.98267781375121377
0.25919306142462806
0.77343327959424801
0.040085394894004443
0.19871731269603457
0.21055481671243381
0.24030080848307953
0.25963192235621874
0.075309668720655185
0.90025413162720991
0.63801674642052042
0.3812703734557728
0.76952677972794103
0.13995834748080629
0.95251826798115302
0.60782644584067258
0.33951041411164579
0.98024842637593379
0.03019564961767952
0.051277942317392064
0.10279666324024046
0.046325844157063444
0.49682233490222938
0.80209044339299274
0.22282121775381997
0.32420310827076665
0.82769024884158382
0.076445471825556624
0.16843037399367464
0.42899283128225746
0.99055233625368266
0.24847516924856111
0.014973997632117087
0.97091408499159915
0.32713904301968905
0.97236441352717029
0.39946151783500411
0.66233505615567945
0.22986199686228734
0.71419058638561306
0.0074207120103054304
0.69566665919925552
0.54815562479252256
0.67926833347290039
0.24460617016817576
0.38656630599389941
0.52462180649622625
0.79008301744874765
0.8960420820544549
0.51659979227621156
0.56063175749663019
0.062127355848687435
0.28771366812623267
0.76986227835104726
0.52348902869338354
0.78306823223500133
0.8322798051251119
0.64643995992820225
0.33702862244045739
0.61255150055108099
0.58207121521998251
0.51457384102408232
0.44300439519589307
0.96452666279569044
0.069592584018804124
0.50104058714441424
0.20697609356142635
0.44122639013501175
0.48273147092452173
0.69060225426228072
0.082109104800055219
0.75646477121355271
0.58453096297870355
0.96872140005999985
0.31121930234371442
0.83541585605659385
0.57412338192691581
0.9113948912090527
0.24798014742247915
0.079460270427015048
0.21130140565886868
0.23294216295543271
0.55472938382548087
0.060995283874617723
0.86785445856791199
0.2778052686842824
0.68541181887024205
0.084694228051812481
0.5558852153316709
0.34956125490634105
0.67903186520483816
0.02136968532643092
0.4453110678993385
0.15804905383933759
0.0088475433003987209
0.78953731803026206
0.71313955633856352
0.18804827232098006
0.45152871910611658
0.3973926877171417
0.85425012289906643
0.5007070005163754
0.60782644584067258
0.79778758099026503
0.3617520811341276
0.070215868271749415
0.98648752029095788
0.80636495440156475
0.017748364352830018
0.0079546145938445088
0.8222298143923088
0.66233505615567945
0.3851174320259777
0.28755564156550145
0.20110057827736275
0.66980083957209668
0.24904183984218956
0.51930601950135125
0.7961668853958721
0.011852749362995947
0.34865583459360838
0.99610757403253403
0.58136887223290745
0.001220270142397511
0.94752601986802287
0.77776603840784131
0.86534480830845362
0.85741483432093046
0.79670754293934598
0.67051146139753748
0.91270465720942773
0.90414422905041947
0.72153165439595479
0.21582555873692338
0.16327131015947
0.37431211086406446
0.32034560523236977
0.5162619110428861
0.59910018268842635
0.70600194881877287
0.50829170195024331
0.31239184356943289
0.5785615190574358
0.92871397721900384
0.89149532850529511
0.43913958556599275
0.91400493881015721
0.28810901328555072
0.044850184185289979
0.97682037943210465
0.37859185786094124
0.4788022987536209
0.08037987002387581
0.5761078048613244
0.77097972580762109
0.57050929091389646
0.086564308807787621
0.28027771185012873
0.48601731907064161
0.0051805792684052792
0.2976358518737407
0.52088723685761806
0.81314291324746779
0.43924379784645329
0.55843063223630085
0.30424976881356691
0.156631742573212
0.73957073592609057
0.061249943709454704
0.87153646251339478
0.66837936295281808
0.41060442477019093
0.20611963566343364
0.93527889293293009
0.9583314697086398
0.67264283026719784
0.91062002894416927
0.09744213218337068
0.93132498213101655
0.90827594455451977
0.13017631272618019
0.64525347873248184
0.58335935710020648
0.85636297342376544
0.8222298143923088
0.72814729059618633
0.64964346468015655
0.043620005409103449
0.88249318260577614
0.71955360842880023
0.23748621089857941
0.7036567681709236
0.36305135097742153
0.25620927272472616
0.7793160402479089
0.93619912576623288
0.030775850863680981
0.83106019367735406
0.73761560547408533
0.64940617099495346
0.20104071576862534
0.68257752726711929
0.25999807107158507
0.87208501276128347
0.26650658380373887
0.91293480916262604
0.14613360456710878
0.70729078627281006
0.82748526265973121
0.39749105574454907
0.062516163538424971
0.43301507592951743
0.28723977957543856
0.76447995235600885
0.75601138686373348
0.67074831745214869
0.81702577068334303
0.041998185021095619
0.67903186520483794
0.42060476636236516
0.44289969966158715
0.34173676796633923
0.93220666753892689
0.62521344052792693
0.1137324148558768
0.23639482612980528
0.57225729749345933
0.60794450718944337
0.12708996516652396
0.95133845365003278
0.030462151887346911
0.11736910432708403
0.8884153390341637
0.099757747255044646
0.5115409813409687
0.035291456737454319
0.36734174585975271
0.32835330046742178
0.093015190956345944
0.87921456964563693
0.33262771849193573
0.32965774683252969
0.6902486144162252
0.1496582552254121
0.91077526219212079
0.32248468113294571
0.62829409369740463
0.10951301196002505
0.17537727126558117
0.48931350261070206
0.50605586749818787
0.63196868463254008
0.81650262315560984
0.85865398746981259
0.64869428540220553
0.21588893447917101
0.87162795593309161
0.46775369865160166
0.035342655892161116
0.72814729059618633
0.65225361578547081
0.28027771185012851
0.040957962889979556
0.91925813672994872
0.017734960036656165
0.71792300212126459
0.33977705541932979
0.98018181385000247
0.75952011013569232
0.87589709383871595
0.062776597545982693
0.84979356883953139
0.26598439963551684
0.66861629666444422
0.29392642839177185
0.92654687885958009
0.84261630402120058
0.49151662755695436
0.3130632716858685
0.93274630452265139
0.98640869404262244
0.0086561887791298409
0.70635352234445847
0.42519632818511005
0.51053166457923649
0.2000252589109347
0.27749735613953708
0.24119863659949467
0.23026193392491515
0.66648360751742097
0.71010020340493774
0.91672696120734543
0.12980256866127679
0.83531502492426168
0.49052466380631987
0.051440826773642874
0.5270036856508451
0.91046466545281357
0.36305135097742208
0.36640626913471891
0.54263968065321033
0.077307417610549378
0.21914081485653364
0.29812217940953217
0.61278788768473524
0.50449326598796618
0.28890089843565214
0.19723944281866618
0.97957606217271154
0.63161301546787696
0.88108021312059981
0.68517570854547261
0.32437530119350982
0.84469393958015038
0.83682514722578483
0.46969427127339924
0.25613682605418642
0.10869289741234417
0.60251742179249435
0.66932704791647746
0.26345905485162679
0.39956019582219521
0.67690310197396775
0.8296333722408975
0.19588770179224985
0.6603193765538633
0.21361674604771469
0.36184478529665126
0.60723619131236206
0.82481277709437928
0.56922832667955592
0.87553614641029065
0.035342655892161116
0.12153701795135637
0.53954527466699376
0.50449326598796662
0.60924340812671529
0.40840123021758307
0.83933076168722121
0.68800801501110342
0.51300033208817553
0.271846719657312
0.0065882788670251881
0.38724360617490655
0.92717945340763297
0.55796756718364537
0.4328082977443255
0.46045895189555086
0.3374708901705088
0.098057095918259035
0.060195213325614866
0.32317128779490883
0.071673526961459358
0.57249047155453447
0.80742904480797006
0.2129889861205328
0.71278909077271213
0.9275296771592082
0.37754284539672001
0.69342994644367884
0.80401753667407605
0.50907522182478149
0.40094323334295978
0.78614509014887957
0.1202112332020443
0.25067655672770572
0.35778050207040157
0.95905378563692012
0.92885264909604859
0.24397751840750326
0.51581154096418613
0.78931892575342255
0.76616518239950693
0.7925880132755152
0.3771618433075079
0.78174590880313277
0.6337472129916556
0.68989493606330288
0.71652419922463451
0.59533352248796834
0.6878900475536307
0.26176104621864182
0.72327514063423104
0.18008463036791136
0.30482625992218887
0.4899739666547106
0.28300057269343704
0.030206710199070987
0.85865398746981259
0.9658360093951982
0.64477889079948347
0.56213926152314109
0.71395707198636194
0.12506771589446322
0.63208724382386738
0.31542131274555923
0.398574079314993
0.22576124177591891
0.7024833139164407
0.17150656679015649
0.81545485499672221
0.71745685018395
0.60475809648241152
0.70893005244465868
0.95925884314288112
0.64810104353803366
0.60499403624063075
0.12153701795135637
0.67855889140432746
0.53748575511363916
0.47608271434519367
0.062733123436752136
0.57739276171076059
0.6293607539306787
0.2265504006676631
0.047339953686166662
0.17303565477275828
0.026539183875895305
0.47380403664800841
0.75793695592615129
0.73807588768098442
0.60617395553035935
0.96959251920839529
0.35925493965702815
0.079245271517841498
0.34451114083426987
0.83521417153629274
0.78746001412180477
0.3659391097878732
0.16161464127158923
0.72582902187248743
0.51154098134096893
0.91814620964459193
0.44667712207203636
0.30664318316283679
0.56771546661510808
0.28842557615946746
0.48163850998377811
0.16161464127158928
0.9647154663121017
0.076679686129754343
0.38338326214584234
0.08180479275159197
0.061143717957538861
0.60039597573252634
0.44688748264943634
0.075772465629760435
0.6559311394896693
0.75691796590948335
0.79410854155380872
0.1914171018314213
0.061783598401257148
0.8681321069360316
0.84920846372444503
0.72490078967569782
0.86319173585929232
0.83843037174179835
0.36987523422850982
0.41000285963002597
0.73991546655916363
0.53121020393590468
0.94705316592162647
0.54792542450103587
0.96072798371652801
0.22042664708136356
0.81775734789077925
0.92218623660530863
0.7607623372123764
0.20630292167643474
0.026558788324524199
0.69095585526578152
0.91903635520627225
0.70811057139249312
0.98510759947136739
0.16978026695495357
0.15064480130396884
0.8291227714097088
0.71687399727052514
0.15913144758402717
0.68812597842555356
0.60499403624063075
0.97309310685869632
0.84558118128221393
0.19676841463865363
0.75294614992224118
0.28771366812623278
0.23578264462572671
0.027023424468763366
0.011325366270143607
0.37393318589605468
0.025727958997591071
0.34298783456783077
0.23680363590441672
0.089184659433765384
0.096766410045488901
0.20338606161961142
0.1633217337463882
0.57984781767314164
0.41664854123793343
0.74930251613828269
0.76526675568459024
0.31272742994908337
0.42560584140081492
0.93105250674595141
0.45683342967626872
0.5466598906030431
0.024156966124908658
0.16755260328897298
0.58875308131510984
0.68423111833644712
0.41442637412329847
0.64477889079948347
0.18918476617298682
0.10385038383403616
0.8804597300201481
0.91239732852759103
0.70154414749416372
0.91911031596786352
0.94904677528043602
0.47934710560930882
0.81555971989916887
0.89124014368481408
0.85855882073463552
0.29481039273534432
0.29128611567230334
0.73807588768098442
0.16418093380728407
0.17975666596123926
0.086477192136458797
0.43487854463765452
0.38724360617490655
0.92605294888174339
0.38261409133031049
0.1579019361550339
0.3337681426554272
0.26051133817830535
0.54114902063957659
0.81744393353447919
0.60322485419487437
0.027668392587888047
0.85703269333926713
0.81208894817185673
0.88108021312059992
0.41958829373833556
0.001201636608267
0.052005516494153012
0.25882777511629051
0.239061952728888
0.042924548611388461
0.35778050207040157
0.65486353789755114
0.49682233490222949
0.9101535480491908
0.99264974927616323
0.54252496471653422
0.97309310685869632
0.75612475068241169
0.52609581924766502
0.5254153095948555
0.92254844209749243
0.7208337716253399
0.37298694526986564
0.98230734764042194
0.88054845624234634
0.76391756424904855
0.3734598741240171
0.14617951921254846
0.21926912921939756
0.39454645757789497
0.93541077858109223
0.99402259326078457
0.81796619163728468
0.99374071618689497
0.18924173820684642
0.26531415454650642
0.78888194895566988
0.14218576236104438
0.16631990509027852
0.53542901925443509
0.25664428117091131
0.4234583948470298
0.69578433313952681
0.67264283026719762
0.52371550887302543
0.9617726151386442
0.40990264931984793
0.73104034925109873
0.70330479133886348
0.24050776876154698
0.79062831361744612
0.115857329307824
0.81356396224704675
0.57447344745804307
0.56074767723562446
0.43945226287715899
0.48788389682907418
0.33685182610901326
0.48404456063480017
0.21012028431105009
0.99523984242020791
0.10075070478086838
0.81942586662098038
0.97240520234153305
0.76638965876527498
0.33289065544712082
0.54011785175495586
0.79800338330055065
0.72594501412448498
0.74713376060503689
0.35631005275387551
0.1286045725969546
0.34612901420731557
0.75328714799335372
0.35319861481688997
0.8184879531201219
0.66837936295281808
0.77176112669962649
0.56608747238748536
0.99977728846003522
0.89098468855792523
0.65474491173930938
0.25411466402799771
0.19015520242599648
0.99882110118767886
0.43218829261370778
0.64193146458202721
0.96889678615519637
0.35621828221935325
0.56806449048739927
0.15239641294442668
0.66766851325394683
0.65889632350700555
0.86497136178749623
0.68375873525964492
0.48832357103905033
0.29698830902260975
0.28637247295050694
0.39083583854366194
0.62023992211870538
0.1670894499081545
0.54562517336836103
0.31702853524293267
0.66079368863682975
0.70201377500852113
0.89803425179313878
0.91544691460858685
0.73899598885467277
0.52258348649407171
0.857128266555095
0.065616596323767803
0.16301938796658677
0.55669473712969619
0.71722373067190281
0.1558058982831968
0.15888490273181388
0.88486080091768593
0.66506147728598197
0.94562071241545831
0.93936524542345634
0.095427407306145767
0.38242194991165945
0.96424236071472025
0.40600574599587108
0.051079504631438739
0.707525041361734
0.68470344302659836
0.398574079314993
0.49063483703721678
0.94151189369238331
0.25217631125303203
0.4982636600954633
0.15918079516495648
0.84132499726641019
0.21192518236001526
0.35466057125069567
0.45619516334234433
0.092767703086276007
0.17623525975220106
0.62710907944092853
0.90598238930445163
0.67808586856272857
0.0096994233851704081
0.18444906240448633
0.4414353662997782
0.76919115975907615
0.17844973924680479
0.93743692192459238
0.081116930927537648
0.94927856049892856
0.96894054183646439
0.84261630402120047
0.78130465168131014
0.11752122323946484
0.14751639220726254
0.9791659726490417
0.45917767641905316
0.98113417903302613
0.40930169099983243
0.37298694526986564
0.36267982087572365
0.49096542423103762
0.12737532440575283
0.72281038313345558
0.15239641294442668
0.21984728298147599
0.21418299393253384
0.55253536605574927
0.77687904174337974
0.46926268888105749
0.79204418361423445
0.056850929018506177
0.6171631701168353
0.98576756099733942
0.49604700146041447
0.14562935292121604
0.87006886075319834
0.94031738707565093
0.085036731363293205
0.48470173141798945
0.37859185786094096
0.35814873778230272
0.67891362639461539
0.22536747693613482
0.67003772236286596
0.28795082743295863
0.1041923175454358
0.17124407064771921
0.56608747238748558
0.79638319930847956
0.54953748817126857
0.50081818533510558
0.90131485472994899
0.2481215046408701
0.89910591177369625
0.61219694293749027
0.0074003209793506467
0.50304412625626793
0.24593743681856695
0.58570310043199658
0.05300277412282714
0.32120004082795789
0.40700284746730192
0.35292494366852623
0.72999947121784192
0.30913326086986531
0.97769103338254026
0.10232388649443683
0.18556768402558688
0.42919858947842549
0.72559701277334021
0.45354070333448526
0.46045895189555086
0.60888912165894271
0.094198784998791821
0.24656998688902171
0.090687576684956861
0.067033735020770063
0.6603193765538633
0.39591894321251669
0.14553783010647428
0.54711997327015327
0.39405698957914187
0.35183166762796614
0.88850141570752261
0.82645906372590572
0.011382350671943637
0.076862299043954155
0.26249828909099049
0.42632302706881464
0.61314249127382037
0.42745141290401423
0.53885846145549454
0.43674643541561742
0.61917469823273863
0.49904051935981597
0.63208724382386716
0.72281038313345558
0.18156658935171827
0.020013586300415116
0.51266340747079631
0.64525347873248184
0.13038434902062687
0.81984219601225505
0.27695911997634248
0.1560969522659876
0.511092294444915
0.032567715180237544
0.8722676437951935
0.68694616382768137
0.23591857785819317
0.069831713867446119
0.39093321043381618
0.37053389639792012
0.19966785613533011
0.275961600317012
0.46753832572025489
0.8378290901473292
0.21493985593468432
0.58934000788645047
0.93685219157279753
0.55854641654000992
0.43094976734758905
0.22999524850875144
0.47727841528263526
0.59980691703101208
0.84390367769826069
0.31030021482470771
0.42366264737407716
0.64774509735418095
0.028884939636199647
0.98843583631967946
0.070215868271749415
0.2898532639420347
0.36827876529203896
0.13702046002116328
0.046046814037933224
0.3917127234063924
0.44657196159873336
0.78526722341164423
0.19553631577380462
0.59745172429288895
0.43053736642786006
0.84666298123203965
0.92555733513591198
0.60334277310839646
0.99766763813774195
0.73023083858957472
0.06260286542657835
0.11604536768242349
0.41261338999193969
0.13486260222275159
0.88686089993552963
0.19960833936315284
0.43768203234519643
0.91544691460858685
0.16951997386978837
0.77809842276859575
0.49295106594177629
0.32214175998237721
0.83903083653345389
0.51659979227621133
0.81942586662098038
0.83772879734843508
0.29958461011914667
0.36865400465996634
0.88772565918946789
0.72895788967715092
0.50918719439385751
0.7563514428712701
0.80380370131043544
0.082609258378437439
0.18156658935171827
0.58183707878830893
0.10682355848189179
0.44018231501583249
0.37364915289519407
0.72617697396655467
0.39965888854147091
0.45121146633655618
0.9791659726490417
0.58793159403354922
0.82973542805915124
0.85115541030203012
0.92087527935150515
0.085840725336095602
0.46056580720974039
0.13964890291418086
0.91672696120734543
0.26073154518806962
0.097894931249803793
0.058318008771412175
0.23974959110414212
0.19107227054424472
0.18013933911516786
0.48843351802979118
0.86739117531286924
0.65071127377240556
0.56504159384155495
0.56981048709952598
0.068879634451532598
0.57961389383446593
0.56736650175117842
0.43084664643040282
0.81103307656473411
0.89470414250796071
0.87308812451439977
0.10266138804476373
0.64418566110657249
0.94318710278999773
0.34684970541500593
0.54505061250124709
0.65889632350700544
0.94465418633823617
0.3275723487497687
0.1736716871789345
0.94740802365545906
0.59415736708766065
0.10876399721159899
0.096734336571332249
0.64999940348307772
0.47608271434519367
0.53931630300790179
0.73968565596522673
0.67962301231248556
0.47217966457076754
0.48777400674218807
0.25433073854540056
0.33245250648954611
0.61018831875770241
0.81702577068334314
0.024820183599692784
0.086448170648361231
0.82264395302238835
0.53280508545201166
0.47207147002910099
0.69425419691779533
0.6146794180150621
0.45216357610118652
0.88416149034303304
0.63635621387980801
0.17282407461990731
0.76683845433211917
0.43394625618882543
0.49306148546752337
0.082609258378437439
1.8880498452351855e-05
0.74186725465722569
0.58535140391170648
0.12951251907208536
0.24446636160048246
0.45640786750613205
0.66837936295281786
0.2704098661899822
0.5940397765320139
0.29820328986803196
0.28066550004475205
0.14223061770240161
0.55623210910629939
0.42233601019993883
0.37583025765672645
0.20218057245540016
0.7934572841155465
0.50081818533510569
0.75997200128304976
0.27726658831837353
0.49804179796715364
0.64311786644119928
0.59662781022950617
0.15277739834696086
0.10450090512227836
0.39405698957914187
0.90574358590628068
0.64311786644119928
0.29120637729246618
0.23300948068792132
0.21888436521846813
0.8350123980494919
0.7792054211214785
0.52904854166263826
0.89192003501660677
0.928227534753714
0.46786140362661766
0.45470767332508222
0.56899550758928241
0.99572547289920443
0.860173175636892
0.22734173398416063
0.30490867967029944
0.13728138229511497
0.19216598067296325
0.18134640714263869
0.77008587649700644
0.42152079965883665
0.22952913325054972
0.14340110312582036
0.12823472684547024
0.59733400928043801
0.91247420989239014
0.45258707406871646
0.96597459809036035
0.92752967715920831
0.22327655442965494
0.5056092003246464
0.74060466148301418
0.043979469581050638
0.73346627365490846
0.47174695928908317
0.62142373398659656
0.20188010453975655
0.35676913940673199
0.56237128992626451
0.85405744579463727
0.60169226169106804
0.043340582019951022
0.23476509479375091
0.09273680827832384
0.43156878222402589
0.021099605797271572
0.8545389517637092
1.8880498452351855e-05
0.42121532823009455
0.98978272864993311
0.38889154285049132
0.26080497891707483
0.37878278528709342
0.82160799328063683
0.23153200840814359
0.3459489986946423
0.6738265833679189
0.70974922499477655
0.56446078595196902
0.54746511898479522
0.47510548964647992
0.23260580283531429
0.67926833347290039
0.18855900033086498
0.15106929134402841
0.82676714486465908
0.25563013712721705
0.82171168112319726
0.84122550394199336
0.46110027343057614
0.73115595851348547
0.026246742511148124
0.38242194991165945
0.5447059731917363
0.8583684107617926
0.7033047913388637
0.66873476043203905
0.14394409224073487
0.90945163342724655
0.39493829944731007
0.065075366847187316
0.24776822794997294
0.37345987412401699
0.3790692905147765
0.93936524542345634
0.48251278541290532
0.84538418191477505
0.22674803004440822
0.68198679208368151
0.0078369714986581858
0.54528041258291271
0.11638450765084189
0.43893120149392684
0.28300057269343709
0.71197110303334776
0.40770168329655054
0.034884342795348112
0.95054298617193056
0.02396038508545616
0.020856167681780311
0.66719457392541104
0.84646650434050319
0.23247136541440624
0.37336525771261653
0.44091302653319564
0.092489978783696108
0.34594899869464246
0.39946151783500411
0.98276966720549819
0.76549144032569749
0.85482755615400641
0.98897368984889633
0.024940072456171952
0.40074548003685123
0.82635632793419023
0.55738889883028087
0.96863348894628742
0.90976392005523232
0.25103301848443715
0.8502804889558897
0.8545389517637092
0.73542718700772158
0.9383407889175045
0.31172143692818521
0.58347649351329944
0.80015760895190202
0.0091279523607959573
0.49405576139908713
0.64276194137181264
0.82532781648478915
0.72617697396655467
0.23173304812110512
0.70529864083214666
0.64620266274369575
0.81534997057181602
0.94483611329203054
0.083786909605813753
0.93547666846124733
0.29136586999595793
0.30080725373919603
0.30236109295232189
0.90748811650516126
0.23899327338462698
0.42909570345590309
0.52813934976686927
0.015769399312385416
0.94537994680358128
0.31923722124759774
0.74129349882418394
0.93593690877579017
0.0025162379014480219
0.087351891606055082
0.0047851835175979377
0.56725019328161885
0.24911274354581636
0.55195844736513189
0.71990283441445091
0.07793976742276644
0.50616756041539279
0.96841307493739037
0.69248766923231608
0.62722757282654218
0.039669860201488182
0.36584572426510681
0.39916557229149485
0.38376821040700426
0.33341695751559286
0.54218086655522368
0.58136887223290767
0.64121964636395412
0.85125250162981148
0.64596536594346865
0.64133828140461979
0.6454907738495228
0.32368691149787682
0.15755911011099399
0.5213393597513678
0.57657497924345102
0.40690307188176722
0.6240289223388733
0.87983784745885518
0.14115741837492224
0.25274945300786306
0.21626950069074222
0.94300226059590497
0.68222309649335644
0.5669013074443825
0.91438556289349227
0.22412413331061423
0.16081650131669084
0.63505164579598516
0.4201980076111359
0.46980219751235308
0.82779271013995159
0.14062341826229033
0.73542718700772158
0.68954121953892744
0.27795932015999902
0.10962038249253718
0.4186746788632047
0.26014464036445317
0.16817180857725963
0.36556566041830418
0.85998363624179475
0.81039864441346365
0.7123217092681724
0.69625498011125786
0.095617682224256276
0.030350843042210574
0.09783013186469694
0.37091061297471206
0.60428626168310795
0.5878142588568428
0.51637452825769392
0.96985102383896704
0.16729516363827149
0.94556057516158265
0.83602037469782964
0.25032048389379596
0.5533433716158771
0.18350259984473227
0.90827594455451977
0.6709851644053183
0.36959318114714501
0.66517999782762116
0.3620302401730342
0.58969222326141446
0.54942228975058605
0.59745172429288917
0.46850789230664602
0.85125250162981159
0.050702626579178123
0.57412338192691559
0.97268971608496657
0.78163561705398266
0.18697379257169319
0.72304277765009572
0.6897770347798946
0.68375873525964515
0.51344970568539372
0.46045895189555086
0.75237759155460004
0.12967819315165188
0.76896734588727989
0.15078618551956066
0.29304439432708529
0.75453658871594653
0.51637452825769392
0.069330397283460549
0.44363284864760799
0.65723589442562202
0.93274630452265139
0.22793666247415428
0.81050443028005803
0.9020460969296108
0.80540570860966298
0.6133789088098246
0.89470414250796082
0.13628348842472229
0.64596536594346876
0.8358189577493973
0.81942586662098038
0.041415653496659148
0.58851834556720661
0.81208894817185673
0.17420319652227279
0.37859185786094124
0.69566665919925574
0.14062341826229033
0.29828441628955948
0.34039977136413846
0.66861629666444422
0.29232416560433577
0.5270036856508451
0.84321096705444532
0.021780927989820887
0.17134902894630696
0.73265807141010009
0.8312636795645344
0.86309780900141542
0.72698857306049436
0.18861581797865054
0.76986227835104737
0.40491061608966517
0.26807777200212723
0.78691240398577422
0.95307443264565272
0.4075019433142727
0.57260706790743787
0.069903597657649322
0.074138514140097991
0.78526722341164412
0.2075281845618005
0.5189674338313448
0.77820918842497777
0.79961970287650486
0.71955360842880012
0.32523722062615679
0.41462810346315149
0.88918896024865135
0.65747311070164005
0.74450325816703278
0.20326525199508294
0.2741270633424735
0.64074511188052274
0.49604700146041414
0.52032229936029184
0.28315675295605597
0.24982263505502031
0.96424236071472025
0.68635610831119798
0.073333510075270517
0.34675956397369795
0.93891816714491783
0.62260777786087917
0.048254718183924551
0.21481356416125463
0.77109139561981965
0.21620603586660603
0.75567122467805259
0.81198344656917465
0.74289937875467982
0.94717159665409167
0.64572806961595453
0.50739687002204725
0.44091302653319597
0.60735423522349752
0.59145395932286005
0.52269664607809119
0.86960880910454563
0.77109139561981954
0.73150273332758164
0.96941945722289191
0.76851955731015931
0.90968589705505676
0.8182793082354074
0.7281472905961861
0.09233600701038977
0.49328235790526032
0.92555733513591198
0.086071682029173507
0.11901340499454406
0.42981619624447326
0.29828441628955948
0.76155206628554439
0.66648360751742097
0.2501781636278842
0.14142506759273199
0.96265516033497367
0.44931041706587638
0.059777977519017984
0.7679595211910446
0.16744958774876606
0.31949276310498276
0.45396487519577611
0.43115605053521266
0.80058761958704538
0.267927835314482
0.11536967311314412
0.70201377500852102
0.3939591405818042
0.71185422100426488
0.034808497559779251
0.053489164095962806
0.16423159270271884
0.83034731134757067
0.50896325953290589
0.78888194895566999
0.7583895280760532
0.45237529911050145
0.71068503873899802
0.49239913546988101
0.31483062974781362
0.26316315157120296
0.3571366894265593
0.6140882332310309
0.026101659045123588
0.57050929091389646
0.51300033208817553
0.50048466308034389
0.63185012683571451
0.10181946885356634
0.53931630300790179
0.39210283821983466
0.79324006556100923
0.4144263741232983
0.049150957849318985
0.69366546984358779
0.12071665937725894
0.8722676437951935
0.93949266137474807
0.92961286484703931
0.71337316625229596
0.1723488055415886
0.6636391006596507
0.52711721059935268
0.55230457569579139
0.89478799295209022
0.51401164835356261
0.67134041756249418
0.27642166100735427
0.83075480239027877
0.63291719631977306
0.087762780175078797
0.35907041703968734
0.93421873067436434
0.41979147509464027
0.3095496709182784
0.052133812043572647
0.97804781854559164
0.58523418223285129
0.70893005244465868
0.94006426775160024
0.073534018422406769
0.511092294444915
0.35695288323417868
0.42981619624447326
0.011666903321514776
0.13854851823705677
0.84420020217745062
0.59368703238022791
0.39591894321251675
0.75465010481589823
0.5470049406290487
0.77298767770389354
0.25635421297938887
0.87043641404706795
0.21405705752204385
0.57027633079646267
0.40670356431685833
0.30565117600070812
0.62225254094636129
0.31923722124759785
0.84410138415990454
0.11828439680692675
0.065390589290199225
0.47847555658480123
0.4827314709245214
0.68305005288365261
0.59380460916904454
0.23046210738990427
0.5097472111796848
0.76312968461963282
0.92370178651572099
0.96823608912805548
0.16428226469121363
0.39435062578556734
0.35548467971437187
0.36045585301726302
0.77254185306767253
0.084495004607498994
0.32222746638140876
0.59415736708766076
0.98698000580514056
0.34236191485006029
0.77243036221085859
0.28731872118248269
0.50683793688846168
0.45015480493687043
0.82160799328063683
0.93910998585782135
0.20728266469037834
0.051713357009908624
0.96518491662223527
0.060090656157188969
0.46174204952612219
0.77321050654899681
0.40193288121455639
0.074747487073750424
0.015537294071632899
0.017728261475585344
0.95417581237228222
0.46281268381219309
0.65367724571490649
0.04446829633907172
0.46635465846383672
0.92477511794902612
0.0098858837667930213
0.25831703250624305
0.36407433708943648
0.36584572426510659
0.63078317116094218
0.8228508993630822
0.96007321279417013
0.21607915076987039
0.99856504849171468
0.58570310043199703
0.81293227344102026
0.99487315255720299
0.13745556701382472
0.11540712143123211
0.011666903321514776
0.60192800201731766
0.13481974441068728
0.23995618230063467
0.1070337545566913
0.19233913819438717
0.71419058638561284
0.02165111376647556
0.6323243663476924
0.83044921649381509
0.78405853826998229
0.14062341826229019
0.27911672981350361
0.87876851931003608
0.92836669138914085
0.35319861481688997
0.69707842253297547
0.28898017458221492
0.95417581237228222
0.14380818088833808
0.90661779066625636
0.31779186067859649
0.60853486561277104
0.45630150901047661
0.41020332358750905
0.99256099209073578
0.21336546476678328
0.59180643664621235
0.66126798002495923
0.39112799904889589
0.53657130411937648
0.15411719825183584
0.092922314346547963
0.58793159403354944
0.54665989060304332
0.48109246782188686
0.1648913505910666
0.29521283290276179
0.34066688652400723
0.86328563656246571
0.73034650921392719
0.52280981515862823
0.16657609015996153
0.92661730268292175
0.54815562479252278
0.82243692466091045
0.10784287592762053
0.67086674207233687
0.026844584676122725
0.44363284864760799
0.91178109830628584
0.37507069510969859
0.021707817430289055
0.59239399382569657
0.58054972496839152
0.035573908974914518
0.98132760532969454
0.33148997473762482
0.49173718739144257
0.13715086796115222
0.058115015324733815
0.15196876583012756
0.012933888562026001
0.25620927272472604
0.0021728833616116942
0.0059277613266936462
0.58488254880524493
0.028473962434973101
0.027760240485513982
0.0095534265393151744
0.5002623686189458
0.56341576005962635
0.071575505513538737
0.11540712143123211
0.94525934744076368
0.53371722939701682
0.19390329311504051
0.27071188737391988
0.30088889104459798
0.59380460916904454
0.71745685018395022
0.0052407680827787437
0.42878712849553119
0.204172738268105
0.63351005903490054
0.3258415109087513
0.47153067958233486
0.39025192119061519
0.76042369584268477
0.20362785484609913
0.40800140210360597
0.57144138493931851
0.4635628750195061
0.90131485472994899
0.74106392629082918
0.67962301231248556
0.76582836994002768
0.61361533836773585
0.67536507421379488
0.93023173374050261
0.88590626496720315
0.64537212620431172
0.5085155132615129
0.018278681610714467
0.94031738707565093
0.19659201497599729
0.22873180716431749
0.55831485514083412
0.0048428687239026593
0.44931041706587671
0.92463245142667749
0.43695425086789674
0.85836841076179271
0.53417351346721242
0.85173759078277411
0.92327030377574981
0.19291725002044044
0.57715908018756368
0.35851722267550779
0.79106425901090915
0.85588384586651012
0.99010814914828882
0.2236022456269027
0.36996928268978041
0.71967002459399754
0.50616756041539301
0.92591151665330429
0.60782644584067258
0.71955360842880023
0.1770427803100163
0.49151662755695413
0.75906802329678036
0.19659201497599729
0.89192003501660666
0.94580090752585244
0.53828635092641941
0.18250482428031989
0.51783944741681553
0.3802166794922619
0.33755939117896994
0.8409268855528369
0.88746654122919366
0.74975859443900039
0.18344705028580494
0.090113832077470798
0.38165398986959431
0.29925917851529904
0.98180577297889038
0.94525934744076368
0.85931943934776722
0.6642317862386623
0.82676714486465908
0.61196058670190356
0.58488254880524493
0.28300057269343709
0.5900444829103999
0.56457693398740394
0.87272374124552976
0.074189090503352553
0.18085180239049287
0.54459110966866675
0.080488683723839563
0.88178761765704761
0.85028048895588981
0.70974922499477633
0.1621652896756334
0.72408816122467146
0.37973833485292413
0.69507821694297522
0.60581994146048801
0.97133297727242462
0.94645884108848888
0.12551020507715061
0.79454238017940704
0.7718727004485797
0.85076680045373554
0.31247571622396081
0.35621828221935325
0.89013122324741112
0.14947096435033039
0.47369566053547318
0.84301283931867654
0.46603210024924469
0.25339543000288395
0.043216925808575453
0.84202080317159433
0.84744793416776432
0.58910522235444662
0.075540747956267709
0.2944887277977965
0.65664283732503992
0.36221575710812981
0.8136691763691497
0.62391048186834319
0.81973814381066279
0.12672388692723793
0.77765521453779218
0.29232416560433583
0.52054824549685508
0.98579464961971197
0.25210473865329552
0.14040142839873912
0.90906054587673379
0.67335311247442919
0.64003332838980131
0.20605856948149756
0.26830279538964935
0.42458247779677982
0.20320486892373613
0.26740355390508092
0.98190048315741829
0.77209580659247556
0.88363578613731164
0.54195150922894519
0.25606439502017758
0.22972880590828926
0.5217916358701411
0.95981972955080919
0.36379515500984716
0.94441111250369547
0.76851955731015931
0.98180577297889038
0.53794318704382316
0.13745556701382472
0.95638794648117031
0.84626993220575275
0.72837893288692479
0.65047398486433039
0.79171768905246165
0.77153793791850811
0.14089020209289771
0.22081356279155459
0.33201475407665815
0.86571783152953696
0.89394811737582813
0.74679096947636159
0.62580577493113299
0.023094258235174647
0.75623810268957303
0.89918812987369323
0.97971164542481648
0.88433649264657743
0.68399493404737277
0.46356287501950633
0.43633096752241363
0.34182602733560119
0.30490867967029944
0.6960196664084406
0.98841207703850342
0.065255324566777517
0.37232548859912168
0.3126435094139704
0.73473540407504145
0.91665193035003645
0.66683909921052775
0.74701950759269509
0.26807777200212723
0.11759734708974767
0.42111353263121093
0.23327890402565132
0.7342740304981511
0.2826884030012517
0.88634063053724055
0.23052886224829619
0.5254153095948555
0.029409171538972982
0.55276618685487433
0.11447409001150752
0.72071743104402786
0.30466146833255586
0.035483810352962317
0.088886752564365248
0.4597113192580653
0.23591857785819317
0.1670380545121665
0.90701387498475583
0.7287263325601282
0.31197271970875279
0.17082477253543077
0.94082191086587175
0.057932873183457176
0.64121964636395412
0.74060466148301407
0.86720567472196319
0.69907718166206856
0.40920158189676936
0.6680239471208913
0.085696658716632984
0.88677426189863362
0.57144138493931829
0.8026263265400233
0.19118715785180249
0.81660729204853788
0.47880229875362124
0.0072848293373744301
0.40510959941888192
0.53794318704382316
0.5517277333746603
0.74209668650283789
0.76189033463848443
0.25599197962170034
0.80316176490536062
0.059239514637671506
0.77008587649700644
0.96679923304353232
0.21747815620929931
0.0032567022886239891
0.47858445880034295
0.1198624013363364
0.78383857730487083
0.065934197543773582
0.56736650175117886
0.9925074007918312
0.44321382631541051
0.49074502152201172
0.68623808554780119
0.78548678338840283
0.37025152035245845
0.278807738017193
0.024921592645320529
0.53143793680591955
0.59380460916904454
0.15653439319920731
0.85722381446624685
0.5105316645792366
0.85540409005508344
0.019678251345006163
0.15913144758402742
0.7842784378585872
0.87992677334665259
0.68706416318461194
0.37289240546877755
0.52564210887965257
0.37649567665678629
0.28253241356402742
0.16448508361862177
0.94799655548405737
0.10570862865090687
0.33862263692635103
0.63185012683571451
0.3972943344773765
0.14160374116361532
0.83359750200141858
0.22301627192813295
0.30334543512686535
0.94000089865995928
0.12056094728505121
0.025153518285305015
0.48032850131494198
0.83369870957270842
0.3704397556763932
0.045251202324447258
0.354569081744248
0.27496675984252772
0.88555824487824808
0.78559654008937074
0.14138042930422709
0.96602072131161931
0.077071478585909181
0.91131755178059826
0.8645974928032214
0.56969404216968922
0.97961001011603033
0.73173387225798725
0.80551236432126405
0.93949266137474807
0.46452830787606325
0.28448685406311119
0.50762051590783652
0.40510959941888192
0.48689529680343913
0.16637111573449617
0.55472938382548076
0.73346627365490846
0.94044373244096591
0.018354666212600363
0.29408700559767176
0.43695425086789685
0.9556931930848217
0.79886590438832561
0.75555781375275199
0.72756803687132732
0.47347894452548134
0.25686199656771813
0.71442407325982726
0.41908058818253996
0.6883618930759221
0.16775879316543654
0.45237529911050156
0.21123910898517601
0.59721629858683956
0.13151270416302688
0.15541853881446849
0.01252811109705918
0.42448021837586286
0.56306754130388126
0.3876309655777469
0.73750051094280367
0.110050788095216
0.45747215701029353
0.74117871755811771
0.27443218574850126
0.22846651668081244
0.84911086144448666
0.95461227370529189
0.34540932978244032
0.11277451759552283
0.26323710379975784
0.4326015744440897
0.37062805249021996
0.42868429788940804
0.72826311598347482
0.47034201231037576
0.055262620437395917
0.96270384282630295
0.89894138233295673
0.76751125307877799
0.076783988503676404
0.707525041361734
0.021513986040197598
0.68269566391871617
0.51581154096418591
0.92752967715920831
0.47088213266896639
0.79670754293934598
0.42060476636236516
0.047440799445081561
0.18935572441677773
0.83014343636853605
0.0070008682114581664
0.42499165543744777
0.16322089962486325
0.58582034307015718
0.84479261642707704
0.26065812715588332
0.58570310043199703
0.3161819109010886
0.9351468661412049
0.35146774334243253
0.16111541492273898
0.74358700280193113
0.07418909050335265
0.48437309398560746
0.43022821062308558
0.48689529680343913
0.32214175998237676
0.34721042839654248
0.43456765885335513
0.94489668350758116
0.61739978116211813
0.062559500813699029
0.52405529989636723
0.41594073839632767
0.69860701881194842
0.63113880993139593
0.26124591097538746
0.33747089017050891
0.88590626496720315
0.069759896964801366
0.029108529783050868
0.31255960483886736
0.95412109030165759
0.88953201874150278
0.29917786052659007
0.17014523687570449
0.93678704432023541
0.55750461797296014
0.1123713819429728
0.3463090926439622
0.66506147728598175
0.16002167572132467
0.13134501141076205
0.4373700446343195
0.94019089883232587
0.67477340033050626
0.7990813620488455
0.097119840406400162
0.70013474146811605
0.31121930234371442
0.29184473077461998
0.087645207848832105
0.89679122468670636
0.59874687178952413
0.94586090033260317
0.33764790800637862
0.052372846116282963
0.65225361578547048
0.64240602003829905
0.79095529701489542
0.2528211658627984
0.3986726245987231
0.52882118885906215
0.63291719631977328
0.14471632635592566
0.6584219360108986
0.17266553067362506
0.57144138493931851
0.34245128464367192
0.41614289646935659
0.5040471867115216
0.22262629870644637
0.49992900760756298
0.40371794239377223
0.37260887803689458
0.263015294291988
0.81335347622091458
0.10522407348396197
0.77654617970041484
0.30565117600070812
0.54172218512999515
0.36865400465996634
0.78218692521094202
0.59603943124750924
0.10812556576842794
0.56039993919431552
0.48788389682907407
0.17388412907375092
0.43022821062308558
0.22016900242782814
0.89047296862789038
0.32965774683252985
0.29176488078186208
0.24727429201078746
0.76346742367626175
0.031816352170222759
0.034008984907804497
0.24523607404111872
0.12583286597149534
0.0088027636758429961
0.14385347251141467
0.35484359713282565
0.77732265587732496
0.47282908657363087
0.53565740668738437
0.36706094078475521
0.91597515543316821
0.18964093586170974
0.83400220004308467
0.089573268282197693
0.84022930366777526
0.31567470189834296
0.46281268381219276
0.55230457569579117
0.99273780635333519
0.94586090033260328
0.64121964636395412
0.78636440096492977
0.2857429145972385
0.0040165115425274114
0.59521588664536984
0.083280374055553455
0.47358729649297293
0.37964271149590406
0.14774793482347506
0.77109139561981965
0.36790377249763467
0.23126416837204461
0.72976806910506686
0.8468593627704154
0.07735993665051516
0.60263531749279742
0.91415728743874602
0.55045935606487795
0.33667509307881038
0.018472685399085718
0.30905002675802323
0.46775369865160188
0.89959875373716325
0.33826796866080744
0.1912446226732625
0.033033664616142773
0.052705476715045656
0.23006189709524105
0.45736567048110155
0.00062434694383703253
0.91054236347408957
0.10636937768136083
0.53725709067017791
0.81545485499672221
0.19960833936315253
0.31575919685363391
0.65818473583580517
0.89861195079207468
0.36165939249065904
0.46893913091360906
0.34856537890088335
0.88398637175954076
0.52394202679704893
0.21323991279467652
0.88161093874088947
0.75793695592615129
0.16317050214041973
0.22016900242782814
0.69872456731012433
0.3525602678673192
0.84022930366777515
0.01284483898930811
0.048288908884449297
0.55519162733045968
0.056850929018506129
0.1421409190972204
0.37081641078032329
0.40351936802625443
0.76919115975907615
0.14989264875222846
0.71838903724090997
0.31787675434451718
0.77809842276859587
0.59827584951978352
0.92211369366464291
0.13925190588489766
0.80369675669816631
0.81061019729583772
0.17569861019137964
0.31966320403537057
0.65581252023412451
0.94006426775160024
0.97023633351803751
0.27588497902504233
0.11555702080514142
0.83278704999254116
0.38328706286570402
0.024174912181991217
0.0032991349805400207
0.063850311435170892
0.16853389301854815
0.17024963399890433
0.62805707674747735
0.8029476430476441
0.62106856560074752
0.35028672089894347
0.73911095780690639
0.52484847485826913
0.1697802669549536
0.79800338330055065
0.30523851835124344
0.1300931783858614
0.77920542112147839
0.33809072939935786
0.21198764106368717
0.50015123751849333
0.74667668439994961
0.24446636160048277
0.21952593709627977
0.042163854815452775
0.4564078675061326
0.38146215134858624
0.74267008893908693
0.61941139731777339
0.033984278118276159
0.23796492536588959
0.4530107796956574
0.71442407325982726
0.051440826773642902
0.72466865039881845
0.64928752384088417
0.97345308677364861
0.02742485604180793
0.2837821102048283
0.85028048895588981
0.94250776770592037
0.94968278613697332
0.54378729322976915
0.76829558283082011
0.39847554878878083
0.16317050214041973
0.9270391224748401
0.92675804705271347
0.14299500853762434
0.62343674113526415
0.91717644665768239
0.48240346013679825
0.3986726245987231
0.87263257667883243
0.58441377832286057
0.70811057139249312
0.39768783615230924
0.91116277499117115
0.36435365850592527
0.41897908958276864
0.084551882781824919
0.26397749121968767
0.63054608613024465
0.31525246640716126
0.097023337112493724
0.8636609775650701
0.74747645529324491
0.40282481864133723
0.60759033355702474
0.6254503683886703
0.63860983565071106
0.94537994680358128
0.28953555379136875
0.062041253625275572
0.057049884948530853
0.99562614592551946
0.95925884314288112
0.084495004607498994
0.52927593092711178
0.79378298760931254
0.62805707674747735
0.16575745745522436
0.89081423512313707
0.073961741612401141
0.9200687465903884
0.71267225545086821
0.74301400835929887
0.42570825462685247
0.10095034041552199
0.93415217117534843
0.64549077384952291
0.4368503363527283
0.96206811495604017
0.10378211581659909
0.32826646448282393
0.19222368569920892
0.77887347549694208
0.70330479133886348
0.47034201231037598
0.91077526219212068
0.77443506473348422
0.62793857087946825
0.70717364954925443
0.31728283353694836
0.9750562766889358
0.1294711290966454
0.44646681434110802
0.95515456134929999
0.19326479714527592
0.78942812991392919
0.2990152724430154
0.80316176490536051
0.37488095729592497
0.28739767871625255
0.78735052361111602
0.37811480561483868
0.5536897731986089
0.75906802329678047
0.26360710086669842
0.0072791004435681364
0.9270391224748401
0.12988554282060152
0.34388334558461253
0.4638845734476158
0.87435999086762317
0.68127779723674542
0.97652564075687787
0.10262759377806639
0.68375873525964492
0.76975045898309746
0.53748575511363916
0.7519225404363632
0.33271534828412969
0.26710431156279124
0.58570310043199703
0.88694750853302573
0.79171768905246154
0.0021437105521647077
0.16843037399367464
0.51154098134096904
0.77421254419127727
0.5493070991479011
0.082860357079134764
0.83541585605659385
0.42192829225106454
0.99943690115973105
0.89462026156421981
0.79929675043555837
0.68493958323151916
0.87517475292726987
0.23625867867818223
0.66814242108444022
0.19176244144250953
0.69966476767957397
0.65427040011751858
0.90090751049730478
0.066826313481442662
0.11832266851380861
0.89158032999042391
0.95910510495240731
0.57097528735027459
0.11740711796228334
0.3466694382561199
0.93328369847286075
0.10395286002457212
0.39591894321251675
0.71056808460101939
0.12876924389987857
0.89902366258983979
0.22023339116178547
0.66719457392541115
0.3891828053154413
0.0471054146069615
0.29925917851529904
0.38840640530468401
0.49438738634768253
0.18289231578504619
0.89310520196488064
0.542524964716534
0.67619330223001095
0.029247753809616538
0.034506650065439119
0.00034489456188811654
0.10071746608677813
0.61420646433617576
0.95644113295976207
0.17182200411054918
0.3058989622153041
0.50750868778306502
0.013408562404992169
0.066436104765171575
0.60676405093223362
0.16936395777849608
0.0072791004435681364
0.25999807107158507
0.53851516956562917
0.7091641334186054
0.92116755094822966
0.65474491173930938
0.74232607790547833
0.58546863084381573
0.12025004672602335
0.74781905316846986
0.17098190903632812
0.58499975467068199
0.13973725586531399
0.32878771874393636
0.7076421597013034
0.26613351630859694
0.3250647094432132
0.2441171106363863
0.75850264092144959
0.694018720109431
0.820466086178125
0.61976646461911433
0.89753787432598964
0.84479261642707715
0.42786215239208603
0.40770168329655071
0.46764600601455864
0.61515241802822862
0.37128757537455537
0.19907333542211561
0.10858632417907324
0.33933273224188065
0.65865913193185965
0.54137826141197865
0.1377608460944304
0.314746310278463
0.66257216860146251
0.56852994705290094
0.29344507963191135
0.58242246111140694
0.79865037756861823
0.74827569909329372
0.85827316755082683
0.6112515932981939
0.35210477529032191
0.55426725970380875
0.20888272726271279
0.80037264925024587
0.32489226190460924
0.14663934111042232
0.78888194895566988
0.37166478348749876
0.45226943111010731
0.29950322827059261
0.17521678466692467
0.57307351527005601
0.42570825462685219
0.085667871330889059
0.35183166762796619
0.7506702205507636
0.97871604299513137
0.29553507225004455
0.64394837113685632
0.23079603357015235
0.1175973470897478
0.78691240398577422
0.50952317370214883
0.59286412438417557
0.41030357722904814
0.41472898960088589
0.072288913309278266
0.64976211118895466
0.87025269168504138
0.40760180604796331
0.10108362478054146
0.25999807107158507
0.41867467886320481
0.2153190869474283
0.60522999080174977
0.95048589409334472
0.80551236432126405
0.25032048389379596
0.24748588580137237
0.64050784819871187
0.86478448005094677
0.060048879677763602
0.27063635836955552
0.89361131535973637
0.83349627241294866
0.48415406017821561
0.81681657078185022
0.064471332419788294
0.81071594544649839
0.38088699961915379
0.33667509307881038
0.25296463834138871
0.04830601259753322
0.21933330879234522
0.040534047143379569
0.2810536854413751
0.42152079965883682
0.26958061161339913
0.90976392005523232
0.87336112286298095
0.75055630614602431
0.77532458152876815
0.95379199084283506
0.55611647047845381
0.023240859364550601
0.74060466148301418
0.069927573793924724
0.901802632368089
0.63671202678134442
0.39542843586881365
0.75396883424804084
0.77743352325831605
0.6240289223388733
0.47391242482560481
0.44018231501583249
0.22295123885336357
0.01212048397692865
0.054416959664312682
0.031619510061973735
0.93308243880784458
0.77120305175116066
0.17661172211803092
0.17124407064771921
0.62201572756192669
0.62663512425155421
0.4932823579052602
0.94616032246747173
0.38966854245856869
0.65023669473803514
0.38889154285049127
0.4782577877016122
0.31205651255870698
0.14223061770240181
0.72466865039881845
0.39161523201525855
0.41847180931485251
0.7943254942429665
0.021377678014671542
0.63054608613024465
0.78493776722362629
0.012834980735163674
0.73911095780690617
0.48492088079137807
0.38840640530468401
0.10108362478054146
0.12980256866127679
0.3806954037074482
0.37964271149590395
0.3025249902979899
0.36258697710753862
0.88564529382232715
0.61243331159172387
0.54723501388152984
0.60322485419487459
0.81973814381066279
0.78119429989618283
0.34424199121281113
0.071355399977937869
0.83460858462487919
0.59016191258957018
0.33210227283163385
0.71056808460101939
0.766614082780402
0.10626480809118974
0.0026380400898297824
0.57914611446663322
0.49671154012648178
0.81240533853079977
0.33464721500578076
0.2350361051751908
0.020630837975104073
0.79757171009386918
0.041208371065745569
0.94250776770592037
0.71815603433596598
0.59251151942500435
0.44846686817013059
0.25526868537036612
0.91285812467877336
0.22386306916016296
0.29529336880449775
0.0013052269132912196
0.96328517780782819
0.71535774341336555
0.56794814265401128
0.31432495225735341
0.063806161548527668
0.97754733450777653
0.92513118519771764
0.068926957903111874
0.93186825687149111
0.076341583412012901
0.16611519429815175
0.62805707674747757
0.21336546476678334
0.18918476617298691
0.95515456134929999
0.71419058638561306
0.88310903801058382
0.71056808460101939
0.10851532630798186
0.42858148114607775
0.92940594971513157
0.64205010273598107
0.18929872428746289
0.43456765885335491
0.3177069829575882
0.64430430652215986
0.52564210887965268
0.3946443957632666
0.56946117156201903
0.62095018082665598
0.36959318114714501
0.63457729019457676
0.82119303842183422
0.02511627434123239
0.051169615977465166
0.61562546373613825
0.13142883474806544
0.12980256866127679
0.80112473859506583
0.90590282013446033
0.1707200816940245
0.98488339939272895
0.0804070610675547
0.49173718739144223
0.95563949446814656
0.57949694044070998
0.29529336880449775
0.27996776723556682
0.16041867477766356
0.59686319251285702
0.22230173379674373
0.10823174204634638
0.8016614178360344
0.96774637628082316
0.93600251605677531
0.3250647094432132
0.12161539928095393
0.17436291244069654
0.17171680474234441
0.47825778770161231
0.97740307219000067
0.42233601019993855
0.44269034866357226
0.10847984265108179
0.54298387800823489
0.32878771874393636
0.80764164211787237
0.19107227054424497
0.12704924470786366
0.26073154518806935
0.83732740037949183
0.80326879904702975
0.73784576578840544
0.011761742584718656
0.028109807481686348
0.2831567529560558
0.18079691508195711
0.72327514063423126
0.39005740174221182
0.39317688423322039
0.90803993449470366
0.95580048059734368
0.27896220216300227
0.25817124705367711
0.064160139029758714
0.39768783615230924
0.4259131229618478
0.058664584048990595
0.78800722958681613
0.66197937668846996
0.70060462990921213
0.12378814819696261
0.56271938451949488
0.39778624852766592
0.97761925434681651
0.17176939772536151
0.9253444144541797
0.36584572426510659
0.46592460566574312
0.75135347246601236
0.16837863438367637
0.68730015005345413
0.94294057467502135
0.69236986413092405
0.75169494704130391
0.42601557806404589
0.26568635538207641
0.11578218841784965
0.47608271434519367
0.89004571216318662
0.13142883474806544
0.042451436965407936
0.096606136823356073
0.85173759078277411
0.43239490605762892
0.72999947121784192
0.83420441668004552
0.56213926152314087
0.80880960404511681
0.078763433078764614
0.93401894663945684
0.43373923137939674
0.15454995181075348
0.38646960899242294
0.28401688163817307
0.21099006947207025
0.23469738038947596
0.20538780303914939
0.69531360830617017
0.57015986029238186
0.8628158716311809
0.20931520472492393
0.10192017654242731
0.37735231386967694
0.54160753555922581
0.89004571216318662
0.31821648845107692
0.75340079110876823
0.86739117531286924
0.45068297245202726
0.2815978124195293
0.38724360617490594
0.35055902941533934
0.57377337123157379
0.82378113984247436
0.19800681721793917
0.60346069585726658
0.24119863659949467
0.10316948055884789
0.85808260474658382
0.98958419354462601
0.61846466162624225
0.062928972882646608
0.74163778247821577
0.77198426041758317
0.54792542450103565
0.12815266375901013
0.78394856545235492
0.65628699226806486
0.27420332018553906
0.29481039273534432
0.82501885535955721
0.22806903520992008
0.90677632063606395
0.31055068349143877
0.21030642431338731
0.65794753149820062
0.80753535268797727
0.43861872666506929
0.72211301145116735
0.84410138415990454
0.42734876278396167
0.81984219601225516
0.78822600486475347
0.97203680617213084
0.81071594544649839
0.95042876563263834
0.34576904611415976
0.36342312905404556
0.93547666846124733
0.50795606240308655
0.24996479984536818
0.08563909258631841
0.4647429859039266
0.93717739630936348
0.042451436965407936
0.27412706334247361
0.45811134439168022
0.87903623459019709
0.61432469837712356
0.022009871060295391
0.30048086418453379
0.44931041706587638
0.57727591801884581
0.21952593709627977
0.9658360093951982
0.45279890094179764
0.86868667847601266
0.34397298336011539
0.27298511086993871
0.80529903473434283
0.60558395022998623
0.053696173602014265
0.66861629666444422
0.53371722939701649
0.76840757674128668
0.97998114523048452
0.1521112018474482
0.88918896024865135
0.85008579384812177
0.54137826141197853
0.88625381611248333
0.97361214474314584
0.31424072851987894
0.84803564343282034
0.91702675150847268
0.96872140005999985
0.2608784283438127
0.86877901290833603
0.48087413298279069
0.32282785707958983
0.99094286840946955
0.49107564244413315
0.94974038731062582
0.19205061305360133
0.096542093408179902
0.90952975373129719
0.8313653899746033
0.80753535268797738
0.39161523201525855
0.38646960899242305
0.48876342716611099
0.30400294072830869
0.70107443218934151
0.63979607243647019
0.9455004018056874
0.11514520584489273
0.94182409010485957
0.63102026219204765
0.90811863676544902
0.65367724571490626
0.5085155132615129
0.46442098757893879
0.83217829059197257
0.820466086178125
0.6779676052802549
0.99765128951548565
0.2361906279101067
0.81597898399889868
0.34102326111761483
0.81166682751217567
0.9686774626779191
0.55773607806621217
0.12835790657193782
0.72176422044264787
0.033033664616142842
0.66221649776150182
0.21882029010960827
0.93717739630936348
0.91962710046164664
0.90237027573301698
0.81461523416776305
0.88424900603580281
0.67051146139753748
0.90843312327423065
0.27934864037029727
0.62521344052792693
0.78756948884565392
0.95895103712974261
0.4758654694534814
0.63777951660065946
0.94038057762058958
0.92456106684893147
0.39064113960960567
0.68812597842555367
0.39513430948580186
0.62331831129073634
0.49615773049636591
0.92138639955382118
0.46861568351364813
0.2960189099912382
0.54976790843599121
0.72455256864956408
0.68753612104667172
0.72606099816029324
0.030317524637354022
0.69813677325263734
0.91799738304375078
0.92225874560944765
0.90827594455451977
0.59004448291040013
0.29432799105622071
0.99996141245757142
0.85950933814822617
0.79171768905246154
0.66589108449204404
0.92153212940817741
0.30755454305343638
0.28097601658275734
0.34120154313288603
0.9829828075297925
0.98097204571529395
0.20435462737349314
0.6176364028680531
0.31745244546710838
0.87957089899733376
0.5868757605212358
0.91077526219212068
0.47488846052891875
0.11563203418448773
0.53052722114066253
0.73150273332758164
0.60936151033066022
0.56480925038841012
0.22004026980932623
0.12450650206634643
0.98587571947350616
0.62864963200027235
0.14462529245444067
0.94019089883232587
0.16216528967563329
0.95178980186428763
0.42488934004042167
0.95499225885893946
0.38386448524704986
0.47445454651509644
0.90811863676544902
0.96201895652762648
0.77543570728948708
0.99718881989147479
0.099988660786052397
0.40163583270066772
0.52938963921486992
0.91962710046164664
0.70412599051880898
0.08665150383370486
0.13155465615527429
0.76818357559287931
0.33385597857074556
0.19135959466115099
0.77030942042878447
0.371004830533045
0.46603210024924457
0.45364672690015739
0.80721637375488631
0.68529376558764632
0.79584228757539643
0.32575513600166889
0.14205126879321425
0.24875838033032083
0.95707651637217717
0.0053631750613970562
0.1504094106592487
0.0011808212698381014
0.12762035863332061
0.85808260474658382
0.5483858566918185
0.40133891628601881
0.29416731813032432
0.77643519691569385
0.75101189684437697
0.76019787319235976
0.043588876335656251
0.4041152665709164
0.021242185198080223
0.39112799904889578
0.9676568643504263
0.087527776063749868
0.21230015571742475
0.61113343881632431
0.25729784984208154
0.36101100664165331
0.91062002894416927
0.17937466455623272
0.58090075455802093
0.70436056713588024
0.65462628487085084
0.36612592718473608
0.61066085292317185
0.29553507225004461
0.74918846908336856
0.60782644584067236
0.57412338192691581
0.42663060154959043
0.92576994703516091
0.12901659214513017
0.66043795647439241
0.36295844520062243
0.97248667195128891
0.79073732430385646
0.20169999722867402
0.43498220053422409
0.066573588851342194
0.76526675568459024
0.60664602470188267
0.1659617995184163
0.28739767871625255
0.50862743438254432
0.81754842479910994
0.89579181523846507
0.12138038689338404
0.16529845729948164
0.84489126969727579
0.51727582057650867
0.14254494345093335
0.87992677334665259
0.52938963921486992
0.17255990190121109
0.80933975209998243
0.23694002833800018
0.55011359727648657
0.5698104870995262
0.58359363532226582
0.84607326493778023
0.24649964159822291
0.48305958651119774
0.50371273803581307
0.52054824549685541
0.63600040998073282
0.19818424746520696
0.98135972293558249
0.68812597842555367
0.30408520078790607
0.26168740834831922
0.36110358661119263
0.28779270529934919
0.8160837510749579
0.90374240283716201
0.57973085291485793
0.15192131225871477
0.26740355390508092
0.83288843330793749
0.20350692923184852
0.30400294072830869
0.75055630614602431
0.19205061305360141
0.69142726226798534
0.32983194305581809
0.11597012040997347
0.33835661201059947
0.071233383593437186
0.307222915904725
0.046441191485967474
0.84597489566322004
0.099297333537410479
0.63789813108035887
0.93261160543096133
0.92850570959433298
0.32939657161563757
0.042863229084462738
0.54298387800823489
0.288583953186616
0.16678127564528711
0.61160607580660942
0.86026790674363607
0.24002507678156057
0.29950322827059261
0.41120650936601033
0.92269308651042581
0.64466024435990832
0.95379199084283506
0.43394625618882521
0.44878310055394699
0.35402047286930804
0.029767230445805613
0.38860041532524164
0.43809820561479773
0.90772480313557224
0.57599102611174802
0.271846719657312
0.46840011340413557
0.81681657078185022
0.48207555429058024
0.13969307341377393
0.53943078460328264
0.14245507565056412
0.70869594628691657
0.19871731269603449
0.29048944929566356
0.010478236348844473
0.82056999723231372
0.17255990190121109
0.62793857087946803
0.84998840981120893
0.9569709851139836
0.17409678673646459
0.66980083957209668
0.8642232021932571
0.54988313026470437
0.23395352970797045
0.023068478035766806
0.19170484952280153
0.080461467915495424
0.51581154096418602
0.52836659285592646
0.43167199956580099
0.20734402273898578
0.72803145673846614
0.28503587921932905
0.41100575682213591
0.40570689933674675
0.49438738634768264
0.92626483948551919
0.057509901032432656
0.66920859463936178
0.8013394631637949
0.38976573482216448
0.87742612549195165
0.027404652337113266
0.65972645847162315
0.66055653513607893
0.91377616856402555
0.76919115975907615
0.51829052498031147
0.17796167180414341
0.22668213848283944
0.33526350842682534
0.42253995361790475
0.62485806369522789
0.84725183934811432
0.21978298392585893
0.51547386730547706
0.49815272359789298
0.070336307946596829
0.41412388749786039
0.68092325450586566
0.20697609356142657
0.052262398004436883
0.84891558435546033
0.25787986410858471
0.049552235918524763
0.76357997793714882
0.19501019882428963
0.81387954675999508
0.80965761672614678
0.43757802288850411
0.14599593425316418
0.36724812873884671
0.97252735275607172
0.78691240398577422
0.31449344759973752
0.35833294908666696
0.27603823746216777
0.31685908278450392
0.86924028076278481
0.67784933899309263
0.38937705522870281
0.22543306671735722
0.99627844823878908
0.23878732749021625
0.80048014317100258
0.59674549918834663
0.45195190507474725
0.93814768929844439
0.82056999723231372
0.44688748264943612
0.098675491385667613
0.17634275251531231
0.13546384134512338
0.24321086537333578
0.31155399488388785
0.16423159270271892
0.15211120184744822
0.82150428507500117
0.94416746227010651
0.54769525587820123
0.41472898960088589
0.99460408323905025
0.8222298143923088
0.044420772099221739
0.60216375814391887
0.077019135741433625
0.6217789232533002
0.9073301645626799
0.69554898040521973
0.6902486144162252
0.52201783125585521
0.94728988257479652
0.47738718689285708
0.54447625428145563
0.56399626176861406
0.26073154518806935
0.1718220041105494
0.84508850545233039
0.44394725535372115
0.65011804924604411
0.68092325450586555
0.77454630385274381
0.5669013074443825
0.8422193963608311
0.58711035446582738
0.93193600895542461
0.023907033926486548
0.5091871943938574
0.62319988360228418
0.45800478125428767
0.49162690187235025
0.79182653693674099
0.84202080317159422
0.30490867967029983
0.52054824549685508
0.076523471622320857
0.74163778247821555
0.57669178764181594
0.52100025319295695
0.23046210738990427
0.40342010278215656
0.4472031225315285
0.90960784161049102
0.13434908017647482
0.86121379965140799
0.24600765822102713
0.74267008893908715
0.064560496386853961
0.41715454224965937
0.51998345244365307
0.51738852634411892
0.35925493965702832
0.24175243946649169
0.57961389383446593
0.26442247893168885
0.033554608788199207
0.41110612588667339
0.12704924470786372
0.89844704886567595
0.38763096557774712
0.49505093478129159
0.22576124177591891
0.924489648070565
0.44688748264943612
0.71699058227122947
0.88590626496720315
0.86739117531286924
0.48733456042095713
0.54080522218761551
0.73358169486732761
0.0087821694914695086
0.036302400454193091
0.69507821694297511
0.92058246715167757
0.67027459633621844
0.46259845637982366
0.55184308654173531
0.90196497353046434
0.7825175289994144
0.32887465006591748
0.68918746517823837
0.49759820422888945
0.87858990080265098
0.18322499046977025
0.66968239489973169
0.92204111679563117
0.56306754130388104
0.47434609808695805
0.54069063945480855
0.12208660960452487
0.91642663804390145
0.40970227205101384
0.32317128779490867
0.80689722915734752
0.64252466004947029
0.39444853425119375
0.47250432101187279
0.50840360244868343
0.74393067610910335
0.12959533327178918
0.33166483771466926
0.4123116781792302
0.58711035446582738
0.11581975354652274
0.015913865734419601
0.78141498847881974
0.15741237675879596
0.708110571392493
0.8964585797040987
0.5814859155612242
0.11820788572755805
0.52632273022194076
0.63493305519185217
0.39425273218341783
0.47662603578094132
0.51075588598097843
0.71547442076544243
0.47369566053547296
0.097635961422202114
0.94201097794340138
0.68659214221485243
0.33543973482437667
0.68659214221485243
0.33588057796306242
0.49682233490222938
0.80870351851124977
0.91747543659877606
0.38531041936048555
0.30639496579728842
0.17229606501976685
0.56295148214585145
0.37157045842969855
0.88893135389717237
0.54758018346152371
0.6615051177276976
0.56422851025223075
0.924489648070565
0.68305005288365261
0.48843351802979063
0.19612224443564291
0.11196950759161897
0.27603823746216793
0.042239359027905675
0.95290796631941554
0.29634178765093283
0.4521635761011864
0.34397298336011539
0.44510110445914908
0.086071682029173507
0.93294809028802095
0.05637602032110136
0.76155206628554428
0.44888853761346514
0.62343674113526371
0.19199295045666015
0.0045101750452838226
0.2496805324393864
0.59603943124750924
0.49715478482499609
0.28237648772756707
0.59733400928043823
0.3246337099383288
0.57027633079646223
0.76492963165722871
0.4834972367337288
0.40421463414994452
0.4993736214631459
0.87426932300738658
0.59862910988944518
0.60027815580688437
0.45971131925806552
0.61538893521035276
0.19390329311504068
0.028463496947397988
0.46840011340413545
0.64549077384952291
0.90630034612007271
0.11480921976332667
0.45928437958899226
0.45715273577770521
0.13745556701382472
0.64477889079948358
0.43301507592951743
0.41150774626364151
0.72861054118866542
0.095840094685928398
0.83481053570830532
0.34415230617518888
0.18663553146459311
0.027668392587888047
0.57832772118877829
0.13956059776185259
0.61704486861712837
0.93724233091140041
0.11683803851915525
0.12721219424484415
0.53200742581483929
0.046705837664779877
0.17715068088902339
0.50015123751849333
0.81398470300016568
0.048391614854456734
0.41715454224965909
0.7654914403256976
0.29320462059728425
0.18506361623129425
0.24362880814257085
0.27803636970073087
0.02527491993302329
0.58992705812324298
0.11966898645531296
0.68305005288365261
0.84646650434050308
0.73057782427233486
0.61503416371605479
0.25563013712721699
0.97490251261162619
0.40123997351540935
0.050027145098137819
0.53337510901315865
0.43404978911742165
0.81733942247632807
0.15755911011099397
0.49726562331181545
0.52677666347819552
0.022100432336029274
0.55738889883028087
0.11373241485587686
0.52269664607809119
0.60499403624063108
0.97790552624949012
0.50259859712527388
0.19378707519373881
0.47163881335377822
0.043139806416844659
0.43997366134928695
0.88054845624234634
0.36575235419487823
0.936656643555832
0.85299594612298579
0.64738915073816994
0.14877039395135799
0.3964098211733792
0.17351249727558521
0.18635403104097772
0.56608747238748536
0.58605484398980878
0.26073154518806979
0.41908058818254013
0.85684147104719477
0.97301271626799013
0.058930879751302824
0.40780157505722731
0.97648863915405393
0.16392783565103489
0.59568645684418853
0.48514007631621225
0.12599446543849213
0.16988447743138377
0.93898214232799471
0.05222562949157878
0.008696856365989894
0.098057095918259007
0.85299594612298568
0.89811687313621535
0.62308145808018889
0.62900518550562257
0.21614258589352467
0.48185700876419568
0.31013331553556911
0.24335011788087726
0.33324146006836514
0.42427574154451136
0.40530864108437775
0.97412512244032501
0.88720715757095869
0.68198679208368151
0.49471911085969755
0.85674582199776539
0.98584872884554886
0.15435749031229531
0.74094912503599797
0.29296430511707711
0.82830469814065977
0.11966898645531296
0.3449600385062262
0.044452449710177075
0.74267008893908715
0.51930601950135147
0.96371772090980268
0.52337580277452633
0.43094976734758905
0.60605594722342215
0.084352958860291816
0.93704742074289615
0.8790362345901972
0.32610073106762028
0.35750448886369812
0.85540409005508344
0.77854139780338594
0.041878076558273199
0.033117952139900937
0.28723977957543856
0.65533803520150524
0.75703123484538581
0.8021976555189716
0.27703596326868618
0.35999365231085062
0.44552108439598159
0.035845484092712217
0.8837234760697017
0.80090994366360813
0.67169564970795825
0.65498216333423764
0.78526722341164423
0.89225925803031114
0.58969222326141446
0.33210227283163363
0.43115605053521266
0.27718969743910543
0.40910148726331774
0.31348343293403608
0.64311786644119917
0.16397842911330374
0.026072732871718809
0.80838515032147407
0.19164727173279411
0.32974483700337298
0.46024527923336522
0.78196644715330443
0.928227534753714
0.84842696918460281
0.64976211118895444
0.41000285963002581
0.28167560841793488
0.28433013294566162
0.8277927101399517
0.94435025397223593
0.53462993833049577
0.47120635130016542
0.70998321700975375
0.97517122536649203
0.49372423616743943
0.39621342553457473
0.17208523714221219
0.33491124570679603
0.10525861964947511
0.73392790383042539
0.019479607199972122
0.58289086558407122
0.87670759051230918
0.56039993919431552
0.094732602147821338
0.21747815620929931
0.56237128992626451
0.80902171923289068
0.52122631464646996
0.59698089019368328
0.75351442274686986
0.3449600385062262
0.15411719825183584
0.53805756645152414
0.10115032519828442
0.089304071085233971
0.50572085143154566
0.25707985278258905
0.76594065379584342
0.76335485669367709
0.21018231628695805
0.31719805149181723
0.60110298050227762
0.93455100023070103
0.57739276171076048
0.63185012683571462
0.97543819198509774
0.67465505746532162
0.9563347234135714
0.78559654008937074
0.81251076378642928
0.73392790383042561
0.37811480561483868
0.39572269578385239
0.70529864083214666
0.84538418191477516
0.49748733301955905
0.55958879832590802
0.84022930366777515
0.13802297611764033
0.24558656199411075
0.39034920335850898
0.54413173700974704
0.38656630599389941
0.049674960798240353
0.50806793192126687
0.27542558415528134
0.53462993833049566
0.67264283026719762
0.54195150922894531
0.78691240398577422
0.73842099824078766
0.53155181669785589
0.99485921985792636
0.36435365850592538
0.20666988746268319
0.97682037943210465
0.59992472056703128
0.07717626028913542
0.4862367447076491
0.028641901309880393
0.10901316794525313
0.45662062296247885
0.3666867500723674
0.12438652618080459
0.65664283732503992
0.011893921271503911
0.54482084484318216
0.29844671702228071
0.0068184003446419717
0.99134243120585497
0.61361533836773585
0.63481446571645461
0.90155888487290825
0.42837588926167602
0.14367237895862189
0.82584233402180163
0.35548467971437187
0.073735021210183785
0.51041956916943376
0.043155220107617159
0.038143498005478609
0.32687925036243304
0.68375873525964492
0.75351442274686986
0.93481618197728966
0.94144934695063132
0.66778699319388801
0.54792542450103554
0.0023446675829392064
0.68009587293986495
0.80037264925024587
0.59545116280817467
0.45757865631858885
0.43239490605762892
0.68293192673919356
0.94428935942001158
0.50348982509558526
0.5903967865874773
0.49471911085969789
0.94817240828752059
0.90212718885998433
0.065142798108620892
0.2301952398018931
0.25809837782384282
0.91574896561353158
0.098642858458281565
0.54355770497131695
0.96206811495604017
0.91896236086911975
0.26546298762232984
0.40491061608966528
0.99004361023659215
0.67524674486940961
0.56713389140176995
0.0071064339262824436
0.21525584471775694
0.27489034458495143
0.83379989511277586
0.99483127850312314
0.10259380931983288
0.83450757583988022
0.97528585332458428
0.64133828140462001
0.60711815091794841
0.59815810453813389
0.3147463102784625
0.91642663804390145
0.64881293340854529
0.9455004018056874
0.42981619624447326
0.40800140210360597
0.093201191617012985
0.10933426599121682
0.55947294950770354
0.36463311921818314
0.56981048709952598
0.5270036856508451
0.032734268812297823
0.98614383257279459
0.072660431460571759
0.28542851748273523
0.74393067610910346
0.820466086178125
0.71430733326988682
0.02453647810321324
0.49715478482499664
0.83359750200141858
0.91896236086911975
0.75805011705091485
0.093356444466411712
0.61657168967276177
0.34469065266256826
0.76997408419372948
0.94113607621077189
0.83571821577968597
0.50739687002204703
0.28731872118248258
0.016510650971057347
0.93481618197728966
0.66446884914557913
0.35256026786731931
0.96638839319311687
0.028442576783419299
0.30277095607829058
0.60593794253023869
0.57505701123999908
0.18134640714263875
0.078656715955426379
0.71045112398564547
0.57634138019286585
0.2848789353211254
0.88442395016335551
0.26590986493679208
0.17383099837699448
0.58359363532226616
0.069497139743667377
0.69189859882235549
0.3878247354207679
0.3681849939730773
0.60865294756501698
0.73588818940908851
0.61751809068754437
0.9234861985146865
0.32162785605777972
0.7850476014303126
0.097119840406400162
0.57879533998665678
0.2608784283438127
0.081281543115884342
0.33649842335612073
0.83339502082134254
0.15512855298118752
0.51277570560860353
0.59804036380961523
0.69954726099215658
0.27336536588567023
0.51896743383134458
0.61101528752803125
0.19747530026627827
0.77710087770391922
0.98325441329379615
0.67796760528025501
0.18024879778174652
0.37725707096703437
0.41887760516084904
0.7399154665591634
0.51468630948816174
0.62284461357617815
0.53326108657420135
0.72745216086246911
0.27896220216300227
0.23327890402565099
0.18261546705893425
0.1814014320382126
0.62000318848405755
0.54597000676903118
0.55322791952187256
0.77843067595659798
0.11102461946894976
0.98255486805335113
0.34478043219795201
0.15682659448256125
0.26673061346171301
0.49350327482031819
0.39680279018025255
0.92283759494937245
0.57132485108851605
0.68364063045939438
0.49494031577142716
0.11963033606813936
0.1187059789167063
0.016510650971057347
0.90058107128264608
0.21933330879234514
0.97808330381864561
0.12839898918227208
0.30375625636227299
0.050595417366601829
0.49948467711046318
0.77254185306767253
0.17823268386816785
0.32731231761923057
0.08432457535512515
0.63528883034772132
0.28027771185012873
0.98543994429143744
0.47099019335444792
0.65533803520150502
0.78658364920514423
0.98180577297889038
0.094167467289894113
0.98826886324240415
0.038184767926041384
0.088946262890656602
0.045558186809190451
0.9099198686834078
0.78207669372581756
0.74175252360254851
0.0059442340714732202
0.30639496579728859
0.018591422653418462
0.89361131535973626
0.12303378609666872
0.52813934976686927
0.61077899457160267
0.18890011663707754
0.37364915289519407
0.12639924990698112
0.39975759599027172
0.11801679654133931
0.48711490575245997
0.15633984752516003
0.78822600486475358
0.82697242695194506
0.17229606501976696
0.83440654491138999
0.35119496461770028
0.40193288121455639
0.78931892575342255
0.28346930433329481
0.057630461394292627
0.49538285795830772
0.093418609892845783
0.16724371537957164
0.097313102016385961
0.5331470729915383
0.15287277051865708
0.59098405655377295
0.43394625618882554
0.59309921773256258
0.24023185248848089
0.12032770645771605
0.14599593425316418
0.17666555680271875
0.90082594764736668
0.56736650175117842
0.96017434969210935
0.081363961479385752
0.87841116908746986
0.15736349123811313
0.55392074525965751
0.36379515500984716
0.96386124341302548
0.020522882774131057
0.87472238503350774
0.11997858070223906
0.90058107128264608
0.011307887482317839
0.58312510049714983
0.47250432101187267
0.61870133030591168
0.56887910773713024
0.021618774435925303
0.86748388550091637
0.57354006134619695
0.39395914058180403
0.17915667937279867
0.008127893316137929
0.51232657354135247
0.37725707096703454
0.250747817960845
0.32137111913001432
0.73438938770303575
0.87317915151868664
0.43934802361811476
0.39552650767351299
0.91970079230977198
0.25361103638763915
0.13815420129729322
0.034444072904338985
0.025359289596181257
0.21323991279467661
0.95318522773886583
0.34155829656448089
0.96937610099919602
0.7299994712178417
0.69331217781449039
0.85588384586651012
0.1814564707035751
0.68115961965416683
0.77920542112147828
0.67418165944176445
0.3492894640153692
0.80123210968193537
0.072734941617525362
0.40840123021758307
0.99372480282772235
0.44342331080984787
0.979062666346592
0.83410331940525106
0.022141712596492349
0.058542049222964208
0.4462565594891077
0.68009587293986473
0.58828362985990545
0.086332171651800918
0.27056084517126217
0.47978316363924578
0.90188381867310219
0.92752967715920831
0.6636391006596507
0.058889839497826169
0.94000089865995939
0.57669178764181572
0.45015480493687021
0.41553659353004291
0.93782514587523436
0.30416747681632117
0.35990125880261647
0.44667712207203658
0.25060531105148132
0.53246317787346831
0.85251245617844906
0.35824083564824566
0.12914041998081408
0.2553409444687807
0.63042754589139161
0.12028887114382893
0.67796760528025501
0.11997858070223906
0.8987767286434788
0.7235074719795298
0.99849996022258725
0.10412385159436577
0.49306148546752337
0.74530443590891204
0.98212027942999924
0.19338075961645745
0.85684147104719466
0.19723944281866615
0.93448461673198246
0.59686319251285702
0.86776185547985607
0.33649842335612073
0.20968647168338914
0.080054220479205296
0.787678947768372
0.65747311070164005
0.15790193615503384
0.79475919924857164
0.44269034866357215
0.54000331945913571
0.51998345244365263
0.14659330362367357
0.22100722266682507
0.59745172429288895
0.24537622280721064
0.075258404334971871
0.29747387039247175
0.14412547769461231
0.50193062247004527
0.72733627646356913
0.057610351978167447
0.4989295069577846
0.029215569960869547
0.42611804711819906
0.95433975939592874
0.28850475670689169
0.24671072394570326
0.28245444269594461
0.76166483490487358
0.25203318163213706
0.63327291010460895
0.99291182923085486
0.12354949653884931
0.12807064603640925
0.23402107617635282
0.9821827716488527
0.086303193631140099
0.11073529288968635
0.26807777200212685
0.69236986413092405
0.30631225861228401
0.3778287569631551
0.86497136178749623
0.20092103402923503
0.43446405757261686
0.76919115975907615
0.66316492384341941
0.40650411491203209
7.0506258678035446e-05
0.25081909475199449
0.58535140391170648
0.46840011340413534
0.42570825462685219
0.44931041706587671
0.30747161231453957
0.67903186520483816
0.81952997910078706
0.94770274249836439
0.51008334417940249
0.071599999513948798
0.40690307188176722
0.10692861113703968
0.8987767286434788
0.29755485315220725
0.60251742179249423
0.091386457933898421
0.46937056608496042
0.45068297245202726
0.63208724382386716
0.53474406649189921
0.53462993833049577
0.61941139731777339
0.92211369366464291
0.2181803591972486
0.45853772442188245
0.086129507865095878
0.89166530139558009
0.96376559832520792
0.56794814265401128
0.31297928731260466
0.38540693563994527
0.58969222326141457
0.3879216428699786
0.38685648726658056
0.1480726132382118
0.42570825462685247
0.14512658320646921
0.69590200221345055
0.98267781375121377
0.6198848253252891
0.43467127379355064
0.16236591545779608
0.74037496942734182
0.91814620964459204
0.91453758143031749
0.45811134439168066
0.35768848208714282
0.70189637640489755
0.42407132074935938
0.30639496579728809
0.14631733680242981
0.30252499029798996
0.32558243390935482
0.87508433495462201
0.42673315424420832
0.42253995361790492
0.10840890588343871
0.39181022972474105
0.33862263692635108
0.30457909649103715
0.31407232891349102
0.1723488055415886
0.060258027220338246
0.82758776634346354
0.77131469418749155
0.89495560229668092
0.25970512072966534
0.88346031929111091
0.55080518459363392
0.390154653984424
0.83762848195824124
0.60393242501438471
0.20575345716073354
0.6883618930759221
0.860173175636892
0.82347124512415348
0.93213905536913666
0.2418217341478921
0.60617395553035913
0.88468614802979217
0.96127718589724465
0.7609880362247976
0.49981790880886734
0.71150353524681709
0.3114702978050532
0.10692861113703968
0.17056314562874109
0.38792164286997838
0.32731231761923057
0.75078412381130755
0.52791214335971071
0.50829170195024376
0.57412338192691581
0.34129070781700482
0.46431367976589821
0.32171346689201913
0.84241789668098066
0.45216357610118674
0.99572547289920443
0.88590626496720315
0.12922302884345185
0.14825841574885826
0.40610539067136375
0.86970087359078518
0.78603541131062737
0.036618839569705491
0.74907441106422645
0.0033071505065940697
0.55195844736513155
0.20869759963786114
0.43467127379355064
0.82254044908714408
0.3594395245039394
0.2198472829814761
0.86692722349319384
0.70471238857705942
0.72141535980007587
0.20086121479494956
0.7056503215322808
0.64845698898962767
0.34829410604101413
0.72118274752951139
0.023871528621147643
0.51829052498031181
0.26830279538964935
0.16397842911330379
0.79269672988770279
0.12478683572133678
0.22879816765305291
0.12422671415465653
0.97002263502301489
0.88677426189863362
0.95088477446733122
0.18528750726007071
0.85751030623767588
0.74679096947636159
0.43757802288850411
0.47391242482560481
0.27649839328457299
0.53064102908504673
0.58265665243187703
0.60169226169106804
0.99736117999172913
0.54804052069199893
0.29128611567230334
0.16822349513805812
0.21862815427913262
0.3764956766567864
0.51671243906697306
0.61716317011683519
0.17602043712631935
0.22747383445218602
0.73392790383042561
0.07507922647314226
0.39122541576921965
0.13379466171038346
0.66956394805846764
0.55877800674022327
0.61420646433617565
0.30178795523539037
0.15972446879772362
0.89285173626303704
0.23422380714737306
0.63173157044396899
0.26501667739868967
0.5533433716158771
0.40064662543425156
0.88625381611248333
0.15368546918824424
0.45385881283509977
0.098708133860650277
0.32515095707938652
0.56666874994532934
0.69507821694297522
0.23247136541440624
0.78800722958681624
0.13619700985186833
0.55553838800212141
0.57004339616926636
0.11736910432708403
0.95895103712974272
0.64703320398978503
0.31365160914106788
0.81545485499672221
0.45619516334234433
0.60263531749279753
0.57587425331778763
0.18267080916820014
0.20642518525864575
0.86130824683449669
0.33667509307881038
0.074951477711046044
0.14349147982774887
0.11240797847399155
0.26294138923958604
0.37507069510969876
0.31847145643715224
0.34874630598756023
0.79811125870008603
0.41331788705854594
0.096734336571332249
0.64252466004946995
0.067612972515970732
0.1562912429843103
0.10061780809496662
0.8770670827296283
0.59827584951978352
0.27703596326868624
0.67512841279690849
0.89570833166205799
0.85521201219599852
0.25253440796778959
0.048186403641171903
0.64110101188032353
0.097797746409636427
0.46915482394798547
0.87643767687443463
0.12530890589976387
0.39936285458245546
0.44931041706587638
0.75963310130361406
0.58230537366018753
0.36827876529203873
0.56911191390621185
0.18697379257169308
0.14367237895862189
0.12283593362998267
0.62154212810236253
0.63398437188978018
0.48733456042095713
0.47771357309578488
0.23483282447310211
0.61893800920175357
0.30178795523539037
0.090083724714730362
0.43249823338483845
0.84950112534209399
0.27382219434232447
0.061356337555901946
0.81050443028005803
0.3258415109087513
0.12794770447020337
0.34693986257899501
0.11347382237139307
0.86887132040404236
0.90406392724729612
0.46613960724657011
0.80123210968193537
0.30838472865436029
0.35119496461769989
0.59180643664621191
0.42223405959693827
0.23700824753114674
0.51120445093748024
0.67997766258638559
0.023431879703726254
0.38608297149135296
0.72490078967569793
0.018902105666454994
0.40173483419776718
0.040504961969315537
0.64940617099495368
0.034494126165373083
0.89935247277881503
0.63742367843209968
0.12283593362998262
0.7718727004485797
0.32748565580948635
0.95606805928038119
0.54930709914790099
0.19367091406568449
0.99438511955496578
0.2643482749658928
0.59933574419226665
0.72907365539586755
0.77809842276859575
0.7463337652631622
0.8365235256349719
0.65415177052151652
0.32870080331007712
0.20888272726271273
0.19262801710380931
0.67441836374218433
0.50348982509558549
0.98349354960881119
0.13658653450849267
0.63991470007483053
0.76885541882600206
0.75317349341452777
0.37402789418092275
0.15459809884950501
0.08811634174924754
0.41301587358521713
0.37402789418092275
0.044642953951139701
0.67737624403878915
0.36743537840775342
0.75906802329678047
0.97786986533750464
0.95133845365003278
0.70224855558931609
0.94574087860149103
0.091844827366139803
0.17807003568947088
0.98864826303486963
0.4370581789573843
0.76638965876527498
0.8881569311538704
0.090083724714730362
0.65664283732504003
0.96889678615519637
0.97170689167204027
0.28012270777409404
0.68552986838097507
0.67358985304257724
0.21843615265933283
0.23247136541440627
0.5216785524988754
0.13121936276090254
0.45832450891955034
0.85076680045373554
0.28144226810497347
0.62604272233943092
0.035240326645711514
0.81963407150209411
0.36799749757424249
0.9416368797310164
0.057349512363318894
0.062820099065809307
0.34856537890088335
0.62331831129073634
0.74473221829405101
0.88884542565516034
0.51772670246132679
0.97850639101258508
0.84823135442427755
0.60794450718944337
0.26390338168104926
0.25541321919266119
0.24460617016817593
0.12390762380450235
0.53988879559511749
0.31398815304502187
0.74244075840643264
0.97341323259392154
0.20925337824304746
0.21620603586660597
0.041016755320625854
0.89285173626303715
0.37251439955594384
0.11924442900070512
0.1735655471029732
0.67713967884700743
0.89745503661552983
0.030843463855781888
0.59804036380961523
0.48273147092452173
0.50952317370214883
0.13550687492640687
0.066207536934713887
0.43105290205037489
0.74793323088180552
0.43177523066827556
0.76885541882600217
0.60865294756501709
0.57365671322537903
0.86766922559736903
0.040534047143379569
0.74838983347491261
0.71056808460101939
0.084836787578675396
0.37792409128457188
0.51569897317193225
0.56515777569214709
0.2321355383324564
0.79215298237882492
0.74415974001906049
0.69201642185998102
0.17161165897445801
0.29344507963191097
0.71943718477789931
0.8881569311538704
0.64086374462772344
0.35787253763289395
0.39680279018025238
0.26220320337113218
0.56876271435811421
0.016864791159933938
0.15829450651340216
0.78756948884565392
0.26973124298192691
0.93769587988124092
0.35338114046779989
0.046955205466452161
0.70107443218934151
0.28276642157135995
0.46035210923525283
0.11612065753933529
0.56144334339119184
0.14236525621406729
0.048977423383582207
0.85482755615400641
0.78108393313768709
0.13147076369471003
0.090143948399639351
0.55669473712969619
0.10061780809496676
0.46710772806568368
0.80080251984767614
0.23193422474990621
0.026373093675017955
0.12426665047283705
0.57505701123999886
0.67287960099139243
0.87034456644369518
0.52859387257173007
0.42775944667576427
0.60440421476921302
0.17446945723696086
0.31991898496209348
0.10299987066183934
0.99214362822442825
0.88978899972196401
0.51232657354135247
0.83369870957270842
0.80902171923289068
0.71803952188574927
0.32965774683252969
0.74838983347491261
0.075927299483255273
0.28292250641697408
0.91999522309060344
0.37916482267315466
0.067264887965714809
0.97428174432610581
0.14737761471905406
0.38782473542076834
0.82191899566222526
0.97811875398617298
0.97002263502301489
0.40054778553541287
0.18156658935171827
0.95184605643163234
0.79247928020421976
0.15927952895467185
0.398574079314993
0.51581154096418624
0.8929362550966915
0.57202414834856619
0.67465505746532128
0.86478448005094677
0.62722757282654218
0.73738540684691922
0.29489084885738143
0.97836592283351098
0.73945580607704375
0.64086374462772344
0.39239558097607524
0.75906802329678047
0.98148785052789667
0.9776192543468164
0.79897364187064779
0.53200742581483951
0.93801877851032089
0.80615191635074035
0.48065584507823333
0.70072208858863116
0.73184942839904754
0.041489916644204775
0.88169929256467772
0.10015388802895343
0.03897681686046281
0.55449830681035384
0.97301271626799013
0.28097601658275734
0.44321382631541073
0.083505161587696983
0.89545769717535995
0.55519162733046001
0.56643621897085694
0.92555733513591198
0.69719603724566226
0.83075480239027888
0.77042117202900307
0.65818473583580528
0.49770908633412247
0.73738540684691922
0.39347011873863547
0.014211392351579366
0.44478625884991008
0.24355911241827369
0.96670819060766677
0.14340110312582033
0.032638998226274966
0.44478625884991008
0.21349107584669047
0.218692184641534
0.5458550542463172
0.49970682078919881
0.1071740870757756
0.0059560272980744271
0.75601138686373348
0.58922261264259124
0.62284461357617849
0.1762889993445283
0.36333016129246504
0.52348902869338354
0.087998346990381351
0.022349206612425652
0.94645884108848888
0.06500799898447468
0.64952481794509964
0.060615102735266817
0.59286412438417524
0.091295028598120956
0.07929897221253196
0.99243555157094054
0.42817035287005017
0.64620266274369575
0.39093321043381629
0.56515777569214676
0.75725773693377796
0.73335084335267098
0.69919470935628525
0.39621342553457478
0.048067067431445488
0.91881427150260409
0.89462026156421981
0.49826366009546352
0.73945580607704375
0.40153684588126298
0.89276718717815728
0.067659506944001205
0.18618529816710772
0.6960196664084406
0.59251151942500413
0.94669700513985955
0.35010526029154876
0.85144661082898065
0.0017996478859846621
0.36435365850592527
0.48711490575245975
0.5262092700912937
0.67181405569846264
0.46829234681091092
0.45875099086304538
0.14677752735783739
0.11597012040997347
0.0017731689579456066
0.55808332260653515
0.64501618435307484
0.13071780328297739
0.29925917851529893
0.77376733428931443
0.15196876583012764
0.21130140565886868
0.57412338192691559
0.47553969190217116
0.7519225404363632
0.88433649264657732
0.56457693398740383
0.74964459137933326
0.37554530711654249
0.54309862695018418
0.18918476617298682
0.42899283128225746
0.91208947535796969
0.073961741612401058
0.99080023533983275
0.14585837432599186
0.86739117531286936
0.21920496457465591
0.46324128928235708
0.43768203234519643
0.4389312014939265
0.96299516910340988
0.16276779181291998
0.63398437188978018
0.56132738148639438
0.96357386916273624
0.072165455633090902
0.52507518069461634
0.68092325450586566
0.45928437958899226
0.98700560424313288
0.21735067648625234
0.20368833940844619
0.2156355205512788
0.49063483703721678
0.21323991279467652
0.39886975942861519
0.3256687770017021
0.41241223440780722
0.20981034473629465
0.82305776356935201
0.62829409369740463
0.94119880194670891
0.91069766185339551
0.08694272054160436
0.15258680502408831
0.045834484978929953
0.68163230987221968
0.83632233243304244
0.13868017121959797
0.40153684588126298
0.98289166457378219
0.90398359371404613
0.4899739666547106
0.91285812467877325
0.28660882003464505
0.46893913091360906
0.8708952442861384
0.73819093418508097
0.21349107584669058
0.04043233363557145
0.46980219751235308
0.86664853216516047
0.76403006748256308
0.51491127629506128
0.22288622079577089
0.93821209138537331
0.2489709516699519
0.8560755723740221
0.88660089755394722
0.23680363590441686
0.84410138415990454
0.48514007631621225
0.98587571947350616
0.011426371008942483
0.79908136204884561
0.80412442739679679
0.75555781375275177
0.79204418361423445
0.2715437498288778
0.01433131330322808
0.80870351851124977
0.65782892779707181
0.59851135220485108
0.033787225303216796
0.1460418120896447
0.87363387302870132
0.80721637375488631
0.27695911997634248
0.26516538447417259
0.49859653473087551
0.21049269656513966
0.43529325007789699
0.8793036945969458
0.20900621895125454
0.18389183455575148
0.5521891919499109
0.80785416557006129
0.56887910773713046
0.31677438047743328
0.94441111250369547
0.75419597077315947
0.07350892785994724
0.082109104800055219
0.90693472229608563
0.18579207597588279
0.60888912165894249
0.26822777181196883
0.38840640530468401
0.51772670246132679
0.94225965978599979
0.29344507963191135
0.37782875696315527
0.0013633431432579794
0.73254257785760002
0.031711999506751638
0.7899739097678169
0.48524969137201046
0.20974840087033822
0.1465012655304033
0.45481383894955574
0.071820786539796649
0.83217829059197257
0.13868017121959797
0.16428226469121365
0.73830597104288931
0.34388334558461253
0.94263160635214727
0.50360127627732787
0.57505701123999886
0.27511963789331717
0.6897770347798946
0.60947961587562505
0.10229019021329995
0.98841207703850342
0.88858746271799771
0.8108216747177367
0.3933723590153741
0.53428760650144991
0.093418609892845783
0.3641674287484149
0.28834641154398338
0.43945226287715899
0.36649974733964186
0.64798239487661857
0.20002525891093462
0.66091226345283627
0.31188894282023533
0.1237483451913826
0.78372857384179939
0.93788972560660566
0.48986386106379443
0.44499614264525644
0.0073712842732968666
0.77698996693993438
0.43830637346248713
0.61278788768473547
0.5703928076731033
0.32085807539751621
0.81786177968930507
0.7583895280760532
0.37573525886963149
0.64252466004946995
0.93071112773792053
0.78866336466355169
0.4587509908630456
0.1430851668972557
0.64667725740849313
0.054646411199513814
0.51998345244365285
0.97408587750795816
0.10612552255942079
0.082692882118299893
0.21971869981111097
0.12052204654731226
0.0020959330078626319
0.18844540710361696
0.11273781670157319
0.78097355142007197
0.55230457569579117
0.48975376676560578
0.74393067610910335
0.59356946019885282
0.84212011136791942
0.3903492033585092
0.84202080317159433
0.21399411151045661
0.8701607897839323
0.74278473894337138
0.22720969398777704
0.32248468113294576
0.47012604968990179
0.44709789604079275
0.75906802329678047
0.17436291244069654
0.78713149528638304
0.43997366134928684
0.00016393243541393891
0.16428226469121365
0.61266969258538895
0.76031079068190044
0.93415217117534843
0.45015480493687066
0.75305982738619082
0.72803145673846625
0.27958069383761114
0.4524811800981221
0.76098803622479783
0.1612151564458893
0.53988879559511749
0.56074767723562435
0.61515241802822862
0.45492001746255406
0.06947329719234778
0.014843308013625482
0.32094354285744303
0.57365671322537903
0.80476539340325703
0.74048982041476652
0.32111452557305176
0.36799749757424249
0.92995702858615459
0.2723016489386339
0.88893135389717237
0.95654739614550266
0.45896430820735146
0.89310520196488064
0.45311673851721002
0.25433073854540028
0.057751252626645912
0.11645998936042172
0.91762473124927701
0.95869352493326909
0.66257216860146229
0.39965888854147091
0.80753535268797727
0.44248105111922831
0.46217015230444614
0.050080170305022188
0.053282886439178313
0.14124658665296738
0.57097528735027459
0.3839607751928279
0.98733546817561901
0.65379587785732318
0.88651417126982524
0.018216734007731879
0.2201046286441998
0.86403589904069134
0.41271398934157838
0.91377616856402555
0.99905208044301252
0.86309780900141542
0.72060108284481583
0.2163329803675613
0.062192003888903953
0.27290910735305191
0.51322499879738226
0.014781188243697339
0.1621652896756334
0.42981619624447315
0.17855834889014341
0.73473540407504134
0.18272616509344192
0.41150774626364134
0.0030068892603423388
0.054474239666228344
0.97850639101258508
0.24847516924856111
0.0049940158312060026
0.0011279579069505576
0.00016393243541393891
0.13706391751669142
0.45248118009812222
0.87317915151868664
0.43064044596699969
0.1960049445741813
0.8422193963608311
0.33977705541932979
0.14467080330492491
0.038878732866356305
0.36621935905568365
0.59168893943804246
0.97765516146148645
0.72234549992776886
0.095903725278174576
0.46431367976589821
0.23348113159584952
0.70506415752913676
0.91589979202889116
0.23200131405847008
0.24133699490304955
0.78877266478879859
0.8894462987934868
0.82861163563933959
0.24446636160048277
0.59556880759668474
0.23402107617635282
0.43695425086789685
0.73853601576515049
0.5206612330029412
0.13533481099460057
0.85280262422614794
0.22288622079577089
0.30556861253327261
0.58957481320495608
0.24335011788087729
0.50728506263093465
0.94453272148756284
0.92233122066889006
0.92912957689751541
0.7961668853958721
0.41442637412329847
0.81796619163728457
0.55588521533167146
0.1879915948197034
0.55299703803099542
0.21236270288701567
0.018521490017503545
0.5976871672368389
0.73934086643173402
0.88703408767930325
0.29033030731920578
0.093418609892845825
0.20758960106753688
0.89861195079207468
0.43674643541561742
0.68965912926763195
0.76267918842948756
0.929198722149435
0.74941655221513781
0.87652767610732774
0.43903538678054732
0.059487483701730764
0.56179127106935411
0.45248118009812188
0.6858839941590833
0.96863348894628742
0.42386695601702523
0.023145900067582589
0.823574564001329
0.89869435523258712
0.90898223122921973
0.41130690725723063
0.68482151498429311
0.47034201231037598
0.13706391751669142
0.76885541882600206
0.028151203192701604
0.11499577287301789
0.16026970322042902
0.0042812585919656098
0.95628146375808998
0.29416731813032432
0.042345275143109935
0.86822460271692414
0.13819796676743704
0.9163514740602462
0.87957089899733365
0.14970510904046158
0.85309256999026339
0.054436046865100111
0.73462007450502576
0.72327514063423126
0.51053166457923638
0.24328048390951434
0.36491271918486723
0.90430473742489448
0.4037179423937724
0.27649839328457299
0.43404978911742198
0.70846181504886974
0.6906022542622805
0.33871134351763066
0.87876851931003608
0.51356207418055067
0.42734876278396172
0.54459110966866653
0.018237361088388249
0.51086801196038611
0.49870751463746621
0.80497890426929586
0.24383798796798606
0.78920970556304315
0.56411238260431329
0.12790674661048232
0.74644808227956649
0.025378074319716837
0.25138986930055396
0.10979953849207938
0.94318710278999773
0.71103586215871584
0.29812217940953217
0.88416149034303304
0.39025192119061519
0.031758338937815635
0.70260068470296577
0.59086659288602061
0.11488380927556974
0.91657686619773904
0.727220383688016
0.10947724228033955
0.93633002206906979
0.12098957607982259
0.67323473837912828
0.39808157430960023
0.56562257039613151
0.051495227088448968
0.7733219000536915
0.33694021636247362
0.55426725970380852
0.62331831129073634
0.77732265587732507
0.041953107030605695
0.19210828979173158
0.082442238101385582
0.46926268888105749
0.31821648845107708
0.89728926860821967
0.47034201231037598
0.99219891747084765
0.84979356883953139
0.61657168967276155
0.29392642839177185
0.15173162341937538
0.58570310043199658
0.72942090103172297
0.38473163831412682
0.57552397075567807
0.27973547555120548
0.25418667325769567
0.99505198356169078
0.59392219055605711
0.57891225907721044
0.85655444815918391
0.43249823338483834
0.81419495749857917
0.097087663201568739
0.23666730473227457
0.28961495742296356
0.2826104003323015
0.12757949132959565
0.9136234903058944
0.35907041703968734
0.73738540684691922
0.66423178623866197
0.59168893943804257
0.13797925812718614
0.39093321043381601
0.33175229300516179
0.99448802584566254
0.75419597077315947
0.32540979544952159
0.79605870303493176
0.73092473118232237
0.61929304652357064
0.45226943111010698
0.76605292462036645
0.19367091406568449
0.5731901425559689
0.77920542112147828
0.044294270059222617
0.53291907242337777
0.96255768553416943
0.48645621623765412
0.3690294904962545
0.65889632350700522
0.8299394752347844
0.38579315145604348
0.9102313761785078
0.65082991774160681
0.99648749810001558
0.022399277217635766
0.79117320474817454
0.91316466549828568
0.20441528612383184
0.92534441445417959
0.80540570860966287
0.13637001410367838
0.95966720006425854
0.73807588768098431
0.34947064225105512
0.8879845111340261
0.53417351346721209
0.70318745435430896
0.20086121479494926
0.6539145093801042
0.6615051177276976
0.096798492938851038
0.38184588900263516
0.84744793416776421
0.30988308633746292
0.4637773281247437
0.90277479016291051
0.99219891747084765
0.46581712350077475
0.53805756645152425
0.44762416036636554
0.39278611339263031
0.97095613689267934
0.76459239148888491
0.91717644665768239
0.38627626013659805
0.1241468748814553
0.2393368237043095
0.86794703484858826
0.60452217160421673
0.88134570500279841
0.42560584140081492
0.76008494338807342
0.14097922611282615
0.1907852991418906
0.88028219190666301
0.96989398101520286
0.59498062843019994
0.28566429144160371
0.7741012627967031
0.47207147002910121
0.57412338192691559
0.99046874901266224
0.81430005572825415
0.85931943934776722
0.47902018603551366
0.28969437699171674
0.82604799452087185
0.75612475068241158
0.95504639624579313
0.66885322212511455
0.37327065661972092
0.59321677139178575
0.92058246715167757
0.65676145057500013
0.91589979202889116
0.82891838119542471
0.34102326111761472
0.42407132074935888
0.55958879832590802
0.66304637579826742
0.36230853884403397
0.046639546083843499
0.83227980512511202
0.57062578051042945
0.9749410071315503
0.019326418594443687
0.44018231501583249
0.49915154258195871
0.467969120934834
0.40610539067136375
0.47304565750489103
0.62367360725139642
0.041698509948405578
0.20206034191873462
0.7095152074334059
0.80348281368435825
0.76762333998513754
0.34236191485006029
0.35310737545581705
0.28276642157136
0.8461716104565431
0.019597092175500593
0.77654617970041484
0.46872348702034383
0.59498062843019972
0.48832357103905033
0.18217322731951452
0.062928972882646622
0.16151469222065848
0.90277479016291051
0.10756083522185489
0.20224070941434874
0.36752902638123569
0.070965611074247537
0.54585505424631764
0.48087413298279091
0.50181933065896334
0.34531944004486209
0.71955360842880012
0.67394494465969845
0.18861581797865054
0.40262650773411712
0.50784420322401003
0.1232319149146938
0.85674582199776539
0.40880129020915079
0.74690524387853974
0.55889381262075144
0.72582902187248721
0.16519660183729043
0.61822800324370619
0.61810967793914684
0.69825434235213968
0.92773939723056698
0.27443218574850126
0.13732491072671038
0.30938305900149965
0.31239184356943289
0.93904608190073813
0.31365160914106838
0.87742612549195165
0.4397650615403681
0.52586894544873508
0.2995846101191465
0.14909697918783588
0.84172273950076515
0.41928362790298118
0.29048944929566356
0.11959169653871554
0.77765521453779241
0.17623525975220106
0.1914171018314213
0.82686979645159298
0.37317607084711185
0.47488846052891898
0.73819093418508086
0.5598205173389994
0.66292782623989566
0.44101746764258598
0.58464815295032957
0.32713904301968916
0.045010196076329591
0.72814729059618633
0.390835838543662
0.29272413318427493
0.12490714597262127
0.95617483468805697
0.019239394469897343
0.017297960398614743
0.49019421169257871
0.37945151036845359
0.49671154012648167
0.6039324250143846
0.76121368558581182
0.74907441106422645
0.0085419515312093776
0.53086867202056076
0.15751018619305629
0.89411633603859419
0.17261270956963021
0.062907184395709526
0.47315396112271124
0.43529325007789677
0.28511437504053161
0.10756083522185489
0.96523166067545441
0.47034201231037598
0.62912370667020312
0.81187792591546915
0.0089133833128615825
0.25570247436307297
0.74964459137933326
0.66968239489973169
0.31474631027846267
0.34155829656448089
0.21824428520710351
0.0093766248660069936
0.14802619352937701
0.64299922435454948
0.26658124459137755
0.9647154663121017
0.61704486861712837
0.76907925953634693
0.16086628787161616
0.2312641683720445
0.55403624256851702
0.29561567197936856
0.67358985304257724
0.80551236432126405
0.49008408353281818
0.93917385419392974
0.11947584307440143
0.90574358590628068
0.41060442477019077
0.81723489163891516
0.48185700876419568
0.061420254642970969
0.2675532697141349
0.38194186129360497
0.64703320398978481
0.58417942499417985
0.65581252023412429
0.61586200352547738
0.51761396729303821
0.5451655084928797
0.16755260328897292
0.32584151090875124
0.42837588926167575
0.43518955325802511
0.93050588211290297
0.22899734002533201
0.4989295069577846
0.93227424471364739
0.95827960105127408
0.89620877322632908
0.55935710782575443
0.60912530927358677
0.067241740193377059
0.28795082743295869
0.61751809068754437
0.98971682467903643
0.23830732437756946
0.22740777665848255
0.52258348649407194
0.68186863474726966
0.56911191390621174
0.32774578231789703
0.090204207930762531
0.21005826702440475
0.54642989724240665
0.77376733428931443
0.68175047400605526
0.046622986748247656
0.3311404392174826
0.51008334417940215
0.15354178688919676
0.18855900033086515
0.28511437504053161
0.87290598790493623
0.31635110817490353
0.25599197962170039
0.76064946912193721
0.74667668439994961
0.82697242695194506
0.28787175840146684
0.92654687885957998
0.38136625482264663
0.68718215859731502
0.74701950759269509
0.64833834060566298
0.65237225448282732
0.71068503873899824
0.14802619352937699
0.51637452825769392
0.57926305074806028
0.33070387693399284
0.85299594612298568
0.8222298143923088
0.1670380545121665
0.67773106971330566
0.45078864513616268
0.10145095806205622
0.61113343881632431
0.26523976163531765
0.47250432101187279
0.17087713800179383
0.85521201219599852
0.4944979501300093
0.97252735275607172
0.91285812467877325
0.77510228736303755
0.49096542423103784
0.9618219566514209
0.020308570992987267
0.10075070478086839
0.30863409569365785
0.37232548859912173
0.5119898304707966
0.0075738866276917356
0.85588384586651012
0.9917493945888548
0.013804423471635097
0.87553614641029076
0.41170864288251308
0.39337235901537404
0.19836180676074261
0.52156547868422098
0.22820146848183606
0.70928116442930211
0.23226982349158937
0.89670810958005653
0.22734173398416063
0.2439077454646793
0.90220824931103616
0.7558980112474849
0.31525246640716115
0.98193198494145817
0.72095010457551667
0.8678544585679121
2.6552812768076812e-05
0.33254010456018207
0.57050929091389679
0.6890695387078245
0.72722038368801611
0.14774793482347487
0.56713389140176973
0.60947961587562471
0.30342756743659227
0.60110298050227762
0.96551135783343556
0.20163999035385741
0.69848946514445176
0.87290598790493623
0.56597123686030337
0.030184592824779272
0.19937041608469089
0.81973814381066279
0.90422449911306635
0.49615773049636558
0.68730015005345424
0.46217015230444647
0.85893933451024362
0.173194481128634
0.20104071576862534
0.61361533836773585
0.32446142152749385
0.50449326598796618
0.94776157757775525
0.12563111889467099
0.59827584951978352
0.97854142050144255
0.86933245338201082
0.27896220216300227
0.23402107617635282
0.076992976313956935
0.72826311598347493
0.6708667420723371
0.98765993735700375
0.055943877582251236
0.383479476542118
0.22197754393152205
0.022583775523209285
0.58488254880524493
0.53622852751408745
0.93368526995504997
0.23796492536588987
0.25231950319251806
0.76515439393681706
0.3265330827604026
0.82809996669514818
0.42417352414074561
0.85550009139700633
0.39161523201525866
0.68718215859731546
0.034232100627615732
0.28027771185012867
0.37945151036845359
0.66743154747994371
0.34567909342604719
0.3035097157149701
0.73196497563936513
0.088204930395277034
0.85969913439445711
0.9792346691775845
0.0070506837638917583
0.6577103230896455
0.81932173407691367
0.46517249156344409
0.2669547850168939
0.42837588926167602
0.99690125067543944
0.12048315671918694
0.24741533903301266
0.66138654955189424
0.73922591700380713
0.60381448702005369
0.50885130752443919
0.17383099837699448
0.96841307493739037
0.092151541659559008
0.6113697509637761
0.15017433191816482
0.4427950174828359
0.80859741436981203
0.056494406165181352
0.69848946514445176
0.039201871768336831
0.46732300217892486
0.87117021574637288
0.23605457228274734
0.17473605565902314
0.62213413312478794
0.68175047400605526
0.63896569882364462
0.80933975209998255
0.048169338925075474
0.39709767237073157
0.96284967067454474
0.61952975060519977
0.76234118369257919
0.58746228374948306
0.28810901328555072
0.51232657354135247
0.63196868463254019
0.63042754589139138
0.78822600486475358
0.5745901481142548
0.40332085216807018
0.45917767641905327
0.49981790880886756
0.81187792591546915
0.982400422554357
0.21971869981111097
0.40770168329655054
0.60157439747690944
0.54815562479252278
0.38031239397715838
0.95807176023697271
0.28012270777409404
0.60287112056222059
0.82635632793419023
0.97010822313039613
0.87062002773669023
0.70822765883395955
0.98554967418261807
0.18827512240432359
0.69178077133187132
0.11668669066151956
0.67228765572049931
0.41725578516715667
0.69201642185998102
0.92145928140812872
0.96167382225652842
0.31652036924822591
0.4166485412379336
0.60157439747690922
0.64015195737053165
0.85922445152298277
0.29755485315220725
0.88258124856842801
0.80668437424742279
0.37469128064067581
0.29723101788242096
0.59215895676291497
0.57715908018756379
0.87912541630594354
0.55715748239253848
0.99883122858316664
0.56306754130388126
0.72594501412448498
0.093139154718819103
0.47836666621684532
0.80700362907315859
0.82584233402180163
0.20393042273430323
0.46334847199914631
0.25948557265723043
0.36128879313635415
0.92933690856533513
0.79508430222556847
0.039201871768336831
0.34388334558461231
0.35943952450393957
0.1607667277084886
0.96611285825077897
0.33140256705237514
0.0078308262417789379
0.40530864108437775
0.45290483383576341
0.97882039681020094
0.58312510049715005
0.84940359568691215
0.27481394517173391
0.15819628695068255
0.29966600793295767
0.079783750905442125
0.18145647070357479
0.60169226169106826
0.59521588664537006
0.19378707519373878
0.10678856108970174
0.38637292703926812
0.20789690291043211
0.82850934444789814
0.13269172424090556
0.80817281201460744
0.4055077410642996
0.29804108491391329
0.11820788572755815
0.31609733618967983
0.76885541882600217
0.86840951368839914
0.20490107925606124
0.91582439541933769
0.12350976006760679
0.81156124979118349
0.68564791410755488
0.26561188370825994
0.18383618803323701
0.14705423209523572
0.68493958323151893
0.83207675423843552
0.4057068993367467
0.41786354141723542
0.49151662755695447
0.80796039956372345
0.34146908453370628
0.14340110312582036
0.42417352414074561
0.77499111898641682
0.52609581924766546
0.14909697918783588
0.029647426607930957
0.54137826141197853
0.050470603254741925
0.22517079802645867
0.26397749121968772
0.71126971181344634
0.59074913404637486
0.21595232506432405
0.67015616045763138
0.46786140362661754
0.36082589329583431
0.23769128224399816
0.35566798669397282
0.22464698385199575
0.73150273332758164
0.86785445856791199
0.61645340175057806
0.72930516108658283
0.67027459633621844
0.31483062974781373
0.80166141783603417
0.79508430222556847
0.44447153279798579
0.065413158146166966
0.75419597077315947
0.046772216101822431
0.87235891818320666
0.11702746395829108
0.91911031596786352
0.11885960545423273
0.005951307306138214
0.27496675984252783
0.6777310697133061
0.94483611329203054
0.52043526761376635
0.74793323088180552
0.13009317838586135
0.58359363532226616
0.34316681067713212
0.4600316572228893
0.43074353930235937
0.075901474073063288
0.97455445577980049
0.73715517001576458
0.42040135872021828
0.8136691763691497
0.82820234305312213
0.084012920195357568
0.017115666924274905
0.97002263502301489
0.88703408767930325
0.90342037140887199
0.35649364062289363
0.97689371041754458
0.70986622420204482
0.77176112669962649
0.27642166100735427
0.82491582663568574
0.98677406134578372
0.78581600684508424
0.62083179841350389
0.66280927517990595
0.68623808554780119
0.11321574395550013
0.30871724997355965
0.54988313026470459
0.39542843586881382
0.2993405124687879
0.064115794442842197
0.36556566041830429
0.93936524542345634
0.3258415109087513
0.035100074321099357
0.23408863790480092
0.92598224994504763
0.55484493352915931
0.71395707198636216
0.094638204528805087
0.42396913137367803
0.80080251984767614
0.062127355848687435
0.74507558025219067
0.70083954187027442
0.45576990903261505
0.99594337509099318
0.67205086052124285
0.95905378563692012
0.74037496942734182
0.52292299372898521
0.038502550913604432
0.13005162838755141
0.10643914098491522
0.34992386241761164
0.041998185021095619
0.50706147898302045
0.28850475670689169
0.44447153279798579
0.83792936034096366
0.66956394805846742
0.99756836333554322
0.45163449607716322
0.44007798145227628
0.14608770219355011
0.1967684146386536
0.82171168112319748
0.25382678317941876
0.62189732426801836
0.3206017686138608
0.038780877992918426
0.15140015057900791
0.51693776217910514
0.30424976881356691
0.005238681426541352
0.65569390016616691
0.77975836929866216
0.19759331488150825
0.8934427321870575
0.75226384576872718
0.51378684124132845
0.49361374994270102
0.50170804952038184
0.52995831693144713
0.47586546945348174
0.054397878594451422
0.3439729833601155
0.63173157044396899
0.012859639900957282
0.01871793159483361
0.94574087860149103
0.16327131015947019
0.47326227683538757
0.48273147092452173
0.60735423522349752
0.55045935606487795
0.57167447149733364
0.13067608134030745
0.083280374055553455
0.26509102306224092
0.85703269333926713
0.57015986029238186
0.63635621387980801
0.26102537429413575
0.15469443093933219
0.60759033355702474
0.11124204867121075
0.048186403641171854
0.15140015057900791
0.17171680474234444
0.70600194881877298
0.24989370967780003
0.0053931319763759382
0.65818473583580539
0.22016900242782816
0.85251245617844906
0.15263443448274791
0.24348943213403748
0.30015473009251836
0.33491124570679615
0.34102326111761472
0.69331217781449039
0.12442650700879841
0.68245938713755971
0.35805665549019444
0.13780450478587691
0.12173305357689054
0.28818813010738908
0.34992386241761164
0.10962038249253706
0.3374708901705088
0.28850475670689169
0.8838987688928498
0.71430733326988705
0.081942990886297251
0.018703834919214749
0.39631161594653819
0.39758943855710338
0.73634904182105476
0.209934276512073
0.96657135343179323
0.88850141570752261
0.71185422100426476
0.4845921740514828
0.57424006435582076
0.37053389639792012
0.73034650921392719
0.40114104543295825
0.26747840392245831
0.41705331356641206
0.52961708306676691
0.72199675554087772
0.054207404724396405
0.76425503555953911
0.02476503324037314
0.021968822626910935
0.79410854155380883
0.95060004186567082
0.71302274122960085
0.10364569836525414
0.34004383891003453
0.41341858692013728
0.075592185547874863
0.47695217189561634
0.025623468649722203
0.28315675295605597
0.14760897222225325
0.20368833940844619
0.99088191760195266
0.029614831237317077
0.10429509080207895
0.36045585301726302
0.62450270506084005
0.099922637349269011
0.15173162341937538
0.50393569325893406
0.17904776891018631
0.95167718340874219
0.56864632746058796
0.65747311070164027
0.56109547870720944
0.92131348385353806
0.57179102418764183
0.31239184356943306
0.45332869502819451
0.54815562479252278
0.96747740347470568
0.41412388749786039
0.31071774242304684
0.19794770247094931
0.41796488388733688
0.6721692593297548
0.16489135059106688
0.95105517723895916
0.22701174735175858
0.53817195441480625
0.041519656414976042
0.24727429201078738
0.98892757285637511
0.93923768690376208
0.71675740508709918
0.94471486470325416
0.75793695592615129
0.17553787975516619
0.60475809648241119
0.41523363484648823
0.8838987688928498
0.87107858584641806
0.46775369865160166
0.40520911296095952
0.54367249500275483
0.079918882990404908
0.23052886224829641
0.041773242567072821
0.27919401745440775
0.17019742876766797
0.44436665070094461
0.097927345184204609
0.36696736995478141
0.35319861481689019
0.036040646212614325
0.60334277310839646
0.38069540370744803
0.41604181029873916
0.78306823223500133
0.79421702623531742
0.42192829225106454
0.31550575984404927
0.3510131904803917
0.39896834896970812
0.66020079538601117
0.74564764064577815
0.71138662681430209
0.45566362756774026
0.74404521323605377
0.46829234681091092
0.85741483432093046
0.6432365089100992
0.23530736004465758
0.38328706286570402
0.87957089899733365
0.099988660786052397
0.8147202548501562
0.32540979544952159
0.9416368797310164
0.27557865237659435
0.027414752443876502
0.72606099816029301
0.80090994366360813
0.44143536629977809
0.3177069829575882
0.17510986129081507
0.75669139232406746
0.32800605188069654
0.49804179796715364
0.49228878284629396
0.72164794128123011
0.45725919673543414
0.7403749694273416
0.082386631934544735
0.87580689884312324
0.58008176418838908
0.12339061713175647
0.87885778607989851
0.28456523848932697
0.13832933444012899
0.47109826623314155
0.67323473837912828
0.51693776217910492
0.24432661485591931
0.5253019239510579
0.078231145488576515
0.70353944825996506
0.5189674338313448
0.75158113343336042
0.12741613518541547
0.57961389383446593
0.6939009746820558
0.054588965388050567
0.41523363484648823
0.19483508285902931
0.30548606503458936
0.74496113671546405
0.2158255587369233
0.37659079756163433
0.34657932826331556
0.11369544156964259
0.69425419691779533
0.31609733618967945
0.61160607580660942
0.75793695592615107
0.46753832572025489
0.3449600385062262
0.015877631784265697
0.24383798796798606
0.16770722584151446
0.51333734722221669
0.89968078510693528
0.049342499004297935
0.97381016040943924
0.32214175998237676
0.6602007953860114
0.3594395245039394
0.45078864513616257
0.27849900022169249
0.16484052131889618
0.32748565580948635
0.50059582642948408
0.34263007154356767
0.8960420820544549
0.47326227683538735
0.29072828181669341
0.59145395932285993
0.854923707671297
0.1621652896756334
0.56155931229534461
0.88310903801058371
0.1806323356339232
0.78702195750091863
0.22497425473622343
0.060362849855960507
0.30490867967029944
0.19332277128930081
0.31365160914106788
0.019159948040749254
0.59074913404637475
0.57680860194405104
0.15599988334326167
0.79269672988770301
0.50170804952038184
0.19384517705428631
0.83136538997460341
0.53748575511363894
0.7842784378585872
0.56562257039613151
0.16448508361862177
0.22023339116178547
0.09526910142021848
0.98543994429143744
0.90622090491611018
0.8358189577493973
0.60570194402384614
0.16458657169635293
0.67430001290815611
0.58793159403354944
0.39542843586881365
0.80859741436981203
0.57879533998665678
0.764255035559539
0.94287885283353856
0.23307681365980237
0.23612259244540734
0.82840703194362864
0.82953129495449829
0.19483508285902931
0.23294216295543271
0.20697609356142657
0.59262904972399066
0.7204847270409358
0.54654488991868466
0.1016518177893008
0.40720244223060603
0.27726658831837342
0.97220089809779153
0.63991470007483064
0.3790692905147765
0.50739687002204725
0.14093470809547068
0.10395286002457212
0.10983540047886939
0.77843067595659798
0.8343054918534355
0.047155582649167187
0.18793493132234518
0.7033047913388637
0.50627926376992172
0.040635997744050099
0.14080122612312787
0.49195779201831924
0.040490426636674084
0.72745216086246911
0.25534094446878042
0.74701950759269498
0.31694380103976605
0.28136451978781074
0.86766922559736903
0.17872136584354192
0.14142506759273182
0.016132923285125004
0.69825434235213968
0.29909655850253752
0.08729333357812924
0.98054647114667026
0.7182725394587437
0.63268006032750135
0.30408520078790607
0.14517222838539184
0.9925074007918312
0.34956125490634088
0.52620927009129392
0.22055555914155262
0.74896034209468643
0.50627926376992149
0.19303304236248123
0.5224703364132629
0.016896758744264398
0.072091472457549891
0.17932014772301708
0.012663624113041434
0.53748575511363916
0.30647768895074273
0.78372857384179917
0.72559701277334032
0.57786019491148477
0.41331788705854627
0.068361014924061742
0.49306148546752337
0.52711721059935279
0.97215992917435512
0.46142110471966535
0.98899670188566446
0.70588474567954929
0.51806496666330881
0.24734480776986859
0.69601966640844037
0.4778223922704945
0.41241223440780694
0.82953129495449829
0.79237053068813035
0.44878310055394688
0.77064463442738274
0.73080910432062596
0.45047166625229385
0.51513628289751756
0.85827316755082683
0.68316817550130426
0.9955125586351381
0.12676451720950824
0.77554681881651188
0.99094286840946955
0.65889632350700522
0.95992123273355123
0.0051702694919417069
0.64727050182195478
0.48470173141798945
0.90342037140887199
0.64655860863690806
0.078763433078764614
0.60428626168310795
0.53817195441480614
0.043155220107617208
0.89562481745198186
0.13828553333660643
0.29184473077461998
0.70822765883395955
0.5483858566918185
0.18753867878638827
0.69895964874785399
0.59839359874515896
0.83197519607857062
0.92899118234128197
0.39719599602774402
0.77487993643288455
0.47651734760472975
0.046128720379350764
0.8212968076313798
0.29168504673468443
0.85808260474658382
0.37792409128457205
0.89679122468670636
0.97641452969619513
0.92801854037080111
0.26205575480377136
0.29096725781285115
0.97790552624949012
0.55738889883028109
0.46110027343057647
0.17580583159113952
0.13059267188901111
0.85405744579463727
0.93118881422810595
0.011889339885148932
0.58605484398980878
0.43633096752241396
0.056870796029580305
0.51626191104288566
0.88354806720709855
0.21367960332280322
0.77387865783153864
0.40530864108437759
0.65189769690059141
0.09026450332510598
0.41472898960088567
0.79149994426439363
0.089963384815548469
0.7671749130440626
0.73450473570984176
0.3907384816014941
0.095047864450639216
0.93448461673198246
0.69472509399783933
0.33438332690306044
0.79237053068813035
0.89579181523846518
0.76132649161198596
0.49273026030474232
0.36360911105305904
0.24918366278195589
0.60546596008857478
0.23106344798148298
0.33782498911481407
0.275961600317012
0.51008334417940226
0.91777389225908435
0.37564027535562033
0.32179909365474618
0.039755503744534883
0.47239609006707872
0.81103307656473411
0.1069636488556841
0.57891225907721044
0.67844064026132234
0.83752814399070963
0.33096576668469785
0.69825434235213968
0.66707608425979492
0.66292782623989543
0.48887341958128516
0.67027459633621822
0.8392308094317914
0.60251742179249435
0.019841523814077687
0.54241025704970824
0.34460088887434437
0.29112665485614631
0.79356586853952438
0.80933975209998266
0.98869512571385199
0.99010814914828882
0.18322499046977025
0.43508587007557376
0.17623525975220083
0.62023992211870549
0.3558513561115535
0.9380832516715919
0.25196164018848505
0.47261256408118646
0.90764593977653318
0.43260157444408948
0.74198197562855417
0.1158573293078239
0.075360964562533536
0.73254257785760002
0.62355517312558084
0.10344136838220032
0.95150798245952883
0.55265077265430018
0.60039597573252634
0.59286412438417557
0.82056999723231372
0.26920430960491171
0.89570833166205799
0.60027815580688382
0.98857773519247705
0.62272619461480627
0.49162690187235047
0.75362804289375451
0.84548269343509763
0.22899734002533201
0.51300033208817553
0.042360426062745579
0.39503629704325505
0.035470956475523008
0.16286839116687551
0.31080129583457444
0.33438332690306044
0.44363284864760788
0.59486300607621656
0.99903894079028177
0.29112665485614631
0.90937348070811863
0.021626854993867267
0.11828439680692675
0.77265333005955183
0.016611107445564596
0.72339131026838255
0.49992900760756342
0.027750021064324448
0.70154414749416372
0.77287624239183272
0.45875099086304538
0.77986891462643071
0.95585406949058371
0.3766859337227958
0.15445369573460413
0.95362694810120385
0.24798014742247898
0.20086121479494934
0.15215870562826728
0.79073732430385646
0.42223405959693844
0.55103577558814876
0.5009293808797588
0.95296349158360072
0.66636510656813952
0.50104058714441402
0.94000089865995928
0.92470380179598
0.49770908633412214
0.64928752384088395
0.7635799779371486
0.40332085216807018
0.066803302610787388
0.79128213421238336
0.071919111377954592
0.61302428703887357
0.047575568350984192
0.41020332358750933
0.18068718170569154
0.19314889139902
0.6641132523352089
0.83044921649381509
0.45163449607716322
0.36091844220272301
0.55854641654000958
0.61763640286805321
0.26464518527742981
0.75396883424804084
0.22740777665848261
0.78964649008811949
0.99971422191458259
0.39025192119061519
0.36931126655468655
0.83177201439614323
0.92102148275867401
0.44352807306278941
0.81493023793309827
0.0510975152312639
0.51964469243134259
0.27359370886443946
0.56852994705290116
0.49682233490222949
0.15335038718429694
0.18601669076347255
0.66541703373112449
0.021297877917244513
0.57844461723618523
0.69813677325263734
0.60865294756501709
0.55253536605574949
0.44363284864760788
0.65569390016616691
0.82450350370764947
0.30285297660839056
0.75635144287127021
0.8106101972958375
0.12782486487100389
0.34621904556065708
0.1158573293078239
0.8884153390341637
0.38174993186062289
0.13281858574787994
0.4395565156197665
0.27680548097439167
0.35676913940673199
0.28692417240679186
0.55982051733899918
0.20465806641527978
0.4217245177723532
0.52314937931234973
0.12729373673826924
0.15498373146534095
0.036236796604728498
0.022642779247707592
0.70787637790613456
0.10612552255942093
0.56864632746058785
0.76526675568459024
0.8121944307092186
0.14599593425316437
0.18256013876364197
0.10894192525944332
0.68730015005345413
0.87290598790493623
0.058297680328773541
0.52167855249887574
0.056573456318398559
0.052965528019224058
0.8624395897705025
0.16998874121442564
0.38107865620727116
0.74896034209468643
0.57891225907721044
0.22707771445125596
0.29715009896823785
0.2166506015987992
0.9238453413334734
0.20894446577863793
0.83329374724064598
0.22210717488463194
0.65355861296415818
0.32102902624941748
0.84754594566225805
0.32705242956779129
0.057489830058041987
0.94531966516527632
0.41705331356641206
0.81345872885953918
0.36416742874841507
0.36575235419487812
0.54000331945913593
0.6291237066702029
0.065797912270114917
0.012943819192387044
0.42847867826901137
0.27989032079152809
0.6344587041694425
0.73807588768098442
0.59851135220485108
0.95105517723895916
0.85827316755082683
0.10879956241103125
0.51311266041724979
0.55253536605574949
0.61680827371392954
0.74152303129791841
0.98465708284343278
0.1751098612908151
0.32852702010904161
0.39415485344714407
0.15177902681667577
0.39572269578385244
0.74964459137933304
0.44237642240199881
0.81952997910078718
0.17134902894630669
0.10872844221277916
0.3468497054150057
0.58887045668162896
0.87052823448233851
0.47749597040185776
0.08788049317730369
0.40950195260336153
0.90701387498475583
0.081749572013082014
0.27496675984252783
0.38869744283663249
0.21773329426958937
0.47597408591695223
0.406404412026588
0.14254494345093338
0.40252737425616952
0.42601557806404589
0.10252626981994861
0.36184478529665126
0.22628710622763554
0.92145928140812861
0.75589801124748501
0.3987711846374416
0.48087413298279091
0.93401894663945684
0.36752902638123547
0.12075561469690195
0.31609733618967983
0.4138215298059435
0.76549144032569749
0.57120832353444806
0.5940397765320139
0.3463090926439622
0.42040135872021828
0.14173787284223835
0.41100575682213591
0.50137427019913616
0.69825434235213968
0.4574721570102932
0.024682523722705019
0.3339438303367942
0.24279347822660824
0.008383133454695435
0.61574373222787249
0.67773106971330599
0.84676118392724264
0.72339131026838244
0.61515241802822884
0.72362362575437489
0.89778620215292626
0.11581975354652257
0.031654164034491533
0.22966223318737827
0.03112668207835657
0.93461734851075773
0.2831567529560558
0.80689722915734752
0.22023339116178536
0.96047688130560327
0.23919935749434504
0.36054833978170853
0.085122550444001938
0.61680827371392954
0.42233601019993883
0.75748419121786281
0.78614509014887957
0.45693985224371581
0.93801877851032078
0.81848795312012179
0.22517079802645881
0.3917127234063924
0.35192268785565478
0.68068687612775491
0.1134000332587904
0.15997210896645669
0.40850122348402862
0.54447625428145563
0.98370102951107408
0.072635610058116959
0.77276479317232849
0.56202325774364781
0.86272184028612742
0.92116755094822966
0.1286868855077419
0.36054833978170842
0.30064402702865617
0.61302428703887357
0.26965591939940647
0.32308540623303472
0.37270337185052554
0.97520947031338945
0.64857563725885314
0.21136371705411355
0.72814729059618633
0.95042876563263834
0.65640560816017723
0.93207140821087853
0.56469308880228564
0.00082916733320000341
0.47956511103224597
0.33959927874799178
0.78196644715330443
0.46409910161068413
0.7120879784290397
0.86375474729747104
0.10749042633931934
0.90827594455451977
0.61657168967276155
0.027263616803859966
0.073308481247088775
0.9025321761113172
0.94188642189462357
0.43043430068847477
0.53075484604734058
0.59851135220485085
0.52882118885906193
0.64003332838980131
0.19629830128469361
0.63647481719435317
0.80965761672614667
0.81029283971035959
0.89411633603859419
0.46775369865160188
0.87006886075319834
0.50004011717940133
0.46937056608496053
0.36940522269506032
0.59298166872695179
0.58172001884773739
0.32128557201374291
0.18433750585992523
0.66517999782762116
0.5019306224700455
0.81050443028005803
0.01575741681734711
0.085122550444001938
0.682813797080144
0.5160367062345077
0.15111651941005844
0.41826899654098731
0.91836919848766951
0.021683498728146559
0.96284967067454474
0.30830163824169365
0.35310737545581716
0.67690310197396775
0.56295148214585145
0.046210761081482303
0.8101870161850504
0.93936524542345634
0.96027534007629456
0.14508095025038023
0.71442407325982726
0.21747815620929925
0.83541585605659385
0.91881427150260409
0.15868789838263681
0.024838592701396458
0.83390105860758068
0.24748588580137243
0.50907522182478149
0.14227548512353189
0.24565670600455422
0.72408816122467146
0.64371108238899266
0.22301627192813295
0.13286089610167481
0.30871724997355965
0.8705282344823384
0.43924379784645295
0.70963221940091059
0.98826886324240404
0.97244595514801069
0.19067060928715363
0.31949276310498276
0.6081806402521448
0.83440654491138999
0.45683342967626872
0.88231696417037564
0.21798867056793694
0.5363427777211035
0.84032902715290447
0.64537212620431195
0.86822460271692425
0.70635352234445847
0.65818473583580539
0.75612475068241169
0.52179163587014077
0.47543112334824378
0.39946151783500411
0.10313553890082397
0.23496832966246528
0.26792783531448194
0.04324780924247864
0.8502804889558897
0.99752615579816561
0.60039597573252634
0.5403469416127259
0.86581102109627128
0.15454995181075348
0.67477340033050637
0.85076680045373554
0.59345189263416298
0.95071404408778704
0.75816326612680529
0.042284721594254782
0.21811644808850386
0.54838585669181839
0.78877266478879848
0.44709789604079253
0.682813797080144
0.074874922504692479
0.57062578051042967
0.84725183934811421
0.25267775574109003
0.8160837510749579
0.72779976366534815
0.15726575857874078
0.22760599540361701
0.25635421297938887
0.13710738682927079
0.32368691149787682
0.52348902869338332
0.26464518527743025
0.48316898163739619
0.17623525975220083
0.75816326612680529
0.6172814743018562
0.48437309398560735
0.38088699961915362
0.57879533998665667
0.32377290449948515
0.065911465554465254
0.28582155367157841
0.45004921064423953
0.85202834979642239
0.56295148214585111
0.79008301744874765
0.93281360150055903
0.60806257199651714
0.66352055878347616
0.18041308874213735
0.48953361206953383
0.22210717488463169
0.47023402488649557
0.14636330055766927
0.59568645684418853
0.031183616617384009
0.93481618197728955
0.29104694836304229
0.55727318696749328
0.67619330223001062
0.79897364187064779
0.54642989724240643
0.49748733301955905
0.45216357610118652
0.84666298123203976
0.79735577072597308
0.13516293469420443
0.55288160864969904
0.18998365360781913
0.27757431047634834
0.57715908018756368
0.90851166420830831
0.45110574147528559
0.82160799328063683
0.20624181175914685
0.76773541364870934
0.21367960332280306
0.73173387225798725
0.85154362867316846
0.32034560523236993
0.89445240822278005
0.28097601658275734
0.98698000580514067
0.28898017458221492
0.16843037399367464
0.6171631701168353
0.21735067648625234
0.8365235256349719
0.59462777492189778
0.78931892575342255
0.19431050330514613
0.44931041706587638
0.20104071576862534
0.45630150901047661
0.68245938713755971
0.34289837016105557
0.95915638764208488
0.47434609808695805
0.98646127724438226
0.2095007721794625
0.044866161707104953
0.29561567197936861
0.74381612865194446
0.22840023192053155
0.38966854245856852
0.25570247436307297
0.80284055536025001
0.55611647047845381
0.050863831817231135
0.64252466004946995
0.9288526490960487
0.52859387257172996
0.69284105739486379
0.97057636752681553
0.28937679433831026
0.80700362907315848
0.46270556381694605
0.209934276512073
0.74496113671546382
0.75271876074308575
0.36017848596459595
0.36342312905404556
0.9955125586351381
0.30963300082504325
0.31289531889859085
0.29017122910316701
0.1562912429843103
0.93321664700839591
0.26139301394398234
0.20851260386119369
0.53007207968170467
0.80806661505001043
0.13046764376329775
0.3398659674526015
0.90558422389501569
0.93724233091140041
0.11270112625399591
0.76907925953634704
0.74884626218857608
0.76121368558581182
0.96523166067545429
0.30606423286834905
0.47077408418157618
0.45100002965199326
0.28519288677704396
0.94435025397223604
0.32026024930744063
0.11797861100245705
0.16022007188342013
0.24376824591621218
0.52813934976686927
0.5905142308879674
0.74117871755811771
0.86469099960943652
0.87071179379731145
0.061505571769249909
0.63766090299220046
0.42704089588342842
0.80774791308333893
0.68706416318461172
0.086942720541604263
0.890728963435236
0.69284105739486368
0.53303306827224151
0.81018701618505029
0.085581561012339602
0.20104071576862534
0.96167382225652842
0.23865010699631611
0.28307865487297273
0.99134243120585497
0.81482525611002754
0.95874510062005625
0.45715273577770554
0.21997592592163198
0.44028666203611022
0.77465752885185712
0.95071404408778704
0.8701607897839323
0.43986935471070499
0.8136691763691497
0.57973085291485793
0.65367724571490626
0.086129507865095795
0.9256991107240311
0.3206017686138608
0.016041303716625474
0.51457384102408232
0.35851722267550779
0.94477550702255586
0.67583836407041109
0.061697930088418285
0.083336520097970032
0.87841116908746986
0.33853394614419885
0.8184879531201219
0.50371273803581329
0.95466666694260716
0.12839898918227199
0.31214032136992625
0.25686199656771808
0.22562992651601352
0.74152303129791863
0.11218855560273565
0.3500145535123303
0.31365160914106832
0.83258421766147772
0.96122744155105733
0.90558422389501569
0.18697379257169308
0.071526540224193594
0.71489096401464902
0.764255035559539
0.89268260785342157
0.14489854060973897
0.91537131895720503
0.82942919621406563
0.73830597104288953
0.22418943695606933
0.86478448005094677
0.22308132002161379
0.36119618210990567
0.58441377832286046
0.5067261814390307
0.93071112773792053
0.55808332260653515
0.016423224589732537
0.0402874389424435
0.24216843871894411
0.81377437121156126
0.86168577652700251
0.54861612013801353
0.60959772475180873
0.62959780769631646
0.17834118424491766
0.97412512244032501
0.752491325988209
0.25875476487615762
0.41503173384899589
0.085581561012339602
0.17639651926660888
0.070795684468977854
0.65118584757535269
0.22282121775381986
0.50059582642948408
0.64560942165708279
0.23381848254591833
0.94435025397223604
0.22727570642774961
0.81029283971035959
0.78767894776837211
0.48470173141798922
0.49693314061441785
0.3019516290293251
0.45068297245202726
0.28660882003464516
0.70822765883395977
0.97678366091053692
0.85492370767129688
0.54758018346152371
0.82025820346414369
0.54873126367214531
0.29072828181669341
0.26227695122662564
0.67003772236286574
0.034960341931657021
0.40153684588126298
0.41130690725723118
0.62817558435693921
0.51626191104288555
0.18118141505450588
0.56841357314339935
0.87625759441029982
0.66683909921052775
0.60310693912628466
0.82191899566222526
0.44573115391692641
0.052612885449896611
0.31991898496209348
0.51165317842975644
0.46560219644525835
0.21155073958607357
0.65438902904862539
0.015448889758370032
0.35870155853792546
0.63718645748620939
0.25744325947515495
0.6918985988223556
0.2311303395776855
0.59627476964050041
0.7124385646855661
0.38482806411714066
0.49184748410863199
0.42560584140081492
0.16397842911330379
0.92355809527433363
0.87308812451439977
0.88529692252539949
0.89106987028177131
0.80069507848404575
0.40153684588126298
0.12110670438605613
0.067149221308474796
0.36342312905404534
0.86757656893340362
0.3589781790705644
0.63196868463254019
0.5934518926341632
0.4517402860651033
0.53246317787346809
0.047491296513759822
0.83075480239027888
0.16061748454259664
0.18156658935171849
0.17639651926660888
0.68812597842555367
0.11740711796228344
0.53303306827224128
0.82388439677805636
0.10316948055884793
0.8970403852961002
0.44468133687645928
0.031944329860465692
0.61668998033056299
0.57272367046393657
0.8624395897705025
0.20032349042128136
0.71465753250439246
0.77142632291465896
0.34146908453370628
0.55750461797296014
0.62924222948205033
0.081007355616020585
0.030019194756142783
0.47532256678429863
0.16337217038776466
0.10498252953745354
0.16407965528702709
0.81807058372046337
0.72884211539409693
0.47782239227049472
0.12713069690740109
0.44227180705995939
0.02138567352369819
0.86868667847601266
0.99838906611632816
0.76638965876527498
0.096062965608472842
0.41261338999193969
0.39288378375640975
0.23803337448748341
0.47488846052891887
0.87571667593149882
0.93942897122277924
0.45640786750613227
0.41553659353004274
0.44583620855144868
0.40880129020915068
0.61255150055108087
0.21760569546611838
0.83662408860750559
0.7974637489616957
0.49394524190130473
0.60818064025214458
0.16580852322993844
0.45100002965199337
0.75237759155460004
0.013460024899337742
0.64193146458202721
0.90590282013446033
0.12794770447020337
0.5867584712493179
0.86729843838222809
0.67062989055660127
0.5892226126425919
0.38059962851024637
0.25744325947515506
0.27973547555120565
0.14742386154685072
0.055924306925029942
0.10855082014990343
0.7215316543959549
0.9337520755918528
0.29472995256859108
0.095079441807867648
0.61799135523920179
0.78888194895566988
0.18156658935171849
0.63362863539028691
0.071379825908042968
0.17308858343636779
0.17866701319124034
0.41523363484648823
0.6100701933725774
0.63576321252570289
0.50728506263093509
0.72408816122467146
0.62248936332465832
0.36054833978170853
0.2509616950126991
0.53714277135414046
0.20838934656939753
0.50315553507093613
0.58687576052123591
0.55403624256851702
0.28723977957543856
0.26950531962315921
0.68612005892644379
0.81314291324746779
0.42141896174714377
0.21399411151045633
0.17420319652227279
0.47142255797965382
0.0070590194091520895
0.72733627646356913
0.87254138463774056
0.94050685153173597
0.81272155691589598
0.12370855328050505
0.87062002773669023
0.33711704434217499
0.13550687492640687
0.038892730826646037
0.39151775555365909
0.73634904182105498
0.59815810453813389
0.44059978379877485
0.63113880993139571
0.99221729029716688
0.96480964874596609
0.5978048951495728
0.64928752384088395
0.28175342031109718
0.35292494366852623
0.074900433073862988
0.733697106976405
0.9515644192081395
0.6868281605388582
0.72664079462889086
0.38002529607356744
0.1402240523028887
0.79994249880663759
0.92619424365957082
0.6946073768262786
0.41503173384899589
0.94331015123419815
0.66577257446178428
0.37583025765672606
0.29033030731920578
0.68635610831119809
0.74827569909329372
0.9712912506679674
0.85241568416279101
0.20140010728407692
0.69778403529255195
0.58265665243187681
0.15731461851215497
0.61231512571722591
0.38531041936048571
0.1187059789167063
0.30121559993576685
0.75510405277287318
0.63362863539028691
0.85086398956916298
0.28534995799771823
0.12177229363164069
0.04953472657407617
0.42683572086699517
0.76706277330763417
0.48152927813643787
0.74358700280193124
0.51446138252812734
0.49726562331181545
0.99032131857394834
0.56097953784898202
0.41070473614643277
0.85636297342376544
0.91792291955789562
0.92759961837937643
0.028526343973593306
0.29747387039247175
0.70389139082966468
0.95145150928198796
0.76661408278040222
0.79149994426439374
0.22165372891747415
0.70166156263496937
0.042603523932416093
0.45864435127733916
0.1135845847298679
0.25346728319876288
0.89992669221629762
0.091051614749002197
0.59874687178952413
0.24960950444430816
0.85280262422614794
0.67855889140432746
0.96976500070451011
0.87733640698136317
0.69437192827370842
0.52825296672960587
0.96504446523799869
0.72071743104402775
0.22321146127084257
0.75385524865824849
0.91933199671326082
0.7399154665591634
0.78372857384179917
0.48557860564846633
0.27857616085996295
0.53577161346770086
0.74140827007534549
0.0041194615657710295
0.47088213266896584
0.78789781815324622
0.41816761145234616
0.2782676135413561
0.0676827850416407
0.73761560547408533
0.031921025488453623
0.73311995553282616
0.53794318704382316
0.14097922611282629
0.97711285540439485
0.30268895151655384
0.47695217189561656
0.62000318848405755
0.1814014320382126
0.18041308874213749
0.52213094325697096
0.51266340747079653
0.53817195441480603
0.5298445632409039
0.62805707674747735
0.92240366177547628
0.75567122467805259
0.86083575227637077
0.20925337824304746
0.41715454224965937
0.22087810111520115
0.88590626496720304
0.45237529911050145
0.16796519488300768
0.84881790957373726
0.0487699262695123
0.71524105904914803
0.8365235256349719
0.81723489163891505
0.74541884800139069
0.32861390376491989
0.15182644275419513
0.68198679208368151
0.22379784072279185
0.71559109109227415
0.80069507848404575
0.71010020340493774
0.16874109034699064
0.088589732943422733
0.25512421404587965
0.76492963165722849
0.28945616609659697
0.64940617099495368
0.67512841279690838
0.84122550394199325
0.20200024833741043
0.20386988013780036
0.38184588900263516
0.51255111940942877
0.19954883697383269
0.45513241313678721
0.28850475670689169
0.96725225775884915
0.72269417408366299
0.20660869002734272
0.49041450183487778
0.68175047400605537
0.38155806303157502
0.40800140210360597
0.91740073918027765
0.53508650353152531
0.045720528436194612
0.89662496370670652
0.31331532055919792
0.86868667847601266
0.31197271970875295
0.22899734002533173
0.29489084885738143
0.64632131129344383
0.47532256678429885
0.54011785175495586
0.40431401633747532
0.23368349640766523
0.59380460916904454
0.072635610058116959
0.62627967742157575
0.86896360095023262
0.66162368454081555
0.56109547870720955
0.1585894733377762
0.37545035415424527
0.083448913847487163
0.097023337112493696
0.18765182382593767
0.99807289060066573
0.89055833017607233
0.77964780918268917
0.32420310827076665
0.93166479087468479
0.42519632818511005
0.86534480830845362
0.86083575227637077
0.57389003535625127
0.92654687885958009
0.41251280501302906
0.50650270176650936
0.55600083921761256
0.4234583948470298
0.75782378276649065
0.86450395964539539
0.1727712131966796
0.31230798687546546
0.4530107796956574
0.61846466162624225
0.5847653482288182
0.39926420606710178
0.13264946024919477
0.79800338330055043
0.29698830902260942
0.042832599712594351
0.76807155504158187
0.96328517780782819
0.91408112961750398
0.50070700051637562
0.90984191060126429
0.28292250641697397
0.25882777511629051
0.57552397075567807
0.7252489378369813
0.788335368680531
0.42806760549267797
0.53691415856952962
0.3594395245039394
0.57926305074806028
0.64905022896561704
0.80625844451529771
0.887725659189468
0.57389003535625149
0.85779656978488195
0.3533811404678
0.15707044672690129
0.97002263502301489
0.016794664245681525
0.43249823338483834
0.24265447260363335
0.81387954675999497
0.076160084446697765
0.053583168466643648
0.64916887649405264
0.51255111940942877
0.52100025319295673
0.81618849854292719
0.72976806910506709
0.58417942499417996
0.74461774343686815
0.74816155385802796
0.22701174735175858
0.59063168004397792
0.02646090184087627
0.82789515022442683
0.42213212306895054
0.95801970849009721
0.79367443637555213
0.34013279833246213
0.67406330335496167
0.78855404859422662
0.17140152817270041
0.86905585453401257
0.12458654167436754
0.8244003710384088
0.96187126154610658
0.31728283353694786
0.93361842918092686
0.33835661201059924
0.87876851931003597
0.60051379973188279
0.74393067610910335
0.82347124512415348
0.78240734286199809
0.48087413298279114
0.91185824164993778
0.016661552840488071
0.98236943157083989
0.19824341955589234
0.20526603479530595
0.18289231578504614
0.41412388749786039
0.96117766058095089
0.94562071241545831
0.035819536907540778
0.91046466545281368
0.22873180716431746
0.81419495749857917
0.18748212725000474
0.39965888854147097
0.11182368360108111
0.018682708741898781
0.30963300082504314
0.18019406158577114
0.93084778393038525
0.55172773337466041
0.5728402792155376
0.043309637336321108
0.74415974001906038
0.7974637489616957
0.91262787424273661
0.0089621971520632681
0.30863409569365796
0.28190909178370055
0.98513547596339845
0.5483858566918185
0.93308243880784458
0.21550890261208694
0.72234549992776886
0.039555934978826986
0.89811687313621535
0.15008038769279911
0.57004339616926636
0.94038057762058969
0.41897908958276864
0.28472205507895831
0.062321483711669415
0.04248181411466332
0.52927593092711134
0.75940710673705047
0.73057782427233486
0.69872456731012411
0.5905142308879674
0.9686774626779191
0.026755581839368759
0.029376821425292302
0.89285173626303704
0.3091332608698652
0.71838903724090974
0.6426433004976202
0.63517023751817092
0.94863975336194206
0.42458247779678027
0.81008117385184197
0.27124103303516411
0.92204111679563117
0.57599102611174757
0.033922584324757012
0.84852474044385751
0.03271042686569027
0.42407132074935888
0.050275038407824997
0.59603943124750947
0.6467959062318851
0.60051379973188279
0.6832862945799294
0.55912544590267843
0.45821792028158292
0.03350582756638313
0.41402308727059722
0.18239423674157057
0.25787986410858477
0.52258348649407171
0.45290483383576341
0.49471911085969755
0.8378290901473292
0.5692283266795557
0.85318916911871967
0.7320805139654506
0.73657941150946349
0.81681657078185022
0.87939279114754432
0.58090075455802093
0.84881790957373726
0.10303377296702769
0.80604536992221298
0.65320271117491924
0.24009398663899426
0.93795426982014873
0.62414736490370082
0.35037747472484387
0.54735006245560358
0.25124708227827325
0.29553507225004455
0.41221113633025264
0.37204223720290142
0.68505764775600408
0.33079115764358624
0.37640057101012625
0.96828039014250422
0.86739117531286924
0.077517686361350618
0.64003332838980109
0.71126971181344634
0.64679590623188532
0.11774972366854053
0.820154231832813
0.062256713160200448
0.62260777786087917
0.72779976366534793
0.13837314742594153
0.98205765095781472
0.82830469814065977
0.20758960106753693
0.7454188480013908
0.55484493352915931
0.3398659674526015
0.81461523416776294
0.35092232691898329
0.59333432969539568
0.68930538748182646
0.011916853480752309
0.33096576668469785
0.50282134045325177
0.41341858692013728
0.27942597564638799
0.3500145535123303
0.114995772873018
0.31080129583457444
0.03399662942090774
0.34531944004486187
0.90630034612007282
0.22926311535658456
0.12204728163206836
0.20128025238153005
0.073333510075270517
0.47423766169894777
0.6467959062318851
0.68741813754068781
0.87281487832513016
0.75793695592615129
0.47673473589154391
0.12864572336830946
0.28590020866503996
0.87697725178055819
0.41634511160292126
0.93200372607076609
0.7036567681709236
0.56899550758928241
0.068714233962665058
0.75237759155459993
0.99800780326990757
0.19044139870356125
0.46538731912029985
0.70553310054994867
0.23462968125891806
0.84062805983144118
0.81261616991955921
0.7182725394587437
0.50304412625626782
0.01701876036606419
0.77676810212846759
0.69437192827370842
0.83298979470450019
0.63659342149844345
0.70529864083214666
0.88451137857414242
0.090960483533686062
0.6133789088098246
0.50215323808588586
0.85789194018833803
0.079567966174482113
0.10456958931071167
0.56457693398740383
0.39621342553457473
0.72571302141765504
0.71640758557186501
0.38898861534849155
0.14299500853762456
0.17904776891018631
0.16678127564528686
0.24064581920543682
0.49848556566778623
0.52677666347819563
0.61266969258538917
0.82635632793419012
0.70459512057835205
0.78997390976781701
0.23496832966246528
0.34712022407081672
0.2312641683720445
0.78986478597119969
0.22946260603175667
0.68222309649335633
0.22458157485150393
0.682813797080144
0.33297833281655381
0.9581237753671259
0.86403589904069134
0.77187270044857981
0.63054608613024465
0.61633511657406093
0.90196497353046434
0.12684581156872934
0.27958069383761114
0.5521891919499109
0.62450270506084005
0.64976211118895466
0.72350747197952991
0.28542851748273523
0.25584719572733616
0.66114940915844067
0.68741813754068781
0.23490056942888771
0.83712656662652007
0.94238378550489388
0.92211369366464302
0.69354771045755104
0.76885541882600217
0.31660502370901178
0.48986386106379454
0.30813550531752104
0.32835330046742156
0.18691738081028589
0.50717326561587783
0.53326108657420135
0.9121664877880189
0.93348464224609551
0.36138141968909843
0.22919664878712517
0.28214271821578352
0.11755927979655603
0.63623761156553882
0.11882118260647306
0.15746127507638352
0.31365160914106832
0.22622132035695175
0.59945353118724221
0.97353268749792798
0.32731231761923063
0.93968351789421989
0.84479261642707715
0.39376348720868054
0.65533803520150524
0.68316817550130426
0.65711728485816678
0.86225129249154664
0.35640183888882399
0.47619135473315133
0.045720528436194612
0.40580650032580956
0.02718333104587058
0.48163850998377844
0.24741533903301266
0.22471240790925939
0.61905635245541979
0.064449058918194857
0.2442567646643049
0.76211578427181381
0.16611519429815183
0.22418943695606905
0.63351005903490054
0.55808332260653537
0.56713389140176995
0.32325718527808134
0.94416746227010651
0.066918428866757529
0.59568645684418853
0.22826770782249992
0.1847840652169857
0.047222549966380839
0.89844704886567583
0.56852994705290127
0.79324006556100923
0.29755485315220725
0.91620104632424737
0.62000318848405755
0.57529047898341812
0.35511825311016365
0.046030448876008059
0.3279192794657575
0.71395707198636194
0.08078860315708887
0.71547442076544243
0.24642931179756308
0.66114940915844067
0.57926305074806028
0.22158901087975411
0.43280829774432544
0.49815272359789309
0.56713389140176962
0.70048716584473647
0.32549610672512785
0.070868465063734717
0.58558586302023041
0.82861163563933959
0.70482965074364667
0.19865802582931608
0.061313759831547757
0.88547116667278802
0.026082371582917881
0.29017122910316684
0.91702675150847257
0.4788022987536209
0.89141029695166463
0.60522999080174988
0.93853356852938052
0.11748317741622295
0.94898873819493523
0.19972738729219672
0.48909343843325748
0.32870080331007717
0.89183515392012536
0.73473540407504134
0.51536132924415856
0.006320486433983444
0.96127718589724465
0.94939423519119814
0.27596160031701195
0.34693986257899512
0.97482541653547838
0.23503610517519077
0.89453635013208488
0.99945184326801217
0.9337520755918528
0.75974608022681589
0.38850340281384976
0.43841047767632835
0.15663174257321205
0.96226438252691016
0.75419597077315947
0.77621318827590269
0.88987460038887023
0.36360911105305888
0.54241025704970824
0.37251439955594384
0.3263600943721866
0.90277479016291051
0.22806903520992028
0.12893409720049828
0.70447784676035108
0.83823003515074346
0.17462937574875081
0.66589108449204404
0.71243856468556599
0.26815276401638583
0.76504201925633741
0.44468133687645961
0.92815790454277969
0.97325345697129528
0.50148551928452301
0.54447625428145563
0.64738915073817016
0.10830257706396934
0.99584747896492976
0.59898240819844295
0.52077423012540369
0.72814729059618633
0.77698996693993427
0.57470685482912121
0.57926305074806028
0.83177201439614334
0.83278704999254127
0.5241685824115685
0.49837460745403772
0.75861574166205081
0.97585418804160085
0.82378113984247447
0.96666261468763792
0.58406225633916198
0.90293637506430457
0.26331107175543533
0.52043526761376668
0.58546863084381551
0.92327030377574981
0.22740777665848255
0.12827577540579649
0.39857407931499289
0.74232607790547833
0.51176538565185969
0.46818459253176181
0.035651305806853731
0.26905389935090052
0.29844671702228059
0.55484493352915931
0.607472282641628
0.22068453104076904
0.21722325628408393
0.91392871502595474
0.35824083564824571
0.6882439377846159
0.35732055797327789
0.65616837551801932
0.35046824423069067
0.65913351064459191
0.045785614410631947
0.084608795195641476
0.53337510901315865
0.99926392530152164
0.13529182433469067
0.34137988828424587
0.83420441668004552
0.46527989911851475
0.87965991027189983
0.25606439502017764
0.84862248760425474
0.6878900475536307
0.047021910498942034
0.68989493606330288
0.035112803021611107
0.6584219360108986
0.50739687002204681
0.34406263689063193
0.18833186995447651
0.22932959708621498
0.46077955578169061
0.88703408767930325
0.43311848559495147
0.18085180239049312
0.49118587188885265
0.40980245345921901
0.14489854060973878
0.9862236318663522
0.1285634331914185
0.3388888041242385
0.035176511024221271
0.2975548531522072
0.2689035522589181
0.71126971181344645
0.72791561442371933
0.33800213348934216
0.023344869723243643
0.54103441278734854
0.57470685482912121
0.88651417126982524
0.065503504310933158
0.52394202679704893
0.33968815918417283
0.24805081827390804
0.20169999722867402
0.98922512224833525
0.98414010187241563
0.90534494146321332
0.33280299393608503
0.74048982041476652
0.95406633170257571
0.46334847199914619
0.88090307528177292
0.46700010955647853
0.53029963233352606
0.41020332358750888
0.13434908017647482
0.41020332358750905
0.12028887114382893
0.59227647293526786
0.95145150928198796
0.48503047278754596
0.060974105828669523
0.91062002894416927
0.34013279833246213
0.66399471681394717
0.15363756246317622
0.3783055808488987
0.28097601658275712
0.92871397721900384
0.77254185306767253
0.8503777999994715
0.17677326695266915
0.93254420333020593
0.66802394712089108
0.22197754393152205
0.062776597545982735
0.57657497924345136
0.90131485472994899
0.4307435393023592
0.0090818136767236938
0.58406225633916187
0.52201783125585521
0.42622053012091876
0.43809820561479784
0.10692861113703968
0.49826366009546341
0.27275714780010668
0.53965977319173875
0.27466119387580523
0.36156671936769746
0.46753832572025511
0.39611524993994707
0.31668969411884151
0.9686774626779191
0.30277095607829058
0.21773329426958937
0.39670452571854192
0.44143536629977809
0.59674549918834685
0.49604700146041414
0.1363267453748116
0.21217510562212713
0.092243733345605775
0.96770163852233937
0.58008176418838908
0.67051146139753759
0.80986943281895296
0.9020460969296108
0.38319087870377533
0.3070571981378587
0.10354348896780448
0.48240346013679847
0.88651417126982524
0.61538893521035276
0.30921651094779523
0.64145691699142537
0.42437797295732804
0.0090147818955400479
0.87245016513496121
0.60995207126960627
0.9455004018056874
0.0080077913761028349
0.19320683718248255
0.72617697396655467
0.13715086796115222
0.05769082812806775
0.76818357559287931
0.71348996103096596
0.8184879531201219
0.93672186164599092
0.04976279249475736
0.58417942499418007
0.18101654682193782
0.42213212306895054
0.83359750200141858
0.41190959709040514
0.055398261354622107
0.63849121617006444
0.12615624444484236
0.68859779140577548
0.2436288081425709
0.98355299743883073
0.71535774341336578
0.51232657354135247
0.02140967698461849
0.94422842885122849
0.68730015005345424
0.34992386241761164
0.8837234760697017
0.15512855298118752
0.76650187732371622
0.50806793192126665
0.034859043963826539
0.36314427225265705
0.86850192885313393
0.037058132904865343
0.79443394556243629
0.98331439929129072
0.36101100664165342
0.34757140287351729
0.29128611567230334
0.79713976300118428
0.73462007450502576
0.44615145190283412
0.15483902413778888
0.13815420129729322
0.027374372952910207
0.65237225448282721
0.28527141442929688
0.20254161118732311
0.9874358780698731
0.8963753415969552
0.32351497325095863
0.32489226190460935
0.012610221053309426
0.044754429332201855
0.43012518630413205
0.63256149432248276
0.70811057139249312
0.94622009848791699
0.017031651118300278
0.45311673851721002
0.7047123885770592
0.15040941065924868
0.90566392086844139
0.48240346013679847
0.22780435026284451
0.61125159329819367
0.38811550281276708
0.017937035389986405
0.19688608588145301
0.94069599437616613
0.11116953087585381
0.39906695325818192
0.042710284561124169
0.17559144301486243
0.84979356883953139
0.97006544719738974
0.85231888750319085
0.22919664878712509
0.99310005208073782
0.93827645792688652
0.32809284018889578
0.59839359874515896
0.070143694035228799
0.05237284611628288
0.067103005162260171
0.92506004024276856
0.56620371458714436
0.71955360842880012
0.86309780900141542
0.76919115975907615
0.56736650175117842
0.41634511160292126
0.18539953622380045
0.95997192938225195
0.14138042930422709
0.22004026980932628
0.0072705152177975603
0.23092971038395621
0.32411703568294475
0.011775350963395444
0.078151581795378885
0.40054778553541287
0.042756114830655285
0.49217844139276068
0.099264518832436074
0.30424976881356691
0.088946262890656602
0.192396885667141
0.73057782427233486
0.11645998936042186
0.25642670656550409
0.60723619131236206
0.61538893521035254
0.78383857730487083
0.49848556566778623
0.93288086342451015
0.66577257446178417
0.21030642431338736
0.42868429788940804
0.12607533249021022
0.7519225404363632
0.21703223755424028
0.93002575704875523
0.10869289741234407
0.16002167572132445
0.43612331514112346
0.48634647473873083
0.23469738038947596
0.99916471255968775
0.66612809916247739
0.0072705152177975447
0.74633376526316231
0.037610745515462583
0.48865344609880923
0.44836148365418915
0.36277268014828795
0.2129889861205328
0.84132499726641008
0.22780435026284451
0.99201362158975304
0.44289969966158738
0.55195844736513211
0.3177069829575882
0.077359936650515243
0.2050834915653881
0.45907098595701445
0.47804006624983808
0.80572562119602065
0.41786354141723542
0.1158197535465226
0.35676913940673188
0.58969222326141457
0.64679590623188532
0.66494295503331113
0.48986386106379454
0.54792542450103554
0.59298166872695168
0.63137590980493319
0.058848825332415325
0.16550232589654607
0.099100589067306386
0.14965825522541201
0.36193750497677274
0.80944572568788642
0.79595050375666554
0.79951206943384268
0.05701004291780374
0.45142295515618691
0.038822787770668145
0.32257045123353584
0.065729865561944073
0.48196627568677053
0.66162368454081544
0.5598205173389994
0.96476257580474112
0.038157250040812926
0.78789781815324611
0.78196644715330443
0.05220725413852817
0.51041956916943354
0.61207876326241761
0.49992900760756342
0.17948373930956626
0.8660904306152698
0.85057234899786982
0.51795220215298388
0.50627926376992183
0.28198695136414043
0.2869241724067918
0.69448965491405157
0.87454124343078754
0.73473540407504145
0.73623384282708448
0.1437176341141766
0.50650270176650936
0.60770838795995208
0.056573456318398503
0.41766089911748022
0.16236591545779622
0.48087413298279102
0.91408112961750398
0.97187213745904399
0.88746654122919366
0.47034201231037598
0.31030021482470771
0.5341735134672122
0.70283540945808887
0.71943718477789953
0.97087199692604309
0.3697812011498593
0.86581102109627128
0.84132499726641008
0.61077899457160267
0.90446511875476598
0.1637255925825612
0.70095698974141984
0.75419597077315947
0.18140143203821235
0.26785289063954193
0.12790674661048215
0.799404418615418
0.4145272316362808
0.59556880759668462
0.25010702681930341
0.20575345716073354
0.77064463442738262
0.62071341837149197
0.58125183445962847
0.68529376558764632
0.94000089865995928
0.34703003546461592
0.44941591971185768
0.49648998340740735
0.32291369087493871
0.48174775352811383
0.90155888487290814
0.10837345276824267
0.24755644807609842
0.38415340039322415
0.67501007800827262
0.77820918842497766
0.76526675568459024
0.72478472407863914
0.48942355168270246
0.22641872325321893
0.69813677325263734
0.85173759078277411
0.075284032596782749
0.2549076242247616
0.59556880759668462
0.4002513540873493
0.8783217608078826
0.71325636468381159
0.19618091577587524
0.55438277951459036
0.61101528752803114
0.053639643756373465
0.87580689884312313
0.0819706556076958
0.63718645748620939
0.23300948068792132
0.65071127377240556
0.84192147178571719
0.9838188515897176
0.30730579874012109
0.80933975209998243
0.91814620964459193
0.1638266879649658
0.77499111898641659
0.21677775411694011
0.98190048315741829
0.27177095347572494
0.69142726226798534
0.9974402370782709
0.35594306423136374
0.043170638890698061
0.95223881785402242
0.73508133729858338
0.8222298143923088
0.27078743218507983
0.062386315592429346
0.39015465398442412
0.56051584481350814
0.10045190494527563
0.0089761909427648907
0.81744393353447919
0.61077899457160267
0.37897377356300999
0.79204418361423445
0.68517570854547283
0.91642663804390145
0.97794115201891285
0.73750051094280367
0.40630472368948456
0.088471173050838611
0.0048139427263937055
0.21405705752204379
0.12299419350425654
0.69083799260118661
0.26397749121968767
0.97581654796868333
0.71978643326028435
0.28472205507895831
0.6858839941590833
0.29033030731920578
0.83772879734843508
0.22595832778688915
0.63706784839549746
0.61728147430185587
0.76751125307877799
0.56388014775331485
0.54367249500275494
0.75759740039837453
0.10897754149535763
0.30416747681632117
0.16894850015971452
0.75249132598820889
0.39151775555365909
0.39093321043381618
0.18827512240432359
0.47706090777892174
0.12430659791508283
0.22477784702480491
0.66162368454081544
0.59898240819844295
0.57715908018756368
0.4676460060145583
0.32922253422339604
0.42029967609744096
0.25970512072966534
0.59568645684418864
0.79030118440633312
0.56771546661510786
0.93200372607076609
0.24882922191514384
0.038544181419952278
0.77876279758778622
0.011125908738938711
0.22049109563236396
0.18350259984473227
0.52122631464646996
0.81113874911188877
0.1114235244044551
0.39650804121263677
0.27214994256557484
0.86988492135420104
0.48470173141798945
0.92857516676751606
0.69989976519146269
0.84930604180980862
0.3329783328165537
0.062429570942365356
0.69083799260118661
0.099494423214441435
0.31584370776067555
0.90898223122921973
0.75010053736219606
0.47391242482560458
0.061505571769249909
0.81744393353447919
0.57891225907721044
0.67713967884700743
0.28362567545541573
0.74907441106422645
0.39818004578050348
0.31096845054836614
0.15445369573460391
0.96177261513864409
0.02430088624638636
0.11832266851380861
0.97801229815956581
0.90390322846102833
0.56028404064710513
0.47793122332355142
0.56260334606744511
0.065368027504593224
0.044373294777303014
0.43789009189896799
0.29626104429771549
0.94537994680358128
0.79443394556243629
0.89013122324741112
0.36921732580698441
0.5405760651098328
0.72315896309037131
0.19753430041472819
0.7262929415299092
0.85164062199563029
0.75544439108564732
0.38155806303157491
0.50304412625626793
0.12676451720950843
0.36491271918486723
0.32437530119350971
0.36036338179198468
0.32205606950978138
0.8897889997219639
0.65450765730351212
0.43270492923178511
0.4587509908630456
0.1393841307817465
0.53326108657420135
0.48568826675904253
0.33403169795286364
0.64549077384952291
0.65735450304392018
0.48799379830767153
0.0040505487068528898
0.785706281246358
0.44888853761346514
0.98011506286294148
0.80251918543584466
0.5455102450281637
0.08222001497979968
0.23537521197342759
0.74599075055445496
0.9928077494549542
0.83085662112802583
0.0021507475990668943
0.16226557654811707
0.20900621895125454
0.36314427225265722
0.94441111250369547
0.21550890261208694
0.65510078803802441
0.67654821497268958
0.17575221411232386
0.44237642240199881
0.12044427779842024
0.40780157505722731
0.57914611446663322
0.85884424437095563
0.96255768553416943
0.33773644065192954
0.57891225907721044
0.3899601644662517
0.47228787125173477
0.3398659674526015
0.80912774885817451
0.4368503363527283
0.40590611587976821
0.50583251300016496
0.54838585669181827
0.9891569202722803
0.88936054905424855
0.43924379784645329
0.788335368680531
0.39582081208461545
0.79182653693674121
0.29288423185678181
0.27919401745440775
0.57715908018756368
0.61751809068754415
0.27672868526358263
0.25039166735333318
0.8484269691846027
0.82573947234770206
0.43280829774432517
0.76110086711874125
0.50683793688846168
0.31838645116565778
0.017991289348151012
0.58136887223290745
0.5331470729915383
0.81061019729583772
0.80069507848404586
0.62177892325330009
0.15624265119015429
0.09615862224734921
0.42509398482012878
0.59898240819844317
0.9870567048500547
0.3907384816014941
0.044404941114151317
0.34460088887434437
0.023703555145771601
0.36082589329583431
0.22288622079577089
0.33096576668469785
0.70412599051880909
0.79389152222648773
0.89420039974419507
0.068408015582042236
0.024103203134652071
0.4695863572859601
0.68906953870782439
0.7076421597013034
0.75362804289375462
0.99864500915528087
0.91874017649050232
0.38646960899242305
0.45449538075902851
0.17266553067362506
0.73542718700772158
0.68092325450586577
0.94019089883232587
0.51423649546620043
0.91339422596344733
0.57132485108851627
0.40900140710233079
0.7795372342927489
0.53851516956562917
0.17850403723727343
0.14853749078500675
0.98246230260772593
0.062451208851624432
0.86785445856791199
0.33773644065192954
0.20538780303914939
0.0065081012179786018
0.1218508066888392
0.6077083879599523
0.26471945221160592
0.71442407325982726
0.73173387225798725
0.49759820422888945
0.23226982349158942
0.95520858906297623
0.74393067610910335
0.92196850600646385
0.22184797295460626
0.36370212528748513
0.58172001884773783
0.29272413318427493
0.60664602470188289
0.10165181778930066
0.52677666347819585
0.15488724722970529
0.51603670623450826
0.47858445880034317
0.81534997057181602
0.33087845422736512
0.44667712207203658
0.64750779963967964
0.32171346689201891
0.10185302832459842
0.3879216428699786
0.41553659353004274
0.50538592952036199
0.07717626028913542
0.53394535380456043
0.34424199121281102
0.53474406649189943
0.038447108506922817
0.74633376526316231
0.27298511086993871
0.13038434902062687
0.30375625636227299
0.44101746764258598
0.56399626176861406
0.49471911085969755
0.86375474729747115
0.61503416371605502
0.25060531105148171
0.50672618143903048
0.19925154070593856
0.066070738963855374
0.38850340281384976
0.64750779963967953
0.61408823323103068
0.9134706803258873
0.21525584471775694
0.75328714799335372
0.98938318269711578
0.025181485304290319
0.39906695325818181
0.36537902847066289
0.99333479402551283
0.68965912926763195
0.49118587188885232
0.50907522182478149
0.16848212687126055
0.71512436768589083
0.6636391006596507
0.012771077618980586
0.46388457344761602
0.76132649161198596
0.75533095669067607
0.15927952895467207
0.9581237753671259
0.11518259056270541
0.063388119843848845
0.20538780303914939
0.95807176023697271
0.1774747093628819
0.084665741865588853
0.67228765572049898
0.73358169486732761
0.68399493404737277
0.29529336880449725
0.78097355142007197
0.58172001884773772
0.63374721299165548
0.63540742427394736
0.56283542988167556
0.31415652073851713
0.32351497325095835
0.27336536588567023
0.2328075732030864
0.79746374896169581
0.14398942035144785
0.2357826446257266
0.63528883034772154
0.16667865651163483
0.026953743229201351
0.56376404056659535
0.45184608906570822
0.39493829944731007
0.057973304094678289
0.22972880590828923
0.3826140913303106
0.38424973564365461
0.63967744548556604
0.12831683531386562
0.43229159246605525
0.76155206628554439
0.26227695122662553
0.72199675554087772
0.64620266274369564
0.023016998940242089
0.77876279758778622
0.99955635317628122
0.28660882003464516
0.75872883028387172
0.45290483383576352
0.33658675030363566
0.70389139082966434
0.62793857087946825
0.91232041438229416
0.95290796631941554
0.39044650048582685
0.89047296862789038
0.46110027343057647
0.99762661911323136
0.19314889139902
0.99611912751404652
0.066619474201536605
0.9234861985146865
0.039399783266932414
0.96280109799518876
0.64371108238899266
0.55530720680145951
0.51468630948816174
0.75283246103657475
0.21805255187926756
0.95941225169386302
0.068079624764688262
0.29408700559767148
0.28834641154398349
0.68446728802887224
0.30598158955751403
0.11425114510748513
0.64525347873248196
0.43477490238953964
0.5905142308879674
0.063388119843848845
0.078790132676663266
0.30830163824169349
0.67678480918707207
0.087733373910411389
0.95002784794029849
0.3151680671677532
0.99349919157979771
0.25722516850454674
0.05537886544124232
0.7466766843999495
0.47358729649297293
0.8244003710384088
0.30113389876237379
0.81786177968930507
0.97652564075687787
0.045704270286531838
0.29184473077461998
0.92605294888174339
0.94094768431720821
0.78614509014887957
0.78020046173812541
0.72872633256012831
0.005234510517353106
0.6146794180150621
0.72872633256012831
0.64893158126673134
0.14160374116361549
0.88608009920534814
0.5430986269501844
0.94225965978599979
0.97002263502301489
0.051877510789460693
0.64643995992820225
0.7091641334186054
0.11544458035722897
0.70295276340113677
0.2050834915653881
0.62201572756192669
0.77053291003325053
0.96716194441280834
0.67122200216225303
0.67051146139753759
0.37849641697136976
0.17839545491669917
0.28354748194117485
0.60995207126960604
0.1978295159690191
0.66624660377925626
0.098936898701520309
0.076315631173060325
0.49140636445084662
0.53851516956562939
0.52541530959485572
0.60428626168310773
0.70951520743340601
0.67997766258638548
0.22556429150579832
0.22760599540361715
0.75465010481589834
0.45428313979899326
0.71734029404557931
0.10717408707577557
0.60251742179249401
0.91627627681737267
0.14756267604432405
0.58488254880524515
0.48098329453813249
0.78559654008937074
0.73565770690278964
0.20152001993668986
0.49394524190130451
0.56725019328161852
0.03228403361349641
0.44405208422642817
0.078790132676663266
0.93023173374050261
0.41271398934157832
0.54919191637086617
0.1307178032829773
0.21386826386631369
0.54735006245560336
0.99199493485501811
0.88442395016335551
0.32317128779490883
0.79540925410675734
0.28448685406311119
0.0066012994062722855
0.34739088420233771
0.38937705522870281
0.97585418804160085
0.25963192235621874
0.43903538678054732
0.34075595649056251
0.18827512240432359
0.14984574515212204
0.67702139186462484
0.068314043519473303
0.78339847170173793
0.41918210095699998
0.4956041951419512
0.76008494338807353
0.92269308651042581
0.50460481214340147
0.63303576628580904
0.28167560841793482
0.35028672089894392
0.65688006292144474
0.65747311070164027
0.9157489656135317
0.82501885535955721
0.063739988755248875
0.041623901127650589
0.51434893400670023
0.83146707867687941
0.11642224317133164
0.011421961671414535
0.53622852751408723
0.81124440272241172
0.31567470189834262
0.11488380927556965
0.30121559993576641
0.66174224997969167
0.86831707163868876
0.58242246111140672
0.94693459040590766
0.59968911761606813
0.012983614411681889
0.56713389140176973
0.53485820341729218
0.78130465168131014
0.74186725465722569
0.5745901481142548
0.52156547868422098
0.14367237895862192
0.12848118846876458
0.87607740003170198
0.71699058227122947
0.28253241356402753
0.1633217337463882
0.71640758557186501
0.92225874560944765
0.67784933899309263
0.87787429568534581
0.1994893489655378
0.92491764757515227
0.19718051423402527
0.54309862695018429
0.44405208422642817
0.89959875373716336
0.93987405339972863
0.61278788768473524
0.820154231832813
0.15493548300482501
0.68021408007088935
0.81219443070921848
0.59380460916904454
0.50137427019913616
0.11645998936042186
0.32154226115243123
0.66695759268425747
0.033481461763425494
0.87345206717764712
0.59427496221373821
0.11175083395716465
0.97600439314578025
0.33368032259154823
0.0018055841305295599
0.98993544034376568
0.98867170995301512
0.078125076731724974
0.84321096705444543
0.32403097901144379
0.57599102611174779
0.60357862243189508
0.61929304652357064
0.62379204350241657
0.71640758557186501
0.18107148914109081
0.67950478919043522
0.18267080916819992
0.51086801196038611
0.62983486788315346
0.65486353789755125
0.10570862865090687
0.95401153657680793
0.26732871966121563
0.9707032829390263
0.47575686495983061
0.69790161971019682
0.98448595295024821
0.37270337185052554
0.42540105684853496
0.048391614854456783
0.067334374635618671
0.81198344656917465
0.59321677139178575
0.61089713944317237
0.46807685057147486
0.33844527117200546
0.55011359727648657
0.36491271918486723
0.79237053068813046
0.36752902638123547
0.97141632211555717
0.46786140362661777
0.27389838783786269
0.33755939117896994
0.67039302998679795
0.75442306099955947
0.72965235505440229
0.64038921728584752
0.68186863474726966
0.052575890744510453
0.33694021636247373
0.904865515717722
0.16026970322042902
0.49261987420473108
0.93961993471568661
0.90764593977653318
0.24565670600455422
0.61952975060519977
0.031458259636624443
0.89959875373716336
0.38338326214584234
0.8917502427092997
0.17790751032549432
0.58464815295032935
0.55877800674022327
0.060383834320850746
0.91030917179534376
0.99359652902224127
0.70342212264501303
0.55299703803099542
0.056553684303028075
0.90000859888355056
0.21614258589352478
0.10976368677055798
0.30359187996202608
0.78251752899941429
0.02937682142529224
0.26815276401638583
0.23844439138310483
0.94294057467502135
0.28058791063176436
0.99294630043919641
0.78240734286199809
0.29400670901823378
0.25853582818173393
0.070844197353172003
0.90269395036182687
0.78658364920514423
0.59733400928043801
0.51311266041724979
0.0064978243424462043
0.30871724997355965
0.37213663899410532
0.51682509570343238
0.20968647168338914
0.34361452679788784
0.76447995235600885
0.11597012040997334
0.25296463834138899
0.3034275674365926
0.18629777280526674
0.29658411346640595
0.057189532567277643
0.91984807503953891
0.16667865651163505
0.43177523066827556
0.67489174051548029
0.08856007969855681
0.024309907985333303
0.48120165282882721
0.62627967742157575
0.54470597319173653
0.31702853524293267
0.55484493352915931
0.98233840660283622
0.51772670246132657
0.88099165851811434
0.21626950069074219
0.4072024422306057
0.39906695325818214
0.79865037756861812
0.48623674470764933
0.96082816829071072
0.68234124354223913
0.17779922828601025
0.2549076242247616
0.97006544719738974
0.5868757605212358
0.19818424746520705
0.30664318316283679
0.2134282629174292
0.78438836460102268
0.031458259636624443
0.51378684124132845
0.49482970779565971
0.08966316118661144
0.8884153390341637
0.80572562119602065
0.1003524790610207
0.75906802329678047
0.68222309649335644
0.86979291101162159
0.17377788116365703
0.39366568283766568
0.26920430960491171
0.35356372868224395
0.078656715955426379
0.37744757201353818
0.8121944307092186
0.99642236669298079
0.72025199267208728
0.21601573049401329
0.81973814381066279
0.74048982041476652
0.56539015960027128
0.70611914598457592
0.32274203920728622
0.80721637375488653
0.84832917384017914
0.41362002968113326
0.34666943825612001
0.99633425706751888
0.35183166762796614
0.56620371458714436
0.03750232098346408
0.8463682301716563
0.41331788705854611
0.53121020393590457
0.69354771045755104
0.81345872885953918
0.61042457933510885
0.092860442389757269
0.83349627241294866
0.45981808590021411
0.16703805451216625
0.34504986527712445
0.57260706790743787
0.46442098757893879
0.58605484398980856
0.49317191612390021
0.48021941023962555
0.32791927946575733
0.36138141968909843
0.66790547115345444
0.78953731803026217
0.93441819802078663
0.66209793793523974
0.46818459253176148
0.062841860109262584
0.48898342333883427
0.63884707698830967
0.14613360456710878
0.10944148284584582
0.75078412381130755
0.68364063045939438
0.38675974513314881
0.82717762463630051
0.53303306827224128
0.92065572085388947
0.37592527171505263
0.28542851748273523
0.7324270753233848
0.42019800761113579
0.039627102627015166
0.93942897122277924
0.79171768905246165
0.065165289293047921
0.51322499879738204
0.32197039496403673
0.19765234366847387
0.10354348896780445
0.47445454651509633
0.87544583982578739
0.18344705028580499
0.017628070250986588
0.75283246103657464
0.052042142764654409
0.40361864789768698
0.58289086558407122
0.080407061067554783
0.49648998340740735
0.10671859653128794
0.92906039695909093
0.54528041258291293
0.80679081087732929
0.13042599065935426
0.35237802387271694
0.31255960483886763
0.97145794036267774
0.76728703959413302
0.15599988334326167
0.85741483432093057
0.64916887649405264
0.89081423512313707
0.043201491739698505
0.087264067703069575
0.26950531962315921
0.60169226169106826
0.70576753657976599
0.470558023820567
0.088145862477562092
0.49118587188885243
0.35110406971368452
0.13689015841437899
0.44174893111457858
0.43084664643040294
0.76256653278847164
0.97790552624949012
0.34883679308164073
0.5869930549297403
0.87426932300738658
0.038102269512189674
0.15111651941005844
0.71699058227122936
0.48032850131494198
0.59215895676291497
0.19777044421037604
0.59415736708766076
0.15234884635223772
0.17752876177915375
0.3986726245987231
0.29392642839177191
0.52201783125585521
0.74106392629082918
0.27665190541208018
0.073936519446412968
0.3091332608698652
0.066367459359069209
0.1428598618762697
0.013693942375314416
0.73796083154422021
0.26368114747097027
0.74838983347491261
0.040200733313948793
0.10337333730229425
0.09770064696830745
0.69295884436018129
0.15363756246317622
0.50896325953290589
0.30606423286834916
0.065165289293047921
0.19618091577587524
0.53771445392413297
0.027668392587888047
0.67595667959436234
0.18013933911516786
0.72965235505440229
0.5220178312558551
0.14403476062917556
0.5405760651098328
0.225892617365092
0.0090007304660509584
0.3913228474283274
0.76222849026578576
0.14993956480413534
0.82305776356935201
0.78997390976781701
0.48887341958128538
0.8448912696972759
0.049517222920115296
0.05138647923638695
0.0085821045244797375
0.89570833166205799
0.40133891628601881
0.45078864513616257
0.38290241694793087
0.96289820675173654
0.02962569263236561
0.5595887983259078
0.53943078460328253
0.97248667195128891
0.11813141774570128
0.82809996669514818
0.76492963165722849
0.3186415148069256
0.89377977711945289
0.3275723487497687
0.30581635084174852
0.17763690749065988
0.20618071642206492
0.65201633698309991
0.17176939772536151
0.69001283310544093
0.10272900601235951
0.49118587188885243
0.95660047285048
0.49648998340740758
0.91874017649050232
0.11816964635056691
0.14835139124045521
0.82501885535955721
0.83420441668004552
0.71115279025725164
0.061143717957538861
0.050417198165684615
0.75974608022681589
0.72490078967569782
0.8350123980494919
0.88099165851811434
0.43332534605342665
0.6520163369830998
0.3070571981378587
0.84548269343509752
0.43002217579903468
0.75555781375275177
0.59827584951978352
0.58406225633916198
0.8782323242634692
0.016554529558112065
0.74014523774962404
0.029023162156620669
0.820154231832813
0.87580689884312324
0.61349712209101193
0.93776053063159004
0.19618091577587524
0.98093951587964567
0.4861270261498174
0.87903623459019709
0.039075130450316985
0.7010744321893414
0.038364083864899257
0.65035533994786099
0.97095613689267934
0.19913272281459812
0.17682714242203781
0.35916267056896917
0.60759033355702474
0.2639033816810491
0.77621318827590269
0.90803993449470366
0.10283050658229517
0.056831068352608934
0.46581712350077453
0.88529692252539949
0.06029993634398003
0.37241993640943405
0.60039597573252634
0.069759896964801421
0.71524105904914803
0.83551666491928001
0.10337333730229413
0.48524969137201024
0.64655860863690817
0.95088477446733122
0.31864151480692565
0.18107148914109081
0.29272413318427493
0.83167039090172845
0.57120832353444784
0.57225729749345933
0.86748388550091637
0.45662062296247885
0.21875622991782762
0.39249319171973168
0.41412388749786039
0.55392074525965751
0.74404521323605377
0.29626104429771516
0.32437530119350971
0.89106987028177131
0.383479476542118
0.43539696053150478
0.26131945460763895
0.73934086643173402
0.62331831129073634
0.76695062039895223
0.4647429859039266
0.22800284127574869
0.37402789418092264
0.61314249127382037
0.16413028800276755
0.82212622857836015
0.28621498783838573
0.13934004388289953
0.42029967609744112
0.062928972882646608
0.2721499425655749
0.62225254094636129
0.18827512240432359
0.92527337231115547
0.54988313026470459
0.22734173398416055
0.37289240546877778
0.60711815091794841
0.16056776269966241
0.5241685824115685
0.079621863178322538
0.93776053063159004
0.10840890588343871
0.33862263692635108
0.11664888041359593
0.075978974041121861
0.61432469837712378
0.61834633114277493
0.89124014368481408
0.24016291187420957
0.74519001332125923
0.58394509303556508
0.61917469823273852
0.75180874938026321
0.19859875331605681
0.3428983701610554
0.16306974631342988
0.5804327263266118
0.29025076024129409
0.91710161575725502
0.44888853761346503
0.19021241351829807
0.7964913308314987
0.24932554785625927
0.39083583854366194
0.58851834556720628
0.27268119176268368
0.6599636293543959
0.65367724571490626
0.53782881619894596
0.98574043968570113
0.74541884800139069
0.82973542805915124
0.86356718161222756
0.7083447400570595
0.82264395302238813
0.36472630373641135
0.72443647884420082
0.44289969966158715
0.13046764376329775
0.97166549002435942
0.77421254419127716
0.89918812987369334
0.75351442274686975
0.37119331173468495
0.9438009067622799
0.5503440953762293
0.40481114630797643
0.025349902135295262
0.23544307918946
0.029680055552261057
0.3241170356829447
0.89976278531722875
0.28621498783838584
0.96452666279569044
0.92878333048292139
0.54321338412489872
0.057590248973363498
0.63102026219204765
0.9229097981583636
0.71920431507180171
0.12790674661048215
0.98557702465956942
0.60924340812671551
0.3250647094432132
0.96933270847776698
0.079379584530093444
0.17030185257151556
0.80123210968193526
0.94300226059590497
0.1309265852568795
0.46775369865160166
0.59662781022950617
0.3091332608698652
0.29521283290276179
0.31180518189332412
0.10840890588343871
0.3269658320151938
0.39926420606710195
0.14933062673635492
0.22879816765305286
0.6676685132539466
0.74907441106422645
0.9913030031296215
0.95178980186428763
0.96457391850979968
0.53862959167870894
0.54930709914790099
0.012692843844006284
0.69130941709076676
0.44594127642996439
0.49206811111489823
0.93814768929844439
0.3034275674365926
0.82171168112319748
0.43229159246605509
0.096286295734651639
0.90147757288309482
0.77164953918488322
0.34406263689063193
0.49748733301955916
0.25203318163213706
0.21696859439073979
0.22314638313533905
0.11410272596740578
0.16121515644588927
0.12462657819045321
0.62829409369740463
0.97585418804160085
0.82171168112319726
0.70541587364562086
0.74975859443900017
0.67631160931769041
0.25253440796778953
0.37488095729592497
0.96743244719546773
0.5790291839067756
0.76695062039895234
0.51536132924415834
0.98507969000268603
0.72234549992776886
0.89403224191204989
0.8692402807627847
0.18057750330370451
0.15315918928617356
0.209934276512073
0.98763516904737991
0.74804739778292784
0.3677163685981808
0.74679096947636159
0.88712063736254965
0.75793695592615129
0.98989196025987636
0.49184748410863188
0.85028048895588981
0.27826761354135593
0.72872633256012831
0.91687692300133417
0.53737141859241744
0.65343997961637978
0.84469393958015038
0.68198679208368151
0.4597113192580653
0.27680548097439173
0.95925884314288112
0.82347124512415348
0.39631161594653819
0.77254185306767253
0.77030942042878436
0.31180518189332412
0.8241940434745364
0.32368691149787687
0.40163583270066766
0.50048466308034412
0.694018720109431
0.28937679433831026
0.024031694272306694
0.018916343695397859
0.8881569311538704
0.70541587364562086
0.88936054905424844
0.17981129241095062
0.30598158955751403
0.15282507813845214
0.95025716198526722
0.007377082845420135
0.52077423012540347
0.15402116997966694
0.48535931794956921
0.47814892104423334
0.71640758557186501
0.84852474044385739
0.22899734002533173
0.72745216086246911
0.80026513783910291
0.088293598456220188
0.0078277553480649836
0.53794318704382316
0.89200488598729977
0.28113137019067502
0.099527305088876875
0.27504319094510343
0.72779976366534793
0.90661779066625636
0.6680239471208913
0.15614550583317949
0.19164727173279411
0.96707148528798781
0.87778471800269176
0.52428187433590656
0.12922302884345185
0.23646292281602116
0.14640927659592665
0.28676646437273007
0.40193288121455639
0.94663751837897847
0.56818084485231335
0.44762416036636554
0.41685089891507621
0.058460489202839083
0.0129935814157821
0.098642858458281413
0.92477511794902612
0.81293227344102026
0.56271938451949488
0.61680827371392932
0.95558575927962575
0.20026381531692319
0.80912774885817451
0.17436291244069654
0.53200742581483929
0.29942186238717922
0.86803958430894124
0.30988308633746292
0.66541703373112449
0.5145738410240821
0.069259047142139638
0.45364672690015728
0.92334230275739648
0.25570247436307297
0.28929743851616935
0.2079584071540089
0.42253995361790492
0.64762644851538398
0.8241940434745364
0.099133355859648456
0.74163778247821588
0.47695217189561634
0.66055653513607893
0.054703912372427367
0.48032850131494198
0.53805756645152436
0.33702862244045728
0.55785181900088388
0.05082796778998977
0.97236441352717029
0.41180911278929877
0.37782875696315527
0.030911215692353125
0.3070571981378587
0.34621904556065725
0.50026236861894624
0.94483611329203054
0.45205773408798622
0.41523363484648823
0.11813141774570143
0.35833294908666685
0.1761815337362736
0.32214175998237676
0.40272565586339099
0.43002217579903446
0.3570447785354135
0.44070418460742378
0.4138215298059435
0.41715454224965909
0.097894931249803904
0.66126798002495879
0.42663060154959009
0.98606374063126023
0.41583968076518885
0.87850054908985098
0.58359363532226594
0.023336185478897105
0.65842193601089871
0.77920542112147828
0.49350327482031819
0.1017859191381915
0.48021941023962567
0.4403910225092611
0.95728713965493306
0.12149784374009527
0.47684344793146249
0.71629096478891185
0.28653002175060077
0.9020460969296108
0.34442140854333314
0.56771546661510808
0.49284065755230255
0.075130380887303172
0.057771406970954238
0.91354710177647425
0.29064865503508436
0.5175012419184648
0.27177095347572494
0.94287885283353867
0.55762034438758667
0.45004921064423953
0.82243692466091056
0.37592527171505263
0.13516293469420446
0.20459734954535244
0.3811745072499772
0.40302318813261889
0.058074494152707851
0.42765675485335158
0.81786177968930507
0.54562517336836081
0.64762644851538398
0.87254138463774045
0.27237752585732949
0.71990283441445091
0.26658124459137755
0.79008301744874765
0.25389872998310553
0.73300449804225398
0.37279788099507527
0.74037496942734182
0.70974922499477655
0.28433013294566145
0.33658675030363588
0.032178249036496881
0.49184748410863199
0.27873052975714802
0.92247606892105671
0.98337425061994677
0.13218532044587003
0.46420638444159634
0.69001283310544093
0.39552650767351299
0.12774302842308088
0.026963687359721402
0.5961570982378126
0.94337162153739151
0.90843312327423065
0.60546596008857467
0.76526675568459002
0.09056651884059734
0.80348281368435825
0.91446158867801031
0.14839789755309341
0.032889637185192111
0.82840703194362875
0.38966854245856869
0.38608297149135296
0.094449659636657982
0.56399626176861406
0.76200306572470144
0.54263968065321055
0.8913252353410096
0.64371108238899266
0.87499388916634602
0.8151401432117239
0.96342968813917496
0.87034456644369507
0.22840023192053144
0.3135675130586314
0.93685219157279764
0.27192250165638998
0.68588399415908319
0.73531191307331722
0.12216529855130631
0.95412109030165759
0.05996540616253003
0.093574184326032622
0.76324227700344971
0.72257795719059847
0.55045935606487817
0.16438364795595001
0.60322485419487437
0.073108527942511201
0.75453658871594664
0.56399626176861406
0.018535456595381788
0.50762051590783652
0.50829170195024331
0.63351005903490032
0.00087050294533650417
0.40193288121455639
0.9200687465903884
0.6440670159744748
0.24727429201078729
0.22694579536280229
0.87254138463774045
0.90582321899834661
0.51953179177008491
0.6253319034679703
0.62853111752953028
0.041208371065745569
0.88152255619785846
0.004934593809570874
0.06754322526363811
0.48711490575245997
0.17779922828601025
0.31440919195071543
0.23851294790555425
0.50627926376992149
0.57645817675759092
0.35934722430248084
0.96523166067545429
0.61467941801506187
0.78328840711899128
0.41211060886382489
0.038239858993038375
0.15483902413778869
0.86822460271692414
0.80251918543584444
0.47088213266896628
0.36463311921818303
0.2032048689237361
0.1557574338357077
0.75691796590948324
0.074239697974125329
0.031781532364372325
0.59392219055605711
0.27826761354135593
0.50193062247004527
0.64394837113685643
0.36603251076160759
0.011626481745790243
0.24272396770243354
0.39268845793035695
0.53462993833049577
0.58746228374948339
0.89579181523846507
0.19788860205525968
0.398574079314993
0.29033030731920578
0.45821792028158292
0.77432381150826624
0.12025004672602335
0.2423072284471148
0.039272448321428614
0.89778620215292626
0.8537682436161288
0.91866604793736195
0.42570825462685247
0.36603251076160748
0.2677779617428182
0.74621943762765752
0.18206280540411213
0.57762646664184469
0.14367237895862189
0.57949694044070987
0.14567513269852153
0.029065816621726567
0.68493958323151893
0.5168250957034326
0.56155931229534484
0.013118785642129423
0.26995730851599958
0.53098250699772231
0.53451581894020639
0.074214390349311737
0.94651843634960375
0.12390762380450235
0.22694579536280229
