2.233787855469396e-22
1.9996165315472228e-23
3.5331921764819184e-44
2.2992314535067559e-186
0
2.1126064264003245e-55
5.4984141899573635e-06
0
0
1.1171809462908587e-306
7.4398838915246028e-76
4.0162220657437014e-80
0.040345338966193141
0.00068911406996896671
0.13715086796115222
0
0
2.3352291702341169e-136
7.6042971210914965e-295
9.8082524652358395e-270
2.4655866838855444e-65
5.4308019715703064e-20
5.1588821703625935e-61
0.93220666753892689
7.4633806782194637e-25
0.00010387522038932985
1.1215332516145801e-07
2.4370954134370792e-09
6.8650372890371489e-08
0
0
5.24956756257094e-149
0
3.5382444267505374e-125
0.012489647721071431
1.4577208057192067e-280
9.6708716795090391e-214
1.5712599138939164e-53
1.0490692249630923e-31
2.5169088634732273e-11
3.0559349174100596e-27
1.4669965744890761e-54
2.1843783799018589e-18
0.87867922421350075
2.0852153694305361e-29
1.2105334452084823e-179
0.0025224018801187726
7.7722788928428609e-19
0.0001194131879883017
6.295729022972052e-05
1.889074604806456e-07
0
0
1.9593853769519443e-297
1.1968493924792032e-114
2.4065257728752028e-286
7.4501503316963577e-252
1.0356876853600617e-54
0.099790706025758305
9.154107081620487e-240
4.2673806974190332e-220
4.7036785059575312e-164
3.1720149738833826e-43
3.7435049110332351e-16
5.1360240629616112e-34
1.2979246831906777e-55
4.6173219419307818e-67
2.9856259365408371e-22
8.8596905902363696e-06
1.1945023489010617e-20
6.8397800835781748e-169
2.4800175554320417e-10
4.6291566146346265e-45
7.1709079001793481e-25
2.233787855469396e-22
0
6.0667845080433531e-283
4.6523088945220058e-273
1.4187117080396529e-22
0.0091957899106262751
3.924226091678722e-176
0
2.1711037897167219e-309
0.043139806416844603
1.839315882917609e-242
5.2404989358827397e-172
0.00020710467018394908
6.5646956904332707e-50
4.8621582665298702e-11
0.022701928222230744
0.15898348207089935
2.2278425097739004e-217
0.035612587820325801
0.62000318848405778
0.00013487069612467403
0.0073597002607657122
6.8089096976685828e-72
4.0549551213529001e-292
1.7621403487723731e-301
5.5552295187221351e-302
4.1366977411596948e-193
1.2442100018294141e-266
3.6032567166616814e-262
9.5858038745104029e-213
3.1798390229486007e-11
0.15106929134402838
7.2413323060332185e-206
1.2420437421944597e-245
8.2960025417595622e-232
1.6616052898025312e-205
1.3129053592154871e-101
6.9951023734211448e-27
0.00039536073260584191
3.188155087533852e-10
6.080695978580326e-15
5.0987612926399593e-13
2.9434207829442977e-41
1.2210042247419626e-53
4.2775667405592444e-08
7.248975801520318e-30
1.347077913493993e-19
1.2792369374316553e-17
7.4635073412122755e-09
0.097733003963618198
2.5806613032631731e-190
0.10894192525944332
0.015901779037510503
0.90677632063606395
2.4006937988688822e-179
1.7201205681679252e-104
1.9261855757874613e-190
2.3401359959412884e-136
2.2847729536545885e-06
2.5757702584427749e-10
6.703711760940365e-05
1.2351352651636378e-98
4.8539315757813861e-05
0.83258421766147772
6.3299106347565842e-126
3.5208705456793954e-73
7.4758506173491854e-13
2.0916810638669902e-10
3.9000704657956261e-07
5.5166203561405599e-97
4.5147773649469084e-23
4.8603553467065956e-05
1.390629398329235e-31
7.1709079001793481e-25
3.9355700335981239e-54
8.8789566005006465e-11
1.014607221674801e-07
2.4181012218775798e-28
1.170279543383785e-32
0.016674186875115501
0.00010510540523436172
1.3947828554391204e-51
3.5170320363950508e-16
3.0117030788379714e-12
1.0588635373230119e-10
8.257995766159452e-14
0.00024879901503760496
6.6766965882963301e-06
1.809224170248436e-07
1.459334093941811e-59
3.4488237931737713e-20
7.2180364542330124e-54
0.00099109972746200714
2.0879943658019826e-61
2.5124810724097888e-08
0.097765370443335747
4.2945621858356728e-22
9.9094704974444012e-05
0.0070451319236231246
1.2247315584147692e-11
0.00054487037051028243
4.7042571110036583e-22
2.0839044640755242e-32
3.1641431108357999e-105
0.00048655690825310171
2.1379661860198334e-13
0.00055230286206891339
1.7236912285570497e-12
0.00024287997347267833
1.5210029664418305e-09
1.2829253347155805e-33
7.8206850721730381e-20
2.0594312133653877e-11
1.7073029456467801e-10
9.5150720043465805e-25
3.87310582940058e-81
1.5067945959625281e-05
1.9760909078964373e-07
1.2547474962131382e-11
2.6931822595569154e-23
1.547123130782797e-105
1.6888011882454906e-12
1.6649421741514954e-97
1.8572688140008696e-101
3.0055354960225106e-102
1.7358275975648213e-222
9.2399562530374823e-20
6.6415093970275971e-17
0.0025964643464030492
2.1337551356610687e-18
6.8100624182067503e-22
0.014397129798345577
0.0072135284971662174
2.106718690907033e-51
1.2564565595863388e-08
3.2884124193398342e-05
1.6171199071269639e-10
4.726778389815578e-35
8.2478448029243187e-05
1.5443878445859234e-41
5.2690358571750704e-45
6.128595074639968e-151
9.8119888471122573e-09
7.2554852310311131e-27
1.1078767048839506e-34
2.9484490810977284e-141
1.2665977008341571e-123
9.7092939653818667e-272
3.9355700335981239e-54
2.0856724686825358e-08
3.1387585223403447e-12
5.7090902140262011e-62
2.7306362729886796e-05
0.082916249528422234
3.5002542631413413e-07
2.3521948503191882e-32
2.9285631490626605e-24
2.630729214563099e-34
3.784483481669918e-06
3.430857885026314e-56
0.023554206791443488
1.2622160873953094e-06
1.1487445235282132e-08
0.00027100160895777184
0.4002513540873493
9.5867885224950305e-07
2.944271653695783e-33
5.9530149051057668e-09
6.041131818325789e-57
2.9227926039388301e-83
1.8939862722610213e-16
1.4306618888753219e-11
0.0002248728375963196
7.0894130116986083e-06
3.7240609485683097e-05
9.733719764920113e-05
2.7227760338357127e-25
2.0428501873067968e-13
0.0012443465108699342
1.8969854310922907e-07
6.9261714335035175e-09
1.3137036986048545e-14
2.754911796791058e-09
0.092675046089364735
8.2011172130225822e-31
2.2564399931117929e-05
1.0779661455277839e-22
0.36724812873884694
6.8678324675289845e-10
1.3237610781053208e-56
1.8170422618303858e-19
2.2348620711750929e-93
1.428610547052563e-59
1.476676752085131e-07
1.3677499734900232e-08
1.8377033553619385e-08
1.4307030738544075e-07
1.1991461726992233e-05
4.5900262782403243e-09
1.1813869974955755e-20
0.001031218873855563
0.00013563431915110787
7.6693023683388159e-16
1.2613016851374721e-49
1.2642698994615444e-16
7.4614912103565945e-81
4.5056496006329431e-104
4.8516770281256519e-09
1.1502835809454188e-18
9.4360321318073753e-14
5.4669889398599857e-35
2.8108688908547381e-07
4.1833159214249503e-73
1.0546279032717351e-131
1.5974371720719e-139
3.0676484159729364e-23
3.079557710815629e-63
1.3462257645321833e-113
1.0094987453418412e-183
1.0712826221694391e-85
9.8043708406686925e-225
9.7092939653818667e-272
0
0
2.8108734439880348e-260
3.7046782288611222e-148
0
2.3700118191545713e-69
1.3465409423924209e-59
6.4904622948501321e-12
0
5.1825185562325479e-87
5.9086148689824447e-28
0.0062385085605307748
4.1657769671269812e-17
5.3731071708814426e-06
1.4033291294418919e-05
3.86082540945023e-44
6.3471892852529517e-89
2.448433006482496e-16
4.5593121440625048e-06
0.55576959882851884
1.8405075220718842e-31
8.2885885703834322e-57
3.0904051689150612e-99
2.4048151872804327e-29
1.2206050591651404e-47
4.9941006540831965e-133
2.4568141454873056e-40
1.4089066424255589e-127
8.1239162892715818e-143
1.3838808392712856e-216
1.9693075842573883e-124
1.5274195286232726e-37
0.74679096947636159
1.9362533303772868e-19
1.2946487208302797e-44
2.3292228727138712e-107
1.9554266698300858e-38
2.3852330256477335e-80
5.9906537180350585e-167
1.7648769286810702e-193
1.3915353712255409e-197
5.4732214019253337e-275
6.5423362408723187e-43
1.0917816147961844e-131
1.3093597799503952e-172
2.293313109637346e-204
5.4545918069537589e-298
5.8488305095710874e-186
2.7722178264161994e-282
5.7790646571526247e-281
6.0015971939161729e-287
0
5.8527462602069161e-96
6.620269665258205e-29
0.1736716871789345
2.6901138897193031e-24
0.22347192406125169
8.4899895159915964e-73
9.4622956146629376e-102
1.8335332492005284e-175
0.022982739684343546
4.8412557162417756e-72
2.8350504439053793e-140
8.3979107849301077e-228
9.3486659140062727e-80
2.8341905223973202e-253
6.8207742058359978e-247
0
1.7343055723662724e-23
1.6203668668726811e-159
3.7556566979604042e-228
0
0
0
0
0
2.4099473191929846e-249
4.4325560343021629e-33
1.4447084820883055e-20
6.2232220469492868e-11
9.1187015282632447e-154
9.194238514117514e-61
2.6893515299482241e-10
9.670043015345328e-27
0.017350381321034516
2.9937458419056351e-30
5.1130044614799533e-70
5.7123783367114097e-172
0.014574048757759949
1.1838705009519158e-19
5.5118874492957457e-60
6.1887000563976576e-197
1.847032840575153e-47
1.818166196399815e-132
2.9752342265399008e-174
1.2889300308233174e-273
2.2464975628808319e-141
1.4305861557189697e-77
9.9312335330244222e-55
3.099350704561899e-30
1.8225107167827827e-10
0.27313716538794069
0.00019454416056380382
6.6799555974057102e-11
1.8898582919663401e-55
4.5587791865228406e-51
9.8292248531741052e-06
4.4404799740439065e-26
2.0809856299622342e-12
1.3080950467534236e-71
4.8279124775785908e-68
1.188752361279085e-171
1.066582418851483e-102
7.7496203150949518e-31
2.1021592081346889e-146
5.4568137324443739e-219
1.7761162536563e-179
7.287522836524074e-288
0.00092191937931604276
2.7907156841744524e-75
4.0236679506647963e-05
0.047239305483634565
4.7462101255292575e-30
1.3979886465607171e-23
1.7655788089547152e-111
1.3658763801478879e-70
2.9772487508189911e-13
1.0926042986133023e-125
1.0988336405297558e-203
3.969624300696457e-215
3.9800487932304232e-178
2.4702766165484888e-296
3.6430267735296356e-110
0.0007309591187431723
1.030201825856896e-67
1.4299342671386958e-119
7.0607811953139943e-168
1.2324715059140721e-133
9.549209295853184e-282
1.2505300734163262e-309
2.5389567805799891e-232
4.9855643965859847e-77
5.6408233778689763e-238
5.2361880979703018e-299
0
7.501791289063955e-246
0
0
0
6.4905229663987154e-78
2.0837242082133876e-60
1.7064761203776902e-32
7.508759190931489e-256
2.9081787839438786e-09
8.5896025131551797e-21
4.3980299307936721e-21
7.6849166118032362e-295
5.3717267837087151e-93
7.6276837014865854e-16
0.001060019985805172
6.6184636796984961e-17
5.7008277913008308e-06
0.022216200326041304
1.4245861598887844e-34
2.2632833194898915e-115
2.8728114928511663e-132
5.2777690143552576e-05
9.4572042663359858e-36
1.7977423492896843e-11
3.5893448315829958e-12
2.7899115233857746e-32
4.9099585696313064e-12
4.3106052539104916e-20
7.1436535224523092e-54
4.5813337155014262e-09
7.7852796363164939e-75
4.6230203978728549e-85
1.7333011124642336e-177
1.863487036078843e-17
1.3426005016545983e-41
0.15301592321357413
5.7614104184503236e-11
5.4262274833560089e-08
2.4162219061272905e-53
6.7997891646455741e-22
6.3323710387275813e-38
1.4995805554960157e-131
5.1387281773964749e-136
2.0985701844607608e-116
9.7172634773175898e-236
1.5637653635826806e-05
3.6070903174030443e-64
1.579442023305384e-113
1.9989067507395652e-111
3.0369793005824774e-224
8.6661026400426767e-90
9.0535100759487031e-204
1.797262399410239e-192
5.9827022099824611e-170
0
6.471596670928019e-12
1.366871829598524e-06
0.034157577584887695
1.4838003669213704e-09
1.9590152911078068e-41
6.5375885788526508e-15
1.3794194898279247e-26
2.1116399510776704e-91
8.5978591781242817e-08
1.7260707722793734e-30
3.5377373031956204e-78
1.1154079467922573e-163
2.0661863712425409e-29
2.8565132427478187e-164
2.8103313782649099e-159
2.7456701492970696e-280
4.1452821729779607e-07
1.4994295657218988e-80
1.1986341248769032e-144
4.3977388263776417e-247
3.4572990552929311e-227
0
0
1.0512940682356458e-202
2.839283624404424e-114
1.5787792784754966e-74
1.5903099192016215e-39
0.27207411310982282
7.8755479890905842e-43
8.8343335563135911e-43
4.5691220640118906e-17
3.0906715944411248e-08
0.90358145045872451
1.2665796319087391e-31
3.8184923487450134e-36
6.3416526989523016e-114
1.8370373226592828e-23
0.003453301691921859
4.0817660264776282e-29
1.4712924373464554e-106
6.0073031575537043e-67
1.1477442110382016e-93
5.487480403458101e-117
2.4876109193514292e-206
9.9624974652909406e-64
1.4889955110500212e-13
7.9579158293359319e-15
8.4359118375928459e-26
4.3941065478169913e-10
0.00048987213452808239
1.0155109477552804e-43
4.051247431452368e-08
0.00011157197007303516
8.158011607717101e-13
5.7752883934255466e-14
1.1927115704234638e-05
0.015925961152623846
5.9461044032734674e-35
1.8652662232834452e-63
4.2338148066716357e-110
2.9487904583511293e-86
1.2361136592679299e-13
2.0588330377361702e-98
2.6369573834847593e-140
1.2253790955152785e-133
9.4321334491047641e-198
1.101279336426853e-55
1.0942834055190128e-05
9.0211339550942004e-08
0.0093256506921106895
0.0014447686132919107
0.00056102048769688057
2.0836449265245314e-26
2.3463116119801165e-68
2.1373133808917274e-08
4.1706341596842354e-89
2.1564627216900543e-123
1.5244273043050517e-146
1.2697656039991131e-124
1.2285402261858939e-203
6.713636833845704e-145
1.1517112224031629e-05
3.7525447692902114e-18
1.6944159836356649e-31
3.4410896987324884e-130
1.1145804403022962e-115
9.4281289722440621e-196
5.8149482269853643e-225
3.4592501615720755e-204
2.2337911821158145e-27
3.8146149195613993e-185
1.7304246427816446e-212
6.0747172210089518e-284
3.2088227039127265e-217
0
0
0.00046022767249134219
0.001909463653882653
0.10581271687990683
7.4890524211964642e-32
9.6263201293470294e-21
0.54229555766013782
9.6415771715989005e-18
5.6766304551014816e-78
1.6716891399141827e-72
7.5595842717507319e-05
0.0081565906094591065
0.0016668632229376228
7.6579293915150242e-16
0.58066672922673856
7.2682387442067666e-15
5.0056476056902143e-82
1.3345170516282515e-17
1.670803956875714e-10
9.3215247155706804e-06
0.00015091315096100476
0.00014475908355792504
0.33087845422736556
1.8016514298137587e-19
0.074366352850151113
0.023025571267842229
0.00081741961128471631
1.4061377746030804e-10
0.72071743104402786
1.2948173458067322e-24
6.6114258412842271e-101
1.4436145934437285e-18
1.531335795192711e-12
4.4081202892463836e-13
0.27260525155038129
0.21671417042584404
8.657348339562174e-16
0.00072850243908740696
2.0494221344831613e-22
0.0077361642027390567
4.5509971023336804e-17
0.0086528080542567169
7.4166520801207693e-34
0.17108673355391912
0.049815560036449172
4.906346371998643e-32
8.6977824362275946e-06
2.3627481344524124e-10
1.7958951510802374e-09
0.028306946497880181
0.0289167823121168
6.8651155680758114e-22
5.7649552975028052e-122
2.4857379799098549e-33
1.7622697631807894e-25
0.035664220506489847
6.4048229520742977e-29
0.93527889293293009
0.039004883008631232
1.0184915367102013e-21
5.2837953688827121e-13
0.010044532487006163
1.6952996631700329e-07
4.8164104803706069e-74
0.0016422881083883096
7.4874521718261964e-27
1.1017838141942943e-20
2.9996126001053997e-29
9.4776898089073352e-29
0.74987258646526112
0.10556998443740009
1.2255051892755423e-36
2.8710541793358088e-08
6.436251976681151e-08
3.8515569487555118e-147
0.00046022767249134219
1.6942523079895604e-69
2.6912919983777919e-49
9.362505854862126e-15
2.3855958390550332e-13
0.070650325972576561
1.4490584318674973e-22
0.00043548139594015711
3.4418644310907719e-11
0.00021650775510594872
7.3989922391620358e-05
2.4445537879100217e-22
0.075284032596782749
1.0461418679789884e-12
1.2296918309302654e-06
0.33871134351763105
0.44699268274540382
8.0365074359332199e-17
0.051007520530005318
7.3034962841735165e-06
4.6891026519916868e-06
2.3100773849438891e-10
0.40153684588126298
1.9154128355120606e-08
6.6872159606008729e-25
2.138573899944576e-16
9.2734019739081412e-16
1.4937661067082805e-08
1.2999327046054403e-07
0.46991013599798359
0.81545485499672232
2.5338508470023497e-62
9.4036916381199471e-05
1.6328774549600571e-14
0.72745216086246911
0.0022333044678458495
1.5607118983611329e-77
2.0955005649031408e-13
0.4145272316362808
2.0536720883280597e-35
1.4965745019386404e-09
0.0047699131540623997
1.8392566963802725e-24
1.0835231980517182e-07
8.1222758200690548e-13
5.7627097578359752e-25
1.2878497481366648e-27
0.46045895189555086
1.2229376790080386e-16
0.20200024833741048
0.40870125348264891
5.2417418915328527e-23
0.63635621387980801
0.016373464046598493
7.110746792084254e-20
0.033984278118276139
6.0702170568832825e-06
0.007193684724981211
4.7000367525975228e-53
3.8629045881170139e-33
1.7876806309311819e-26
0.047306382351287556
1.892479759885734e-21
0.11153253421603204
0.011921444982153442
9.4904752585582352e-07
6.6407917194532761e-77
9.0319214142162855e-25
3.5451701535898127e-40
2.3533872366900272e-11
2.9609736438897024e-91
6.4484859717982426e-36
5.595376816300378e-114
3.8515569487555118e-147
0
4.6930436512170943e-77
8.0569693505984264e-53
1.3720177429102168e-28
5.4077479429635073e-19
3.26862921365197e-17
0.035884437668176387
1.5206393528340891e-94
1.3186354252035522e-12
0.034770632567795598
0.00628558211078097
1.235303695849461e-08
1.6279382145548891e-20
0.58347649351329967
5.9146101767369744e-13
1.123895722978782e-107
0.00081502123662880724
8.8796384062940147e-06
7.8940051742731519e-07
2.5754948983226578e-06
0.0035351176060350641
0.12208660960452487
7.3041391462513588e-15
0.00026833922281986833
0.0001198296061394246
0.004334804871217123
2.3438166605994001e-06
0.058664584048990658
3.8621437498808447e-16
4.7545726802850319e-86
1.294407592364642e-06
7.325297223110884e-10
0.0074645889541680626
1.9285686777920234e-36
2.409807798018651e-20
2.280714016956247e-07
1.5439423777403123e-13
2.0366546447358762e-11
0.00092733773293498167
5.3096588112763761e-13
0.064093632597277239
4.5230859889279488e-09
6.5374058083917917e-23
0.1388998308926194
1.9109497596677709e-15
0.0070812941262565262
8.8929453764123331e-17
2.1809926881175065e-06
4.9998537246864667e-15
6.0964961805684499e-08
2.8500096432867924e-81
1.2494400232625682e-142
1.7570090803527631e-09
1.1872635833380746e-10
6.8143474052669643e-20
3.305722788444071e-06
1.1936386475617927e-48
4.867793815666277e-09
1.3370185563954284e-31
4.6145992216131845e-29
1.4026351085600838e-13
0.29176488078186208
3.5089372785832349e-29
0.31915207250671451
2.6923669914613345e-40
4.9207164358334029e-05
2.3934771676234289e-09
8.6086655364253593e-26
1.7191292881662443e-05
0.037692254974833923
5.6753233738036772e-07
1.0903572497533725e-38
9.075793228738236e-53
7.2278516960602461e-230
0
1.6897944020705114e-07
5.2935089006323538e-09
1.6048834181133312e-06
1.1164144495681545e-09
0.40960210509810474
9.9795645533798044e-23
0.55819908526158746
0.0043295948246338881
9.1478792672747948e-11
0.10293209554735344
0.0089902056672081579
0.0010778557704396771
1.959248022937468e-05
0.001348162474094366
6.1051386692915836e-21
0.010683120383255635
1.5054474366082458e-05
0.12398732972444783
0.022232785207709757
4.5969123934704343e-07
2.427147369909509e-31
6.0307966030006874e-122
0.23995618230063467
0.0016067488613253048
0.0026273184717008277
7.8374294614259664e-27
2.1784527257380118e-05
3.3790917849410291e-78
2.2157121321568142e-13
3.5858105314571867e-15
2.5893742382364014e-41
0.00013335612067731279
4.5039086840834784e-06
9.22109890860709e-08
0.92218623660530852
2.0467949375593826e-08
7.9848901602958757e-06
0.25010702681930347
2.1817569794602236e-17
0.50037351047486323
0.023712368045889012
0.29256409830743657
1.8500274768198317e-30
1.9499174748579173e-11
4.9071567955443561e-09
3.5598153979436175e-12
0.10115032519828442
1.9433135183675761e-06
0.0046308744720346545
0.085179806168589584
5.1939236343840965e-33
0.72571302141765504
3.5486155975869224e-14
0.00016371964687539323
3.1208830127568044e-07
0.0011734728029438068
2.9482723453397097e-22
3.1822227957157778e-40
9.0592784475280871e-09
1.4911506979124815e-17
1.0050765839985307e-06
1.7164061647693488e-51
2.8643639975729469e-14
1.3735164829723489e-30
2.0915675589084406e-45
7.3781818533160076e-88
2.0309610812400816e-12
2.1713748564111898e-76
1.0513256694257335e-52
9.0536641889237124e-108
9.5562546081478335e-72
7.3172917343225472e-162
7.2278516960602461e-230
1.1039073709751958e-07
7.8132789181688969e-08
4.2778525382489786e-45
8.3320797532814485e-178
0
7.9180985296443234e-64
3.2607188454812516e-19
0
0
0
2.1724294341195693e-68
2.2710570796735841e-79
0.0045847924788460738
0.01679466424568149
0.083561443260287291
0
0
3.1574162591551363e-137
4.7485227992909977e-304
9.7014479134274486e-274
9.2497791966081009e-63
1.0407619962000555e-21
2.2379489762596514e-66
0.61574373222787271
3.4351916658807528e-35
0.004282975871649046
0.0013084817602813099
1.3524547873202355e-10
2.0819721620779801e-14
0
0
1.323461424684046e-141
0
6.6824690827865486e-117
2.0798341785953404e-05
7.6863953657868985e-281
1.7891777534721989e-229
7.2979708830650044e-40
1.2447783287523151e-33
1.0609327003211247e-19
7.0659034280857805e-33
2.0149070454732728e-50
1.6050149125183318e-35
0.0045300784323487218
2.9972156822519166e-43
1.4874119916239203e-176
0.0013588278814057871
2.0504548251040105e-22
0.00089491319369202238
8.8071062070319158e-05
3.7384152855828327e-06
0
0
8.7095420910749854e-309
2.7699100247559706e-107
8.0140319366262292e-283
5.4525079256277029e-254
7.3611413060451857e-55
0.00033919365193088672
1.8183432840462267e-241
7.1763740805188909e-211
3.3234795226258844e-176
2.6839496265642518e-33
8.0287720643800247e-19
2.3319674539195695e-35
1.3947828554391605e-51
7.5956822466225558e-64
2.4839227062794913e-21
0.0015481075369954279
9.3547518375785367e-17
4.7390288981583465e-198
9.2707392928038363e-15
1.0917548955194215e-42
1.0234140955061159e-24
1.1039073709751958e-07
0
6.9911667811995649e-283
1.4799262447135592e-274
9.0057801543648358e-18
1.1385885336045448e-06
2.8609427735232814e-177
0
5.2052809686841277e-309
0.0015876210001561943
6.8514050561599511e-252
5.9950386326565707e-178
1.8753550730685833e-06
3.3107760580207013e-40
9.6640925187559901e-12
0.019582370002800258
0.59815810453813367
1.701074890414067e-214
0.0054709065949660922
0.9003359134199479
2.9960707951178005e-05
0.38127037345577247
3.5267214661122886e-49
4.2962886372149808e-306
1.0299442727127722e-300
3.6351476858243006e-297
6.2663114388522059e-202
8.86862983379107e-268
2.9241351378730631e-265
4.7212176080814008e-221
5.060734705660338e-08
0.025088375408168526
4.2556244750909237e-201
1.0344115765418388e-239
2.9980234950190168e-225
1.2925127719396193e-198
4.3095911387416166e-119
2.0893175221736074e-40
1.2364692300968393e-06
4.7775423721077489e-08
3.8043410248191291e-09
9.9879599288151938e-13
1.106475623621083e-42
1.7039352541077225e-38
2.7820424581152854e-05
8.0141221405182559e-36
2.944992367819715e-18
8.2176023568391157e-14
4.0252210100664817e-06
0.54206618374236193
3.3826772959291771e-186
0.0016470388118904346
0.20783541329416855
0.61728147430185598
2.3560426599179021e-150
5.371900801680374e-133
5.6506006968622757e-174
3.6648527038815873e-152
1.7536213150516749e-06
4.980920134968578e-10
4.8861314431567731e-08
5.1318460435121882e-90
1.4405356782028987e-08
0.55426725970380852
8.2066401216362789e-153
1.4730802046343432e-87
2.5537722148534134e-16
3.2373722797627151e-06
1.0970884140111003e-06
1.2334129091411948e-90
1.3492159751932129e-30
8.1756450449067618e-10
4.3134918626529858e-34
1.0234140955061159e-24
5.4032754654705221e-38
1.1003619278585185e-14
2.381995708612155e-11
1.0175856978711332e-34
1.1865336802628885e-36
0.033238710968872869
0.0041128499141343689
3.590626504068686e-53
8.7125034176402962e-28
4.9236217068920877e-30
4.3402063792622324e-12
7.4255299679258708e-08
2.280714016956247e-07
5.677939088170769e-07
2.1642017799730865e-15
5.2506244670515986e-63
1.1325353300526826e-21
3.0958571597503152e-35
5.8836273475866388e-08
9.9763972516585043e-43
2.2319401111215108e-09
0.029614831237317139
3.5771734263034066e-18
1.8743927254364307e-08
0.0014903190309939196
1.5162888087881167e-22
0.025378074319716785
4.187108037908074e-20
1.1077214910777014e-33
5.8105614707436656e-109
0.014848967554627146
2.8778029909887514e-08
0.0021782287968735055
1.8869473841752138e-14
0.0017248944740749165
2.2383975178288618e-06
2.1633911619366969e-24
7.3627108743602921e-14
4.298611483377377e-06
9.8675785099747838e-12
2.9586556671047003e-21
3.3510093793812919e-83
9.8544178876698292e-07
4.6224400845730056e-07
8.6887192631600482e-11
2.170209469955325e-19
7.7806665438309723e-102
3.4617270814028094e-16
8.4153781146351797e-100
1.2145162194863476e-92
1.2105612829166916e-102
2.362696045252405e-238
1.7587876826561027e-14
1.2511671274764757e-16
0.04248181411466332
5.2068623223090043e-17
1.4040109288407143e-17
0.077939767422766315
0.0079172822489932265
1.4123737652519147e-45
7.0536326369751719e-11
0.00037340278735307846
2.9794660312156078e-09
6.2889531308435635e-39
1.2170189116585219e-05
2.3166371694056238e-38
1.9421039557858999e-43
9.093911390795533e-131
1.9327016351990475e-06
1.3514443071817078e-20
6.8065173026634886e-23
9.3062434366920301e-131
3.5814991802714124e-136
5.1046583165567497e-270
5.4032754654705221e-38
1.0835231980517182e-07
1.5531167272889013e-12
9.3994081551418224e-34
0.00093434991285920761
0.060446827623276314
0.0003368816552989409
1.6719534088712404e-17
3.3143177058737234e-42
9.1231011670524332e-23
4.9485536907974018e-06
1.3026430784790381e-36
0.0037449319978928477
1.1719397670179536e-06
1.5479630360945511e-06
8.4561166013203556e-05
0.92815790454277969
3.430726665961527e-13
1.6934446261156256e-32
9.8951965591682132e-07
2.4059951759537913e-61
1.4339565337822775e-82
9.7806519134832504e-11
1.6460937011141614e-09
1.1245849817759481e-06
2.4743529947621716e-06
1.2748164821891472e-10
0.00027878633932004255
2.9935090852794408e-29
5.3142778841630834e-12
0.011057322018048592
2.1185539258034691e-07
1.8668636353215378e-11
1.1569990178095808e-06
9.6388335713634218e-08
0.037692254974833847
5.6395801040354407e-19
1.4014460664976126e-05
1.8410621691618614e-26
0.081915334532458473
0.0001758360275322708
3.9243133288608841e-50
1.7569272587566959e-20
4.8973682624647533e-98
1.8158191231284603e-47
7.3095032189923182e-12
9.1861471982164706e-07
0.00013681743921347227
1.0293400950126035e-06
1.4711927976798806e-07
1.0492332401374613e-08
7.0654730532536001e-32
2.0209609856096711e-08
0.16086628787161605
9.4073483359378042e-16
1.4101814525066896e-43
7.864379849878914e-15
3.433847615891393e-75
2.4871111191137497e-105
3.0863224435759086e-08
1.0458326005270213e-11
2.2201280105053828e-25
1.1859433729713212e-43
0.001319388502474948
5.432307874708542e-74
1.3722832016438383e-115
9.6746957912683118e-148
4.3322626740455425e-20
4.2393822481665693e-70
1.9539154947609071e-105
9.9689148211213597e-177
3.2904262966002607e-78
1.0594186788837775e-229
5.1046583165567497e-270
0
0
6.9996803795041503e-303
4.0573409425302766e-174
0
1.4082507695934104e-101
3.2300028714577263e-59
9.2165705261825835e-25
0
1.0408609094493703e-103
8.8512818155363118e-23
0.57424006435582053
3.0909488646265597e-18
0.003356997965773973
5.6026289769942536e-13
1.6370216311515082e-37
2.423227904822592e-68
2.0739327086346095e-08
0.0048274207133210878
2.8558740085165108e-05
4.3647036923317441e-32
2.650245259311319e-56
1.1581825862421617e-98
1.1596576152257663e-26
3.8332179696407127e-64
6.5429854450165533e-132
1.3466099414244901e-31
1.0922654398658624e-144
1.8379753128856017e-164
1.5123972094908643e-192
3.3808692133263654e-83
3.4339549667029036e-36
0.50750868778306524
1.7532437802482095e-21
6.7590745746802431e-38
4.2697607141065175e-86
4.6103021854699658e-30
7.4880617612497754e-86
8.65358802946356e-178
5.9710760303455156e-195
3.934672233442735e-201
6.2901173948503122e-278
3.2373094201439131e-36
1.5435196973707631e-127
1.2315428952166609e-183
4.3371234916581591e-218
2.9074303808633262e-296
3.1615120032576072e-180
2.2596843963683505e-291
1.7343084066215903e-285
2.0891251150232162e-277
0
1.4408219169589142e-105
7.7892654093097688e-11
0.023077068422085525
3.7331928880818527e-30
0.039371453556689737
3.4698194359335629e-75
1.4005878479246417e-89
5.9763408389736885e-159
0.00091576483829148658
1.7085143388110261e-70
2.5578400894181545e-126
4.5056438327687952e-232
2.7501749261497639e-78
3.5971197660116444e-260
2.5588192354659912e-243
0
3.7240822466313013e-26
5.3103731089943175e-168
2.2623290793764237e-236
0
1.6058458472395957e-307
0
0
0
1.4153868626265051e-293
5.3566361164105025e-22
5.2686975630718086e-24
3.2145981045606114e-09
4.5706624970979545e-147
1.132313797950656e-73
1.4903111541712077e-10
4.2633371615482187e-24
0.34549923525917248
7.6730190438788095e-38
9.1798114290346274e-73
4.7676773994542557e-185
0.076914545986500618
1.4206754766346712e-12
8.9223783551499981e-60
8.7450785608948185e-188
6.6599359536552633e-64
5.5199666966487835e-157
1.4761244369002478e-185
2.8447877608695588e-279
8.4602262097749629e-140
9.1144396846732243e-115
1.1216075287606197e-52
4.0641167273861164e-31
1.1212779271600201e-13
0.1002862434373144
4.7268795506087979e-09
6.4970244156600887e-14
6.3913920632070478e-52
4.5562692728129081e-41
8.9082158614055047e-08
3.5175779697399897e-31
4.3207077199740262e-13
8.4149583659513742e-62
4.9302971899175786e-66
6.2234744840262078e-172
1.3403952617714261e-106
5.7246388588282986e-34
2.6030890526221525e-160
1.0481201141874125e-226
1.4529973098254853e-189
5.9681427834764967e-292
4.9187943244806012e-09
8.050818326151061e-68
0.057149601400177996
2.9251430056299181e-05
2.5463492502454179e-22
1.3006585374693242e-31
3.6263615821178097e-101
1.5577679696699877e-88
2.2759082975069219e-26
2.1052069083308865e-119
6.0315907803912208e-213
1.0486722342429159e-226
5.4309830469904929e-176
8.456840735773951e-290
5.3384745311152126e-102
0.023880400291890314
2.4856194856491767e-62
1.1343723951100891e-112
2.3134502510057989e-173
7.2118380514298952e-141
1.6030673445051589e-279
3.0574984002466504e-307
7.8189397497582161e-213
1.0005110297347372e-70
2.154512645593446e-227
2.2882724889082144e-288
0
6.2214880266082292e-238
0
0
0
9.8086615080703958e-66
1.2275887760605724e-67
1.4321759525192275e-30
4.7322426638067638e-258
2.9396388648767832e-13
1.4109477178199287e-15
3.4993146781093791e-21
4.373828704119155e-305
1.8899294370043494e-96
2.9320338032550368e-11
0.012214136606840372
1.2604975077756249e-14
0.00053142263642546694
7.4019085739472296e-07
2.1254821000908539e-31
5.1701607573449685e-112
4.8311380842229587e-91
3.0346049804605489e-08
4.255045914481864e-48
5.2963940069443982e-05
1.1350569310592588e-11
3.2892114947384546e-29
1.7230570553091307e-09
5.0210414118341251e-16
6.1021667946913098e-59
1.1095795261915514e-07
9.0590397981000521e-82
1.256843607884724e-85
2.6901754280255269e-190
1.5253631483684139e-25
4.4940260158255834e-46
0.02336224734252762
3.287887403697513e-13
3.3082666718755269e-11
6.6136808225824319e-68
4.7462233084486023e-27
5.4127811452612593e-47
1.9120701185337978e-117
7.5053605951392676e-131
8.1378485461973228e-103
7.7361150909622774e-214
0.0027032669115920008
7.7319353706688297e-62
4.2385086933755536e-124
2.0604976471077625e-99
5.0697937223887632e-210
1.3778079784106809e-104
1.6322694596043489e-215
2.6800595213101301e-207
5.4027534511152657e-172
0
1.4867051329924287e-17
3.0646165272584983e-05
0.0078615988459109897
9.9371759932998845e-11
1.4228008142439907e-38
5.0764011610259463e-13
2.4317029329726282e-36
5.0020259782419651e-105
8.0043925302932461e-09
2.7943554683741989e-43
1.5460472610863247e-71
4.2812690053157192e-151
3.1103482866629288e-28
5.8990346893856436e-162
5.0177560000400053e-149
1.86029322592778e-253
3.0103583204397588e-06
3.777330178414042e-81
5.5569227627985102e-131
2.743739027002355e-237
3.3039021723807586e-232
0
0
1.8109646936652629e-259
6.6154649342869561e-132
1.2244974477888793e-63
1.3151365127044158e-23
0.1198624013363364
5.9328599292919632e-21
1.25948579817139e-31
2.2010190220838952e-32
0.00014325955933888398
0.022948528469448198
9.1418456487948067e-39
5.4140345373837786e-34
6.4381772382500613e-102
8.2058248570457887e-17
0.16121515644588927
5.1734542329585824e-23
1.7768758735936155e-103
1.8867712390740489e-59
7.4339592525108801e-85
9.4366895244593883e-103
4.7363281845389347e-204
2.3197998755633316e-21
7.1158593796835933e-05
5.183543329495174e-20
2.7195635349346027e-28
1.0302259044665962e-10
7.0833393326348102e-08
7.2920351589844379e-39
7.8035877959790024e-06
4.4848318784571045e-08
2.3921768831792241e-22
8.6886038120170868e-18
1.7299102295421061e-05
0.042436255928505966
1.3451822080475144e-34
6.0079155733526614e-59
7.7231519309157971e-118
1.222832738759678e-77
8.9149367382223655e-09
2.2809377887983789e-97
1.116494297266919e-148
4.2600922290317457e-129
8.2431273553843773e-202
3.7485263600186072e-49
6.2683642262576368e-11
9.3982328349117316e-10
0.014227688815730794
0.014044032120735501
1.673384963974941e-07
1.6450445791834569e-34
6.7953088339574933e-67
8.0173146831476966e-06
4.8071287574308913e-87
1.6563010497219713e-128
6.4630134366851451e-159
3.1112041511068774e-121
2.9517588803559139e-208
1.8528307591188021e-132
0.0014934049757920548
1.0594852815467306e-20
8.3361871604345507e-41
3.6115664210330449e-115
9.5011437595091818e-100
4.9483343331996764e-207
2.1988131770100019e-222
7.1152236329126825e-219
3.4444719399930426e-24
7.4207548094093551e-179
1.3777306700818464e-210
2.4480341167409915e-288
9.2266837610923654e-204
0
0
0.024300886246386374
0.0054948859268455436
0.045753060745192947
2.9991071753517033e-34
1.1651010518097233e-35
0.45110574147528548
1.8338920925735863e-09
3.4044426845886962e-74
1.4421313956937563e-64
0.00012992453947081097
6.6772831555433185e-05
0.0056453858445315221
6.4633537998950852e-18
0.21760569546611838
4.7785465650889082e-14
1.4647373943449744e-98
1.2535224951156693e-09
6.2693780598193994e-15
3.0289120675899919e-08
2.2537513697766979e-06
2.2599221011888551e-06
0.49096542423103762
1.5972510866431011e-15
0.23079603357015235
0.0030326081488069203
0.054131386415948231
5.5339132633811566e-08
0.019037777277382414
6.7313546785150088e-25
4.4590908868095087e-110
1.718701461196367e-27
2.7642368913976772e-11
2.3003825168339835e-12
0.12876924389987862
0.080054220479205351
1.9291885570851594e-18
0.030129365646749336
4.5714508524996623e-18
0.035381100630801861
6.0191771382372922e-27
0.044946128176847455
1.186925372070496e-24
0.030262069974326081
0.46624712665300638
1.1766584013140611e-33
1.0924980319750136e-17
1.8008297769757539e-05
0.014781188243697339
0.00023325392358486727
0.04111983022908125
3.2459209580476191e-26
2.2966075954030871e-129
2.8086777711021136e-35
1.6178890692829856e-28
0.00026490511444353479
2.8335102799481701e-21
0.37393318589605457
0.068832340421149357
1.3744515755014397e-24
7.1868600185792067e-18
0.0016021113482859387
0.0062089529205590875
9.5798140309772771e-65
0.032949577262935542
1.9645057299514237e-22
2.3228634518114055e-28
8.7088189793897295e-25
3.7965352145950558e-26
0.2627197684207277
0.29618031690348778
1.2781618173422179e-25
4.3633563426653366e-06
5.6825170666790292e-13
5.8060156139895107e-152
0.024300886246386374
4.4034230732046055e-81
2.3085888832938533e-53
1.9194672381216252e-05
1.7034572539059043e-19
0.00027439552522988577
3.4234369845479247e-26
0.16957200585456902
5.1862114563877868e-17
8.6538079233354156e-07
0.002464431098679365
3.1414103414127684e-22
0.044930124363095417
3.7702107277555692e-09
9.780762976714485e-06
0.006041606110691565
0.49096542423103784
4.9019144210482857e-26
0.019893742097117372
2.439669429875656e-06
0.00068621647832856861
4.4897549261766899e-10
0.28842557615946746
2.1614889455028934e-12
1.6444247765486069e-22
6.0271344188000735e-16
1.1678669334476744e-24
1.3650448979909114e-12
2.8198235009588108e-16
0.0090112670691718903
0.061526917909921722
3.1155043154877252e-56
2.5231210514716314e-09
1.6324958822511824e-17
0.46581712350077453
0.05773110470589455
7.6572312480109896e-74
1.0847154151432712e-29
0.27665190541208018
2.884375507904648e-30
3.2122535909732606e-17
0.00054648781209884077
2.6100775916439691e-30
0.13452006719764659
6.5043872437450056e-16
2.4720427687903547e-18
2.8603061193475721e-19
0.12807064603640925
7.2728426023746164e-20
0.0070451319236231108
0.009966840975681188
4.1710170581252669e-23
0.17229606501976685
0.33809072939935803
1.9050309372195835e-23
0.0043019099312768616
3.1286204654323884e-08
0.0016696157891889307
5.4445410163114274e-53
1.0914108042410176e-17
1.8808115427364026e-28
0.00031071428477089151
7.8071782343355223e-25
0.64525347873248196
1.0290065883980413e-05
3.4483073080785059e-06
2.6341404299052471e-87
1.3332309682873635e-35
1.1290210594558916e-47
3.2955128216130016e-11
2.9993246483043371e-107
1.1364244896701842e-37
5.4415370717676412e-128
5.8060156139895107e-152
0
2.3968524906600925e-52
3.1580453557941528e-60
2.8890987097201854e-34
2.5227344958155705e-26
1.7287344767097847e-21
0.41251280501302906
2.5307361033880794e-83
7.3312008209065039e-05
0.0059371689328622593
0.19931097120847016
8.8517238861143358e-06
1.6124600345385318e-12
0.17004089310118617
3.0948204516288028e-12
9.3231154935622133e-101
2.0592250147997063e-06
3.5842983276467483e-11
1.9530918155135959e-06
1.741648977764964e-06
2.8981442389960422e-08
0.001555161420823246
5.5889688541536237e-13
3.2436211211462855e-10
0.36230853884403413
0.00030050620031638238
0.0024493918972328652
0.017714871543515046
5.0359765661392615e-16
3.4722777860853924e-86
9.4696302474582046e-05
6.2594613699676054e-06
0.0048758543143934486
4.9295170250637694e-40
2.5130703768083286e-18
8.8049151403931194e-08
5.1069885837903726e-15
4.2620072241464433e-13
1.2785040017864391e-06
1.3411754741018171e-17
1.0331740139028623e-05
2.2951789931793155e-15
1.5455443221636777e-17
0.090174073683361319
1.1747065948701788e-13
2.8558740085165108e-05
3.7997854682444237e-19
2.2772593311581175e-13
2.1040826202333512e-25
9.84675371015551e-11
1.5990043889849289e-65
2.950226029379368e-134
1.206831349426961e-10
5.0678464120460104e-08
1.2840414933190602e-10
9.7290251927505475e-11
7.4924346858957569e-42
7.2432133091393652e-15
4.2871030876054539e-24
7.4697607746800553e-26
9.0642433630606058e-14
0.14825841574885823
3.0445180154042448e-23
0.14797978618363053
1.6908399128469575e-41
0.0012652014337700488
3.1397142144659867e-07
6.6553835854629054e-35
1.9031610413981793e-07
0.4004489603429256
0.030107301254090731
1.4000390945450975e-45
8.9738312340176379e-58
1.0985459109857755e-227
0
1.6251928335106552e-08
1.7168277420019197e-05
2.1589822171270101e-10
1.952947927476921e-10
0.017324152067317414
2.6802547243555028e-19
0.0054081708616697212
0.00015807593992188995
1.8408861381023683e-09
0.26658124459137761
0.019678251345006205
1.0571067680590376e-05
0.0075146173748130898
0.015244467496637779
8.935090661259774e-20
0.0036910041567651572
9.8285478224463272e-13
0.056238190292688416
0.14998649331005678
5.6853941715890631e-06
7.569096088694565e-22
1.0705498041227074e-95
0.058175845500363893
0.075463650678487315
0.00023295296291320525
1.3398269911379805e-25
0.0029729260850812791
2.0049496140494648e-76
2.469167606755387e-15
6.3411506255547292e-25
7.2195901890836586e-40
1.707775614523531e-06
2.3854519413674641e-11
2.2806096688764474e-08
0.43446405757261708
0.0001445080947922212
3.1161521626203341e-06
0.81942586662098038
1.5878370054430591e-29
0.86766922559736903
8.2557563018913657e-08
0.11851418881028833
4.1453559843506228e-33
1.7758671854117491e-10
1.3348793154635041e-07
4.6153921681222485e-11
0.5614433433911914
7.8181722059463531e-07
0.0028280850383644728
0.60711815091794818
2.2304565288700161e-32
0.22510526852955831
4.0278940602703827e-21
9.750046768681887e-06
4.3707563400895181e-08
0.30367406017778587
4.1268144536880968e-31
8.187830887177575e-51
9.1452692461428543e-09
5.0246072191359706e-13
9.9939831126485224e-06
4.4708914396599421e-46
9.3717322283545633e-15
1.3428843148208549e-22
1.5589324891730387e-52
8.7231795668670353e-94
3.5328274345658363e-13
1.1182145107963517e-78
1.412171035283505e-52
3.6485552269582548e-118
2.7689883915961997e-75
6.220726022241083e-147
1.0985459109857755e-227
0.00093905344460385386
0.0011564994478445497
2.3658145047046869e-22
6.7595416136123976e-161
0
5.4730879052626054e-38
4.4243188194813219e-08
0
0
0
1.0965574496850111e-69
2.016705248789461e-84
0.10947724228033955
0.0059796813817332472
0.24446636160048246
0
0
5.9669359162079688e-141
8.7873758933586381e-310
8.8921455981530739e-263
9.0643591423298493e-69
1.2590146292262668e-26
1.9900038947222517e-70
0.34847493891048076
3.9204257513036172e-30
0.00098079793686025197
0.013809705581516247
6.754379367510438e-11
1.1944395014101668e-13
0
0
2.0880335855120149e-137
0
5.3314296489480413e-119
2.6027175707582686e-05
1.2433653525962313e-291
3.9204437510041589e-226
3.7145228580072729e-55
2.6052644150938144e-34
3.7440459766307117e-24
3.1039470445402835e-39
5.7445139623454906e-58
1.0916356517900899e-22
0.052465049772146076
8.7277427953592856e-31
7.6222210432163083e-195
4.2080387723335538e-06
5.8777411173112908e-17
7.2706528068733441e-06
2.5879683841283727e-08
1.4842503680761519e-07
0
0
2.1784607940908892e-294
1.5135022917722763e-94
2.1844485332827581e-293
2.0875308914171311e-254
4.3750839326173861e-56
0.11005078809521619
3.2978110758952908e-261
2.9409735773861035e-224
2.2901559461270178e-178
1.1338842771203492e-39
4.3593748752779273e-14
1.7902292305855553e-43
2.1406698771334685e-64
3.5160598611312636e-86
1.9047044866191212e-20
0.049780375961786562
2.7962139919223996e-14
6.2838732451672202e-158
7.6295266992321197e-18
2.4430321331911582e-37
6.2995687665257217e-25
0.00093905344460385386
0
1.8962296401991859e-249
3.3191780952883379e-271
3.3315710624556771e-20
5.4790073419964148e-05
4.9034658575173015e-167
0
1.477971359281353e-303
0.88824309674562241
4.9584041233463451e-257
3.6563247589469179e-179
1.2335570346869823e-08
4.5162509109801546e-52
4.0161075180858704e-06
0.37147614872378854
0.32454755777592492
3.9567389140055226e-237
0.098349591393754016
0.79519263632681647
4.6877544195052613e-05
0.088916503290211529
3.7080416649092558e-39
8.9755885030849574e-289
3.344857735501995e-302
1.2724827733655011e-300
3.2297732290942861e-208
1.5834457523235626e-252
4.1459265872094365e-258
1.1161531080043613e-211
2.6076585353129291e-07
0.00065872129948271101
9.9836955024996172e-198
2.5773319185669902e-239
3.1626543982744182e-224
4.3921443507085097e-201
6.9614183744185568e-114
1.8613602451470894e-25
0.0014145721911277109
2.1077686412595361e-07
2.9222313544039626e-16
1.9536821738047866e-09
1.0155807334755979e-47
1.5884921698986678e-42
0.11439973286037476
7.2667552577538396e-32
3.7714179654476623e-16
3.8784753320254858e-19
4.9281241237391797e-09
0.074442439248476988
5.8879520052845241e-188
2.5854257943718004e-05
0.072462074471480439
0.060741589151270918
1.0390886050068627e-147
1.2126712051718853e-127
7.0118340444372243e-183
1.2620509232545844e-139
0.0015830372571689929
5.0242319347033009e-11
1.4437569405966877e-13
1.5377264120536071e-91
4.7719791210236839e-07
0.20152001993668986
2.0625963664603657e-116
1.9074736475472242e-68
1.1379102863583346e-09
1.2986242236148073e-08
7.8355215186537294e-10
7.0738497729931246e-86
1.2421853273612171e-20
2.1722657935730592e-09
2.309903259725001e-28
6.2995687665257217e-25
4.0351845046983209e-31
4.6163248094887623e-12
1.6298269362049611e-12
2.6983833007360715e-27
9.4368518287904451e-38
0.00015855601642547892
0.010225427416394843
7.746953535594033e-51
8.6762769007901181e-21
1.5543515654688843e-23
1.4838860678180461e-15
5.667483405102441e-07
1.648446172318297e-09
0.0075649677103073526
2.3236163784988101e-06
1.3493833872380324e-60
3.9141864903703957e-21
3.7636974778106608e-32
4.8839638936979402e-09
1.6593810844718525e-35
1.1821893714328971e-11
0.47347894452548112
2.4043413948696375e-13
6.4395261330994035e-09
0.0015823834896757044
8.9387619613120416e-18
0.00019378971553693215
1.7753021009862306e-14
4.5563252300155152e-38
2.538525220537901e-106
0.10215550293124316
6.8372447928833774e-13
0.023650742460609126
4.8565873452546182e-14
4.583470311085137e-05
1.1487445235282132e-08
1.0971162226145127e-14
1.2237457444213028e-21
6.1107661488943649e-08
5.9823866691864337e-12
1.1240396660846335e-35
7.2293779590723218e-90
3.2709735048334199e-05
2.8440432354477429e-06
1.3400069468600175e-12
4.8353737776206874e-17
3.5558629570942526e-105
5.7575159232260937e-10
3.3443000090020084e-91
1.0832621972674487e-86
7.5733285641801715e-97
3.4887758542551732e-230
4.4046330987745015e-10
2.2019302352534068e-15
0.93448461673198246
1.632495882251171e-17
9.9805736353280999e-21
0.098252007248275278
0.0032659390274039786
4.5781951584523423e-54
1.8077417977901098e-16
0.0016834451281576895
7.177302150770338e-14
5.6434046442854923e-35
0.00011373076497665733
8.3436416932325935e-42
1.0698210269995227e-50
1.4547823915629507e-162
5.9346914564289795e-06
9.3313089256805056e-22
1.4675046805660778e-26
4.2850079838330852e-139
8.249670901195464e-130
1.7085002656450335e-267
4.0351845046983209e-31
7.1592665478460157e-10
4.4644645329108372e-13
3.8789022671546267e-54
0.0016087403658685113
0.0054927018083081912
3.2415694487244027e-07
1.4145822498664425e-20
1.3265116726943331e-29
1.5444018313966916e-20
1.16869865529714e-09
5.8709024727928477e-49
9.269118383713071e-05
7.569083502029619e-08
9.414468582069163e-12
3.8039582898613169e-07
0.4788022987536209
2.6417074970419781e-07
1.4146278823489802e-32
1.1495996534026781e-06
1.1727951209219676e-51
4.669486004804605e-88
9.7095222315339976e-17
1.6195002556243277e-15
0.011156043038532513
0.0010494571415858821
2.8113712163155199e-11
0.00012774077129583497
2.0762594091532425e-26
1.4719819514775969e-17
0.058623713115405839
0.00034711216016930854
6.3153787791618925e-07
3.3989319695857811e-11
1.237344072636969e-07
0.53371722939701649
5.5249763005001861e-24
4.247913127488724e-11
1.2881300848481433e-28
0.072909066940944581
1.074973610446744e-07
2.3647965654073074e-58
3.8437300946247764e-19
4.5968978466114476e-88
1.1904508856100503e-61
0.00058898481030035109
3.2997229352345792e-06
0.0026187716325993342
4.2099597971043805e-08
1.4063224661290294e-08
3.9278364858680735e-08
2.6075609003805495e-18
1.2462765425529618e-05
0.009149322789197202
1.4905962595647003e-16
4.4626833007463083e-45
5.5738008335248232e-16
1.5893150279377848e-89
1.0156049878427597e-113
3.5272507897138393e-10
1.4530124116118194e-18
2.1840068970679242e-21
6.4771366299497609e-35
0.00055488063872604168
3.0472423251257558e-69
7.958856884863544e-128
2.7476653261708815e-146
8.1283746816641386e-23
7.0177408500171436e-57
1.0042520177913306e-107
3.4049344630999247e-185
1.0140682568765454e-82
3.0082921588043494e-220
1.7085002656450335e-267
0
0
6.6492259118100753e-289
2.3162399797453488e-159
0
1.1613688054910936e-79
2.8776153422999922e-37
1.9183435888278456e-21
0
6.5521595246341619e-97
3.2986966816607597e-11
0.27896220216300227
3.7349487295750381e-20
3.6330721795849186e-06
1.9123040825810323e-09
5.0963454649328542e-36
6.5273849412048825e-86
1.331100554253403e-11
1.665485312585846e-08
0.047256066479190444
5.8539163474927203e-41
2.7975593320057606e-53
1.2575152598773065e-91
2.4796035123090672e-26
5.9171246668769997e-57
4.6087704921209542e-132
6.9215754742170453e-34
1.7151079778645518e-127
1.4371527433816987e-141
7.4302311638426816e-201
1.8431526190053573e-141
2.8258854042533969e-31
0.67903186520483794
1.4602830605806112e-18
6.6135036290948334e-43
2.1907657398053199e-111
1.0635287722610987e-24
6.1247790262679354e-97
7.1688669633619483e-172
1.1686551561467314e-199
8.4799774834259436e-206
2.4788469999795419e-269
1.1798777213330547e-44
8.3269389549030621e-124
6.5025070432541504e-197
1.25762419060441e-198
1.1097979160425849e-297
1.6608859851889516e-180
4.240045263836283e-284
2.8545669840250608e-283
8.9638034920791461e-282
0
5.9376390100545342e-95
8.0165430009305865e-29
0.37763813401732066
2.0238834651428967e-20
0.30622956739576829
9.8345137284908632e-63
4.0803634981346207e-92
1.1628824800232321e-175
0.047289604911454862
4.6961477353276831e-61
8.4250246496318666e-153
8.6364281821677555e-243
7.6062624238358563e-86
1.1068213340915708e-266
1.7110130852049052e-245
0
1.9888082156503692e-18
1.028691742648702e-163
1.6634553972858051e-237
0
0
0
0
0
2.2467138001618914e-245
1.1502802398368379e-26
2.0280777342193677e-23
1.1406740464245218e-13
1.521989140481757e-126
2.0108173557078719e-75
2.7904788301373795e-10
1.2692627051439156e-28
0.045493399225072138
5.5724366489811951e-42
1.4381091822123692e-70
3.0673218343657874e-183
0.00042831524238711062
1.1447567720752649e-15
3.4150577182283384e-52
7.5906049970491149e-196
4.6881181415585601e-57
1.4964809882040265e-136
2.0893878749597976e-182
4.2736995978850762e-282
1.8419062257057487e-93
2.0165196432439643e-96
2.6808383445504422e-80
5.2873185177241827e-42
7.9800688554570693e-12
0.15898348207089941
0.0018175138291499635
9.5358781536611673e-13
2.8386667881655485e-45
2.1438143143139199e-53
0.00019262184748211264
1.9289320283597311e-42
3.3238690112742214e-08
1.5381802352511494e-57
8.5493334295055331e-82
1.7832543226572447e-184
4.400573040763816e-108
2.1056639342381197e-28
3.5478018803419428e-127
8.3178787070263472e-232
3.2363626740469487e-182
1.721926139770641e-294
1.4636853871739794e-07
2.3670756559015929e-77
0.00023275253444547426
3.2782285940306215e-05
3.5842486392934279e-27
1.675675156318256e-21
2.013412365106292e-94
3.0624423748772213e-68
1.7372487025343057e-17
4.4186606981387054e-109
2.4406153588456675e-218
7.0674254236237987e-233
7.4334655345845001e-154
6.8463616029690581e-300
2.5749271954904065e-117
4.4722447839806779e-08
1.8271368407537834e-61
1.0579609348080003e-113
1.0928177361012752e-156
2.6820119174063073e-132
1.584525933646819e-282
0
1.2139022747775795e-232
1.1963599939775456e-65
1.4579263466423479e-216
1.1621571161892245e-288
0
1.3609838065614931e-226
0
0
3.4944431070113061e-268
8.4970561825823011e-50
9.9169617634142828e-71
7.5052843338074123e-33
1.9286370831570857e-212
3.4555638478738559e-23
3.7298075185335196e-12
4.8360305827007517e-21
7.5836884058215793e-189
7.5032396327901517e-74
1.5358170551624458e-12
0.044690697679062627
1.6800787113324384e-24
0.00054880660190335202
0.011108724061979632
4.4045363954209572e-25
1.8948766713463279e-96
3.3391275115210405e-109
5.6269350049579121e-11
2.3722912255040912e-39
1.4427323192340303e-07
1.5416068323454897e-06
3.3117163157632075e-30
1.9026410530579517e-19
6.8205824411285857e-13
1.1595786966017633e-60
1.7865259606628756e-08
2.5753061714451068e-80
1.5245258376768897e-77
1.2365652709326471e-170
3.710334264808605e-23
1.5495066989454989e-25
0.00081160691490841095
1.6716212322383655e-12
1.6897988012606103e-11
8.2446414097528758e-70
2.1071036649203309e-17
1.3040689727365484e-39
5.3847590916738476e-128
1.5479152431956373e-139
1.2529241626730448e-91
1.2868641061386826e-223
0.070360418291013291
1.7925089941406523e-72
1.4173519568996571e-130
1.9572539964464222e-86
2.9264035793137342e-211
3.6175042266076134e-94
3.4003782282460383e-215
1.0682630430486697e-213
8.5271691876411164e-168
0
9.155324124266308e-29
2.5028214800161129e-09
0.062192003888903953
3.6246540684574831e-09
7.3377557108528749e-36
5.7080023999207326e-17
9.5287636987165147e-27
2.676709240912603e-103
1.7028376753214731e-12
6.8260775283290503e-36
3.3490292835404431e-75
3.0910825786549498e-160
6.9209884762525134e-20
4.0506007872222547e-163
1.4231946009403919e-157
1.7547944625284138e-260
3.2521843860423618e-05
5.6901470396323801e-80
2.1328575417400136e-145
1.7400485318069768e-233
1.9361668925338377e-239
0
3.4944431070113061e-268
2.0509941700172112e-252
6.624808561588302e-110
5.4971293388943812e-72
4.9615572617320851e-31
0.34974252728619948
5.6451206784296193e-23
2.2060003304118287e-51
2.303295412819209e-17
2.6712869031546467e-14
0.0023331976059442032
2.0214277960565513e-29
1.0957004192218832e-25
3.8181966056860706e-105
3.1939858946227412e-27
0.18239423674157057
1.3674618447411098e-17
4.7824435565220268e-115
2.5444016685345233e-62
3.5920490886199916e-84
1.4134409617144967e-110
5.6896223283563118e-211
2.8697654293877273e-09
3.1663427806271724e-12
8.8287527655971505e-13
3.273064561357639e-33
1.2961771543012454e-08
2.2613901637662987e-08
6.0335837928029621e-44
0.054915224395568181
0.023960385085456167
8.3462212894155155e-16
4.5306216577633247e-18
2.6407783893541488e-06
0.53737141859241722
2.113672305699865e-33
2.0164057568208172e-57
2.5402441205427698e-103
3.5565875275231009e-93
3.8946270538994516e-12
4.5169848259209697e-84
1.763095274386866e-144
1.2449454204077815e-139
3.1994493311263938e-220
2.9541820419839434e-63
6.8946458081032931e-05
8.0728375124007626e-08
0.0026348191545356218
0.0063129912690215026
0.084637264247558602
8.5545391776619161e-28
4.0484549486630101e-71
1.3096494573847807e-07
7.9856856804545735e-92
1.97516892141001e-110
2.4593763640158205e-156
2.8045785753637787e-120
4.7511948773879798e-214
3.5691413082200797e-138
2.6944931138964976e-05
1.038685214332769e-10
2.7039688741584171e-38
2.3978125899775699e-117
1.4553649595085321e-109
1.1268642263370335e-207
2.4383590102171216e-227
8.6868516674207082e-210
3.1187848290195199e-19
8.8654611536771049e-178
8.0797211332528289e-208
8.8109395834753138e-281
1.4446789951237203e-220
0
0
6.9313751363298497e-06
0.015094277416055851
2.8584103951864643e-05
8.9095139875545148e-38
7.3111407025647859e-34
0.17388412907375086
1.7843176989888712e-06
2.5145249981780289e-75
3.1625951630282247e-78
9.6194833348680113e-06
0.23280757320308657
0.0040914328132107096
1.7200480045922953e-17
0.41594073839632784
2.7911491550603677e-13
2.5471909970421348e-98
1.2420372033461855e-15
1.0280066227825135e-09
4.144883246749049e-10
4.3566468090687667e-05
1.3788084729916918e-06
0.12934702764086492
1.3551929043794558e-16
0.010883407251021575
0.93678704432023541
0.23885596076658383
1.448022877429722e-08
0.014017214780870063
2.1350006568562992e-26
2.1832132159905904e-112
1.9052384102274754e-25
2.8927059658205938e-08
4.7855891634888439e-14
0.33711704434217499
0.20080140998184678
1.598830143506946e-15
0.0013656062549615344
5.6576033501019645e-13
0.0017206343271557038
2.8396576664025231e-17
2.727483875569765e-06
6.534221286056608e-26
0.1260753324902103
0.073083568415097208
5.0330093511996574e-18
1.6185025713244634e-16
0.026451131841843264
0.00054579404792767046
0.0039955796761522782
0.192223685699209
1.0258222631651364e-23
2.3150906567238244e-127
5.8331377540286037e-33
1.6920159853531696e-24
0.0030834371123723376
1.1220308263351438e-26
0.11462293095292989
0.054953724972960909
8.952125636043808e-18
2.8780332721247601e-17
2.1276311769194395e-05
0.0003780510934220828
3.4532098065639613e-62
0.23186715065842639
1.1221518555056856e-34
1.617066191376605e-28
1.3272625287258607e-40
1.2283577795003328e-30
0.058257042854443046
0.53143793680591944
1.1916954910090584e-22
8.2840145141161323e-05
1.6251928335106552e-08
3.7537318470537113e-157
6.9313751363298497e-06
3.1008532600569065e-77
1.7775471629365082e-71
5.4593342518822392e-08
6.0963523619415656e-13
0.00064742642777179216
7.4084407642842622e-29
0.00071212978494951471
7.2219910467156758e-19
0.00067304035064659365
6.9006980860898128e-05
4.2175641354909645e-23
0.30921651094779523
2.0926393471619663e-18
2.5577468412250719e-08
0.033799509829722262
0.05439787859445136
1.1107935674230234e-25
0.64655860863690817
0.011010403129746448
2.4597491687563733e-06
2.547937436299205e-07
0.024094253589701336
0.00048511341826872425
8.2606448068840412e-19
9.8374916167471106e-14
2.5420668628171599e-18
2.1600482945008235e-13
3.9508517391996967e-07
0.10830257706396934
0.12934702764086495
4.1509279107464083e-69
5.6962826250101961e-07
9.2248728579873817e-13
0.014507463230572762
0.0034463350599141184
3.4922247549258328e-84
2.2314004742232692e-25
0.029931329527147998
3.0759003438342831e-32
1.3088631233970354e-17
0.0002167878272023842
2.0284355782501009e-21
0.23954313825023074
3.7825969827867154e-18
1.1759326852856848e-16
4.3772356304228722e-19
0.82676714486465908
3.9288947891225563e-20
0.18355816324961866
0.072561191772946398
3.2328539876450471e-20
0.70166156263496915
0.02565192640751409
1.0014663459824776e-26
0.0012917498122249978
5.9991374351789881e-10
0.49726562331181567
1.496574742157047e-50
5.170573083087248e-20
2.4908287443996616e-33
0.018244241694872404
2.5093126610469163e-18
0.71897141558130451
6.2382333204922912e-11
4.9118085147077781e-09
8.7457950117092948e-73
8.231824236242534e-45
1.4226991970286027e-42
1.0576952236946376e-15
6.0094597801045077e-95
3.4842701280143954e-32
1.2001233014219769e-125
3.7537318470537113e-157
0
3.6610173375271704e-55
1.1046174904164932e-41
5.9088880561536458e-32
1.508739500422207e-09
4.0623852826953392e-10
0.045834484978929953
5.9456404670885976e-73
3.5225495753289177e-11
0.44352807306278952
4.0936125040550202e-05
8.149451645147196e-09
7.022258145781274e-20
0.41070473614643277
9.1579488718783512e-12
7.9206279661135226e-89
9.4383460228227597e-07
3.9444274610433843e-05
1.3671053570890872e-08
2.1676827116156984e-08
2.2008788631307719e-05
0.0069076936829396878
2.9002587324470834e-15
1.0594854773144495e-12
0.1478406383027088
0.0024324551772484169
3.3027527000734611e-09
0.14444337101301713
4.8349917114226939e-15
1.9727805626386826e-79
0.00081948085049343277
0.00032374615626995572
0.078098579748413555
6.2432539215088054e-27
5.142152542563583e-20
4.074069784034044e-10
3.2449856979886441e-11
3.3918970273782233e-07
2.9070266532159622e-05
9.9337290286160844e-17
0.21907668006344255
5.7165138566778254e-17
3.1121325344273511e-26
0.34603899858496767
8.9451878623501061e-22
0.00016273022020421679
6.2469684483159838e-13
2.249938760056589e-11
4.081374393665098e-19
2.257564881349814e-11
1.4205577053757084e-64
6.1595318764498878e-134
4.8608801058419212e-09
4.5037785976666705e-08
4.1951780594872817e-21
7.4249797426199671e-05
4.5823671857124837e-40
1.0004333946486442e-09
3.6997522527643899e-29
1.2315812715369328e-23
6.9905115699335539e-12
0.2887423939443961
3.4630990445097867e-25
0.73496603548537243
1.0098552664988013e-37
0.018465723255914751
8.9038810316244792e-05
2.1243973826633683e-31
9.3249016060397243e-08
0.41867467886320481
2.0276689590733712e-05
7.9364449673873583e-36
2.2091789786024639e-53
3.599443869050086e-233
0
3.2654325883772204e-06
1.6173533005253137e-09
5.6147560248939495e-08
1.5553244825717861e-13
0.3241170356829447
3.7419418330691379e-14
0.4927302603047421
0.023844932217437099
1.5860891504234524e-09
6.2764371863528999e-06
0.4695863572859601
1.6246013267155474e-13
8.8805599619442316e-05
0.058664584048990658
6.9900230234309914e-17
0.0024166186394637954
8.8626159684876507e-08
0.24009398663899409
0.028099467472019371
1.9406551442105091e-06
4.0560211068204028e-18
1.5697862563737929e-100
0.50393569325893439
0.00023883972047321399
8.5155045690183604e-05
1.7486784671307485e-22
4.8775264356117962e-05
7.1655332002526096e-88
5.7077993086080984e-16
4.3184330025004602e-25
2.4310694329736258e-60
0.0010733695558322028
3.4453346277106033e-15
0.0035623250807260425
0.0026704602876402072
8.9447424460178952e-07
9.0929592053116612e-08
0.10951301196002505
7.9865858564558029e-26
0.52394202679704915
0.0039987930840580319
0.11744514232457953
1.0557823308178964e-27
8.5247143108438364e-19
5.2902308452119352e-11
1.4627661014910489e-16
0.94050685153173597
5.313160981897469e-08
0.00055936093802147859
0.44070418460742322
5.9296784781031717e-28
0.36027092610729089
2.7813847084410175e-24
0.0099823331415360671
8.851986341805332e-09
0.0018721532008159375
2.1030172257226029e-25
5.2425973636234929e-49
5.3413542518755378e-09
1.0855026628674499e-08
0.0023104209134205281
8.4472568333930829e-47
6.4071555499274084e-20
1.7446745488634994e-26
2.4114601754541746e-57
2.9808631639396298e-99
2.2683095924718614e-09
1.0933173881574261e-55
5.0247300591033577e-50
1.0247876382435413e-122
1.3651608954841927e-69
4.296689716696216e-159
3.599443869050086e-233
1.593220116679126e-10
1.370333317229391e-11
8.0593012809403306e-49
1.2327930924468977e-177
0
2.8121564863474037e-65
1.816975805038041e-05
0
0
5.0433779751422784e-306
2.5284479159061977e-85
1.5523159000459048e-82
0.00013783107166690395
0.00090168578395672587
0.1797020532206913
0
0
1.5251325216945141e-132
1.2711450860363249e-292
6.1033137461497673e-273
1.001300543014743e-74
2.0421379188970209e-25
1.6023764734632268e-68
0.57914611446663322
8.8689000215160579e-25
0.0002360813737391355
0.037651479752041445
1.9046833377256677e-06
1.0683018026916409e-12
0
0
1.8193091842875555e-138
0
4.0511520987345087e-119
0.14567513269852153
1.0664268774185591e-284
1.1374747757140081e-228
1.0662137640336855e-49
6.6085012155023962e-27
2.55556678394155e-17
7.6554387410208178e-40
5.5704553996996041e-56
1.3399652489703785e-20
0.39229798514331349
8.7827161456453269e-39
1.8518917342269897e-201
0.0077940517185618695
3.0131676136935332e-12
0.0045318920315807615
7.7636940259525589e-18
1.5380867989204327e-06
0
0
3.4636298862327168e-291
4.1421735605243962e-97
3.1164014447614957e-284
3.4751358860377778e-243
2.5797572782939641e-56
0.29096725781285127
9.4508457982253264e-247
3.4627656195263708e-227
6.3012829594977128e-169
2.0638729408037358e-43
4.4396158046817492e-15
1.431017994739302e-37
1.1727529726068011e-57
1.1808133520409828e-81
8.5842055070592154e-20
6.8772049219162158e-09
5.2603190733677028e-15
1.0992285302658372e-205
6.6681658499490636e-14
5.5244695322053525e-44
3.9478600123507848e-23
1.593220116679126e-10
0
8.8592858784514507e-268
8.835053472988398e-283
2.3418480824272155e-27
1.9696802286978353e-07
4.9192674075521856e-175
0
4.583669344337143e-304
0.52054824549685486
1.435138086704582e-242
4.7118158047287584e-166
3.2168492743024878e-06
2.2263001882054364e-45
4.5005097351328839e-10
0.64062647973389386
0.81576939107959012
1.662722739321002e-227
0.20496186881538633
0.54069063945480855
3.3128211400051603e-07
0.019700440747431228
5.8508115570853434e-53
1.7284189537525956e-287
1.774209522616178e-295
8.6229211365155506e-306
4.1532552477723503e-217
2.5213981617929419e-259
7.6002078635914e-253
3.2978887746206389e-217
2.6467939551866526e-06
0.0060296497539270169
4.3144980142555482e-199
3.1576187218441244e-248
2.3832950859756311e-222
1.4324034247383378e-190
1.9251312270102182e-110
1.0593625922460377e-36
0.0010124440521870981
3.2312128353786066e-10
8.8546246262517686e-13
7.8611054263140824e-13
1.6311257505580188e-44
5.1168439749936012e-28
1.1474283270456256e-07
3.643670838671598e-35
2.521060359779606e-25
2.3574875002398991e-22
2.3951682465787422e-12
0.82140055652050914
5.6569333818251708e-181
0.00044806781131333272
0.6047580964824113
0.23260580283531429
3.2236767939013261e-185
1.6329292299666008e-102
3.9540333176195596e-181
4.2726624487122993e-144
4.9575173846060495e-06
3.4273744881701778e-13
5.1660414516496187e-08
4.0880995044726396e-83
1.3965088676402379e-07
0.68871573441956957
5.0842185798977922e-124
2.6727658633811019e-77
2.156733884838201e-15
4.4879000286837076e-07
8.2932065676381102e-09
2.8106619572869422e-88
1.368827952862063e-19
3.9116173795309739e-10
1.82334455031811e-28
3.9478600123507848e-23
1.8871882358481886e-30
5.5459124454767972e-17
0.035432420845918411
8.2958733266164069e-27
6.2165121268147425e-21
0.0003951922694617211
1.1448677267911301e-06
1.1937047146195327e-39
1.8373024093709419e-11
6.9682950591582149e-18
2.0307543478596384e-11
2.0896746036054896e-10
2.6051597013802772e-14
9.0764119947078493e-09
9.59118936490187e-07
7.8102752140044297e-50
2.8663079048881642e-16
1.4127102687691499e-26
0.00014665522012821704
5.0324074775527343e-55
9.8792445716207417e-05
0.28276642157135978
5.9514776632818164e-30
6.8971899516948782e-08
0.2052051725023204
7.0082023989607859e-20
0.028620858320116696
5.471930917417467e-15
8.846820729375231e-23
5.9606168204468e-105
1.5730732896209548e-07
5.0965972722254744e-10
0.024291867657309871
1.1533226836975689e-07
0.043526679782733078
1.1490729271882555e-06
6.5332351615560053e-29
1.1619464358652246e-29
4.8192017609446343e-10
2.4307171288743366e-14
1.5557674816596888e-24
3.569593525093992e-104
0.026578406366183058
2.9881068049404579e-05
2.2304464599816271e-11
4.1104428897652488e-23
8.3265814935497048e-92
5.0169693752694281e-11
3.2532065293414053e-97
1.5758714739515786e-90
6.3082939478627109e-84
8.7506724990137355e-234
2.4211767750735364e-14
1.3289545766313465e-12
0.44457642819115373
6.0973754151259568e-18
4.0886385823879558e-13
0.0038924926172591127
0.21741440890685981
2.1087522374276265e-40
5.8959256926722742e-12
0.017076841691062983
3.3182367822548487e-20
2.0521612632335027e-38
1.2808123139554302e-05
1.2425317252375912e-49
2.2821212661079246e-45
3.7294918204847529e-149
1.2156903724541815e-06
1.2204380259447493e-23
4.8377945151912096e-23
6.3533487164511133e-142
7.6413148599518202e-129
3.3097734709650705e-270
1.8871882358481886e-30
3.980038456285295e-11
6.2165511564753048e-13
6.249783008539942e-49
0.008415985250955816
0.52518854764871614
0.001573908401402694
6.9445515881045581e-31
1.1966935353155633e-33
1.3572103276694597e-36
5.7027288976625177e-10
1.2593468913692103e-49
3.2922382902529433e-06
3.934154532536311e-10
1.6085675399197148e-07
0.035612587820325795
0.27328928322276325
5.6436116606195874e-14
3.0946141043220721e-30
2.4000573292227686e-07
2.451499592935893e-63
4.7931738822684714e-96
6.6478529139793133e-11
2.6597548934875222e-09
6.8577372125686764e-07
0.0071344676307274237
2.6496765470430978e-10
0.0015713095867478429
2.6126539982041675e-16
1.0167906528103736e-09
0.11131460788501847
1.6437445729787031e-09
7.7680189516529225e-07
1.0946877550691178e-07
2.7656739619748867e-07
0.096926918747769028
1.9866219395533211e-26
8.6369941278035213e-10
1.232782625025115e-27
0.72745216086246911
1.0561579788634332e-05
6.7110795478240203e-45
2.9533352876344262e-19
4.7710544352354234e-82
1.5776041637752714e-52
3.7204682803295399e-09
8.0006100884144204e-09
9.443068415594566e-08
0.0002167878272023842
1.8205269826164401e-06
6.0509736949784044e-10
6.4276840926729711e-29
1.6883829601066012e-06
0.044278480724848086
4.2653045614788423e-21
7.0789069253554456e-43
2.8144495595902452e-13
5.4481922631784373e-70
4.8001311128549483e-108
6.7347618219031966e-08
2.7119657040316781e-15
1.2453117750472502e-17
5.7631811961527179e-35
1.2712101964105963e-07
9.7218434745261065e-78
1.4438256713484001e-115
3.1656066292442538e-133
2.598836682920329e-25
1.5704464289776039e-53
7.0214537920709857e-111
1.6892110383690313e-177
4.7847754106571191e-89
1.2439762290226586e-230
3.3097734709650705e-270
0
4.6925975950961048e-302
2.1575056984992478e-305
9.4738137952190515e-167
0
4.0395029035346677e-97
8.4975308021653409e-60
3.8761708218227422e-17
0
3.5717597797684044e-101
1.0162196422819876e-19
0.14951776841576406
5.4921754967432763e-19
0.018141290215297576
5.3255925573287905e-07
4.9016808416604552e-41
4.33895843856713e-75
0.0021340711375484266
6.4283835550617003e-06
0.40391657524916269
6.4388737779594609e-26
1.3645609873156212e-42
6.4299766096620971e-97
4.3489544206851167e-22
1.0431529832420087e-68
2.2291561575397208e-115
6.8635809931912023e-37
2.093216756941368e-139
4.7556708690653903e-144
2.2190217187200242e-200
3.4838614153330737e-97
6.9332101207704424e-32
0.0049012247776849711
9.6015074096131726e-24
4.6638713848021249e-57
6.7881855276233816e-109
4.999799048206629e-26
1.2847076145778423e-88
1.6485426764340622e-170
2.8721126368165197e-196
5.8691074928226983e-211
4.9352944469086798e-284
2.3824603077382706e-42
3.891474568471979e-118
3.8864017723586953e-183
2.0748690692574651e-205
2.4507298775102233e-292
6.0163211851287093e-188
1.7785049654628924e-279
3.690551449371923e-280
6.2663700697940408e-279
0
5.7672847798329808e-105
4.6959466007562636e-23
0.080271188336818317
4.9748765282516841e-20
0.00039536073260584262
8.4327036116486762e-73
1.6761113235270781e-116
1.2294294273988292e-171
0.0095126297830330064
1.1951029004662623e-77
6.1466734964101993e-142
2.8399514074109032e-247
2.8714947201471351e-88
4.1682036126312678e-248
4.3924185765260372e-257
0
2.118663697854975e-17
2.2982779007655869e-161
1.3927921762718981e-232
0
0
0
0
0
4.0970305613584698e-241
1.2558070320214604e-32
1.3362047158378726e-30
6.1142332683571839e-13
4.7319739964548071e-140
2.0561254749524997e-89
3.2310885104036742e-07
7.0380646936502875e-18
0.75737097005834164
1.8497412888606656e-37
1.0377315949646418e-67
1.4450731447026134e-183
0.00027404250401414612
3.5104735979748428e-14
3.3095534523951459e-51
4.4087814811217943e-190
8.9656695665224987e-52
6.6272737298860424e-135
1.4434722972473448e-186
4.6142524499304678e-290
6.1957814665184699e-87
1.027544245470118e-118
2.3319043973337364e-58
9.0584058209230058e-22
4.3185556333453377e-19
0.68635610831119798
2.8699999039432588e-14
1.7296301398475607e-09
8.8657690023893851e-54
8.9875098731290616e-46
2.4518507599950744e-13
6.5409410588359964e-55
1.4771033879171489e-11
9.3243577927472353e-65
3.5678626461084544e-74
8.4776088736257889e-182
1.0623256035840646e-119
5.7194918807119314e-36
7.391512253463968e-158
8.8300288871500057e-220
3.8720292435346708e-179
5.5404179983488168e-289
2.7277486627237338e-16
7.4489791685738211e-70
1.546384968832849e-05
2.9727315263661056e-10
1.861382982367717e-30
1.2908933469317154e-18
6.8406724421654056e-107
3.580840517447713e-87
2.7794567604870973e-18
1.0237088172164677e-127
3.9623208238702887e-216
3.3483011892845822e-228
9.1882637790776043e-176
2.7948040960111311e-275
4.8848757917410069e-117
7.4116704842717711e-08
3.2434395073103808e-59
1.3928523176556564e-113
4.7601002585466816e-156
1.9758508996017126e-144
1.8272357417930677e-285
1.1919294276802414e-309
4.0754002353708819e-225
6.8992643300877774e-71
1.5748956843287235e-224
2.8380034466291745e-298
0
1.8269585461535512e-234
0
0
0
2.349979687279508e-72
2.4023251664835952e-65
1.0155807334755979e-47
1.7645763870743865e-244
1.1455511319221796e-11
2.534625415588702e-15
1.4927869447899216e-22
2.9160662853888688e-266
1.4965675224500402e-86
6.7934929607626175e-18
0.27366985485627704
2.1776703365342885e-23
3.5377143080194194e-05
0.0017564507537736909
1.5048723992745725e-32
7.1625822864771264e-111
4.8195517139019812e-86
6.4704001855466375e-13
2.0227252714487624e-28
5.2245812831988788e-05
9.5298043989647284e-11
2.5781061622951201e-36
4.2513737913048646e-10
6.9251949862653586e-19
4.7700628853393147e-62
4.2515904870442944e-08
2.792927276892006e-76
4.6832615880893656e-94
3.3506262697690507e-174
8.5616175547124093e-23
4.3562657606632213e-37
0.03527866774311357
9.6884018369616321e-08
2.1453659563059013e-14
7.2534374430777415e-74
4.4426035294095605e-25
4.791941628504918e-41
1.2715398806239166e-121
2.9380817818236735e-139
5.7046085819752811e-101
1.685646524409533e-227
1.2676808605930339e-05
2.10110937442553e-50
7.8133628275829163e-122
3.7942558879485417e-96
1.9481849027225623e-218
2.5954100192234587e-79
1.6426493284774547e-204
4.3044157737855493e-211
4.5048559801000673e-174
0
1.0571724199759584e-15
1.8160968996036844e-11
0.033359880426806446
9.3372218850684375e-12
1.9220585730276997e-41
7.1586418238953081e-12
9.0718419080762514e-29
1.6380636976171074e-102
9.8878712723828426e-05
3.5964010094861662e-32
5.2972021666752975e-63
4.8436730977712743e-151
1.3619936474856516e-19
1.9577782493322457e-157
1.914193237140164e-155
8.9895549437855949e-260
4.1298455419635772e-08
1.7038240194553676e-80
6.046134462341091e-139
8.2366344716944313e-247
1.4832895034092494e-229
0
0
3.9839377449524095e-223
1.2092051105299418e-141
2.4101396355035711e-70
6.3255173208656193e-31
0.1885021967065032
7.7490015466253793e-15
8.8215977065940772e-41
2.3634323664931769e-22
6.6304962238880361e-12
0.48832357103905033
3.5211057221996936e-27
1.2209376083066669e-27
9.7186247478955025e-97
3.3365887679862477e-19
0.34739088420233794
6.8001117408822423e-35
5.5726334296338787e-98
5.8181429393022092e-55
4.3845877178410588e-84
1.2050626687672866e-117
9.9274413233913672e-200
1.0552792413709288e-29
1.1174795722215469e-09
5.1044226091356192e-17
3.415929481396307e-19
7.8686467667554881e-07
4.4171595624842833e-09
8.510246573683706e-50
4.5609875761158193e-07
0.00032541239053250517
8.9046332552882307e-11
2.5715762307929013e-21
0.00012835302154371142
0.68127779723674553
4.4706363226558294e-40
3.4516561761572773e-45
2.0099258543348962e-102
2.1989348900253781e-86
1.1276937787943124e-12
4.0210965491313231e-92
9.8489773597491822e-148
3.9139757849520247e-123
1.4309668008060386e-215
3.1626941726282272e-56
5.184186340384645e-11
1.5249936607475381e-16
0.19877661391805462
0.025359289596181309
0.00021539101801253076
2.4943227259392371e-23
4.5932256158141433e-72
1.0482583269087931e-07
1.3067720965944294e-82
1.5531875087376012e-113
3.6635533100395623e-143
1.5286784875161068e-115
2.6917281106175286e-218
3.8323002333541546e-142
1.977053973073919e-09
1.241575972587493e-13
1.0851110076443954e-37
2.1464284743641941e-119
4.8485054778803865e-102
3.6320388465325547e-208
4.3268321872748263e-227
6.8768241287217757e-212
2.9594540822541732e-34
3.1166938715256005e-175
2.6783219357827668e-209
7.294197374380855e-284
7.3468078931234904e-197
0
0
0.015944120645117778
0.078816840405436475
1.8973251764401086e-13
1.6793617076051878e-42
9.8974293625547903e-32
0.0050763434461758546
1.8394341558767914e-08
1.3128770019796751e-74
1.0204211108365087e-71
5.316119077541537e-09
0.0091778912531472294
4.9971742237600408e-08
2.7827012673694339e-19
0.033762668737243075
1.4454335315812321e-20
1.1104594869358036e-90
3.7622128569108046e-14
7.147588833970474e-18
1.808384046333695e-07
0.00023956000013174506
8.9194619206549614e-05
0.59262904972399066
7.3185488163275148e-15
0.058480869476006038
0.0062980265916548562
0.025823297466223506
6.7402441657031732e-06
0.092120829305051
1.4301030043099347e-17
2.3837711933818409e-115
2.1362165326209569e-24
4.074069784034044e-10
1.6929175440299883e-12
0.13572221891754294
0.03350582756638313
9.3084375849426751e-17
1.0364268853239668e-05
1.5279462543271593e-14
0.019450340182262143
4.2970222614128005e-19
0.11710330905034212
6.7348222723892696e-23
0.76346742367626175
0.039230088256292484
1.0234140955061159e-24
1.1010793933208043e-21
8.6617612069791984e-07
0.0063984395904069773
0.092675046089364832
0.00038884256612439793
1.2190318915345214e-22
8.2043011680009682e-125
8.9254695721720041e-35
3.5574660494715344e-22
0.0033979482430164638
1.106460116942201e-12
0.36119618210990545
0.20685356733052776
1.3236763188928761e-27
2.7109650408090889e-14
1.7932668173025405e-08
1.7867636665762241e-06
9.4826463967632139e-64
0.48810371117251428
6.7826053174540498e-32
9.253162602810298e-17
4.0963654274657362e-27
3.7317556476592752e-21
0.19942987533643525
0.74781905316846986
1.3468470523849332e-18
2.0266135412952271e-06
6.3350625825098791e-10
1.3880793283789815e-149
0.015944120645117778
3.2559022382225136e-66
7.4090178557448682e-59
4.3713525423730824e-07
5.7952458437148684e-18
1.9280467574178636e-05
9.5649046660399424e-29
0.00075597580239580126
2.1105610269286863e-12
0.0001326051223765008
2.4168048796629984e-07
1.5885274774492843e-28
0.0017234732857093866
2.1652064653864031e-10
6.7283995669945196e-11
0.062537828759772859
0.028453035063920593
2.1591231661680487e-14
0.0022333044678458495
1.1929291288552648e-08
1.3788084729916918e-06
2.1202209808974386e-09
0.11288468297800848
1.4299562206918784e-05
3.610039113824169e-21
1.7518389873487963e-15
3.1477543780902873e-14
6.4672430237505986e-13
5.3791607585169524e-12
3.4833189238457454e-05
0.094042288851694064
3.417753182971196e-68
3.0246493545405607e-08
2.0635928165463528e-16
0.1848399476284901
2.0114659603408643e-05
3.033001066441342e-91
1.3356539441445093e-31
0.022659664119005631
1.8547504984462764e-30
1.6894960998282907e-13
0.14380818088833805
1.4898851029650187e-29
0.0087172587738371353
2.2909651625238181e-26
3.1893898537280413e-20
2.0741540705196574e-26
0.099988660786052411
1.8149265172478573e-16
0.01443565540845888
0.026745709748001948
9.5658165963629792e-23
0.1013506596031504
0.11698955747027905
6.6846037623605848e-29
0.00029162585494115959
0.01444668072136553
0.08108952464577282
1.3162146049231609e-55
3.254359248737505e-28
1.6693847253501911e-32
0.056002627155221807
2.0022601307798e-19
0.81723489163891516
9.6388335713634417e-08
2.1048366778786976e-07
2.9714658033329712e-81
2.4844865962046278e-29
1.5282461004353788e-43
2.5834823722352627e-14
6.0575836690951376e-91
1.4250868356772228e-35
7.3723712576738334e-120
1.3880793283789815e-149
0
2.6818006022902304e-61
8.8742306596491032e-50
3.8017251154668797e-27
7.179504376956558e-12
2.4551665628924048e-10
0.56422851025223075
2.00210353839448e-83
4.0082975108766653e-10
0.0078431213842159991
0.0047775424468589137
2.5545861072505074e-05
1.411645132107352e-15
0.10987127273315953
3.2617099627369875e-15
2.1018848414242676e-100
1.111606652575163e-05
0.00024069618155019433
9.5153892124667942e-09
1.3692005123038252e-05
0.00047010800304298107
7.2672069017357894e-05
2.0229137867500517e-11
0.00016280069807184913
0.17774510772108762
9.4119091649968279e-05
5.6269350049578721e-11
0.43529325007789699
2.489773196368211e-09
4.311967623250589e-84
0.00093356823136603979
0.010349087730203691
0.043402532719894228
9.618447430634211e-35
7.4044336630547523e-17
2.5151490503979573e-05
2.0439865887546482e-09
2.008354329462507e-12
9.4057112726694201e-06
8.1649342982010362e-21
0.030933830536510581
9.6687768905718573e-12
1.9319789564511889e-30
0.18827512240432359
4.7804386960484973e-13
7.0290126404119166e-05
4.0063000614277237e-16
8.5518860626772116e-09
4.5370038009644143e-15
4.9306744286333215e-06
4.9729598443093239e-76
2.3807599629465885e-137
6.2319523567760224e-08
2.671243525091463e-07
2.8444987970603233e-10
2.1753255214346158e-07
5.5301893247176179e-46
1.5224123646816409e-12
1.1356865927620737e-19
2.6343686586232516e-21
1.0745691152593736e-12
0.8397303424257434
2.7292839319476928e-32
0.79432549424296661
2.406460864829199e-43
0.17720465159445689
3.5424156029747267e-05
6.4479723621655862e-33
1.7738119659621416e-09
0.00014482189773638599
0.0098322622533774297
1.3500127067086275e-34
9.8166969559738178e-47
2.6510951088963733e-249
0
7.7895415443368223e-06
5.3055083517519157e-10
6.1739608062613117e-09
1.0324624531795127e-12
0.24904183984218956
9.8857344629196634e-10
0.010173991514615201
0.012830054312330729
5.7508196252821047e-09
0.00037918157320146153
0.0014628236387312882
1.761950508274195e-07
0.022786679369503668
6.080942216193496e-05
4.9989738225098042e-24
0.81198344656917465
2.7811012846981135e-15
0.15220622196695119
0.31728283353694847
0.0034869317585886437
8.2639058334376919e-21
3.4714320315409537e-108
0.16781037372942795
0.0022150994419259068
0.10560463048758577
1.6974609946743323e-22
0.0034338293979219088
5.5707336371144393e-94
6.8139288482269771e-13
5.6422744339404577e-23
1.4927989719867123e-41
0.047055295757151332
2.8202750156523682e-08
1.0084769944195505e-07
0.31004988983799414
6.6434033910908021e-07
9.017452838990363e-05
0.06456049638685403
3.4464979445235942e-31
0.4845921740514828
1.59293667882035e-11
0.046523744516345091
6.4153279917284628e-32
6.9524414441309812e-11
1.6769383166361153e-09
4.5815549275046952e-13
0.64430430652215986
0.00041204076033753015
0.0464907070806213
0.37166478348749876
6.577622318388975e-28
0.41100575682213591
2.1601120539236229e-24
0.00032961488023811758
4.7098373701593046e-11
0.0017377366012397062
1.5232772741838002e-23
2.0913520747079775e-50
7.1424006816255143e-09
2.4449757948330795e-07
0.00012986808912961699
4.6176393250660594e-55
7.4092543278519336e-15
1.2259750308290635e-16
1.8519609544857991e-48
2.2592775192043591e-103
2.3323459382221684e-10
3.7640856492053765e-69
5.6271728807999178e-51
6.4629772140099847e-125
4.6028025446179987e-72
1.6836741648178937e-165
2.6510951088963733e-249
5.4693698441478921e-05
6.8447521452175592e-09
7.9389952776355756e-34
1.6387109863351826e-163
0
2.5407830188044594e-48
3.2270946111357396e-06
0
0
0
2.5210847973226179e-75
1.7439958284418051e-77
0.0048197145533637898
0.07584984698019151
0.034770632567795591
0
0
7.0367525074408196e-140
1.5479871539303705e-302
9.0765735201936309e-264
1.68685691608024e-67
4.656747383722715e-25
1.390227645363434e-57
0.69225205452674698
5.3188456168691972e-29
0.00015058636681905573
0.0039129020761915854
1.6617528416999417e-05
4.1024237979292268e-12
0
0
7.0369730379165427e-149
0
2.9639263979498712e-126
9.9586235780391434e-08
3.5524106502410688e-290
1.8569999856217379e-207
1.2433152534785026e-52
6.8209892447145119e-33
1.0151688560448692e-15
2.1209982969480917e-27
6.8157324018810369e-46
9.6209081722074313e-31
0.77997944515175677
2.3046450093154343e-35
3.5110712689142289e-194
0.0002122575783105663
3.8442868172973301e-22
0.0024354357250827145
3.842005381405773e-12
9.3178133232661999e-07
0
0
6.2837487329862093e-301
1.7520534059581395e-113
1.4166971009642086e-297
4.9695259473381355e-247
1.9044382625086726e-63
0.16407965528702709
1.2470876737907623e-240
2.4020546860886324e-217
2.2307920466542736e-168
1.4898830888298974e-48
1.0770648544227143e-24
7.4856524566539182e-39
6.2191470314507839e-61
1.0471390181107937e-61
8.3309753143008385e-15
0.00033803571425270558
1.4141112724900377e-09
1.4832856430397367e-178
1.717482609913629e-17
1.0849975985411669e-47
2.964146789567662e-18
5.4693698441478921e-05
0
7.1227144168505064e-263
2.6284655817943894e-282
9.2761406318588842e-23
3.6994295265893941e-05
4.1903475384684205e-167
0
1.700352550518119e-311
0.01440812712576596
1.009363339529426e-254
5.5094046050904641e-168
1.3281380427048958e-05
2.3240612921303494e-50
5.7649322359268832e-07
0.66695759268425769
0.37868731396682748
5.5499249419096998e-216
0.11717919697876394
0.4397650615403681
7.4805022640717412e-05
0.37251439955594362
4.0109079113587001e-40
1.6563093257192681e-288
1.5441988166264828e-300
5.0139760320949838e-305
3.9123167622888786e-205
8.2320187149801816e-257
4.9232715095702541e-256
1.842118842310142e-213
4.5653722027177989e-08
0.54873126367214553
9.0492645063496572e-200
5.2675303696629969e-250
2.9646396963427766e-237
4.9279579938435245e-212
2.3888698220678463e-105
6.1018842486754564e-25
9.502770132315459e-05
2.892620236057978e-10
1.4387823009048158e-12
2.054006599504354e-19
1.4397694275606957e-35
3.0414037870923167e-40
4.1399447646427194e-06
3.0788776284276222e-30
1.3487345454317203e-20
2.2378377418993053e-23
3.5180054786321026e-08
0.29072828181669297
2.0146925992129698e-173
2.3989032491253218e-06
0.0034103273641047679
0.019016294371965375
5.6268784779511611e-164
2.3485963132260419e-122
1.8742266540755271e-165
1.2638623723575213e-151
2.5972155606734642e-11
1.2530012922553571e-06
7.0638893547026108e-06
1.8154234888289856e-77
5.7015344313614504e-07
0.12811164922835711
4.3222583146475374e-131
5.6273249732887526e-75
1.7390073097334129e-13
3.6297765655341135e-06
3.5628592551836101e-05
1.474376335611681e-106
5.720166975919836e-15
1.1684626327117936e-07
3.8263047935151009e-24
2.964146789567662e-18
5.6230095154980528e-34
5.2186957941944375e-16
4.8241717283956976e-09
6.6261241581801019e-31
9.9644844519585896e-23
3.495678891570919e-05
4.5835053187499083e-09
2.9209356180682666e-50
1.5362383154763207e-14
3.9135941911007496e-12
2.9317504852396958e-09
1.421081532635551e-10
4.7528120764955117e-14
7.6361441722222814e-05
1.6999921899201568e-06
8.6677806773508531e-62
9.3404956513383315e-26
1.0265512331805171e-35
3.5130585107439143e-08
3.7777257155947349e-52
0.00025051603869260191
0.0091922075066076525
2.2713387604343976e-21
1.7573305324981503e-11
0.00039033734085766841
1.3063486577532008e-16
0.0025774906770907394
1.5486204185453063e-16
2.1775263192301241e-32
1.1171958877045904e-113
2.5477823503277045e-05
9.2830756335194514e-12
0.045251202324447258
2.1455761335357846e-09
2.8673993411555251e-07
1.05684054022129e-09
1.8878543856028636e-22
4.5965827126591491e-18
4.2890982757336989e-11
3.6190682171622657e-11
5.9060201938065227e-24
1.2832026978888085e-98
0.14849094732314946
9.8690521303718287e-06
1.8990505482119266e-14
4.2880809602828019e-22
3.5872004676486425e-95
1.4946132892558919e-10
1.0018535381878115e-90
9.2407174768510513e-81
1.017623670406904e-104
6.37408453736796e-238
2.0750920720208558e-13
2.4791477225442316e-09
0.13832933444012899
7.8010932044414449e-22
1.560642021118455e-23
0.016108442955281087
1.4428107815621155e-05
5.9655414824216874e-44
2.0826670837291981e-10
0.0024077546285893908
1.6328774549600451e-14
3.6456959471539624e-37
4.0051983054312392e-06
4.5423078323865842e-38
3.2317192312469878e-51
1.2236261858346665e-171
1.4853823759573314e-05
3.5275048242390151e-20
1.3984469499530448e-26
4.0153914480148283e-145
4.877344603228563e-130
2.6347391965765126e-283
5.6230095154980528e-34
1.0026634808475734e-11
5.2800389031719571e-11
2.7876913892298273e-42
1.0055377953250971e-06
0.24741533903301258
0.031458259636624443
4.7372220426812333e-33
6.7031020526794066e-27
3.6800205276165377e-25
2.0467355408561436e-05
5.6745682305622618e-44
9.8835569949804445e-05
1.6315055696108443e-06
3.4451892325995829e-11
2.9877866787970042e-11
0.35860938282320221
1.3434015412747752e-11
3.9528829850287246e-32
0.00023587830124724321
5.3324238509178605e-51
9.5649556815711726e-93
3.2106564248549714e-16
1.0379032806203175e-08
1.0335030313805316e-08
3.0331807553749018e-08
0.00068708450204529945
0.00010207874545500475
2.2504139388995782e-34
3.7913846779165225e-15
0.43094976734758905
8.6362756834211009e-12
6.2262214185422407e-11
9.508020851194844e-13
5.4491262208749303e-08
0.00099151398926121685
9.272546913699907e-29
2.3842993086255536e-11
2.3158678283732202e-34
0.0077971099195772494
5.6284445227804262e-07
3.3901520628847394e-54
5.1724046757844247e-16
4.4794222679557165e-84
2.4846370342237464e-55
1.7563635290635057e-10
1.3863473510546607e-11
0.00049195537851017771
1.403374543213647e-09
0.0053121932026982477
0.00047978852669045626
1.3411754741018272e-17
1.6653998237794546e-06
0.057429655532968242
9.0680781308220775e-23
9.1981765675209668e-55
3.1802254406269482e-12
5.8661471575970971e-90
2.4582650602432296e-107
7.1136467819294207e-12
1.4585354969830109e-21
1.8856351538243642e-15
3.5292953490593539e-34
9.6407045829082285e-12
1.2869607503583632e-81
3.5535633192095739e-122
2.4370763712744338e-154
2.9165301923743443e-26
1.4736837410707189e-61
8.2907550775831829e-120
3.2382035846897418e-196
9.7874426749261588e-93
7.9035948293295103e-232
2.6347391965765126e-283
0
1.1723818318791861e-302
4.631991716690446e-298
1.1288260385555434e-134
0
2.6777827351843788e-68
1.0554445810737717e-58
3.0753824220167647e-21
0
1.0283227435117033e-96
7.5727376039544746e-18
0.99987458207440472
1.624905469492501e-10
0.00044238862569753729
1.0716728878454179e-10
1.1883610567684821e-36
2.0365451653993003e-79
2.0159539138414337e-05
3.4841063987431283e-07
0.0001567121574001448
1.8390832394998019e-40
2.0307298299206353e-51
2.368948144873231e-105
6.3872157510602966e-34
1.0269967290630647e-68
1.533502696710312e-118
5.661145599012954e-36
1.594922257557502e-128
3.3486688936089622e-158
2.6460412564585896e-205
3.107987841276957e-109
5.9589504623677463e-36
0.071919111377954592
2.0381449591059196e-20
1.8450000369957032e-37
1.1110451287737306e-91
4.1926179337746522e-31
4.0957267659064407e-85
4.4930289669444807e-174
5.4251651199844714e-194
4.1955373110313852e-208
7.4646782044690494e-262
1.1629411422973176e-43
5.0714463322786737e-140
1.9943211091907041e-188
3.2915597353875497e-208
1.0427199876395594e-285
2.1237671935648091e-164
2.2475058968330053e-282
1.4693800901808004e-293
6.6124715937388399e-270
0
2.0336321383335098e-119
1.8340417556607522e-29
0.73311995553282605
1.6466334345019818e-26
0.63137590980493341
1.4669603839001051e-74
5.5180912884983489e-89
1.6572270710212905e-152
0.014419132442291645
1.0704978523635686e-81
4.7910271705863044e-138
4.1029411506420096e-234
3.3214492102358966e-79
9.9831474187038035e-247
1.1141112742209031e-247
0
1.7381132321943088e-17
1.4732465601014146e-162
3.51698463468657e-233
0
0
0
0
0
1.2704196345883679e-252
2.0777782407659141e-19
7.3960074028592943e-35
1.9309633130546845e-16
5.6840047375199946e-114
1.6573598769180594e-93
3.6829843541590369e-12
3.2074668137011893e-17
0.0046998974746936834
2.4766084802381347e-38
1.4511237482648943e-75
1.6777448621391345e-176
0.057029960752767193
1.0681369315427129e-26
1.1066777958365039e-59
4.5190792509061536e-188
8.3617966241784294e-54
6.5279319570929778e-140
6.8330977547931842e-188
6.3197307682621311e-284
1.6459225590008898e-89
5.821873604981202e-105
1.077908850843898e-79
2.052551237582512e-29
2.8728506365160854e-13
0.94038057762058958
6.9722735906244423e-07
2.1709754232593978e-12
4.5016114383988432e-56
7.64807884222125e-48
9.8134115064958459e-14
3.17880697750719e-44
2.837545509464953e-08
1.463787561686689e-70
2.691584182903134e-74
2.8942678295364125e-190
2.6753900603195462e-104
8.0910901993389169e-41
7.0731254180615504e-141
1.5421536631868985e-219
8.4650006987136896e-177
2.924641258099699e-283
1.3763168507188266e-11
3.1974120417873291e-78
0.0010494571415858821
0.00059073035876331683
4.0737690950373808e-26
1.8242826174187771e-21
3.6350050688008384e-98
1.0606542553829135e-87
4.6315716184089968e-21
8.7427604318772218e-123
6.4802539457744909e-199
1.4391062881423765e-241
2.5470860324046587e-176
1.1832483280386419e-279
1.2043971205241728e-114
4.9597608194087821e-06
5.5598277390745998e-58
7.6417506923654221e-114
8.1331691741837562e-168
2.5864359571547869e-142
5.3172783746251077e-292
1.2263685763335592e-296
1.7041718185286502e-226
2.675738148828256e-67
7.6006114843813925e-206
7.1715598815631512e-300
1.2303299443838807e-308
1.0460637866938101e-230
0
0
0
1.2854313110172261e-39
2.1436096335783013e-81
4.741221735071149e-20
1.0182267862667926e-269
5.2510184461530731e-17
4.0080694620307614e-09
4.5399071090911251e-19
1.8590243090438422e-241
1.7318325069146775e-92
5.3571546205791579e-15
0.010166100295529373
7.473941158487842e-31
3.0364682772777515e-06
5.6978269542020433e-05
1.0797530042382924e-29
2.6661585460689749e-102
1.0626719167026326e-108
4.5242607391596099e-10
6.3465817453690499e-33
1.1121055682733751e-05
3.2641424248219336e-07
5.0087468800412688e-33
4.6824781404162305e-15
1.1852772862692141e-14
1.9606688032389749e-64
1.3663755357386164e-12
2.4781588560997186e-81
9.6255477593836812e-86
2.7699177738406416e-174
1.9438372266778617e-30
1.3402793371231227e-28
0.64121964636395423
7.1509356648093091e-07
7.1312265445020734e-07
3.6745064383436676e-75
2.21216296505893e-28
7.2351196902340032e-47
1.2984753186793256e-130
1.3868261480148415e-135
5.4276483511847603e-107
5.4185032522455034e-215
4.8113199812092814e-05
1.0377315949646418e-67
2.8617655017500594e-116
1.8235699329073267e-101
4.310530273579386e-203
4.9474267104979281e-89
1.7511115869471894e-200
7.99779205583604e-210
2.7579935076471943e-172
9.3544453119713031e-312
1.2470623706171353e-13
4.2684561867480443e-11
0.00088336560784063156
4.0706989285284729e-13
3.611420421311882e-40
3.2723300703142185e-14
2.087100845818023e-25
5.4665312574983823e-111
0.0021123197789481118
4.2049343768210283e-32
1.3451012408415159e-85
1.4952449094575354e-157
2.0332025205712308e-23
8.7122638959211201e-170
7.1936119640431368e-146
1.3215714902708541e-260
0.00049153803654396915
9.0490283938050195e-89
1.443958381697082e-141
1.6759340761116301e-239
1.5023243143893084e-214
0
0
9.3735698605130272e-253
4.9542926314677032e-125
8.2274333981408212e-61
1.3043977767463602e-29
0.080027136536919771
6.8236996436879851e-23
8.875237718848868e-37
3.1362477385726998e-21
6.7505165479460615e-08
0.068926957903111791
4.4313111705823829e-35
9.0866040587963202e-33
4.7114163686986472e-117
2.0380967770924401e-22
0.22308132002161374
9.5301650048570954e-21
8.6826460434167755e-98
8.200893093035118e-71
2.4287528181858675e-90
4.2484353125084356e-115
1.2726549189721405e-199
2.1861087148899896e-42
8.6018722032106196e-08
4.8853173743324083e-15
1.3321220101330702e-30
0.00046297346577062442
3.1696461329733545e-05
2.6294172416199439e-44
8.7291426497558507e-06
0.045948703513610273
7.0740463479543376e-11
8.4986564142495666e-20
7.7117935851996248e-08
0.074493202493940355
7.3604467075150707e-38
1.2223595349891636e-66
2.3897486163279549e-98
2.0313270176164812e-73
1.0237377732182807e-15
9.1010902522064994e-95
2.6964504286202428e-147
1.2795989379447059e-128
2.8535643765318216e-215
2.1127662072248222e-59
6.2651149184949083e-06
5.3503027566138512e-05
0.31889672192360946
7.8706505878445286e-06
4.7292861628138318e-05
3.5024064124640644e-24
2.5001534531062256e-75
3.0331807553748853e-08
1.1770303514628584e-94
1.8265754110501266e-121
4.4308164065920609e-154
3.4592300667342482e-114
2.4480182554270419e-217
3.9548507811744343e-151
6.6220343920530667e-07
4.8805020122073913e-15
1.4299863834703896e-30
2.9958619603720674e-128
8.5361602109800026e-118
3.2363439336916394e-197
8.2467650764710154e-224
8.0227837593074708e-219
3.9497433370626547e-21
2.7264243130525364e-183
5.4538206588909938e-203
3.6383702916329346e-286
6.9264189346391947e-214
0
0
0.0025795921993611061
0.21569885177461087
0.22308132002161374
2.0613535197864162e-33
4.4941780672120303e-33
0.057509901032432767
5.9193811145301738e-10
2.5699468672833189e-78
1.2533873993865447e-72
0.00010836198296449481
0.28890089843565175
0.095967393313115115
2.6490604437176908e-14
0.14245507565056412
2.9034702008855606e-16
1.8342766445249149e-95
1.1380180749286785e-17
5.1689765454625617e-14
9.0978742814842248e-09
2.4788637452943382e-06
0.0011237363896232963
0.092428362711722847
3.6630037668882195e-11
0.15590286535483158
0.037992529116242166
0.4245824777967801
1.3237438622361743e-07
0.20728266469037837
5.8911192548445074e-24
1.3598983877711903e-104
4.1451155171894368e-19
2.1589822171269944e-10
1.0671499502951168e-15
0.034157577584887619
0.53007207968170467
1.6600032188493897e-15
0.02067726846414009
4.030177765711075e-16
0.023685938594548924
3.2436340213036091e-21
0.15741237675879585
1.9448750229545981e-34
0.083786909605813809
0.28276642157136
2.83609200223908e-27
9.6487405813870334e-19
1.187875126899811e-08
0.00022323248244961744
0.052188884718856701
0.0033910897661451134
5.0011097621177196e-29
3.0133602986513136e-118
1.0513991828952584e-45
5.0091245927456314e-23
0.088530435302912838
1.784545984717516e-27
0.2222368658263186
0.096862686991874183
1.349842480673987e-21
1.0459504634318559e-14
0.0038011519108709008
6.2174010608896842e-08
1.3908012345294307e-85
0.0035095277157930296
3.769047389563105e-27
1.0342773032121953e-17
3.0184087371151723e-28
5.6576868160311584e-27
0.046921885667268418
0.050168660479758966
1.9961495071719173e-28
2.9770086134896865e-10
9.051538405342006e-11
3.2404777436100394e-147
0.0025795921993611061
8.3795265895536169e-64
7.9672312018355867e-59
5.7132751004700509e-14
2.2494716980299893e-12
4.2548067385941781e-09
5.2062084188576061e-19
0.036433939723115587
8.6658989917956646e-10
1.7107051665210576e-05
0.0011407155185747346
3.4126228039212749e-25
0.00016773686375086324
2.7795931003150406e-17
1.5905541163575738e-05
0.27298511086993871
0.29771686655723173
2.7493547023828736e-17
0.18929872428746289
1.5377528572993801e-09
5.8231684163538084e-06
4.8795113242800536e-13
0.48152927813643787
0.00018551793261221351
1.9810698296393139e-21
1.3339006100116416e-14
8.1600491909306755e-12
4.1914524553788561e-14
7.1053521110758601e-15
0.00070259788314823229
0.33791355339422252
4.2252179327162271e-45
1.0143408125541692e-06
9.8073568239670745e-09
0.67867713948226893
0.0063254879673933116
4.6705665662038465e-105
1.4395967323174289e-22
0.016554529558112065
2.1768186752734997e-30
8.2029800188249941e-16
0.04424691765332435
4.8836771434589179e-25
0.014848967554627146
1.8360058373026179e-15
4.0844263484235207e-18
9.6153134068096773e-28
0.55288160864969904
5.2601905674441314e-16
0.49726562331181567
0.022786679369503716
3.750928161268694e-16
0.63078317116094218
0.1052931757934898
1.2316714595641991e-14
0.030107301254090672
1.4693321130747289e-08
0.064694452423220319
5.387685104682061e-47
4.3751506957872235e-28
5.6057693237898796e-34
0.05333907152927924
5.6380847399344923e-26
0.61680827371392932
6.1206938138426595e-07
3.7429233372531187e-07
2.903415149280993e-78
1.4553279223373806e-38
5.7596971844655118e-49
2.447343074537054e-11
1.6144169145505127e-89
1.0447907299160175e-36
4.275915469635975e-122
3.2404777436100394e-147
0
2.0641569211740399e-63
2.5534890777115195e-70
1.5573974589669271e-29
1.5300481495570481e-15
2.0189972263832798e-13
0.63054608613024465
1.3244226411045235e-81
2.5486712117273791e-06
0.017038099965443438
1.5888268618105877e-06
1.6471523236546147e-07
2.7697702374447991e-18
0.73657941150946349
1.1293438746776436e-12
3.7172378483431932e-97
0.00015979709391567129
2.8029514442034782e-06
4.6691272330921902e-11
0.042451436965407936
2.7048637502065814e-07
0.12228341451000811
1.1816337266266875e-13
1.7974013336871828e-06
0.17051086031773785
0.00020321125583832859
3.2087425412653059e-07
0.10749042633931935
1.3133795122467481e-10
5.2709899687530967e-82
0.0020026410275588314
1.7392042115772738e-05
0.0037645926549180549
1.55154799993391e-39
1.4309285656608114e-21
1.2062598232163668e-06
5.2089531487251232e-09
4.4598687231711539e-12
1.3668718295985213e-06
5.2370000366681043e-25
0.00020085782740994295
8.9698128055934537e-15
1.0628603082172143e-34
0.52916223174072496
1.6820681927169939e-13
9.5761110707637193e-08
4.0024350151171798e-20
6.0352889600743826e-09
1.1809332044113954e-22
2.0238422136321637e-06
1.1278240060015819e-80
2.789530628016755e-142
5.1480438858512652e-10
7.2834334331575088e-10
4.4701025310370189e-19
2.5562158864296725e-07
2.3474460827316302e-30
1.6526809883338925e-13
4.1762480442439782e-26
6.4530621557380928e-22
2.5784594368955553e-11
0.14830489730645002
3.2707057529491989e-26
0.77909478727801906
3.7263199305553731e-47
0.0035336912194368123
9.1107758869881853e-09
3.9106070687563678e-35
9.0065645048034085e-07
0.016342436388169766
2.1615747002368587e-08
5.883062351158845e-36
8.942501200218186e-52
2.0919958161617763e-238
0
0.00047472246506596351
3.8712849763551103e-06
1.8295239248438434e-10
1.9070175162254692e-11
0.67583836407041109
1.8906632121493351e-14
0.017802077654248929
3.8650182519197887e-05
1.1113297950132941e-18
0.068879634451532654
0.00042270164528772505
8.888326957546824e-05
0.0038535326526092269
0.0072277348100886615
7.6097241658417002e-12
0.017284878643086882
8.1107410083382917e-11
0.6643503185126669
0.11645998936042186
4.2539958960499984e-05
1.5132356592439208e-22
4.7818453308830363e-135
0.037475260268833688
0.015256079203328951
0.049394856541228993
1.3274898731240695e-18
7.3442660848113607e-07
1.0890425598434241e-71
2.155676699434836e-26
5.4036594272143276e-20
7.9335038699412621e-51
0.0023189367511693487
2.4732265789285166e-06
1.7038430666696178e-05
0.099461550942200827
3.0203926079141795e-08
0.046672681023501139
0.96532503918018842
6.1956727440089233e-20
0.10784287592762039
4.1818158367061613e-07
0.12036655266994023
1.572274675223394e-30
3.6921190340089655e-08
1.9029781898732004e-10
1.2723611994956772e-19
0.20630292167643502
0.0043417610234130523
2.0795954444985663e-07
0.59333432969539557
1.1017189418201398e-26
0.075824045293524253
4.0103565798060047e-22
0.0020525560687177959
2.0717025454478373e-10
0.1123713819429728
2.4033070473476362e-27
5.8971671250772154e-42
8.5296069484478364e-14
1.7359490601162524e-08
0.00039671097517979514
3.9487414070003524e-50
3.2798609631759025e-13
4.0907410126026177e-25
3.9671947261049768e-55
2.0636289788563789e-83
3.6218080598525067e-08
9.9992455685292327e-80
4.604254983679856e-50
1.467537959366846e-122
1.3162167241585117e-79
1.8273282062392011e-172
2.0919958161617763e-238
1.6873479425744964e-11
1.1020202775131859e-08
3.5729772693706423e-43
2.2512387755086091e-181
0
1.4518739494274061e-41
3.5872021543139143e-06
0
0
0
4.9389735634925602e-78
6.8804605042139357e-76
0.030742096354284053
0.02552882353634912
0.0018400890472943293
0
0
1.2959623524891128e-141
6.5685981776685478e-297
1.13138668623861e-267
1.7769199354802145e-67
1.808563970820638e-28
1.3514171916005024e-64
0.15092768217968702
2.2336287351491215e-29
0.00096010549102092341
2.5824081878165361e-07
2.0870705699336757e-12
7.2002004410103227e-13
0
0
6.5844759937223753e-145
0
5.1838696223288532e-121
0.00011562823661852402
9.0325575599400282e-289
1.7545907760009681e-230
6.2976701265907816e-41
1.3510303911331658e-32
2.3731676190510828e-16
2.9730214732009171e-33
3.7023111867128205e-49
3.4163187791437655e-30
0.13754273038800929
7.4152331786198149e-40
7.4910155731863958e-195
0.00054233814361097918
8.8874974986331578e-24
1.0143408125541656e-06
4.5419111298174381e-08
6.1252812874608054e-06
0
0
2.1876697870468347e-294
7.352608331418786e-111
3.6169723999122647e-283
7.8427779711205476e-247
7.3509732972662351e-49
0.083899846803742198
7.4963353400922645e-242
6.7959112068887204e-230
1.0078848896349494e-156
1.1577216177857123e-31
1.3098300180242946e-14
3.4798799210804798e-51
1.4078870774675899e-53
7.2490237529137432e-78
1.6035766705198877e-15
2.5017667135527751e-05
7.0713753150159775e-13
4.8544398784546819e-184
2.1384734737058225e-12
7.6979779680621542e-45
3.7600583694120787e-22
2.0131555134942195e-11
0
3.5654908762530684e-275
9.7700657503789001e-281
1.656660512154442e-25
1.7713326246412845e-05
2.4208860802674389e-182
7.3027278362487358e-305
5.438879198731337e-293
0.037624319042557482
1.1994076192721503e-240
9.9322889720889107e-177
5.5180062345110051e-07
7.4959800267255315e-44
2.3533872366900272e-11
0.030877322402492035
0.90058107128264597
5.0160859877509425e-209
0.0082950467545768302
0.04438911534067972
0.01541952797906561
0.0039955796761522782
7.4158891306491694e-72
3.7791502550199941e-280
6.9283823821411555e-289
2.8517415071785877e-295
1.5452247584241524e-201
8.675910807914305e-278
4.0713154422995058e-255
7.4378335084338942e-226
1.8025140209793664e-07
0.12126302867989247
3.152305400743988e-197
3.546345867263735e-241
3.3150813173963955e-229
1.1939885601154818e-194
1.4522722627970858e-111
9.4852790842128762e-33
4.3412864414198583e-05
1.8920479888337303e-10
4.340956046089183e-20
2.2414217127533432e-15
5.7911119831768397e-31
1.0583925807896878e-40
2.7427126362367021e-07
8.5983025285451359e-30
1.359950010058757e-19
3.8552771576949581e-19
9.1777162821649645e-07
0.035176511024221355
1.3091486454784092e-187
0.0012126822841543028
0.0039508532968742125
0.15765699635938257
1.3165474638088817e-177
7.7772214981859507e-120
3.515993350603761e-193
2.0090885006011969e-178
1.9024212413722143e-05
2.9378769954481817e-08
0.00075090639674396849
8.4610795250092635e-71
5.9210470832054887e-07
0.98993544034376557
2.9112308177085438e-125
1.2100587842676783e-86
4.7740320250712583e-18
8.3312688854996161e-05
1.0796476613200007e-05
1.6067791895232149e-97
7.0183017078634979e-26
5.6674834051024188e-07
2.532931020723841e-34
3.7600583694120787e-22
1.3012357668233562e-43
5.7304854930342386e-19
7.6365404562664961e-08
3.4057662942453844e-40
6.2834682093316795e-34
0.00011628449972140628
1.119615939925131e-05
1.4376538098670256e-54
2.1568870024736224e-23
5.9780706226923167e-24
3.5752116487602795e-15
2.676194757324671e-11
1.8196960092219747e-06
0.0016294604913299449
4.6405330647035807e-06
6.3476539938655065e-60
1.1132740547062121e-23
1.5880020043067766e-33
5.3661212920924653e-12
7.1131583972410141e-58
1.157946294843392e-10
0.34693986257899501
1.3262905647140519e-21
1.0166038391294008e-05
0.0069104170146660412
1.0756172273046282e-12
0.15992255512151846
2.216473478573613e-11
7.4891145956768146e-34
1.5051308293869806e-113
5.8117243258268752e-05
1.6115437889192454e-11
0.20314450034394713
2.81871061877469e-10
1.4525266266890002e-05
8.3292945304510915e-08
3.0835738800124223e-28
4.1059314055362211e-19
1.172513625593385e-10
3.3193864151849872e-17
4.4068375870025229e-26
2.7048711402677622e-89
0.005261678775285248
1.8470645707934403e-12
1.4378226205273823e-08
2.4357063751998075e-21
4.3674101541714521e-98
3.6330701337035849e-11
5.0626150881573003e-90
3.9518089609683924e-80
6.6440154548308086e-109
1.7096433786637198e-234
6.8539477512977042e-13
3.7362109147522332e-17
0.11909036968581047
6.2737561726902464e-20
1.2611933196556511e-13
0.041475054157078639
6.4270446900905367e-05
2.8721257104966358e-51
3.9253795689234465e-07
1.6789140403471708e-05
1.852308154139406e-09
2.9883202775613785e-35
0.0037570190749071546
4.7451122716364512e-48
7.4749582044304992e-45
9.5802522008651395e-154
2.2445265762957933e-06
2.8253082726242709e-25
1.3804201496838665e-28
1.2421280223664889e-136
1.0235652043258842e-133
1.311707259589415e-268
1.3012357668233562e-43
8.7840497554521649e-12
8.9006333716527801e-10
1.6510579473645953e-42
8.6860511224488539e-06
0.032096195987734312
1.3404818971201034e-07
9.5609956996270224e-23
5.9858321051093102e-35
1.0120737425586963e-28
1.075177746099667e-06
8.2413609229711321e-55
0.00019420849587720919
1.6486840467304267e-07
9.2211113088811564e-14
0.0016160631330784732
0.081501491934804521
3.0405061462550824e-13
1.6519085893260414e-42
1.6464843958416209e-06
9.4581058058615696e-66
3.5448937446817859e-98
4.7589202063799258e-21
4.7687788152141346e-13
5.4838323701971138e-05
1.3257608966336857e-05
2.7379530077530569e-09
0.0011492986947890832
1.3163229857883015e-21
1.0090211678013004e-14
0.5792630507480605
1.3498573505408737e-10
2.6016404761127426e-12
6.6254725760892657e-11
2.0249595297968921e-05
0.013113755481983716
9.4963926310502944e-32
4.0958017463010372e-07
4.9278202460159056e-29
0.39523233677252828
8.0235276132201326e-05
2.3058248253622497e-64
2.7083016286937473e-14
3.6239570791441008e-92
1.7121629876306843e-66
1.6749238124903091e-08
4.6889561578368141e-09
0.014882967899762007
1.597390943412679e-07
8.8172480868928985e-08
6.0483288488335022e-06
7.4125945524085036e-20
4.3259795192693912e-05
0.021139120317971462
2.4323981722096539e-19
8.5357856127223828e-44
2.9590646905036069e-11
9.2390202090798406e-92
1.7708266684120265e-106
9.0039028494966142e-12
2.2999992173251675e-20
1.374828171915048e-16
7.1887126321984691e-34
9.8491234883554053e-09
2.1413259860138491e-74
4.7714487322023162e-126
1.523661573064764e-144
2.8565036040347143e-29
1.205988385027337e-58
2.7838476746406134e-103
2.0539550267486348e-178
2.5145215018326287e-87
7.6470307372471049e-222
1.311707259589415e-268
0
0
1.4848986121382233e-235
1.0891238867225517e-168
0
2.8763487631804417e-67
1.3827074099649002e-50
1.089573856285526e-28
0
8.1132379161748912e-66
5.2285400693389864e-23
0.28315675295605591
3.1784764281314314e-24
3.0093907191965011e-05
4.4025257807435008e-10
3.9690323688076817e-33
1.8164880705549344e-63
6.1724816904536902e-05
2.0149925807331388e-07
0.00034815182076919197
4.336760933534524e-30
1.8548756680679271e-49
2.9256038929910965e-91
6.6671769771901983e-19
7.5873481414925212e-61
4.6962878557894392e-125
1.2657911419480804e-27
6.9471507064718751e-150
1.4927164186970228e-138
1.5340657269241365e-199
1.7210800598387066e-122
4.439229573041542e-24
0.11102461946894976
2.3233007182706277e-22
5.0013190469042037e-53
4.2344782461618104e-100
4.208807227922695e-34
5.7329008201629508e-83
1.0254149430748616e-174
1.9736727919376073e-205
1.6951202441060713e-188
5.5005818602171783e-280
2.5669781415851067e-46
7.5589367524337399e-113
3.6852803033531438e-179
7.5764067521045112e-224
1.0442437970382626e-291
7.7613437063597811e-171
2.6152640555119569e-298
1.7144629097139875e-275
1.076697204294124e-279
0
1.3576238001672278e-112
1.4630440370517023e-26
0.037842115376867366
4.2775572696260328e-23
0.13986987495406986
5.3784998668100274e-80
1.9817326220808273e-93
7.4001172048375507e-167
0.38511743202597781
3.144509306130272e-78
7.9938712422384188e-129
3.9947292553727401e-241
1.9764053920484214e-66
1.3391970629091889e-243
6.6724589008249817e-242
0
4.9254063820309188e-28
2.0280651116533351e-155
4.8471962498602273e-235
0
0
0
0
0
5.7141871534271549e-270
6.0063764091107199e-23
1.844375715877142e-30
1.2691510826799003e-09
4.9857900453580255e-122
8.280795964695939e-88
1.6181234582516153e-09
4.2260828337670814e-23
0.072017557790261894
1.1600024112496258e-37
4.3428512848595499e-65
3.2184274966295862e-187
0.088411946170297129
4.5261924501170924e-17
2.6228018659828378e-63
4.7091980266068465e-198
2.8548156772455987e-55
1.5433309858204388e-137
6.3696140091968224e-180
2.2134053906433409e-282
3.967856640764751e-121
1.6044093573093243e-66
3.8833025137319003e-62
7.3269660109396666e-30
1.0563014428220844e-14
0.87408790419267268
4.6939611618429756e-05
2.8231137718151965e-12
1.2218666537842198e-47
9.5799833509580366e-48
1.1257209972318425e-07
7.5758738077787076e-45
8.9688560340581674e-10
6.5026253048451969e-64
3.2435916220699405e-69
1.3226650081805107e-158
4.3529638762937422e-110
3.0237444811424877e-35
1.6982262059459666e-149
4.2395829593355974e-225
7.4450877478222483e-170
3.651245467919086e-296
2.8505175329290055e-06
3.0717195738395695e-70
0.0011340829855611488
0.00024635102772392706
1.8335761702403101e-28
9.9946674573079426e-23
4.0674849721090196e-96
1.0365653741898941e-77
2.4135574867553924e-18
3.1809811350985026e-125
1.1383593470966983e-192
2.3287862166636757e-215
8.6460761818997571e-174
6.1875456872667833e-295
5.934985694282748e-111
1.1695515845474141e-07
1.4129818088361794e-61
3.7084547073941808e-120
1.6346914311142214e-146
3.3987385898194744e-146
1.3936116500494151e-274
6.3704447816447907e-309
2.1805436650555732e-218
1.7861865469819234e-67
1.3593976817114388e-208
6.9380207594535435e-287
0
5.7331563294747741e-218
0
0
0
3.9708805592244366e-67
2.0758593752939327e-82
2.1773187209407935e-33
8.3213897616321499e-235
2.5560526294685554e-18
9.7635062672346827e-22
3.0563122779004868e-14
2.5723956127448632e-222
2.3743862316824057e-81
3.8929810149267324e-22
0.093201191617012943
2.4605174350848364e-25
1.3308575507521387e-08
0.00092694967827633727
3.6207897992515301e-34
3.3247100685442462e-93
7.7709277700583128e-114
2.9169446429577669e-07
1.6290407719981488e-24
1.9244360199341099e-14
1.0517666592098665e-12
8.4063368991155827e-35
3.3581510949300529e-12
1.8355258943710561e-11
2.9275529560639061e-60
0.003186293088693848
2.3303460191312299e-77
7.018750852260024e-92
5.2589679937752944e-175
6.5625772034180264e-16
1.3450566318038461e-19
0.85473137965465429
1.7167148075828351e-15
9.488464768675042e-09
3.6658345127114408e-74
8.8347597579415902e-27
9.1632592084828257e-42
5.8204353203560174e-127
2.8721220493328863e-138
1.6488441040411461e-96
9.1411794919084539e-225
0.00011643646503006264
2.476985226537431e-61
5.2401929482108576e-117
3.626077953457107e-104
6.7184731547132465e-221
1.1476368033196699e-95
5.1710464711023408e-222
3.8592263298583798e-224
5.4064756542361766e-174
0
3.6691048484654677e-19
9.5404519488079352e-08
0.067311205184946279
7.1129024887910588e-13
1.0164200954469812e-48
1.0926741901661934e-16
1.2026187802848839e-28
2.887708983838538e-103
3.7502283216727153e-10
5.2581755748426239e-45
1.8943829820551818e-73
3.2558483699132453e-162
5.3053293245549344e-26
6.2595687978525772e-172
1.6389847372946221e-150
1.1403316719083088e-263
1.8858959553157818e-08
9.9368635232324735e-80
1.1934401584407985e-141
3.7185358042046482e-255
3.3718681504471431e-233
0
0
4.2989545825435178e-220
9.9035066544960498e-121
2.617612587117841e-77
1.4620773339295492e-35
0.75305982738619082
1.4434379910887522e-31
3.0774722831311819e-32
1.6390677916837565e-19
2.2150374082527593e-07
0.030030194861765232
6.1756368118134567e-31
6.7778630010582134e-34
6.1809445893936157e-114
3.5568271513804905e-17
0.091295028598120831
2.4298227799889268e-22
1.144164122057111e-115
7.5592491902022001e-56
2.5635765119674777e-87
9.0501820047993251e-112
4.4321498946917294e-219
2.5433748863065953e-29
1.877571639570921e-10
1.1701741995281475e-21
9.9987238385948789e-25
1.1748431548874773e-09
4.4519061620977315e-05
1.2656574304504794e-34
4.7986036991452713e-06
0.031642608770164143
4.83280525537742e-14
2.0360138063237857e-17
2.0248710930468064e-11
0.022166515637094868
1.0690492365312553e-32
3.3919534141382078e-56
1.1931193855148609e-104
1.0668170228769219e-84
3.7895148123772862e-15
1.8369226726781011e-83
3.4367916170061217e-138
7.2595762698871641e-133
1.7927196379489303e-224
8.4054389678329941e-57
5.405953381033669e-08
1.1713561768590761e-14
0.039117335248275542
7.7510432514436601e-06
1.3815148841015026e-05
2.6169510958713674e-29
8.3219573543756321e-76
1.2637193491456583e-09
2.3919831298623407e-93
1.0936173116378873e-122
4.6590333217892064e-151
2.7775240284940303e-110
5.4728640510581652e-223
2.5260533992705898e-142
0.00031486518486146549
6.2618447036147351e-26
3.4944882213846734e-33
6.410124266636883e-130
1.0702632478272442e-124
3.3198321059582e-205
3.0569582330363625e-240
2.4485395236951947e-220
1.7284184054541277e-32
1.6264521785861662e-177
3.1955591640828665e-215
1.1039928388100904e-275
2.300602043489553e-212
0
0
0.25846288062240741
0.00035994529331339606
4.1758098230398637e-05
2.3835807555484479e-37
2.9579394738555328e-34
0.46775369865160188
3.7176388518233996e-16
9.1591772067952481e-69
1.0504068937349916e-61
2.3760668115162107e-06
0.0037797841496919186
3.2811350765841755e-05
1.1162559931485999e-15
0.76087519291800276
2.0071339235487996e-21
6.4406971822542881e-89
4.3273275700520904e-10
9.6884018369616149e-08
1.6803981041613565e-07
6.6224017108723025e-08
1.7523726972645674e-08
0.24953849198957181
2.0974680018234047e-22
0.84793775188466158
0.45492001746255406
0.44952143546269641
1.4242512346430823e-09
0.5095231737021485
3.0256916050049106e-29
2.5933751278989942e-110
1.3941960845519591e-26
1.7726992614647283e-11
6.9051567629041734e-15
1.7107051665210576e-05
0.02654898440161509
1.4046864473107187e-15
1.0401568609373412e-05
4.9105898209947879e-13
0.0094793747264257221
8.6020608708960305e-17
0.027213412179373217
6.1330494523351825e-26
0.43601950935482447
0.57167447149733386
1.5941946624771744e-28
1.0188353811797295e-16
9.4737664991004168e-05
0.10045190494527546
0.00051066612883421479
0.0024195803447660249
8.8780955723562763e-23
1.3056205985509179e-136
4.3791151100603789e-42
1.3190990504086183e-29
0.68316817550130426
6.5984448835533687e-27
0.58734496888471321
0.00040819819098718627
8.5692233430851167e-29
1.1826857738581206e-19
0.010229394308382406
1.3361740371179809e-09
6.2685412879220629e-62
0.36893559593655006
3.4394693858804148e-31
5.1031664052342884e-19
1.1170020312946953e-25
6.7760195931324367e-24
0.22906376112294374
0.31813153100863445
8.433659687502182e-28
2.5106804326542669e-05
1.0548263905768388e-09
3.7645615644037116e-165
0.25846288062240741
1.9230612814242929e-72
1.2347145911191036e-62
4.3774552819709932e-18
1.7442787660965003e-22
0.048925473082402048
5.9863917528327006e-31
0.052005516494152894
2.3259810748549673e-15
0.0001831285397652605
5.9200529079383233e-05
1.7187509960033441e-24
0.2598515645291346
2.4656883687219725e-17
1.2315963820548438e-07
0.031138061208309455
0.74896034209468643
3.4943234651566548e-18
0.0010137134816095488
2.1455574405900587e-10
8.0173146831476797e-06
1.3218515450162707e-12
0.0032121968947179721
5.4984141899573635e-06
7.4265237960965253e-17
1.8356846444167136e-14
5.8617824994006133e-21
1.275576193218762e-11
4.5217894690397269e-19
0.21843615265933317
0.0024107057854001286
5.9055211187113163e-73
4.9021710605768232e-08
4.0418772756845661e-14
0.21824428520710354
0.00040044750027003076
8.4930305150375566e-87
1.0005679281915989e-19
0.43446405757261686
5.2796058000313797e-33
4.5112902084179023e-10
0.13113565453871598
2.4808284048937051e-36
0.088441555190182583
6.7655055408885689e-25
2.2539408459665799e-16
2.5342391040070607e-19
0.37431211086406446
1.9185582313615956e-16
0.1814014320382126
0.062950768235025073
1.9610457802206665e-25
0.012004381196146021
0.35456908174424823
4.9358999679678272e-14
0.0011603578278412869
1.0849914776420334e-05
0.0083340862472624806
5.4640812943308655e-71
3.9187419217385421e-14
1.4111497271197654e-30
0.011707459005870951
1.7283387358721668e-24
0.0064364901741300095
7.4744011246061033e-12
1.0516838418411998e-07
1.000740086727328e-96
4.9073212444214264e-34
1.8386455908582966e-50
8.9640484310306541e-21
5.8332827351669639e-84
5.2883265098014842e-31
1.1769239773810047e-118
3.7645615644037116e-165
0
3.0329501017695082e-43
3.0583624214985637e-69
2.0172295005284751e-44
4.4449742645199358e-11
9.2880651678061036e-13
0.048477356742356925
3.6257777826350454e-90
2.412050179664214e-06
0.0072305792966611071
0.014781188243697339
4.3814546198635937e-07
8.8213628833966973e-08
0.47434609808695805
8.386759391863617e-18
3.0059392027941953e-105
7.7541168772508157e-05
2.3480914812143065e-06
7.2736753502430782e-07
1.0766577656254106e-06
4.5048188413151159e-10
0.16703805451216644
6.9554906806679018e-14
5.3597332826279376e-05
0.018052510815072646
0.0042164927393967631
4.0325265514934664e-06
0.069759896964801366
3.6554719276231217e-15
2.3721308254978044e-84
4.473417667053436e-06
8.3751574674230259e-06
7.9814873386684066e-05
1.8023235935716735e-36
2.1609980979027196e-15
0.00027771199612663006
3.2626983765644144e-14
2.8421103738753676e-13
0.0066431316671775919
3.747832487470509e-24
0.017102715890984707
6.0363549369025713e-20
1.9970157734602641e-36
0.24748588580137232
4.1150810339073061e-18
0.016212728442030165
2.4450980508734166e-14
5.7045331052195903e-12
1.2414234488775179e-15
1.6718304418176559e-07
1.0020747049681161e-70
7.1608095751052719e-148
1.4780986657751836e-06
9.1739072848203105e-08
3.6479866936742353e-20
6.6627595830746839e-08
1.7571894119346136e-37
5.3192528641818516e-18
1.3727838342656999e-16
5.7212858221450119e-20
2.2590309534727032e-14
0.34558915647404592
1.8041648191030406e-22
0.4111061258866735
1.4503799406285528e-41
7.9999281947665028e-07
3.5081184607783972e-08
3.1506562002709258e-32
1.4769682104237791e-08
0.023484232171313724
1.0888943162909877e-05
2.395354388365905e-25
1.9083726595501057e-49
1.760669771509267e-232
0
1.7245114306504036e-05
1.5772302463712908e-10
2.0247676710350625e-08
1.5090433193966561e-10
0.0051027195975199956
3.1869339281247833e-15
0.0026423406138899675
9.6533188502128842e-05
9.0760081784002171e-08
0.0041194615657710312
0.00035038996264428524
1.4452785866838951e-11
0.0021684385714399374
0.00090888894940526431
4.318895234232772e-14
0.0033815104144870102
1.5340960208363689e-09
0.0019895309350152776
0.040840612176246807
0.0040229734194146922
2.8310366784979851e-25
7.6346900032008205e-94
0.048460197184793941
8.2731472208366326e-05
0.061955260053655238
1.069947292899432e-18
1.1320641537964646e-08
2.0525381461919429e-79
4.571392746507257e-17
7.5967678560434451e-20
1.9344599304831107e-57
0.016967289805227975
5.162164047279581e-19
9.9076813539821632e-08
0.78207669372581767
7.1252268890780222e-05
0.0099707118592779025
0.036871171031660925
3.9021784465539313e-28
0.78691240398577422
1.2904964198810864e-09
0.070529400090818303
2.5452843188700474e-27
5.6057175416845252e-15
5.9843118082957988e-13
9.2161594433737239e-10
0.043294172655904982
2.292072010176976e-06
0.0068507414845094244
0.86036261210546783
5.3562047956230526e-36
0.77887347549694219
2.5611573938079016e-18
0.00050143788535759765
2.4686993746266954e-13
0.095935554614225552
1.2694648727718264e-23
3.3656808427143236e-56
3.7637392683962048e-07
1.0599581979212914e-05
0.029162003887320331
6.7131768098203993e-54
4.6870984706407005e-15
1.3051168400115127e-21
2.1383828150925641e-50
3.4246966821320956e-96
4.2362383669024902e-07
1.6042678918734703e-71
6.2096972900734342e-47
1.1593467961083796e-126
3.3273599392202262e-69
1.4641834315943641e-161
1.760669771509267e-232
2.7820424581152854e-05
0.00014665522012821704
5.7363345770863701e-44
1.3996256981328944e-179
0
2.6715974473723309e-55
6.9466581059794296e-07
0
0
0
4.1748428587272453e-75
1.6347444488984159e-73
1.9732749395863601e-05
0.017654735328686104
3.0605419011582398e-05
0
0
2.0852962352771727e-138
0
7.8923520779997694e-260
3.2118540696530276e-72
1.7665055111696202e-27
3.4388910066727216e-62
0.083112139059101725
2.597555949582459e-21
0.10192017654242731
0.077386208202406367
4.7224223270865656e-13
5.5665944760695942e-14
0
0
6.963204796496239e-146
0
2.1042780965705626e-121
0.012083215043038199
3.5863671200249164e-296
5.0798768063194867e-220
1.6589431149749149e-48
3.3381413506322683e-29
7.1033034256869999e-12
2.9016573094228735e-27
3.6045355155098176e-42
1.4089412572281304e-24
0.008127893316137929
2.3897428631530086e-33
5.3338078380493881e-189
3.0946612505815576e-05
4.3034709879322986e-19
5.8303122032800418e-09
4.443011334776389e-08
0.00011002732916518848
0
0
1.7104884847036403e-292
1.1806851484061418e-117
2.3053686444723145e-289
8.8327599199519586e-246
8.2960402479693676e-52
0.04609594173027224
3.7278819582737326e-234
2.2846658813573235e-225
8.5101741664207889e-152
2.7714069992048742e-44
9.785513996666857e-13
3.6464677687340366e-50
5.2450824511946477e-50
1.6932287943454271e-68
9.2724013627575909e-20
0.0016634287268727532
5.2521118688045947e-11
2.0218254732816196e-189
8.6887192631600482e-11
2.067850846672342e-26
1.4807292730121882e-19
3.0147350483307451e-05
0
2.5244634712724605e-276
6.1951792917337677e-288
4.319077574419395e-29
3.2684002876399552e-06
4.0097813328670349e-177
0
0
0.069831713867446119
1.4781323011000242e-236
2.1763622687537329e-175
2.9551479383453075e-05
4.2163577095278915e-38
5.194641063926779e-07
0.22966223318737827
0.57004339616926636
6.0237678826528147e-230
0.050541890912376784
0.27207411310982282
0.013809705581516247
0.07986480552221123
8.1766971712833331e-52
7.9760995991765144e-290
2.2981350535794061e-291
1.9796815065166836e-298
1.6347848527922764e-212
2.5098673024677572e-276
4.5731986017083754e-253
5.3094050972491721e-214
8.419568441399948e-09
0.67027459633621844
2.6561848086836375e-207
1.5119744579906658e-242
7.6323459129126658e-238
5.1136259113029974e-201
9.3706957246777305e-118
2.841795702856324e-31
0.0042709688774408882
3.9385705527671575e-06
3.1139128322008629e-14
4.245183130803439e-17
9.1994264451172593e-28
4.9847524903960535e-38
1.2208438373657609e-05
5.3405191932764174e-32
2.379120982221543e-24
1.1308276557690648e-21
5.8370914633807992e-07
0.006940441866030168
5.1008258704750745e-147
0.043682325209470269
0.0011392910829343714
0.39808157430960045
1.6652191141608118e-154
1.1595385628336912e-154
1.4392095823917402e-205
3.8333376642362398e-141
2.4437740356598118e-08
1.3368108086350237e-09
0.00031594518925843297
1.7379571962153292e-84
2.0087779292938237e-05
0.6918985988223556
5.707319358982122e-119
1.239818970984489e-75
6.1530522919452644e-15
0.00013510520532414888
2.022253678523751e-05
1.7548253790449543e-108
8.6091466417852071e-24
2.4483724988870653e-08
1.428287647643915e-28
1.4807292730121882e-19
2.0910441928408478e-31
1.3586417909702253e-09
8.879262956151312e-07
9.8477334441032258e-35
8.1274087792624147e-42
0.00019420849587720957
1.5047743035896361e-05
6.9649925174443183e-45
2.5890258314431552e-22
1.1823635024327701e-14
3.2327612810988669e-10
5.6163224069062786e-13
5.2080643903913783e-06
0.001096898540663306
3.0854316094728498e-13
1.4718811208002822e-52
2.5077569864311688e-21
3.8261904071086071e-29
2.1367060261249016e-06
2.7179829516963713e-47
4.263399460060701e-05
5.4741865011718297e-05
4.6249195482342649e-16
4.119012390948573e-05
0.00052182707178128869
1.4307023698377963e-18
0.00067134007855397006
2.354251419940649e-17
2.8345526796390229e-31
9.3133662452059975e-101
0.0027813434165327236
6.3018482790528163e-10
0.37687625180654694
1.1868431933337671e-05
0.00098655398756640391
2.6099475633505586e-08
3.0778608154862611e-20
2.9448070843309423e-11
5.4595105230836313e-13
2.0997082807160155e-16
2.6074174417835677e-30
1.2764460708695116e-82
0.037192216248067858
8.3731359930389752e-10
4.7808993561236753e-16
1.5302144224732183e-23
4.2250229415300428e-94
8.5945116817305138e-12
9.4849185314184955e-98
6.8697091846072959e-94
3.2247364364622325e-98
8.6130607260746609e-236
1.6698734525328306e-15
1.2870329658537514e-15
0.24989370967780003
1.5596275157479528e-26
1.4222957225932651e-17
9.2630381920213373e-06
0.48909343843325781
2.3510715216674582e-44
1.1413663877863846e-15
0.019311888768787627
1.3813569922894125e-08
2.3289467353680398e-34
0.030866032361487956
1.3844195861957364e-44
9.4049148934803358e-47
1.6958929397725186e-146
0.00061285218832761012
4.9832923975376471e-27
2.4933780333623882e-33
3.7918094854981419e-125
3.5456376976111103e-129
1.9260736313482482e-273
2.0910441928408478e-31
6.265380124618927e-14
1.3254283079771396e-10
2.2271645266046168e-44
8.4417869635187508e-07
0.042163854815452775
0.032532128171559503
6.7723564616339277e-25
3.4450934274964583e-28
4.5804971637955709e-27
1.9578294449610736e-07
7.4885780587567499e-42
0.0036334303640554078
3.9323126759489872e-11
1.3272394133802751e-11
5.5058746487249632e-06
0.95931001595347498
1.1271113330604692e-09
2.4245740294527708e-35
1.062945840131617e-10
1.1188055749785702e-54
3.21094461173761e-82
2.8891204185703791e-16
5.8616912379616336e-12
2.4120501796642013e-06
0.0063883293792456096
2.8170099475701642e-06
2.6131474208292023e-05
2.2861993893184302e-20
3.2403147091277864e-06
0.21055481671243381
1.6119724074431516e-09
2.0440516647741402e-10
8.2948958731253816e-05
1.3761575574019929e-08
0.17812423810023401
7.0450195602203032e-25
3.2780562716754531e-11
2.332410103390381e-31
0.021919659802235984
9.2072581221011474e-07
3.442074017882928e-49
2.8354609246456203e-18
1.1357245617988504e-88
1.0799220099918933e-57
3.6879899676365495e-05
7.0767240118431311e-08
1.9186417796017269e-06
4.07602045344443e-10
0.00010760897246052174
0.00043124110969764432
2.7799115970840279e-21
0.00032485604621846124
0.019282860103622679
4.9574571049566632e-20
8.6020729143049186e-52
9.4190322985454774e-12
3.6845702254157626e-78
6.6374690136339153e-112
4.7478217461073767e-07
5.1563067707478139e-14
1.2907491905609458e-17
3.7814122354035497e-38
4.6288439664759818e-07
4.7923153289776918e-76
3.1074859044390769e-119
1.998336942508043e-141
4.7195684526018563e-15
4.4774641720744661e-50
6.7776814794045726e-117
8.7207425528683217e-181
6.8209973633971678e-79
1.1096469907750113e-218
1.9260736313482482e-273
0
0
0
4.6245034700401668e-145
0
1.0150217940604613e-81
5.9139582703468805e-63
2.7338285422628416e-25
0
1.310459795670541e-88
1.3704033367967569e-15
0.051695147167133852
9.71463091978392e-16
8.0173146831477271e-06
1.1326137892886966e-10
5.3670949959714502e-35
1.328021622627519e-69
1.4102192034565872e-07
3.5148508696988538e-07
0.011889339885148932
4.040349990594817e-39
2.1682920910584496e-49
4.0119526376218741e-94
6.1682922163180414e-24
2.8815284418357188e-59
4.8324348321327652e-137
7.7952565062742497e-29
3.0358327397778603e-136
2.8609952327492369e-143
4.9211373553808524e-199
5.4247210425347594e-105
6.8417519078369828e-32
0.066550656928719268
1.2415759725874978e-13
1.9005181987681678e-43
3.3818028486800449e-111
2.2177833014733117e-33
5.674103395391696e-92
3.013015218163178e-174
5.0431335828610796e-195
2.2259552368381402e-220
1.1832483280386419e-279
3.2261017096881857e-45
1.6107727727320744e-120
4.7191020082404764e-194
7.717109037564182e-211
8.7816007601869624e-284
4.6550602673039214e-186
2.9961955772359218e-285
5.2009374140952199e-290
3.6089263159375766e-277
0
4.2147859780560404e-131
6.1369792477966174e-20
0.24706283774637777
9.6417235140961272e-20
0.00014097768712996773
5.7921444398019329e-61
1.9538539150354139e-97
6.4786218484195273e-187
3.1064738347124522e-07
7.4127933399924382e-76
7.9939162003409791e-153
5.9475421556654151e-236
1.0167247851493365e-87
1.1065063516268805e-247
3.2504606780909985e-248
0
1.0996377155833173e-24
1.7567865140625306e-151
9.3653429531670817e-231
0
0
0
0
0
7.1031184969171084e-296
6.003348178252431e-23
4.0189754800034758e-28
1.5989786268806855e-09
3.0855610354897229e-144
1.6041915595249297e-82
1.4607510377167998e-11
5.1679829267006651e-20
0.16181469516603694
2.6290792418600749e-37
3.4130804816601066e-80
4.4183787769959263e-179
0.019626567918428959
1.2710582538253289e-25
3.7338208621210355e-55
2.7727735434963135e-179
1.7520237094165167e-60
1.6490100346440135e-149
8.3790579695175713e-181
8.144488702131372e-277
3.342275112468384e-113
2.896473397817214e-81
9.4778586917662623e-71
7.712517247729686e-38
2.4847794161438868e-10
0.75021449620518044
6.6827230956548497e-06
5.1492117351855194e-12
6.3538780711770444e-55
3.0553181439145866e-42
6.4167899477188178e-06
8.6978853338349282e-48
1.0134013496394945e-09
4.7220513853992173e-66
3.8480788968772278e-80
3.5058611216472039e-186
1.044057776941015e-104
2.071252965345956e-39
9.3484163487071681e-153
7.7589949160751042e-217
7.5274079340490395e-184
1.1342806138258985e-284
2.9993376107258787e-09
4.3398224603966126e-62
5.5307365618674217e-07
2.1409407330312401e-05
1.5369071321582575e-29
1.05282240414908e-24
7.315345040746153e-106
1.478007990567499e-89
1.5218860793482403e-17
9.9367499380331315e-126
2.2961931918162763e-220
6.5845154980965304e-230
2.0082840289262868e-176
9.5797265525772383e-284
3.6941945279205001e-119
8.1379051104873293e-09
8.6398392387148976e-60
1.4682361352620349e-115
8.5689129738460555e-165
6.9178857876135201e-138
2.7333519603158745e-278
9.7580132210842628e-300
1.5598744131501153e-226
5.0043578723803964e-68
2.2066226438248275e-225
2.4205231759224111e-286
0
5.9210971979517172e-233
0
0
0
3.7633292574471168e-50
7.6382341367466477e-69
1.8998007369721612e-32
1.3777279358649944e-221
1.9102721063676838e-19
2.7290614608044496e-08
2.5881249254396843e-18
1.5393592405956448e-309
5.4300535401352118e-71
7.0474994589225898e-23
0.0024414074621932186
7.3570969039850651e-18
0.0012091570518520023
4.3991649004889469e-05
5.6095759897010748e-26
2.1246550199959364e-106
3.997982370984201e-98
1.9408175465373299e-08
2.2250735663988282e-30
0.004707418639173541
3.1280961516436844e-12
7.708558298002633e-38
0.0013498410441671197
5.447706598648825e-15
1.790892565253476e-65
2.1282853862019047e-08
5.3181068391105913e-92
1.0084220979665066e-69
1.9794950825717173e-166
3.301179851184212e-27
3.3167850389053254e-30
0.0012041383393423973
7.7000665500767028e-09
0.00015097859145667814
3.417177248905799e-72
2.9454882413397858e-16
9.1876858470098656e-45
1.2656762743788949e-120
9.8562032882872097e-132
2.3588565884786968e-110
7.84014980902261e-233
0.031252066530228828
3.3335995200215217e-61
4.9992896681898542e-127
1.2956806024895951e-96
3.7301203842703069e-212
1.599491253073517e-93
1.2799037205567071e-219
1.3334701348498654e-197
1.561616963716274e-174
2.7522901824622611e-303
6.4307824268806425e-16
1.0955805356570927e-06
0.095649427392171971
1.1547219609996649e-08
6.923708002792495e-37
2.3455863271737344e-15
1.0175660469362216e-25
1.6959855116334743e-104
6.3704001907659545e-08
1.2037077159933094e-34
9.9931035232392933e-73
9.6438879986381218e-156
1.5424884266473995e-16
1.0186921354857599e-158
5.3065650270452388e-155
2.3009713706608211e-263
4.4077689094656213e-08
5.3856386160853271e-81
2.9372991854084286e-148
1.9161462248960688e-243
2.5732153702386029e-229
0
0
2.8541623973168183e-260
2.654306074700083e-147
1.6216663515330572e-68
1.1484300019776735e-38
0.16201495689895457
7.2583550346615809e-37
3.3303990599911377e-41
3.2809467868681531e-28
7.4229533787417459e-06
0.032307585347377717
2.5161294632839657e-34
2.4056858339372681e-33
4.8735664625872426e-108
2.2713387604344307e-21
0.09233600701038977
3.6980992699443033e-22
2.6802957997511702e-114
2.1205405746443185e-65
2.0625796754666881e-89
1.3803372994502227e-111
2.0085171673131361e-203
2.3357545453693425e-38
1.4521578315346077e-07
1.6147066768414778e-15
4.1191856483579864e-18
3.0299279233661952e-11
5.9858345921925446e-06
2.2366304962260346e-34
0.0012096600438093561
0.0003931761938019315
7.1632002332275517e-16
3.4072904263825556e-16
7.4119747649768511e-05
0.062386315592429346
7.1886372952264309e-38
1.7770473885914595e-56
3.2750566135134602e-107
3.8615809042880682e-78
4.8470605267375587e-14
6.7030048225593338e-94
8.3704390372531418e-154
6.8055488003936463e-132
1.1515291462191616e-203
1.7294326787702716e-60
4.3126296604482118e-05
1.9013945461275519e-07
0.029129908397571493
0.00025584714629203065
0.0016813636416596947
8.2331856798589848e-25
1.7946205829956605e-65
8.9078515052069459e-07
3.1623643576312123e-87
4.407831218075949e-129
3.2525276029935157e-153
2.9037407339401383e-127
2.0879201325489154e-225
2.5030386921193172e-141
0.00097629834454213442
1.0372257289074566e-13
9.5587571689243824e-38
3.1037396930155245e-114
5.6439817068802367e-111
3.2553081926770469e-206
4.4940468559524089e-227
8.3771187035059496e-220
2.0265820855986149e-29
1.2012148358096649e-169
2.8731774945953729e-222
3.9405475888102792e-273
1.6084699154540499e-199
0
0
0.072017557790261894
0.00043529618879410806
0.019863887195614841
4.476947226917204e-35
4.2533700136470605e-35
0.49781997932945132
6.5643045140472852e-14
1.936773035764871e-75
2.4288425235965164e-76
0.00030439282646860949
0.0060440001198123847
0.008501978688607156
7.1219076240622184e-11
0.50382421036502256
5.4965010281133372e-20
5.2134506131081472e-88
3.8819163158881028e-20
5.0024085560738818e-10
1.5755520165401098e-09
0.0013320408446787875
2.559771966564519e-07
0.52916223174072519
1.0674859104464487e-16
0.23721299703189122
0.040987349339618021
0.9188142715026042
5.8125135600529657e-08
0.3764956766567864
3.9148654277527747e-29
1.1232885605232552e-102
8.4952594279631554e-21
1.3637155528103272e-12
3.0111277010638447e-24
0.00039942503934453031
0.10685856595236427
8.6318256404733863e-19
0.00026399666484010697
1.5780722431417283e-23
0.00046672559107296767
1.184021959457216e-25
0.011238229583888091
3.0005696906785504e-27
0.83288843330793738
0.011779890427648414
8.1601536767397109e-18
1.5560167086986077e-14
0.067403926374541609
0.17282407461990731
0.0014322594811319242
0.012884344209275082
3.617911040534835e-23
5.295597669534663e-122
1.4334495216665428e-39
1.3370057771789385e-21
0.072091472457549891
6.5393598974554231e-34
0.089363830315259921
0.0021675506742366382
9.1079329202931817e-27
2.0935229877549769e-17
0.031642608770164206
9.0978742814841901e-09
1.5364444699673425e-72
0.00012310568254023034
4.6356529918327711e-35
5.9263291663939528e-33
2.6711480823808449e-22
5.9927483805326472e-21
0.50873936580558488
0.16201495689895451
1.1496957351308177e-24
7.0887081967093567e-07
3.1372331102141782e-12
2.6059694377872512e-147
0.072017557790261894
2.4617848589956769e-73
1.7753852804925286e-64
3.4503869359822257e-10
2.7021885437932551e-16
4.4030504252065596e-05
1.6307152437051032e-23
6.126543369103319e-05
5.1893128352253561e-14
0.0037044152437334462
0.00013957729124831648
1.3151715253457601e-26
0.010891829917815529
8.2355649070588016e-12
8.8791708415937135e-08
0.072462074471480412
0.80891567095710104
3.2415617648363172e-30
0.061955260053655203
4.1064113214555953e-12
0.00016104772532783278
4.7583397069138918e-09
0.071968319379546647
0.00015355266132036427
1.3746979713152627e-20
5.1411439423064461e-14
7.6452082706779959e-19
2.9941783610275776e-10
1.1736739305216491e-12
0.00037660247538761715
0.31188894282023533
4.7000714113485699e-51
1.1464428849476103e-06
1.7464281558736417e-06
0.041134574787481372
0.0094830642290532566
2.0446854799412759e-82
9.8809453469077585e-26
0.14909697918783588
6.5446354804049092e-22
5.0148183590246171e-22
0.0056746066629525813
1.8095793313450863e-26
0.0064339467097724312
1.2666419057088865e-19
3.9815967324368955e-17
5.6300950781604732e-25
0.0011579448712514132
1.0383357856535706e-19
0.011999759224155278
0.0010648959035576549
1.5675636876213491e-22
0.2023610267224886
0.043047431127947657
8.3191020114200228e-31
0.0023351054770516066
1.5660010040999595e-14
0.38540693563994527
2.0826428038477401e-60
3.8094231909924853e-21
1.1275017941865547e-35
0.015472417411800766
2.0767647668427833e-23
0.05825704285444297
5.2694210269215692e-07
3.4558525253459644e-08
1.5226346232649074e-82
4.9060276839818915e-38
1.3641089300195093e-38
2.0111992830922579e-09
1.1454708052057035e-92
2.6607613286013215e-23
6.6420378067338622e-116
2.6059694377872512e-147
0
6.7771509877463359e-46
9.7068480823615255e-54
2.2980974821476555e-42
8.3367881115443788e-18
3.0992205205308773e-09
0.046145117764762281
1.5167027251569154e-85
2.6864213007265896e-09
0.11619598999869452
1.0647274997623775e-05
0.0070285016012219424
1.5534290862073546e-27
0.37954710333375957
2.2772934469879239e-11
1.180479083096479e-88
0.00021464967330435229
4.7360315227086429e-06
6.1892167501636205e-06
0.028610342257234505
0.0095608621041321402
0.00041840522839320593
2.3791717476396666e-08
4.0006294778994269e-10
0.17769100078998579
0.010925582905220508
3.1208830127568044e-07
0.014293052614632538
8.4877606153996198e-16
3.9369941110037075e-77
0.013825563455700324
9.4079017140202164e-08
0.012953757087573436
3.1995133850148151e-39
6.6192140916426595e-20
1.5484034188937019e-07
4.0379776957967141e-08
6.6610164801248342e-10
0.16967610976829672
1.9823246900685189e-19
2.0535460822320221e-08
1.2389681461842622e-14
3.8569945364391541e-30
0.024536478103213178
3.3409052260342277e-17
0.009928211132741999
3.2738426422358619e-22
2.2723980741907557e-14
2.9660635401940581e-14
3.7239425065818407e-07
3.0224934382395263e-63
2.9301071789547284e-122
1.637432753240877e-05
1.0226795857648238e-07
3.6747873684898172e-18
3.176245781930523e-07
3.6385303260971815e-38
2.7707498567659313e-13
9.2708519229441623e-19
3.2631291387229466e-24
1.2353025321021494e-15
0.70600194881877287
6.8974529816524965e-21
0.99425094024319471
6.7771714262039903e-45
0.017495316278423351
1.2495085283295019e-13
3.3603097878308552e-28
4.3712695502567262e-06
0.014540719750797829
1.6026849739359699e-05
6.2788500041212327e-36
2.742994147110893e-43
8.0133698193044963e-228
0
7.5067719102398767e-05
2.1854401227791465e-07
3.3574538199646027e-10
1.678962620838647e-12
0.46184905633308282
1.9187656943491145e-14
0.14691582433274655
0.001432852753608534
1.2899968757220237e-14
0.024355063963212294
0.023730003100057354
4.4913755668196537e-05
0.0021131856812162718
0.033664608782208165
7.8768348809606513e-24
0.12692715100258786
1.2875275882628123e-12
0.2271436966627704
0.13193274303489738
1.2485126894559054e-05
1.7195748625588447e-27
9.1562529485595503e-113
0.0089447343068863559
0.059260142647480016
0.10198736380926736
9.4353016090332594e-16
2.2067674516492105e-08
1.1478677603066947e-92
4.7525816100377491e-16
1.341483921786377e-24
3.6092665552968702e-53
0.011168981587818066
0.0025848532827594654
2.1334177039082878e-11
0.36267982087572365
7.1213922097436349e-07
0.0057768851180556345
0.10405542526536164
2.9951871219052674e-31
0.34352495205212835
3.5986155824591267e-06
0.048033021392047431
5.2186320629417053e-31
2.084153586507939e-16
1.9758322975825499e-08
1.230676914196939e-11
0.061933778623978905
2.3130540654226305e-06
0.000273220521203463
0.43757802288850356
5.7267734055481459e-24
0.37223105612676161
2.5849617828481991e-17
0.0015784664025952967
7.7964825661496321e-12
0.0026509620790489204
5.6816206612512324e-25
4.0364726207160062e-52
6.5754781925085452e-05
2.3547324354364346e-12
8.4928187074643659e-06
2.5414408523662332e-44
3.1804000043544945e-14
5.4308019715702666e-20
1.2401224904849295e-53
1.1590933095042744e-95
8.0945893146194691e-13
7.4995483287297686e-70
2.9256824919749396e-48
1.3619082679986383e-119
1.0445534407058172e-65
1.2122911450659644e-145
8.0133698193044963e-228
1.9648661019171562e-09
3.1706394084673515e-11
1.1602350976974984e-20
7.1157398691211954e-147
0
2.242880820370967e-33
5.0959219128716017e-14
0
0
1.9020062204534328e-305
7.2137803621523419e-84
2.9084905311973251e-66
0.18748212725000449
0.0032239200591606728
7.891143342664038e-05
0
0
9.3474231509749629e-140
2.6299102367215923e-302
6.1291276002239306e-264
2.823728937829333e-74
9.1481397209832712e-28
8.6322796585953563e-63
0.24720379175461532
7.0951643840743488e-28
1.6198218288757713e-07
0.036924499030446305
3.9966821115253562e-09
2.2510266314961394e-11
0
0
2.576711372868894e-134
0
9.7858506303156012e-123
0.0054383700035223522
2.4234587532657234e-284
1.0755882081079792e-217
3.0215140096985464e-47
4.9490441766000954e-38
6.8639890585939865e-13
8.6820031909478562e-35
1.2713018148513172e-52
1.4267507686916353e-29
0.31949276310498276
7.3930384523932579e-27
1.4238651137115805e-186
1.3561930105626957e-08
1.4960727559882588e-26
3.0368182624617698e-07
3.5464359534342121e-11
1.0972145253526896e-11
0
0
4.7306010963909323e-300
8.2171029088982447e-96
8.0193471562168849e-286
1.4779344884090241e-249
5.3561618980424959e-54
0.00044351878962897874
5.3985315112192272e-234
1.4235356374034618e-220
2.6084261505232772e-156
9.4717959318337564e-35
8.7991566705362517e-15
3.0940951217188262e-41
1.5544607781528582e-43
5.085658563247043e-76
4.7478782931825326e-16
0.0016187339959305624
1.3894976441314326e-15
2.5827552993787937e-171
5.1613709574939645e-14
4.1106469511792938e-41
9.5551746499173009e-29
1.9648661019171562e-09
0
2.1553135289008057e-257
8.9039112116829517e-255
7.2154227218410951e-31
1.4016900710792173e-08
1.306305918441043e-136
0
5.4135191885939593e-302
0.77387865783153864
6.3552458073296012e-227
4.9530429530907749e-169
9.720981174805637e-05
3.9376091198641731e-54
7.8361618444344806e-07
0.36472630373641135
0.12856343319141866
1.8406866854794605e-239
0.44657196159873314
0.26725390119007303
4.4290669910770883e-06
0.48470173141798945
9.0523828991613958e-30
1.2404176878267915e-286
1.8223837853694011e-298
1.7758644170907709e-304
1.1327707599860161e-201
1.1888994726215705e-269
7.7829838581700282e-249
3.0567961678107837e-204
3.5823748262251867e-12
0.62841260475842053
5.1471115241414553e-178
6.0987672047992772e-246
2.689545900923439e-230
4.089242301780147e-188
3.4160110385937003e-114
4.2147651969159663e-25
5.7964092547178792e-05
8.7387936580909923e-13
3.986513259775858e-12
8.0727816034269022e-09
4.2900097259841332e-31
3.3721157435484065e-34
0.01639210746282023
5.4266044973708939e-39
1.3025531595327642e-26
1.9987944191448766e-15
0.0017192165552027579
0.10381624488249756
1.4489976480552191e-155
0.0091743155280887192
0.0007697662222086411
0.05409341390184124
8.9738961692094781e-149
1.9025005868888514e-98
2.534314428504419e-179
1.5467189083278721e-131
0.00015408598725393313
1.7972676123686633e-14
0.0038675145918008777
9.5002339185627331e-77
5.2340351041994708e-06
0.52280981515862801
9.8786506157956103e-117
1.5537687899947232e-67
2.0656560651366843e-14
0.00027545727019226104
1.8216359515006308e-10
2.7459841728170111e-100
1.01114671863555e-27
2.6491791711543083e-11
1.8879685614291973e-34
9.5551746499173009e-29
1.2677055916816114e-36
6.3981729546127972e-13
8.7824851159559089e-10
2.4520523826043127e-31
1.4755346739750121e-29
2.8954389882670674e-05
0.00010355860512565538
7.3487939729584007e-51
8.8433725766779254e-21
1.1485619210857576e-18
7.0792272128742273e-12
9.1842296327065892e-09
2.6688007614338817e-10
3.7724861496503929e-06
2.9021268081163225e-07
7.2305255299208496e-59
1.3486804835929137e-25
3.1724222005810352e-29
1.2073655222580983e-06
2.737595690393528e-49
0.0015083043704022139
0.61266969258538939
7.4715789212769531e-18
8.2387060725379633e-07
0.0044688314237938216
6.5809649093855255e-22
0.048925473082401992
5.2484107073937012e-17
6.285027600434983e-30
1.635602177465022e-97
0.0077088880729943117
1.2038139462138554e-07
0.046046814037933224
2.003561045497682e-09
2.5671063101266757e-05
2.645749632734192e-08
3.298335256841154e-20
1.1989247359923908e-22
2.1520645765954818e-11
3.503618133637432e-15
9.0885216300728339e-20
4.8277186889164621e-85
5.466017294278957e-12
1.3676823012560101e-11
2.7851333763332102e-10
7.7040547497322335e-20
1.477818183740117e-98
2.6270613492564979e-07
6.2392030037322843e-106
3.8321647745805301e-98
3.0971846436380785e-106
1.979563399680169e-229
3.2037948950387619e-13
1.430103004309955e-17
0.41482989004645837
6.5690385382199e-13
3.1572696267046569e-22
0.1761815337362736
0.21092784638073825
1.7307704986452096e-52
7.5307614091887727e-13
0.0069651008907379531
2.4863067776003859e-14
3.2191734809062961e-41
0.001845395720530526
4.9605300393993646e-49
1.7177916035220415e-39
3.3659262836932124e-151
0.0017981667945393771
3.5858387043242223e-30
4.5400208832048035e-31
3.4373781479554251e-152
3.8176245663107708e-132
4.650599339774401e-276
1.2677055916816114e-36
1.445103530418494e-12
5.8955486918322775e-14
1.3415466212485031e-44
1.673384963974941e-07
0.21792480415290846
0.018739095460879745
2.2988543965538514e-22
3.8316559877549588e-20
9.6824401497429087e-29
2.6192179996742763e-13
1.9767160547611575e-50
8.1030417735060058e-08
4.2892341965826338e-09
3.7042582757592074e-08
7.4737341890867149e-07
0.63386579182836766
1.1442258515998434e-07
7.4775893370530337e-37
4.0031514915477805e-11
2.2231210871380957e-56
1.4337144826228438e-104
1.2132303217405499e-20
3.1039813949916566e-11
6.7410593212482595e-08
5.2940623420345584e-05
4.8413086593716241e-12
5.1309154865865448e-06
6.2389769313479682e-31
1.2092716897860146e-17
0.73519662983241774
1.4610466160727529e-08
5.056607627671314e-13
1.5574862846805161e-05
0.011775350963395444
0.17785336248679781
1.2073643555187471e-27
1.096701319867752e-10
1.3748887288919053e-23
4.6794913577726056e-05
0.00021317449845714587
5.4833525206833961e-60
2.2961868848103383e-23
2.8843568872056523e-89
2.2113426825117664e-66
4.4557078186780671e-11
9.1608774750582682e-07
2.0187369439476767e-07
1.4519662639130805e-06
7.2803691648615407e-07
0.00015209536062273468
5.0435655027352856e-32
0.014894317783442976
0.00061961926231408654
2.7975358671475672e-18
6.7095988602577464e-43
2.0575459353036715e-14
8.6626562615436593e-96
1.765885313691821e-108
5.5109230541442063e-09
4.2117621782650895e-16
4.0307620311646474e-24
8.9254644362049678e-37
8.1185542335330236e-11
8.3097815929825008e-74
2.5782976147085179e-122
8.1540231814100898e-144
4.2490418224080746e-25
1.7441888871526605e-56
3.205112204574801e-113
1.310179231855795e-170
6.2712383221355446e-83
5.3405768193168565e-226
4.650599339774401e-276
0
0
0
2.379856418335737e-175
0
8.7095494511652804e-91
3.5325536011936217e-69
3.4760690090409304e-15
0
1.201369017394606e-98
2.9084547440668852e-22
0.50918719439385751
1.2755614433339532e-08
0.00097019500990864257
4.1767482210112885e-10
6.8087013027949431e-46
3.6163006415734878e-77
2.0950926956569889e-07
1.7008019856139902e-05
0.0032356846663926932
3.4866967921248801e-30
6.7326287244654978e-58
2.1852315632890285e-110
5.6885197938204204e-29
2.7622039225335001e-60
1.1080445016231118e-122
3.136723732591299e-40
1.14364712378584e-126
2.8865367283369521e-144
4.0487991721963131e-204
6.9655173816650615e-97
4.6193001259755921e-29
0.41351930112866242
2.7988868566375662e-27
2.7973313296179257e-51
5.044910197749206e-108
9.0033773021270972e-33
3.4009132675300967e-88
6.4525552425460565e-173
2.7970177314638157e-188
1.3513287089099357e-203
4.2293858085014093e-293
1.9221889627001476e-43
1.1948391115024273e-124
3.8561349627169917e-192
1.5199205396456112e-206
7.5214875088896077e-294
3.2174941688106572e-171
1.0834529583608264e-288
7.8249497749357307e-271
1.0588606627007378e-273
0
8.7851491471335231e-110
5.4200664303837641e-21
0.71208797842903948
3.1753107615225532e-18
2.5286020996185881e-05
9.3975484923836222e-80
5.6430106908535439e-108
9.6542326201117788e-177
0.28921809862983255
2.242155994136118e-71
1.2819632178687663e-123
6.4433165108047476e-236
1.1010154793584844e-71
1.3498605306914914e-245
1.2266270453080789e-242
0
1.3970714397928646e-15
5.1949944933004619e-161
1.2717546453530257e-221
0
0
0
0
0
6.2498552598302458e-270
2.1557575989979917e-27
4.6005251773088856e-29
1.9381785158864839e-17
2.9016903059277025e-117
1.0754020714150492e-73
1.5704264937915222e-10
2.5068106353205425e-18
0.033603456231520605
2.8643866680309985e-44
4.7132301759625573e-73
2.3363795103124333e-178
0.00014419496087786311
8.6957522821967249e-15
1.7389122246481191e-63
4.2323077970404591e-186
1.0271028539730278e-78
5.0892264896253835e-127
2.5177685657796046e-177
7.2018785287754393e-300
4.1953656714692484e-74
3.5266493278935958e-110
3.7541781717374907e-99
1.0750188076985785e-20
1.7365749052803728e-21
0.17736664539906744
8.4585695590704346e-08
9.8417094616337842e-20
4.2590632712903071e-55
3.8432817668815327e-48
3.5225495753289177e-11
3.0554227536227823e-30
2.4268341505552042e-12
2.2467016982434119e-67
1.7067366181630757e-70
9.5630565368703951e-183
1.2774063910334156e-100
1.9270593759243332e-30
1.1589650213311954e-146
4.870338031432238e-220
5.477641225358843e-168
1.4630278014420948e-294
1.309834890520432e-23
1.4614399438165675e-84
0.00027193372274039588
3.5130867353518119e-06
4.931827033166281e-26
3.9553259093114263e-27
3.5684654983797523e-99
1.5385595357372438e-86
1.306996853222389e-16
5.2359611629849566e-116
8.8928314213457106e-203
2.6058032081521957e-216
1.257847299682783e-168
8.3638233633328769e-291
3.9438943433350088e-125
2.5825382781405795e-06
4.7349094386851532e-63
5.1056586722034854e-109
4.4947270868571789e-172
1.3495717731113496e-133
2.1370105179160076e-268
0
3.389262763962685e-241
8.4117550595675146e-72
2.5076066669051381e-238
2.3470254020609403e-292
0
2.1090683740740007e-245
0
0
0
1.8595533131249859e-59
1.3760494124736227e-82
4.5054939689270353e-29
1.2624936821237034e-228
5.6853073397675739e-14
3.6819683063163622e-19
1.354407422121022e-14
1.6185102231336767e-266
2.163597588538878e-97
7.2953368790159462e-12
0.49107564244413293
5.175079498691989e-19
0.00019572348418146917
0.13252273777431026
7.6435079886924098e-30
6.470296689714505e-116
3.1383973580353063e-104
3.4124872795776122e-06
1.7591327364117689e-43
6.5750652794674816e-06
2.3696713508105271e-12
8.2622763635123753e-34
1.7515478563355057e-08
3.1757261071646478e-13
9.7136711150504549e-59
6.8156749824564358e-09
6.2863776247730061e-73
1.6161863436217518e-77
1.4896693532071074e-175
3.0525065384997325e-24
8.626607310910169e-23
0.030922521181881581
5.5261514559636355e-08
3.4219745994127021e-08
1.100334243707544e-73
5.6515801318241838e-16
1.0657274039410279e-51
5.8511241821520874e-121
4.0849209959953021e-132
1.2405047861685913e-105
2.9699217053070569e-235
8.8040723144856178e-06
5.1266336204760624e-63
1.0028124043762414e-119
4.3285886907315831e-96
5.6674268698834835e-204
6.7844923859763369e-86
1.5267658125871891e-204
3.0303214786393219e-197
8.4946770332132481e-173
5.1933681710935442e-311
2.897151601388276e-09
1.0423221715225466e-08
0.0023284345493390056
2.0972515986987212e-12
2.6118898120382376e-40
5.6639284758285387e-18
4.9093755334962232e-26
3.5580269312042686e-106
2.2058096848793854e-07
2.8099397930171172e-32
3.7642657367326994e-79
2.1351886173875364e-149
1.0651497914792597e-18
3.0611103551993417e-154
7.8928851291540896e-144
1.7926485768854293e-254
0.0042334439921371718
4.4478448612406593e-79
2.8615376820346072e-141
1.3937049867761537e-240
2.1379571407509522e-235
0
0
2.4332307818295116e-237
1.2091361969089221e-121
7.1558607069848393e-74
3.7645108169167594e-44
0.26190836908865134
4.4198688391292742e-28
2.995145774969004e-37
1.3462723221989367e-22
4.2040457387143974e-08
0.21907668006344241
3.3382693101165738e-27
4.2511915582883702e-35
6.0005609899476255e-110
7.189700829703129e-31
0.24202971065273873
6.4142093768816239e-22
5.8280893268456832e-103
8.6314511419185904e-58
1.0290784394522638e-84
2.841503860431861e-117
5.8011703107699041e-210
1.1968881537029311e-60
8.0165058403522051e-08
7.6039736207765571e-11
1.0546088864458165e-30
5.7938158829715178e-12
1.6403617976421743e-05
1.7632128442067986e-32
0.012532926951712381
0.0014501621990054812
7.0356731838810872e-15
6.2234232256911944e-22
7.5796950860545774e-08
0.00962803194364272
9.607274473665858e-33
5.1208680394955888e-46
2.0103935406355609e-109
4.2012475029635652e-87
3.9492303345958504e-13
1.4036870692071892e-92
4.7751038071118727e-142
1.4089959550785593e-125
9.1289798436487157e-224
3.151659080429358e-48
0.0016758252514441317
3.743481212219617e-09
0.0029983633752344234
3.380487764170526e-08
2.1238434872367167e-05
1.4270756131200371e-15
1.6364483321078618e-73
0.00011719922918719257
2.1393923918238315e-89
2.6177934007023351e-122
1.030838261386756e-148
5.9615224605025684e-114
2.7017414442885327e-194
3.865074403752726e-143
8.0462458592443222e-06
1.2838772895265664e-19
1.4660079673352859e-27
1.1599549147470452e-126
5.4932908398596922e-105
5.4670426913160068e-206
3.7597452957083947e-211
7.9431191533303756e-221
8.0124641050649074e-29
4.3879706762019896e-181
9.6313702953328748e-221
5.0770721821035158e-272
1.195669775213909e-198
0
0
1.9247804448849355e-06
0.00068333080668266522
1.5135482929077709e-05
1.1764983436982252e-38
6.8105354533245603e-33
0.36360911105305888
1.4260519947110141e-07
1.2398560647686453e-69
2.152728993062935e-83
5.0631041712510419e-08
0.0019506993976821036
0.0020051085036762641
4.7195684526018563e-15
0.63386579182836766
3.4210811229859736e-21
1.0036061819148198e-92
2.6573500152445244e-20
4.8401805747735512e-17
1.2943448636358427e-08
7.200605865069113e-05
8.0291532499575945e-11
0.011117313228951273
1.2649857977366693e-23
0.00065016367443227212
0.24798014742247915
0.57984781767314175
5.6037776179554922e-06
0.0859561343859893
1.7978770370033282e-21
2.3861978437852644e-108
2.0290203524935127e-36
8.0314893027342234e-08
1.4937516100472733e-14
0.15614550583317952
0.54988313026470448
3.4034971505853082e-14
0.0034560921607437326
6.6438225497855251e-24
8.6544177561060354e-05
2.4400298979284413e-24
0.0085486311656562067
5.0600508046993074e-35
0.87679750565943071
0.038878732866356305
9.8861604421861865e-20
4.2815814100480315e-12
8.4941711953317812e-08
0.00011822390480637027
5.3717938931000197e-09
1.6315901676910785e-05
6.1279122373101202e-24
2.2681810954303407e-120
1.1755896652686559e-37
3.648854549766868e-28
0.30938305900149965
5.5501756546384917e-26
0.061016468622725167
0.90984191060126429
4.2889393410508612e-21
2.1687759360751085e-11
0.2583899487308961
1.418937348196976e-11
3.2030064307176822e-96
0.0037721810039931182
1.433156978532389e-20
4.1836605707659722e-23
1.5077350280451058e-35
1.1238771829322414e-34
0.19425228778994114
0.019501584783872174
4.512592442633008e-18
3.4933397223323833e-08
7.2319263946586276e-12
2.5858397902737008e-141
1.9247804448849355e-06
1.632739395462208e-88
3.0579425058666382e-57
2.4470579772336154e-13
1.7155168300460485e-22
1.0285445689593427e-05
6.9129741416718348e-29
2.4108271348947055e-10
5.7748073872553836e-13
0.0033178672201979098
1.5750881021627294e-06
7.1107467920843021e-20
0.31779186067859644
1.2692134399200081e-14
3.1051113340369679e-09
0.0038011519108709008
0.45216357610118674
1.4794770973256681e-27
0.57085877873704138
2.9022296157893306e-08
3.6847279408862971e-05
1.9467608321106535e-12
0.00074964424830298976
0.0051353640610640556
3.0103236949957831e-29
7.2503546444324689e-15
1.0830751399596306e-24
6.0231666940517181e-12
9.8934084888781067e-15
0.24126780805163422
0.20254161118732311
3.246569256801655e-71
2.2245246625746424e-09
1.3545664825719799e-05
0.020515192138579691
0.013113755481983716
1.3446567137559605e-86
3.9321692303771256e-24
0.45481383894955618
1.5396296882562035e-39
9.674521652173514e-24
0.010064045695435784
7.9020897327405841e-23
0.01092558290522053
8.6719225035665581e-21
4.1536661861534109e-20
1.7230729060102158e-27
0.055807014465943834
2.4572900753173126e-18
0.49482970779565971
0.018437899513473063
1.8435399818224598e-23
0.3858897430739372
0.65901491763622966
7.4789402211980178e-15
0.011074430736568851
1.4391785133039015e-08
0.062127355848687435
4.1070223702465862e-50
2.8278200370961865e-21
1.5823749981666297e-31
0.00012235830218272568
2.2393336850235608e-28
0.36295844520062243
1.504402681369664e-07
0.00016528642678707015
1.2178132002763997e-79
1.3674624427758662e-40
5.8467162690496783e-50
1.1600260781007526e-12
5.7397086470350295e-92
1.3324652079945716e-37
2.0707216430268595e-112
2.5858397902737008e-141
0
1.1390116825363597e-55
3.1006892909492583e-51
1.9351657850103667e-40
1.8307142125255934e-21
2.6373108885281373e-12
0.41654738377241551
2.2430896844333401e-92
1.0619480676506341e-06
0.00035430289209744954
0.0061380821769440258
1.8881976496848319e-07
1.6393166115201326e-14
0.066688356017403194
1.9653770920485217e-13
4.1377503750892073e-99
0.35759647768446112
2.9709898159580182e-09
3.1252186947778704e-07
0.0010653402528129161
3.0767535885309534e-06
1.3951872180466479e-05
2.5207632958260329e-14
7.7438721152558131e-09
0.0028943349305072994
9.307737221642745e-11
5.6978269542020101e-05
0.6345772901945772
8.056530071059564e-15
2.8057544593006111e-81
0.0037059082716765696
8.4152578091942611e-08
0.3806954037074482
4.1904883913893007e-45
5.5818386095529037e-17
7.0594198893827411e-07
1.735583234182859e-14
5.3246064509613065e-12
0.00024976341344323951
4.2388596452630261e-17
0.0017284524369168561
2.738179843917059e-18
3.6730555077878753e-28
0.17855834889014341
2.9402219476315725e-17
0.0016167304462461312
1.1706934757763746e-16
2.1824491300143894e-11
7.3024166234177666e-12
1.9851211133346225e-11
1.2862895245259731e-81
6.1423613057055801e-128
8.297535828215542e-10
2.1605583641001154e-08
2.5280482051704419e-10
4.2040457387143815e-08
2.4908287443996253e-33
1.3413132387928592e-12
4.5868629559845705e-30
3.9240331091229334e-23
8.0363309705394889e-10
0.19483508285902931
2.9579394738555328e-34
0.0051764529807617754
5.0785309529402961e-39
1.4014460664976071e-05
1.4420378012687974e-06
6.0170135016364848e-31
0.00051392425880906296
0.005756288382544013
2.3607132736676155e-09
1.6744330960824819e-38
3.0230747928458097e-47
1.602487323036345e-231
0
4.7167773875111883e-06
6.8576833625227559e-15
7.0638321425912811e-11
4.952411879994378e-10
0.49992900760756342
8.5417624828788409e-19
0.56190726092301646
0.00090965043944568928
8.710931658411497e-09
0.22966223318737827
0.0049741321897146034
3.271262029103225e-08
0.15003343427220683
0.042801990586090764
2.4901728556366568e-21
0.0057998536435526623
1.2606026112233297e-07
0.016373464046598493
0.26449669863831438
3.0199975622121466e-07
7.5688353508313124e-21
1.0371009591572022e-120
0.088946262890656602
0.0066825808828606731
0.0092713300131399921
6.8065173026635404e-23
5.248904586954057e-08
1.4615116906602704e-71
1.6482897678156423e-25
5.0599666428670509e-24
1.4682819769902148e-34
0.0018272631443930526
6.3307640692209087e-09
7.0449737184477668e-12
0.45832450891955034
1.3953105263884085e-06
2.0043057644396808e-05
0.49173718739144223
2.1123786877653076e-26
0.32861390376491978
3.3176365462923827e-08
0.13710738682927079
3.1907355956211851e-30
3.2445701987702021e-07
1.3473612369496853e-07
6.6756894916573499e-13
0.96907159090923189
1.4657290794885044e-07
3.7092627369461513e-05
0.47196328763165529
2.9922199685618274e-30
0.33605702606059351
6.2424433354568543e-25
0.00074775491436584486
1.004258425430779e-09
6.0510605955286018e-06
5.8173652634860158e-29
3.8521437446231083e-43
1.5262455107027696e-07
2.7937713720439618e-11
2.1726396608511249e-05
6.052687477854393e-49
2.0314970535121958e-21
1.2826251705245089e-27
5.041109262991024e-57
3.1235868405695756e-68
1.9046627257094445e-14
7.6262235925778195e-79
1.0211385858557533e-59
1.3213749871708184e-103
5.33694016589469e-74
3.9702297260540386e-146
1.602487323036345e-231
2.0341389049962503e-16
1.4143624251862347e-13
3.5118303743335385e-56
1.1508891025278437e-173
0
6.251606190683674e-72
3.5246010682500961e-09
0
0
3.3017140150942797e-310
6.0693077274679899e-84
1.4283274236849353e-85
0.017284878643086841
0.08432457535512515
0.0011857451668993576
0
0
4.928366799288148e-119
2.2172388222377212e-300
1.9988262651257967e-264
1.7896886390783331e-78
3.0940330895485752e-18
1.7803257269215786e-71
0.17377788116365689
3.3306069680274979e-23
0.0011867323470295165
3.494627356869239e-09
4.2401524896241771e-07
1.1747663969642241e-16
0
0
1.3709599853459228e-150
0
5.4108952706811053e-114
0.0045774605724168823
2.9626188932087637e-299
4.5965122346090195e-224
1.7806473424362604e-49
3.2083691902765012e-37
1.4156569700992831e-16
1.8097332607058627e-24
7.3859885375937682e-59
3.4900446669022757e-22
0.48503047278754563
1.3122384263104398e-32
1.2046327668899381e-212
1.4847181146488131e-05
7.8896272339859404e-19
2.9303395548933553e-05
5.4152125088067495e-09
7.2236898755591652e-08
0
3.19238889327768e-309
2.9112025219000666e-301
2.4109594798545184e-109
1.0271717886278401e-293
3.9667247938521776e-253
5.2999127044977649e-53
0.11839924427322897
5.2219510548637702e-243
6.1941265317030263e-234
2.5288647333844469e-166
1.5040775419151517e-37
1.0265083504707698e-20
4.1872354783203098e-46
1.0398769575354385e-43
7.2740492559756466e-66
2.6747411996926865e-15
9.4693444977694211e-06
4.3614888663885167e-15
1.0623290867609173e-175
7.2919779573935714e-11
6.6714714514867756e-63
3.5082890108942985e-18
1.7748801129016107e-16
0
5.5513517763474155e-278
3.0057155916078845e-276
3.5053658248856911e-29
5.2884974299764841e-09
4.6056971782337708e-189
2.2008887528229417e-310
1.1932112617084062e-304
0.040752803659914467
8.748025835543877e-238
3.0843264790879333e-180
0.0001735693139383867
4.609797332844611e-48
4.1088270578536124e-11
0.62521344052792693
0.44962696431423765
7.2387900853715244e-236
0.094355512247076265
0.51671243906697295
0.00011432663047679733
0.0044885585841090356
6.2258462030363942e-53
5.9002782699076577e-303
1.3256621501967595e-302
8.0118308870478793e-311
8.2561521918185087e-202
4.7366470855948939e-264
1.8767465081352273e-272
2.0655751155965002e-219
9.7964483526697897e-15
0.73922591700380702
1.5689607066468856e-205
5.8130695710022959e-240
1.1446980437278364e-229
1.0969792262367953e-197
4.1997498999914359e-115
2.8677298222363347e-22
1.9812086479464129e-05
9.0287633784897759e-14
1.4375059906384776e-14
4.4409166109975422e-16
1.7312869302237995e-38
7.8189145212941879e-37
8.4318874901964784e-06
2.4343882417755729e-29
5.1524691842061845e-20
3.5364328550824915e-21
1.4806823275533539e-11
0.47912914741181045
2.9352751056029527e-149
0.032084490084847921
0.0042148012263854926
0.72524893783698108
2.9968488632799104e-138
1.117654315830285e-128
2.3175809824623394e-179
1.0618186560255272e-138
8.4777018054382745e-10
7.3060386586420578e-11
1.9486411024962445e-06
1.1892123501648671e-71
0.00041521103924046273
0.16322089962486319
3.1828386659017759e-127
1.7166819883001516e-72
9.1760175018449089e-14
5.0753641199263267e-11
0.0049464233711833212
1.6868509279175366e-97
1.2885327551869419e-20
2.9728397230968296e-07
6.3940041862183864e-27
3.5082890108942985e-18
2.3035324708875679e-21
2.9601175452725078e-16
0.00026833922281986773
1.389260532899224e-43
1.4475970508663438e-30
0.0083340862472624649
2.8609068023921787e-06
1.9282062637228618e-49
1.0090933206366109e-27
1.0436697033503965e-15
1.8182252339944863e-13
1.7982222119722644e-06
2.0394141468198134e-14
0.00023781443867527046
2.4673043505626952e-12
2.2489552192134671e-60
3.3278313981222584e-21
3.846173027652774e-42
1.2040514374910398e-06
2.0497205941670903e-37
1.8956448131196843e-05
0.21818035919724862
4.2869069868177294e-20
1.8238546403303611e-06
0.0026868150208921248
5.9970757739435019e-19
0.37954710333375957
1.0850113060696804e-18
3.6195583413251126e-31
6.1359754757116488e-112
0.01017004517304498
3.9802264749252811e-13
0.061740750714136865
3.4606677604603511e-15
0.0040294453471609688
2.5782590476456643e-08
3.2838009414380085e-25
4.6808492079231973e-29
7.5023250539566375e-10
9.5243685301341762e-16
5.8695950659638562e-19
8.8856632844047242e-88
6.7687499454584371e-05
1.7681724927425969e-05
2.1150740945637275e-13
1.0772982210987992e-31
1.775779562935503e-111
1.1719329515398114e-14
6.0581856416754201e-103
3.5886166063644332e-101
2.0459897785866549e-92
9.293859918465439e-242
4.2629059035506297e-12
4.0706623145481275e-12
0.26673061346171301
2.8048322223158489e-26
4.4191080261040134e-18
0.032686601125733426
0.099790706025758305
3.6350426816022873e-46
3.448841019171127e-07
7.8132789181688969e-08
1.7219768940380823e-14
2.5433261355278594e-34
0.0046848899334856892
1.9807434791913445e-49
6.4692278574112742e-39
1.8128746722806234e-150
0.23919935749434504
3.5707637271578179e-23
3.9956999091203028e-27
1.1142758688971187e-144
5.0456416238372745e-131
3.9404211018835039e-287
1.8215331345120757e-21
1.3763168507188367e-11
1.2981188049560585e-07
2.5957402146551694e-44
4.483454160593182e-05
0.22635290719256243
0.25339543000288395
1.1508566517823001e-35
8.2875203221071005e-25
9.6410615954316725e-25
1.1404012427424771e-05
2.0850302592157103e-51
0.00511289943012142
3.947916324825124e-05
8.3158080813125541e-12
3.1344997412879668e-08
0.35319861481688997
1.7447994996492727e-12
1.2882257590587408e-35
7.0984977384315363e-07
8.8069668194207119e-57
7.4967927091743128e-91
4.7643534638843582e-12
5.2234623520154097e-07
0.00024508322483084041
2.5943196936692116e-06
3.402516956074858e-05
0.0026006990877039306
7.4701291878892261e-31
1.9530394929116053e-14
0.49759820422888923
2.588695710690899e-09
5.4464705223539648e-06
2.4033381358950368e-12
1.2363166239696976e-09
0.044674777866373666
2.2987157364872288e-24
1.9262598077730261e-08
2.2492620828493413e-34
0.013179291107772471
1.5200359853483364e-08
1.5687949167539252e-57
2.5036487473842023e-16
2.2012569869515934e-97
1.2238590366631472e-62
1.818598256537629e-05
8.1185542335330508e-11
5.5558678410024794e-06
3.0219697508255749e-12
1.9749028553787477e-08
0.0018930521792396616
2.3266606032520144e-14
2.1902260012376521e-08
2.1050047599460821e-05
2.1373052556556452e-21
1.9630992953699299e-47
8.6624139887747446e-13
8.2888468426055727e-89
8.3752303459360322e-95
1.6168897885702971e-14
6.5314745157275724e-22
1.3206261009522858e-13
1.7450166887175739e-36
2.1818920120125069e-10
6.690812521696831e-81
3.9906016897710918e-118
3.9336340975763918e-150
1.0111695847508486e-26
3.2259762302124729e-60
5.0075915851065769e-112
7.2044628143217826e-198
6.1769415241822382e-82
8.8568173505140674e-231
3.9404211018835039e-287
0
0
6.1990738213719165e-269
6.1092620903305216e-156
0
7.2992666467986341e-82
1.7447482600111104e-46
2.1908996302883196e-23
0
7.9943696969807347e-91
2.2192077038415877e-22
0.045380225507913645
1.9558278622146119e-15
6.1238516388266239e-05
1.6061906667921835e-12
2.6266919778761544e-34
1.2850342328848156e-92
2.3512983546144518e-12
1.9092216109999551e-05
0.0065908809970673925
2.2486506735981473e-35
2.0247118417304007e-55
1.5862959857047087e-100
1.6809285758226724e-24
9.3102977479938758e-60
1.9159737180796584e-126
1.0139904225350162e-30
9.238950960636632e-143
4.4106998069559317e-155
5.6283917597787222e-205
1.8212135545307333e-100
4.6927792040445379e-29
0.59580411054137361
1.0344984939534852e-21
7.0555163636305725e-46
9.0323965867985809e-104
9.6775264610265393e-32
1.9331207325385118e-76
5.5154014135892599e-187
5.8727360187314407e-206
1.0219573945356836e-226
1.7743637965307844e-286
1.0934509701325435e-45
5.215360195806377e-119
5.6083695701940232e-192
5.2043626715738277e-209
6.8457105874608614e-296
1.311926538386746e-190
1.5367355381204301e-293
7.3878190096617312e-276
3.3622094261760763e-284
0
1.2262677505115376e-106
1.5675350848041354e-18
0.20026381531692308
6.5770320591606654e-24
0.0038956258190747267
1.1588332598159893e-80
9.6293033897907031e-89
3.3427548378298179e-180
0.011644430360534112
2.0671248480863551e-75
1.0471696654888407e-125
2.2070865866945144e-242
1.8281532166596151e-79
6.9044314741539337e-264
4.0951054010244344e-257
0
5.8061166843978763e-21
5.0422400824808032e-147
5.6668190860232525e-225
0
0
0
0
0
1.9627247945518988e-258
1.5307250923851186e-31
4.0631975352443849e-22
1.0821018158071704e-06
5.6608911326056626e-127
1.302504611419689e-86
1.3967097526044179e-10
7.8089431104474815e-20
0.028494904226904514
1.121747744143407e-40
7.3835116724595853e-65
4.7391772624376413e-173
0.071135906288648576
9.6566605134505497e-17
1.0602718296137183e-61
3.8097646699759777e-197
6.4506260418112673e-51
2.120379374130594e-154
1.1531790465366772e-183
1.6231017828279623e-286
8.3480033368108857e-108
4.952265110669993e-118
5.1475082403521871e-67
1.6780596555469671e-31
8.6148800187842276e-17
0.34093414378825637
2.6795134611688128e-06
5.5584050982163714e-14
9.5621045707332502e-71
2.8795652604443752e-51
6.228239989778749e-12
1.4508490089628876e-38
1.8198876758912527e-10
1.7409094183276107e-78
7.2831162448981573e-78
1.399353651259279e-177
2.051891006731921e-104
1.6399365334819461e-35
9.3606362660440883e-159
2.978070578018545e-218
1.2827964552798193e-169
2.7109757060773197e-295
2.3981415927938785e-10
2.3218024929650636e-92
3.1733045121846104e-06
1.0231564135145003e-07
1.8060307483456014e-21
2.7898339390941705e-24
2.3505527128012893e-113
2.8888802562994411e-89
8.0738117110179026e-14
8.314585489575602e-129
6.6030129259155886e-216
1.5340020300784025e-227
2.4257989423052917e-181
1.7221224753083134e-284
1.2665178729416119e-114
2.2613901637662895e-08
5.3859009695035517e-56
6.8392337584955049e-135
1.2498089800696165e-176
4.1419276673532407e-151
2.7479331159720703e-274
4.2750804582241429e-300
1.3144918080161436e-226
4.7401825331161621e-71
2.8463618656397504e-221
1.3134458920108664e-289
0
4.1755424308655092e-238
0
0
0
1.7657097977308107e-57
1.3805244801218701e-64
1.4439577544623945e-52
1.8335436780932036e-232
1.858487671556713e-09
2.7352780524903404e-12
7.6514273462856567e-32
1.4725253985706793e-303
5.1211770286547398e-80
6.3769138620941672e-16
1.6804145722089161e-05
2.9597046377431915e-27
4.2822681715188509e-05
0.0081278933161379116
8.3411454028755753e-32
1.4790143066811192e-106
1.0598911295002883e-107
6.1477204509882592e-09
1.2384283370731495e-19
1.2727851490312481e-09
3.1827139772556348e-09
1.0027738338667231e-39
3.8195434335644955e-15
3.8243613487230812e-23
8.4532380189916113e-54
5.6295996026907105e-09
1.2762630418433165e-81
1.4516979599589414e-87
7.3366493737252494e-176
1.3329591411382818e-41
1.6018984331525706e-22
0.0076126520823976817
3.1948230172150369e-09
5.5133451310163788e-06
5.0769287848577397e-69
1.6144719304337435e-21
7.9337925391669735e-48
9.3748378206455098e-131
1.7320494601873073e-151
1.632142419815077e-115
2.5793474775467065e-226
0.034083205769748263
2.3457476979515797e-55
3.1818795784440041e-123
1.2379568104923416e-91
2.5409472440597438e-205
3.1323837356148314e-90
6.3668468179396677e-209
7.2413323060328047e-206
1.5643788515824851e-177
1.3984822403375086e-304
2.0934725421892541e-16
9.2024427537956128e-12
0.71815603433596586
4.9476763323680626e-10
7.4877987214928398e-48
1.6011223896957288e-17
2.5516468672856341e-31
1.1047705147837817e-104
3.2314260169221241e-09
1.3385804357836992e-45
2.0150197076858744e-70
1.599875653897103e-146
1.334133171012885e-18
4.9180852655164127e-168
6.4097258958295517e-162
3.2985414156457796e-256
1.5714737909186875e-05
7.1290932190436541e-78
3.02019767642078e-148
2.722262880619859e-246
2.3146814667858499e-240
0
0
2.1280184597153138e-268
1.035343147136712e-136
6.9336199824465346e-88
3.5958823773844103e-47
0.087939402474053879
5.7557811405352592e-24
4.4066455345312505e-43
3.6821627853467181e-30
1.4627509849583216e-09
0.85655444815918391
7.0791099110869741e-36
5.801229437906738e-32
9.877964020006351e-114
1.5475042794323462e-20
0.016890360634065869
1.9122848701852543e-24
1.3321098838893952e-109
2.4489534861737984e-63
4.5025493948923466e-105
4.8622532706193793e-127
1.5983017449759757e-204
1.088061371235089e-33
9.7771445453297402e-12
1.2925559545248003e-12
3.0389103068586544e-27
2.0312407836666877e-06
0.00017469905568900059
1.1866532384929832e-49
2.7825279545208627e-09
0.04122314502869822
2.7653352110647368e-13
2.2971098174109544e-14
3.9287651960043723e-05
0.38531041936048582
8.6787395217926775e-40
8.5645155640431035e-53
1.248320848196986e-105
1.8319551520550075e-89
2.0565344061066735e-14
2.0593386915607743e-91
3.7119619201063731e-154
3.8237543141671599e-125
6.8474531452946536e-210
9.7623052723940897e-54
8.3861232671705798e-05
6.1193440638299431e-08
0.15854028009017002
0.00011358227700422682
0.0010411678234384834
5.2246790424876407e-18
5.681638742078403e-71
6.6434033910908021e-07
1.6225384418577224e-88
2.9460028097483855e-128
2.0307016718434053e-147
3.210623321660937e-118
5.456843360247779e-221
1.9748278390283525e-146
8.6494148889281529e-09
2.756280254450816e-16
1.9066464572308541e-26
1.7130787184376172e-112
4.8526749147124878e-112
1.7917423708769314e-203
1.8289770695815544e-231
4.5280502872093819e-225
7.7090382012647776e-25
4.126181699213687e-174
2.7588014241638826e-217
1.2957064372445914e-278
1.2306655711027309e-208
0
0
0.25103301848443715
6.0654516702321792e-10
0.0045976506111571136
7.3375274934631036e-41
9.3828589178493773e-42
0.26509102306224047
2.5564846805065594e-12
2.7805244773096454e-80
2.4944524045795046e-74
9.7200771020392835e-08
0.20140010728407692
0.0014441705339066728
1.3185820729361263e-15
0.35438614960687842
3.2443482542308482e-17
4.6576403949143263e-91
3.8282426672242015e-10
1.6079825491191809e-13
0.00016643515624760081
8.669721743251123e-07
2.4424114813969789e-05
0.87544583982578739
1.5771095574428183e-19
0.37393318589605468
0.75963310130361417
0.1988952594353659
0.0010031822098311234
0.23961194049893658
2.9417213810167607e-27
3.0745706944349688e-106
3.8138950311310775e-15
1.5129409072745901e-19
6.1506305558368772e-09
0.00025994635863892465
0.023414453315224095
1.2944489643877738e-14
0.035151014917985356
2.2741396258466303e-16
0.0027881365495427855
1.9272643329548512e-18
0.019297369274100716
2.3131505997889664e-26
0.010478236348844466
0.50393569325893428
2.2509314551621e-20
2.2735614247719003e-19
0.001891496356264302
0.0022822536008247473
0.042512211374276895
0.0021054049645137254
1.4941988641251253e-18
3.2841396004662183e-130
4.1474775270093037e-45
1.0748128371708782e-21
0.4788022987536209
9.6511893675831254e-22
0.39985631816603506
0.073033672429120303
4.013760230000753e-29
7.6498232299402645e-14
0.0096655434574465949
0.0073625946234114181
8.1223549697313081e-73
0.0058483742209401697
4.4752687910847571e-24
1.4094545848883166e-25
6.8413722175050064e-24
1.2810553647653545e-21
0.68222309649335644
0.033738128812241697
1.6075584952896928e-22
5.6725644313304123e-06
2.3889563880587557e-07
1.4193476577548572e-152
0.25103301848443715
1.3203416673965305e-79
2.3214875790839661e-70
8.8395771332545995e-12
1.1380488128492002e-16
0.00029514664516611859
2.6309434909959476e-33
9.7939563572110998e-06
5.211677287223591e-18
1.3756572643348715e-06
2.4779699048257463e-09
2.1106131706437214e-21
0.067822606117584588
1.6719534088712647e-17
3.5531445281256192e-09
0.011325366270143584
0.8468593627704154
1.1560410844107212e-18
0.015407798116291853
1.5157538462573323e-12
4.6258501610331402e-06
3.1700068541101119e-08
0.00030439282646860884
6.2430991691690636e-07
1.5302970775520964e-16
1.8597825945821761e-17
1.3799175206221781e-15
2.3869051955647145e-14
4.2383005597825384e-25
0.085985008298434237
0.0036129756026741576
1.9733499041897946e-53
7.4394655007297264e-13
5.7894736720211558e-18
0.081062126667963294
0.059404722324104389
1.8990724602008578e-80
7.0837886243544225e-18
0.9718308801240616
3.1005561459986087e-29
2.2121916826395022e-11
0.0045792924868477032
2.2036211851443988e-30
0.011391141765211301
4.5189633364937322e-21
1.0467098443876781e-17
1.1150128966495219e-21
0.27896220216300227
1.3272309089568605e-17
0.4747799639902831
0.0011051598779476422
1.7402795741186172e-33
0.22425475564769759
0.45832450891955034
2.7851265645701503e-17
2.2685250582715927e-05
4.9217113382671353e-10
0.12856343319141864
1.812955988498967e-66
2.2382932815102338e-22
1.636931200018033e-28
0.011147425293409719
2.6086597995001303e-22
0.98913412459991978
1.0722237592429962e-06
0.0014411837536639448
1.9486078177753323e-85
2.2530438647740574e-28
1.640190564222259e-48
2.2517772480014827e-13
2.7158718342985964e-79
2.6686093885901314e-32
5.3608455610576722e-113
1.4193476577548572e-152
0
6.8311218409747457e-58
8.7972252553646051e-59
4.1319637656240159e-34
2.995524536682931e-16
2.9824885279818528e-07
0.15551530239400252
2.7894895202318236e-77
2.0911825548548084e-09
0.042148768969560733
2.3054045454556546e-08
3.2153882882118985e-06
9.978225587942928e-13
0.051187655758916831
2.7744730567132867e-10
9.6111017651465675e-103
3.5003250338768978e-05
4.3259890783345656e-09
6.1324960649225102e-10
5.4023343394549999e-06
2.3000416122318732e-05
0.012586017964219591
3.127959345130373e-13
4.9044667040976718e-08
0.0041760769377577056
2.684394768397708e-06
9.3056308814525301e-05
0.44888853761346514
9.6435142164015688e-10
1.7801722431515986e-79
1.9274172587288326e-06
2.8453369280481634e-06
0.17393727325600147
3.2970042017614275e-43
1.1682257000511423e-18
7.6838861302326101e-12
1.6433744940911755e-12
4.3190516050450222e-10
7.2969158614892109e-06
1.7469405968633827e-16
0.47045001195668656
7.8414163069546579e-18
2.4652921274886309e-28
0.27680548097439167
4.8061906448349479e-13
0.00013622461521980414
2.156733884838201e-15
9.5206379171478144e-11
1.3910048180243652e-13
9.3579610522551211e-10
1.0468638020193651e-70
8.9144363581676079e-131
5.8760134123008408e-06
3.2922382902529496e-06
1.2423502404664226e-21
5.3609754472031147e-06
6.8051134063394525e-36
5.0452831251179393e-12
2.5663660233158558e-28
2.4418973918636996e-25
1.3963458972499592e-17
0.14435248343735313
4.15713282083692e-27
0.06240793985657396
1.9974253121411576e-46
0.0025711960747210392
1.0668290123251559e-06
3.6358893404860884e-28
4.1867748789530501e-09
0.18184212708426026
0.0010982712325695054
3.2598200199334793e-37
3.2987035647315699e-43
2.4826270489306389e-230
0
1.4808051430210492e-06
0.026775336282210731
3.0809094212963011e-13
1.2199959001363112e-11
0.16126504665239869
3.6537516917453399e-16
0.29771686655723206
0.013454870198656906
4.0429487644135664e-13
0.29256409830743657
0.37583025765672645
5.1040229650084308e-05
0.10664867225936095
0.0049622386919614238
3.2881845674566261e-17
0.24209906697871569
8.6821441652148773e-06
0.30896680861237213
0.0016709937311388293
0.00015381909690509313
3.8100346531872252e-26
9.6902935933613332e-118
0.00099234302015488137
0.39034920335850881
2.2745915509481464e-05
5.5117912542009526e-29
0.0012011368707882811
9.6480576894580925e-79
8.9032228135567742e-18
2.4481792856123912e-23
1.0320440321316834e-40
0.019693041653220354
2.2232720144904609e-07
0.00010478509761676896
0.33570419320081568
4.6203074124475976e-07
0.00019162632661024503
0.0036056973738927325
9.5465475696881464e-23
0.13982565663321664
2.4811221760628361e-06
0.0028384468947038489
4.2581813511583618e-23
4.2315496632319026e-11
1.4283668910561501e-08
2.1877309050210943e-11
0.062364698148110603
0.00015052109357634514
0.068737840562858282
0.081584110208048136
1.5198586751578334e-27
0.60770838795995208
4.5988742580163183e-18
8.9899089757425668e-05
1.3015386897025412e-06
0.00048182975000978824
4.2183708970430231e-31
7.0408460802192806e-52
0.006622183766200389
2.5737120211328317e-15
8.541615853512937e-05
5.0136482873842203e-46
1.0330908248943404e-16
3.4355866520901886e-18
1.7490964773871403e-59
3.820096558393754e-109
1.1944395014101668e-13
1.199811698817534e-67
6.9489044963482901e-50
9.7448955917322311e-123
4.1581937644341485e-63
8.7775211862604129e-155
2.4826270489306389e-230
6.6684964679188081e-05
2.4997868498187301e-14
1.0806131163654308e-46
1.5755940000555842e-188
0
3.5828031658521693e-64
6.478509546339654e-08
0
0
1.0254055118301136e-302
4.074786945868216e-72
4.6752888200686658e-84
0.0090818136767236921
0.040316379319625624
0.00033046174623013947
0
0
3.7291748119573399e-136
8.299605284787745e-298
3.2083000271184373e-273
1.4336289636218611e-72
7.3567965272458815e-17
2.4333742508766585e-66
0.71640758557186501
2.8024053623755725e-28
0.00029300407801284003
8.8477431928546308e-06
1.6960875823345913e-07
2.8513241417174889e-10
0
0
2.3989669818988822e-138
0
5.3663252619308643e-124
0.0023523446377136268
7.1836983283393383e-287
1.4101369493451161e-228
1.2599146371182661e-39
3.3077877265456719e-36
6.2760527264914046e-19
1.0089883445391461e-28
6.6405286804814731e-62
1.9180391707173754e-27
0.8881569311538704
2.8282109345396073e-39
6.5209400156495033e-183
0.0033610713899320356
1.819785794278133e-18
0.0027054678675685001
8.1803221732345873e-09
9.3831787284560125e-05
0
0
2.0479721282595441e-286
2.0278836203408537e-102
3.9208180625262737e-283
5.7432867298458279e-244
5.8177168963452811e-59
0.001956316075591916
5.1742206713618914e-239
1.8296819196888932e-222
4.5559567472946053e-166
1.3451822080474947e-34
3.3768505659254386e-14
5.0148016064320941e-48
6.6093837687780537e-51
3.2731207168283761e-75
1.0109078650169257e-23
1.1016747073974905e-05
9.9557053556968728e-20
2.9000821017073855e-175
1.1218275080210522e-13
3.7765654571255067e-46
2.9810421521989549e-21
6.6684964679188081e-05
0
3.5993073334630818e-274
6.0523397371394623e-284
2.4357220546813279e-25
2.4939928599548702e-05
6.380542519445666e-187
0
5.5037094605978246e-298
0.10168532850402784
7.8243279652479699e-252
1.5063327209914849e-181
4.8091991169374729e-05
3.1635393216357703e-39
1.625845149717858e-09
0.01601087376666651
0.13294555160000907
2.8213134027349015e-234
0.023431879703726254
0.059528903823861432
0.00073465933635628844
0.057209507712022094
3.9794904081264189e-50
2.6019268279196856e-280
4.4068314491546313e-299
6.9879506252610346e-296
1.1343338782196063e-217
2.4149409684535949e-270
2.5207124100988143e-246
7.6506887801804441e-225
4.1644707391952501e-07
0.16889662777873998
1.4684426210339201e-207
1.1800969245930199e-248
8.9094232376933662e-220
6.0779264277285402e-202
9.883635191054511e-110
1.3462617419151932e-43
0.034145171787863811
4.0409738470267441e-13
1.4890274975683997e-15
5.4538130307499185e-09
9.2307990591988335e-38
8.2961816052838876e-43
1.0619480676506341e-06
5.6471214346739941e-30
4.3101666506237381e-13
6.554523588462943e-22
5.7309459076163836e-11
0.20783541329416849
6.7267941503512596e-170
0.0046438573656126057
0.02267656085506034
0.4460463575484388
2.438107300982808e-151
1.5322363312973469e-112
3.8278363845435307e-192
3.8737928894019313e-141
4.291364019804605e-07
1.0398416308929884e-09
0.00057617501158252797
2.154916111399179e-84
4.5452074646247237e-05
0.13481974441068731
5.8507331038970014e-142
3.274826656732204e-75
8.9978350523541065e-16
3.9526774472449273e-07
5.2210545273405794e-07
9.2283574635598702e-96
3.9786331793342366e-19
0.0003718129571557601
1.4375542984210232e-31
2.9810421521989549e-21
3.695215727427024e-36
6.3966794322417452e-12
6.7450683749116368e-07
2.0588031274866731e-24
1.4009505173327222e-22
0.00015972789518610379
3.0227691205799418e-05
4.2117350043210586e-40
3.1254569173127893e-23
1.1172988761332177e-12
4.3705576228184831e-11
5.1925525232037816e-10
4.4532040009703551e-06
2.1552922773581745e-05
1.6069248454592712e-08
4.6474838122842719e-54
3.9220540316943887e-23
2.7201185719674825e-48
6.3390727254479822e-06
1.3663010621167534e-60
5.3247427890383775e-06
0.072190131924763146
3.7159540839447612e-23
0.00021244065173389254
0.00063070547062903288
7.8084083042973055e-17
0.003512362157507555
1.5779552757001182e-24
2.8856439799998061e-31
4.3540643827708279e-91
0.00019690983456167193
1.0718489734101081e-13
0.46120720457297681
8.0621930928628277e-16
0.15140015057900791
1.0103592871066695e-07
1.464327259049312e-38
2.6122670546077799e-31
4.2973124171279207e-07
4.0429852573786753e-10
5.8230573279034559e-24
2.8068530260750861e-99
5.953984970072562e-05
4.5931849057014055e-11
1.9543787768597344e-18
1.5907756936790764e-24
9.003276134936152e-105
3.2623226177378424e-10
7.1819466316053069e-100
8.3322529287736463e-89
7.4491228754030958e-103
1.0165895743833986e-226
1.7943461487279821e-17
5.0439273369360815e-17
0.060341872039378693
2.2028979465615159e-12
3.0425738346741837e-20
0.084922426246331728
0.00040959140651681061
6.8462413707769923e-47
8.7688709234490496e-15
0.0079172822489932283
1.2611180883313179e-14
9.2702312065260132e-35
4.7001760123531195e-05
6.2601256185307887e-42
6.5592111021145365e-43
4.0641744801644416e-145
0.00044940320146328222
2.043443048272439e-30
8.6287735054714817e-28
6.4903509528203972e-140
1.868646976246164e-128
6.4219042147682755e-269
3.0176838871105413e-36
2.743270461559291e-12
4.643820630226476e-07
2.9397701705645732e-56
0.00041239183823882635
0.33942156527599082
0.22734173398416063
7.4444491414774615e-22
6.7722822004198714e-23
7.4546324331443119e-26
4.0726402027995193e-12
1.701875834856688e-57
2.7755987219914462e-08
5.7530082616204855e-08
9.5243272376465273e-14
1.8930097438486222e-08
0.75748419121786281
2.3636466084417278e-11
2.650480820961315e-29
1.7313385338087599e-06
5.1297667216420372e-56
1.3118143596597602e-85
2.6067449887178214e-25
2.3491876020420878e-10
5.2435107629003305e-06
0.0046792740418303558
2.3223365571567434e-07
0.00051567024484000664
2.206994608392817e-30
3.6683104189357498e-13
0.27237752585732949
5.0319739502019735e-13
4.1220548539524449e-14
4.0471770610683273e-06
1.907017516225483e-11
0.0073915984512523064
5.213087006923109e-24
7.423825920934095e-12
7.8073176998992247e-36
0.13784817533262639
1.4913739666504819e-05
7.9192122683215257e-54
2.5005664663242203e-18
1.5287522578899385e-88
1.5893178981662454e-58
1.9954475723664806e-07
5.177536213995915e-06
4.0692517432575278e-06
3.4126919064484605e-09
2.805666856714964e-07
0.00061570630721453261
2.7554836691582681e-26
4.3132148610246422e-07
0.00014097768712996803
1.9654956683778046e-22
5.2845966863058854e-42
1.6989975325411064e-15
4.2716486305027517e-84
8.7551888664776725e-109
3.2595051976862733e-06
3.7582211310085411e-19
1.1713605188363643e-11
4.6071068072296415e-49
2.6068323352068592e-10
2.8085328597463578e-73
4.6071234511650456e-120
1.7926105022852384e-145
7.8149239830283216e-23
2.8169670993621962e-69
8.5257849248434784e-103
6.7718080818901189e-169
2.2916345305476204e-81
9.3798053498756059e-218
6.4219042147682755e-269
0
0
1.5603429496508148e-255
9.1762787039935408e-137
0
3.4413400725251961e-79
9.8208843533042674e-61
1.8809686241431106e-20
0
1.5552375092830316e-106
7.423170635604499e-19
0.45047166625229385
1.2908552664779886e-15
0.048254718183924551
2.1659308468894411e-18
1.1557752839818816e-33
4.7645242368822346e-77
2.1585271176296618e-08
1.2308188330893619e-06
0.031746748154108453
7.8846887782910553e-38
7.1136719268425529e-55
5.007893451245465e-116
1.1961150891614475e-26
3.7872105505020314e-60
7.0113519664687221e-124
7.2512034962066368e-41
9.3856951320231157e-137
8.2688798991671466e-142
5.0603218400041672e-199
1.932720776146959e-95
1.5848004505000662e-31
0.026775336282210717
6.9318552478768078e-25
1.0230527132105169e-41
8.8248219701322208e-101
1.36421411477327e-32
2.6445457498427923e-85
1.7841775832718232e-168
1.7194355541368705e-205
2.5411830606875902e-204
1.9456857711573534e-275
2.8213800209422227e-40
2.1362083522004329e-123
7.6323825745467612e-186
2.935310358397022e-202
1.9426195699329248e-306
1.1679702253691474e-195
1.7958918138207667e-283
2.7521645147869915e-265
4.0655465739756465e-277
0
1.4683788107395011e-102
9.9455683370845222e-21
0.1577549338389832
1.5461442920686216e-21
0.0057837664594833065
7.4893677238953111e-67
1.0606102883830783e-82
1.7441777668327108e-161
0.020654040898904047
5.5590908380133975e-82
4.1632801969023247e-135
2.4579903391299138e-239
6.6970161783086357e-85
7.5637742742636316e-263
4.7877284494227503e-253
0
1.5533528561237892e-11
3.655159473633018e-160
1.6514726621104962e-230
0
0
0
0
0
5.1335118193308006e-300
4.6570800750960541e-29
1.6545748919533481e-17
5.9250427987718489e-10
2.6383729633604999e-139
5.6433512604706011e-68
1.0547968598105355e-10
1.0163087136638169e-18
0.00033216188815704013
2.8336489934495137e-37
1.4195143054905928e-71
5.7987840419486808e-179
0.74473221829405101
2.2554366493686006e-19
2.3467522102286467e-60
9.2269297028130258e-191
6.4942959877375831e-54
3.8057945971506413e-129
1.3648523519357701e-185
3.3613921314500821e-283
7.9787208300967219e-147
7.6123760434678224e-89
2.5249607025106952e-60
2.1801510880554108e-30
7.7642871560541252e-15
0.21123910898517603
9.0489642497159812e-06
7.6517225816627111e-11
9.1077805673746154e-54
5.2068940663702303e-45
1.0150803087193971e-07
1.7350195110029766e-34
8.9694205816683302e-07
8.7514351640483382e-65
4.2903540166142212e-72
4.6406688380887707e-192
6.7941757820921613e-98
1.1422542266941491e-33
1.0974952583239045e-142
5.8764879455963252e-230
9.3648957340742511e-167
1.4086149532224674e-280
2.6149178543433108e-07
1.7531239933049355e-65
2.4207829507262318e-05
0.36556566041830418
1.0660872628110297e-29
3.704124833904615e-19
1.2597475546456122e-101
3.6257415126292572e-83
4.8449921433778884e-17
7.7916220337453375e-119
1.4282953554959045e-216
3.4815039425457983e-223
8.2580952415597866e-168
7.2099069553455824e-295
1.1787502578731855e-108
9.3606843777158601e-07
2.5250345710853836e-61
1.0912563060310848e-110
4.5740691661925032e-174
3.7787228887261393e-144
1.0837211431049483e-281
2.0651796268481951e-307
5.4330413151756063e-225
8.4103001620051541e-67
4.2799611415900346e-225
1.3143174445356794e-295
0
1.5848605894410676e-231
0
0
0
9.8730101658934476e-65
1.6583227529087841e-83
3.2895567386478929e-39
4.0909108914641707e-218
3.5555650508034681e-16
6.5607867151909584e-08
5.4104510707487126e-19
2.269514071963351e-226
8.958536019350355e-92
2.6579125523836346e-12
0.0022757293827986502
3.8374219202691471e-20
0.00028373243179810657
2.1087592476954193e-05
5.125916795920621e-30
8.4302168835105261e-97
6.5971143930191467e-110
5.1794320450471403e-09
1.4181502596515045e-28
2.8504613868488804e-13
2.7287740232342332e-07
1.9490844600873908e-35
4.4743401910279433e-08
4.5645840772219425e-17
2.4518118853372598e-57
9.033229499267417e-05
1.1147824609789706e-75
2.0711719177233015e-69
1.5050805583262371e-169
8.4793688334528211e-16
7.0790361081175287e-26
0.24678111571391623
1.4735330734275616e-11
1.2721787524644743e-09
5.2257333355625917e-67
4.4857705556432779e-19
4.0979311140510217e-51
2.7053245221893859e-138
1.5098420228209547e-131
1.1902192407737972e-106
1.0532302112714201e-224
3.0878074654721307e-05
1.7375316995920372e-60
1.3801866489712492e-118
8.9574097337878361e-96
1.5089135012131225e-213
2.2993626362778778e-91
3.3564853520807233e-201
2.7730341203530243e-199
7.2622428071445259e-181
1.1882820364891325e-307
1.4208807965979465e-17
9.3873086505631877e-17
0.014507463230572762
1.6643971338902969e-10
3.5491605765456686e-45
6.6706119620698245e-16
1.9446765024329647e-29
5.0826248544148201e-98
8.713259413449277e-13
2.631779306215908e-37
1.3773433300044395e-86
3.5837820315889473e-163
6.6041456412556154e-26
2.6678090954241294e-157
1.2415449739000073e-147
6.6433543697695746e-265
0.0041376966260415395
1.7844602672808823e-77
4.0405615032089831e-127
2.6972396001954305e-243
2.7566951831949898e-227
0
0
1.2418604478594156e-238
1.2842504146710567e-130
9.0017889665902132e-71
3.3258300251092787e-34
0.62260777786087917
1.2160973276533466e-24
1.4132042338779843e-42
5.4647979362908559e-19
3.4889429752457546e-07
0.098545016939887542
2.1492458205328642e-30
1.2463852748797237e-39
1.3415805735545525e-103
8.2183959799761654e-21
0.021797206290910198
1.2549038470281699e-27
1.7333489247815661e-97
3.1603309244802075e-58
5.3314393230858301e-94
2.9169350553592634e-117
1.2014660833276244e-212
2.6715411108524142e-26
7.7544574517408862e-13
8.2347037624476628e-20
4.0511112315060545e-26
2.4011702373935453e-07
1.9366641763456956e-05
1.251892349158065e-47
7.9633459502460822e-06
4.4511876170137551e-06
4.4231989602569986e-12
5.5101059298643031e-23
2.2170932151552036e-07
0.42284597422566267
9.6466432770019426e-33
1.2968917185100296e-57
3.8193786630306595e-102
1.3926628712358194e-82
3.4695126180778511e-13
3.5504596791109718e-98
2.5879224401639441e-144
7.3187439803565545e-131
2.2993912354602645e-212
7.9843484463644202e-52
3.8749233941397761e-07
2.268349136273262e-10
0.0046867633429519447
3.0605419011582398e-05
5.0640529517514873e-06
2.6994374899501959e-25
7.2279901593018907e-73
1.6707346502908244e-06
4.7680562195937464e-88
1.0004094297329525e-123
1.5974705276823908e-151
9.2523627233382692e-117
1.3290148751112311e-206
4.2682373002970248e-143
7.6508178887493127e-08
2.843987339823066e-09
4.2927745808420178e-30
3.2934628348701001e-122
2.358331220472982e-103
1.2472555107203588e-210
4.3001151960430548e-217
5.3882504621905219e-214
5.8445297610567852e-27
2.6123594789371673e-167
4.6943530513480993e-216
3.8767945019504494e-268
1.1221519607358632e-187
0
0
0.0003038717728538651
0.042058358748041112
0.023310150995362908
2.8846508629985887e-33
4.0919376318554588e-30
0.0013348069643826686
1.9244477449741183e-08
2.8547369379634419e-68
8.0512040294172538e-79
6.1346255619298791e-05
2.5129551787058137e-06
0.0018977271202745151
2.3565907758423663e-14
0.049307622346579316
5.4209162155465477e-15
1.4000241299888497e-92
2.3717850699309011e-18
8.183821363063027e-12
1.9472209231349028e-08
1.789167807442701e-07
0.0015290276830861702
0.36379515500984716
1.0721129985009543e-21
0.91799738304375078
0.60534797360927617
0.078257682893782862
1.9289067911078973e-05
0.28120907083117241
1.3823501178280951e-16
9.3897387343791356e-111
1.8991515545580458e-21
4.4004194671088697e-10
1.574591990317458e-18
0.46732300217892531
0.02683468176896563
1.9071781498031696e-15
0.011967452924828826
2.1835044669925911e-11
0.002327483071918335
2.9127139495053814e-20
0.075875656572706646
3.6575138012459116e-36
0.29982885145680854
0.47597408591695189
1.8242826174187771e-21
4.7916534448130499e-23
1.0208526113009556e-10
0.12212594857685181
0.014457714042280091
0.15173162341937535
2.4890950642208049e-17
3.7781358679776598e-145
8.3191020114201454e-31
2.5420203140016886e-21
0.00010225700713907211
1.2714274340610116e-21
0.34442140854333314
0.49615773049636558
1.6665391261712795e-24
2.4077106034577177e-21
1.0673183291326498e-06
0.0077971099195772659
1.2975645098599947e-57
0.046145117764762281
3.9560093666539363e-36
1.9455383917821803e-21
8.1564671987904455e-29
3.9999820524436429e-23
0.27344146437980504
0.02116286254559643
3.5727730103828405e-17
1.59293667882035e-11
9.2779323841059449e-10
4.0447420495129935e-153
0.0003038717728538651
2.9117348087268809e-68
2.6737721777918916e-45
2.1348300398343074e-13
3.7603655169896516e-14
5.6781494242064549e-08
5.7616002820206387e-24
0.0042521664340725591
2.0394548324199739e-07
0.16988447743138363
9.763876277138661e-10
2.8410893307691629e-25
0.083448913847487177
7.0634625333552149e-15
2.9240351426231491e-06
0.0039050400662174987
0.081915334532458459
4.2953135116437654e-15
0.25970512072966534
2.4235363553232739e-07
1.1136036448420918e-05
1.3850278245138215e-18
0.0016067488613253013
2.2124617924874294e-10
4.2814291012387335e-25
2.2550847955291987e-13
1.687157442648832e-12
1.0541976159927277e-08
2.5550316171050798e-07
0.18350259984473227
0.73161830722967058
6.450584432347808e-68
1.338288028635662e-05
1.8515763809205294e-11
0.0043348048712171152
0.066550656928719309
7.3146353385462639e-85
3.2215290158786603e-20
0.023641951123161115
7.124461247663529e-30
4.8677120798119442e-21
0.046755613344373025
4.4389060187112208e-32
1.4609993375889415e-05
6.1112734557085404e-21
3.3228187165033496e-21
1.7592021776004275e-24
0.38040812364311183
1.0851098658782162e-16
0.70857888379646494
1.529879526393261e-05
1.6273554892005898e-16
0.62805707674747713
0.40930169099983227
1.0558763553368407e-12
0.010293065083912931
5.8694493186729565e-07
0.038047362566461948
1.4752087411279002e-65
7.8933207608993841e-27
3.4167342209824173e-33
0.0028814337713301843
3.3061846147402794e-18
0.22204235191027838
5.5911302630926052e-06
0.00015065166790812379
1.5563344574289844e-97
2.3170537798353943e-34
6.769156180588074e-37
1.3681443375704157e-10
1.1328148537778398e-101
1.0262450762120762e-39
6.8407190790951493e-127
4.0447420495129935e-153
0
2.2874697732077238e-42
2.630976183069162e-57
9.1788142856153407e-38
7.64300809346755e-25
1.1931280168256248e-17
0.072239507369551925
1.225076052282854e-88
4.6783566112968502e-10
0.026500015723557827
0.041743334652279945
0.00020016567466135771
3.5573417513901332e-14
0.29593823047282924
2.2073330779880726e-20
9.8939914039296683e-110
1.3383953508708778e-06
0.00044749669248605382
9.7895566083825408e-06
5.182221295814312e-06
0.019678251345006163
0.33429539589405766
7.0672352433652073e-11
2.7449108244147057e-06
0.003802682642852019
8.1184460886688108e-07
3.3908645438813135e-06
0.23039536771749405
1.3985192624150468e-13
2.7698402192613129e-83
0.0021755544839232917
1.097228893224357e-10
0.0023274830719183254
7.6817120032992204e-35
3.8640568612506661e-16
0.018251124759171428
1.8215528423987667e-15
6.4388976338044093e-13
0.00013248995420287924
2.5451855608819795e-23
1.7392042115772738e-05
3.5076708726059017e-17
4.6605510339890827e-23
0.094386885452575481
7.6158161676236518e-20
1.6850897461827598e-07
1.3919416195921119e-24
6.0171944272838021e-08
5.1190154808846459e-20
4.8752130599368248e-06
2.1363742257722679e-72
1.1754330409461553e-129
0.00029137595357732482
2.1671076197095609e-09
6.716100095055562e-18
3.0018795379262334e-07
4.2949632702214797e-30
7.6178525967897874e-10
2.8627487868754901e-23
6.1712752531140083e-15
3.1837317342757165e-16
0.63196868463254008
5.7594111706810093e-26
0.87062002773669023
1.1969036583073002e-37
1.2507528046234596e-05
5.845164289287215e-07
3.1303003887797844e-37
1.3384083381068059e-08
0.094042288851694064
2.9373263991589967e-10
2.9038261332884811e-36
6.0404539436773052e-51
7.1388914466214634e-240
0
0.00033472820496966267
2.5758373800044385e-08
4.4640477313343407e-10
6.4388314385034665e-10
0.32722567237034889
2.1095342406433863e-12
0.0034034446935285647
0.00015468815721392603
1.0824331484538826e-08
0.0017666086918153871
0.00019538581934718018
7.4019085739472296e-07
0.0098782064556169578
0.00070913755881772537
5.0892312059665672e-17
4.4147273299907576e-05
6.7992754471142933e-10
0.016788302802907586
0.57844461723618501
0.0059654780988914443
6.4650244009193166e-24
6.9359992472900512e-112
0.12056094728505135
0.12551020507715047
0.0009795687709002346
2.6989784809994994e-20
0.00026411005351286858
8.1507810844773654e-70
4.0865834324447577e-15
5.3698541402797123e-18
2.5940206386736913e-36
0.030284240444808371
2.5689489603884511e-12
2.2860085471660557e-07
0.32403097901144368
2.8558740085165057e-05
2.0222536785237469e-05
0.14811904531235651
1.3786558598699294e-34
0.84774189675199807
1.0821018158071704e-06
0.18924173820684642
8.400127852944669e-31
2.3196752063793496e-16
7.594983688327525e-07
2.3980317146566453e-09
0.16176466221295918
0.00020497198935886347
0.0027870032442689095
0.46786140362661788
2.3210765304035848e-33
0.067729363013639896
2.5011685199280009e-16
1.1660474985371075e-06
1.1071936831691277e-06
0.13593785658974017
1.794546609717784e-27
6.0447986984668564e-53
3.8432960514088368e-06
1.1788534666094733e-16
0.0023726132355428586
4.355321678155887e-57
5.6640495246627378e-15
1.9929280522533829e-17
1.3826848169179275e-56
5.5527861483467818e-89
1.4620959005714163e-12
2.1210706132963784e-73
1.6909196963087935e-52
2.3965564572796226e-117
8.3027434533020406e-79
1.7580287964088195e-155
7.1388914466214634e-240
0.00011904999091298032
1.9627454858975108e-05
2.0850230720540322e-40
9.7120429986656939e-169
0
7.5162729786680691e-56
1.2631172541044909e-09
0
0
6.8951734242440275e-308
1.4441194004419777e-72
1.7521592691250644e-74
0.14102375614720658
0.010934036753733015
0.062213566840125682
0
0
6.015795748984342e-142
5.3898027881760068e-301
6.2763744836958207e-262
1.1593517800834864e-69
9.1413256556936973e-18
8.1776336454528685e-54
0.97178958671750582
1.480813333926022e-23
4.483758896862976e-07
2.1799987238514939e-06
1.5015285324547742e-08
7.0171744614041296e-14
0
0
5.4624570436980153e-130
0
6.0920975123261752e-129
0.0040848646539471027
2.9995968802708041e-283
1.0210694363375218e-218
3.944226655223419e-56
2.1606770677805024e-33
1.9643855162616733e-17
1.0792465468655523e-24
1.9030460894565172e-44
3.8295669257140353e-30
0.36827876529203879
1.3350193030492404e-41
2.2546124307827618e-173
0.00044201253201180417
1.0603925665790287e-10
0.0024166186394637954
2.154235969081887e-07
4.9935332430505951e-06
0
0
2.1514609499960868e-292
5.6488145143756779e-102
1.5532088891815235e-289
1.1043096834697363e-255
4.3654368323749355e-50
0.011816266308930352
3.3115287035869982e-230
8.7592654576088305e-218
6.9755424261547202e-172
5.537335314036468e-34
8.2985873027707483e-14
7.6358325964589835e-43
3.194417369548831e-41
1.8761659573050969e-57
1.6457811108722832e-14
0.022676560855060295
7.0056548516812395e-21
1.8705362798955172e-175
4.3252617286885892e-14
5.6221551338987263e-44
7.6203761681149439e-23
0.00011904999091298032
0
3.3272652757069291e-270
4.098764287432263e-280
1.3929381662274341e-14
1.2061557432028068e-05
5.346924236739314e-162
0
0
0.033959588060740134
1.6193669272479908e-244
3.9642750634846244e-188
4.1729033147746453e-09
1.6197633312328193e-51
1.7941867684984751e-09
0.38569657490155573
0.041773242567072807
2.1364687101910721e-244
0.014496393806651266
0.56074767723562435
1.6070728498154364e-07
0.6394401936894949
8.8438588302690067e-51
1.1982456913650971e-288
1.6625662217310336e-290
2.3134282704076281e-294
1.1537716363837252e-210
1.3278546923620324e-260
7.1061960146559487e-266
6.0411402414389366e-210
5.9841102302107421e-07
0.18322499046977023
1.9672668604069033e-189
2.9733590175700238e-243
3.5524099720575222e-235
3.2231903080496707e-201
2.1816062024898746e-111
4.7112521081303275e-41
0.029151301713487825
3.0992885822068531e-10
5.9910855776390842e-19
6.71328159859137e-09
1.9707850011013627e-30
2.5534776150462524e-30
0.014282138847806228
1.8795217983826471e-32
2.382457079403133e-18
3.3499623878795106e-19
1.197999033951507e-06
0.80090994366360813
1.0311515089798872e-192
0.00051392425880906405
3.071419478440191e-05
0.034033708439463142
6.0316060529950825e-142
5.2967419718383777e-102
4.2509599702824056e-206
2.1393993441115058e-154
2.5286020996185881e-05
1.4873378064290908e-09
2.4941947496156267e-07
1.5161848611773902e-91
0.00024901300920544855
0.080624886690972813
4.4055031016705034e-119
6.0372693454361414e-72
9.415748150208052e-13
2.2097162729788387e-05
5.7101124599130871e-08
6.113190778343712e-102
2.9567083455519948e-23
8.2823063482753965e-13
2.9874179830771257e-29
7.6203761681149439e-23
3.6951099766244319e-32
2.1530912363625967e-12
1.8998772796201042e-05
2.5544172639324638e-36
1.1955082877047434e-26
0.0059230629085946099
4.6098331005825266e-05
4.9634824554830399e-54
9.0113752428127391e-27
8.337215369616513e-17
3.0150435132762884e-09
7.001203073622572e-07
3.9409416404697149e-05
7.5715855401409617e-06
8.5386188148102644e-10
5.6975915966155167e-70
1.3558089068161026e-24
4.8593942748699659e-37
4.7129003149329556e-07
2.1799036679158577e-51
0.00095769929647396637
0.046210761081482248
3.6289683406308729e-19
1.3102591451703736e-07
0.00039789614589877864
4.1428197865317951e-21
0.0012599559720224141
3.7509281612687088e-16
4.1751394240986431e-33
3.1941543093831819e-108
0.00040732979186330871
2.9486252649445911e-14
0.034922323108502129
3.5191503530702794e-11
3.0636415148410746e-07
2.5440345705278556e-06
5.1082697881464044e-19
2.1577081827448074e-28
1.1438768008621243e-08
3.8496967648632123e-11
1.3261651835589983e-18
2.0398960309173828e-94
0.00018069129007034504
4.2412121541895976e-10
6.0407285975885212e-12
1.4193217068282479e-18
1.0204044871731807e-93
1.4327372894962122e-10
2.9633751966304275e-102
1.7736097182671454e-106
4.1603074657815627e-93
6.7868278344657967e-235
1.0190854576120816e-13
1.3760782147599429e-20
0.12244105662167468
3.3669118610426915e-14
2.0892442329365822e-19
0.023223566791719628
0.36696736995478124
7.3246070774816441e-42
4.5252301079967443e-09
0.0067674935632484716
1.1089702762181249e-11
1.1634101928898386e-39
0.22701174735175858
4.3944339315451035e-37
1.31349627993217e-47
1.0715701218179109e-145
0.0020141812308717556
2.7635015799296754e-29
1.7244354238292369e-26
2.1754817103726592e-151
1.4516037749522577e-135
7.806553997307966e-264
3.6951099766244319e-32
5.3356485487622575e-13
1.8159281166469024e-14
1.4145617228162561e-45
0.00041698262565222457
0.3181315310086345
0.0095981231024945372
1.1147404060325338e-25
2.5356153885189355e-29
1.2210544437304631e-23
2.1494075711210162e-06
4.9188681703834182e-52
0.00049320948841827998
2.7349391003242034e-06
3.8494791251741027e-12
4.693401966918599e-09
0.10068423707589282
8.0998134725775548e-07
1.7161804981301102e-31
1.8380645968300291e-06
8.4228851733750225e-60
1.0347951753119062e-96
2.2579205754072428e-14
1.4231315425072583e-10
2.1485830982683555e-05
0.0055984890170564273
2.7651786320212019e-10
9.6151611445851638e-06
1.2408744374513868e-29
5.8938344929956031e-07
0.060320900869315103
7.9778979963072875e-07
1.0242693484154994e-11
2.9979138468103118e-09
3.4155592076228916e-08
0.5127757056086033
1.1492610214965219e-23
2.5252321879169821e-05
8.0647546610089157e-28
0.012894238589776789
0.00049931530878651498
6.7790186456308653e-55
9.2030473112184361e-14
2.761512756667118e-82
2.3960163555280677e-54
3.8432960514088368e-06
2.5812118665079886e-07
3.0560483410314124e-08
4.1869785023359083e-12
9.3597599407857392e-08
7.0847219389650091e-05
2.7742710530892285e-25
0.012275380486173762
0.035458106932738181
1.5197716924485345e-18
1.6621051040159865e-46
5.847454706083179e-18
2.0366518999744442e-96
6.32506428879537e-114
1.2529252384251079e-09
3.3425117982902171e-25
9.6905550140349461e-13
3.2539526005528319e-36
1.126648750068983e-06
2.6099666717904609e-76
2.8956693414678846e-130
2.4310407309038998e-155
1.3780203841018191e-26
3.6221180078656168e-64
1.408682297122875e-100
1.642464024281623e-185
6.7135236143711785e-94
9.354247139029762e-227
7.806553997307966e-264
0
0
2.470467432650419e-281
6.9991636862084956e-153
0
2.4384197788362525e-86
3.4102138577066673e-64
2.2217455399675357e-18
0
8.3435855264203118e-87
3.9044450749646996e-24
0.37109906345360832
1.2904739662696247e-20
0.0014829380870203988
7.3463189098497981e-10
5.1043089826875485e-35
5.6916639399663351e-70
2.1059427621359373e-05
6.1104104700679255e-05
0.003112311399774588
5.3811240435393282e-38
5.3944559303284659e-61
8.1301358966655239e-93
6.5662554311670541e-21
7.6528672206814404e-58
1.9153370710877493e-124
2.8699355991241309e-34
2.7188000333433309e-137
1.0160194820421941e-158
9.6928553729005518e-194
7.0006179758508126e-130
1.5973039172538064e-40
0.097603632867055756
1.6116136263147021e-22
7.4215170508760802e-46
2.0818708391259889e-96
4.3585708379763073e-36
2.0702200867049702e-99
4.8768967349493579e-168
1.3215946639099341e-197
7.3624501361514942e-196
1.9648380483762995e-279
1.8863635788742388e-38
7.3950859844247742e-111
9.1848617735754849e-180
2.4097267333575234e-207
3.4418511411863769e-296
3.686226966852508e-177
5.2588746589246828e-291
4.69841920744698e-280
7.3878190096625746e-276
0
6.3457415448319051e-113
9.5931026367941389e-22
0.2079584071540089
4.7413743174856519e-30
0.040258517823318067
1.3397863216527581e-68
1.4513179731308842e-93
4.2435425586214259e-167
0.092151541659559008
4.9388293334506829e-69
3.4133881331003777e-147
1.1710317019537644e-258
1.6312132447029096e-86
8.026404365042383e-257
2.0392439418301627e-249
0
2.8366391862134467e-16
7.4355944885202152e-152
1.8080635674936061e-230
0
6.7477571650339083e-307
0
0
0
7.3740915791821674e-265
2.3221331405897119e-21
3.8158348012262613e-26
3.315887384087475e-07
4.7047312716900703e-120
5.4527150847082291e-71
2.5039684420838207e-13
1.8808709663761362e-19
0.00068448364799972056
2.7036578648301612e-44
1.9963610910480377e-62
1.2781321979554961e-174
0.14209608790869041
6.768020047759679e-17
1.7871722909324054e-65
1.1953698292082397e-189
4.7266988271430615e-52
1.8980044538361223e-135
5.0619437812045389e-196
2.8648098465698889e-290
8.0772827646342066e-131
3.237707813363878e-120
8.0667072519543684e-61
4.338280467762259e-27
1.9381785158865113e-17
0.67122200216225303
5.1794320450471783e-09
4.4210595117053923e-13
1.2102926489832893e-52
1.424756735162427e-53
9.927029008799141e-07
1.4961886944680628e-35
6.3321121152929541e-11
7.8873501585378378e-75
2.0772807656611144e-76
1.0083035614396762e-180
7.2765495002571609e-107
6.5562379504160714e-39
2.5390161120727145e-145
7.3046112818609375e-222
1.3532628007913065e-197
1.1554959663585067e-289
4.4310734494431858e-06
5.9292443698683337e-65
3.6184805788877996e-05
3.3814838375362641e-05
3.1759065563631143e-26
2.6034095753124881e-22
1.3551932907719378e-100
1.6071671959861073e-75
1.8340565987487274e-17
1.6039104262719059e-121
1.956793206012451e-206
2.1015325411164366e-232
2.058924863075668e-164
1.4772852612643847e-279
7.2145450489818605e-118
0.00045362558571189547
1.6031662421493496e-65
2.9675809432696579e-113
1.5148560149652975e-162
2.760396693101579e-142
1.135715865630603e-278
3.1959649889141147e-306
1.8934101012374058e-232
9.9784003879624002e-66
9.2708744545020158e-227
5.7878244454928155e-288
0
5.8397898734911315e-237
0
0
0
1.2344418578103234e-51
1.3101734473559245e-69
1.2813223392693011e-27
6.891320111599706e-212
1.3721131568402556e-25
3.3593602145899824e-18
2.5402836099445546e-25
9.9818450919022079e-236
1.4547146954474086e-73
2.5597741836432652e-15
0.063563832904177983
5.8764105580359604e-22
0.00021299080356406962
6.032433173501316e-09
1.1522327039571774e-33
1.3295646908030428e-107
3.3056452489118276e-101
0.00045944609560679642
1.9620856725827714e-47
0.00027439552522988566
2.4062064930730669e-10
6.7195637942593726e-28
3.432404107053242e-12
9.8208877373578509e-16
9.1284769097111989e-60
5.6317016008131378e-06
1.9191461715609523e-84
1.6206095218398179e-80
6.66838801805074e-174
2.1870244714554912e-22
2.4101759111869071e-23
0.98352329032031605
5.5807122493114713e-08
4.8360601476916283e-08
7.8118878976810073e-85
4.9329246308098119e-28
1.6587554783861387e-43
2.5485769344315081e-131
2.5445693285659966e-131
4.250649591020785e-105
8.8009046800233244e-228
1.2170234622792274e-09
1.0309514875408972e-61
4.7786323316510894e-129
1.487373386143839e-95
6.743172874933329e-219
1.9647556970446237e-84
3.6370435283950063e-223
1.9863406542271949e-210
1.2775123663870468e-178
0
8.692196476791629e-17
1.9496617279917364e-05
0.00024038578997447846
1.8125885451683213e-07
9.2310813064908656e-40
7.6113002380573221e-11
8.6617504951055478e-22
1.0656714671980392e-111
3.1834249045859756e-08
1.5979993671988441e-37
2.164165899864081e-71
6.480014645472712e-159
1.2767933930992733e-18
1.6185975667178217e-165
3.1207236170069241e-152
2.6978313790307649e-264
1.7952122393384768e-05
2.481387803919114e-95
1.896536046632567e-139
8.8879088159929934e-239
4.011177753873603e-242
0
0
1.6238034169959743e-259
2.3323627894295203e-131
3.434567242143066e-63
1.0701705782968296e-31
0.60016033996443741
4.8091045271418467e-28
3.1611926642202781e-53
1.4398933122189551e-29
9.5477158729117608e-12
0.78658364920514423
2.7282381539633825e-33
1.4778140436471188e-28
1.9414929572772594e-113
2.9766181761979395e-22
0.05375275804894062
3.986931400264658e-30
7.7484159104486594e-104
3.4444513645931904e-61
3.878922584708823e-93
1.004877454828153e-121
5.7184161483239342e-198
1.7690153969942463e-24
1.4748817314313687e-08
5.3245627638028331e-17
6.3457714533841962e-23
8.4215603959941204e-14
3.3242781994098476e-11
1.7267881907840909e-37
0.0025306433218466296
0.0010442143195937767
5.9876784719138994e-10
8.8632653752268531e-13
1.0066176453229646e-12
0.21569885177461087
6.7515990795085399e-33
9.1430199977801581e-56
4.888899678933735e-108
3.0812854698347119e-82
4.6663427569006344e-15
1.5163268373897157e-89
4.3463178364532773e-157
1.8098103901225863e-128
2.0152824210409777e-228
3.0916500216383609e-74
3.2051797787647165e-06
5.1922464277368907e-07
0.0072590833817460249
0.00053345277168377657
8.888326957546824e-05
8.0966238556695896e-26
1.1153377107603944e-73
0.00084780978376567382
1.0690467238231661e-84
5.8320334495924103e-112
6.6452580665403781e-163
9.690775506109614e-116
1.5683579407326615e-219
1.8399971061559084e-154
1.6069882553228921e-05
1.3637153621665544e-11
3.1221798370370133e-38
1.6663445707701168e-127
3.248284515676956e-106
1.4909059395336312e-212
1.7095651465725377e-226
4.1042428454547119e-226
7.8487505369612754e-30
2.0426356266025794e-183
1.2472373433363024e-218
2.9399169637098129e-281
2.5266848425077736e-193
0
0
0.21690496609776883
0.022075699022914303
0.10118368997364519
6.3937565350619462e-34
1.0855690707304557e-32
0.27672868526358263
4.3633563426653366e-06
2.6474894639503159e-80
1.0721374583138853e-76
2.2460743075990541e-07
0.00180187174898529
0.033664608782208179
7.8051935431812821e-14
0.28542851748273529
2.6368899743543996e-17
1.4220092191245375e-100
3.1471766211373396e-10
5.6330021354456686e-12
1.2463740898343729e-09
7.891143342664057e-05
1.2597530871775757e-05
0.10826715447043953
4.6562048773820733e-17
0.37516558694646135
0.05476146895263595
0.24474604056860383
0.00025376688481416291
0.47369566053547285
3.2140198786678321e-24
9.8842104721580646e-111
9.3429181153295798e-30
8.9389407936062468e-15
3.1227521569177411e-08
0.090023536859033096
0.062386315592429346
1.9686611309509036e-16
0.00023689538262411459
5.4132114396477423e-12
0.026854491012633895
3.3191986799808013e-32
0.036871171031660918
1.1195259237484459e-29
0.51738852634411914
0.15711925551195147
3.3481525474975906e-32
3.7279498793572468e-13
0.00044408493229173147
0.00045847095347104359
0.035793607202230529
0.029832768794932012
7.6654259264683552e-29
2.2389782319490204e-137
1.9346651468294521e-33
5.9482536306458888e-32
0.3246337099383288
7.2910795674013717e-20
0.15349391803588794
0.01321470862136921
1.7488417987716542e-21
7.0689337631352335e-12
0.10951301196002493
1.985284992105312e-07
7.0327171717732313e-76
0.017109190245876937
6.4120521921427056e-32
7.9797243480027186e-34
2.1291130871161162e-32
2.6919427300008395e-26
0.072042188403913174
0.23837585020754357
1.1695323758571422e-16
1.9991558548469748e-07
1.8594839149179533e-07
3.55072552827068e-153
0.21690496609776883
1.6920537454434287e-74
6.2463228293627641e-59
7.9886775578947762e-13
1.4490461889324627e-16
0.024391245545484597
1.6820284935635734e-25
0.0014573841733784973
3.4421696620209478e-14
2.8896711822158243e-06
4.4794994692629416e-06
3.3998478281886551e-22
1.0265110663744453e-06
1.819627476863055e-08
5.7278656423529602e-07
0.7565780877024697
0.045267311685157102
7.3860753458464847e-17
0.03971266056137325
5.4599325020030892e-10
0.00052050171982269162
0.00045343281848227862
0.85251245617844895
2.4734728381252746e-07
7.9487794580304354e-24
2.3742869296628012e-12
7.5126277853340055e-18
4.4925853434000131e-17
3.055392625050205e-09
0.023703555145771642
0.61763640286805321
1.4834461866205958e-76
3.3030149489115809e-05
1.2201804765115304e-07
0.62012155408525382
0.0046755337253527821
1.6695657265152582e-104
5.267371174833352e-32
0.43487854463765474
2.1980691169455428e-22
1.2780491827901249e-11
0.0041310566857517099
2.7212603188508624e-39
0.44018231501583238
1.8402983001555147e-16
5.7625432761014699e-21
5.8450138201718121e-16
0.29088758320526703
1.8316212933815076e-20
0.11395447529652783
0.00052738504025692768
8.1115308174535396e-18
0.00023205236807414308
0.066688356017403264
3.29513895191784e-19
3.0605419011582398e-05
6.8284151444840879e-05
0.13828553333660643
1.7963672540100372e-51
9.1140545414934163e-18
2.6431991693985547e-28
0.01295375708757341
4.1418342253625046e-18
0.19536081523090723
2.0545128363910738e-14
2.2367181533875469e-07
1.0373289065680513e-78
8.9499963703102279e-23
3.7366137966409069e-37
3.4031936908648223e-18
5.5058478957329706e-86
6.5133132306463401e-29
5.3286362973775316e-119
3.55072552827068e-153
0
1.6099085499165948e-42
6.9101666129802515e-47
1.6165566073922573e-43
2.1365932999617537e-15
2.5974882295842012e-14
0.00066122634739233647
1.042206055781295e-83
2.2167116711001164e-10
0.002680261499656876
0.0007824863150771022
0.00088410619953865357
3.6828200926221323e-16
0.39896834896970812
9.8796485039990357e-17
1.1193936139841934e-103
0.0030997253096540435
5.3505871069347102e-08
1.2018470622199055e-06
0.00023496659662820179
2.9333559684153571e-06
0.00087636015026685621
5.1781451384430787e-08
2.2769525165508357e-09
0.11916737768185443
8.0886542777420945e-07
0.00075534030127597993
0.00034254444391144213
1.1999540610763654e-14
1.9851646828659083e-79
7.7288369082462359e-07
3.1064738347124522e-07
0.098284525774611636
1.7815159364400245e-30
8.9478756267557495e-19
0.00072819592246513819
1.4867354697837396e-10
4.7673665434214003e-09
6.0921836883713342e-06
2.49491734078031e-24
8.5565719900585608e-05
2.3708244058586952e-12
2.8245919246716156e-27
0.0650978368875504
1.8158266095326235e-16
2.8144486686570295e-06
2.6733876260626308e-20
4.2855911383065831e-08
3.1500776945564412e-18
2.5989348640011749e-08
9.6544302142879471e-76
1.7925940326149321e-132
2.2018590703357879e-05
2.0717025454478373e-10
7.5765103755661809e-18
2.0328399688204743e-07
5.5690266120007484e-36
6.2082467778849279e-11
1.8780901378850457e-16
5.6565144542881392e-19
1.4853540509131829e-13
0.60487606450633646
4.535411445964242e-29
0.046112328368367143
2.6070283191548743e-45
0.00047795867154704996
1.1533455543867618e-11
1.5044925318205793e-27
0.00062329330654252208
0.24664034767112689
0.00024214988900870461
1.9334530317021651e-38
5.1347690322934339e-52
6.7472262518967599e-238
0
7.5451120214847856e-09
3.4470831507886374e-10
1.9148902530821463e-10
3.8767142620290109e-07
0.5175012419184648
2.5709869087922322e-13
0.015644013506631423
9.7286141287113382e-07
2.810615479731021e-10
0.072437314254285692
0.0030313786196467184
1.2398718105666617e-06
0.041878076558273199
0.0017463496642178456
1.171274457283484e-16
0.0082982933347694812
2.8913479841117474e-08
0.081116930927537662
0.00011442623977690707
1.4249877100989822e-06
1.0844203450436056e-23
5.2804088402141352e-98
0.52496182309554107
0.11507046818357225
0.0041895070916004038
1.6807075430841671e-27
1.0390162951108037e-07
1.5876883885272998e-72
7.941325562597259e-17
1.4256659118166194e-15
3.3394777090866467e-34
0.0020051085036762598
1.2397636677525996e-10
8.6411175074104595e-10
0.38338326214584212
1.8417622592369129e-09
1.5289909936948388e-09
0.13101017847685426
1.1020867884419049e-23
0.19355480971571187
4.9597608194087821e-06
0.046194342182960896
2.6449041607270853e-38
2.7388708272243059e-15
0.0022738686505630115
1.7993167771159716e-09
0.45779169325479374
0.00030556840558165478
0.024636796876046148
0.1794837393095664
3.3019496597503824e-38
0.4572591967354338
1.3508054465022675e-23
1.7391798960186879e-07
1.0712408872386138e-06
0.049850766975987795
2.0000831524228829e-21
1.1531447447700444e-50
1.6035527137990085e-09
8.2525326749927696e-11
0.039970363336576407
3.4964596442946222e-45
2.0412098099193867e-16
6.135874247711811e-21
4.1170561030475896e-51
1.4792690996219519e-88
1.3103099953266976e-12
9.0064761372132389e-71
1.9129795036922035e-53
3.7888149907200028e-111
5.9346492166898656e-69
5.1526245344554393e-150
6.7472262518967599e-238
4.8909242803139884e-12
1.096036445715583e-14
2.6697550148003702e-27
1.6866859938286077e-141
0
9.6246239166957255e-48
1.182945686692997e-14
0
0
1.2653549142716533e-301
1.2452241746474285e-65
6.0924958105224952e-80
0.098610235076310157
5.8205385547435453e-06
0.010313039799525114
0
0
3.5735323738554312e-130
4.2052005004140583e-292
1.163399809617874e-263
7.98951876136378e-58
2.0417410107335714e-32
1.0210824489136835e-60
0.035715922860553889
3.5664336227895649e-22
4.7887408470001121e-08
0.0026488041573965505
3.3574538199646276e-10
8.0133429444206189e-10
0
0
3.1651135033362343e-134
0
6.4538936531215545e-127
0.00020764123891329526
3.9073340067609889e-284
1.5073620730973541e-222
2.6691732025636059e-60
3.5575990601051089e-33
7.8428134442171307e-25
4.0667230154394154e-13
1.6846443421485223e-56
7.8731530657930299e-31
0.5002623686189458
8.513416679752945e-27
6.4403478029826287e-180
2.656461190646642e-05
9.132322785703908e-16
5.3223359190252333e-06
1.1346716233173706e-07
5.3667488994217908e-10
0
0
2.8626812094374567e-294
8.5177659375662462e-102
5.5697073355283626e-289
5.4357441325142652e-245
1.4600408229556805e-56
0.046573341259800762
4.741876755401637e-247
3.0529730683334516e-220
4.765398217562087e-168
1.5050461826141153e-44
6.2170686823125088e-15
1.0839010443873091e-60
4.6102396041216892e-56
8.816453218904859e-51
2.1545649057651086e-21
0.013878548300234092
1.0183063522184275e-29
1.674761165893828e-171
1.7570582667569569e-14
2.0693457751100846e-29
2.4857521702292795e-29
4.8909242803139884e-12
0
6.594944404186558e-268
2.3015048814052527e-279
1.0873879161904153e-15
1.576931071694079e-08
3.994312927625373e-162
0
0
0.88010453964944946
4.9050407223891195e-234
2.5522388622878734e-175
2.6944931138964976e-05
1.0833513996975561e-42
2.9979138468103233e-09
0.034207242793353319
0.13789185773692816
5.7188204383146043e-259
0.051133553931714468
0.43664254806030012
0.00016132694810677226
0.010950963203034951
6.7016373925542074e-29
4.8657390403292953e-294
8.1224039365351561e-295
9.9398561501563426e-298
3.6580114444128603e-207
4.5987679523600382e-270
1.0217729004590171e-259
5.3520776486541883e-224
3.6603533590272094e-05
0.0015271323432395555
5.7347057458144216e-191
1.1018237399038086e-237
5.2995517091280906e-243
1.9521674155622208e-199
1.3763070959996193e-107
6.4013104565453271e-22
0.00037228920782271817
6.8808337299613943e-14
6.3018482790528638e-10
2.8913971784061639e-07
6.0586394480115764e-32
1.4690340158868386e-34
0.016986573944943902
6.8963831449734023e-27
4.3700901965106878e-14
2.1632214031770198e-13
4.9892590279873142e-12
0.69142726226798534
1.0346490966135115e-219
0.0037615614521677252
0.017515168801798986
0.14367237895862167
1.0305302488298215e-143
1.253355474927837e-98
7.0215649840410539e-195
5.1588466983402196e-144
0.0083406099378124272
2.9165971441510147e-12
2.6744913605168487e-08
1.1688633217280231e-96
1.1709293069328023e-09
0.081501491934804521
8.2136131647290986e-108
9.9745139572244206e-67
5.7337087609115664e-11
1.2529252384251081e-09
1.4355176707885953e-11
5.4174565368687864e-86
4.7785465650889082e-14
4.8248819163391102e-12
1.6029470620775623e-26
2.4857521702292795e-29
2.2450333766388827e-29
1.3292373740897016e-06
4.1591568693081668e-13
1.9880427705941387e-28
9.0340713146274025e-20
1.5859246504776772e-06
0.0002703045831789336
1.9371158432624761e-48
3.5826322071712786e-22
3.2739381091022317e-14
1.3730481568963048e-12
1.0782452774573225e-11
1.9116499273478896e-06
4.9293996035217368e-05
0.0024185927182843966
1.9357483262253427e-56
1.6053231191813094e-24
2.3686358704849654e-39
3.3174215628016898e-07
1.6990183160843632e-61
1.1145723952432614e-08
0.13811044770044514
4.9915083643755343e-21
0.038683251765838804
0.023774144762720849
3.0435341399097177e-18
0.037842115376867366
2.3393024365734966e-16
1.2365295065619449e-30
5.8424705474888411e-111
1.0849914776420334e-05
1.3978344606276411e-13
0.00013231738649052664
2.8227194820553423e-13
7.3805805924090036e-08
3.9266240551116293e-11
2.1798674973851882e-26
6.2416532025103189e-19
4.4016648526484749e-13
3.7669104863776585e-20
9.1178438065047653e-22
2.8280111195330386e-87
0.00039050377436151989
1.0143685721655511e-09
9.4116950837778059e-10
2.6075907358076566e-23
1.3800316525883666e-103
1.6341896318717076e-07
2.3954798336370345e-99
2.2012445397840983e-93
1.0337136146694421e-96
9.4009214377171429e-243
1.6617609614062626e-07
1.3106364351221434e-11
0.15590286535483161
1.7225867586393411e-18
4.0064491051605865e-20
0.80423130012768429
0.010361130457677557
2.7577869443371168e-52
1.9401217927820822e-05
0.013189401160255215
2.1312017543517114e-12
3.4737419896204654e-39
0.0095832020527538923
1.9680307724121962e-45
1.1045059160478682e-44
4.6706476676784097e-150
5.4121116705676641e-06
4.9706882655928464e-28
3.163202158137173e-30
3.0167761792658623e-136
6.3753872735664103e-122
3.333483264586494e-269
2.2450333766388827e-29
9.4840597794262192e-11
7.5307614091887727e-13
4.5694577362007873e-47
0.0069431776078385538
0.15590286535483153
0.024728330374323208
2.8914932914564157e-26
1.0382137380578151e-29
2.7565635529907117e-27
1.4454191025375597e-07
6.6393693797338976e-49
0.0059962930366450982
2.064416147055808e-11
5.7908048016787571e-08
5.8760134123008179e-06
0.11178725358504153
2.2488514127649142e-11
6.6315633713689988e-35
1.4082524260757665e-07
6.6672313757010486e-61
1.5771627764300474e-84
2.708625175713025e-07
1.3420948298655822e-10
6.8877529309383131e-06
9.5777531292213201e-05
5.1017748617243889e-05
0.0002543127058484097
1.4915534479160055e-27
2.7035715704422652e-10
0.0946382045288051
0.00039603528963804091
6.4639469050603655e-09
4.2356831270839045e-08
7.3577888171114626e-07
0.051586011683615499
4.3513488187218194e-25
7.7033388033407034e-05
1.6475002655357263e-31
0.017031651118300319
3.013016275175825e-07
1.4851497564941639e-55
6.7520516642527689e-22
7.605074370195549e-97
2.7229309241893328e-48
8.5640170618297062e-09
1.8717480619743143e-08
0.00029325535008480812
1.8247738887576723e-08
2.3760668115162018e-06
1.2461340140664518e-06
1.1451780406147348e-22
0.00015596701717288141
0.061633749858282696
6.409147158680621e-19
1.4501887874595225e-44
7.4025402802387695e-14
1.3074541283884726e-82
7.8122428553455074e-98
3.5511764702575153e-12
1.2434536108241916e-17
5.4729968608338851e-19
1.8634222692145452e-36
1.1778615693891333e-06
2.0512307765483595e-67
4.983947522264317e-120
2.4455946456880857e-136
3.811522824991607e-22
8.7426863394291448e-61
9.016143468269698e-101
1.189490495747612e-177
7.2678448299476204e-75
1.7261760152696162e-230
3.333483264586494e-269
0
0
0
1.6393904441823827e-155
0
2.3684490668543896e-83
3.7638794283756391e-42
5.9681350831532908e-18
0
4.896211710444421e-109
2.4607732194028159e-14
0.37859185786094124
2.3593189925773654e-12
4.3671956428605427e-09
6.8579966126863148e-10
3.3103963334641917e-37
1.0622718453556439e-82
1.1401551217766016e-06
1.715692063309579e-09
0.15746127507638352
9.8122088769556072e-34
2.08525547400818e-43
6.0083979062856377e-104
2.0166135095615475e-31
1.0285309738094803e-60
8.0177697353728054e-135
1.6475002655357263e-31
2.3537831493448388e-130
3.0563380995246977e-137
1.0873624504128715e-216
1.4910445401534303e-91
3.4695583542881588e-33
0.084751226137164737
8.416245725773096e-30
7.5636944701013004e-41
5.6107180620687918e-100
5.7945152517830651e-37
1.2317320350131803e-86
1.4385637776704639e-172
3.9808286342497216e-193
9.8783615220169043e-206
1.9967937810279683e-286
2.7814095035938362e-41
1.6114065430475967e-136
2.2710933582915565e-180
5.0133718313564446e-203
1.6476557427601543e-296
5.4148673270163814e-185
4.6729178917425078e-281
4.8333951318272987e-290
1.3899078419312904e-281
0
8.9921256473919755e-109
2.7323782147026411e-22
0.018045698699610084
4.1617602966795684e-25
0.0061673130455590164
8.4688970473989854e-79
3.6398297138160858e-88
6.2107830736057665e-162
0.37878278528709325
7.2301524795339094e-78
8.0097745693115156e-131
4.5238137616289563e-240
2.0733440264408036e-83
1.6478398609694123e-256
4.1506713871161056e-248
0
1.1556147534409399e-22
9.4531215795472326e-157
1.0338665769705934e-226
0
0
0
0
0
9.5331630149252696e-273
1.8203350824069569e-25
1.6113177463062397e-28
1.3512289166900218e-11
7.0777465366907225e-104
9.8428701750373891e-89
2.5181254018569462e-11
5.8090332540580667e-21
0.27245341859839234
4.7533780200780528e-43
3.80186958659764e-77
1.2225033353893996e-165
0.020545971021483759
6.7735090503996004e-20
5.5636249916159767e-60
1.9838570334489818e-194
2.4206509278300336e-58
3.5949054426173293e-154
6.3613553440698671e-184
1.8903791760397663e-280
1.3104597956705033e-88
2.1214367103133073e-84
8.4540747640370682e-84
2.5060892067354725e-29
3.2816531697167017e-17
0.51705043848750432
1.099698878295489e-05
7.0948565274924259e-15
9.1332158766534555e-60
1.9633161858966632e-48
1.2418911020824687e-16
4.3185296482941271e-36
6.2214924928318192e-05
9.4875751102265144e-64
1.2711230322956333e-73
2.4849104291729961e-176
1.4523976764319322e-101
3.5795867318967956e-36
9.2664363021382159e-156
7.3207874085512852e-216
2.4969371362193662e-184
1.7754019285154163e-294
2.9625376081645266e-09
9.329964218113409e-87
7.4029104099152206e-06
4.054010386649175e-05
1.7703219779143637e-25
7.4046711139912783e-29
7.0105715296237311e-105
2.3158562416325875e-84
1.2565393996315034e-12
2.6846405870752917e-124
2.0509603631428229e-209
2.0232038140143238e-217
1.4818572263324468e-175
2.6933396944307051e-289
1.3641508106549257e-108
2.8234232554738193e-06
8.4240679867135913e-63
3.2147713129253171e-116
2.2560824705781931e-164
8.6416485040707386e-142
7.6484882454653962e-282
0
1.6151943614144138e-218
4.3409058181860427e-73
7.6833570193278611e-222
7.2263041985282226e-288
0
2.0368431967611632e-233
0
0
0
1.2343540155856142e-81
8.1260770475458244e-52
2.2042884909145094e-54
5.2129969133934204e-224
3.419175760245419e-09
3.5328274345657853e-13
1.2440746740450976e-18
3.8099672872267595e-240
5.0856022317846385e-73
7.0684735650577862e-09
0.00064036225256627443
8.2916637732808173e-27
0.0072619397206709633
0.01445771404228006
4.463207299202518e-35
2.3999261334105077e-89
5.5598374735250585e-117
1.0073847412536863e-06
1.0271101741805104e-37
1.1794990915180549e-08
1.4040432040093759e-09
8.0441647733712322e-38
9.6220348768006776e-12
1.2981771725838784e-13
6.2078150629458494e-56
2.0605792763061212e-09
3.107236265693032e-80
7.1450214822777528e-87
4.1576811560050617e-169
2.3719744801712371e-29
9.0672263791883734e-29
0.12036655266994023
6.7105917892054275e-15
6.9205281606417999e-10
4.2995500770507475e-77
7.0015735372855822e-35
1.8550363799689739e-43
2.1255502662620009e-143
1.4787194454161938e-126
1.7020267843014248e-109
5.8932775962603427e-226
0.00019412466870129876
3.6185302688507171e-58
3.6560240386002254e-117
2.6328881557651085e-102
5.0057749294689461e-216
9.813358951923527e-90
3.8353657389489871e-213
3.7922408044207345e-208
5.6570858012499374e-167
2.8040359458050503e-305
9.1504286621770511e-10
1.3428044651057528e-13
0.0018461550310414677
9.1934377163704568e-13
1.7781734923674049e-42
9.2158329038806516e-12
3.3579491932198278e-31
1.642908619929079e-99
1.6820681927169939e-13
3.6632946999900365e-46
2.5047020492214339e-67
6.8254137196802964e-169
4.7723574171185218e-23
2.7288625879625786e-162
1.3573650221506406e-148
1.2948244628120625e-267
1.0433066867572657e-08
2.9085865079156411e-81
4.0255671388210831e-139
6.5333242009550896e-242
1.879761342839031e-231
0
0
6.1239907216920359e-271
6.2948589477984347e-104
2.4108243366913539e-92
4.5303275327847184e-21
0.071722583151147448
1.9571899394982361e-40
1.6717042303696886e-51
8.688020617389185e-27
4.7923265405662588e-17
0.0029512893053347711
7.1118469225233206e-36
3.3809221854220388e-27
6.5779206734990326e-106
2.6387608998043273e-20
0.22740777665848261
5.0574345440705184e-29
1.5330950406348089e-103
6.7520746915896033e-69
1.5555048640010606e-91
4.8775763331795696e-127
1.1318573790752566e-208
1.1889705241541374e-32
6.6854035815102654e-12
6.8230087519694901e-12
9.2631141408799606e-29
7.7091941658319602e-13
2.5944017309614326e-07
4.9778673244943249e-51
2.3085588911926529e-09
1.3390081028967328e-06
1.1449964014897025e-11
5.9106677118306301e-20
4.877419605300717e-06
0.029778144139422109
1.3895474801311442e-32
7.0585991604676871e-55
2.9606445282884112e-108
4.6302656928757356e-85
1.0377566895938559e-11
1.0842903000117372e-94
4.4917456509165531e-154
2.2341742287893288e-126
6.9240478930577417e-212
2.5342292789075463e-61
3.1331899227991023e-06
6.4553296755453793e-11
1.5227012796857734e-07
4.6962281632542827e-11
9.6154628720374809e-05
2.2166684286278591e-28
3.1189977871978292e-71
2.2067665806342541e-05
1.2285600368213114e-92
1.3243181516892778e-123
6.3110606507684728e-143
6.2719388080868283e-117
5.2249683173470381e-217
3.1101405022745472e-146
2.2957165589281571e-10
4.8372152644585023e-20
2.4746852121051588e-31
9.014277372482896e-118
5.4265985077781095e-111
1.7474722349161285e-187
2.0366087294870017e-230
3.331703292125635e-221
1.4540661334714331e-34
1.0233431353817406e-171
1.4878942491141746e-204
3.8721032433614831e-272
1.4109250091315116e-203
0
0
1.4933764691421107e-05
1.0575741622662817e-06
0.040665170103021869
2.7085170163996779e-37
6.372305078714848e-29
0.88746654122919377
2.6484649542485449e-15
1.3355166067518845e-67
1.208236239811626e-65
0.00056268485808292181
0.29505180896818939
0.016423224589732575
2.0595050296544278e-16
0.6044042147692128
4.8159564395247382e-15
2.3638784310269027e-94
5.6658112382873162e-14
1.2994496489938324e-13
1.3940342132482317e-06
0.00053503701513087879
4.2360735017515482e-12
0.41362002968113326
1.8123588878879136e-14
0.85415379679064951
0.088589732943422747
0.036040646212614325
1.0996988782954907e-05
0.0081024659510675629
1.4453365521927508e-26
1.3418242329950341e-105
1.0698249251511898e-27
8.4167224066951502e-06
5.5738008335248232e-16
0.15311142132745145
0.28913877467895804
8.7276325578577643e-18
0.00062778331771738889
8.2927281911564349e-16
6.4446137759292275e-07
1.5107523768555259e-14
0.20465806641527978
9.0872174765050429e-24
0.084950989639968083
0.17129654310534456
2.7884239550084888e-24
3.7998596456247418e-11
4.8912003907341599e-10
0.0059939172254175836
0.010490422717844092
0.014991124514432594
6.5351089714413774e-27
2.9646759336618922e-132
1.3172584742651161e-30
2.7558728250806682e-22
0.022466202520429773
3.4264733928152089e-25
0.47989220762382223
0.081254086967374378
3.3049558148317186e-20
2.207333077988088e-20
0.1218508066888392
9.8019371019908194e-05
4.6625361684523967e-68
0.03224873606518177
7.1099913771334633e-35
8.1894638090087507e-20
1.883493999125346e-24
1.2755986017582178e-22
0.44237642240199848
0.70974922499477655
3.3193991799921459e-18
6.5254028434776584e-09
7.4737168893362838e-10
1.2112132409094094e-154
1.2969801214361518e-05
5.6911720875934765e-83
1.08845011529133e-59
1.8409777886313442e-10
3.9862005560193384e-22
0.00082154716974741778
1.6735296590488796e-25
0.00073188246084731376
5.1160397158573439e-09
6.9219223324035956e-05
0.0086157035194442903
4.6844683094049267e-18
0.00095410104368651703
1.280682358227043e-16
9.2117627979133427e-10
0.098382138490919258
0.004031064901295232
1.5826432397801057e-22
0.0011440459627644307
1.8080778633313898e-05
0.0047489931876286955
2.4487048502240153e-09
0.065820608711593231
7.4742413485358307e-08
3.7017262005566471e-14
4.7603368466946157e-23
1.2618421797517923e-24
2.8407572250262049e-15
1.5843768879342488e-08
0.006804968239377149
0.63552601928615249
2.6491923605734691e-59
0.0016654885969209895
2.5280452625615058e-12
0.050027145098137785
0.0079608530526057725
6.3140827418718673e-75
1.8288748032401246e-22
0.0057975528383225972
3.2959975649651417e-28
4.2899078043955253e-12
0.22178320995334755
1.0323555990050161e-35
0.020240135238541162
2.5619850612482216e-14
3.7026617161204181e-15
2.87849937575395e-30
0.10588215909861108
8.0051899921867172e-24
0.039941653309861248
0.0064875630798321418
4.5869748858381101e-20
0.5022645618787217
0.47120635130016542
3.7334337947132273e-12
1.872950024758496e-05
0.00043179188679817661
0.00030965183266127162
1.2536561636427502e-52
4.0368779494640815e-24
7.3999973532151828e-40
0.0001027488090954621
6.3011894381443926e-19
0.067079907906605951
3.0519189548051522e-17
1.2448559373589092e-07
3.593120090996744e-73
2.6749603832323088e-38
4.3139992588130924e-37
5.7617245835145032e-16
1.2740264094849163e-87
2.9852595877805777e-35
5.9095029232941154e-120
1.2112132409094094e-154
0
8.8990963385566911e-41
2.9914102637188497e-48
3.7638503158824256e-43
2.1136536167904935e-24
2.2466782896183969e-11
0.00012321281733819185
3.904375927436686e-94
3.1218483355711871e-13
0.0071541544228940889
0.00059751075143047523
1.7984607625202509e-09
2.039876133577479e-12
0.91911031596786352
1.0433438053644469e-13
1.3624437660346686e-109
0.00016386147569522663
0.023818363705740368
2.2090068234221047e-06
0.0041827868050699265
4.5753886524373125e-05
0.025060505608602911
5.6487754763102683e-17
3.2883923357326544e-07
0.18118141505450583
2.1144160764823915e-06
0.0016047597573979634
0.0041029516660405262
5.4677701695677834e-10
1.465048572694961e-100
0.053866090928282956
6.9261714335034547e-09
0.00055699848826571622
6.3131519746641386e-47
1.775273712942063e-11
3.9967466207844785e-07
8.1561529613073434e-10
7.8230926834433011e-11
7.3364866107135519e-06
7.908156039345195e-16
0.013048530374187801
1.1442668021524799e-17
3.7677685847236818e-26
0.014917042236968131
2.7748177815925349e-13
1.2535752569683789e-06
4.024643689871374e-19
3.0768191133627208e-12
7.2085250070533211e-22
0.19026963869027425
1.0681295801577975e-62
2.2444157142105655e-149
2.9306898749586504e-06
6.0429578782299454e-11
5.6065275686613213e-24
1.9081634803651626e-06
1.3871535710996179e-34
1.9156387724013623e-22
3.4133899566738086e-18
3.3665137794065606e-21
2.3301849706725691e-20
0.46807685057147519
1.2067256766092101e-32
0.10830257706396934
1.1991835468535513e-51
0.00017790094157644527
9.7290251927504764e-11
7.6071286392251015e-29
0.00053277521742109131
0.24939651369666413
6.0943194638261613e-05
2.5675507715989515e-36
3.297177546859286e-55
4.8959089415790781e-244
0
8.6743354671937513e-06
4.253880216395599e-07
2.3751156183822608e-13
7.0655059309734993e-12
0.044866161707104953
1.1598799963422147e-14
0.12656147839436918
0.00087123299876723189
2.3461478910338708e-07
0.0040132843684911705
0.012586017964219563
0.00014288707272414801
3.3889808876817665e-05
0.0035984333358395357
1.7524778542519371e-25
0.010637719981883323
1.8122341518892183e-06
0.14765528074327325
0.088323172134143299
3.3816392655393901e-06
6.7080238486396539e-22
1.0836580926246819e-103
0.002666115363789781
0.016385890753910781
0.11645998936042168
9.6209238645453675e-24
2.8975656314388812e-06
1.6629930824618965e-90
2.6821785317035717e-16
2.6527172133548862e-23
8.0244708047762517e-48
2.0403604087990965e-05
3.5514591492446809e-09
8.3685482904355879e-11
0.80933975209998243
3.8650772477938348e-10
0.00054325761714433608
0.5313240658829339
2.3106333383775033e-30
0.69613732571190734
0.00020701537464797238
0.038006230593369182
1.4872590056312277e-30
5.4926125433074257e-12
2.7379530077530569e-09
1.8578559590181283e-11
0.59298166872695168
0.013730675552263556
0.048528868980357777
0.023085661821566392
7.3939064436178071e-39
0.011181934468231989
2.5804868395466001e-16
0.00010690770592733247
5.8552039770592449e-09
0.057029960752767131
2.1854031321163894e-26
6.3638473797172079e-45
1.6634230961544059e-09
3.7251608151813426e-08
0.0026145083365942171
3.9385012188786547e-57
1.6485615317790368e-15
1.2440726910453104e-17
1.1310218741291188e-44
3.2073935285738045e-91
2.3763679532121786e-14
1.5495494059987568e-83
7.3057751520576286e-42
8.9401710433807671e-122
1.0761904196509726e-91
4.3145609517172682e-150
4.8959089415790781e-244
1.4312365637389618e-05
2.2049830717029884e-06
4.0093495939740676e-30
1.3950629176943069e-157
0
2.0248914539891289e-43
1.4389961437505324e-11
0
0
2.1101155002301781e-298
4.5801335157034248e-73
3.9497484071726651e-80
0.0003511391419792042
0.056356311419917711
0.01805932536577266
0
0
1.9659282402687041e-133
7.1264367120368283e-298
2.3896164222318184e-270
1.3094834669171012e-70
1.3133384532171954e-20
1.7219848548025543e-66
0.67299798262569155
6.3315674620055019e-28
0.0023113656155399434
0.0011941617961045167
1.1641168920004522e-07
1.6211202886392535e-12
0
0
2.422789239626221e-151
0
8.8025469715248358e-123
0.0053164237811094426
4.2266539140232472e-284
1.0801103662329523e-231
1.2263486695958588e-43
3.1811144128724318e-31
3.1063330761585006e-19
3.0797963927783246e-41
7.713953429490045e-50
1.7544688081089539e-30
0.3466694382561199
1.5643912268151286e-41
5.1492361345552242e-182
4.4933580752483455e-05
3.3659453055737172e-13
0.0005076434671469998
7.7758877631578309e-10
4.7219393770723528e-08
0
0
3.1447065876379136e-293
6.951804547366103e-116
5.9275308368207909e-291
6.6679844239050054e-247
1.5874039913294415e-51
0.0052805671682771681
1.0156031010794789e-243
2.4349842807899287e-225
8.2202005831262402e-180
2.3447521803074835e-37
9.4166568952560682e-16
1.5532779437522672e-51
2.3206717626931739e-57
3.5529712829596964e-82
2.3683428452359914e-17
1.9632902099554408e-07
4.0704897271653037e-15
7.3164033011445233e-191
1.1271802312639743e-10
1.6249384559217487e-36
2.4930642530502102e-23
1.4312365637389618e-05
0
2.1034849144501602e-268
6.9961267464159655e-270
4.4046038392220528e-26
7.0103669505718233e-10
5.0263520717995037e-158
0
9.5544503527239462e-303
0.22899734002533173
2.8798690860391098e-234
6.3762674471563993e-168
3.4217959355267645e-06
2.4770308536193115e-53
3.617250197002433e-14
0.89004571216318662
0.85998363624179475
4.5510635427844377e-213
0.01229901371497413
0.99086154148180472
8.3422114030061654e-05
0.26095189346919584
2.3577698881093568e-40
2.3503152208698655e-294
3.4086147785731771e-284
7.3167247275117445e-303
4.3787736359458969e-221
1.1036720228535447e-263
1.1544874066233116e-258
5.7343200343777747e-224
1.6447650791501554e-05
0.0014537688167144721
4.7802326211436655e-185
6.7334232564031507e-240
6.0234982695065158e-228
5.1417629369855109e-198
4.7152711049665226e-115
3.3184763358107437e-30
9.5166468959611559e-07
1.29926353580307e-11
3.6159467653981869e-16
6.8628407441712123e-12
7.3265118595410175e-38
1.4994898376180073e-45
0.21330268139308758
4.5091717134521719e-35
1.6707584924835618e-24
1.1654775737120081e-16
7.1798136264551136e-10
0.29168504673468443
1.953052090061887e-177
0.01878149114418097
0.046145117764762232
0.85884424437095563
5.0072267627164962e-149
1.0002933684314123e-113
4.6815009358954e-179
2.9039512719649748e-138
0.011995138949923502
3.0086321310860952e-14
4.7134600885028504e-09
9.1405244743126122e-83
7.3645594462516232e-07
0.31991898496209348
7.1157215864993215e-109
1.6688272294562053e-62
4.6354701947973093e-11
3.5386923117203704e-06
4.6782338920211204e-07
1.0521076263761715e-74
5.2762227115521501e-23
6.3836858204735248e-10
8.9621713366873023e-37
2.4930642530502102e-23
1.4002024154395384e-25
8.8524407682733073e-12
0.0010381300045259486
5.3615991417517845e-35
4.1867565274330935e-21
3.9648336410337693e-08
9.355395576148585e-08
1.2524624489861515e-41
1.2039561092376512e-15
2.5660304350754319e-11
3.2918940694404997e-12
1.3777084343683831e-17
1.2553154671821777e-12
1.4406259898323654e-09
2.4004868159027987e-11
2.464559718905477e-57
9.0857904814986829e-22
6.7890110700627384e-41
0.004899268689498042
1.828665466174594e-46
1.114603471421433e-05
0.046145117764762232
8.3472969960701227e-21
4.1807484638979325e-10
0.0043382816002824629
5.5295927665767827e-23
0.0015758602588450596
8.6530676981775828e-16
4.6008396587513247e-34
2.2599446238445559e-105
2.4723266478728917e-07
2.2672612270057129e-10
3.3206225173060983e-05
3.5187744576692789e-16
2.0558770336688785e-05
3.7638083629605941e-05
6.5835952011249198e-18
3.6697202515646416e-26
2.0707410895985354e-14
2.1494446291265538e-17
5.4037580994036441e-21
1.5703348716418245e-89
0.0053270144440982032
2.174830426829283e-08
1.6950491827132855e-10
1.1719374214711787e-17
2.5754593151084381e-94
2.4967239623953821e-10
1.1020447473647042e-98
1.4473847622371943e-86
8.1781384173575702e-79
8.0242144759241708e-241
2.0258639342846137e-18
8.4342035724106964e-15
0.62071341837149174
6.7520516642528178e-22
6.7703653549204872e-16
0.70869594628691657
0.01454626954752773
2.1197226012858467e-39
4.7757713346239283e-13
0.0001561698908947103
3.2488595644921067e-15
5.8930798598372991e-45
0.0028303844981603338
3.0975722338770035e-39
7.5738841134100875e-42
3.9326459977660411e-149
0.0095534265393151744
4.0020004197358681e-23
5.3166398182018543e-19
1.1493138003423817e-135
1.3005202690608245e-130
3.9900316016740893e-280
1.4002024154395384e-25
1.8655751170688568e-09
3.4841063987431283e-07
6.8041901302023674e-54
0.15111651941005844
0.15987301418434313
0.030273153311226632
1.8137945073097107e-27
6.6382122524097574e-17
1.1941521401203906e-24
1.1751661704619575e-06
5.9035299097945461e-64
0.00033372788935212344
1.2106886549609164e-06
9.704740042439932e-13
3.8570598326980553e-07
0.58113480225018987
6.6254725760892657e-11
2.3799860918069958e-30
8.3677990470732076e-05
3.1285976758606759e-54
1.0938086558332095e-88
1.9016893148742325e-19
1.4055319695897554e-12
0.0039192027036481806
1.6041500961448541e-06
3.7535428070174375e-13
4.7596789477630055e-08
1.4482801370221069e-32
1.4353692255893074e-07
0.72548099595289206
8.8490937528853182e-11
7.0856576682897743e-16
2.4608695003690899e-06
6.5958633993226007e-06
0.29296430511707716
5.3691053618301986e-41
3.5549825645682243e-05
5.9286389096907067e-31
0.08370229600464546
1.0415590230624773e-05
1.4279257719451525e-44
3.314396379451939e-14
1.5682675139433756e-94
1.408475384558216e-70
1.0390162951108037e-07
9.7473381642386509e-09
0.0080297867021328715
3.1198871823528742e-09
0.0014157446920508197
1.9058184283059291e-05
5.5800185480086085e-23
8.6720071717174969e-11
0.015745442968096067
3.4936243142671641e-10
3.1887762999027536e-40
5.3518750676180367e-15
1.893372399720006e-83
1.8327857337213806e-113
2.5877591154022457e-12
3.4322550762779145e-10
1.451562626227779e-18
2.2782723086669072e-44
1.4875928568424586e-06
4.695735898017882e-69
3.0654295726860055e-119
7.0966286143759753e-159
7.0228374934383463e-16
5.2852293062351432e-59
1.4013822543662447e-106
4.6464215790676621e-191
5.5107034733467453e-84
1.3679224621654832e-223
3.9900316016740893e-280
0
0
3.3169497227122314e-292
1.2995431335655809e-157
0
9.3026598561811409e-99
1.9344599304830552e-57
1.1405386048781333e-21
0
1.777052754548415e-112
2.4351117668483175e-12
0.3939591405818042
1.4845941641193312e-10
0.00041239183823882554
2.6535777290294013e-19
1.0424540786910287e-29
1.9947501124596926e-99
9.9050878277778763e-09
0.0054665575667251819
2.9659667056303708e-07
6.0463887910230468e-38
2.0049356314227718e-57
8.0066005779914289e-101
7.2624316320309425e-18
2.5583215829156618e-57
2.7021283834187513e-120
2.1445783086996509e-36
6.2494288732949754e-137
1.1697717154858018e-145
1.8065294982537209e-197
1.7251483980313337e-89
1.1081003039206433e-30
0.49250949925790077
1.2206956562661911e-18
2.5090371360147947e-43
2.9128651035715743e-92
9.2557774553437666e-36
4.9475759022205828e-90
2.1970093419931596e-188
1.3017108533393099e-189
5.1201265715632305e-209
3.7218127210678847e-280
1.2583840519725588e-46
2.7797000016369942e-120
8.4024778101757754e-178
9.3995805948088508e-218
1.3428398210667524e-279
1.7599759237503231e-176
5.0468748113272099e-285
2.8628194990564599e-282
1.6434704258701335e-278
0
5.4882205160372325e-96
7.8975130828525871e-19
0.011325366270143607
7.4257097482329016e-25
0.033238710968872945
3.5388818189008783e-81
1.1148215634473691e-86
3.7196983443322661e-158
0.0051190167294781399
1.0958046387188823e-72
1.8382149789119434e-135
5.1278725559251609e-251
2.753554329692187e-81
7.9978012792759263e-261
9.4013976008905192e-260
0
5.2846948934111846e-24
2.9557230070385092e-159
6.6293777638165986e-231
0
0
0
0
0
2.9853170816921211e-310
3.8885808736260881e-30
2.9436263880668855e-29
2.3472867773591413e-09
8.0107917017898003e-140
2.2442583211586543e-70
4.4519061620977315e-05
7.6803845815608777e-24
0.0020652225810266159
3.3912142968938733e-37
7.2767984812018184e-87
4.3781138039565749e-170
0.16827519495798332
9.2881538334873146e-18
1.8555997454099728e-63
5.1076773885251947e-187
4.8863626246292596e-50
7.7590129312492606e-149
8.2410729132331087e-193
4.0265281007655674e-287
7.3451283339276345e-144
4.3814488448459543e-91
1.5949059777212376e-76
1.3023272644432955e-27
5.7616002820206387e-24
0.46259845637982366
0.0015570906336802382
3.7741902984199111e-07
2.500253731199627e-51
1.6411046122720582e-41
2.2170932151552161e-07
1.6762738539961926e-45
2.149950491914974e-12
1.5799332333757633e-59
1.3332612132356449e-66
5.1328594010388663e-189
1.779808303374596e-108
2.8079326916250747e-39
9.9615007093713423e-146
9.8034698889838961e-232
1.4546462051102649e-192
1.0505736719329314e-297
0.00063955202515832165
5.7190301445663587e-72
0.00016435882884424541
0.0011603578278412852
3.2573060213399593e-25
2.4926773124660649e-21
1.1001546548288013e-104
2.5903294098792298e-75
2.3766435780187868e-28
6.9637270281231991e-124
5.9709254852917623e-219
4.3244990335363463e-236
1.2210557676798549e-171
1.4224358604163655e-285
4.3444160324615893e-100
3.392404512746138e-06
4.6225642838298817e-60
2.9618547602646968e-129
1.789541020155962e-159
1.2475618669917838e-139
1.088909683783901e-283
4.984054990831606e-303
4.8830341818592579e-219
2.9923242586936648e-67
1.7541718465600518e-205
9.837727399517791e-297
0
1.0693064339420516e-226
0
0
0
4.6422314023539257e-59
1.3393901500184149e-61
5.3206746155265078e-38
1.4909647737306011e-218
2.2850023870515774e-15
8.7867553305951767e-16
3.4521626446348444e-21
6.3619784462670841e-272
9.5019053042484436e-112
8.8878769340796169e-21
0.0083471385257236821
1.7880463592769381e-20
0.0018629369662986469
0.0033071505065940697
7.8631652479696215e-37
1.1528539487115091e-105
4.1997879030332278e-105
3.6303107642872843e-08
8.9274268703753715e-25
4.5639977187866395e-09
6.9403927096542211e-10
4.6005251773089523e-29
3.3350122524152078e-10
3.7820457103127711e-20
7.4863020241058668e-59
4.0647365119728746e-13
7.5735274126446044e-78
2.2037429083235704e-70
7.6006775510719306e-180
3.3309636338873134e-26
1.1852751059038981e-30
0.50404718671152171
1.7707926327116625e-13
1.8038398901450293e-11
1.1520949636546795e-76
5.8660758011922027e-17
7.5598036688219764e-41
3.2503096092310778e-127
7.1458064744929081e-132
8.5719567714570959e-111
3.2632972947500426e-225
0.0015667717131645511
2.3033039697745878e-60
1.2446605678594449e-116
8.2947955393197926e-96
5.4769939108237537e-221
1.4905235976371121e-93
2.6913677945789189e-212
4.9112053393908091e-202
9.3625903970133612e-175
0
2.4484330064825138e-16
6.9903029122076283e-10
0.046309387551265437
3.887065893319468e-12
3.8470182258661022e-35
1.1589919311239244e-15
2.3936276392747347e-28
5.6249633965005743e-109
3.5894925035864559e-11
4.8018155902963899e-41
3.3593985579700532e-70
6.4250395097338765e-157
3.4124970903124914e-21
1.1475770910514174e-167
2.9486248615082653e-152
1.4402232931667322e-257
3.1646659073602436e-06
2.932280350447742e-82
5.2606578799728799e-141
1.9657641607410715e-237
6.0108225551206207e-228
0
0
3.2003422619669038e-262
1.2782222001692583e-119
5.2807159918750198e-63
4.8672991011549969e-34
0.28354748194117535
2.6196178013353117e-29
1.3919377890056719e-53
7.0079715657775774e-32
9.3223082256824125e-10
0.35028672089894392
6.2502927679711088e-39
1.3955061156677801e-27
7.9244564822264093e-102
2.6267135704918295e-27
0.083000151505073338
7.4510958867553298e-24
4.1104502280625154e-107
3.4469016519985742e-56
5.9802865153278355e-89
2.9929987028900542e-109
3.1733942411478103e-207
8.1853634172987811e-20
1.3161055397358764e-13
1.3624155349245765e-25
3.6408247952038422e-22
1.8380645968300395e-06
0.0032514355187948448
3.4341558339296145e-50
2.2424211321996388e-05
9.1966409804297034e-06
1.992715398997528e-10
6.3966794322417452e-12
3.2475737073064003e-07
0.20056233490489139
5.17272115855899e-33
9.5717562278413528e-64
1.6420199411424525e-100
1.3367909804824308e-91
3.3583562799288722e-08
1.808440248081029e-85
5.8459021200801179e-159
8.4545108147300569e-124
1.872813742763381e-224
2.3370685398121527e-49
8.0593846804073175e-10
1.4888798531949723e-10
0.0015220892844374887
6.5402482168953399e-07
0.034795871630211112
4.2472595307624068e-22
8.8812238986466924e-58
0.0026434168073499612
1.8377057219472495e-89
6.3564864424923766e-127
9.2523654676114035e-167
4.1753854499654904e-116
3.6963021302876675e-216
2.7504280846457951e-144
6.4761918338228183e-09
1.3078974549425829e-14
2.9814603030321106e-31
3.9433857135808599e-138
2.5951398647070212e-112
6.5950096806685411e-204
7.0713954533593509e-212
9.1345903547490154e-217
3.9862005560193958e-22
2.1887102664235452e-187
5.3272594893489626e-212
2.6096952262818538e-275
1.3223763036347015e-219
0
0
0.26523976163531754
0.019648702225401053
0.69660791375863573
4.9563536762856395e-30
7.9496103881490861e-27
0.10912010860111278
3.3874647225772857e-11
4.6321957842314491e-78
2.0198655414158837e-84
0.00082708228281250739
0.0047622956218954082
0.00049677983328107547
1.670001761975325e-10
0.82615079331751251
5.4125615043475861e-17
4.2751666842695093e-91
5.0330093511996219e-18
1.1228203852781076e-09
9.0289779572198759e-10
2.4057556759023593e-05
4.6918913473368026e-05
0.078950501083297528
1.5881980360743092e-19
0.057049884948530818
0.0044136862083864496
0.075978974041121874
1.0630176245540064e-07
0.5097472111796848
5.5863333170680512e-27
1.8669374556492321e-105
9.6127997544770682e-20
3.5396837598207244e-09
4.5915745460801718e-20
0.0045246418391933088
0.40441341313080648
1.4073288066270017e-18
0.006622183766200402
4.5697664525097948e-14
0.0066274147773212411
3.2864831342425066e-33
0.0036290377882331496
2.2145131364590413e-25
0.52518854764871614
0.70729078627281006
8.5571235446836681e-24
1.3657100552155584e-12
2.5916187538418556e-08
2.3570262958322319e-05
0.0084423555400736441
0.0009964983379573912
5.9598995960751858e-28
4.7910613514028846e-122
4.4021918213814018e-40
5.284211953781907e-23
0.00062540232420847468
3.4575052913799217e-29
0.72803145673846625
4.1414741890587869e-08
5.4498827443425536e-20
2.2068578926337194e-17
0.045834484978929953
3.0617919773633784e-08
1.8572652962739676e-65
0.16141479507757628
3.7908997099573727e-39
6.0825802096917051e-23
1.4269725541338471e-32
9.2854977603981828e-23
0.13294555160000907
0.0059113325486779538
6.8683541767744833e-18
1.0302848223524891e-06
2.6660800354990375e-09
4.5787245976842257e-142
0.26323710379975768
3.1599963186955297e-61
2.7738600167239285e-61
1.4342774838253814e-18
7.7975419615012443e-14
2.3133866268210824e-05
2.9636919599126984e-19
1.74646695430588e-07
4.5787493479193775e-14
0.0003578000397906742
1.8122341518892149e-06
9.3041612376024309e-27
0.00072880908188833408
2.2736233291947571e-21
1.1092257897698691e-06
0.012644179924437362
0.13345445967858499
4.8338861367873254e-18
0.00044333023265485
0.0013409121525073601
6.1996627205758773e-05
2.0250393133684141e-12
0.24016291187420957
3.6367108392581798e-09
2.5413660350574782e-20
1.0911526183606931e-08
1.8197160682023372e-20
1.2133136815162367e-13
3.8661857272440373e-09
0.0033910897661451125
0.036197487250962841
3.2195121926980081e-55
9.0462292591470152e-10
1.6756958195505739e-12
0.56794814265401128
0.18691738081028569
8.544732043340573e-90
2.9102901469462011e-37
0.92456106684893147
1.2228828431485448e-24
5.2988224845328971e-12
0.057570152378134322
6.8377869552466959e-25
0.1818972759803755
4.0157840897729572e-18
1.3473817006447794e-20
6.8933096451010458e-20
0.23517170204350477
6.5598464439659341e-25
0.34254067020848572
0.014680070494379069
1.668948376419429e-21
0.077228699180002011
0.46313411910065394
4.3978525817791559e-25
0.01536681031235617
2.2756041902998541e-05
0.0025816953844782107
4.0201630335168691e-60
8.3060396611523252e-28
3.0856402147540073e-37
0.05174979436357037
9.5384405271865794e-27
0.15595136798335346
2.3522500504696847e-11
1.4273793392684837e-07
4.0982275898134484e-77
2.1837713727144693e-31
2.5742678449735787e-49
1.3825163807441848e-17
1.8252953464398974e-79
5.7572799136805557e-35
2.9409145553961174e-97
4.5787245976842257e-142
0
2.5454238062360644e-59
1.8366941533479573e-57
1.1817199403592509e-34
0.00018688549995722948
7.6543170601931477e-10
0.34361452679788795
1.1644010941604042e-79
7.7630561301436456e-11
2.9342429490596213e-05
1.1761065068747852e-07
7.5166464512659164e-05
3.7036895090254271e-22
0.11406564751130778
8.7688709234490181e-15
1.1727275956558163e-92
4.3231835434471584e-07
0.047931016472641995
4.6378447499260771e-13
0.01904494334632989
2.4625084291683999e-12
0.00091155689233299894
1.1724957246968417e-11
1.5316847050939277e-10
0.0082561826952457749
1.673384963974941e-07
2.4867771794782517e-06
0.067682785041640742
4.8765140807569046e-16
6.6686508609450814e-76
0.00019154359521689221
7.2245340221516483e-10
2.1533732594164842e-05
6.0557102042315503e-38
2.4856635044653681e-13
6.6406503633299797e-06
2.5314424035954236e-08
9.5153892124668471e-09
2.8859223947843218e-08
6.6776035317371794e-15
0.46270556381694627
6.307869795003849e-16
5.4838176956374844e-35
0.3687478530167525
1.5289013791875197e-18
3.8103194798321275e-06
5.9359351500159025e-24
7.1019819185180102e-09
4.578211557092482e-17
3.6982134931884097e-07
1.7943768915193809e-72
3.7270740787438431e-127
2.5475112668006415e-06
7.7025263860896618e-14
3.7828451866942786e-22
1.1452923552445273e-07
8.9496048310145996e-41
1.3846805174636691e-10
2.0754027163766605e-32
2.3183113586595481e-23
8.9890140178310064e-14
0.040475896138398908
2.2450333766388827e-29
0.08224776348991869
2.9516933283399876e-42
0.46506509645977068
4.1007285200457928e-06
1.354903865861186e-23
2.6528231020286941e-06
0.044294270059222617
0.00085566790420911888
5.9645718340497238e-47
2.3732040871013967e-59
6.0386190337958304e-232
0
1.7528206266624707e-06
2.3782323938178976e-06
1.5694210237286406e-07
4.6628303464778305e-13
0.82717762463630051
1.154721960999656e-08
0.34415230617518933
0.021369685326430875
3.4753608772236102e-08
0.088500799754377815
0.0070812941262565401
1.170641544898276e-07
0.071038549563016057
0.0026060019404412151
6.8836136081058106e-21
0.0029321848334744553
6.5255581552418501e-10
0.84911086144448678
0.19635701545701781
0.001126549017966539
1.5120577856114659e-29
3.5456977214564189e-116
0.40213098691060845
0.00015468815721392633
0.00045594506628252046
7.1404494438117439e-15
6.7829414857112471e-06
2.1591169037341588e-86
2.2140739640398132e-19
1.0452246654433592e-20
4.8090544379499758e-49
0.04286322908446271
2.4732265789285166e-06
0.00019312151272583475
0.75419597077315947
4.6962971760854729e-10
1.76203323517516e-09
0.2369400283380001
4.5146083922511548e-31
0.3492894640153692
0.00011745457542572227
0.10333933654887201
1.7164082674649108e-33
4.3348618039681283e-11
8.4235479718754436e-09
1.1097006853639812e-12
0.71185422100426476
0.00062857895187948547
0.0001326051223765011
0.86618351401775051
6.8359971711132844e-29
0.12774302842308088
7.5765103755662363e-18
3.8275998068876808e-05
2.3195374593677843e-08
0.14066785222326969
2.5158141429566629e-23
7.2276521998689972e-47
8.4191861149044965e-08
1.2087899192924834e-08
0.0048778013804792958
2.2424388193577027e-45
3.5427127260438403e-17
1.669698957037425e-19
2.3748223906159689e-49
9.244964706233833e-98
8.3173644408510159e-10
9.0412749181237187e-77
3.5082195052626928e-52
7.7456089968323076e-123
1.4351158687622989e-65
3.5507298257898049e-150
6.0386190337958304e-232
8.3025300557674459e-13
4.3949813028288008e-16
3.684588952600342e-40
6.104788275502309e-185
0
7.0532115780618592e-53
7.5138134742668581e-06
0
0
1.6252940454305348e-304
5.6350535596851335e-67
6.6724275625631186e-68
0.047846164808985764
0.0031657158709358273
0.0043696936343263857
0
0
7.6950959553324658e-142
9.735105108792464e-308
7.7821683266509414e-273
9.4341857262198829e-63
1.5136934851672081e-27
6.9581686053884123e-59
0.78394856545235481
5.504689196952297e-27
3.2034668323558648e-10
0.00026207635563274838
2.333464963372824e-10
9.2469414100829755e-08
0
0
8.9435561173555086e-141
0
3.913838127486667e-124
0.0028604429693922669
5.9358415535401734e-294
7.5139012645239956e-232
1.042876702294239e-56
4.11000114020755e-31
9.2805809341175285e-27
6.6649349706307485e-39
1.3091377609074478e-49
1.1334949607808399e-17
0.18305859089249038
1.0771071050036191e-34
7.9093143723961292e-183
5.1733002839987914e-08
1.1243719751673198e-19
8.204705408686741e-07
2.4945101716214721e-09
6.8339090771539609e-13
0
0
3.227794008358569e-304
1.2962622811027915e-105
2.7135244477783425e-276
2.9684628113875249e-247
2.6474989073627848e-56
0.050881772547786509
1.9023884801731652e-242
3.1776068387690823e-232
4.1630517718669742e-155
8.2386847364281463e-48
5.8735693851805981e-21
4.7701795636269291e-36
1.8926455756239958e-68
1.5049925660765461e-79
6.1555867471490124e-17
0.0069513910542796792
1.673149445448739e-21
1.4758274381350251e-173
2.4899759497393574e-14
4.5836370603855372e-47
1.4037537376988356e-25
8.3025300557674459e-13
0
3.0295522189940161e-275
1.0163029473091509e-275
4.8083820489925859e-26
1.4249298008361124e-09
1.0090089720935007e-182
0
0
0.10553534838564896
1.8339675689199653e-247
1.9699838820270351e-191
1.9289067911078973e-05
2.6887218503874877e-52
9.5451820019687224e-13
0.026246742511148124
0.90669707168484504
2.036283116214947e-218
0.00053617143771802708
0.47001808672544809
0.0060129491230878056
0.068879634451532654
1.2912245871525871e-56
5.3921952764427293e-279
1.1829396135864837e-302
4.6548339304459743e-301
2.4732496514224544e-206
1.8744816538707205e-271
5.6807501600729523e-265
2.3796012689619237e-215
2.4878870750040915e-11
0.49804179796715331
5.3027263809379575e-201
1.7384938171983491e-236
2.4388717074815915e-235
3.7505525167124475e-208
3.7710209945821241e-118
2.0559851229241848e-30
0.020492136560238839
1.8629498534841265e-05
3.5278763643120322e-07
1.0689303684132204e-19
3.4307415421794041e-33
8.1239279470396403e-34
3.2406748624133721e-05
1.879433553563176e-29
9.1869587233534467e-18
1.0840431988665799e-21
2.7262432977578811e-06
0.3059815895575142
6.7395910813366245e-166
0.00029717722443675426
0.049098838202210025
0.86951671756576088
1.9503494363881689e-167
4.3822408824066589e-125
3.3993646937709934e-167
5.3981420174918311e-161
0.003985954426372923
2.7991624803577182e-08
2.5883980598955406e-07
2.6190532526060268e-87
1.7789726234351287e-08
0.55092047623182716
1.6278812599927332e-128
1.1416718725841709e-88
5.4638442213236337e-15
4.2175836022920566e-06
1.6609888864876228e-07
1.5732058156180091e-79
4.815720683509761e-19
0.00027842777229226587
9.3334021215365276e-30
1.4037537376988356e-25
3.4475337790422843e-35
1.0834674458899061e-13
1.7038794952640959e-06
2.1319510234425873e-35
3.6366970481424136e-33
0.06652773217190619
1.5016069716904713e-07
8.3201867129045199e-51
3.1354866490566506e-20
9.313058688537568e-17
4.0607872335519018e-12
2.8779541073044602e-09
3.1265472741050582e-11
6.9068649093483366e-08
6.8761695373862149e-12
9.3408219751574532e-64
3.9299801588144549e-13
1.5975298129938177e-48
6.7419239929322329e-09
7.7340898304578029e-53
0.001249009439632456
0.078950501083297528
3.3888921910690694e-26
1.0810016225789841e-07
0.060258027220338246
3.4623575442699944e-19
0.00040698293961151659
1.541159558649661e-18
5.9119911091670167e-24
3.8236956633919783e-97
2.9980682212892846e-06
2.2571410902508042e-08
0.053395310933742238
1.6297783014415349e-16
0.00019170909313140296
9.3803766190389203e-06
1.4747245692218053e-31
4.730396751609875e-25
2.3659325171832277e-11
9.7771704399065218e-15
3.2436340213036095e-21
2.1515885445836338e-96
0.015244467496637779
1.0518123321057983e-09
4.8596447574992608e-16
2.9895941430416476e-16
1.868965490837908e-101
3.5822740902012808e-15
1.4272939741857066e-106
9.6826848743640211e-84
1.2590886524776253e-101
1.0100113074329396e-225
2.9465286167526106e-12
3.2831854244820645e-18
0.013699184238773645
3.0178416377194108e-18
4.5551270902132172e-24
0.0030722092900950962
0.31508368388187047
2.2112345172658811e-46
4.5998358774404814e-11
0.26279362630483066
5.5234248146369876e-15
1.2451640894320737e-37
3.1034341207564897e-06
2.9139339517599356e-42
1.238719520543677e-39
5.5184087837492542e-160
1.8696107530795691e-05
4.5311809041419341e-25
5.5976891446461903e-27
7.0483904278306654e-129
1.7759601781939392e-128
1.136463216110239e-270
3.4475337790422843e-35
3.262271539892613e-13
8.4671047139923819e-14
8.6549109528585828e-37
3.1696461329733545e-05
0.059239514637671506
0.045074348279750438
3.8955067585840731e-18
2.1513817424978874e-27
9.5876503374069916e-33
0.0038118795646880661
3.4172019738776131e-55
2.4941947496156267e-07
3.7394651464132633e-07
3.6869286198642503e-08
2.7541695342479038e-07
0.21907668006344286
4.8122904330440143e-10
1.3455685744146242e-29
1.880497915046155e-06
2.8952252118005639e-65
3.4974101112805816e-90
1.0033186407966895e-07
2.2878022959002826e-09
4.5018695609864662e-06
9.3597599407857392e-08
1.8726292037552384e-08
0.0015158082684860019
3.6802862299037738e-30
1.5425634827519664e-12
0.21111455979567775
1.2219388555158632e-05
1.5763023516401715e-09
1.0443689596914568e-05
1.2020342179398765e-09
0.012619914706263818
1.554218547994652e-27
1.4093538147957554e-11
4.2247310992520852e-24
0.41503173384899589
4.5003462205463733e-07
2.4016992897627227e-59
1.445056450340239e-18
7.5229637193564271e-99
1.6422335441972833e-55
0.00011348339108097626
4.9563678023736135e-13
0.00010742152637952673
6.2256459933714032e-06
4.4255420265772616e-09
1.1230396169491925e-06
7.5436853869266887e-20
0.00089042577037882435
6.3386832006264215e-07
1.2132303217405502e-20
8.3223633701915354e-46
1.2997535130033668e-09
2.2796909412031782e-93
1.4768163380563626e-111
9.5092275825081631e-17
1.0156709220140286e-15
4.0541975521096506e-16
5.37986668702154e-40
1.6389823255906633e-13
1.9511692896785818e-71
4.6504354759385361e-118
5.8370513999225071e-149
1.1408152075607807e-19
1.058218760636967e-65
2.8886806776641284e-108
8.261099790926908e-179
4.9372483117704892e-90
2.3178752959272421e-218
1.136463216110239e-270
0
0
0
2.5192488236375624e-140
0
1.8779402491130607e-95
1.0967732164288885e-63
2.4121163573229614e-11
0
3.2191545419497599e-84
1.4143507939561522e-14
0.20758960106753688
4.477953361210534e-20
2.4402400655996459e-05
3.9608255650157173e-13
1.1773294083979021e-40
1.2495726025075626e-69
1.0604881088918331e-06
5.2577561123131895e-06
0.049447265177044314
2.4626792494303135e-47
9.9946802763603061e-57
1.2334136155847924e-84
1.5076535647296562e-20
2.528465607325126e-58
8.0241924497771223e-132
5.9803739507971305e-36
5.1256725611918056e-131
1.65718282385788e-144
1.940904578631631e-204
1.6122298570780492e-100
2.6283163846582662e-31
0.13080128161365234
1.8351477147237303e-25
2.9130333227480256e-38
3.1489614319511271e-107
1.3242718479737023e-33
2.575269626471103e-89
8.2272402953691955e-182
3.5966890871268229e-203
9.9400220659832874e-210
1.0011479524904032e-279
8.1031690381308603e-34
5.6193806724448525e-129
7.529914158487255e-192
1.0201375324330514e-201
5.186687445359904e-277
7.3475858194849438e-188
2.7973215474809491e-293
2.8617023256610589e-289
1.0538916660007676e-283
0
8.1212626152174048e-105
1.9229513546482692e-24
0.050595417366601829
3.70968474274173e-19
0.12343032036631871
2.5536217691729852e-74
1.3472406079700289e-87
7.9543742645787543e-173
4.4874131389483939e-05
3.4923119807968207e-80
9.9498729626820923e-140
9.4817872618450265e-242
4.1924999828609006e-90
1.595170007756355e-252
9.4819589229334792e-261
0
1.1288958632750114e-14
1.0980070957578438e-155
1.4911221335730795e-229
0
0
0
0
0
1.621071424041149e-266
1.6236340931128301e-27
4.1302776333937448e-25
7.7518505063900947e-11
3.3999079727134369e-137
9.8898546848205438e-95
4.3734102353728211e-09
1.9071780237424522e-16
0.091295028598120831
7.4394589423838857e-34
6.8732211536350279e-77
2.2559796275217256e-181
0.39591894321251675
1.8375630427404814e-16
2.4551654703220027e-60
5.6896286781614418e-191
2.0461386730751599e-58
1.6633992194977583e-143
3.2835283741528194e-176
4.0745041629506723e-296
7.1594702135933081e-121
7.8133010751163879e-102
6.6543380128127891e-62
6.0989473195945307e-26
4.3658119640735507e-24
0.0064594249281796617
7.6027638142834821e-05
9.1912222618545543e-16
1.0675606473475705e-58
4.8787882256794135e-50
6.4302375918643481e-08
1.0772100640323521e-45
3.7881284463386361e-10
4.3485516720264293e-57
4.4469544020130992e-68
1.1787966604297562e-184
1.2820634087896816e-91
6.4834783432475226e-30
2.5179753100976634e-149
2.0193740594057972e-227
2.9443732119228205e-168
2.869025032956157e-293
3.703893903056233e-11
1.0678350790866365e-54
1.9697589334749717e-05
0.009358389252019152
9.7121631545989026e-26
5.8232906849874498e-29
1.3570545351760223e-104
2.9588894546329163e-92
1.7337598444137857e-15
1.8432050171371216e-117
1.0343413306754094e-199
1.6068085893668555e-219
1.1336993327612113e-172
1.2422144067843713e-295
3.1696131033333596e-116
6.9073166008615066e-10
8.5230820782718145e-61
5.6670318004804306e-116
1.5652906574337879e-168
8.1031405187219312e-137
6.4732463164428655e-266
1.2058632249553634e-304
3.3389719378866748e-236
2.6959189376211009e-71
2.5604004139171055e-226
1.2782611736540439e-286
0
1.2027948218747949e-229
0
0
0
4.7007461668667434e-54
8.834209294527455e-89
1.1465492323684075e-34
2.4743455212255153e-221
1.6469334444480659e-15
8.5472995135047675e-25
3.3947200429698979e-18
1.9228433179463355e-220
1.0551055280939602e-79
7.650223437126482e-20
0.16560433906556987
5.49218442117724e-25
0.03228403361349641
0.0037935071875969586
7.7749511952956995e-28
3.1096756407229933e-89
3.0764737198371965e-98
1.2637108252548364e-05
1.4158956974484322e-25
5.2415402854992535e-08
8.0940888111564194e-10
6.4282228086894687e-33
9.5523439954591867e-12
3.5793355067335802e-21
7.1550692302238997e-64
6.2640844921008426e-08
1.3195378175379995e-77
4.6191918973635219e-82
7.5396817669255276e-183
8.7499737432075617e-27
2.8113758708397508e-32
0.15116375998539583
5.0290794619639854e-11
4.6049543708844475e-06
1.3572114971975371e-77
2.0758954424743804e-17
2.2690488558997193e-46
3.0565460980898577e-129
3.9243937028482682e-149
7.0398361817321183e-103
8.854679305421207e-208
6.940165752653308e-05
4.163198422705938e-61
4.7015111578436663e-130
7.393344755744697e-97
1.0130744518041063e-220
3.2443227090182122e-87
6.2541737976476134e-197
5.0218926690012246e-213
4.0431565900004213e-160
6.387503952142864e-306
2.0906698660470315e-15
4.8621582665298702e-11
7.3698634483198658e-05
5.3388831306159204e-16
1.8901461407805898e-39
5.1138880506265889e-20
3.0838533061307528e-26
1.0477537960685797e-107
4.5461678445453168e-08
1.8949163421006394e-35
5.3175144240381061e-74
9.8843451535000238e-152
1.9582832457134326e-18
1.1421926994003185e-171
1.5172324285834102e-166
2.5699489449745842e-249
1.3436925681306438e-05
1.3543503363709288e-83
1.71198843554635e-148
4.848108159680436e-243
4.3973812568914548e-226
0
0
3.9775840852967863e-266
1.2628751903819903e-149
4.9086435789752831e-73
5.6965990950453083e-23
0.15795096256153671
2.2120601734616075e-24
7.6587360264593576e-67
1.2532780598735417e-26
2.2106860920985638e-14
0.0034602819576768974
4.8444479728908548e-35
4.820300281516266e-33
8.2695451422327946e-121
9.3407645710449633e-28
0.084041209839081893
5.4518458981515664e-27
2.6295270846392915e-118
2.127285452212275e-56
6.5796435405171461e-83
3.5783164549093621e-117
1.7428290346594058e-206
8.4584255991766805e-16
7.2591230302854835e-10
1.4519718648102242e-15
3.165229241750707e-22
1.0930590448997956e-12
1.6722619964880096e-06
1.788384906421516e-43
0.00033330008111655691
1.201296594189599e-06
2.7797723656320612e-14
2.1072541612594146e-15
2.3450339648024671e-14
0.62580577493113276
6.9633942359479588e-38
5.0847622913338876e-56
3.8362245019890647e-105
6.5985699916870845e-80
1.1570569816209189e-09
9.7361901171733424e-98
3.7441574240330223e-150
4.885260374573043e-133
4.9121701543020404e-210
8.2286403331784337e-57
1.9602339284178792e-06
4.5079997761730052e-08
0.0060800200454704575
4.3673181892683843e-07
5.027316751224674e-07
7.5506842782969008e-34
4.7383374675087869e-68
3.9746513913023351e-07
7.0027603130945445e-88
7.0219578387466241e-121
1.7183900844481581e-152
2.3990983922561077e-125
2.0244263202195401e-207
2.1707429106847444e-147
0.0016511214900069449
2.3023309298250388e-22
3.7969745357722227e-42
2.4303271721866868e-110
1.6375147853281076e-110
2.905925776980312e-205
2.2997113266503732e-221
5.0016158338159533e-228
3.4931819167341935e-32
1.1786747277899381e-172
2.2098953787110267e-197
6.5767949393145583e-272
3.0515192589900162e-201
0
0
2.5505460602190209e-08
2.0238153315191417e-08
8.8956286537520751e-06
2.434117575992711e-32
8.6352669688291728e-27
0.31966320403537085
3.0698576754389225e-14
2.9260037329024407e-72
9.7709081844722571e-65
5.930473180129106e-05
0.080870573162088094
5.5714030131325544e-05
7.8954614819146903e-20
0.080543140119483769
2.139760864822607e-15
1.4808151000064974e-88
2.0997082807160002e-16
2.1877309050211098e-11
3.3884862845323477e-09
0.0010520881797284444
2.6807329626205494e-06
0.56771546661510808
2.9674593786819558e-16
0.79410854155380894
0.023405744697961223
0.27450850594958709
1.1378461547213202e-05
0.0055608000977517722
1.7428762151597726e-30
2.3677085704037298e-105
9.6850606560051205e-25
3.1670327120281948e-08
1.8248520823112598e-16
0.0002575012802533259
0.2185001382896283
3.2103361621446991e-18
0.0019595326634612572
2.4978519010871075e-13
0.030866032361487879
8.6375491747604602e-28
0.44941591971185768
5.6067330498948711e-26
0.064873453254495173
0.64774509735418095
1.0136239385316206e-24
4.4155568125483696e-20
1.7960136829475004e-05
0.076810084036635723
0.0038426916249246689
0.023370940719412217
3.5391863363951127e-31
9.8790042252193474e-124
8.1242008885393703e-33
3.3725663367753638e-22
0.25103301848443715
5.5258378131562612e-29
0.3403997713641384
3.269885139291286e-06
1.0596983583983833e-35
6.1628570554789862e-23
0.0005057095895651439
3.3979990127734475e-05
1.7480960474019967e-70
0.79908136204884561
1.0188842227966189e-27
1.568497623560837e-27
3.7515035299970982e-25
2.1134504723706437e-26
0.16428226469121388
0.00037901987334461638
8.8574298981437805e-29
9.5378843149462374e-09
9.5761110707636677e-08
4.3656834789758354e-143
2.5505460602190209e-08
2.2784263089475881e-64
3.1906887644433766e-56
1.2830095123658211e-11
1.1821366564966541e-15
0.00085030241389788086
6.4526426295754325e-31
0.00032430063530773439
2.1956014392118015e-07
8.7296576054998573e-07
1.569338666741294e-06
3.6930299734199626e-19
0.00016737427733667332
1.1610225461800429e-14
3.7164288088268454e-11
0.00010248026542323564
0.020423116573254439
4.2026976775603513e-23
0.2204266470813635
1.0906377791696513e-08
0.0058044578929641487
7.1729580821047223e-10
0.00013723392580869745
0.025756525762677205
1.036824131771704e-25
7.2985861076342795e-17
4.544972086605987e-30
7.3717156767643793e-16
6.4702780626317333e-15
0.02937682142529224
0.55092047623182738
2.4739711072791681e-58
2.0061931108257148e-13
8.5841478300305642e-14
0.56144334339119184
0.020066232392660616
5.8832787550738631e-86
1.0972092792813241e-21
0.15406917779280366
9.0310345446518171e-33
4.2868480845605242e-15
0.00037821238792589502
4.71714046113471e-31
0.014233124919820787
1.1831669481352976e-20
3.214706625781341e-25
5.9448293258365077e-22
0.20906798678228383
3.2782778531960879e-18
0.1625165214297371
0.0016703046218391328
3.0699455314413708e-25
0.15158948844671788
0.91947961584154347
3.9898440534472332e-18
5.8811374486051228e-05
0.0011340829855611488
0.23206841858551988
1.6208989877084951e-57
1.0918772509423012e-24
1.9929467857281944e-38
0.0085921710109752077
6.2572272077243664e-21
0.10498252953745353
1.1323207634518589e-13
0.00066654542982505342
5.8807679071843748e-85
2.4848111574410615e-31
3.1769223710464596e-43
2.3418999702857425e-20
8.9033484816761724e-98
7.7111586043672351e-27
2.7584962710534127e-111
4.3656834789758354e-143
0
5.4255901579192316e-46
3.2265921769849416e-58
9.5303338492556031e-39
4.0256041625687606e-10
2.278652730149832e-16
0.1420960879086903
5.9252140990538319e-79
2.6098115382776008e-20
0.0067514938062150764
0.0026726353250616283
4.028872140431724e-06
6.6478529139793133e-11
0.0015442731081572339
1.5068699969855295e-10
3.4929819037176842e-97
2.995068337245705e-09
0.0059066466720189802
2.3064886450104601e-08
0.0032991349805400151
0.00011786426905131701
7.6562416758989735e-05
1.6899263035547478e-06
9.465495774692191e-05
0.10005472276286639
0.0087104528791006695
3.1568897120690153e-11
0.23598656742078897
1.3087087513745081e-06
2.4045649643592612e-83
4.417047125366678e-06
1.9841264249911313e-10
0.00079541182724242755
1.5064130170510271e-42
3.3098623061033601e-08
1.4141609499506783e-07
1.1838434184965982e-10
3.4999003912213806e-08
0.023094258235174643
2.2481415972875099e-24
0.019464968490025335
3.8368538595475627e-14
2.783938087831457e-28
0.12766123724863687
6.0038573978679454e-26
0.030551473704623619
7.8081414953994569e-21
3.925379568923438e-07
1.7709850287314778e-11
0.0001218802038018903
1.9752089194657118e-74
2.9562338498113566e-138
7.3568522756908588e-10
4.2729986341299659e-09
1.0957179773349004e-20
2.7262472992125327e-07
6.1707821829872528e-27
2.7392713497724331e-12
6.3174928552970304e-13
5.8671533629414705e-30
1.2661528751184981e-16
0.99657308137205003
1.2466161436338281e-24
0.98951746555766285
5.5520493439388927e-48
1.0399853145712678e-07
3.4681971638521828e-09
7.8439810239429175e-39
3.4946273568692254e-09
0.00010940585069468271
1.1550226552828398e-11
2.4137183455549543e-44
1.3263819021712095e-39
6.6506124934575894e-234
0
0.00024131814627810123
3.0337093266943951e-06
1.0492332401374613e-08
4.7288867618498291e-15
0.50527430983514354
2.5541439267363132e-08
0.59674549918834685
0.0002891362808535815
3.6594694414575764e-11
0.0862452636493279
0.10061780809496662
2.2814446892491034e-10
0.0018423615154950627
0.00050292894567167718
2.057392510084465e-17
0.042725556266094214
1.3365587629701407e-06
0.0038706283462706867
0.23435903744663364
0.0017834209612200536
2.9895941430416255e-16
6.5597002995281454e-129
0.017462276116464615
6.5162083723100285e-07
0.0024503917324152076
5.6853073397675739e-14
0.0007145324540127093
6.1279809174824598e-73
9.1257765008258597e-15
6.3587926566743884e-35
6.3213124859717222e-59
0.00017522874005249163
2.8163043873199191e-08
3.3426363547660671e-08
0.45396487519577611
2.0448700974602194e-08
0.00014024532962352034
0.0056498718991482158
5.4492057848666742e-30
0.21715956849929641
7.5636200654110434e-07
0.11574463391955711
3.8745993098936601e-19
2.1460072532998751e-16
2.3278047175320604e-14
3.5981057000468824e-08
0.94675645572664047
2.0942657816328101e-06
0.006378234540707307
0.41351930112866242
3.3326468837241811e-34
0.82973542805915124
2.8596026530793543e-18
0.00060513388404058043
3.3606720163006181e-10
0.058623713115405839
4.0085800662019444e-19
5.4751442445095791e-48
1.905813841741645e-07
3.4585204859542559e-11
0.077596669648699462
6.4589741439075854e-58
3.5018899461030285e-15
1.4354867829800407e-19
1.1920718264045586e-43
1.8794497767148529e-89
6.7121314514388678e-10
1.5407286872715924e-79
1.8625933253574804e-57
4.3601410311759853e-118
6.3986200060463831e-80
2.337446852474073e-148
6.6506124934575894e-234
1.3626014979164011e-08
2.1585271176296661e-08
1.0366458463499653e-37
7.9530766583998307e-166
0
9.4004842319828932e-51
1.3189334495531687e-06
0
0
0
4.5596193117366282e-84
3.2578985161245411e-83
0.048254718183924461
0.5827737562834342
0.012148507606232341
0
0
1.1397707054103398e-131
3.0751414234290465e-305
7.8912499637720188e-259
2.3703506490173404e-80
8.0072195437885431e-25
2.5276617079012125e-75
0.70459512057835194
2.1553075610090435e-22
0.00065153654102741794
1.9134840368100442e-05
2.4960058300763677e-08
2.9010840886760265e-13
0
0
3.1982165691208353e-147
0
5.323736097197307e-114
0.063960807678147491
2.4754459342229975e-289
2.3866727459586391e-223
4.7109157196892299e-48
4.2680958685099764e-43
3.5384833879178633e-23
5.6181134554947493e-26
2.9327892159735727e-55
4.454489167866572e-19
0.040534047143379486
5.3349967203907444e-26
1.2475902432568099e-174
0.00034979174840427205
6.955188698824606e-31
3.5723340291471837e-05
6.451150316456861e-10
1.8261083124761255e-07
0
0
6.6660637677920434e-301
9.3388549189613883e-121
1.7848137402143058e-280
1.7455563167859449e-248
1.916617895701054e-46
0.010197700337770194
1.8219565197442675e-242
8.4168637285246991e-216
4.8499857890708264e-169
2.4603816841662875e-43
3.9925585717240545e-14
1.3038124703712635e-34
1.6960366395616876e-56
1.0806195809105045e-66
2.90169049569952e-15
2.7746548354862402e-07
6.4958382092350721e-15
1.263620127353015e-193
3.2921532639580621e-10
8.3908209004381856e-49
3.2130793525147907e-25
1.3626014979164011e-08
0
1.1198134840687139e-270
4.379677572111703e-271
1.0183665532063608e-27
9.7105854183780774e-09
2.4539966408920685e-164
1.9777166994487856e-308
1.091527596356195e-305
0.12942975053446806
3.4474489697986644e-254
6.6989251947787788e-177
2.3043209527444422e-08
2.3353316256467204e-59
8.6279067249312918e-12
0.11672451159378786
0.0049051392152489976
1.8837502231508066e-219
0.17839545491669911
0.11488380927556971
0.0010082238200656798
0.14821194656545894
8.5102465736835845e-50
1.4036135110984691e-296
3.7608025037464296e-303
3.4726537186514336e-292
3.9365246963475813e-206
1.4416350235021341e-260
1.7875737242402593e-257
3.5288383434242147e-205
1.4502643684549874e-09
0.28300057269343704
2.793675864505359e-191
1.1641078576752038e-245
6.4301557775791145e-234
6.2597192273799845e-202
3.5091218105726399e-113
4.3356266368253457e-34
5.4593342518822498e-08
2.8464945334185318e-16
2.5432982686351737e-21
2.117762501788885e-12
1.4909049507569985e-40
2.5156952491450904e-35
4.5753886524373125e-05
1.8300505891722673e-38
6.7369498402243745e-16
1.6152996401247968e-14
4.3482898558181742e-08
0.49671154012648167
3.3655750837970396e-205
0.0011199968753778571
0.042013220977822265
0.42622053012091876
1.3537552520011817e-177
3.6521945690227409e-117
2.0096549567160331e-218
4.4763065544534331e-136
9.6406839081126668e-05
9.5198840053753303e-09
0.0010389970687530443
1.3845322723966896e-74
1.2782556878870326e-09
0.42427574154451136
1.4788701439344023e-120
1.20666429026178e-78
2.5737120211328317e-15
0.014753033756405513
1.3225610509719045e-06
5.6453737732548432e-96
1.5381353605764583e-19
1.0216521075287141e-09
8.9319668097512329e-23
3.2130793525147907e-25
4.0118807454848141e-32
1.0542896208048303e-10
6.3078743143655317e-10
6.5439258753469371e-38
2.4592023199930527e-39
0.0050945898104935109
0.015590567067266798
2.1678547031148144e-52
2.786879505193318e-19
5.170776995671964e-17
1.8920479888337375e-10
1.640617594287709e-09
3.7231830237170279e-06
0.00017296972573922157
1.2179472525003803e-08
8.1983235361141779e-69
2.6945416645170386e-23
9.8938399585719715e-42
1.2872881039809862e-07
7.8335466619312471e-54
6.5454662570345193e-06
0.020224956908807431
2.1029156513259861e-17
9.7381370213952961e-09
0.017937035389986374
5.5101059298643019e-23
0.15668043640210577
8.0941587756383689e-16
1.0472045552511953e-26
3.1128744224097921e-118
0.0015398112980387834
4.1187513797836175e-11
0.00043752377926824742
2.3579265635474307e-16
5.1355587892312357e-06
2.1484278775091391e-06
6.3352066799529247e-31
1.0624938027902857e-18
1.2270173387753926e-07
1.2862735484961658e-12
2.1513181485060377e-21
1.6569650109518828e-86
0.0009481332766660478
1.106482042212805e-07
5.0412186860719554e-11
2.6324170265821372e-22
3.4874427869664837e-109
5.2724077929101401e-11
8.7903983146699615e-96
1.6288168919534199e-89
8.0189712221563769e-87
1.0892159016841809e-239
1.8332872080800809e-15
6.3318366572340566e-12
0.60122082874459881
6.1768649891335232e-14
3.4875423277816909e-16
0.33438332690306061
9.7464747966641952e-05
2.6382287266743201e-42
3.3249306033499121e-19
2.4402569386674929e-11
5.5043973442102498e-15
1.3345173295020234e-43
0.0079733440583693842
5.5015016813077554e-55
6.5237516318600166e-35
1.8555271112822486e-154
4.8202356164690116e-08
9.462689436926395e-30
5.7252856819676179e-28
8.13952122964564e-147
6.8291278132844818e-131
5.4427003030923582e-266
4.0118807454848141e-32
2.0314068459575085e-14
4.8218866385550086e-09
1.3896899218154074e-52
2.1720631589430953e-06
0.49008408353281818
1.8673485359874882e-08
5.5941070711207681e-23
2.4740210736864347e-30
8.7265832194723063e-35
2.4518269935269992e-08
2.7418444083211637e-49
0.00023720134628162529
0.00080617306043072323
1.9639316780664582e-09
4.372060805926089e-05
0.083168183552661618
7.0620630645657969e-14
2.3063639517166751e-31
3.5970506500132526e-07
3.8326954440940744e-60
2.4941148371692615e-93
2.2572948268780206e-16
2.4078967734839141e-05
0.00046022767249134197
0.00017022301999598222
5.5961858097124025e-06
9.3382053544646833e-05
1.8608263363077381e-28
1.9298549555602427e-07
0.34316681067713212
0.0019110338491780919
7.217635945549885e-10
6.0307623446422915e-10
7.53973686036883e-05
0.38976573482216403
3.143909888420588e-30
2.4315734581688009e-05
1.7800186773574533e-27
2.9407600204077172e-05
9.5830334007654808e-09
1.7203072510151271e-53
2.8503103205051417e-19
4.5414671710485825e-97
3.9068708956674499e-63
0.00034904538944515882
5.6358085834945937e-08
2.8170099475701587e-06
3.1819312250901266e-08
4.0435094980327317e-06
2.7971033798594822e-09
6.4004051344872215e-23
8.9477940039553249e-06
0.22081356279155459
1.3017467702454122e-15
9.1367874787015229e-44
6.1322818440860509e-12
1.8736046358196141e-76
2.1500436201920407e-110
2.2424323549724293e-14
1.3586430475927558e-17
3.4953578602255141e-26
1.7055131142866358e-42
1.7384278314968075e-05
1.5632284122214997e-74
2.8519456340126004e-117
1.2305161315374846e-144
6.1212017015081964e-19
9.5815840929225115e-62
4.0406366056100595e-106
6.0704355556746255e-184
2.2276230672835031e-87
3.5508875791716197e-221
5.4427003030923582e-266
0
0
0
2.9064861250704137e-164
0
9.8801088798271559e-86
1.5876104171202088e-70
5.8138673026222941e-17
0
4.3409455844242727e-103
6.8559636200868969e-17
0.93173264782445497
8.2259410209663777e-13
1.2969801214361518e-05
1.5030655376998413e-11
8.7549319150600902e-40
1.6184843621925929e-82
0.00049425697213409218
1.6048334016283235e-07
0.00013628378368768783
5.2026035924508988e-37
6.0190422301458165e-58
5.6361262463643295e-107
2.3228634518114387e-28
1.8918247815890754e-61
6.8073359323618462e-128
3.8470182258661022e-35
1.6084060121811627e-118
6.6013732636625409e-154
1.3987516432057101e-213
1.4771596810713922e-86
5.5925399340002562e-26
0.16312011770399124
6.5505041020062264e-24
2.6688722243979298e-31
7.1219851118171226e-94
4.4781202357075875e-33
2.3109904635482815e-77
1.4154406353138954e-170
1.9632723458856353e-196
2.873983439551386e-205
3.9369720258396274e-292
3.407386983491941e-48
2.0164856913521152e-129
2.1164237728748107e-185
3.3750751931714419e-212
2.8951912281662608e-296
5.9150839470123619e-187
2.3148212641225687e-272
8.5271893968033737e-294
1.8763243967570304e-264
0
1.1758336089962652e-103
3.0539649670707906e-16
0.042254474877198758
6.7326476635685033e-30
0.0083536720144650294
8.7254292876351547e-81
1.1350952529451196e-90
2.1560473994802442e-158
0.54585505424631742
1.8128379495490448e-69
2.1536510995656489e-126
4.6288611536711801e-231
3.3146319540291087e-84
2.2801400393687827e-252
7.1139679364935449e-257
0
3.0572243743454639e-18
1.3129344808390602e-171
6.733416377129003e-235
0
0
0
0
0
4.6555050471879369e-276
1.2788169944163952e-22
1.4498135717095269e-30
7.6941650496470195e-13
6.8079877739457942e-103
8.5861964496152323e-60
7.2891236264059904e-09
4.4768106943590094e-19
0.50527430983514354
4.3424102783656749e-44
9.3577598081575862e-57
2.2782305973895083e-175
0.094512470865890735
1.1052162510670332e-11
2.7850694115912295e-62
1.40383715502664e-193
2.4412322036077119e-61
4.5577199401224001e-143
1.9935544187438012e-176
1.5346337216634947e-285
1.7783471221487546e-116
2.7105345490141386e-148
1.9836171710560074e-69
2.4019972760781503e-33
2.9666511795588426e-17
0.43934802361811476
2.0003811391684511e-10
1.4809960262177242e-13
2.1824916512368055e-52
5.3525536799843827e-41
1.4592717805191197e-09
3.3338100993107849e-39
1.0240915089090383e-09
1.0726122441043393e-75
6.480656217048778e-82
5.8808441458724742e-164
1.3359324647540385e-98
2.194219481976696e-23
7.2490521866253459e-150
1.6272444324734062e-220
3.1697909102554753e-173
4.914731993713223e-294
1.6727170383857685e-11
3.6703127420418704e-57
7.2449393659063284e-05
0.0011260797700094508
1.3341153105772706e-22
1.8141751949466358e-26
7.870392408348606e-100
2.759306055217787e-81
7.8042223781047961e-21
1.7351180351995789e-135
1.8655658251227432e-195
3.0260719546966356e-216
1.8390982429672555e-165
1.8153963871681115e-282
1.7762246985566803e-123
1.0351491823931932e-07
7.3504546816797906e-67
3.1216764171634911e-114
6.4718715857710488e-167
2.7389003666990419e-159
2.4514514381987321e-280
0
2.8607520338809427e-225
3.8257254040005774e-77
2.1789091084017476e-225
8.3140738579407078e-294
0
1.668511492312624e-242
0
0
0
3.9589774108743664e-57
1.4456451900276333e-83
3.4471629961503256e-34
1.0150566400510981e-206
1.3561994835276811e-20
1.2310999501354207e-18
1.323683891102271e-19
1.6109477498850082e-218
5.7522257708505702e-91
6.1647543381559021e-14
0.019670860129287693
7.0951076901984439e-25
0.00024183765600004596
2.8492215060162652e-06
3.2483811679778842e-31
1.5344381430013937e-90
5.4049654484243356e-107
6.0898052864749868e-09
3.5626744015825006e-41
3.3807856807090869e-13
4.2297331371055132e-08
3.5518272883328815e-28
4.5118047830196572e-14
2.6376990051983365e-19
1.7286879858757608e-65
1.6226998574709122e-12
2.1544058606846796e-87
6.1975494747317372e-94
2.1483991789502372e-167
3.2202104699319895e-19
1.7473258166775176e-30
0.84676118392724264
1.4135899750100122e-10
9.6955532362316213e-05
2.8287809261000028e-75
3.1764063958583738e-22
1.873134175709792e-48
1.0891721960557153e-125
2.1082157200666239e-128
7.8175674846533646e-107
8.6817291376033569e-222
0.0040783066883685578
7.0008787100326154e-52
7.9894103076664871e-127
1.9422429928605667e-99
3.2196001242529214e-221
3.9036806361327636e-85
8.2782546712988955e-215
3.0629385197962801e-216
7.9318267313592777e-165
3.3992424713913213e-305
8.1854296324719732e-14
0.0001069543166947365
0.0048603047643311671
1.1341189817961979e-09
4.5963041060553117e-41
6.6180115195093241e-16
2.1372969401707626e-24
2.8322746115891523e-95
1.7244858336809854e-11
9.6981513423868766e-40
8.8406730269546952e-75
5.113581904578226e-160
2.5606455393862708e-23
1.6968641238693198e-152
1.2910399239160752e-149
1.1891053200458084e-254
6.1335834659024853e-06
2.8706221928855571e-77
8.3669320092557615e-136
1.6819587666578983e-237
2.5017843119420234e-236
0
0
1.8580452161466564e-241
1.0334195080478092e-122
3.6676585174640366e-62
2.3582121578054174e-32
0.0089621971520632872
1.5018953554721672e-23
6.405087401439273e-47
3.1465051535411146e-24
7.9669054827303159e-07
0.37213663899410548
1.2841102844525838e-39
7.4623359092259573e-34
1.2822019198079279e-96
1.2378192154483151e-24
0.080488683723839563
8.4763732689671685e-22
8.7215436561329957e-118
2.2544572952345617e-56
1.3402458926700271e-90
3.0112247219416584e-115
2.4002446985024564e-214
4.2718348626681478e-28
8.0021395151068185e-11
1.1348355049087275e-22
9.7557409496287816e-33
1.6504638079397819e-17
3.0382241800553553e-07
4.6510573448456179e-42
0.00017096111427032136
0.019856430089437715
7.9560408371651768e-11
1.3398269911379805e-25
3.1374434983337389e-08
0.098024643980922185
1.0672237585492836e-34
3.486643529105392e-57
1.3849160327794642e-112
2.39452170763297e-84
2.670870019909257e-12
6.3445915916197081e-88
1.1283839534160303e-147
1.2311806251112053e-118
7.3245778406120924e-220
1.0186584291780263e-54
4.3748535385919934e-08
2.982296783016973e-09
0.019464968490025339
1.6780571521781062e-07
3.0739583680649474e-06
7.1723427437934269e-22
4.8401003532902077e-73
1.687157442648832e-12
1.5831547101925041e-87
6.6965487857808297e-119
2.2661367664355785e-148
1.2302366613608928e-113
1.2693651660023792e-223
2.6905584506166037e-146
3.2168492743024938e-06
5.4383250849405545e-23
1.5837819166646949e-32
2.5048382346747011e-131
2.7942547539096087e-117
2.0260523227206973e-194
6.3864411084450508e-229
9.5155498189023837e-220
6.6677727980281392e-34
2.3644313100090337e-171
7.8702864347199167e-205
1.6804613430991364e-275
8.935691808519883e-200
0
0
0.0010036014021183501
0.046177928665027311
0.022837673060840395
1.621163589347204e-17
1.5798285521753358e-34
0.67808586856272879
1.3903799295762537e-11
6.5467021851997024e-64
2.9769830125531713e-75
0.00071183000749406168
0.00041432801529434039
0.0063104947820342584
3.6375014986050944e-16
0.10357754889602944
4.9123032152231026e-10
7.549680478600138e-88
1.0277555245339511e-21
7.362871735171144e-12
8.8345219176463527e-07
1.4398569366639337e-08
0.00013329820327670437
0.0037118862079209254
8.8577029454487012e-17
0.1959463160492104
0.80965761672614667
0.17634275251531231
3.6847279408862971e-05
0.88815693115387029
4.3110799501042831e-17
1.8154676326274308e-110
4.2238037703180752e-22
4.3700901965106878e-14
1.4800958242992173e-18
0.049482232677234936
0.11055479935822599
4.2846306420918812e-18
0.024783403877317353
6.7283995669944692e-11
0.02807879814660549
4.8276809846466997e-24
0.62485806369522789
2.1400207491707668e-32
0.95895103712974272
0.75089801591379846
2.1263164224932008e-18
6.6131793191698711e-18
8.7109316584114821e-09
0.003343454384535734
0.04925534987832246
0.063038018335531243
4.4778098329487521e-22
9.8960779117570466e-129
4.1425013980884119e-41
3.9962478488484883e-22
0.80859741436981203
5.3395365740427623e-27
0.41452723163628091
0.39249319171973168
9.9117663879520793e-29
1.1912000578436667e-16
7.279961481931138e-05
1.5470765031939002e-05
7.4187490119794898e-87
0.0091350705187420791
3.1778061431577407e-27
2.7412057798315199e-27
1.2298807242958473e-25
2.790370558619276e-27
0.43094976734758905
0.7120879784290397
8.2019090914497444e-21
8.2480530769279874e-08
5.451519434239764e-13
8.9969732777010032e-151
0.0010036014021183501
1.1284141380118292e-68
7.4349046805160048e-56
3.3307044197590002e-11
8.5505431676560019e-14
2.4951019476792174e-05
8.9166479934627113e-19
2.9530893568265147e-08
6.929448177570073e-09
0.00016076897790526356
3.1295603583744875e-07
1.9853994363639541e-22
0.0026704602876402076
2.8382462029780345e-17
7.9121679561990062e-07
0.020910904688450693
0.33411958141824116
6.875487427319355e-22
0.26168740834831927
8.9558462653602968e-06
0.0056409032221755402
8.4215603959940585e-14
0.16061748454259647
1.2093602402129176e-08
2.75638401037868e-19
1.2005448900529614e-14
7.6355993079615616e-12
6.5690385382198727e-13
1.1266749669306907e-14
0.012904140210358137
0.79106425901090927
1.4122482413560367e-61
1.3204276916761236e-05
2.3465723315431575e-11
0.6569986743529701
0.0095237396002296575
4.4650110960920891e-116
5.7681765234341909e-26
0.0076366023650801893
6.7263987514899446e-28
3.6068606757759765e-11
0.076419487799512159
5.2026795477641983e-31
0.024875449426549488
6.1830745827451853e-12
2.125416479208278e-14
8.8194291413321446e-28
0.0031262132967593459
1.1977187628931565e-16
0.0005713211392621661
0.0046031718924288293
6.2136482583452337e-19
0.95612146527583286
0.67737624403878893
8.9476688623597575e-18
0.00027806965808087493
8.0183327984727277e-07
0.041267496358005973
5.2641023609937803e-50
7.6605882649296509e-21
4.4193295552535645e-36
0.00026730442581756101
1.7450254267521351e-24
0.96810296779523231
2.2130024820079566e-08
3.5870198107378088e-09
2.3199814324845038e-69
2.9822020316338577e-35
1.9295231314174081e-46
5.5706855642476762e-10
9.4066479207736966e-83
2.2440283380148208e-33
9.0285338286523729e-106
8.9969732777010032e-151
0
1.0884936889876856e-49
2.5730791733318181e-56
2.0815271651381957e-37
3.2489858946611401e-18
7.1024979434861462e-13
0.00309094440868634
3.3727984280003483e-94
2.659457143134952e-08
0.004603171892428831
0.041075625922565299
6.4073172456598069e-05
4.0313051086837349e-12
0.01727834128230853
3.7191379233821988e-15
1.4269773227011399e-104
0.025481624253007741
9.0978742814842414e-09
2.9164970006786047e-11
0.00010912018153098645
2.8508079018726328e-05
0.0011502562617697555
1.0725146071331174e-11
9.1193870703369804e-09
0.78174590880313277
1.9803255703274242e-05
1.1612918954363991e-10
0.0027253548587281174
1.1166925972867337e-17
1.5825586580769327e-91
6.3258857118466685e-08
2.6308761192770849e-08
0.094827083293128167
6.7709294414367972e-34
1.3370017549616309e-19
3.5565176749204882e-09
6.870702138978022e-09
4.8422696964406037e-19
9.0024298770817137e-07
9.9557053556967982e-20
0.0018744641803524703
2.469167606755387e-15
6.6685223807281899e-28
0.0021419547896651342
2.6782631041905503e-08
0.0020754104687700226
4.2977410500213976e-14
4.354405665801928e-08
6.7934929607626175e-18
1.2754294228326649e-10
8.7715989041984176e-64
7.0697219690662829e-139
3.0707392852443237e-07
4.4881147354058936e-12
1.0448633664261371e-24
0.00011452593452090602
6.0308849659829216e-38
2.867180568754251e-14
2.4959003352238324e-20
1.5739701079109638e-24
9.4838187791780782e-10
0.86506476305636792
4.4049620042483796e-47
0.58593759092575004
7.7448521814630228e-41
0.0065882788670252037
3.4357419799880118e-12
1.6047715407910425e-27
0.00011674098242861415
0.00045247018589866198
0.00028752925879120338
1.0516553223055102e-37
1.6206552399349172e-50
6.8190469747076754e-224
0
3.1036375864376678e-09
2.8562621511212657e-08
6.9624951067323515e-11
1.5815811876109374e-06
0.68836189307592233
2.0258504541229466e-11
0.002747617839567949
0.00010005060458412351
3.7243079865095114e-13
0.0014762035138287037
0.29424764661642916
6.6648408257032524e-07
0.0026922881618588147
0.17736664539906752
1.2679646336502009e-14
9.1244744048783573e-05
1.9221472075523485e-06
0.19320683718248255
0.0085553158078196349
0.0001099314913339233
1.3709800081000209e-24
8.9574670307911142e-129
0.50326695448638104
0.0017593472074418637
0.039984725524397954
4.0800874896121641e-32
0.00057617501158253035
2.0288774001445252e-65
1.1202435574153986e-18
5.8551868019849134e-14
2.6953064846439719e-44
0.0028732529933470355
2.4078725130602863e-13
5.6648803519641651e-06
0.21519261731462658
2.955863645578474e-08
0.091967403992516739
0.075592185547874891
1.2497562904078409e-29
0.42765675485335158
0.00031432654218933707
0.15829450651340216
1.9391516657473654e-40
5.7417984543671243e-16
7.4152239030389507e-05
1.1963103441059978e-08
0.60133868099415455
0.0006487936385742004
0.039784089676062263
0.18551162084152933
4.7100613786146446e-30
0.48601731907064183
1.8531166832419748e-16
0.00012913642770349769
8.5066382402821102e-11
0.0034756866591649565
5.1913410722950038e-20
2.6493765925586761e-48
2.2837321139042765e-06
1.4095217279155483e-13
1.3141119948170409e-06
2.1250676188931498e-46
2.5108702340786441e-14
6.3838836762211687e-24
7.412012034903755e-49
4.4965615659527151e-99
4.0147581344881076e-11
1.576939827713346e-71
5.6068324867289894e-51
2.145600685616548e-120
4.318080785336425e-66
1.0816186990680882e-153
6.8190469747076754e-224
2.0111992830922658e-09
1.8481611910639407e-06
7.0095276939529669e-53
1.5099430841885236e-174
0
7.0969192984867504e-63
6.4297967920274147e-07
0
0
1.478877371548573e-309
1.4195137144461193e-72
3.8932950088371753e-75
0.042618760321138968
0.030888616303846057
0.0001322599130912952
0
0
1.1785940425367455e-120
4.3137085594199716e-298
1.2482531975639293e-270
3.2794557317082317e-72
1.7581940378821259e-18
2.9313359112566843e-58
0.017356944512960791
4.0680244816179232e-25
0.00077789665970334331
0.087527776063749868
2.7674791396299947e-06
9.5149943261917971e-14
0
0
1.5438583785165866e-139
0
1.1346128975646761e-115
0.00035294358970782769
4.1671205049626893e-297
3.1525677650145977e-219
7.5558189889756663e-47
1.1865590473103482e-41
2.594591383299459e-16
5.3829574113800024e-30
6.0177235068265204e-56
6.9038660937836378e-24
0.00049973911874624365
1.7312257623559969e-37
8.2624755210659928e-207
0.00020286089726270762
9.1132578525265669e-22
0.00036928302792328649
4.9405814675441291e-10
6.3994383392866388e-06
0
0
3.9905165027589256e-301
2.2599446238445559e-105
3.4398504705105421e-292
2.5589363437780462e-248
2.2071420266404777e-51
0.1842260048186794
1.4740080077894082e-257
3.3519494631863694e-229
8.0559015611951204e-162
2.3559891648404525e-35
1.0444331879629614e-21
1.5137013215123333e-50
5.704131587125415e-59
1.8116419428878574e-77
1.0208864949041503e-18
1.2219388555158632e-05
1.5106822666354197e-20
1.7761706720023146e-200
1.380896572522807e-05
6.2579789208761282e-47
1.7645480800557659e-24
2.0111992830922658e-09
0
8.8479919778876384e-288
1.2571473713853972e-292
5.5670089045974744e-24
4.9195072621872137e-07
1.2775819691231987e-184
0
0
0.036486679451807807
1.5535086269587152e-247
6.3414994293120162e-175
0.0001124501928660107
8.3360966230360633e-64
2.6747695315209661e-12
0.18697379257169319
0.40530864108437775
2.0461136435738239e-231
0.38328706286570396
0.13034271884485685
0.0014995955510690474
0.0070868733513841228
4.8205652810543598e-55
1.625220261304378e-296
1.7368449363596587e-292
2.7430246945999085e-297
1.273304626461533e-203
5.6161198177810894e-274
7.1102200634863068e-257
1.8318467240266101e-224
7.5914924778810062e-07
0.25469117497791671
1.516355052010049e-204
1.4424413439027024e-252
6.5033369992365688e-240
3.2645532973623227e-202
1.0948674101735678e-114
2.0386133434404194e-32
0.0033044765710897612
4.2245175095723762e-07
5.7702231017414233e-20
4.4113057070800944e-21
4.070959946157122e-37
1.2951335843869062e-38
4.3220442150291441e-06
7.3709377389953614e-37
3.1659245514700517e-19
7.7631045571523631e-28
5.2312038305771411e-09
0.10128384259202657
8.9632229830416385e-161
5.2720397857665448e-06
0.087322608211756567
0.69036649866002264
1.4547823915629507e-162
6.6840868460494049e-120
9.7537898155711523e-213
3.1476211356391413e-149
4.0041541633030397e-05
2.6534904350189764e-10
1.7067329649369457e-09
3.5255209708860478e-91
4.2299053677317819e-12
0.99403800079945637
7.8641285285595294e-109
8.4012836368311168e-69
1.1201833423325326e-20
5.42115188175367e-08
7.770535513646267e-11
1.3485586087969808e-104
9.6221022105965533e-22
5.4421913873849733e-12
5.1705233531626723e-30
1.7645480800557659e-24
6.183233625203897e-33
9.2426293330958789e-08
6.6626450101064867e-05
3.8669960361852845e-32
1.4509932016887492e-28
0.043449049457655077
7.7303795237983688e-05
3.3439763835451581e-51
5.3176046706901021e-21
1.856065807583873e-15
6.9438887786854354e-06
7.3874136931301477e-11
3.822028210617524e-13
1.5614671605595846e-06
7.8461802878629183e-08
2.7798466079211475e-66
6.2316098806164924e-23
7.0343324456231452e-25
1.4780916354409939e-05
3.3763278170420846e-57
4.4931742884921767e-09
0.13903176961659267
1.8399089211517694e-20
2.7744730567132867e-10
0.00079976653573218251
4.5525541114181689e-13
0.047005226057663767
1.2626191291894369e-10
3.0674366493768169e-35
1.0682504318438531e-108
0.00014621061435293032
2.7816512506123564e-11
0.0084126945239670486
3.5339612906864875e-12
0.010075771020503886
5.0157370693664618e-07
2.1612399303419079e-27
1.4948769729905358e-19
1.9567009836740132e-10
1.6485615317790486e-15
1.0328854380498827e-28
2.0014220848747548e-97
0.00040680962209557785
6.2287420794769787e-07
3.8964681307675053e-07
8.4646757130714251e-20
2.6786754826303669e-101
2.2586240778337373e-18
1.9547207728041797e-85
6.4550540438683985e-100
3.1530290228592707e-98
1.7830757122475392e-222
4.7301206656829122e-10
3.0692069403788736e-21
0.58125183445962847
4.4634044075622261e-19
5.1474270722475058e-23
0.18134640714263875
0.0023417949652957716
3.7837843595387937e-41
3.1171609207332458e-10
0.00024890598953293509
2.0216137726342116e-10
2.5924499955609059e-38
0.0029072920896189014
2.5333461694235305e-52
6.8356447934126666e-47
1.016301509551145e-154
0.00019312151272583478
5.8262556574304988e-29
3.1695183187113643e-21
1.5970673339968068e-135
5.5031334757605155e-123
6.695725782616528e-272
4.168739303996705e-33
3.6908333560307108e-14
3.7682459607070421e-13
7.4922849282692962e-54
0.0014151583232561507
0.076679686129754343
7.0290126404119166e-05
3.8945909986466382e-24
1.867903169278752e-21
1.7795274214834063e-31
1.8668636353215378e-11
2.9278850148715765e-49
0.0056297116660427643
2.322811120090481e-08
4.5909700460381149e-11
1.0083094759187115e-06
0.1573634912381133
6.2091214287198153e-09
2.3463509395405926e-35
4.1063082287712775e-06
2.0785673663442493e-51
3.1111997230725154e-93
0.00030530678127930349
1.5003300510797637e-12
2.3612246314152973e-05
0.00049320948841828096
1.1121673443729842e-07
0.0022916054391473187
5.1331994250734358e-33
3.6273073688272039e-13
0.03738069059418539
8.9821082245892359e-12
1.2105016853881961e-08
3.5288129853377284e-12
8.0043925302933056e-09
9.0292827867569686e-05
1.2393650624605132e-26
1.698753516158211e-08
4.6809940368901663e-35
0.063300429066319455
1.0518988425056697e-05
4.2301278960621649e-56
1.8675585352275709e-14
8.0556854560253256e-82
2.2326577868696009e-40
1.4988693081399567e-12
2.8620934101671901e-07
0.018973397342348555
2.3680144612044912e-08
1.407489802035583e-10
2.3226702690494951e-05
1.9478145955681174e-23
0.00049931530878651606
0.02527491993302329
5.2403239150797402e-18
1.6522040302988248e-53
1.8079071964055809e-14
2.5353233924853792e-80
7.6195270514496604e-102
3.8133736879029517e-09
1.056205697234396e-13
9.9923342549516276e-24
1.8049332985322528e-42
6.9020555456115086e-07
2.2775413003137824e-83
2.7236813393576479e-125
4.0724558402881817e-153
3.7014020974685526e-20
3.8055411171170724e-59
2.0422292371233627e-114
8.4523513142165827e-186
1.2594361018325856e-84
5.3690147605274258e-224
6.695725782616528e-272
0
0
0
5.3475446947445318e-154
0
3.5505850377986517e-106
4.1032647149023976e-64
3.5771506329822624e-25
0
8.9339766047935432e-97
1.3562547077691418e-15
0.010217498045547007
5.0533871174562617e-11
0.0013331466213527949
7.1871089669052005e-17
4.8006223764514881e-33
1.4138030810749884e-75
1.2648438645956139e-05
0.00037213039115931905
4.2633994600606908e-05
3.3694172240592683e-36
3.3648017297538102e-51
1.8723109502782518e-94
1.570890183659921e-27
6.455489672474062e-64
7.048265429078684e-126
7.3469243953681347e-35
5.1086613376502874e-154
4.6556953901423076e-137
1.6184704541987782e-201
6.1671476390701312e-107
3.3019496597504774e-38
0.40980245345921934
2.4261092707679221e-26
3.3868022045781642e-47
1.1350404908728266e-99
1.7643381005074483e-30
1.4004247541245035e-91
1.7986749000466301e-179
4.5857098190446541e-191
1.033543991991376e-193
1.7289142097392625e-270
6.0435321693043873e-46
2.5767113728690411e-134
1.320332237715705e-189
1.7914947433231384e-205
3.9263154747942911e-288
1.5685850406609162e-181
4.3495305400345246e-292
5.6454021964998852e-282
2.9618819698293898e-283
0
1.50724859389477e-117
1.9771822027373584e-24
0.028747333831739694
1.2947113826917891e-23
0.13456284315763972
2.1637187611784443e-78
5.1464187845942671e-91
1.5214845920977937e-168
0.0011430934404054558
1.3039898140008652e-72
2.7477522564265561e-136
4.2927254660332719e-236
5.3379345663251531e-78
3.5723884888345399e-250
2.2438194294026636e-238
0
1.1832779892981974e-19
2.8460238937554267e-164
3.8329467195850883e-232
0
0
0
0
0
1.5511501023808852e-286
3.0507290011777671e-31
5.7209894116678707e-24
8.5898387097414513e-08
2.7244883589704397e-115
3.7758560595267078e-69
1.1262338422125659e-13
2.2662527687620832e-23
0.095649427392172054
7.7354328280535937e-44
4.9426199142194219e-75
7.7458115064892926e-199
0.043869778696203482
3.3503876599205978e-16
1.176893041336915e-71
1.346772946283696e-182
2.1731467547526227e-51
8.892039262727597e-136
1.2921319420058376e-195
1.8339305900307502e-278
1.7040613302609053e-96
2.8917594947463748e-90
4.3044802360873823e-76
3.7519856227798525e-37
9.3639151532655434e-19
0.015823427686939784
1.9576403701120879e-10
9.8278221815275515e-11
5.0818936227076129e-52
1.7568374405794261e-50
6.1933074272453303e-11
3.966354909258675e-46
1.7035597768823654e-08
1.3591656892009081e-64
2.3473852331876982e-75
9.3242730936069364e-182
2.5227900116520827e-113
1.5264493549339861e-30
5.2821459408577699e-151
9.953987580348715e-227
2.5108132340661199e-187
4.1280350909927515e-293
1.9195175419269242e-06
3.4773907349385906e-78
1.7303145022446164e-07
2.9392567107482504e-08
1.7744836439572191e-15
3.9208496061781578e-29
3.7522151469613756e-99
3.0824763096257318e-87
3.5906968797369829e-14
3.1514652491796849e-126
5.2987864486115046e-207
2.2318027536621787e-219
3.1782184049418005e-185
2.6871892035259634e-297
1.0497708264606176e-116
1.1495682575911411e-07
7.4241473918439643e-53
7.1220413384006309e-121
3.4333218153301418e-162
1.2693584309658995e-139
4.7147062501963998e-275
0
1.8650073640661771e-220
3.4470550545110732e-67
9.0810334199791785e-224
2.1273836201948119e-297
0
2.8381609774277622e-239
0
0
0
9.963550904322572e-48
2.2326239813360731e-63
1.3519712827575734e-30
2.7166346485868689e-244
1.4174832465261669e-09
1.532259541146667e-08
3.1391012950482193e-18
0
1.3121473247742543e-110
1.9429744073773051e-12
0.0015214600437971086
1.761383998334189e-15
9.838631824736465e-08
0.043078202547286081
3.495332516768439e-24
7.3204408485881664e-112
2.4475982956686309e-103
9.3706534005782349e-11
3.6637285202276414e-28
2.693699473448138e-14
5.2170667270850671e-08
4.1010785478796574e-33
3.3030149489115809e-05
6.8546298529446438e-16
4.1159699855733517e-67
6.2652004364777274e-09
1.0599137137347223e-76
1.2218810066668225e-88
5.0709286233596503e-161
6.3157070667763656e-34
1.5261360730087771e-25
0.099823674418349634
1.71865575224851e-11
1.2338922675677944e-07
6.6752230887658287e-69
7.2841689200385347e-18
1.518314448516377e-52
3.0086369809860704e-120
2.8967225563259667e-140
1.1695458209503606e-118
1.0997068361879129e-224
0.0051558690431474045
1.6729868555546088e-65
1.2705882516197342e-123
9.1083414286035934e-104
2.0195792938326069e-214
6.8670375859303207e-82
2.31006011334867e-209
9.2695974787468067e-202
4.3908414606109466e-160
0
7.0067932321265319e-06
4.4814110718980398e-15
0.0060727995661467044
1.2229535424621657e-11
6.9878259366492563e-30
1.7278261574225419e-11
4.9940161086662424e-21
6.296888056425028e-97
4.4597725649215196e-05
9.8318250747759634e-46
1.1629204053166863e-83
2.8881742621013593e-159
5.2474430348512384e-24
6.2322134331086963e-157
8.8093379806167583e-158
1.0547056954683306e-260
0.0055101982117928558
3.0685835601830087e-80
3.5091023571341113e-144
1.5386615428376709e-226
7.9098724684562474e-245
0
0
9.4605412086237847e-243
2.9308148877100406e-120
3.5977331323848244e-66
2.6209956525523482e-37
0.56376404056659524
3.6232678580340297e-39
1.2247458536815764e-32
2.8081924590220874e-25
1.9259519396930655e-10
0.13529182433469081
3.2921729418386834e-35
1.1507053199379232e-32
1.5214953020792335e-118
1.4703026954526528e-20
0.0047699131540623989
1.3408096734062323e-18
9.9344630590672578e-112
2.4868385151881049e-58
2.3800367719965418e-96
2.0780911400835623e-110
5.3655622390439991e-203
3.3592036995448536e-64
6.2516322313938813e-05
3.7938979474983266e-16
2.1494330563427854e-20
9.1722868773061583e-10
2.0043057644396846e-05
4.1785998850231182e-46
0.0010040207654340506
0.060952934483080833
5.0300223311665858e-20
7.7985733879905423e-18
3.7922158586575818e-05
0.47023402488649557
6.7622136294575543e-37
2.3499197135641025e-59
4.9792492352319517e-97
4.8003972881642644e-92
1.1667521673120677e-14
6.0134370568747661e-91
5.1571919746783625e-139
1.5878247473701829e-131
5.1730975758696181e-206
1.1954661040641378e-51
5.5634054879305132e-06
1.0914394707760126e-10
0.046788824293984149
6.9211360201626675e-07
0.0044706213359452457
7.6126957204469846e-23
1.630482813131636e-66
7.1503981527089355e-06
1.2746468795267212e-84
7.4926825981276207e-115
2.7563352749700504e-146
5.1868131942776197e-116
5.8913118062418589e-206
1.96935335797745e-138
6.6655701059782009e-05
7.7608953242793858e-16
9.7075255550716039e-35
2.5243381914060307e-127
1.0317751176532102e-116
2.2494901671118658e-198
5.7177783937354052e-225
4.6228900002698514e-214
1.9376262124809834e-27
3.6113914778995188e-187
7.9243215084609169e-205
2.1392603172570421e-274
4.9833872055870523e-215
0
0
0.17425642166104682
0.50181933065896334
0.048649260203606035
2.1900025073624022e-15
2.701015633384282e-24
0.66257216860146229
8.1074919966847738e-18
2.9115899795113196e-59
8.4182969140439435e-80
0.011294795298937486
5.9226562820198668e-05
0.00197407106465143
2.7837421680971552e-17
0.40361864789768664
2.1311929977073427e-10
5.5571152315365819e-79
9.9519416163851413e-22
8.457848717415477e-13
1.8447530842537592e-05
0.0072106904558789358
6.0200088936875784e-08
0.093139154718819103
6.8657413884503359e-20
0.3594395245039394
0.35201372374350198
0.1374120030838151
0.00013428617422300032
0.092860442389757269
3.7392197795701761e-26
4.0753873636736775e-102
1.4245296276824012e-25
2.8465466383513461e-12
4.0037909020342431e-18
0.25375485197963965
0.27056084517126217
6.4123501987849879e-19
0.0024988525913381601
3.0175580874096712e-08
0.00013003751261213536
8.2399130673333334e-29
0.031735161321835098
2.559995462744138e-30
0.17129654310534456
0.22165372891747384
2.4715964469300543e-16
1.3414517716956554e-11
9.6451302893963442e-11
5.1696287312821659e-09
0.29376591499681326
0.0018977271202745114
1.6190427792733086e-13
7.066196661315658e-136
5.1150379106735618e-34
5.8272331011517883e-25
0.0088682843698131095
5.1359601280122772e-26
0.1572657585787407
0.1472389482186176
5.6507752039782768e-21
4.9010117714356838e-25
0.0027286831150000637
1.4043352917832181e-08
1.0603844464327944e-58
0.022474581422954963
2.7587264322446871e-32
7.4210453711089451e-24
1.932827018685073e-29
5.3042677126810334e-21
0.29120637729246623
0.10661372522528015
4.6515805274718979e-17
1.3246715255360347e-11
2.4151882522714484e-09
4.9927931060437731e-150
0.17425642166104682
1.4746230530289218e-74
9.7825499699092347e-54
2.9801616257831936e-13
9.4484695489389385e-19
8.2257174814349972e-06
3.8672743067798546e-21
8.7252165121713934e-06
1.9767621749145949e-08
0.017923496132621189
0.019391930837090062
2.1125851521005219e-24
0.00047130752093792796
7.3521670376710746e-12
0.0019008499840056318
0.29860908160883898
0.66790547115345433
1.7676338293859015e-25
0.0013821236739199282
6.6276424171867308e-05
1.8151159045612035e-07
2.5992479170120901e-15
0.64738915073817005
3.3430098900219606e-10
1.0890195640464362e-28
5.2186957941944375e-16
1.815133763572878e-21
5.0260148766522943e-16
2.6736899769540125e-09
0.031195015197941278
0.010828811419485917
1.5961471060850155e-74
1.5394938547945332e-06
1.6917109003354785e-05
0.01341883989133659
9.8190648814701882e-05
3.2577312676998345e-102
4.1548583184454382e-24
0.38772784298928981
1.9256119371400335e-25
1.7186632616810806e-12
0.00069435992633028762
4.4627741104237493e-28
0.091112414016099236
1.6387311822646534e-18
6.9002189692549626e-20
5.1767070033993406e-27
0.30342756743659227
1.0170528799093102e-23
0.010514836115520371
0.01518075306063868
5.6529028867841812e-20
0.26905389935090052
0.39591894321251692
3.0154695062114266e-23
0.044500005251221927
1.706995684608963e-06
0.56213926152314109
9.8498520377490412e-63
1.2574571138273233e-27
6.8471062097319769e-36
0.0030659887424174239
3.8393458232195157e-20
0.49250949925790111
4.3625733860584449e-08
1.1216271651771436e-05
6.2964347686932958e-86
4.7877036606213887e-35
1.357359482961867e-45
2.4575225947569937e-10
3.2299132220176855e-96
2.7720823871120941e-39
1.7305232602729065e-125
4.9927931060437731e-150
0
1.0411178765631487e-41
2.3991620498600155e-71
1.3877667275671762e-39
5.1592203576165689e-12
1.033746800127125e-20
0.038088535880776271
2.4768978579520712e-77
3.4378050106243486e-16
0.00010270400373928213
0.0014346340081433221
3.9114346662991273e-05
2.882721189523585e-14
0.90709299556579137
1.0439129530076186e-16
4.1961676954981929e-83
1.4720270152846263e-06
0.026983585948714996
1.1046809971457033e-11
0.0010389970687530443
1.0667110474592129e-08
0.00010337810902347488
7.6964272373592836e-09
3.9985777642739728e-09
0.11244458543122535
0.0011832807199157003
9.1655052670855817e-11
0.074722023456671324
3.4374121302270411e-12
3.4390109386400561e-70
0.00024403161989040872
5.1085221036919924e-05
4.8139932439795698e-07
1.3684040529178291e-32
7.3166747566059133e-06
4.2896089484902547e-08
7.1123577750640349e-15
2.4956958168216966e-09
0.00050936854973812357
4.6100193074004472e-20
7.1017638995790236e-07
3.2778443325234296e-15
4.6013980927005655e-24
0.17769100078998584
7.4608580807678406e-14
0.00063578420914649778
4.7218963102167501e-15
3.4878949145516006e-12
9.5195137757020943e-19
3.9917849623306379e-05
2.6066187711003013e-65
7.6459990950623885e-119
1.6382292454585944e-06
0.00083966988742512549
6.8881644378750898e-15
4.785590911785569e-06
1.186925372070496e-24
4.0864464101022353e-16
4.5473508609141002e-12
4.8247079428813272e-25
3.905716144800037e-19
0.0093766248660069936
9.6118399121788225e-25
0.080325512686896111
5.9166661965131144e-50
1.7783963337276615e-07
1.6991240014471147e-10
3.1862544111277975e-36
1.7924838607224654e-06
0.035677139560369373
8.534147447293522e-05
4.0494231179696542e-42
3.4050801121071581e-51
1.8524029703088316e-230
0
0.0005067830732861544
1.2848354805364166e-05
1.6445272445305042e-09
5.4147087387060072e-07
0.29424764661642872
8.7484666793486748e-17
0.45513241313678721
0.00051088270658233576
2.4528127816008564e-10
9.9045881722885772e-06
0.0023274830719183254
4.329883208040162e-06
0.15967497946992698
0.2317330481211051
1.3820133933173052e-14
0.00094496539059210941
1.2444606685154051e-11
1.0331740139028643e-05
0.15315918928617356
0.016769232183029958
8.6143504703615698e-20
1.325833533037409e-86
0.0067568230127360044
2.0285728980838038e-05
0.078843556267108858
2.1030172257225726e-25
1.3790432792822276e-05
9.955784048355814e-75
1.9754225063808063e-22
1.6045743788676601e-26
5.9850102561885751e-57
0.00017162808949927461
1.9280735678888749e-08
0.0014447686132919102
0.016948026424941743
3.1713963745846193e-10
6.9532886842560928e-06
0.53943078460328253
5.1116437245138378e-28
0.15522516412558587
6.8305749849017454e-13
0.1449441246968049
3.2844574240296914e-27
5.0929749117262589e-19
8.4048825841689823e-11
4.8594555252153993e-17
0.7896464900881196
0.011506017525289541
0.0054578695052110117
0.64928752384088395
3.6985903110505833e-33
0.79757171009386907
1.5885474315431688e-27
0.00020085782740994265
2.7061650694314133e-10
0.088738131980061349
1.6663390135755813e-28
1.3757188804865334e-54
1.7203026564991033e-06
5.199204826726526e-11
0.0010325112803444994
6.1630266093987218e-41
4.9998537246863934e-15
2.1795878118691794e-17
1.2550528830666004e-51
4.0796217016063079e-94
1.138452930708803e-09
1.3461231108438606e-74
1.9447112199552467e-44
8.0058670563136736e-124
4.6061943619316003e-69
7.034095237419722e-148
1.8524029703088316e-230
1.3392348631719003e-07
9.1636191990896209e-06
4.3971922857671215e-42
1.1217805909253082e-160
0
1.2054163658286985e-48
1.2773738038375456e-05
0
0
2.4638562370783037e-310
4.6854309786948971e-81
9.3474873838697894e-76
3.148638870016311e-05
0.0011931685877554579
0.0040229734194146835
0
0
1.7315182566046951e-133
6.7795086657093483e-301
1.280110415747458e-258
1.0011444889969374e-68
5.0224715267984946e-30
1.5736236588628509e-70
0.017370077956463364
5.3698999781471024e-31
0.00010048810108914158
7.6405146738520024e-07
4.1356558013032087e-08
2.0568940465068462e-13
0
0
2.1875154797290525e-140
0
1.5865107540949897e-114
0.026480452002775639
1.123869023601172e-281
2.8961144063786829e-218
1.7872104018190671e-56
8.2522609013125997e-40
2.1941665626793396e-29
8.9307259199905636e-45
6.3703603609823447e-55
3.2105634922675047e-19
0.27642166100735382
1.3913385545829239e-39
7.0725937661661605e-194
0.0015379029396192178
2.8674674055066463e-19
8.9365313810324068e-07
3.3095476889228401e-10
6.1687992910789835e-07
0
0
1.6525277868886663e-297
1.9381869470600714e-100
5.3850025935691647e-285
2.1353434259826315e-244
1.4870651438747962e-62
0.054302565149780033
1.496719801047525e-255
1.4348812901474849e-229
5.8569755047375173e-165
1.2964649985770849e-38
3.7865108883547841e-19
1.3683497048648212e-33
1.5563111955467972e-76
5.0720619468847474e-81
5.9358602011182338e-22
0.015835457837355904
2.9372999183344474e-17
1.007369139164745e-223
7.8803030973512791e-13
1.3422528156682024e-42
4.4603050147172027e-36
1.3392348631719003e-07
0
1.0877127066746562e-273
1.0332634524712026e-282
1.5573804068740545e-27
3.3223098042783373e-08
4.6631902829438163e-170
1.0713723995047915e-310
6.2939872897917601e-307
0.2148767026396281
5.8490827653101713e-242
2.5973440735077152e-169
0.00037950517590921214
2.645421913512942e-55
1.1043049839463571e-12
0.39493829944731007
0.37279788099507527
1.9086766808294179e-244
0.015602429046414677
0.11145985063953893
4.0379187204080722e-05
0.29561567197936878
5.3576255899012538e-48
1.1551780209755463e-297
3.4443562975482292e-305
9.8019129108229115e-306
1.1889055443776192e-205
8.9532782418725337e-263
4.4646155472658912e-255
2.172244929741866e-217
1.4806823275533642e-11
0.16719228033973402
7.4508949210361239e-202
9.8235217653809166e-239
6.2241225263730191e-237
7.4989027341153086e-195
1.3188840603523353e-99
4.6717341299107367e-28
4.3712695502567262e-06
5.5008891778048868e-11
1.2549962524632822e-15
3.0219666364006933e-14
2.5141286455092285e-36
2.356491970877863e-39
5.5709532609197668e-06
1.2036456449691767e-32
2.7809729375142741e-16
6.5571260510848023e-24
1.164391800723675e-13
0.11310529609749398
1.128255625931617e-141
1.619966757919332e-05
0.040811323211846121
0.014865958487522285
5.9795580542726566e-170
1.4250358767708954e-96
7.9751035385615842e-179
5.1233918820689807e-156
1.6648528283080783e-07
2.9870123419152027e-10
5.4177773954240702e-09
2.4410320557550154e-72
5.0784429636680237e-14
0.047659977928118845
2.635178016998918e-125
1.0122163267052633e-78
2.3706995911694412e-17
1.6419764861925852e-06
4.4361067673723134e-12
1.6750132229191052e-99
1.4740195923892077e-21
1.9128383558216085e-15
1.9069300724665455e-36
4.4603050147172027e-36
6.4259490445080524e-24
3.7779317382686106e-08
2.7915007676555249e-06
1.6385822154636619e-30
5.5172593948161445e-25
3.4186902581527035e-06
2.2512889582450774e-07
6.5037328504053932e-35
5.4749555577490426e-24
4.7927480768425465e-16
3.1184825130555033e-15
3.6865652286665235e-12
5.3108820667463281e-07
2.52557146298581e-06
6.7050747241220059e-13
2.528640857693638e-54
6.2291910304469944e-19
4.7509666206269776e-32
9.5911893649018149e-07
1.3885283907133511e-45
3.0259128807481642e-10
0.048203473923524753
1.0284158430324874e-23
1.4639699411192781e-06
0.39670452571854192
3.1881309598288149e-24
0.29033030731920567
2.0567221374598775e-24
1.0426194365466386e-25
6.0716583531879414e-98
8.5628643305596546e-07
1.91974381566951e-13
0.047105414606961556
1.1735518688891014e-06
8.7274095352417694e-09
3.1939002043400313e-08
1.7589913252273909e-17
2.5548287823359384e-21
1.6425656324584405e-07
5.1431220017259603e-10
1.1980127847137935e-29
6.618346813926152e-101
7.9275667099668284e-06
2.3499773212527894e-11
2.447222076834446e-08
4.8185874945995911e-17
2.1797232638604541e-102
1.0255438686075412e-07
3.1815132344099133e-115
3.5731857218576206e-92
1.008067862943861e-101
9.1396516328005013e-240
5.6934696680097404e-12
1.1474155779151492e-18
0.2625720998146866
1.3351814056518526e-17
4.9990261779063416e-17
1.162089266056081e-05
0.0028662588272844601
1.9903649814165229e-44
1.5744397473963389e-12
0.00066738910294165683
4.2599237537644781e-14
1.6722208260282431e-34
0.0030289210106567771
5.5285946814422293e-47
1.8834903476706395e-53
8.6203198256971731e-154
0.0010048600054217325
5.7672418661018916e-29
1.750703357509035e-25
1.5729241081265499e-145
1.8298425536201575e-138
6.366455441944241e-282
6.4259490445080524e-24
3.6944607452792511e-14
7.3519228314694287e-11
6.4791067252591874e-58
6.7066546308925003e-05
0.86064657358873564
0.003140175356554707
1.0418425256900275e-34
1.291394298717929e-31
7.6371039063308123e-36
3.915422433185082e-06
1.8108172770416699e-46
0.00021464967330435232
2.4532972266923033e-05
2.8133112823715985e-10
0.000517860899592239
0.32317128779490867
3.0521265751510884e-10
1.1768779678063419e-32
3.2270462649846521e-08
1.170126116689796e-55
3.4836351442083917e-99
5.0936400191661481e-16
7.0237861131139299e-07
7.1806007473000959e-07
2.0687429462402378e-05
6.682208420999389e-13
0.00018304941664703384
1.6752259859727923e-25
1.7581808549656727e-11
0.86636960108876737
1.3886787468332458e-10
1.7580509919067232e-10
5.7530082616205172e-08
0.0011531336355089159
0.1328185857478798
2.0147680475420641e-20
4.7532116470234654e-06
3.1269941798479472e-38
0.54711997327015327
0.0058856044602060877
1.6294805328104259e-64
6.8789481915735885e-22
2.1837010057715267e-100
4.1603546381120904e-63
8.9719723063218674e-06
1.557654658417649e-10
1.1072331411514829e-08
0.00092733773293498514
1.6476616435059988e-09
0.017903205394730483
1.1999095515404502e-20
0.018760281969889651
0.0018197591692736058
2.1658710493397628e-19
6.3036689984863112e-61
2.1003155557545832e-12
2.1660287221618889e-95
1.2736959757702538e-107
3.7008355299002261e-15
1.2094422469261744e-14
1.9278017345857874e-10
4.6525955230793354e-31
9.6034012220831244e-12
2.1001974695433125e-80
2.0948347164216431e-132
1.3146706751137206e-144
9.8769370295545708e-24
8.3884595171882154e-67
4.2500058929326784e-114
2.118784932451045e-180
2.0990930739814205e-86
3.6828405424177912e-227
6.366455441944241e-282
0
0
3.9739275900727618e-257
5.9042711280645107e-151
0
6.8332532465456932e-65
6.7702715361818362e-48
2.7920588649011617e-26
0
1.376624372258872e-86
1.2850303738818956e-24
0.14258989549316706
3.0433924744832061e-16
0.00020916894747461379
2.4226309608447103e-11
6.4882788892991582e-36
1.1627685072295657e-84
1.7269814254014201e-08
2.9359124216418778e-07
0.022718854653523142
1.0627346891536823e-23
9.9639174112467467e-52
1.3842557178670903e-107
2.193127873163932e-24
4.4647244235067415e-71
1.5092892642694683e-121
2.371054668783919e-34
7.2896846901967774e-132
8.4524269583972031e-149
4.5643846749417011e-218
4.637680709400104e-119
3.5913267638401004e-30
0.39513430948580186
3.991644044256931e-27
1.5195989051714084e-37
2.9824226637282237e-99
9.9961098045553715e-31
2.6087632873117646e-92
4.1446946321955402e-166
1.6304391259205415e-201
2.0294890845937727e-213
1.8039034285280275e-284
1.9309833882040672e-41
4.5011899435925553e-119
1.8636247030149124e-180
3.4921777769732229e-204
1.634863237201793e-285
2.0681436827134705e-180
1.2605209308761432e-279
3.2519395290765038e-280
4.9885809346971055e-267
0
2.8980277121454845e-122
3.3172226416782328e-25
0.45047166625229385
6.3160370909818313e-26
0.022100432336029267
7.8441708806452769e-82
9.5696279518105416e-88
5.1052938567737117e-162
0.0049227915487697052
3.6668520810563626e-73
7.39263755559032e-140
1.225385036711308e-236
2.9331567860593176e-71
4.1628683896816903e-264
3.8392262533448481e-253
0
6.4713294217970701e-21
5.6820324391270085e-156
2.8902841382333395e-220
0
0
0
0
0
3.2519167944437349e-269
1.1228724026133122e-23
1.1062163914833274e-20
2.9652109466871794e-12
2.6259866336275498e-111
1.3060286553828573e-72
0.0001361063541110852
5.9414329640542246e-18
0.51086801196038611
8.9312050327534693e-41
1.3031313498299061e-77
4.2271460824485046e-181
0.00088633161633562205
2.2162750414977197e-16
2.3338664318038563e-71
4.5119531620118638e-188
2.9346345939799511e-64
1.521024164359306e-136
1.6204147515052445e-175
7.5248538504892156e-287
2.7247995693033071e-95
4.1420269913807906e-102
1.0414476247263464e-66
2.0232610695339967e-50
2.4259422714656331e-14
0.44489119410750932
6.3401324779626368e-05
3.8908446418472815e-12
2.0394551035118244e-55
1.5273001769776656e-55
3.4541582309111309e-12
3.0566528618603861e-44
3.4368832252215535e-11
4.3833747466269214e-79
4.8577783801590771e-73
1.4968257389820712e-186
3.1050953085193676e-111
5.8262556574304573e-29
2.1445243860885769e-146
2.7148902031245808e-234
1.8286737178104717e-180
3.3349670908325496e-298
1.0050540906416621e-14
4.4965647784937668e-78
4.6537997640142128e-10
0.00016650721196847723
2.4993350031186954e-22
2.8914932914564157e-26
3.9997969205952049e-100
2.3090016240476585e-82
2.6815955836719604e-19
1.6773968288082045e-124
1.4380908138657535e-214
4.2561220626093739e-226
1.1189570841033446e-178
5.7628270048557155e-287
2.270115349345318e-130
3.747034218558662e-09
3.5436000773110148e-69
4.4233760001377816e-128
1.4132116141387914e-171
7.4252603096573438e-142
2.5239351833263448e-279
9.2440895862469825e-305
9.3585449479244879e-241
2.5862866747401207e-72
4.4683660816458425e-231
2.1481494905597509e-291
0
8.4572008119245644e-254
0
0
0
2.0945735065288286e-46
3.8163805465970677e-87
1.0866505131879353e-35
0
3.5625877191113563e-14
1.0885541710049912e-09
6.3011290616610238e-23
0
1.0874373433238069e-108
7.5059087352933652e-10
0.26905389935090052
1.4419675536773587e-19
8.9938387328115197e-05
4.1587495155284561e-06
8.1930702699143951e-40
4.5107363129879209e-129
4.6158575559078064e-119
6.4327574814761906e-07
6.0964589880278599e-37
5.7530082616205172e-08
1.70566402429302e-10
4.0318937793757692e-30
1.7011157267478292e-13
1.4668633119422629e-17
1.7158586734726933e-53
2.3570512386980802e-07
1.3160290356303026e-83
6.959742973924852e-77
1.298525134937794e-180
5.3216551992070263e-23
9.3180013713168466e-34
0.1465933036236734
1.2185218722366279e-08
9.9876131729462601e-05
1.3715638903407751e-71
4.68454146873697e-20
1.7187285210102501e-57
1.6281774795189505e-123
2.7170700752718191e-139
7.0547395329884827e-105
3.4597442012959608e-217
9.5591472258835818e-06
1.4072203151162919e-55
1.4039432229340207e-119
4.0498801551539332e-102
2.4513266847129496e-214
3.6034052091296637e-86
1.1511805384747682e-217
1.4638749659365659e-203
2.2394979004289293e-169
0
7.8230926834432714e-11
1.2715726436154544e-09
0.033897936052880377
2.6471493958573919e-09
2.0344505687521364e-32
3.1463061619265766e-15
2.571004284584862e-23
4.2291871485354844e-104
2.9261871470114404e-09
6.4758797609169772e-39
5.5913562430491e-88
1.0319405447173934e-163
1.0999203473049292e-22
3.2804946896166834e-172
3.0085040853467734e-154
1.6453993777339636e-265
0.00078578083808265127
2.6805942992034593e-82
1.9008408663934629e-131
8.9968252219449813e-252
8.9638347115391629e-232
0
0
9.4383695835931508e-227
7.9556751804870375e-164
1.3080950467534606e-71
1.332157768736459e-34
0.083674108468873507
3.0283072689618682e-39
1.8461017655394984e-38
3.0832517291464705e-18
2.358219313034943e-10
0.0077240300594443147
7.9456482029025675e-38
1.1502669278813651e-35
6.1098624683521032e-104
3.1764063958583738e-22
0.35383772828905635
1.2386389173357044e-28
2.0390861412317082e-111
1.1900726166882373e-60
3.0381828061373494e-82
2.6874268974526676e-105
7.7246998874565636e-210
5.2155703039108135e-49
5.9106170046454519e-06
6.8760209236040485e-24
5.8647270036686338e-21
1.3576024277791434e-05
8.7416940216067696e-07
7.7509460744521597e-33
3.1626283798139521e-05
0.0039334150087714844
9.5383437350146981e-14
6.8230087519694901e-12
2.6166332038395852e-05
0.017057460400192011
6.6193089906089084e-36
5.860131812808182e-59
4.573803722776435e-105
4.8539087975399162e-91
3.6131528832904184e-13
6.1790506493837551e-91
4.4183307858193737e-151
8.1059559196756318e-125
2.0664574789579886e-215
3.9663549092587318e-46
9.4783657650056809e-08
5.5493819046724911e-05
0.097087663201568739
7.884235695325656e-05
6.4238794698362536e-07
1.3579670357211104e-17
8.609403287074243e-74
6.0945112214586132e-10
6.4824884494393809e-94
1.1209386187032522e-118
4.0029925555261501e-160
3.2989272142723824e-124
5.3033651367138853e-218
4.5315672046788682e-134
0.00064578949589923229
2.5342391040070592e-19
6.5598925029006219e-29
5.4966012139355186e-114
1.7542239118245965e-127
8.3939813792628154e-207
2.1360450280594134e-222
2.8368274248010053e-207
2.8533427747671077e-32
4.6919344967166708e-186
4.2720798255317452e-209
1.7862249194937751e-273
4.8289123055701421e-218
0
0
