0.000000
0.000000
0.000000
0.000000
0.000000
0.000000
0.000010
0.000000
0.000000
0.000000
0.000000
0.000000
0.000805
0.000106
0.111025
0.000000
0.000000
0.000000
0.000000
0.000000
0.000000
0.000000
0.000000
0.017410
0.000000
0.000013
0.000045
0.000000
0.000000
0.000000
0.000000
0.000000
0.000000
0.000000
0.000254
0.000000
0.000000
0.000000
0.000000
0.000000
0.000000
0.000000
0.000000
0.632680
0.000000
0.000000
0.000003
0.000000
0.917176
0.000053
0.008221
0.000000
0.000000
0.000000
0.000000
0.000000
0.000000
0.000000
0.052910
0.000000
0.000000
0.000000
0.000000
0.000000
0.000000
0.000000
0.000000
0.000000
0.000027
0.000000
0.000000
0.000000
0.000000
0.000000
0.000000
0.000000
0.000000
0.000000
0.000000
0.000015
0.000000
0.000000
0.000000
0.006529
0.000000
0.000000
0.001301
0.000000
0.000000
0.000018
0.060363
0.000000
0.013543
0.177799
0.114325
0.010490
0.000000
0.000000
0.000000
0.000000
0.000000
0.000000
0.000000
0.000000
0.000000
0.049081
0.000000
0.000000
0.000000
0.000000
0.000000
0.000000
0.000001
0.004939
0.000000
0.000000
0.000000
0.000000
0.000047
0.000000
0.000000
0.000000
0.000000
0.113032
0.000000
0.000093
0.366874
0.210990
0.000000
0.000000
0.000000
0.000000
0.000000
0.000002
0.000003
0.000000
0.000028
0.739226
0.000000
0.000000
0.000000
0.000099
0.006853
0.000000
0.000000
0.000156
0.000000
0.000000
0.000000
0.000000
0.000000
0.000000
0.000000
0.000000
0.000000
0.000000
0.000000
0.015152
0.000217
0.000000
0.000000
0.000000
0.000000
0.000000
0.000000
0.000000
0.000000
0.000000
0.000000
0.000000
0.000000
0.000000
0.000000
0.000000
0.000000
0.000000
0.000000
0.000000
0.000000
0.032272
0.000000
0.000000
0.000000
0.000000
0.000000
0.000000
0.000000
0.000000
0.000000
0.000000
0.000000
0.000000
0.000000
0.000000
0.000000
0.000000
0.000000
0.000000
0.000000
0.000000
0.000000
0.000000
0.000000
0.000000
0.000000
0.000000
0.000000
0.000000
0.000000
0.000000
0.000000
0.000000
0.000000
0.000000
0.000000
0.000000
0.000000
0.000000
0.000000
0.000000
0.000000
0.000000
0.000000
0.000000
0.000000
0.000000
0.429096
0.000000
0.000000
0.071772
0.000000
0.000000
0.000000
0.000000
0.000000
0.000000
0.000000
0.000000
0.000000
0.000000
0.000000
0.000000
0.000000
0.000000
0.000000
0.000000
0.000000
0.001999
0.000000
0.000000
0.000000
0.000000
0.000000
0.000000
0.048770
0.529162
0.000000
0.000000
0.000000
0.000000
0.000000
0.000000
0.000000
0.000000
0.000000
0.000000
0.000000
0.000000
0.171297
0.000000
0.000000
0.000000
0.000000
0.000000
0.000000
0.000000
0.000000
0.000000
0.000000
0.000000
0.000000
0.073660
0.000000
0.000000
0.000000
0.000000
0.000000
0.000000
0.000000
0.000000
0.000000
0.000000
0.000000
0.000000
0.000000
0.000000
0.000000
0.000000
0.000258
0.000000
0.000003
0.000018
0.110844
0.000000
0.000000
0.000001
0.087469
0.000000
0.032143
0.000000
0.165706
0.000000
0.000000
0.165809
0.000000
0.003303
0.000028
0.147331
0.000000
0.000002
0.022308
0.000000
0.000000
0.000000
0.000000
0.000000
0.000000
0.000235
0.000000
0.000604
0.000004
0.000000
0.000053
0.487664
0.000000
0.000002
0.000004
0.000000
0.077281
0.000000
0.000041
0.000000
0.000000
0.000053
0.000000
0.000000
0.000000
0.000000
0.000000
0.000000
0.000000
0.000000
0.000384
0.000000
0.000000
0.000000
0.000187
0.000001
0.062430
0.000000
0.312560
0.000000
0.000000
0.000000
0.000000
0.000000
0.000552
0.000000
0.000000
0.000000
0.000000
0.000000
0.000000
0.110844
0.000004
0.027587
0.000000
0.000542
0.000248
0.007067
0.000001
0.338623
0.000007
0.002209
0.000000
0.000646
0.000000
0.000000
0.000000
0.000000
0.000000
0.000000
0.000014
0.000000
0.000000
0.000000
0.000015
0.000000
0.000000
0.000000
0.000000
0.001106
0.000000
0.000000
0.001327
0.000000
0.108338
0.000067
0.000000
0.000000
0.000000
0.000000
0.000000
0.000000
0.000000
0.000000
0.000000
0.000000
0.000000
0.000491
0.000000
0.000000
0.400153
0.000000
0.000000
0.000000
0.000146
0.000000
0.000000
0.000000
0.000000
0.000000
0.000000
0.000002
0.000000
0.000000
0.000000
0.000000
0.000000
0.000000
0.000000
0.000000
0.000000
0.000000
0.000000
0.000000
0.000000
0.074849
0.000000
0.000000
0.000000
0.062798
0.000000
0.000000
0.000000
0.000000
0.000002
0.000000
0.000002
0.000554
0.000000
0.000000
0.000000
0.000000
0.000000
0.000000
0.000000
0.000000
0.000000
0.000000
0.000000
0.000000
0.000009
0.000000
0.000000
0.000000
0.000000
0.000000
0.000000
0.000000
0.000000
0.000000
0.000000
0.000000
0.000000
0.000000
0.000000
0.000000
0.000000
0.000000
0.000000
0.000000
0.000000
0.000000
0.662216
0.000000
0.000000
0.000000
0.000000
0.000000
0.000000
0.000000
0.000000
0.965928
0.000000
0.000000
0.000000
0.000000
0.000000
0.000000
0.000000
0.000000
0.000217
0.081915
0.000000
0.000000
0.007619
0.000000
0.000000
0.000000
0.000000
0.000000
0.000000
0.000000
0.000000
0.000000
0.000000
0.000000
0.000000
0.000000
0.000000
0.000000
0.000000
0.000000
0.000000
0.000000
0.000000
0.000000
0.000000
0.038034
0.000418
0.000000
0.000000
0.000000
0.000000
0.000000
0.000001
0.000000
0.000000
0.000000
0.000000
0.000000
0.000000
0.000000
0.000000
0.000000
0.000000
0.000000
0.000000
0.000000
0.000000
0.000000
0.000000
0.000000
0.000000
0.000012
0.000000
0.000001
0.000000
0.000000
0.039927
0.000000
0.000000
0.000000
0.000000
0.000000
0.000000
0.000000
0.000000
0.002551
0.000000
0.619175
0.000000
0.000002
0.000954
0.009395
0.033070
0.000000
0.000000
0.000000
0.000000
0.000000
0.000000
0.000000
0.000000
0.000000
0.000000
0.000000
0.000000
0.000000
0.000000
0.000000
0.000000
0.000000
0.000000
0.000000
0.000000
0.000000
0.000000
0.000000
0.000000
0.000000
0.000000
0.000000
0.000000
0.000000
0.000000
0.000000
0.000000
0.000000
0.000000
0.000000
0.000000
0.000000
0.000000
0.000000
0.000000
0.000000
0.000000
0.000000
0.000000
0.000000
0.000000
0.000000
0.000000
0.000000
0.000000
0.000000
0.000000
0.000000
0.000000
0.000000
0.000000
0.000000
0.000000
0.000000
0.000000
0.000000
0.000000
0.000000
0.000000
0.000000
0.000000
0.000000
0.000000
0.000000
0.000000
0.000000
0.000000
0.000000
0.000000
0.000000
0.000000
0.000000
0.000000
0.000000
0.000000
0.000000
0.000000
0.000000
0.000000
0.000000
0.000000
0.000000
0.000000
0.000000
0.000000
0.000000
0.000000
0.000000
0.000000
0.000000
0.000000
0.000000
0.000000
0.000000
0.000000
0.000000
0.000000
0.000000
0.000000
0.000000
0.000000
0.000000
0.000000
0.000000
0.000000
0.000000
0.000000
0.000000
0.000000
0.000000
0.000000
0.000000
0.000000
0.000000
0.000000
0.000000
0.000000
0.000000
0.000000
0.000000
0.000000
0.000000
0.000000
0.000000
0.000000
0.000000
0.000000
0.000000
0.000000
0.000000
0.000000
0.000000
0.000000
0.000000
0.000000
0.000000
0.000000
0.000000
0.000000
0.000000
0.000000
0.000000
0.002298
0.000000
0.000000
0.000000
0.000000
0.000000
0.000000
0.000000
0.000000
0.000018
0.000000
0.004288
0.324978
0.007628
0.000000
0.000000
0.103475
0.000371
0.000000
0.102661
0.000801
0.225040
0.000000
0.000000
0.009913
0.000000
0.002203
0.000000
0.000000
0.101050
0.000000
0.000000
0.000000
0.000000
0.000000
0.000000
0.000000
0.000001
0.005756
0.002415
0.000000
0.000000
0.000001
0.000000
0.000000
0.000000
0.000000
0.000000
0.000006
0.000000
0.000000
0.000000
0.000000
0.000000
0.000000
0.000000
0.000000
0.000000
0.001950
0.239681
0.007989
0.000126
0.000000
0.000000
0.000000
0.000000
0.001353
0.000000
0.000000
0.000000
0.000000
0.000000
0.000000
0.000000
0.000004
0.000000
0.000000
0.000000
0.000000
0.000000
0.000000
0.000000
0.000000
0.000000
0.000053
0.282844
0.003984
0.000000
0.000000
0.270259
0.005260
0.000000
0.000000
0.000000
0.000000
0.120834
0.000000
0.000000
0.000000
0.000000
0.000000
0.000000
0.033652
0.000057
0.039258
0.151542
0.000013
0.272757
0.000000
0.015268
0.000000
0.000000
0.000000
0.000002
0.197063
0.000000
0.000000
0.000000
0.000000
0.002004
0.000000
0.000000
0.000000
0.000000
0.000000
0.030074
0.002456
0.000550
0.000315
0.001432
0.000000
0.000000
0.136977
0.000000
0.000000
0.000000
0.000000
0.000000
0.000000
0.159576
0.000000
0.000000
0.000000
0.000000
0.000000
0.000000
0.000000
0.000000
0.000000
0.000000
0.000000
0.000000
0.000000
0.000000
0.000000
0.000000
0.000000
0.000000
0.000000
0.000000
0.008083
0.000000
0.000000
0.051405
0.159033
0.000000
0.000165
0.000000
0.000000
0.000000
0.020966
0.000000
0.000000
0.236055
0.000000
0.000000
0.000429
0.000000
0.000000
0.000000
0.000000
0.000000
0.000000
0.000000
0.000000
0.000000
0.000000
0.000000
0.000000
0.000000
0.000000
0.000000
0.000000
0.000000
0.000000
0.003047
0.000000
0.000000
0.000000
0.000000
0.000000
0.000000
0.000000
0.000000
0.000000
0.000000
0.000000
0.000000
0.000000
0.005770
0.000000
0.000000
0.000000
0.000000
0.001156
0.000000
0.000000
0.000000
0.000000
0.000000
0.000000
0.000000
0.000000
0.066139
0.000000
0.000000
0.000048
0.000000
0.000000
0.000000
0.000000
0.000000
0.000000
0.000001
0.000000
0.000575
0.000049
0.000000
0.000000
0.000000
0.000000
0.000000
0.000000
0.000000
0.000000
0.000000
0.000000
0.000000
0.000000
0.000000
0.000000
0.000000
0.000000
0.000000
0.000000
0.000000
0.000002
0.000000
0.000000
0.000000
0.000000
0.000000
0.000000
0.000000
0.000000
0.000000
0.000000
0.000000
0.000000
0.000000
0.000000
0.000000
0.000000
0.000001
0.000000
0.000000
0.000000
0.000000
0.000000
0.000000
0.000209
0.000000
0.000000
0.000000
0.000000
0.000000
0.000000
0.000000
0.000000
0.000000
0.000000
0.000000
0.000000
0.000000
0.000000
0.000000
0.000000
0.000000
0.000000
0.000000
0.000000
0.000000
0.000000
0.000001
0.000000
0.000000
0.000000
0.000000
0.000000
0.000000
0.000000
0.000000
0.000000
0.000000
0.000000
0.000000
0.000000
0.000000
0.000000
0.000000
0.000000
0.000000
0.000000
0.000000
0.000000
0.000000
0.000000
0.000000
0.000000
0.000000
0.000000
0.000000
0.000000
0.000000
0.000000
0.000000
0.000000
0.000000
0.000000
0.000000
0.000000
0.000000
0.000000
0.000000
0.000000
0.000000
0.000000
0.000000
0.000000
0.000000
0.000000
0.000000
0.000000
0.000000
0.000000
0.000000
0.000000
0.000000
0.000000
0.000000
0.000000
0.000000
0.000000
0.000000
0.000000
0.000000
0.000000
0.000000
0.000000
0.000000
0.000000
0.000000
0.000000
0.000000
0.000000
0.000000
0.000000
0.000000
0.000000
0.000000
0.000000
0.000000
0.000000
0.000000
0.000000
0.000000
0.000000
0.000000
0.000000
0.000000
0.000000
0.000000
0.000000
0.000000
0.000039
0.000000
0.000035
0.000000
0.000000
0.000000
0.000000
0.000000
0.000000
0.000000
0.000000
0.000000
0.000000
0.000000
0.000000
0.000000
0.000000
0.000000
0.000000
0.000000
0.000000
0.000000
0.000000
0.000000
0.000000
0.000000
0.000003
0.000000
0.000000
0.000000
0.000000
0.000000
0.002843
0.000000
0.000000
0.000000
0.000000
0.000000
0.000000
0.000000
0.003847
0.000004
0.000000
0.000000
0.000000
0.000000
0.000000
0.000000
0.000001
0.000000
0.000001
0.000000
0.000002
0.000000
0.000000
0.000000
0.000000
0.000000
0.000000
0.000000
0.000000
0.000000
0.000000
0.000000
0.000000
0.000000
0.000000
0.000000
0.000000
0.000000
0.000000
0.000000
0.000000
0.000000
0.000000
0.000000
0.000000
0.000000
0.000000
0.000000
0.000000
0.000000
0.000000
0.000000
0.000000
0.000000
0.000000
0.000000
0.000000
0.000000
0.000000
0.000000
0.000000
0.000000
0.000000
0.000000
0.000000
0.000000
0.000000
0.000000
0.000000
0.000000
0.167553
0.000000
0.000000
0.000000
0.000000
0.000000
0.000000
0.000000
0.000000
0.000209
0.000000
0.000000
0.000000
0.000000
0.000000
0.000000
0.000000
0.045429
0.000000
0.000000
0.000000
0.000000
0.000000
0.080108
0.000000
0.000000
0.000000
0.000000
0.000000
0.000000
0.000000
0.000000
0.000000
0.000000
0.031047
0.000000
0.000000
0.000000
0.000000
0.000000
0.000000
0.000000
0.000000
0.000000
0.000000
0.000000
0.000000
0.000000
0.000000
0.005718
0.000000
0.000000
0.000000
0.000000
0.000000
0.000000
0.000000
0.000000
0.000000
0.000000
0.000000
0.000000
0.000000
0.000000
0.000000
0.000000
0.000000
0.000000
0.000000
0.000000
0.000000
0.000000
0.000000
0.000000
0.000000
0.000000
0.000000
0.000000
0.000000
0.000000
0.000000
0.000000
0.000000
0.000000
0.000000
0.000000
0.000000
0.000000
0.000000
0.000003
0.000000
0.000273
0.000000
0.000000
0.000000
0.000000
0.000000
0.000000
0.000000
0.000000
0.000000
0.000000
0.000000
0.000000
0.151826
0.000000
0.000000
0.000000
0.002747
0.000000
0.000000
0.000000
0.000019
0.000000
0.000000
0.000000
0.000000
0.000000
0.000000
0.000023
0.000000
0.000000
0.000283
0.002623
0.000000
0.000000
0.000014
0.000000
0.000000
0.000000
0.000000
0.000000
0.000000
0.000000
0.000000
0.000000
0.439765
0.000000
0.000000
0.000000
0.002631
0.152539
0.041430
0.000000
0.202843
0.000000
0.063762
0.000694
0.000000
0.321371
0.000000
0.000000
0.000000
0.000000
0.000000
0.000000
0.000000
0.000000
0.000000
0.000046
0.236055
0.000000
0.000000
0.000309
0.000000
0.192628
0.000000
0.025757
0.000000
0.000000
0.069497
0.321457
0.000000
0.000000
0.000000
0.000000
0.000000
0.000000
0.000000
0.000000
0.000000
0.000000
0.000000
0.000000
0.000000
0.023677
0.000000
0.000013
0.008727
0.022517
0.000000
0.000253
0.000000
0.000001
0.000000
0.000032
0.000000
0.000000
0.000000
0.000000
0.000000
0.000000
0.000000
0.000000
0.000000
0.000000
0.000000
0.182948
0.000000
0.000000
0.000000
0.000000
0.000000
0.000000
0.000000
0.001468
0.005968
0.014125
0.007042
0.003609
0.000000
0.000000
0.000000
0.000080
0.000000
0.032746
0.970364
0.000000
0.519080
0.072884
0.000000
0.030019
0.000000
0.000721
0.000000
0.000000
0.000000
0.089006
0.000000
0.086681
0.000447
0.003575
0.000000
0.000000
0.000000
0.000002
0.000000
0.000000
0.000000
0.000000
0.000000
0.000000
0.000000
0.000000
0.000000
0.000000
0.000000
0.000000
0.000000
0.000000
0.000000
0.000000
0.000000
0.000000
0.000000
0.000000
0.000000
0.000000
0.000000
0.000000
0.000000
0.000000
0.009498
0.000000
0.000000
0.000000
0.053772
0.000000
0.000000
0.000000
0.000000
0.000000
0.000000
0.000000
0.000000
0.001132
0.000000
0.000000
0.000000
0.068103
0.000000
0.000401
0.000000
0.000000
0.000107
0.099265
0.000000
0.000000
0.000000
0.000000
0.000000
0.010930
0.000000
0.000000
0.000000
0.000389
0.000000
0.000000
0.000000
0.000000
0.000000
0.000000
0.000001
0.000000
0.005904
0.000000
0.000000
0.000000
0.000000
0.000000
0.000000
0.000000
0.000000
0.000000
0.000000
0.000000
0.000000
0.000000
0.000000
0.000000
0.000000
0.000000
0.000000
0.000004
0.000000
0.000000
0.000000
0.000000
0.000000
0.000000
0.000000
0.000000
0.000000
0.000000
0.000000
0.000000
0.000000
0.000000
0.000000
0.000000
0.000000
0.000000
0.000000
0.000000
0.000000
0.000000
0.000000
0.000000
0.000000
0.000000
0.000000
0.000000
0.000000
0.000000
0.000003
0.073811
0.000000
0.000000
0.000000
0.000000
0.000000
0.000000
0.000000
0.000147
0.000000
0.000000
0.070072
0.000000
0.000000
0.000053
0.000000
0.000000
0.000233
0.000000
0.000000
0.000000
0.012761
0.000000
0.000000
0.000000
0.000000
0.000000
0.000000
0.000000
0.000000
0.000000
0.000000
0.000000
0.000000
0.000000
0.000000
0.000000
0.000000
0.000000
0.000000
0.000000
0.000000
0.000000
0.000000
0.000000
0.000000
0.000000
0.000000
0.000000
0.000000
0.000000
0.000000
0.000000
0.000000
0.000000
0.000000
0.000000
0.000000
0.000000
0.000000
0.000000
0.000000
0.000000
0.000000
0.000000
0.000000
0.000000
0.000000
0.000000
0.000000
0.000000
0.000000
0.000000
0.000000
0.000000
0.000000
0.000000
0.000000
0.000000
0.000000
0.000000
0.000000
0.000000
0.000000
0.000000
0.000000
0.000000
0.000000
0.000000
0.000000
0.000000
0.000000
0.000000
0.000000
0.000000
0.000000
0.000000
0.000000
0.000000
0.000000
0.000000
0.000000
0.000000
0.000000
0.000003
0.000002
0.000000
0.000000
0.000000
0.000000
0.000000
0.000000
0.000000
0.000000
0.000000
0.000000
0.000000
0.000000
0.000000
0.000000
0.000000
0.000000
0.000000
0.000000
0.000000
0.000000
0.000000
0.000000
0.000000
0.000000
0.000000
0.000000
0.000000
0.000000
0.000000
0.000000
0.000000
0.000000
0.000000
0.000000
0.000000
0.000000
0.000000
0.000000
0.000000
0.000000
0.000000
0.000000
0.000000
0.000000
0.000000
0.000000
0.000000
0.000000
0.000000
0.000000
0.000000
0.000000
0.000000
0.000000
0.000000
0.000000
0.000000
0.000000
0.000000
0.000000
0.000000
0.000000
0.000000
0.000000
0.000000
0.000000
0.206059
0.000000
0.000000
0.000000
0.000156
0.000000
0.000000
0.000000
0.000000
0.000000
0.000000
0.000038
0.000000
0.000000
0.000172
0.000140
0.000000
0.000000
0.000000
0.000000
0.000000
0.000000
0.073609
0.000000
0.000000
0.000000
0.000000
0.000003
0.000000
0.000001
0.425094
0.000000
0.000178
0.010127
0.000000
0.008910
0.000000
0.000000
0.000000
0.010770
0.000000
0.000963
0.000000
0.001386
0.000000
0.000000
0.000000
0.000000
0.000000
0.000000
0.000000
0.000007
0.000000
0.000000
0.000000
0.000000
0.000000
0.000000
0.000000
0.000000
0.000000
0.000000
0.000001
0.498930
0.000000
0.000000
0.003548
0.045139
0.000000
0.000000
0.034986
0.000000
0.000000
0.237281
0.000000
0.000000
0.000000
0.043063
0.000000
0.000000
0.000000
0.000000
0.000000
0.000000
0.000000
0.000000
0.000000
0.000083
0.220814
0.000004
0.000000
0.000000
0.000000
0.000000
0.000000
0.000367
0.000000
0.000000
0.000013
0.013553
0.000000
0.000000
0.000094
0.000000
0.000000
0.000000
0.000000
0.000783
0.000005
0.000000
0.000008
0.000000
0.000000
0.026934
0.000033
0.000000
0.000017
0.000001
0.233886
0.000000
0.000000
0.000000
0.275808
0.000008
0.000000
0.000000
0.000000
0.000000
0.000000
0.000000
0.000040
0.000000
0.000001
0.000000
0.000000
0.000000
0.000004
0.000000
0.000000
0.000000
0.000000
0.000000
0.000000
0.000000
0.000000
0.000000
0.000000
0.000000
0.000000
0.000000
0.000000
0.000000
0.000000
0.000000
0.000000
0.000000
0.000000
0.000000
0.000000
0.000000
0.000000
0.000000
0.000000
0.000000
0.000000
0.000000
0.000000
0.000000
0.000000
0.000000
0.000000
0.000000
0.000000
0.000000
0.000000
0.000000
0.000000
0.000000
0.000000
0.000000
0.000000
0.000000
0.000000
0.000000
0.000000
0.000000
0.000000
0.000000
0.000000
0.000000
0.000000
0.000000
0.000000
0.000000
0.000000
0.000000
0.000000
0.000000
0.000000
0.000000
0.000000
0.000000
0.000000
0.000000
0.000000
0.000000
0.000000
0.000000
0.000000
0.000000
0.000000
0.000000
0.000000
0.000000
0.000000
0.000000
0.000000
0.000000
0.000000
0.000000
0.000000
0.000000
0.000000
0.000000
0.000000
0.000000
0.000000
0.000000
0.000000
0.000000
0.000000
0.000000
0.000000
0.000000
0.000000
0.000000
0.000000
0.000000
0.000000
0.000000
0.000000
0.000000
0.000000
0.000000
0.000000
0.000000
0.000000
0.000000
0.000000
0.000000
0.000000
0.000000
0.000000
0.000000
0.000000
0.000000
0.000000
0.000000
0.000000
0.000000
0.000000
0.000000
0.000000
0.000000
0.000000
0.000000
0.000000
0.000000
0.000000
0.000000
0.000000
0.000000
0.000000
0.000000
0.000000
0.000000
0.000000
0.000000
0.000000
0.000000
0.000000
0.000000
0.000000
0.000000
0.000000
0.000000
0.000000
0.000000
0.000000
0.000000
0.000000
0.000000
0.000000
0.000000
0.000000
0.000000
0.000000
0.000000
0.000000
0.000000
0.000000
0.000000
0.000000
0.000000
0.000000
0.000000
0.000000
0.000000
0.000000
0.000000
0.000000
0.000000
0.000000
0.000000
0.000000
0.000000
0.000000
0.000000
0.000000
0.000000
0.000000
0.000000
0.000000
0.000000
0.000000
0.000000
0.000000
0.000000
0.000000
0.000000
0.000000
0.000000
0.000000
0.000000
0.000000
0.000000
0.000000
0.000000
0.000000
0.000000
0.000000
0.000000
0.000000
0.000000
0.000000
0.000000
0.000000
0.000000
0.000000
0.000000
0.000000
0.000000
0.000000
0.000000
0.000000
0.000000
0.000000
0.000000
0.000000
0.000000
0.000000
0.000000
0.000000
0.000000
0.000000
0.000000
0.000000
0.000000
0.000000
0.000000
0.000000
0.000000
0.000000
0.000000
0.000000
0.000000
0.000000
0.000000
0.000000
0.000000
0.000000
0.000000
0.000000
0.000000
0.000000
0.000000
0.000000
0.000000
0.000000
0.000000
0.000000
0.000000
0.000000
0.000000
0.000000
0.000000
0.000000
0.000000
0.000000
0.000000
0.000000
0.000000
0.000000
0.000000
0.000000
0.000000
0.000000
0.000000
0.000000
0.000000
0.000000
0.000000
0.000000
0.000000
0.000000
0.000000
0.000000
0.000000
0.000000
0.000000
0.000000
0.000000
0.000000
0.000000
0.000000
0.000000
0.000000
0.000000
0.000000
0.000000
0.000000
0.000000
0.000000
0.000000
0.000000
0.000000
0.000000
0.000000
0.000000
0.000000
0.000000
0.000000
0.000000
0.000000
0.000000
0.000000
0.000000
0.000000
0.000000
0.000000
0.000000
0.000000
0.000000
0.000000
0.000000
0.000000
0.000000
0.000000
0.000000
0.000000
0.000000
0.000000
0.000000
0.000000
0.000000
0.000000
0.000000
0.000000
0.000000
0.000000
0.000000
0.000000
0.000000
0.000000
0.000000
0.000000
0.000000
0.000000
0.000000
0.000000
0.000000
0.000000
0.000000
0.000000
0.000000
0.000000
0.000000
0.000000
0.000000
0.000000
0.000000
0.000000
0.000000
0.000000
0.000000
0.000000
0.000000
0.000000
0.000000
0.000000
0.000000
0.000000
0.000000
0.000000
0.000000
0.000000
0.000000
0.000000
0.000000
0.000000
0.000000
0.000000
0.000000
0.000000
0.000000
0.000000
0.000000
0.000000
0.000000
0.000000
0.000000
0.000000
0.000000
0.000000
0.000000
0.000000
0.000000
0.000000
0.000000
0.000000
0.000000
0.000000
0.000000
0.000000
0.000000
0.000000
0.000000
0.000000
0.000000
0.000000
0.000000
0.000000
0.000000
0.000000
0.000000
0.000000
0.000000
0.000000
0.000000
0.000000
0.000000
0.000000
0.000000
0.000000
0.000000
0.000000
0.000000
0.000000
0.000000
0.000000
0.000000
0.000000
0.000000
0.000000
0.000000
0.000000
0.000000
0.000000
0.000000
0.000000
0.000000
0.000000
0.000000
0.000000
0.000000
0.000000
0.000000
0.000000
0.000000
0.000000
0.000000
0.000000
0.000000
0.000000
0.000000
0.000000
0.000000
0.000000
0.000000
0.000000
0.000000
0.000000
0.000000
0.000000
0.000000
0.000000
0.000000
0.000000
0.000000
0.000000
0.000000
0.000000
0.000000
0.000000
0.000000
0.000000
0.000000
0.000000
0.000000
0.000000
0.000000
0.000000
0.000000
0.000000
0.000000
0.000000
0.000000
0.000000
0.000000
0.000000
0.000000
0.000000
0.000000
0.000001
0.000000
0.000000
0.000000
0.000000
0.000000
0.000000
0.000000
0.000000
0.000000
0.000000
0.000000
0.000000
0.000000
0.000000
0.000000
0.000000
0.000000
0.000000
0.002883
0.000000
0.000000
0.000000
0.000000
0.000000
0.000000
0.000000
0.000000
0.004191
0.000000
0.000000
0.000000
0.000000
0.000000
0.000000
0.000000
0.000000
0.000000
0.000000
0.000000
0.000000
0.000000
0.000000
0.000000
0.000000
0.000000
0.000000
0.000000
0.000000
0.000253
0.000001
0.000000
0.000000
0.000000
0.000000
0.000000
0.000000
0.000000
0.000000
0.000000
0.000000
0.000000
0.000000
0.000000
0.000000
0.000000
0.000000
0.000000
0.000000
0.000000
0.000000
0.000000
0.000000
0.231733
0.000000
0.000000
0.000000
0.000000
0.000000
0.000000
0.000000
0.000000
0.000000
0.000000
0.000000
0.000000
0.000000
0.000000
0.000000
0.000000
0.000000
0.000000
0.000000
0.000000
0.000000
0.000000
0.000000
0.000000
0.000000
0.000000
0.000000
0.000000
0.000000
0.000000
0.000000
0.000000
0.000000
0.000000
0.000000
0.000000
0.000000
0.000000
0.000000
0.000000
0.000000
0.000000
0.000000
0.000000
0.000000
0.000000
0.013409
0.000045
0.000000
0.000000
0.000000
0.000000
0.000000
0.000000
0.000000
0.000000
0.000000
0.000000
0.000000
0.000000
0.000000
0.000000
0.000000
0.000000
0.000000
0.000000
0.000000
0.000000
0.000000
0.000000
0.000000
0.000000
0.000000
0.000000
0.000000
0.000000
0.000000
0.000000
0.000000
0.000000
0.000000
0.000000
0.000000
0.000000
0.000000
0.000000
0.000000
0.000000
0.000000
0.000000
0.000000
0.000000
0.000000
0.000000
0.000000
0.000000
0.000000
0.000000
0.000000
0.000000
0.000000
0.000000
0.000000
0.000000
0.000000
0.000000
0.000000
0.000000
0.000000
0.000000
0.000000
0.000000
0.000000
0.000000
0.000000
0.000000
0.000000
0.000000
0.364167
0.000000
0.000000
0.000000
0.000000
0.000000
0.000000
0.000000
0.000000
0.000000
0.000000
0.000000
0.000000
0.000000
0.000000
0.000000
0.000000
0.000000
0.000000
0.000000
0.000000
0.000000
0.000000
0.000000
0.000000
0.000000
0.000000
0.000000
0.000000
0.000000
0.000000
0.000000
0.000000
0.000000
0.000000
0.000000
0.000000
0.000000
0.000000
0.000000
0.000000
0.000000
0.000000
0.000000
0.000000
0.000000
0.000000
0.000000
0.000000
0.000000
0.000000
0.000000
0.000000
0.000000
0.000000
0.000000
0.000000
0.000000
0.000000
0.000000
0.000000
0.000000
0.000000
0.000000
0.000000
0.000000
0.000000
0.000000
0.000000
0.000000
0.000000
0.000000
0.000000
0.000000
0.000000
0.000000
0.000000
0.000000
0.000000
0.000000
0.000000
0.000000
0.000000
0.000000
0.000000
0.000000
0.000000
0.955639
0.000078
0.000000
0.000000
0.000000
0.037842
0.000000
0.000028
0.000000
0.000000
0.000000
0.000000
0.000000
0.612315
0.000000
0.000000
0.000000
0.000000
0.918443
0.000005
0.000000
0.000001
0.000000
0.000000
0.000000
0.002785
0.000001
0.703539
0.295938
0.000148
0.000000
0.015244
0.072264
0.000000
0.000000
0.000000
0.000000
0.467646
0.000000
0.000000
0.000000
0.000000
0.000000
0.000000
0.000000
0.000000
0.000000
0.000002
0.000000
0.000005
0.000000
0.340578
0.000000
0.000000
0.000000
0.611842
0.000000
0.000000
0.000000
0.000000
0.000000
0.000000
0.000000
0.000000
0.000000
0.000000
0.000000
0.000000
0.000000
0.000000
0.000000
0.000000
0.000000
0.007245
0.021092
0.000000
0.000000
0.000000
0.002893
0.041968
0.000000
0.000000
0.000000
0.000000
0.011365
0.000180
0.000000
0.000000
0.000000
0.000000
0.000000
0.000000
0.000000
0.022133
0.003434
0.010198
0.007447
0.000011
0.113843
0.000000
0.000000
0.000000
0.101050
0.144080
0.000000
0.000000
0.000000
0.000000
0.000000
0.000000
0.000000
0.000000
0.000000
0.000000
0.000000
0.000000
0.000000
0.000000
0.000000
0.000000
0.000000
0.000105
0.000000
0.000000
0.000000
0.000000
0.000000
0.000000
0.000000
0.000000
0.000000
0.000000
0.000000
0.000000
0.000000
0.000000
0.000000
0.000000
0.000000
0.000000
0.000000
0.000000
0.000000
0.000000
0.000000
0.000000
0.000000
0.000000
0.000000
0.000000
0.000000
0.000000
0.002797
0.000000
0.000000
0.000001
0.000000
0.000000
0.000000
0.050133
0.001397
0.000000
0.000000
0.000000
0.000000
0.000000
0.000000
0.000000
0.000000
0.000000
0.000000
0.000000
0.000000
0.000000
0.000058
0.000000
0.000000
0.000000
0.000000
0.000000
0.000000
0.000000
0.000000
0.000000
0.000000
0.000000
0.000000
0.000000
0.000000
0.000000
0.000000
0.000000
0.000000
0.000000
0.000000
0.000000
0.000000
0.000000
0.000000
0.000000
0.000000
0.000000
0.000000
0.000000
0.000000
0.000000
0.000000
0.000000
0.000000
0.000000
0.000000
0.000000
0.000000
0.000000
0.000000
0.000000
0.000000
0.000000
0.000001
0.000033
0.046822
0.000000
0.000000
0.276959
0.001142
0.001082
0.000000
0.000000
0.000000
0.000000
0.000000
0.000000
0.000000
0.000000
0.000000
0.000000
0.000000
0.000000
0.000000
0.000000
0.000000
0.000000
0.000000
0.000000
0.000000
0.000000
0.000000
0.000000
0.000000
0.000000
0.000000
0.000000
0.000000
0.000000
0.000000
0.000000
0.000000
0.000000
0.000000
0.000000
0.000000
0.000000
0.000000
0.000000
0.000000
0.000000
0.000000
0.000000
0.000000
0.000000
0.000000
0.000000
0.000000
0.000000
0.000000
0.000000
0.000000
0.000000
0.000000
0.000000
0.000000
0.000000
0.000000
0.000000
0.000000
0.000000
0.000000
0.000000
0.000000
0.000000
0.000000
0.000000
0.000000
0.000000
0.000000
0.000000
0.014613
0.000784
0.000000
0.000000
0.000000
0.000000
0.000000
0.000001
0.001776
0.000061
0.000000
0.000000
0.000000
0.018272
0.000000
0.004317
0.081446
0.000000
0.000855
0.000294
0.000000
0.007679
0.000000
0.000000
0.000000
0.000000
0.000000
0.192802
0.000000
0.000001
0.000000
0.000000
0.000000
0.000000
0.000000
0.000000
0.000000
0.003145
0.000000
0.000000
0.000000
0.000000
0.000000
0.000000
0.000000
0.000000
0.000000
0.000129
0.000995
0.586055
0.000000
0.000000
0.000796
0.000000
0.000000
0.000000
0.000005
0.000001
0.000000
0.000000
0.000000
0.000000
0.000000
0.000000
0.000000
0.000000
0.000000
0.000000
0.000000
0.000000
0.000000
0.000000
0.000000
0.000000
0.648338
0.000000
0.000000
0.000000
0.000000
0.000000
0.000000
0.230930
0.000000
0.000020
0.003632
0.129803
0.000000
0.000000
0.000000
0.000000
0.000000
0.000000
0.000000
0.000000
0.066390
0.000000
0.000000
0.000000
0.000006
0.000000
0.000925
0.000000
0.000000
0.000000
0.040929
0.000000
0.000000
0.000000
0.000003
0.000000
0.000000
0.000000
0.000000
0.000000
0.000000
0.000003
0.000000
0.000000
0.069235
0.000000
0.000000
0.080761
0.000522
0.000000
0.000000
0.000000
0.000000
0.000000
0.000000
0.000000
0.000000
0.000000
0.000000
0.000000
0.000000
0.000000
0.000000
0.000000
0.000000
0.000000
0.000000
0.000000
0.000000
0.000000
0.000000
0.000000
0.000000
0.000000
0.000000
0.000000
0.000000
0.000000
0.000000
0.000000
0.000000
0.000000
0.000000
0.000000
0.000000
0.000000
0.000000
0.000000
0.000000
0.000000
0.000000
0.000005
0.000000
0.000000
0.000000
0.000000
0.000000
0.009828
0.000000
0.000000
0.000000
0.000000
0.000000
0.000000
0.000001
0.000000
0.000000
0.000000
0.000059
0.001076
0.000000
0.000000
0.000000
0.000000
0.001338
0.019174
0.131933
0.002019
0.000269
0.000000
0.000000
0.000000
0.000000
0.000000
0.000000
0.000000
0.000010
0.000000
0.000032
0.000000
0.000231
0.000025
0.000019
0.000003
0.267628
0.105155
0.000000
0.000000
0.184952
0.120678
0.000000
0.000000
0.000000
0.000000
0.000000
0.000000
0.000000
0.000000
0.000000
0.000000
0.000000
0.000000
0.000000
0.000000
0.000000
0.000000
0.024382
0.000000
0.000000
0.000000
0.000012
0.000000
0.048856
0.000000
0.000000
0.000000
0.000000
0.000000
0.000000
0.000000
0.000000
0.000000
0.000000
0.000000
0.000000
0.000000
0.000000
0.000000
0.000000
0.000007
0.000005
0.000000
0.000041
0.000000
0.000000
0.269581
0.000838
0.000000
0.000000
0.000000
0.000000
0.000000
0.000000
0.000000
0.000000
0.000000
0.000000
0.074366
0.000000
0.157902
0.006736
0.000000
0.000000
0.000000
0.018556
0.000000
0.496601
0.029141
0.000000
0.000000
0.000417
0.000002
0.000000
0.000000
0.000000
0.000000
0.000000
0.000005
0.000000
0.002742
0.000000
0.000000
0.023898
0.000000
0.000000
0.008636
0.000000
0.000000
0.000000
0.561907
0.000001
0.000000
0.000000
0.000000
0.000000
0.000000
0.000000
0.000000
0.529162
0.000000
0.000000
0.003190
0.000000
0.930848
0.000000
0.000000
0.000000
0.009261
0.000013
0.070048
0.000000
0.000128
0.030429
0.000000
0.000000
0.000018
0.000000
0.000000
0.000000
0.001681
0.000002
0.000001
0.000000
0.000000
0.000000
0.000000
0.000000
0.000000
0.000000
0.000000
0.000000
0.163625
0.000000
0.000000
0.000007
0.742785
0.000000
0.000000
0.108373
0.000007
0.000000
0.000098
0.000000
0.000000
0.000000
0.000000
0.000000
0.000000
0.000000
0.000000
0.000000
0.000005
0.032926
0.173619
0.000000
0.082804
0.758955
0.037031
0.000000
0.000000
0.000000
0.000000
0.000000
0.196945
0.000030
0.000000
0.000011
0.417864
0.000000
0.000000
0.000090
0.000000
0.000000
0.000000
0.000000
0.000030
0.000023
0.000000
0.000040
0.000000
0.000000
0.002992
0.000000
0.000000
0.000000
0.000010
0.000370
0.000000
0.000000
0.000000
0.113732
0.000033
0.000000
0.000000
0.000000
0.000000
0.000000
0.000000
0.000000
0.000004
0.000000
0.000000
0.000000
0.000000
0.734043
0.000000
0.000000
0.000000
0.000000
0.000000
0.000000
0.000000
0.000000
0.000000
0.392396
0.000000
0.000000
0.000000
0.000000
0.000000
0.000000
0.000000
0.000000
0.000000
0.000000
0.000000
0.000000
0.000000
0.000000
0.000000
0.000000
0.000000
0.000000
0.000000
0.000000
0.000000
0.014815
0.000000
0.000015
0.000000
0.000000
0.000000
0.000000
0.000027
0.000004
0.000000
0.000000
0.000000
0.000000
0.000000
0.000000
0.000000
0.000000
0.000000
0.000000
0.000000
0.000000
0.087822
0.000000
0.000000
0.000000
0.000000
0.000000
0.000000
0.000000
0.000000
0.000000
0.000000
0.000000
0.000000
0.000000
0.000000
0.000000
0.000000
0.000000
0.000000
0.000000
0.000000
0.000000
0.062885
0.000000
0.089903
0.000000
0.000000
0.000000
0.358517
0.000000
0.000000
0.000000
0.000000
0.000000
0.000000
0.000000
0.000000
0.000000
0.000000
0.000000
0.000000
0.000000
0.000000
0.000000
0.000000
0.000000
0.000000
0.000000
0.000000
0.000000
0.000000
0.000000
0.026324
0.000000
0.000000
0.000000
0.599100
0.000000
0.000000
0.000000
0.000000
0.000000
0.000000
0.000000
0.000000
0.000000
0.000000
0.000000
0.000000
0.236735
0.000268
0.000000
0.000000
0.000000
0.000000
0.000000
0.000000
0.000000
0.000000
0.000000
0.000000
0.000000
0.000000
0.000000
0.000000
0.000000
0.071258
0.000000
0.000134
0.000366
0.000000
0.000000
0.000000
0.000000
0.000000
0.000000
0.000000
0.000000
0.000000
0.000000
0.000000
0.000696
0.000000
0.000000
0.000000
0.000000
0.000000
0.000000
0.000000
0.000000
0.000000
0.000000
0.000000
0.000000
0.000000
0.000000
0.000000
0.000000
0.000000
0.000001
0.000000
0.000009
0.316944
0.027233
0.000000
0.000000
0.000345
0.110267
0.000194
0.000041
0.000058
0.000000
0.000000
0.000016
0.000744
0.018683
0.000000
0.000000
0.000000
0.000000
0.000000
0.000000
0.000000
0.000000
0.000000
0.000000
0.000000
0.000000
0.045753
0.000000
0.000000
0.000000
0.000000
0.000000
0.000000
0.000000
0.000000
0.000000
0.000000
0.000000
0.000000
0.000000
0.000000
0.000000
0.000000
0.000000
0.000000
0.000000
0.001388
0.043434
0.693901
0.000000
0.036725
0.000000
0.000000
0.000000
0.006524
0.000000
0.000000
0.000000
0.000000
0.000000
0.000000
0.000000
0.000703
0.000000
0.000000
0.000000
0.000000
0.000000
0.000000
0.000000
0.000000
0.000000
0.000106
0.000000
0.000000
0.000000
0.000009
0.000002
0.324289
0.000000
0.000000
0.000000
0.000000
0.001560
0.000000
0.000000
0.000000
0.000000
0.000000
0.000000
0.000000
0.788554
0.561211
0.293605
0.000012
0.316267
0.000400
0.000199
0.000000
0.000000
0.000000
0.000000
0.000760
0.000000
0.000000
0.000000
0.000000
0.000000
0.000000
0.000000
0.000000
0.000000
0.000000
0.080543
0.003641
0.003080
0.000000
0.000090
0.000000
0.000000
0.003070
0.000000
0.000000
0.000000
0.000000
0.000000
0.000000
0.397983
0.000000
0.000000
0.000000
0.000000
0.000000
0.000000
0.000000
0.000001
0.000000
0.000000
0.000000
0.000000
0.000000
0.000000
0.000000
0.000000
0.000058
0.000000
0.000000
0.000000
0.000000
0.000000
0.000000
0.000000
0.000000
0.000000
0.000000
0.000000
0.000000
0.000000
0.000000
0.000000
0.000000
0.000000
0.000000
0.000000
0.000000
0.000000
0.000000
0.000000
0.000000
0.000000
0.000003
0.000000
0.000000
0.000000
0.000000
0.000000
0.000000
0.000000
0.000000
0.000000
0.000000
0.000000
0.000000
0.000000
0.000000
0.000000
0.000000
0.000000
0.000000
0.000000
0.000000
0.002624
0.000000
0.000000
0.000000
0.000000
0.000000
0.000000
0.000000
0.000000
0.000000
0.052928
0.000000
0.000000
0.000001
0.000269
0.000000
0.000000
0.000006
0.000000
0.000000
0.000723
0.000254
0.000000
0.000000
0.000000
0.000000
0.000000
0.000000
0.000000
0.000000
0.000000
0.000000
0.000000
0.000000
0.000000
0.000000
0.000000
0.000000
0.000000
0.000000
0.000000
0.000000
0.000000
0.000000
0.000000
0.000000
0.000003
0.000000
0.000000
0.000000
0.000000
0.000000
0.000000
0.000000
0.000000
0.000000
0.000000
0.000000
0.000000
0.000000
0.000000
0.000000
0.000000
0.000000
0.000000
0.000000
0.000000
0.000052
0.000017
0.000000
0.000000
0.000000
0.000000
0.000000
0.000000
0.000000
0.000000
0.000000
0.000000
0.000015
0.000000
0.000000
0.000000
0.000000
0.000000
0.000000
0.000044
0.000000
0.002653
0.000076
0.000000
0.000000
0.000001
0.000000
0.000000
0.000000
0.000000
0.000000
0.000000
0.000000
0.000000
0.000000
0.000000
0.000000
0.000000
0.000000
0.000000
0.000000
0.000112
0.000000
0.000000
0.000000
0.000000
0.000000
0.000000
0.000000
0.000000
0.000000
0.000000
0.000000
0.000000
0.000000
0.000000
0.000000
0.000000
0.000000
0.000000
0.000000
0.000000
0.000000
0.000000
0.000000
0.000000
0.000000
0.000000
0.000000
0.000000
0.000000
0.000000
0.000000
0.000000
0.000000
0.000000
0.000000
0.000000
0.000000
0.000000
0.000000
0.000000
0.000000
0.000000
0.000000
0.000000
0.000000
0.000000
0.000000
0.000000
0.000000
0.000000
0.000000
0.000000
0.000000
0.000000
0.000000
0.000000
0.000000
0.000000
0.000000
0.000000
0.000000
0.000000
0.000000
0.000000
0.000000
0.000000
0.000000
0.000000
0.000000
0.000000
0.000000
0.001625
0.000000
0.000000
0.000000
0.000000
0.000000
0.000000
0.000000
0.000000
0.000000
0.000000
0.000000
0.000000
0.000000
0.000000
0.000000
0.000000
0.000000
0.121224
0.000000
0.000000
0.000000
0.000000
0.000000
0.000000
0.000000
0.000000
0.000000
0.000000
0.000000
0.000000
0.000000
0.000000
0.000000
0.000000
0.000000
0.000000
0.000000
0.000000
0.000000
0.000000
0.000000
0.000000
0.000000
0.000000
0.000000
0.000000
0.000000
0.000000
0.000000
0.000000
0.000000
0.000000
0.000000
0.000000
0.000000
0.000000
0.000000
0.000000
0.000000
0.000000
0.000000
0.000000
0.000000
0.000000
0.000000
0.000000
0.000000
0.000000
0.000000
0.000000
0.000000
0.000000
0.000000
0.000000
0.000000
0.000000
0.000000
0.000000
0.000000
0.000000
0.000000
0.000000
0.000000
0.000000
0.000000
0.000000
0.000000
0.000000
0.000000
0.000000
0.000000
0.000000
0.000000
0.000000
0.000000
0.000000
0.000000
0.000000
0.000000
0.000000
0.000000
0.000000
0.000000
0.000000
0.000000
0.000000
0.000000
0.000000
0.000000
0.000000
0.000000
0.000000
0.000000
0.000000
0.000000
0.000000
0.000000
0.000000
0.000000
0.000000
0.000000
0.000000
0.000000
0.000000
0.000000
0.000000
0.000000
0.000000
0.000000
0.000000
0.000000
0.000000
0.000000
0.000000
0.000000
0.000000
0.000000
0.000000
0.017809
0.000000
0.000000
0.000000
0.000000
0.000000
0.000000
0.000000
0.000000
0.000000
0.000000
0.000000
0.000000
0.000000
0.000000
0.000000
0.000000
0.000000
0.000000
0.000000
0.000000
0.000000
0.000000
0.000011
0.000000
0.000000
0.000000
0.000000
0.000000
0.000000
0.000000
0.000000
0.000000
0.000000
0.000000
0.000000
0.000000
0.000000
0.000000
0.000000
0.000000
0.000000
0.000000
0.000000
0.000000
0.000001
0.000000
0.000000
0.000000
0.000000
0.000000
0.000000
0.000000
0.000000
0.000000
0.000000
0.000000
0.000000
0.000000
0.000000
0.000000
0.000000
0.000000
0.000000
0.000000
0.000000
0.000048
0.000038
0.000000
0.000000
0.000000
0.000000
0.000000
0.000000
0.000000
0.000000
0.000000
0.000000
0.000000
0.000000
0.000000
0.000000
0.000000
0.000000
0.000000
0.000000
0.000000
0.000000
0.000000
0.000000
0.000000
0.000000
0.000000
0.000023
0.000000
0.000000
0.000000
0.000000
0.000000
0.000000
0.000000
0.000000
0.000000
0.000000
0.000000
0.000000
0.000000
0.000000
0.000000
0.000000
0.000000
0.000000
0.000000
0.000000
0.000000
0.000000
0.000000
0.000000
0.000000
0.000000
0.000000
0.000000
0.000000
0.000000
0.000000
0.000000
0.000000
0.000000
0.000000
0.000000
0.000000
0.000000
0.002728
0.000000
0.000000
0.000000
0.000000
0.000000
0.000000
0.000000
0.000000
0.000000
0.000000
0.000000
0.000000
0.000000
0.000000
0.000000
0.000000
0.000000
0.000000
0.000000
0.000000
0.000000
0.000354
0.000000
0.010131
0.000000
0.000000
0.000000
0.000000
0.000000
0.000000
0.000000
0.000000
0.000000
0.000000
0.000000
0.000000
0.000000
0.000000
0.000000
0.011954
0.000000
0.000000
0.000000
0.000000
0.000000
0.000000
0.000000
0.000000
0.000000
0.000000
0.000000
0.005218
0.000000
0.000000
0.000000
0.000000
0.000000
0.000000
0.000000
0.000000
0.000000
0.000000
0.000000
0.000000
0.000000
0.000001
0.000000
0.000000
0.000000
0.000000
0.000000
0.000000
0.000000
0.000000
0.000000
0.000000
0.000000
0.017410
0.000000
0.000000
0.000000
0.000000
0.000000
0.000000
0.836121
0.000000
0.000000
0.000000
0.000000
0.000000
0.000000
0.000000
0.000000
0.000000
0.000002
0.000000
0.000000
0.000788
0.000000
0.000000
0.000000
0.000000
0.003083
0.000409
0.000132
0.006209
0.000000
0.000000
0.000000
0.002718
0.000000
0.000002
0.000000
0.000000
0.048033
0.000000
0.000000
0.000000
0.000000
0.000000
0.000000
0.000000
0.000000
0.000000
0.002905
0.057430
0.000000
0.000000
0.000000
0.000000
0.000000
0.000000
0.000000
0.002581
0.000000
0.000000
0.000000
0.000000
0.000000
0.000000
0.000000
0.000000
0.000000
0.000074
0.000280
0.114996
0.000855
0.000000
0.000000
0.000000
0.000000
0.000000
0.000000
0.000000
0.000000
0.000000
0.000000
0.000000
0.000000
0.000005
0.000000
0.000000
0.000000
0.000000
0.000000
0.000000
0.000000
0.000000
0.000000
0.122362
0.140757
0.000000
0.000000
0.000000
0.000821
0.000000
0.063696
0.190155
0.000000
0.000000
0.000000
0.006431
0.000000
0.000000
0.000000
0.000000
0.000000
0.000001
0.032178
0.000000
0.000000
0.000033
0.000000
0.000000
0.000000
0.358149
0.000000
0.000000
0.000000
0.000000
0.001554
0.000000
0.000000
0.000000
0.000563
0.000004
0.000000
0.000000
0.000000
0.000000
0.000000
0.000000
0.000000
0.000000
0.008879
0.000000
0.000000
0.054493
0.280898
0.000000
0.000000
0.000000
0.000000
0.000000
0.000000
0.000000
0.000000
0.000000
0.000000
0.000000
0.000000
0.000000
0.000000
0.000000
0.000000
0.000000
0.000000
0.000000
0.000000
0.000000
0.000004
0.000034
0.000000
0.000000
0.000000
0.000000
0.489974
0.000000
0.000000
0.000000
0.000000
0.000000
0.000000
0.000000
0.016287
0.000000
0.000000
0.000000
0.000000
0.000000
0.000000
0.840130
0.000000
0.000000
0.000008
0.000000
0.000000
0.000001
0.000487
0.000000
0.000000
0.000000
0.000000
0.000000
0.253252
0.000000
0.000000
0.000008
0.000000
0.000000
0.000003
0.000000
0.000000
0.000001
0.000071
0.000000
0.000000
0.000183
0.000000
0.000050
0.000000
0.000000
0.000000
0.000000
0.923989
0.000000
0.000001
0.005230
0.000000
0.000000
0.002027
0.086710
0.000000
0.752946
0.000000
0.000253
0.000000
0.000007
0.000000
0.000000
0.000000
0.000000
0.000000
0.000000
0.000000
0.000000
0.000000
0.000000
0.002170
0.000000
0.000000
0.000000
0.000000
0.000000
0.002665
0.000000
0.138023
0.000000
0.000000
0.000000
0.000000
0.000000
0.020263
0.003449
0.000000
0.005456
0.000000
0.000000
0.000000
0.026432
0.000000
0.000000
0.000000
0.000000
0.000019
0.000000
0.000000
0.000000
0.000000
0.000000
0.250320
0.000000
0.018605
0.001771
0.000007
0.000000
0.000000
0.000000
0.000000
0.000000
0.000000
0.000000
0.000002
0.000055
0.000000
0.000000
0.000000
0.000000
0.000000
0.000000
0.316944
0.000000
0.000000
0.000000
0.000000
0.000000
0.000000
0.082554
0.000000
0.000000
0.000000
0.000112
0.000000
0.002105
0.000000
0.000000
0.000000
0.000000
0.000000
0.000000
0.000000
0.000000
0.000000
0.000000
0.000000
0.000000
0.000000
0.000000
0.000163
0.000000
0.000000
0.115557
0.000000
0.000000
0.000000
0.000000
0.000000
0.000000
0.000000
0.003427
0.000000
0.000000
0.000000
0.000000
0.033022
0.000050
0.000000
0.000000
0.000000
0.000000
0.000000
0.000000
0.000000
0.000000
0.000000
0.000000
0.000000
0.000000
0.030753
0.000000
0.000000
0.000000
0.000000
0.000000
0.000000
0.000000
0.000000
0.000009
0.000000
0.000000
0.000000
0.000000
0.000005
0.000000
0.000000
0.000000
0.192975
0.000000
0.000000
0.000000
0.000001
0.000000
0.000000
0.000000
0.000000
0.000000
0.124267
0.000000
0.000000
0.000000
0.000000
0.000000
0.000000
0.000000
0.000000
0.000000
0.000000
0.000000
0.000000
0.000000
0.000000
0.000000
0.000000
0.000000
0.000000
0.000000
0.000000
0.000000
0.000000
0.000000
0.000000
0.007825
0.000000
0.000000
0.000000
0.000000
0.000000
0.000000
0.000000
0.000000
0.000000
0.000000
0.000000
0.000000
0.000000
0.000000
0.000000
0.000000
0.000000
0.000000
0.000000
0.000000
0.000000
0.000000
0.000000
0.000011
0.000000
0.000000
0.000000
0.000000
0.000000
0.000000
0.000000
0.000000
0.000000
0.000000
0.000000
0.000000
0.000000
0.000000
0.000000
0.000000
0.000000
0.000000
0.000162
0.000000
0.000000
0.001670
0.070072
0.126683
0.000012
0.000002
0.000000
0.000000
0.000000
0.000000
0.000000
0.000000
0.000000
0.000000
0.000000
0.000000
0.000000
0.000000
0.000000
0.000000
0.000001
0.000000
0.000000
0.000000
0.000000
0.000000
0.000000
0.000000
0.000000
0.000000
0.000000
0.000000
0.000000
0.000000
0.000000
0.000000
0.000000
0.000000
0.000000
0.000000
0.000000
0.000000
0.000000
0.000000
0.000000
0.000000
0.000000
0.000000
0.000000
0.000000
0.000000
0.000000
0.000000
0.000000
0.000000
0.000003
0.000000
0.000000
0.000000
0.000000
0.000000
0.000000
0.000000
0.000000
0.000004
0.000000
0.000000
0.000000
0.000000
0.000000
0.000000
0.000000
0.000000
0.000000
0.000000
0.000000
0.000000
0.000000
0.000000
0.000000
0.000000
0.000000
0.000000
0.000000
0.000000
0.000000
0.000000
0.000000
0.000000
0.000000
0.000000
0.000000
0.000000
0.000000
0.000000
0.000000
0.000000
0.000000
0.000000
0.000000
0.000000
0.000000
0.000000
0.000000
0.000000
0.000000
0.000000
0.000000
0.000000
0.000000
0.000000
0.000000
0.000000
0.000000
0.000000
0.000000
0.000000
0.000000
0.000000
0.000000
0.000000
0.000000
0.000000
0.000000
0.000000
0.000000
0.000000
0.000000
0.000000
0.000000
0.000000
0.000000
0.000000
0.000000
0.000000
0.000000
0.000000
0.000000
0.000000
0.000000
0.000000
0.000000
0.000000
0.000000
0.000000
0.000000
0.000000
0.000000
0.000000
0.000000
0.000000
0.000000
0.000000
0.000000
0.000000
0.000000
0.000000
0.000000
0.000000
0.000000
0.000000
0.000000
0.000000
0.000000
0.000000
0.000000
0.000000
0.000000
0.000000
0.002589
0.000000
0.000000
0.000000
0.000000
0.000000
0.000000
0.000000
0.000000
0.000000
0.000000
0.000000
0.000000
0.000000
0.000000
0.000000
0.000000
0.000000
0.000000
0.000000
0.000000
0.000000
0.000000
0.000000
0.000000
0.000000
0.000000
0.000000
0.000000
0.000000
0.000000
0.000000
0.000000
0.000000
0.000000
0.000000
0.000000
0.000000
0.000000
0.000000
0.000000
0.000000
0.000000
0.000000
0.000000
0.000000
0.000000
0.000000
0.000000
0.000000
0.000000
0.000000
0.000000
0.000000
0.000000
0.000000
0.000000
0.000000
0.000000
0.000000
0.000000
0.000000
0.000000
0.000000
0.000000
0.000000
0.000000
0.000000
0.000000
0.000000
0.000000
0.000000
0.000048
0.000000
0.000000
0.000000
0.000000
0.000000
0.000000
0.000000
0.000000
0.000000
0.000000
0.000000
0.000000
0.000000
0.000000
0.000000
0.000001
0.006818
0.000000
0.000000
0.000000
0.000000
0.000161
0.000000
0.000000
0.000000
0.000000
0.000000
0.000000
0.000000
0.000000
0.000000
0.000000
0.000000
0.000000
0.000000
0.000000
0.000000
0.000000
0.000000
0.000000
0.000000
0.000000
0.000000
0.000000
0.000000
0.000000
0.000000
0.000000
0.000003
0.000000
0.000000
0.000000
0.000000
0.000000
0.000000
0.000000
0.000000
0.000000
0.000000
0.000000
0.000000
0.000000
0.000000
0.000000
0.000000
0.000000
0.000000
0.000000
0.000000
0.000000
0.000000
0.000000
0.000000
0.000001
0.004651
0.000000
0.000029
0.000265
0.000000
0.000000
0.000000
0.000000
0.000000
0.000000
0.000000
0.000000
0.000027
0.000000
0.000000
0.000000
0.000000
0.000000
0.000000
0.000000
0.000000
0.500040
0.000000
0.000000
0.000000
0.000000
0.000000
0.000000
0.000000
0.000000
0.000000
0.001458
0.000000
0.000000
0.000000
0.000000
0.000000
0.000000
0.000000
0.000000
0.000000
0.000000
0.000000
0.158295
0.000000
0.000000
0.000000
0.000000
0.000000
0.000000
0.000000
0.000000
0.000000
0.000000
0.000000
0.000000
0.000000
0.000001
0.000000
0.000000
0.000000
0.000000
0.000000
0.000000
0.000000
0.000000
0.000000
0.000000
0.145035
0.000000
0.000000
0.000000
0.000000
0.033202
0.000000
0.000000
0.000000
0.000000
0.325237
0.000000
0.000000
0.000000
0.000000
0.000000
0.000000
0.000000
0.000199
0.000000
0.000000
0.000001
0.000000
0.000000
0.000826
0.006500
0.000000
0.000000
0.000000
0.001240
0.000000
0.000000
0.000000
0.000000
0.000000
0.000000
0.000000
0.000000
0.000000
0.000000
0.000000
0.000000
0.000041
0.001970
0.198480
0.000000
0.000000
0.000000
0.000000
0.000000
0.000000
0.000000
0.000000
0.000000
0.000001
0.000000
0.000000
0.000000
0.000000
0.000000
0.000000
0.000000
0.000000
0.000000
0.000000
0.000000
0.000000
0.000000
0.000000
0.000000
0.000000
0.000000
0.000000
0.000000
0.000000
0.000000
0.000000
0.000000
0.000000
0.000000
0.000000
0.000000
0.000000
0.000000
0.000000
0.000000
0.000000
0.000000
0.000000
0.000000
0.000000
0.000000
0.000000
0.000000
0.000000
0.000000
0.000000
0.053658
0.000000
0.000000
0.000000
0.000000
0.000000
0.000000
0.001922
0.000000
0.000000
0.000000
0.000000
0.000000
0.000000
0.000000
0.000000
0.000000
0.000000
0.000000
0.000000
0.014928
0.000024
0.000000
0.000000
0.000000
0.000000
0.000000
0.001794
0.000000
0.000000
0.000000
0.000000
0.000000
0.000000
0.000000
0.000000
0.000000
0.000177
0.000052
0.000000
0.684703
0.000000
0.000000
0.000000
0.000000
0.000000
0.000000
0.000000
0.000000
0.000000
0.000000
0.000000
0.000000
0.000000
0.000000
0.000000
0.000000
0.000000
0.000000
0.000000
0.000000
0.000000
0.000000
0.000000
0.000000
0.000000
0.000008
0.000000
0.000000
0.000000
0.000000
0.000000
0.000000
0.000000
0.000000
0.000000
0.000000
0.000000
0.000000
0.000000
0.000000
0.000000
0.000000
0.000000
0.000000
0.000000
0.010041
0.000001
0.000203
0.000000
0.000000
0.000000
0.000000
0.000000
0.000000
0.000000
0.000001
0.000000
0.000000
0.000000
0.000000
0.000801
0.000000
0.000000
0.000000
0.000000
0.000006
0.000000
0.277959
0.000000
0.000000
0.000000
0.000000
0.000000
0.000000
0.000000
0.000000
0.000000
0.000000
0.000000
0.000000
0.000000
0.000000
0.000000
0.000000
0.019954
0.000000
0.000000
0.000000
0.000000
0.000000
0.000213
0.000000
0.012004
0.000000
0.000000
0.000000
0.000000
0.000000
0.000000
0.000000
0.002296
0.021258
0.000000
0.671459
0.195536
0.000000
0.000011
0.000000
0.000000
0.000000
0.000000
0.000000
0.000000
0.029442
0.000000
0.000000
0.000000
0.000000
0.000000
0.376210
0.012538
0.726177
0.011958
0.000000
0.000000
0.078577
0.118514
0.210990
0.000000
0.000000
0.000000
0.000000
0.000000
0.000000
0.000000
0.000000
0.000000
0.000000
0.001275
0.000000
0.000000
0.000000
0.000000
0.000000
0.000000
0.000000
0.228997
0.000000
0.000000
0.000000
0.000000
0.000006
0.000000
0.000000
0.000000
0.000000
0.000000
0.000000
0.000000
0.000000
0.000000
0.000000
0.173142
0.000000
0.000814
0.000000
0.000000
0.000000
0.012722
0.000000
0.000000
0.004375
0.000000
0.015733
0.000212
0.000393
0.025200
0.000000
0.134820
0.000000
0.485908
0.000000
0.000000
0.000000
0.000000
0.702131
0.000000
0.000017
0.000000
0.000000
0.000000
0.000000
0.000000
0.000000
0.000000
0.000000
0.000204
0.000000
0.193439
0.000000
0.000000
0.000000
0.000000
0.033142
0.000000
0.000000
0.736579
0.000000
0.677613
0.000000
0.038516
0.000000
0.051677
0.000000
0.000000
0.000000
0.000000
0.707291
0.000000
0.000000
0.400548
0.000000
0.000451
0.000000
0.110267
0.000000
0.000000
0.000819
0.000000
0.019516
0.000000
0.271544
0.008854
0.000000
0.000000
0.000588
0.354386
0.000000
0.000000
0.529845
0.000000
0.000000
0.000000
0.033034
0.000000
0.389863
0.000000
0.000000
0.001655
0.000000
0.704361
0.000004
0.000000
0.102661
0.000000
0.000000
0.000000
0.003535
0.000211
0.011662
0.000000
0.000000
0.000008
0.000000
0.000000
0.000303
0.000245
0.002636
0.000000
0.000000
0.000338
0.000000
0.000000
0.000000
0.003155
0.000000
0.000000
0.000000
0.000000
0.000000
0.000000
0.065934
0.000000
0.000000
0.035100
0.005393
0.000000
0.000000
0.000008
0.000000
0.000154
0.000000
0.000000
0.000000
0.000000
0.000078
0.000000
0.001039
0.000000
0.000000
0.000000
0.000819
0.000002
0.000050
0.000000
0.468185
0.011671
0.000313
0.000265
0.000000
0.000000
0.056219
0.000000
0.000000
0.421317
0.000000
0.000058
0.921969
0.153350
0.000000
0.018473
0.000000
0.000000
0.000000
0.000000
0.000000
0.000000
0.000010
0.000000
0.000065
0.000092
0.000002
0.000000
0.000000
0.138944
0.070000
0.751923
0.000000
0.026765
0.000000
0.006612
0.397393
0.000000
0.003583
0.000000
0.000000
0.000000
0.000000
0.000000
0.000000
0.000009
0.000000
0.000000
0.003484
0.845680
0.123589
0.000000
0.370440
0.000000
0.000000
0.000000
0.000000
0.000000
0.000000
0.708111
0.000000
0.000000
0.000000
0.000000
0.000000
0.000000
0.000000
0.000000
0.000000
0.000000
0.000000
0.000000
0.000000
0.000000
0.000000
0.026432
0.000029
0.000000
0.000000
0.000005
0.000008
0.000243
0.000862
0.000000
0.000173
0.000000
0.000000
0.000000
0.344242
0.000000
0.309883
0.042436
0.000000
0.355668
0.340667
0.000000
0.061955
0.000000
0.000000
0.000000
0.070288
0.000174
0.029626
0.057933
0.143989
0.000000
0.004895
0.000000
0.000000
0.000000
0.000000
0.000000
0.870804
0.000000
0.000000
0.000000
0.000000
0.000000
0.000000
0.000000
0.000000
0.000000
0.000000
0.000007
0.853961
0.000000
0.000201
0.002757
0.001783
0.000000
0.028182
0.000002
0.000051
0.000000
0.000000
0.000000
0.000000
0.000000
0.000001
0.000000
0.000000
0.000000
0.000000
0.000000
0.000000
0.000000
0.000000
0.000000
0.000003
0.605584
0.000016
0.000000
0.000000
0.000000
0.025369
0.000000
0.031874
0.000000
0.000002
0.142590
0.009358
0.000000
0.000000
0.000000
0.000000
0.000000
0.000000
0.000001
0.000009
0.000001
0.000044
0.000000
0.000042
0.392786
0.000003
0.000127
0.000000
0.130468
0.327139
0.000175
0.000000
0.000000
0.000000
0.002711
0.000000
0.000000
0.000000
0.000000
0.000000
0.000000
0.000011
0.000000
0.000001
0.023827
0.000000
0.000000
0.168430
0.000001
0.000000
0.000000
0.000000
0.000000
0.000000
0.000001
0.000000
0.000000
0.000000
0.000000
0.000000
0.000000
0.000000
0.000000
0.000000
0.000000
0.000000
0.000000
0.000000
0.000000
0.000000
0.000000
0.000000
0.000000
0.000000
0.000000
0.000000
0.000000
0.000000
0.000000
0.000000
0.000000
0.000000
0.000000
0.000000
0.000000
0.000000
0.000000
0.000000
0.000000
0.000000
0.000000
0.000000
0.000000
0.000000
0.000000
0.000000
0.000000
0.000000
0.000000
0.000000
0.000000
0.000000
0.000000
0.000000
0.000000
0.000000
0.000000
0.000000
0.000000
0.000000
0.000000
0.000000
0.000000
0.000000
0.000000
0.000000
0.000000
0.000000
0.000000
0.000000
0.000000
0.000000
0.000000
0.000000
0.000000
0.000000
0.000000
0.000000
0.000000
0.000000
0.000000
0.000000
0.000000
0.000000
0.000000
0.000000
0.000000
0.000000
0.000000
0.000000
0.000000
0.000000
0.000000
0.000000
0.000000
0.000000
0.000000
0.000000
0.000000
0.000000
0.000000
0.000000
0.000000
0.000000
0.000000
0.000000
0.000000
0.000000
0.000000
0.000000
0.000000
0.000000
0.000000
0.000000
0.000000
0.000000
0.000000
0.000000
0.000000
0.000000
0.000000
0.000000
0.000000
0.000000
0.000000
0.000000
0.000000
0.000000
0.000000
0.000000
0.000000
0.000000
0.000000
0.000000
0.000000
0.000000
0.000000
0.000000
0.000000
0.000000
0.000000
0.000000
0.000000
0.000000
0.000000
0.000000
0.000000
0.000000
0.000000
0.000000
0.000000
0.000000
0.000000
0.000000
0.000000
0.000000
0.000000
0.000000
0.000000
0.000000
0.000000
0.000000
0.000000
0.000000
0.000000
0.000000
0.000000
0.000000
0.000000
0.000002
0.000000
0.000000
0.001872
0.000000
0.000000
0.000000
0.000000
0.000000
0.000000
0.000000
0.000000
0.000000
0.000000
0.000000
0.000000
0.000000
0.000000
0.000000
0.011586
0.000000
0.000000
0.507621
0.000000
0.000000
0.000000
0.000000
0.000000
0.000000
0.004305
0.000000
0.000000
0.056081
0.000000
0.000000
0.000000
0.003798
0.000014
0.000000
0.000000
0.148165
0.000000
0.000000
0.000000
0.000000
0.000000
0.000000
0.000000
0.000000
0.000000
0.000000
0.000000
0.001905
0.000000
0.000000
0.000029
0.389183
0.000000
0.000377
0.000005
0.000000
0.000000
0.047778
0.000000
0.000000
0.000000
0.000000
0.000000
0.000000
0.000000
0.000000
0.000000
0.000000
0.000000
0.000000
0.000000
0.000000
0.000000
0.000000
0.012791
0.000000
0.000018
0.003106
0.000000
0.000000
0.000000
0.000000
0.013636
0.100585
0.000000
0.000000
0.000000
0.000000
0.000000
0.000000
0.000000
0.000000
0.000000
0.000844
0.000000
0.000000
0.000000
0.000001
0.010658
0.000000
0.000403
0.002864
0.001854
0.000000
0.000000
0.000000
0.225564
0.000002
0.000000
0.000000
0.000000
0.000000
0.000000
0.000000
0.000000
0.000000
0.009110
0.000000
0.000000
0.023137
0.000000
0.000000
0.000000
0.000000
0.000000
0.000000
0.000000
0.000000
0.000000
0.000000
0.000000
0.000000
0.000000
0.000000
0.000000
0.000000
0.000000
0.000000
0.000000
0.000000
0.000000
0.000000
0.000000
0.000000
0.000000
0.000000
0.000000
0.000000
0.000000
0.000000
0.000000
0.000000
0.000000
0.000000
0.000002
0.000000
0.000000
0.000000
0.000000
0.000000
0.000000
0.000000
0.000000
0.000000
0.000000
0.000000
0.000000
0.000000
0.000000
0.000000
0.000000
0.000000
0.000000
0.000001
0.000000
0.000000
0.000000
0.000000
0.000000
0.000000
0.000000
0.000000
0.000000
0.000005
0.000000
0.000000
0.000000
0.000000
0.000000
0.000000
0.000000
0.000000
0.000000
0.000000
0.000000
0.001492
0.000000
0.000000
0.000000
0.000000
0.000000
0.000000
0.000000
0.000000
0.000000
0.000000
0.000000
0.000000
0.000000
0.000000
0.000000
0.000000
0.000000
0.000000
0.000000
0.000000
0.000000
0.000000
0.000000
0.000000
0.008230
0.000000
0.000000
0.000000
0.000000
0.000000
0.000000
0.000001
0.000000
0.000000
0.000032
0.000000
0.000000
0.000000
0.000000
0.000000
0.000000
0.000000
0.000000
0.000000
0.000000
0.000000
0.000303
0.000000
0.000000
0.000000
0.000000
0.000000
0.000000
0.000000
0.000000
0.000000
0.000000
0.000000
0.000006
0.000000
0.000000
0.000000
0.000000
0.000000
0.000000
0.000000
0.000000
0.000000
0.000000
0.000000
0.000000
0.000000
0.000000
0.000000
0.000000
0.000000
0.000000
0.000000
0.000000
0.000000
0.000000
0.000000
0.000000
0.000000
0.000000
0.000000
0.000000
0.000000
0.000000
0.000000
0.000000
0.000000
0.000000
0.000000
0.000000
0.000000
0.000000
0.000457
0.000000
0.000000
0.000000
0.000000
0.000000
0.017863
0.000000
0.000000
0.000000
0.000000
0.000000
0.000000
0.001628
0.000000
0.004435
0.000000
0.000001
0.000000
0.000000
0.000003
0.000000
0.000000
0.000000
0.000000
0.000000
0.000000
0.853382
0.000000
0.000000
0.000001
0.000000
0.005581
0.000000
0.000000
0.000000
0.000000
0.000000
0.018286
0.000000
0.000000
0.000000
0.000000
0.000000
0.000000
0.000000
0.000000
0.000000
0.000000
0.000000
0.101351
0.000000
0.002519
0.000000
0.000011
0.000000
0.000001
0.000002
0.000000
0.000000
0.000088
0.000001
0.000001
0.000000
0.000000
0.000000
0.000000
0.000000
0.000000
0.000000
0.000000
0.000000
0.000000
0.015644
0.000001
0.000048
0.170563
0.002324
0.012120
0.015140
0.717573
0.000000
0.012475
0.000000
0.000000
0.000051
0.000000
0.000000
0.000000
0.000041
0.000000
0.000000
0.000000
0.000000
0.000000
0.000000
0.043248
0.000000
0.000198
0.000084
0.000000
0.000000
0.000000
0.000006
0.000000
0.000118
0.000000
0.000000
0.000000
0.000000
0.000000
0.000000
0.000000
0.000000
0.000000
0.000000
0.000000
0.000000
0.000000
0.000000
0.000000
0.000000
0.000000
0.000002
0.000000
0.000000
0.000000
0.000000
0.000000
0.000000
0.000000
0.000000
0.000000
0.000000
0.000000
0.000000
0.000000
0.000000
0.000000
0.000000
0.000000
0.000000
0.000000
0.000000
0.000001
0.000000
0.000006
0.000000
0.000000
0.000013
0.000002
0.000000
0.000000
0.000000
0.017390
0.000000
0.000000
0.003712
0.000000
0.000000
0.000000
0.000003
0.000000
0.000010
0.013230
0.000000
0.000000
0.015244
0.000000
0.000576
0.000015
0.002874
0.000000
0.000000
0.000000
0.001474
0.000000
0.835012
0.000024
0.000000
0.640626
0.000000
0.000785
0.000000
0.000000
0.000000
0.000000
0.055263
0.000000
0.000000
0.000000
0.000000
0.022517
0.000000
0.000047
0.000000
0.000000
0.000000
0.496158
0.000000
0.000014
0.004394
0.007770
0.000000
0.006840
0.689187
0.000000
0.001696
0.000000
0.000000
0.000000
0.000000
0.488104
0.177043
0.000000
0.000000
0.000007
0.000000
0.000001
0.000000
0.000000
0.000001
0.000000
0.094575
0.000000
0.000000
0.000000
0.000002
0.000000
0.000000
0.000000
0.000000
0.000794
0.413419
0.006677
0.000000
0.000049
0.005668
0.000000
0.000000
0.000000
0.000000
0.000000
0.000000
0.241891
0.000000
0.000337
0.035279
0.000599
0.000000
0.000000
0.000000
0.000004
0.000000
0.000000
0.000000
0.011944
0.012370
0.000000
0.150315
0.000002
0.008693
0.000000
0.000000
0.000000
0.000000
0.000000
0.708228
0.000012
0.000000
0.037192
0.000000
0.000000
0.294569
0.000000
0.000000
0.000000
0.000000
0.000000
0.000363
0.000000
0.018909
0.000022
0.000000
0.000000
0.000000
0.000000
0.000000
0.000000
0.000000
0.000000
0.000000
0.000000
0.000000
0.000000
0.000261
0.000000
0.000000
0.000000
0.000001
0.000000
0.016041
0.000056
0.000000
0.002100
0.000006
0.000000
0.000000
0.000041
0.020608
0.000000
0.001344
0.000030
0.103646
0.000000
0.000002
0.002675
0.000000
0.000040
0.000000
0.000000
0.000000
0.000000
0.014686
0.000000
0.000001
0.005214
0.000000
0.001072
0.000016
0.000000
0.000018
0.000000
0.000000
0.001956
0.000000
0.000002
0.205388
0.000000
0.000893
0.000000
0.000000
0.000000
0.000000
0.053358
0.438202
0.002049
0.000000
0.009828
0.000000
0.003835
0.000000
0.021993
0.000000
0.000017
0.000000
0.000000
0.000000
0.000000
0.000000
0.000000
0.000000
0.000000
0.000000
0.000000
0.000000
0.000000
0.000000
0.000000
0.000000
0.000170
0.038267
0.000000
0.000188
0.010194
0.000533
0.000144
0.004651
0.106509
0.000000
0.088353
0.000000
0.000001
0.000000
0.000000
0.000000
0.000000
0.000000
0.000000
0.000127
0.030607
0.001496
0.089304
0.000000
0.000000
0.000000
0.000000
0.000000
0.000000
0.000023
0.003534
0.000000
0.000018
0.000000
0.000000
0.000000
0.000000
0.000000
0.000000
0.000000
0.000000
0.000000
0.119167
0.000000
0.000000
0.000000
0.000000
0.000000
0.000000
0.000000
0.000000
0.000000
0.000000
0.000000
0.000000
0.000000
0.000000
0.000000
0.000000
0.000000
0.000000
0.000000
0.000000
0.000000
0.000000
0.000000
0.000000
0.000000
0.000000
0.000000
0.000000
0.311805
0.000026
0.000000
0.000000
0.013879
0.000001
0.000000
0.000000
0.000001
0.004055
0.000000
0.000000
0.046309
0.000000
0.000000
0.000000
0.000010
0.000239
0.000000
0.000000
0.222561
0.000000
0.165502
0.200801
0.151447
0.000164
0.010720
0.000000
0.000000
0.000000
0.000000
0.000000
0.000849
0.024500
0.000000
0.066253
0.000000
0.000852
0.000000
0.420605
0.000000
0.535657
0.362309
0.000000
0.000000
0.000000
0.019856
0.006620
0.002396
0.000000
0.000000
0.000000
0.000000
0.510644
0.000000
0.103919
0.000077
0.000000
0.000000
0.000032
0.000480
0.000000
0.245657
0.000000
0.000000
0.000000
0.000000
0.238719
0.411407
0.000000
0.000000
0.000000
0.000000
0.000000
0.000000
0.000000
0.000000
0.000000
0.000776
0.000000
0.321371
0.000000
0.042817
0.000002
0.000000
0.000080
0.000000
0.001055
0.584297
0.037584
0.000000
0.645491
0.024446
0.000517
0.000000
0.961227
0.000000
0.000000
0.000000
0.000000
0.000000
0.000000
0.719321
0.005070
0.000000
0.000000
0.000000
0.418472
0.037367
0.000000
0.000000
0.444367
0.000000
0.000000
0.000099
0.000000
0.007512
0.000000
0.000000
0.000000
0.607945
0.000000
0.008413
0.000985
0.000000
0.350196
0.770645
0.000000
0.210182
0.000000
0.398870
0.000000
0.000000
0.000000
0.482841
0.000000
0.540003
0.000000
0.000160
0.000000
0.000000
0.000000
0.000000
0.000000
0.000000
0.000000
0.000000
0.000000
0.000000
0.000000
0.000000
0.000000
0.000000
0.000000
0.000000
0.000000
0.000000
0.000000
0.000000
0.000000
0.000000
0.000000
0.000000
0.000000
0.000000
0.000000
0.000000
0.000000
0.000000
0.000000
0.000000
0.000000
0.000000
0.000000
0.000000
0.000000
0.000000
0.000000
0.000000
0.000000
0.000000
0.000000
0.000000
0.000000
0.000000
0.000000
0.000000
0.000000
0.000000
0.000000
0.000000
0.000000
0.000000
0.000000
0.000000
0.000000
0.000000
0.000000
0.000000
0.000000
0.000000
0.000000
0.000000
0.000000
0.000000
0.000000
0.000000
0.000000
0.000000
0.000000
0.000000
0.000000
0.000000
0.000000
0.000000
0.000000
0.000000
0.000000
0.000000
0.000000
0.000000
0.000000
0.000000
0.000000
0.000000
0.000000
0.000000
0.000000
0.000000
0.000000
0.000000
0.000000
0.000000
0.000000
0.000000
0.000000
0.000000
0.000000
0.000000
0.000000
0.000000
0.000000
0.000000
0.000000
0.000000
0.000000
0.000000
0.000000
0.000000
0.000000
0.000000
0.000000
0.000000
0.000000
0.000000
0.000000
0.000000
0.000000
0.000000
0.000000
0.000000
0.000000
0.000000
0.000000
0.000000
0.000000
0.000000
0.000000
0.000000
0.000000
0.000000
0.000000
0.000000
0.000000
0.000000
0.000000
0.000000
0.000000
0.000000
0.000000
0.000000
0.000000
0.000000
0.000000
0.000000
0.000000
0.000000
0.000000
0.000000
0.000000
0.000000
0.000000
0.000000
0.000000
0.000000
0.000000
0.000000
0.064471
0.000000
0.507732
0.001366
0.340133
0.000000
0.000030
0.033652
0.000000
0.000000
0.854828
0.002353
0.000002
0.000000
0.000263
0.000000
0.000000
0.000002
0.003157
0.005404
0.000000
0.000251
0.000000
0.000000
0.685412
0.000000
0.000000
0.000000
0.000001
0.000296
0.000076
0.002530
0.000000
0.000000
0.000685
0.000000
0.040273
0.785816
0.000462
0.000000
0.000000
0.041208
0.001852
0.000000
0.000000
0.000000
0.000000
0.000000
0.000000
0.000000
0.000000
0.000000
0.211613
0.000000
0.066780
0.502042
0.549307
0.000000
0.234833
0.000048
0.000000
0.092521
0.000203
0.006930
0.000828
0.000000
0.000368
0.000000
0.600749
0.000000
0.000000
0.000000
0.000000
0.011156
0.005526
0.000000
0.273975
0.466140
0.064316
0.000026
0.000793
0.000000
0.000480
0.000000
0.000000
0.000000
0.013144
0.000000
0.000501
0.000166
0.000010
0.249823
0.000000
0.000000
0.000001
0.000000
0.000000
0.000000
0.000439
0.000000
0.419588
0.000209
0.001444
0.024820
0.000000
0.423254
0.004148
0.558431
0.000000
0.000053
0.000000
0.896209
0.111897
0.000000
0.000011
0.000000
0.000000
0.000000
0.001115
0.000000
0.000000
0.375925
0.374502
0.000000
0.035664
0.165706
0.437162
0.000000
0.064316
0.000000
0.000000
0.000000
0.000000
0.000000
0.000000
0.000000
0.000000
0.000000
0.000000
0.000000
0.000000
0.000000
0.000000
0.000000
0.000000
0.000000
0.000000
0.000017
0.000000
0.000000
0.000000
0.149144
0.642881
0.000000
0.000005
0.000000
0.000000
0.000000
0.000000
0.000000
0.042270
0.000000
0.000003
0.000000
0.010494
0.000000
0.000000
0.112335
0.000000
0.000001
0.000000
0.000000
0.000000
0.000602
0.000000
0.000000
0.000241
0.000000
0.000118
0.000000
0.000000
0.431878
0.000000
0.000000
0.000373
0.138373
0.246992
0.000000
0.000000
0.006562
0.000000
0.004707
0.000000
0.000000
0.000000
0.000000
0.000000
0.000000
0.014304
0.003580
0.009001
0.000005
0.000000
0.722810
0.150315
0.000000
0.000000
0.000000
0.000000
0.000000
0.278576
0.000000
0.000000
0.000000
0.000000
0.000000
0.000000
0.000000
0.000000
0.000000
0.000000
0.000121
0.000000
0.000000
0.000000
0.000000
0.000179
0.000000
0.000000
0.000000
0.000000
0.000000
0.000000
0.481202
0.028411
0.000000
0.000000
0.092830
0.000000
0.833699
0.000000
0.000000
0.008893
0.000000
0.000450
0.374123
0.005788
0.242863
0.000000
0.000000
0.425401
0.255920
0.000324
0.557042
0.000000
0.000000
0.000000
0.069426
0.000000
0.000018
0.297150
0.000000
0.000000
0.000000
0.000000
0.000000
0.001340
0.000000
0.000008
0.362123
0.002359
0.000000
0.057370
0.000000
0.000000
0.000000
0.000000
0.000000
0.000000
0.000000
0.000000
0.000000
0.000000
0.000000
0.000000
0.000000
0.000000
0.000000
0.000000
0.000000
0.000000
0.000000
0.000000
0.000000
0.000000
0.000000
0.000000
0.000000
0.000000
0.000000
0.000000
0.000000
0.000000
0.000000
0.000000
0.000000
0.000000
0.000000
0.000000
0.000000
0.000000
0.000000
0.000000
0.000000
0.000000
0.000000
0.000000
0.000000
0.000000
0.000000
0.000000
0.000003
0.000000
0.000000
0.000000
0.000000
0.000000
0.000000
0.000000
0.000000
0.000000
0.000000
0.000000
0.000000
0.000000
0.000000
0.000000
0.000000
0.000000
0.000000
0.000000
0.000000
0.000017
0.000000
0.000000
0.000000
0.000000
0.000000
0.000000
0.000000
0.000000
0.000000
0.000000
0.000000
0.000000
0.000000
0.000000
0.000000
0.000000
0.000000
0.000030
0.000000
0.000000
0.000000
0.000000
0.000000
0.000000
0.000000
0.000000
0.000000
0.000000
0.000000
0.000000
0.000000
0.000000
0.000000
0.000000
0.000000
0.000000
0.000000
0.000000
0.000000
0.000000
0.000000
0.000000
0.000000
0.000000
0.000000
0.000000
0.000000
0.000000
0.000000
0.000000
0.000000
0.000000
0.000000
0.000000
0.000000
0.000000
0.000000
0.000000
0.000000
0.000000
0.000000
0.000000
0.000000
0.000000
0.000000
0.000000
0.000000
0.000000
0.000000
0.000000
0.000000
0.000000
0.000000
0.000000
0.000000
0.000000
0.000000
0.000000
0.000000
0.000000
0.000000
0.000000
0.000000
0.000000
0.000000
0.000000
0.000000
0.000000
0.000000
0.000001
0.000000
0.000000
0.000000
0.000000
0.000000
0.000000
0.000000
0.000000
0.000000
0.000000
0.000000
0.003954
0.000000
0.000000
0.000000
0.000000
0.000000
0.000000
0.000000
0.000340
0.000000
0.000085
0.000000
0.000643
0.000000
0.000000
0.000195
0.000001
0.000011
0.037179
0.001371
0.000000
0.028981
0.198777
0.000000
0.257225
0.059343
0.000082
0.000000
0.000000
0.001224
0.000000
0.186298
0.125631
0.001595
0.069569
0.000000
0.000090
0.000001
0.000001
0.000023
0.106091
0.020293
0.008246
0.000000
0.000053
0.000001
0.000056
0.000000
0.000000
0.000000
0.000000
0.000000
0.000001
0.000000
0.114140
0.058440
0.059840
0.000292
0.001141
0.000708
0.000000
0.000000
0.000467
0.000000
0.000000
0.000000
0.000000
0.000000
0.000000
0.000000
0.000000
0.000000
0.000000
0.000000
0.000000
0.000000
0.000000
0.575524
0.000000
0.000000
0.000000
0.016942
0.000000
0.000000
0.030162
0.006733
0.000000
0.011074
0.008419
0.013144
0.000000
0.531894
0.000000
0.001344
0.000000
0.000000
0.000000
0.000000
0.000053
0.000000
0.000000
0.000034
0.000000
0.990321
0.000000
0.000000
0.000019
0.000000
0.002603
0.066230
0.000000
0.000000
0.010531
0.000000
0.000000
0.000000
0.000000
0.000000
0.000000
0.000000
0.000000
0.109656
0.000000
0.000000
0.000034
0.005327
0.000000
0.000000
0.000026
0.000000
0.000000
0.000000
0.000000
0.000000
0.000000
0.000422
0.000000
0.000000
0.000000
0.000000
0.000046
0.000000
0.000000
0.000000
0.000000
0.000000
0.000000
0.000000
0.000000
0.000205
0.000000
0.000000
0.000000
0.000000
0.000000
0.000000
0.011156
0.000000
0.000247
0.000000
0.000000
0.000001
0.000000
0.000000
0.000000
0.201101
0.020217
0.001447
0.000002
0.000040
0.018196
0.000002
0.099890
0.000000
0.000000
0.000000
0.000000
0.000040
0.000000
0.046441
0.016219
0.000509
0.644067
0.000000
0.547925
0.034507
0.000035
0.101853
0.000000
0.994546
0.000003
0.000000
0.109620
0.000000
0.000016
0.000000
0.023889
0.000000
0.000000
0.000000
0.040432
0.000000
0.006562
0.336057
0.000000
0.775991
0.042573
0.355760
0.000000
0.022710
0.000000
0.000000
0.000079
0.000000
0.745304
0.282532
0.000000
0.008282
0.489424
0.000000
0.000000
0.000000
0.000000
0.000981
0.022812
0.254908
0.000054
0.000002
0.000317
0.000000
0.352925
0.000000
0.006087
0.000000
0.000003
0.277805
0.651423
0.000000
0.000545
0.005264
0.002489
0.311052
0.070120
0.000000
0.000000
0.000000
0.730809
0.000000
0.902532
0.008626
0.050936
0.000003
0.007718
0.000321
0.000735
0.000403
0.000000
0.000048
0.000000
0.115332
0.518178
0.003973
0.000267
0.008027
0.000000
0.000000
0.000000
0.069880
0.000000
0.382902
0.050667
0.000027
0.060070
0.039301
0.000014
0.000000
0.463134
0.000373
0.000000
0.000000
0.000000
0.082387
0.000085
0.050151
0.000001
0.000000
0.000000
0.000000
0.000001
0.000013
0.000000
0.000005
0.000000
0.000000
0.000000
0.000000
0.000000
0.000000
0.000000
0.000007
0.000000
0.000000
0.000000
0.000000
0.000000
0.000358
0.000000
0.000000
0.000000
0.000000
0.000000
0.000000
0.000000
0.000000
0.000000
0.000000
0.081391
0.000000
0.000000
0.067846
0.000430
0.000000
0.000000
0.000000
0.000000
0.000000
0.000000
0.000000
0.000000
0.045639
0.000000
0.000400
0.000005
0.000000
0.000000
0.000000
0.000002
0.012200
0.000000
0.000000
0.000561
0.000000
0.000000
0.000000
0.000000
0.000000
0.000000
0.000000
0.000000
0.000009
0.000000
0.000000
0.000002
0.000000
0.000000
0.000000
0.000000
0.000000
0.000000
0.000000
0.000000
0.000000
0.000000
0.020339
0.000000
0.000000
0.000000
0.000000
0.000000
0.000000
0.000000
0.000000
0.000000
0.000280
0.000000
0.000000
0.000000
0.000000
0.000000
0.000000
0.000000
0.000000
0.000000
0.000000
0.000000
0.000000
0.000000
0.106859
0.000000
0.000000
0.000000
0.000000
0.000000
0.000000
0.000000
0.000000
0.000000
0.000000
0.000000
0.035253
0.000000
0.000000
0.000000
0.000000
0.012408
0.000000
0.000000
0.000000
0.000000
0.000000
0.000000
0.000000
0.000002
0.000000
0.000000
0.000000
0.000000
0.000000
0.000000
0.000000
0.000000
0.000000
0.000000
0.000000
0.000000
0.000000
0.000000
0.000000
0.000000
0.000000
0.000000
0.000000
0.000000
0.000000
0.000000
0.000000
0.000000
0.000000
0.000000
0.000001
0.000000
0.000000
0.000000
0.000000
0.000000
0.000000
0.000059
0.017896
0.122875
0.000000
0.000335
0.017822
0.000006
0.038199
0.012707
0.075130
0.002599
0.000000
0.066459
0.000100
0.024692
0.015781
0.394938
0.261319
0.000000
0.005247
0.002310
0.000000
0.000014
0.000110
0.000000
0.000000
0.000000
0.000004
0.000710
0.899352
0.007311
0.000000
0.129058
0.000000
0.000000
0.003913
0.084637
0.000000
0.000000
0.002620
0.005883
0.003892
0.000000
0.000255
0.000000
0.000000
0.000034
0.000000
0.000000
0.000000
0.003924
0.000000
0.482950
0.384925
0.032556
0.000000
0.018923
0.307306
0.000000
0.000000
0.179921
0.000095
0.000000
0.000000
0.000000
0.000000
0.000000
0.000000
0.000000
0.000000
0.000000
0.000006
0.029909
0.000000
0.250178
0.344960
0.682223
0.000135
0.003929
0.023774
0.005841
0.000000
0.000038
0.003663
0.004047
0.777877
0.672761
0.002475
0.000000
0.000065
0.000000
0.000000
0.245727
0.000000
0.000000
0.000000
0.306395
0.000000
0.000010
0.210369
0.000000
0.544706
0.000000
0.004218
0.013905
0.000000
0.000027
0.000708
0.000000
0.000184
0.055050
0.000000
0.000000
0.000000
0.000000
0.000000
0.000000
0.000000
0.000000
0.005203
0.000243
0.000000
0.000000
0.072018
0.000001
0.000000
0.000178
0.000000
0.000000
0.000000
0.000000
0.000000
0.000000
0.001726
0.000000
0.000000
0.000000
0.000000
0.000000
0.000000
0.000000
0.000000
0.000000
0.000000
0.000000
0.000000
0.000000
0.000000
0.000000
0.000001
0.000003
0.000000
0.000000
0.000000
0.000000
0.000000
0.000000
0.030821
0.000088
0.000000
0.000000
0.000000
0.000003
0.000000
0.000001
0.922838
0.000000
0.009606
0.000098
0.000000
0.014452
0.000000
0.000000
0.000000
0.041120
0.000000
0.055282
0.000069
0.624858
0.000000
0.029593
0.000000
0.000000
0.000000
0.000000
0.000000
0.001795
0.000000
0.000000
0.000000
0.000000
0.000000
0.000000
0.000000
0.000000
0.000000
0.000000
0.000000
0.000000
0.000000
0.000060
0.000000
0.000000
0.000000
0.002086
0.000000
0.000000
0.000000
0.000000
0.000000
0.000000
0.000000
0.000000
0.000000
0.000000
0.000000
0.000000
0.000000
0.000000
0.000000
0.000000
0.000000
0.000000
0.010490
0.000000
0.000000
0.000000
0.000000
0.000000
0.000000
0.001536
0.000000
0.000016
0.068998
0.241891
0.000000
0.000000
0.000000
0.000000
0.000000
0.000000
0.000000
0.029205
0.055924
0.000482
0.682696
0.000000
0.000000
0.000001
0.000000
0.000000
0.000000
0.000000
0.000001
0.000000
0.000000
0.000000
0.000000
0.000000
0.000000
0.000000
0.000000
0.000000
0.000000
0.005947
0.000000
0.000001
0.000001
0.000000
0.000000
0.000059
0.000000
0.000000
0.000000
0.000000
0.000000
0.000000
0.000000
0.000000
0.000000
0.000000
0.000000
0.000000
0.000000
0.000000
0.000000
0.000000
0.000000
0.000000
0.000000
0.000000
0.000000
0.000000
0.000000
0.000000
0.000000
0.000000
0.000060
0.005372
0.000000
0.000000
0.000000
0.000000
0.000000
0.000000
0.000000
0.122323
0.000000
0.000000
0.000000
0.000000
0.000000
0.000019
0.474997
0.000000
0.000538
0.000000
0.000000
0.362773
0.000000
0.000000
0.000000
0.000025
0.000000
0.003449
0.000000
0.000000
0.000000
0.000000
0.000000
0.000000
0.000000
0.000000
0.000000
0.000000
0.000000
0.000000
0.000000
0.000000
0.000000
0.000000
0.000000
0.000000
0.000000
0.000602
0.001191
0.003868
0.013445
0.000000
0.042863
0.000000
0.000000
0.000000
0.000000
0.000000
0.000000
0.000000
0.000000
0.000000
0.000000
0.000280
0.000000
0.000000
0.000000
0.000000
0.000000
0.000000
0.000000
0.000000
0.000000
0.000000
0.554960
0.000000
0.000000
0.000000
0.000000
0.000000
0.000000
0.000000
0.000000
0.000000
0.000464
0.000000
0.000000
0.000000
0.000000
0.000000
0.000000
0.000000
0.000000
0.000000
0.000000
0.000000
0.000000
0.000000
0.000003
0.002328
0.000001
0.000000
0.013595
0.000000
0.000000
0.000000
0.000000
0.000000
0.000329
0.000000
0.000000
0.000000
0.000000
0.000000
0.000000
0.000000
0.000000
0.000000
0.769974
0.000000
0.000000
0.054915
0.000000
0.000000
0.000000
0.000000
0.000000
0.000000
0.000000
0.000002
0.000000
0.000000
0.000000
0.000000
0.000000
0.000000
0.000000
0.000000
0.000000
0.000000
0.000000
0.000000
0.000000
0.000000
0.000000
0.000000
0.000000
0.000000
0.000000
0.021418
0.000000
0.000000
0.000540
0.000000
0.000003
0.000002
0.081529
0.000000
0.000000
0.006908
0.032367
0.000001
0.231197
0.000001
0.115632
0.000000
0.000095
0.000886
0.000001
0.000000
0.078444
0.000000
0.000000
0.000099
0.000001
0.009986
0.000000
0.000000
0.000034
0.000000
0.000000
0.000000
0.000000
0.032938
0.000000
0.000000
0.043932
0.000000
0.004835
0.000000
0.000005
0.000000
0.001614
0.000000
0.000000
0.000001
0.000001
0.000000
0.033530
0.000000
0.000000
0.000000
0.000000
0.000000
0.579848
0.000000
0.841921
0.000000
0.000052
0.000000
0.000000
0.000000
0.141872
0.000817
0.000000
0.000000
0.000000
0.000000
0.000012
0.001328
0.000389
0.000001
0.485250
0.000000
0.003531
0.024301
0.000000
0.082554
0.000243
0.011308
0.000002
0.009768
0.000000
0.000619
0.000002
0.043001
0.616572
0.000035
0.000000
0.000000
0.010800
0.130093
0.055166
0.000000
0.001413
0.000000
0.000000
0.000000
0.000000
0.110159
0.000000
0.000179
0.646321
0.001177
0.001810
0.485908
0.000000
0.149846
0.000142
0.194602
0.000000
0.000000
0.000000
0.000000
0.014552
0.000000
0.000020
0.173406
0.000000
0.579146
0.000000
0.001695
0.000002
0.010146
0.000000
0.000000
0.000000
0.000000
0.004541
0.000000
0.000000
0.000000
0.000000
0.000000
0.000000
0.000000
0.000000
0.000000
0.000000
0.000000
0.000000
0.000000
0.000000
0.000000
0.000000
0.000002
0.000000
0.000022
0.019976
0.000001
0.000000
0.090114
0.000000
0.097313
0.000000
0.044818
0.000199
0.000001
0.452269
0.000000
0.027405
0.000000
0.146778
0.000000
0.000004
0.655813
0.000000
0.259632
0.000000
0.000000
0.000000
0.000000
0.187087
0.000024
0.000621
0.000001
0.040973
0.064382
0.000000
0.000000
0.000000
0.373271
0.000006
0.000000
0.059570
0.000117
0.000000
0.000000
0.000000
0.000001
0.000000
0.217542
0.000000
0.000000
0.000024
0.082470
0.000062
0.189641
0.001744
0.074620
0.014574
0.003130
0.938918
0.462706
0.000000
0.002172
0.000000
0.000000
0.029561
0.010470
0.000000
0.000000
0.000000
0.000000
0.000000
0.000000
0.001103
0.000085
0.000000
0.241960
0.020600
0.000000
0.000651
0.000137
0.000000
0.089095
0.000000
0.028463
0.990963
0.000081
0.000472
0.654982
0.085754
0.000000
0.411307
0.000000
0.000000
0.000000
0.000000
0.000000
0.000001
0.002452
0.000000
0.165451
0.005093
0.000172
0.041179
0.041818
0.000330
0.006187
0.154021
0.783068
0.014288
0.000000
0.000000
0.433739
0.000000
0.000000
0.000000
0.000000
0.000000
0.000000
0.000003
0.000000
0.000000
0.000000
0.038586
0.000000
0.186748
0.000000
0.000000
0.000000
0.000000
0.000000
0.000000
0.000000
0.000000
0.073509
0.000000
0.000000
0.000000
0.000000
0.000000
0.400449
0.016801
0.000000
0.000000
0.200204
0.000000
0.000000
0.000000
0.000000
0.000036
0.000000
0.000501
0.177367
0.000000
0.000001
0.003710
0.018995
0.000001
0.273898
0.030787
0.000099
0.000000
0.018995
0.000578
0.000000
0.000039
0.075079
0.060657
0.000000
0.005702
0.201580
0.000000
0.014596
0.000000
0.000000
0.000000
0.000013
0.667432
0.000000
0.000231
0.544017
0.000000
0.000000
0.000236
0.000000
0.000056
0.000084
0.000000
0.000000
0.000157
0.001112
0.000000
0.000000
0.388794
0.000000
0.000000
0.000000
0.000000
0.000000
0.000000
0.002096
0.000000
0.000017
0.000000
0.014568
0.000000
0.000058
0.000000
0.000015
0.000000
0.246640
0.000000
0.000000
0.000000
0.019334
0.000000
0.000004
0.000000
0.000000
0.000000
0.000000
0.000000
0.000000
0.166781
0.376686
0.844793
0.000185
0.011981
0.120717
0.000929
0.027103
0.278036
0.063038
0.100784
0.538858
0.000001
0.000009
0.000001
0.301379
0.601692
0.000001
0.000000
0.000000
0.000001
0.012528
0.000003
0.023086
0.033022
0.030362
0.032615
0.081557
0.025586
0.000022
0.000000
0.000225
0.000000
0.000017
0.002010
0.000000
0.000001
0.009890
0.000000
0.000000
0.000000
0.000001
0.000000
0.000002
0.002632
0.037072
0.000007
0.109979
0.000015
0.000000
0.000000
0.000000
0.000010
0.000037
0.000000
0.000000
0.000000
0.000213
0.000000
0.000000
0.000000
0.000000
0.000000
0.000000
0.000000
0.000000
0.000000
0.000000
0.000000
0.000000
0.000000
0.012707
0.000000
0.174310
0.000000
0.106999
0.000000
0.183725
0.000000
0.000029
0.664706
0.000000
0.000000
0.035062
0.000000
0.050346
0.000000
0.000006
0.000000
0.000716
0.000000
0.000000
0.000058
0.000000
0.092152
0.000000
0.000000
0.073158
0.000000
0.000010
0.000000
0.000000
0.000000
0.001170
0.000066
0.000000
0.000001
0.000000
0.000000
0.220685
0.053077
0.669801
0.000000
0.000000
0.111424
0.000044
0.000000
0.000000
0.000000
0.000000
0.000000
0.000000
0.000000
0.000000
0.000007
0.000201
0.000492
0.000000
0.002664
0.000000
0.000023
0.000000
0.000000
0.000000
0.046972
0.000000
0.004266
0.022299
0.000000
0.027842
0.000000
0.006599
0.000000
0.000000
0.000000
0.012158
0.000001
0.005823
0.000000
0.492068
0.014557
0.850378
0.000000
0.000000
0.000000
0.000000
0.000000
0.000000
0.004552
0.012323
0.000038
0.003457
0.021013
0.000000
0.127743
0.000000
0.000000
0.000000
0.000000
0.000000
0.000000
0.000000
0.000000
0.000000
0.000000
0.954012
0.000000
0.000000
0.000086
0.000000
0.000000
0.000000
0.000000
0.000000
0.640033
0.018838
0.000000
0.003350
0.000000
0.000000
0.000000
0.000005
0.000000
0.000000
0.000000
0.001051
0.000000
0.004968
0.000000
0.014624
0.000000
0.070024
0.000000
0.000000
0.000000
0.000000
0.000000
0.000000
0.102459
0.000000
0.000000
0.000000
0.000000
0.000000
0.000000
0.000000
0.000000
0.000000
0.000000
0.000000
0.000000
0.000000
0.000000
0.000000
0.000000
0.000000
0.134863
0.000000
0.000000
0.000000
0.001451
0.000000
0.674773
0.374502
0.000000
0.000000
0.000000
0.000257
0.000000
0.000029
0.000000
0.000000
0.040259
0.000000
0.000000
0.000013
0.000000
0.000000
0.000000
0.000000
0.000000
0.000000
0.114474
0.027183
0.000000
0.139164
0.003648
0.000000
0.000000
0.000000
0.000000
0.000000
0.000000
0.000000
0.000000
0.000000
0.000000
0.000000
0.000000
0.000000
0.000000
0.596981
0.000007
0.000433
0.000000
0.093388
0.000000
0.000000
0.000000
0.010875
0.000000
0.000000
0.000000
0.000000
0.000000
0.000000
0.000000
0.000001
0.000000
0.000000
0.000000
0.000000
0.000000
0.000000
0.000000
0.000000
0.000000
0.000000
0.000000
0.000000
0.000000
0.000000
0.000000
0.000000
0.002202
0.032084
0.000000
0.820778
0.000000
0.519983
0.000000
0.000000
0.000000
0.000000
0.000000
0.000000
0.152396
0.000000
0.000000
0.000012
0.000000
0.000000
0.000000
0.028422
0.000000
0.669801
0.000000
0.000000
0.006313
0.000000
0.000000
0.000000
0.000000
0.000000
0.000000
0.000000
0.000000
0.000000
0.371382
0.000000
0.003857
0.426323
0.000000
0.000000
0.000000
0.000000
0.000000
0.000000
0.000000
0.000000
0.000000
0.000000
0.000000
0.000000
0.000000
0.000000
0.000000
0.000000
0.000000
0.000000
0.000000
0.000000
0.000000
0.000000
0.000000
0.000000
0.000000
0.000000
0.000000
0.000000
0.000000
0.000000
0.000000
0.000000
0.000000
0.000000
0.000000
0.000000
0.020029
0.000000
0.000000
0.000000
0.000000
0.000000
0.000000
0.000000
0.000000
0.000000
0.000000
0.000034
0.000000
0.000000
0.000000
0.000000
0.000000
0.000000
0.000000
0.000000
0.000000
0.000000
0.000000
0.000000
0.000000
0.000000
0.000000
0.000227
0.006728
0.000000
0.000000
0.000000
0.000000
0.000000
0.000000
0.000000
0.000000
0.000000
0.000000
0.000000
0.000000
0.000000
0.000000
0.000000
0.000000
0.000000
0.000000
0.000000
0.000000
0.000000
0.000000
0.000431
0.026373
0.000000
0.000000
0.000000
0.000000
0.000000
0.010779
0.000000
0.000000
0.000000
0.000000
0.000000
0.000000
0.000000
0.000000
0.000000
0.258463
0.000000
0.000000
0.000000
0.000000
0.000000
0.000000
0.000000
0.000000
0.000000
0.000000
0.000000
0.000000
0.144671
0.000000
0.000000
0.000000
0.000000
0.000000
0.000000
0.000000
0.000000
0.000000
0.000000
0.000000
0.000000
0.003090
0.000000
0.000000
0.000000
0.000000
0.000000
0.000000
0.000000
0.000000
0.000000
0.000004
0.000000
0.000000
0.000000
0.000000
0.000000
0.000000
0.000000
0.000000
0.000000
0.000000
0.000000
0.000000
0.000000
0.000000
0.000003
0.000000
0.000000
0.027607
0.083056
0.049992
0.000070
0.000000
0.000000
0.000000
0.000000
0.000000
0.000000
0.000000
0.000000
0.000000
0.000000
0.000000
0.000000
0.000104
0.000000
0.000000
0.000000
0.000676
0.001952
0.000000
0.000000
0.000000
0.000000
0.000932
0.000000
0.029463
0.000349
0.000000
0.000000
0.000000
0.000533
0.000000
0.063016
0.013054
0.000000
0.460459
0.018753
0.000000
0.020225
0.000000
0.000000
0.000000
0.000003
0.000000
0.371948
0.004474
0.000000
0.000000
0.000004
0.000000
0.000000
0.000001
0.000000
0.000000
0.000000
0.001229
0.000036
0.000582
0.000000
0.003510
0.000000
0.000000
0.000000
0.000000
0.000000
0.001877
0.001196
0.000000
0.000000
0.000179
0.049535
0.000000
0.002960
0.017168
0.000000
0.000000
0.000003
0.000000
0.000000
0.000000
0.000000
0.000000
0.000000
0.000000
0.000000
0.000000
0.000000
0.000000
0.000000
0.000000
0.000000
0.000172
0.000000
0.000000
0.000000
0.000000
0.000000
0.000000
0.036447
0.000003
0.154502
0.000000
0.024464
0.000000
0.000000
0.014249
0.000000
0.000000
0.004514
0.000000
0.000000
0.052410
0.015043
0.026894
0.000002
0.000000
0.803376
0.042741
0.000000
0.009669
0.000000
0.039999
0.000440
0.001987
0.000000
0.000001
0.081172
0.000000
0.000000
0.000000
0.000000
0.000000
0.125631
0.000000
0.000659
0.000037
0.009520
0.000000
0.000006
0.005752
0.000000
0.000000
0.000000
0.000000
0.000000
0.000000
0.000000
0.000000
0.000000
0.000000
0.000000
0.000000
0.000000
0.000000
0.000000
0.000000
0.000000
0.000000
0.000000
0.000000
0.000000
0.000002
0.000013
0.000000
0.000000
0.000086
0.780200
0.000000
0.000000
0.000000
0.000000
0.000000
0.000125
0.046392
0.001940
0.000000
0.000000
0.000000
0.000000
0.000000
0.000000
0.000000
0.000000
0.003367
0.000000
0.000000
0.180085
0.000000
0.000002
0.000000
0.000000
0.000000
0.000000
0.004387
0.000048
0.000000
0.000000
0.000000
0.170615
0.000121
0.000036
0.000000
0.000000
0.000001
0.000005
0.000000
0.000000
0.000035
0.000000
0.000000
0.000000
0.000000
0.000000
0.000000
0.000003
0.000000
0.000000
0.040899
0.000043
0.000000
0.000064
0.002511
0.000000
0.000000
0.000000
0.000000
0.000000
0.000000
0.000003
0.000000
0.000000
0.000000
0.000000
0.000000
0.000000
0.000000
0.000000
0.000000
0.000003
0.402230
0.000000
0.000000
0.000000
0.000000
0.000000
0.000000
0.000000
0.000069
0.000000
0.000884
0.016330
0.000000
0.000001
0.058379
0.000000
0.000000
0.000000
0.000000
0.000000
0.000000
0.000000
0.000000
0.000000
0.000000
0.000320
0.048255
0.000000
0.000000
0.000000
0.000006
0.000000
0.000000
0.000019
0.029745
0.001669
0.000000
0.000000
0.000000
0.000000
0.000000
0.000000
0.000000
0.000000
0.156632
0.001843
0.000000
0.378687
0.300155
0.000000
0.000000
0.000000
0.000000
0.000000
0.000000
0.000000
0.000000
0.000000
0.020157
0.000000
0.000000
0.000000
0.000000
0.000000
0.000000
0.000000
0.000000
0.000000
0.000000
0.001821
0.000000
0.000000
0.000000
0.000000
0.000000
0.049360
0.000000
0.000000
0.000000
0.002360
0.000000
0.000000
0.045364
0.031229
0.000000
0.000000
0.000000
0.000000
0.000000
0.001725
0.000000
0.000000
0.287477
0.000000
0.001949
0.000000
0.006709
0.000021
0.000000
0.000000
0.000000
0.000000
0.038669
0.168741
0.000000
0.000000
0.000000
0.095143
0.000000
0.000000
0.000000
0.000000
0.078630
0.000000
0.000000
0.000082
0.000000
0.393372
0.008344
0.358609
0.000000
0.000000
0.000000
0.000008
0.000000
0.000000
0.013029
0.000000
0.000000
0.000000
0.000980
0.000000
0.000000
0.000000
0.000000
0.000000
0.001183
0.549653
0.246711
0.000000
0.000223
0.000186
0.000000
0.001821
0.000000
0.000000
0.000000
0.000000
0.000000
0.000000
0.000000
0.000000
0.245306
0.000000
0.000001
0.000000
0.000000
0.000001
0.017194
0.277267
0.000000
0.000001
0.904385
0.001801
0.034021
0.000000
0.000000
0.000000
0.000000
0.000000
0.000000
0.000000
0.000000
0.000142
0.000085
0.000000
0.000000
0.000000
0.000000
0.000083
0.000000
0.022533
0.002012
0.000000
0.000146
0.000000
0.000000
0.000000
0.000000
0.000000
0.024609
0.000000
0.004171
0.000000
0.000000
0.053264
0.000000
0.000000
0.000000
0.000000
0.000000
0.000000
0.000000
0.002962
0.000036
0.000000
0.178395
0.000000
0.000002
0.000000
0.000000
0.043792
0.322142
0.000000
0.000000
0.000000
0.000000
0.000000
0.000000
0.000000
0.000000
0.000000
0.037448
0.368185
0.000000
0.000000
0.000000
0.000000
0.000000
0.000000
0.000000
0.772988
0.000000
0.000066
0.000000
0.006531
0.000000
0.006182
0.000327
0.000000
0.172824
0.000000
0.000000
0.001621
0.000000
0.000000
0.000000
0.009726
0.000000
0.404413
0.000000
0.000000
0.115933
0.000000
0.000000
0.600749
0.000037
0.703305
0.000000
0.000000
0.196298
0.263681
0.086187
0.000000
0.000000
0.000000
0.000000
0.000000
0.000000
0.000004
0.104364
0.006617
0.083928
0.000000
0.001077
0.916351
0.000000
0.000000
0.000000
0.000000
0.000000
0.236531
0.000000
0.000000
0.000000
0.000000
0.000000
0.000000
0.000000
0.000000
0.000000
0.000000
0.000003
0.000000
0.000000
0.000000
0.000000
0.000289
0.000000
0.000000
0.000000
0.000000
0.000000
0.000000
0.497266
0.101853
0.000000
0.000000
0.377638
0.000000
0.820570
0.000000
0.000000
0.003937
0.000000
0.198895
0.494056
0.013647
0.029931
0.000000
0.000000
0.059653
0.000002
0.000000
0.000024
0.000000
0.000000
0.000000
0.528253
0.000000
0.641101
0.299259
0.000000
0.000000
0.000000
0.000000
0.000000
0.001176
0.000000
0.000013
0.218308
0.000000
0.000000
0.736810
0.001352
0.000000
0.000000
0.000000
0.000000
0.000000
0.000000
0.000002
0.000000
0.000000
0.000000
0.000000
0.000000
0.000000
0.000000
0.000000
0.000000
0.000000
0.000000
0.000000
0.000000
0.000000
0.000000
0.000000
0.000000
0.000000
0.000000
0.000001
0.000000
0.000000
0.000000
0.000000
0.000000
0.000000
0.086681
0.000000
0.000000
0.000000
0.000000
0.000000
0.000000
0.000000
0.000000
0.000000
0.000000
0.000152
0.000000
0.000009
0.000001
0.000000
0.000000
0.000000
0.000000
0.000000
0.000000
0.063432
0.000000
0.000000
0.000000
0.000000
0.000000
0.000000
0.000000
0.000000
0.837127
0.000028
0.000000
0.000000
0.000000
0.000000
0.000734
0.000000
0.000000
0.000000
0.000000
0.000000
0.000000
0.000000
0.000000
0.104467
0.000000
0.000000
0.000000
0.000000
0.123470
0.001659
0.000000
0.000000
0.000000
0.341291
0.000000
0.000000
0.000000
0.000000
0.000000
0.000000
0.000000
0.000000
0.000000
0.000000
0.290410
0.000000
0.000000
0.000000
0.000000
0.000000
0.000000
0.000000
0.000000
0.000000
0.000000
0.000000
0.000000
0.134435
0.008083
0.028474
0.000000
0.000000
0.000000
0.000000
0.000000
0.000000
0.000000
0.000000
0.000000
0.000000
0.000005
0.000000
0.000000
0.000000
0.000000
0.000000
0.004158
0.000000
0.000000
0.009057
0.000000
0.000000
0.000000
0.000000
0.000000
0.000000
0.000000
0.000000
0.000000
0.000000
0.000000
0.000000
0.000000
0.000000
0.000000
0.000000
0.000000
0.000006
0.008646
0.000180
0.000000
0.000002
0.000000
0.000000
0.000000
0.000000
0.000219
0.000000
0.000000
0.000008
0.000000
0.000000
0.000000
0.000000
0.000000
0.000000
0.000000
0.000000
0.000000
0.000000
0.000000
0.000000
0.000000
0.000000
0.000000
0.000000
0.000000
0.000000
0.000000
0.000000
0.000000
0.000000
0.000000
0.000000
0.000000
0.000000
0.000000
0.000000
0.000000
0.000000
0.000000
0.000000
0.000000
0.000000
0.000000
0.000000
0.000000
0.000000
0.000000
0.000000
0.000000
0.000000
0.000000
0.000000
0.000000
0.000000
0.000000
0.000000
0.000000
0.000000
0.000000
0.000000
0.000000
0.000000
0.000000
0.000000
0.000000
0.000000
0.000000
0.000000
0.000000
0.000000
0.000000
0.000000
0.000000
0.000000
0.000000
0.000000
0.000000
0.000000
0.000000
0.000000
0.000000
0.000000
0.000000
0.000000
0.000000
0.000000
0.000000
0.000000
0.000000
0.000000
0.000000
0.000000
0.000000
0.000000
0.000000
0.000000
0.000000
0.000000
0.000000
0.000000
0.000000
0.000000
0.000000
0.000000
0.000000
0.000000
0.000000
0.000000
0.000000
0.000000
0.000000
0.000000
0.000000
0.000000
0.000000
0.000000
0.000000
0.000000
0.000000
0.000000
0.000000
0.000000
0.000000
0.000000
0.000000
0.000000
0.000000
0.000000
0.000000
0.000000
0.000000
0.000000
0.000000
0.000000
0.000000
0.000000
0.000000
0.000000
0.000000
0.000000
0.000000
0.000000
0.000000
0.000000
0.000000
0.000000
0.000000
0.000000
0.000000
0.000000
0.000000
0.000000
0.000029
0.000000
0.000000
0.000000
0.000000
0.000000
0.000000
0.007589
0.695549
0.000000
0.000000
0.000000
0.000000
0.000000
0.000000
0.000000
0.000000
0.000000
0.000000
0.000000
0.000000
0.000000
0.000000
0.000000
0.000000
0.000000
0.000000
0.000000
0.000000
0.000000
0.000000
0.000000
0.000000
0.626635
0.275655
0.000000
0.000000
0.000000
0.000000
0.000000
0.000000
0.002788
0.000000
0.000000
0.000000
0.000085
0.000000
0.000000
0.000000
0.000001
0.000000
0.000000
0.000000
0.000000
0.000000
0.000000
0.000088
0.000000
0.000000
0.000000
0.000000
0.000000
0.000000
0.000000
0.000000
0.000000
0.000000
0.000000
0.000000
0.000136
0.000000
0.000000
0.000000
0.000000
0.193381
0.197063
0.002007
0.000000
0.000000
0.000000
0.000000
0.007589
0.000000
0.000000
0.000000
0.000000
0.000595
0.000000
0.000000
0.000000
0.000000
0.000000
0.000000
0.000000
0.000000
0.000000
0.000000
0.000000
0.000000
0.066688
0.000595
0.008396
0.000000
0.000000
0.000000
0.000000
0.000000
0.000000
0.000000
0.000000
0.000000
0.000000
0.000006
0.000000
0.000000
0.000000
0.000000
0.000000
0.000000
0.000000
0.000000
0.003112
0.000000
0.000000
0.000000
0.000000
0.000000
0.000000
0.000541
0.000000
0.000000
0.000000
0.000000
0.000000
0.000000
0.000000
0.000000
0.000000
0.000000
0.000000
0.408001
0.154935
0.000000
0.001582
0.304826
0.000000
0.000000
0.000042
0.107174
0.029986
0.000000
0.208266
0.000268
0.000000
0.000000
0.000000
0.000000
0.000000
0.000000
0.000000
0.000000
0.000000
0.000000
0.000000
0.000000
0.213177
0.000000
0.000000
0.000000
0.000000
0.000000
0.000000
0.000000
0.000000
0.000000
0.000341
0.000000
0.000000
0.000230
0.000000
0.000007
0.000000
0.000000
0.000000
0.000000
0.000000
0.000001
0.000000
0.007197
0.000807
0.000000
0.073509
0.000000
0.000000
0.000000
0.000000
0.000000
0.000000
0.002455
0.000000
0.000000
0.000000
0.000000
0.000000
0.000023
0.000000
0.000000
0.000000
0.000000
0.879749
0.000000
0.000014
0.066025
0.000000
0.000000
0.034519
0.107808
0.000000
0.000000
0.000000
0.000000
0.000000
0.000000
0.000197
0.000095
0.000000
0.000030
0.000615
0.000000
0.000000
0.000000
0.000000
0.000000
0.000000
0.000000
0.000000
0.000000
0.000000
0.760424
0.000000
0.005860
0.000000
0.000000
0.000000
0.194020
0.052984
0.000000
0.000000
0.000000
0.000001
0.000000
0.000000
0.000000
0.000000
0.000000
0.000000
0.000000
0.000000
0.266134
0.002984
0.864036
0.000000
0.000000
0.660557
0.602164
0.000000
0.000000
0.029866
0.000000
0.000000
0.009008
0.000000
0.000000
0.000000
0.000000
0.001527
0.188048
0.000000
0.198362
0.000000
0.000000
0.105813
0.000000
0.000000
0.075618
0.000000
0.000000
0.000000
0.000000
0.001683
0.763467
0.000000
0.027781
0.000034
0.000000
0.000000
0.000000
0.034745
0.000000
0.000000
0.000000
0.000000
0.000000
0.465172
0.000000
0.066390
0.000000
0.000335
0.000000
0.021619
0.000000
0.000000
0.000074
0.000000
0.000000
0.002649
0.000003
0.000813
0.000000
0.000000
0.000013
0.000006
0.000000
0.000005
0.000000
0.000000
0.193497
0.000000
0.000030
0.195888
0.000001
0.139120
0.000000
0.000000
0.092675
0.000000
0.000038
0.000000
0.000000
0.000000
0.000000
0.166525
0.012939
0.000006
0.000000
0.000000
0.612433
0.000023
0.000000
0.000000
0.000000
0.000000
0.000000
0.000000
0.000000
0.000000
0.000000
0.458325
0.000000
0.000001
0.375545
0.000000
0.000000
0.010186
0.000000
0.000000
0.001065
0.000000
0.177583
0.139649
0.000000
0.000029
0.000000
0.358149
0.000000
0.000000
0.000000
0.465172
0.000000
0.000000
0.000105
0.014033
0.027465
0.000000
0.010617
0.000021
0.000000
0.009171
0.000000
0.000000
0.000002
0.000000
0.004283
0.000045
0.000293
0.000000
0.596392
0.000000
0.000000
0.000000
0.000000
0.000000
0.000000
0.000334
0.000000
0.267853
0.072413
0.000000
0.000544
0.000000
0.076576
0.030630
0.061038
0.000000
0.000000
0.000000
0.195653
0.000279
0.000000
0.358333
0.000000
0.000000
0.000000
0.000000
0.000000
0.000000
0.520209
0.741638
0.000000
0.013114
0.001724
0.596510
0.000000
0.002954
0.000000
0.000000
0.000000
0.000000
0.000000
0.000000
0.859604
0.000000
0.000000
0.000000
0.000000
0.000000
0.000000
0.000000
0.000000
0.000000
0.000000
0.000000
0.000000
0.000000
0.000000
0.000000
0.000000
0.000000
0.000000
0.000000
0.000000
0.000000
0.000000
0.000000
0.000000
0.000000
0.000000
0.000000
0.000000
0.000000
0.000000
0.000000
0.000000
0.000000
0.000000
0.000000
0.000000
0.000000
0.000000
0.000000
0.000000
0.000000
0.000000
0.000000
0.000000
0.000000
0.000000
0.000000
0.000000
0.000000
0.000000
0.000000
0.000000
0.000000
0.000000
0.000000
0.000000
0.000000
0.000000
0.000000
0.000000
0.000000
0.000000
0.000000
0.000000
0.000000
0.000000
0.000000
0.000000
0.000000
0.000000
0.000000
0.000000
0.000000
0.000000
0.000000
0.000000
0.000000
0.000000
0.000000
0.000000
0.000000
0.000000
0.000000
0.000000
0.000000
0.000000
0.000000
0.000000
0.000000
0.000000
0.000000
0.000000
0.000000
0.000000
0.000000
0.000000
0.000000
0.000000
0.000000
0.000000
0.000000
0.000000
0.000000
0.000000
0.000000
0.000000
0.000000
0.000000
0.000000
0.000000
0.000000
0.000000
0.000000
0.000000
0.000000
0.000000
0.000000
0.000000
0.000000
0.000000
0.000000
0.000000
0.000000
0.000000
0.000000
0.000000
0.000000
0.000000
0.000000
0.000000
0.000000
0.000000
0.000000
0.000000
0.000000
0.000000
0.000000
0.000000
0.000000
0.000000
0.000000
0.000000
0.000000
0.000000
0.000000
0.000000
0.000000
0.000000
0.000000
0.000000
0.000000
0.000000
0.000000
0.000000
0.000000
0.000000
0.000000
0.000000
0.000000
0.000000
0.000000
0.000000
0.000000
0.000000
0.000000
0.000000
0.000000
0.000000
0.016398
0.000000
0.000000
0.000000
0.000000
0.000000
0.000000
0.460993
0.000000
0.769303
0.009718
0.636593
0.000000
0.000000
0.133115
0.000000
0.000000
0.000000
0.000000
0.000000
0.000000
0.040651
0.000000
0.101284
0.103919
0.000000
0.004002
0.000000
0.132649
0.160369
0.021466
0.000000
0.055243
0.000000
0.004044
0.500040
0.000000
0.380312
0.000000
0.000000
0.000000
0.000000
0.000000
0.000000
0.038697
0.000000
0.549307
0.000062
0.366033
0.000000
0.796708
0.558546
0.000000
0.000060
0.000002
0.001462
0.000103
0.000000
0.000000
0.000000
0.484811
0.000000
0.000000
0.000000
0.000000
0.000000
0.000000
0.906697
0.000000
0.000000
0.000000
0.000002
0.004612
0.000000
0.144307
0.000000
0.004408
0.584179
0.000000
0.763693
0.000427
0.009963
0.000000
0.022626
0.000000
0.000000
0.000000
0.000000
0.000000
0.000000
0.219719
0.000000
0.079865
0.537943
0.000108
0.000608
0.000000
0.000073
0.039103
0.431156
0.000000
0.000000
0.000000
0.862251
0.745304
0.000000
0.508180
0.000000
0.000000
0.000000
0.000000
0.000000
0.000000
0.027914
0.019834
0.000000
0.487554
0.247415
0.000036
0.000000
0.235036
0.000000
0.000000
0.000000
0.000000
0.000531
0.000000
0.053791
0.000000
0.000000
0.000000
0.000000
0.000000
0.000000
0.000000
0.000000
0.000000
0.000000
0.000000
0.000410
0.000000
0.000000
0.000000
0.130343
0.000013
0.000000
0.000000
0.000000
0.000000
0.003442
0.000005
0.000105
0.000002
0.000000
0.000000
0.000000
0.000000
0.000000
0.756238
0.035936
0.000000
0.101050
0.738306
0.000000
0.000129
0.000000
0.000000
0.000000
0.000001
0.000000
0.000533
0.000009
0.020385
0.000000
0.000000
0.000000
0.000000
0.000000
0.000000
0.000000
0.418472
0.000000
0.000000
0.000000
0.000000
0.000000
0.000000
0.000000
0.000000
0.000000
0.000000
0.000450
0.001382
0.000002
0.000000
0.000000
0.000185
0.000000
0.000000
0.000125
0.000994
0.000000
0.000005
0.000000
0.000000
0.000000
0.000333
0.000000
0.000000
0.000000
0.000000
0.000000
0.000000
0.000000
0.000000
0.000000
0.000000
0.993661
0.000990
0.000000
0.000000
0.000000
0.000008
0.000000
0.259925
0.000000
0.000000
0.001604
0.075258
0.000000
0.000000
0.000000
0.000000
0.000000
0.000000
0.000006
0.056871
0.095618
0.000000
0.378210
0.000000
0.000000
0.000000
0.018059
0.000000
0.000000
0.000000
0.036751
0.000001
0.000000
0.000000
0.845483
0.000000
0.000000
0.000000
0.000000
0.000000
0.000000
0.000815
0.000000
0.000012
0.005681
0.000000
0.000000
0.000898
0.000000
0.000000
0.000000
0.000000
0.000000
0.000000
0.000005
0.000000
0.000000
0.000000
0.000000
0.000000
0.000000
0.000000
0.000000
0.000000
0.000000
0.000000
0.000000
0.000000
0.000000
0.000000
0.000001
0.131723
0.098675
0.003511
0.000001
0.000000
0.000000
0.000000
0.035138
0.007265
0.000000
0.000000
0.000000
0.000000
0.000000
0.000000
0.085123
0.000000
0.000005
0.000000
0.000000
0.000000
0.000000
0.000000
0.000000
0.000000
0.000000
0.000000
0.000000
0.000005
0.000131
0.000000
0.000000
0.000000
0.000000
0.000000
0.000000
0.000000
0.000000
0.000000
0.000000
0.000000
0.000000
0.000000
0.000000
0.000000
0.000000
0.000000
0.000000
0.000000
0.000000
0.000000
0.000000
0.000000
0.000000
0.000000
0.000000
0.000000
0.000000
0.000000
0.000000
0.000000
0.000000
0.000000
0.000000
0.000000
0.000000
0.000000
0.000000
0.000000
0.000000
0.000000
0.000000
0.000000
0.094764
0.226156
0.179211
0.000000
0.000000
0.000000
0.000005
0.038558
0.000000
0.000000
0.000000
0.000000
0.000000
0.000000
0.000000
0.000000
0.000000
0.000000
0.000000
0.000000
0.000000
0.003047
0.000000
0.000000
0.000000
0.000002
0.000000
0.134905
0.000000
0.000000
0.000000
0.000000
0.000000
0.000000
0.000000
0.000000
0.000000
0.000000
0.000000
0.000000
0.000000
0.000000
0.000000
0.000000
0.000000
0.000000
0.000000
0.000000
0.000000
0.000000
0.000000
0.000000
0.000000
0.000000
0.000000
0.000000
0.000000
0.000000
0.000000
0.000000
0.000000
0.000000
0.000000
0.000000
0.000000
0.000000
0.000000
0.000000
0.000000
0.000000
0.000000
0.000000
0.000000
0.000000
0.000000
0.000000
0.112371
0.000000
0.000150
0.084098
0.686592
0.000000
0.000000
0.004810
0.001156
0.000000
0.000048
0.000076
0.000523
0.000000
0.000000
0.000000
0.000000
0.000958
0.000000
0.000000
0.000000
0.159033
0.000000
0.000000
0.000000
0.000000
0.000000
0.000000
0.000000
0.000000
0.000001
0.000000
0.000000
0.000000
0.000000
0.000000
0.000000
0.000000
0.000000
0.000000
0.000000
0.000000
0.000000
0.000000
0.000000
0.000000
0.000000
0.000000
0.000000
0.323515
0.000003
0.000058
0.000000
0.000000
0.000000
0.000000
0.000000
0.000000
0.000005
0.000000
0.000000
0.000000
0.000000
0.000000
0.000000
0.000012
0.000000
0.000000
0.000000
0.000000
0.000000
0.000000
0.000000
0.000000
0.000000
0.000000
0.000000
0.000000
0.000000
0.000000
0.000000
0.000000
0.000000
0.000000
0.000000
0.000000
0.000045
0.000000
0.000000
0.000000
0.000000
0.000000
0.000000
0.000000
0.007219
0.000000
0.343704
0.000000
0.050328
0.000000
0.000000
0.039542
0.000001
0.000000
0.000000
0.000000
0.000000
0.000000
0.000000
0.000000
0.000005
0.000000
0.000000
0.000000
0.000000
0.000000
0.003189
0.000000
0.000071
0.000276
0.000000
0.000000
0.000000
0.000000
0.000000
0.000000
0.000000
0.000000
0.000000
0.000000
0.002434
0.000000
0.000000
0.000000
0.000000
0.000000
0.000000
0.000000
0.000439
0.000000
0.000000
0.000000
0.000000
0.000000
0.000000
0.000000
0.000000
0.000000
0.000000
0.000000
0.000000
0.000000
0.000000
0.000000
0.000000
0.000000
0.000000
0.000000
0.000000
0.000000
0.000000
0.000000
0.000000
0.000000
0.000000
0.000000
0.000000
0.000000
0.000000
0.000000
0.000000
0.000000
0.000000
0.000000
0.000000
0.000000
0.000000
0.000000
0.000000
0.000000
0.000000
0.000000
0.000000
0.000000
0.000000
0.000000
0.000000
0.000000
0.000000
0.000000
0.000000
0.000000
0.000000
0.000000
0.000000
0.000000
0.000000
0.000000
0.000000
0.000000
0.000000
0.000000
0.000000
0.000000
0.000000
0.000000
0.000000
0.000000
0.000000
0.000000
0.000000
0.000000
0.000000
0.000000
0.000000
0.000000
0.000000
0.000000
0.000000
0.000000
0.000000
0.000000
0.000000
0.000000
0.000000
0.000000
0.000000
0.000000
0.000000
0.000000
0.000000
0.000000
0.000000
0.000000
0.000000
0.000000
0.000000
0.000000
0.000000
0.000000
0.000000
0.000000
0.000000
0.000000
0.000000
0.000000
0.000000
0.000000
0.000000
0.000000
0.000000
0.000000
0.000000
0.000000
0.000000
0.000000
0.000000
0.000000
0.000000
0.000000
0.000000
0.000000
0.000000
0.000000
0.000000
0.000000
0.000000
0.000000
0.000000
0.000000
0.000000
0.000000
0.000000
0.000000
0.000000
0.000000
0.000000
0.000000
0.000000
0.000000
0.000000
0.311721
0.000000
0.000003
0.000000
0.000000
0.000157
0.000000
0.000000
0.000000
0.000000
0.000000
0.000000
0.000000
0.000000
0.000000
0.000000
0.000000
0.000000
0.000000
0.000000
0.000000
0.000000
0.000000
0.000000
0.000000
0.000000
0.000000
0.000000
0.000000
0.000000
0.000000
0.000000
0.000000
0.000000
0.000000
0.000000
0.000000
0.000000
0.000000
0.000000
0.000000
0.000000
0.000000
0.000000
0.000000
0.000000
0.000000
0.000000
0.000000
0.000000
0.000000
0.000000
0.000000
0.000000
0.000000
0.000000
0.000000
0.000000
0.000000
0.000000
0.000000
0.000000
0.000000
0.000000
0.000000
0.000000
0.000000
0.000000
0.000000
0.000000
0.000000
0.000000
0.000000
0.000000
0.000000
0.000000
0.000000
0.000000
0.000000
0.000000
0.000000
0.000000
0.000000
0.000000
0.000000
0.000000
0.000000
0.000000
0.000000
0.000000
0.001297
0.000000
0.000000
0.102526
0.000000
0.000000
0.000000
0.000000
0.000000
0.000000
0.000000
0.000000
0.000000
0.000000
0.000000
0.000000
0.000000
0.000000
0.000000
0.000000
0.000000
0.000000
0.000019
0.000000
0.000000
0.000000
0.000000
0.000000
0.000000
0.000000
0.000000
0.000000
0.000000
0.000000
0.000000
0.000000
0.000000
0.000000
0.000000
0.000000
0.003358
0.000000
0.000000
0.000000
0.000000
0.000000
0.000000
0.000000
0.000000
0.000000
0.000000
0.000000
0.000000
0.000000
0.000000
0.003420
0.000000
0.000000
0.000000
0.000000
0.000000
0.000000
0.000000
0.000000
0.000000
0.000000
0.000000
0.000000
0.000000
0.000000
0.000000
0.000000
0.000000
0.000000
0.000000
0.000000
0.000000
0.000000
0.000000
0.000000
0.000000
0.000000
0.000000
0.000000
0.000000
0.000000
0.000000
0.000000
0.000000
0.000000
0.000000
0.000000
0.000000
0.000000
0.000000
0.000000
0.000000
0.000000
0.000000
0.000000
0.000000
0.000000
0.000000
0.000000
0.000000
0.000023
0.000000
0.000000
0.000000
0.000000
0.000000
0.000000
0.000000
0.000000
0.000000
0.000000
0.000000
0.000000
0.000000
0.000000
0.000000
0.000000
0.000000
0.000000
0.000000
0.000002
0.000000
0.000000
0.000000
0.000000
0.000000
0.000000
0.000000
0.000000
0.000000
0.000000
0.000000
0.000000
0.000000
0.000000
0.000000
0.000000
0.000000
0.000000
0.000000
0.000000
0.000000
0.000000
0.000000
0.000000
0.000000
0.000000
0.000000
0.000000
0.000000
0.000000
0.000000
0.000000
0.000000
0.000000
0.000000
0.000000
0.000000
0.000000
0.000000
0.000000
0.000000
0.000000
0.000000
0.000000
0.000000
0.000000
0.000000
0.000000
0.000000
0.000000
0.000000
0.000000
0.000000
0.000000
0.000000
0.000000
0.000000
0.000000
0.000000
0.000000
0.000000
0.000000
0.000000
0.000000
0.000000
0.000000
0.000000
0.000000
0.000000
0.000000
0.000000
0.000000
0.000000
0.000000
0.000000
0.000000
0.000000
0.000000
0.000001
0.000000
0.000000
0.000000
0.000000
0.000000
0.000000
0.000000
0.000000
0.000000
0.000000
0.000000
0.000000
0.000000
0.000000
0.000000
0.000000
0.000000
0.000000
0.000000
0.000000
0.000000
0.000000
0.000000
0.000000
0.000000
0.000000
0.000000
0.000000
0.000000
0.000000
0.000000
0.000000
0.000000
0.000000
0.000000
0.000000
0.000000
0.000000
0.000000
0.000000
0.000000
0.000000
0.000000
0.000000
0.000000
0.000000
0.000000
0.000000
0.000000
0.000000
0.000000
0.000000
0.000000
0.000000
0.000000
0.000000
0.000000
0.000000
0.000000
0.000000
0.000000
0.000000
0.000000
0.000000
0.000000
0.000000
0.000000
0.000000
0.000000
0.000000
0.000000
0.000000
0.000000
0.000000
0.000000
0.000000
0.000000
0.000000
0.000000
0.000000
0.000004
0.000000
0.000000
0.000000
0.000000
0.000000
0.000000
0.000000
0.000000
0.000000
0.000000
0.000000
0.000000
0.000000
0.000000
0.000000
0.000000
0.000000
0.000000
0.000000
0.000000
0.000000
0.000000
0.000000
0.000000
0.000000
0.000000
0.000000
0.000000
0.000000
0.000000
0.000000
0.000000
0.000000
0.000000
0.000000
0.000000
0.000000
0.000000
0.000000
0.000000
0.000000
0.000000
0.000000
0.000000
0.000000
0.000000
0.000000
0.000000
0.000000
0.000000
0.000000
0.000000
0.000000
0.000000
0.000000
0.000000
0.000000
0.000000
0.000000
0.000000
0.000000
0.000000
0.000000
0.000000
0.000000
0.000000
0.000000
0.000000
0.000000
0.000000
0.000000
0.000000
0.000000
0.000000
0.000000
0.000000
0.000000
0.000000
0.000000
0.000000
0.000000
0.000000
0.000000
0.000000
0.000000
0.000000
0.000000
0.000000
0.000000
0.000000
0.000000
0.000000
0.000000
0.000000
0.000000
0.000000
0.000000
0.000000
0.000000
0.000000
0.000000
0.000000
0.000000
0.000000
0.000000
0.000000
0.000000
0.000000
0.000000
0.000000
0.000000
0.000000
0.000000
0.000000
0.000000
0.000000
0.000000
0.000000
0.000000
0.000000
0.000000
0.000000
0.000000
0.000000
0.000000
0.000000
0.000000
0.000000
0.000000
0.000000
0.000000
0.000000
0.000000
0.000000
0.000000
0.000000
0.000000
0.000000
0.000000
0.000000
0.000000
0.000000
0.000000
0.000000
0.000000
0.000000
0.000000
0.000000
0.000000
0.000000
0.000000
0.000000
0.000000
0.000000
0.000000
0.000000
0.000000
0.000000
0.000000
0.000000
0.000000
0.000000
0.000000
0.000000
0.000000
0.000000
0.000000
0.000000
0.000000
0.000000
0.000000
0.000000
0.000000
0.000000
0.000000
0.000000
0.000000
0.000000
0.000000
0.000000
0.000000
0.000000
0.000000
0.000000
0.000000
0.000000
0.000000
0.000000
0.000000
0.000000
0.000000
0.000000
0.000000
0.000000
0.000000
0.000000
0.000000
0.000000
0.000000
0.000000
0.000000
0.000000
0.000000
0.000000
0.000000
0.000000
0.000000
0.000000
0.000000
0.000000
0.000000
0.000000
0.000000
0.000000
0.000000
0.000000
0.000000
0.000000
0.000000
0.000000
0.000000
0.000000
0.000000
0.000000
0.000000
0.000000
0.000000
0.000000
0.000000
0.000000
0.000000
0.000000
0.000000
0.000000
0.000000
0.000000
0.000000
0.000000
0.000000
0.000000
0.000000
0.000000
0.000000
0.000000
0.000000
0.000000
0.000000
0.000000
0.000000
0.000000
0.000000
0.000000
0.000000
0.000000
0.000000
0.000001
0.000000
0.000000
0.000000
0.000000
0.000000
0.000000
0.000000
0.000000
0.000000
0.000000
0.000000
0.000858
0.000010
0.007886
0.000000
0.000000
0.000301
0.000000
0.000000
0.000000
0.000000
0.000000
0.000008
0.000000
0.000000
0.000000
0.000000
0.000000
0.000000
0.000000
0.000284
0.000000
0.000000
0.000000
0.000000
0.000003
0.008144
0.000061
0.000000
0.000000
0.000000
0.000000
0.000000
0.000000
0.000000
0.000000
0.000000
0.000000
0.000000
0.000000
0.000000
0.000000
0.000000
0.000000
0.000000
0.000000
0.000000
0.000000
0.000000
0.000000
0.000000
0.000000
0.000000
0.000000
0.000000
0.000823
0.000001
0.000074
0.000000
0.000000
0.000000
0.000000
0.000000
0.000000
0.000000
0.000000
0.000000
0.001162
0.000000
0.000000
0.000000
0.000000
0.000071
0.000000
0.000000
0.000154
0.000000
0.000000
0.000000
0.000000
0.000000
0.000000
0.000000
0.000000
0.000000
0.000000
0.000000
0.000000
0.000000
0.000000
0.000000
0.000000
0.000000
0.000154
0.000000
0.000000
0.000000
0.000000
0.000000
0.000823
0.000825
0.000000
0.000000
0.000000
0.000294
0.001038
0.000000
0.000000
0.000000
0.000000
0.000000
0.000000
0.000000
0.000000
0.000000
0.000000
0.000000
0.000000
0.000000
0.000000
0.000000
0.000000
0.000000
0.000000
0.000000
0.000000
0.000000
0.000000
0.000000
0.000000
0.000000
0.000000
0.000000
0.000000
0.000000
0.000000
0.000000
0.000000
0.000000
0.000000
0.000000
0.000000
0.000000
0.000000
0.000000
0.000000
0.000000
0.000000
0.000000
0.000000
0.000000
0.000000
0.000000
0.000000
0.000000
0.000000
0.000000
0.000000
0.000000
0.000000
0.000000
0.000000
0.000000
0.000000
0.000000
0.000000
0.000000
0.000000
0.000000
0.000000
0.000000
0.000000
0.000000
0.000000
0.000000
0.000000
0.000000
0.000000
0.000000
0.000000
0.000000
0.067265
0.009275
0.000000
0.000000
0.000000
0.000000
0.000000
0.000000
0.000000
0.000000
0.000000
0.000000
0.000000
0.000000
0.000000
0.000000
0.000000
0.000000
0.000000
0.000000
0.000000
0.000000
0.000000
0.000000
0.000000
0.000000
0.000000
0.000000
0.000000
0.000000
0.000000
0.000000
0.000000
0.000000
0.000000
0.000000
0.000000
0.000000
0.000000
0.000000
0.000000
0.000000
0.000000
0.000000
0.000000
0.000000
0.000000
0.000000
0.000000
0.000000
0.000000
0.000000
0.000000
0.000000
0.000000
0.000000
0.000000
0.000000
0.000000
0.000000
0.000000
0.000000
0.000000
0.000000
0.000000
0.000000
0.000000
0.000000
0.000000
0.000000
0.000000
0.000000
0.000094
0.000000
0.000000
0.000000
0.000000
0.000000
0.000000
0.000001
0.241891
0.000000
0.001029
0.005000
0.003654
0.000512
0.000000
0.000000
0.000000
0.000000
0.000000
0.000000
0.000000
0.000000
0.000000
0.000000
0.000000
0.000000
0.000000
0.000000
0.000000
0.000000
0.000000
0.000000
0.000000
0.000000
0.000000
0.000000
0.000000
0.000000
0.000000
0.000000
0.000000
0.000000
0.000000
0.000000
0.000000
0.000000
0.000001
0.000000
0.000000
0.000000
0.000000
0.328701
0.000000
0.000000
0.000000
0.028558
0.000000
0.000000
0.000000
0.000000
0.030295
0.000000
0.009171
0.000000
0.000000
0.000000
0.000701
0.000000
0.008751
0.000003
0.267703
0.000000
0.000000
0.032842
0.000000
0.022710
0.000000
0.000000
0.000000
0.000000
0.000011
0.000001
0.000000
0.000000
0.000000
0.000000
0.000000
0.000000
0.000000
0.000000
0.000000
0.000000
0.000000
0.000000
0.000000
0.000000
0.000000
0.000000
0.000000
0.000000
0.000001
0.003762
0.000000
0.000000
0.000000
0.014179
0.000000
0.000000
0.000000
0.000000
0.008782
0.000000
0.000000
0.000000
0.000000
0.000000
0.000000
0.000000
0.035368
0.000000
0.000000
0.000000
0.000004
0.000000
0.000000
0.000000
0.072760
0.000000
0.005648
0.000000
0.000000
0.551958
0.000000
0.003823
0.000000
0.000000
0.000003
0.000000
0.000000
0.000000
0.000000
0.000000
0.000000
0.000000
0.000000
0.000000
0.000001
0.000000
0.000000
0.177151
0.000000
0.000000
0.000000
0.000000
0.000000
0.000000
0.000000
0.000000
0.000000
0.000000
0.000000
0.000000
0.000000
0.000000
0.000000
0.000000
0.000000
0.000000
0.000000
0.000000
0.000000
0.000000
0.000000
0.000000
0.000000
0.000000
0.000000
0.000000
0.000000
0.000000
0.000000
0.000000
0.000000
0.000000
0.000000
0.000000
0.000000
0.000000
0.000000
0.000000
0.000000
0.000000
0.000000
0.000000
0.000000
0.000000
0.000000
0.000000
0.000000
0.000000
0.000000
0.000000
0.000000
0.001981
0.000000
0.000000
0.000000
0.000000
0.000000
0.000000
0.000000
0.000000
0.000000
0.000000
0.000000
0.000000
0.000000
0.000000
0.000000
0.000000
0.000000
0.000000
0.000000
0.000000
0.000000
0.000000
0.000000
0.000000
0.000000
0.000000
0.000000
0.000000
0.000000
0.000000
0.000000
0.000000
0.000000
0.000000
0.000000
0.000000
0.000000
0.000000
0.000000
0.000000
0.000000
0.000000
0.000000
0.000000
0.000000
0.000000
0.000000
0.000000
0.000000
0.000000
0.000000
0.000000
0.000000
0.000000
0.000000
0.000000
0.000000
0.000000
0.000000
0.000000
0.000000
0.000000
0.000000
0.000000
0.000000
0.000000
0.000000
0.000000
0.000000
0.000000
0.000000
0.000000
0.000000
0.000000
0.000000
0.000000
0.000000
0.000000
0.000000
0.000000
0.000000
0.000000
0.000000
0.000000
0.000000
0.000000
0.000000
0.000000
0.000000
0.000000
0.000000
0.067450
0.000719
0.000000
0.000000
0.000000
0.000000
0.000000
0.000000
0.000000
0.000000
0.000000
0.000012
0.000000
0.000000
0.001164
0.000000
0.000046
0.000000
0.008920
0.000000
0.000000
0.000000
0.000000
0.000000
0.000000
0.000000
0.000000
0.002537
0.000000
0.000000
0.000236
0.000000
0.000000
0.000000
0.000000
0.000000
0.000707
0.000000
0.000000
0.000000
0.000000
0.000000
0.000000
0.000000
0.000000
0.000000
0.000000
0.000000
0.000000
0.000000
0.000000
0.000000
0.000000
0.000000
0.000000
0.000000
0.000000
0.000000
0.000000
0.000000
0.000000
0.000000
0.000000
0.000000
0.000000
0.000000
0.000000
0.000000
0.000000
0.000000
0.000000
0.000000
0.000000
0.000000
0.000000
0.000000
0.000000
0.000000
0.000000
0.000000
0.000000
0.000000
0.000000
0.000000
0.017957
0.000000
0.000000
0.000000
0.000000
0.000000
0.000000
0.000000
0.000000
0.000000
0.645372
0.000000
0.000000
0.000000
0.000000
0.000000
0.000000
0.000000
0.000000
0.000000
0.000266
0.000000
0.000000
0.000000
0.000000
0.000000
0.000000
0.000000
0.000000
0.000000
0.000000
0.000000
0.000000
0.000000
0.000000
0.000000
0.000000
0.000000
0.000000
0.000000
0.818801
0.037869
0.000000
0.000000
0.000000
0.000000
0.000000
0.000000
0.000000
0.000000
0.000000
0.000000
0.000000
0.000000
0.000000
0.000000
0.000000
0.000000
0.000000
0.000000
0.000000
0.000000
0.000000
0.000000
0.000000
0.000000
0.000000
0.000000
0.000000
0.000000
0.000000
0.000000
0.000000
0.000000
0.000000
0.000000
0.000051
0.000000
0.000000
0.000000
0.000000
0.190900
0.000000
0.980645
0.006539
0.000000
0.000000
0.000000
0.000031
0.000000
0.000000
0.747705
0.000000
0.040302
0.001977
0.000000
0.036093
0.000000
0.000000
0.000000
0.000000
0.000000
0.204537
0.002769
0.349652
0.000000
0.008489
0.000095
0.000000
0.000000
0.000000
0.000000
0.034282
0.000000
0.000000
0.000000
0.000000
0.000000
0.000000
0.000000
0.000000
0.000000
0.000000
0.000000
0.000000
0.000008
0.000000
0.000000
0.000000
0.000000
0.000000
0.000000
0.000000
0.000000
0.000000
0.000000
0.000000
0.000000
0.002810
0.000000
0.000000
0.000000
0.000000
0.000000
0.000000
0.000000
0.000000
0.000000
0.000000
0.583711
0.000000
0.000000
0.000000
0.000005
0.000000
0.000198
0.000016
0.000000
0.278576
0.001612
0.292244
0.000000
0.000000
0.000000
0.000000
0.000000
0.000000
0.000000
0.000307
0.000000
0.000000
0.000000
0.000000
0.014770
0.030923
0.028058
0.000643
0.000000
0.333241
0.577860
0.000000
0.000000
0.000000
0.224647
0.000000
0.000000
0.000000
0.000000
0.000000
0.000267
0.000000
0.020833
0.678677
0.000002
0.000000
0.000000
0.467969
0.000000
0.000000
0.000000
0.000000
0.000000
0.000000
0.000200
0.000000
0.000000
0.000000
0.000000
0.000000
0.000000
0.000000
0.000000
0.000000
0.000000
0.000000
0.000000
0.000000
0.000000
0.000000
0.000000
0.000000
0.000004
0.000000
0.000000
0.000000
0.121733
0.000000
0.000000
0.000000
0.000000
0.000000
0.000000
0.038572
0.007640
0.000000
0.000000
0.000000
0.000000
0.000000
0.000000
0.075335
0.000000
0.000000
0.000022
0.587580
0.000822
0.000000
0.011444
0.000000
0.000000
0.000000
0.000000
0.000000
0.021635
0.000000
0.000000
0.000000
0.000000
0.000000
0.000000
0.000000
0.000000
0.000000
0.000053
0.000000
0.057792
0.000000
0.000000
0.000000
0.000000
0.000000
0.000000
0.000000
0.000000
0.000000
0.000000
0.000000
0.000000
0.000000
0.000001
0.000000
0.000000
0.000000
0.000000
0.000000
0.000000
0.918962
0.000000
0.000000
0.000000
0.000000
0.000000
0.000000
0.000000
0.000000
0.000000
0.000000
0.001421
0.000000
0.000000
0.000000
0.000000
0.000000
0.000000
0.000000
0.000113
0.000000
0.000000
0.000000
0.014535
0.000272
0.227408
0.000022
0.000000
0.000001
0.000000
0.000000
0.000000
0.000000
0.000000
0.000000
0.000000
0.000000
0.000000
0.000000
0.000000
0.000000
0.000000
0.000000
0.000000
0.000000
0.000000
0.000000
0.004193
0.017789
0.000001
0.000000
0.000000
0.000000
0.000000
0.000000
0.000000
0.000000
0.000000
0.000000
0.000000
0.120600
0.000000
0.000784
0.000000
0.000014
0.066185
0.000898
0.000000
0.001290
0.027935
0.014414
0.000000
0.193149
0.000000
0.000000
0.000000
0.000000
0.000000
0.000000
0.000000
0.000000
0.000000
0.000000
0.000000
0.000000
0.000000
0.000000
0.000000
0.000000
0.000000
0.000000
0.000000
0.000000
0.000000
0.000000
0.000000
0.000000
0.000000
0.000000
0.000000
0.000000
0.000000
0.000000
0.000000
0.000000
0.000000
0.000000
0.000000
0.000000
0.000000
0.000000
0.000000
0.000000
0.000000
0.000000
0.000000
0.000000
0.000000
0.000000
0.000000
0.000000
0.000000
0.000000
0.000000
0.000000
0.000000
0.000000
0.000000
0.000000
0.000000
0.000000
0.002081
0.000000
0.000000
0.000000
0.000000
0.000000
0.000000
0.000000
0.000000
0.000000
0.000000
0.000000
0.000000
0.000000
0.000000
0.000000
0.000000
0.000000
0.000000
0.000000
0.000000
0.000000
0.000000
0.000000
0.000000
0.000000
0.000000
0.000000
0.000000
0.000000
0.000000
0.000000
0.000000
0.000000
0.000000
0.000000
0.000000
0.000000
0.000000
0.000000
0.000000
0.000000
0.000000
0.000000
0.000000
0.000000
0.000000
0.000000
0.000000
0.000000
0.000000
0.000000
0.000000
0.000000
0.000000
0.000000
0.000000
0.000000
0.000000
0.000000
0.000000
0.000000
0.000000
0.000000
0.000000
0.000000
0.000000
0.000000
0.000000
0.000000
0.000000
0.000000
0.000000
0.000000
0.000000
0.000000
0.000000
0.000000
0.000000
0.004561
0.000000
0.000000
0.000000
0.000000
0.000000
0.000000
0.000000
0.000000
0.000000
0.000000
0.000000
0.000000
0.000000
0.000000
0.000000
0.000000
0.000000
0.000961
0.000000
0.006565
0.000000
0.000000
0.000000
0.000000
0.000000
0.000000
0.000003
0.025548
0.000000
0.000187
0.000000
0.000000
0.000000
0.000000
0.087147
0.000000
0.005867
0.005272
0.520096
0.000000
0.195946
0.000031
0.000000
0.000000
0.000000
0.000000
0.000000
0.000000
0.004907
0.000000
0.059674
0.029517
0.000000
0.000002
0.000000
0.009264
0.747933
0.007120
0.000000
0.017096
0.006591
0.001572
0.014017
0.000000
0.047914
0.000000
0.000000
0.000000
0.000000
0.000000
0.000000
0.010253
0.000000
0.039570
0.092675
0.696726
0.000000
0.254187
0.583008
0.000000
0.010345
0.000012
0.014804
0.219462
0.000000
0.001577
0.000229
0.015561
0.000000
0.000000
0.000000
0.000961
0.000000
0.000000
0.009639
0.000000
0.000003
0.000000
0.000593
0.008941
0.000004
0.008096
0.000000
0.295293
0.491958
0.000000
0.000016
0.576458
0.149705
0.000000
0.794217
0.000000
0.000000
0.000000
0.000000
0.000000
0.000000
0.067011
0.000000
0.246852
0.003561
0.000000
0.000114
0.000000
0.016942
0.335528
0.137979
0.000000
0.000478
0.000000
0.000256
0.651423
0.000000
0.193033
0.000000
0.000000
0.000000
0.000000
0.000477
0.000000
0.000000
0.000006
0.000000
0.012924
0.565158
0.009164
0.000000
0.087323
0.000000
0.000000
0.000000
0.000000
0.001316
0.000000
0.234156
0.000000
0.000000
0.000000
0.000003
0.000000
0.000000
0.000000
0.000000
0.000000
0.000000
0.027496
0.000000
0.007958
0.000000
0.000002
0.002489
0.000044
0.000000
0.185120
0.000014
0.000000
0.000000
0.311387
0.001756
0.000000
0.000000
0.000359
0.000000
0.314072
0.000000
0.000000
0.005160
0.000000
0.030041
0.000012
0.000000
0.017135
0.000000
0.000000
0.000000
0.449627
0.000000
0.453435
0.000000
0.000049
0.013434
0.000000
0.000000
0.036355
0.659845
0.000000
0.000000
0.073760
0.000939
0.006224
0.000000
0.000000
0.000683
0.000000
0.000000
0.000000
0.000000
0.000000
0.000000
0.063652
0.000000
0.000000
0.022880
0.150127
0.000000
0.000000
0.085237
0.000000
0.000000
0.000753
0.000000
0.000000
0.000000
0.000000
0.000000
0.000000
0.000000
0.000000
0.000000
0.027496
0.326793
0.095459
0.000000
0.661505
0.241060
0.008185
0.000000
0.000000
0.000000
0.000000
0.000000
0.001588
0.000002
0.000000
0.000002
0.902127
0.001103
0.000000
0.003191
0.000000
0.000000
0.000000
0.000000
0.000000
0.000000
0.000001
0.000000
0.000000
0.000019
0.000029
0.000111
0.000000
0.127049
0.000026
0.022500
0.000000
0.681987
0.000000
0.667905
0.024959
0.000000
0.000000
0.000000
0.000000
0.000000
0.000000
0.000000
0.000000
0.001313
0.000000
0.000000
0.000575
0.172454
0.000048
0.000000
0.002515
0.000000
0.000000
0.000000
0.000000
0.000000
0.000000
0.385503
0.000000
0.000000
0.000000
0.000000
0.000000
0.000000
0.000000
0.000000
0.000000
0.000000
0.000000
0.000000
0.000194
0.000000
0.000000
0.000000
0.000000
0.000000
0.000000
0.000000
0.000000
0.000000
0.000000
0.000000
0.000000
0.000000
0.000000
0.000000
0.000000
0.000000
0.000000
0.000000
0.000000
0.000000
0.000000
0.000000
0.000000
0.000000
0.000000
0.000000
0.000000
0.000000
0.000000
0.000000
0.000000
0.000000
0.000000
0.000000
0.000000
0.000000
0.000000
0.000000
0.000000
0.000000
0.000000
0.000000
0.000000
0.000000
0.000000
0.000000
0.000000
0.000000
0.000000
0.000000
0.000000
0.000000
0.000000
0.000000
0.000000
0.000000
0.000000
0.000000
0.000000
0.000000
0.000000
0.000000
0.000029
0.000000
0.000000
0.000138
0.000014
0.000005
0.000210
0.000000
0.000000
0.000000
0.000000
0.000000
0.000000
0.000000
0.000000
0.000000
0.000000
0.000000
0.000000
0.000000
0.000000
0.000000
0.000000
0.000000
0.000000
0.000000
0.000000
0.000000
0.000000
0.000000
0.000000
0.000000
0.000000
0.000000
0.000000
0.000000
0.000000
0.000000
0.000000
0.000000
0.000000
0.000000
0.000000
0.000000
0.000000
0.000000
0.000000
0.000000
0.000000
0.000000
0.000016
0.000000
0.000000
0.000000
0.000000
0.000000
0.000000
0.000000
0.000000
0.000000
0.000000
0.000000
0.000054
0.000000
0.000055
0.000000
0.000000
0.000000
0.000000
0.000378
0.000000
0.053658
0.000000
0.000004
0.000000
0.003816
0.000004
0.000559
0.000000
0.000000
0.000000
0.000000
0.005930
0.000000
0.002050
0.000000
0.000000
0.000000
0.000290
0.000000
0.000000
0.000000
0.001048
0.000000
0.001704
0.000000
0.000000
0.000000
0.000000
0.000248
0.000000
0.000016
0.289297
0.000013
0.000000
0.034482
0.000004
0.000000
0.002927
0.000000
0.000000
0.000000
0.000000
0.004576
0.000000
0.017528
0.023224
0.000000
0.000000
0.000000
0.290171
0.012949
0.543099
0.000000
0.000007
0.000505
0.000747
0.223537
0.000000
0.615507
0.000000
0.000000
0.000000
0.000000
0.000000
0.000000
0.039047
0.000000
0.210803
0.381750
0.010478
0.000000
0.410805
0.086622
0.000000
0.037313
0.000025
0.535543
0.520774
0.000000
0.000000
0.000054
0.315844
0.000000
0.000000
0.000000
0.005930
0.000000
0.000000
0.000594
0.000059
0.000000
0.000000
0.002284
0.000000
0.000000
0.000004
0.000000
0.018375
0.002728
0.000000
0.006465
0.799189
0.105674
0.000000
0.483716
0.000000
0.000000
0.000000
0.000000
0.000000
0.000000
0.016256
0.000000
0.010766
0.009527
0.000059
0.012271
0.000000
0.000201
0.437890
0.811456
0.000000
0.000163
0.000000
0.063520
0.003894
0.000000
0.365939
0.000000
0.000000
0.000000
0.000000
0.000031
0.000000
0.004111
0.168637
0.000000
0.978119
0.349561
0.095237
0.000000
0.059612
0.000000
0.000000
0.000000
0.000000
0.006677
0.000000
0.000038
0.000000
0.000000
0.000000
0.000000
0.000000
0.000000
0.000000
0.000000
0.000000
0.000000
0.000000
0.000000
0.000000
0.000000
0.000000
0.000000
0.000000
0.000000
0.000000
0.000000
0.000000
0.000000
0.000000
0.000000
0.000000
0.000000
0.000000
0.000000
0.000000
0.000000
0.000000
0.000000
0.000000
0.000000
0.000000
0.000000
0.000000
0.000000
0.000000
0.000000
0.000000
0.000000
0.000000
0.000000
0.000000
0.000000
0.000000
0.000000
0.000000
0.000000
0.000000
0.000000
0.000000
0.000000
0.000000
0.000000
0.000000
0.000000
0.000000
0.000000
0.000000
0.000000
0.000000
0.000000
0.000000
0.000000
0.000000
0.000000
0.000000
0.000000
0.000000
0.000000
0.000000
0.000000
0.000000
0.000000
0.000000
0.000000
0.000000
0.000000
0.000000
0.000000
0.000000
0.000000
0.000000
0.000000
0.000000
0.000000
0.000000
0.000000
0.000000
0.000000
0.000000
0.000000
0.000000
0.000000
0.000000
0.000000
0.000000
0.000000
0.000000
0.000000
0.000000
0.000000
0.000000
0.000000
0.000000
0.000000
0.000000
0.000000
0.000000
0.000000
0.000000
0.000000
0.000000
0.000000
0.000000
0.000000
0.000000
0.000000
0.000000
0.000000
0.000000
0.000000
0.000000
0.000000
0.000000
0.000000
0.000000
0.000000
0.000000
0.000000
0.000000
0.000000
0.000000
0.000000
0.000000
0.000000
0.000000
0.000000
0.000000
0.000000
0.000000
0.000000
0.000000
0.000000
0.000000
0.000000
0.000000
0.000000
0.000000
0.000000
0.000000
0.000000
0.000000
0.000000
0.000000
0.000000
0.000000
0.000000
0.000000
0.000000
0.000000
0.000000
0.000000
0.000000
0.000000
0.000000
0.000000
0.000000
0.000000
0.000000
0.000000
0.000000
0.000000
0.000000
0.000000
0.000016
0.000005
0.000001
0.000000
0.000000
0.010539
0.000000
0.000000
0.000000
0.000000
0.000000
0.000000
0.000000
0.000000
0.000018
0.000051
0.000000
0.002771
0.074875
0.000000
0.000000
0.000000
0.000000
0.000049
0.000000
0.000000
0.000000
0.000000
0.000000
0.000000
0.000000
0.000000
0.000000
0.000000
0.000000
0.000000
0.000000
0.000030
0.000000
0.000016
0.000000
0.000000
0.006883
0.014163
0.000000
0.072091
0.000000
0.000000
0.000000
0.000000
0.000000
0.000002
0.000000
0.000000
0.000000
0.000000
0.000000
0.000000
0.000000
0.000000
0.000000
0.000000
0.000000
0.000000
0.003194
0.000000
0.000000
0.000000
0.000021
0.000000
0.000003
0.000000
0.000000
0.000000
0.004700
0.000000
0.000000
0.000000
0.000000
0.000000
0.000000
0.000000
0.000000
0.000000
0.004124
0.000000
0.337117
0.000000
0.000000
0.000000
0.000000
0.000004
0.000000
0.000000
0.039244
0.000000
0.000000
0.033166
0.000000
0.000000
0.000000
0.000000
0.000000
0.000000
0.113806
0.000000
0.000000
0.003889
0.000030
0.000004
0.000000
0.089633
0.000000
0.000000
0.000000
0.000000
0.000002
0.000000
0.200383
0.000000
0.000000
0.000000
0.000059
0.000000
0.000000
0.000000
0.000000
0.000000
0.000000
0.088294
0.000000
0.006424
0.000000
0.037098
0.007899
0.000000
0.000000
0.000554
0.000110
0.000000
0.000000
0.014894
0.000000
0.000000
0.000000
0.317792
0.000000
0.349471
0.000000
0.000000
0.011908
0.000000
0.000349
0.000000
0.000000
0.002221
0.000000
0.000000
0.000000
0.719903
0.000000
0.591454
0.000000
0.000000
0.113769
0.000000
0.000000
0.000000
0.001707
0.000015
0.000000
0.000255
0.201400
0.000000
0.000000
0.000000
0.241752
0.000000
0.000000
0.000000
0.000000
0.000000
0.000000
0.019312
0.000000
0.000000
0.000002
0.726061
0.000000
0.000000
0.000000
0.000000
0.000000
0.000037
0.000000
0.000000
0.000000
0.000000
0.000000
0.000000
0.000000
0.000000
0.000000
0.086101
0.000000
0.000491
0.000000
0.014781
0.001717
0.162969
0.000000
0.000000
0.000000
0.000000
0.000000
0.000000
0.268979
0.000000
0.000000
0.023704
0.958228
0.000000
0.367248
0.000000
0.000000
0.000000
0.000000
0.000000
0.000000
0.001721
0.000000
0.001121
0.000000
0.000000
0.005410
0.000000
0.767623
0.000000
0.000000
0.000000
0.027617
0.000000
0.259998
0.015938
0.000000
0.000000
0.000000
0.000000
0.000000
0.000000
0.000000
0.000000
0.000077
0.000000
0.000000
0.000000
0.000040
0.490635
0.000000
0.000031
0.000000
0.000000
0.000000
0.000000
0.000000
0.000000
0.076394
0.000000
0.000000
0.000000
0.000000
0.000000
0.000000
0.000000
0.000000
0.000000
0.000000
0.000000
0.000000
0.000000
0.000000
0.000000
0.000000
0.000000
0.000000
0.000000
0.000000
0.000000
0.000000
0.000000
0.000000
0.000000
0.000000
0.000000
0.000000
0.000000
0.000000
0.000000
0.000000
0.000000
0.000000
0.000000
0.000000
0.000000
0.000000
0.000000
0.000000
0.000000
0.000000
0.000000
0.000000
0.000000
0.000000
0.000000
0.000000
0.000000
0.000000
0.000000
0.000000
0.000000
0.000000
0.000000
0.000000
0.000000
0.000000
0.000000
0.000000
0.000000
0.000000
0.000000
0.000000
0.000000
0.000000
0.000000
0.000000
0.000000
0.000000
0.000000
0.000000
0.000000
0.000000
0.000000
0.000000
0.000000
0.000000
0.000000
0.000000
0.000000
0.000000
0.000000
0.000000
0.000000
0.000000
0.000000
0.000000
0.000000
0.000000
0.000000
0.000000
0.000000
0.000000
0.000000
0.000000
0.000000
0.000000
0.000000
0.000000
0.000000
0.000000
0.000000
0.000000
0.000000
0.000000
0.000000
0.000000
0.000000
0.000000
0.000000
0.000000
0.000000
0.000000
0.000000
0.000000
0.000000
0.000000
0.000000
0.000000
0.000000
0.000000
0.000000
0.000000
0.000000
0.000000
0.000000
0.000000
0.000000
0.000000
0.000000
0.000000
0.000000
0.000000
0.000000
0.000000
0.000000
0.000000
0.000000
0.000000
0.000000
0.000015
0.000000
0.000000
0.000460
0.000000
0.000000
0.002925
0.000000
0.000000
0.000000
0.000000
0.000000
0.000000
0.000000
0.000000
0.000000
0.000000
0.000000
0.000000
0.000000
0.000000
0.000000
0.000000
0.000000
0.000000
0.000000
0.000000
0.000000
0.000000
0.000000
0.003642
0.000000
0.000000
0.000000
0.000000
0.000000
0.000000
0.000000
0.000003
0.000000
0.000000
0.083872
0.000000
0.000000
0.000000
0.000000
0.000000
0.000000
0.000000
0.000000
0.000000
0.001515
0.000000
0.000000
0.002323
0.000000
0.000000
0.000000
0.000000
0.004876
0.000000
0.000000
0.000000
0.000000
0.000000
0.000000
0.000000
0.000000
0.000000
0.000001
0.000000
0.003391
0.000000
0.000000
0.000094
0.000000
0.000000
0.000000
0.000000
0.000000
0.000000
0.000000
0.000000
0.000000
0.000000
0.000000
0.000000
0.000000
0.000000
0.000000
0.000000
0.000000
0.000000
0.000000
0.000000
0.000000
0.000190
0.000000
0.000000
0.000000
0.001009
0.000000
0.000212
0.060300
0.000000
0.000000
0.064138
0.000047
0.000000
0.000000
0.000000
0.000000
0.000000
0.000322
0.000178
0.000000
0.000000
0.000000
0.000636
0.000000
0.000000
0.000000
0.000000
0.001525
0.000000
0.000032
0.000520
0.000000
0.000000
0.000000
0.000000
0.000000
0.000000
0.000000
0.000000
0.000000
0.003130
0.000000
0.000000
0.000004
0.000000
0.094512
0.000000
0.000000
0.338268
0.000000
0.000000
0.000000
0.000000
0.000000
0.000431
0.000000
0.000000
0.000000
0.000000
0.000000
0.000000
0.000000
0.000000
0.000000
0.000000
0.000000
0.000000
0.000000
0.000000
0.000000
0.000000
0.000000
0.000000
0.000000
0.000000
0.000000
0.000000
0.000000
0.000000
0.000000
0.000000
0.000000
0.000000
0.000000
0.000000
0.000000
0.000000
0.000000
0.000000
0.000000
0.000000
0.000000
0.000000
0.000000
0.000000
0.000000
0.000000
0.000000
0.000000
0.000000
0.000000
0.000000
0.000000
0.000000
0.000000
0.000000
0.000000
0.000000
0.000000
0.000000
0.000000
0.000000
0.000000
0.000000
0.000000
0.000000
0.000000
0.000000
0.000000
0.000000
0.000000
0.000000
0.000000
0.000000
0.000000
0.000000
0.000000
0.000000
0.000000
0.000000
0.000000
0.000000
0.000000
0.000000
0.000000
0.000000
0.000000
0.000000
0.000000
0.000000
0.000000
0.000000
0.000000
0.000000
0.000000
0.000000
0.000000
0.000000
0.000000
0.000000
0.000000
0.000000
0.000000
0.000000
0.000000
0.000000
0.000000
0.000000
0.000000
0.000000
0.000000
0.000000
0.000000
0.000000
0.000000
0.000000
0.000000
0.000000
0.000000
0.000000
0.000000
0.000000
0.000000
0.000000
0.000000
0.000000
0.000000
0.000000
0.000000
0.000000
0.000000
0.000000
0.000000
0.000000
0.000000
0.000000
0.000000
0.000000
0.000000
0.000000
0.000000
0.000000
0.000000
0.000000
0.000000
0.000000
0.000000
0.000000
0.000000
0.000000
0.000000
0.000000
0.000000
0.000000
0.000000
0.000000
0.000000
0.000000
0.000000
0.000000
0.000000
0.000000
0.000000
0.000000
0.000000
0.000000
0.000000
0.000025
0.000000
0.000000
0.000000
0.000000
0.000000
0.000000
0.000000
0.000000
0.000000
0.000000
0.000000
0.000000
0.487994
0.004111
0.000000
0.000000
0.000000
0.000000
0.000000
0.000000
0.135292
0.000000
0.000000
0.565623
0.000001
0.215319
0.047039
0.000190
0.000000
0.000000
0.000000
0.000000
0.000000
0.000000
0.000000
0.000000
0.000000
0.587228
0.000000
0.011555
0.000000
0.000000
0.085409
0.000000
0.000000
0.000000
0.000427
0.000000
0.006032
0.000010
0.000000
0.000000
0.000000
0.000000
0.000000
0.000000
0.917102
0.000000
0.000001
0.000000
0.050062
0.000000
0.000000
0.000000
0.000000
0.000000
0.407302
0.000001
0.000000
0.000000
0.000000
0.000000
0.000000
0.000029
0.000000
0.000000
0.000000
0.000000
0.029800
0.000000
0.000000
0.000000
0.000000
0.000000
0.000000
0.000003
0.000075
0.000000
0.000000
0.000000
0.000000
0.020164
0.054761
0.104673
0.000006
0.000000
0.000000
0.000000
0.000000
0.003249
0.000000
0.012266
0.000000
0.000000
0.000000
0.000000
0.000000
0.000000
0.000000
0.000000
0.007923
0.001569
0.000000
0.000042
0.000000
0.000000
0.000000
0.000000
0.000000
0.000000
0.001231
0.000000
0.000084
0.095174
0.000000
0.167141
0.001327
0.000000
0.000505
0.000000
0.000000
0.000001
0.317113
0.000053
0.000000
0.063300
0.000000
0.000508
0.000000
0.000000
0.367623
0.000037
0.000000
0.000000
0.119129
0.000000
0.000000
