0.902532
0.591219
0.040738
0.111424
0.288505
0.018025
0.154165
0.116158
0.120328
0.193613
0.517614
0.687890
0.952518
0.298528
0.066505
0.960628
0.293926
0.367248
0.412714
0.420910
0.611842
0.699782
0.460993
0.280433
0.520774
0.525869
0.109406
0.494609
0.919406
0.560980
0.378974
0.653559
0.235715
0.228003
0.149004
0.577159
0.171034
0.499152
0.571441
0.141470
0.666602
0.346940
0.463134
0.108338
0.493835
0.886774
0.232875
0.520209
0.391031
0.869517
0.425913
0.370157
0.376210
0.349924
0.388697
0.238856
0.300318
0.567134
0.468939
0.119206
0.151022
0.366874
0.584883
0.602046
0.942755
0.047458
0.203145
0.592394
0.764930
0.259705
0.827383
0.782407
0.118629
0.805726
0.902532
0.334911
0.827075
0.330529
0.086448
0.408401
0.548501
0.717690
0.194427
0.647033
0.433118
0.365752
0.660675
0.384828
0.300726
0.768743
0.034469
0.016769
0.999431
0.842517
0.749759
0.212488
0.544591
0.817757
0.096959
0.773322
0.900172
0.838330
0.056042
0.957968
0.888931
0.550114
0.004469
0.784608
0.362958
0.013064
0.957915
0.380504
0.847252
0.914233
0.694254
0.748162
0.547925
0.024848
0.735197
0.986382
0.085812
0.897123
0.766838
0.639322
0.990615
0.269882
0.668024
0.123709
0.796816
0.510868
0.452905
0.726525
0.479783
0.020454
0.489864
0.581018
0.167656
0.327226
0.919553
0.735888
0.803590
0.254115
0.701192
0.606882
0.506168
0.841723
0.893527
0.805726
0.964998
0.838230
0.395036
0.337029
0.909686
0.687890
0.678914
0.147424
0.777101
0.316351
0.465172
0.289059
0.096063
0.374786
0.443633
0.857415
0.423458
0.171507
0.765267
0.143989
0.090869
0.619175
0.587814
0.199014
0.987783
0.191130
0.178504
0.093481
0.851350
0.782187
0.735427
0.232001
0.831569
0.262720
0.748276
0.450472
0.268453
0.465817
0.460352
0.538973
0.733928
0.351468
0.606528
0.181017
0.957340
0.753173
0.225696
0.622608
0.552189
0.627583
0.317622
0.821504
0.973929
0.256862
0.599925
0.398870
0.422846
0.263311
0.816712
0.189812
0.276575
0.095332
0.751809
0.667550
0.209872
0.514461
0.976303
0.714658
0.349833
0.353016
0.060447
0.089244
0.211551
0.405807
0.964998
0.528480
0.451106
0.504940
0.174683
0.509411
0.994789
0.863473
0.299503
0.195946
0.892090
0.791609
0.677021
0.890046
0.465817
0.274738
0.279039
0.878769
0.458858
0.599336
0.835920
0.024719
0.613261
0.221524
0.266357
0.478802
0.018577
0.028547
0.828305
0.824297
0.034207
0.483935
0.486127
0.296665
0.807429
0.635526
0.850183
0.237281
0.442481
0.585820
0.511878
0.808597
0.838931
0.375071
0.800910
0.374881
0.709398
0.756465
0.160220
0.615152
0.260878
0.795842
0.857128
0.990923
0.636593
0.084296
0.630546
0.915522
0.426323
0.493172
0.436435
0.658896
0.173990
0.796708
0.694254
0.706119
0.340578
0.289139
0.992014
0.266507
0.212113
0.670867
0.957077
0.405807
0.351832
0.148258
0.667313
0.030019
0.300155
0.213052
0.839231
0.114437
0.774435
0.133327
0.081199
0.073685
0.137674
0.223342
0.576692
0.012984
0.965418
0.088917
0.404413
0.678086
0.036106
0.785377
0.025699
0.496490
0.004012
0.338534
0.015210
0.305734
0.470126
0.060720
0.470018
0.176128
0.887380
0.314325
0.906380
0.320346
0.396705
0.198717
0.278808
0.534288
0.931325
0.398870
0.420401
0.813143
0.117750
0.388697
0.179702
0.703657
0.861874
0.988625
0.377067
0.676075
0.387728
0.387534
0.581837
0.033738
0.887467
0.392005
0.179647
0.263459
0.637186
0.451740
0.531552
0.393666
0.769191
0.147424
0.932004
0.341469
0.616808
0.727800
0.599807
0.553574
0.356861
0.940633
0.351832
0.907882
0.412211
0.598982
0.808385
0.700370
0.230529
0.917027
0.427759
0.904144
0.388406
0.417864
0.372703
0.396705
0.177205
0.269656
0.899106
0.822540
0.123908
0.876528
0.514799
0.361938
0.204597
0.303099
0.523036
0.117407
0.634103
0.326966
0.440704
0.704243
0.087645
0.133285
0.527117
0.925557
0.556001
0.631376
0.815035
0.987832
0.859604
0.255920
0.972324
0.848916
0.862251
0.770980
0.903179
0.308551
0.013009
0.632917
0.363516
0.074849
0.231800
0.898365
0.794109
0.078683
0.470774
0.379738
0.706119
0.867020
0.994370
0.613970
0.647152
0.606646
0.431982
0.082498
0.444681
0.495604
0.674773
0.461314
0.780421
0.305239
0.071772
0.190098
0.986514
0.940633
0.214120
0.835012
0.045851
0.493724
0.347752
0.241268
0.736810
0.038739
0.722345
0.354386
0.748390
0.925557
0.155564
0.944836
0.865345
0.086072
0.298447
0.843904
0.984799
0.351104
0.375830
0.785706
0.099166
0.514799
0.598865
0.785048
0.454389
0.454920
0.486456
0.153925
0.346129
0.200383
0.299910
0.095079
0.905504
0.395919
0.016599
0.835819
0.659371
0.564229
0.195888
0.511317
0.093636
0.515249
0.317537
0.980282
0.552074
0.872541
0.326879
0.225958
0.262867
0.720717
0.426016
0.183059
0.013460
0.411407
0.481311
0.309966
0.479020
0.596039
0.976930
0.315337
0.751923
0.800265
0.707759
0.806897
0.643474
0.727452
0.526436
0.740260
0.977547
0.111714
0.614325
0.604286
0.214120
0.658659
0.123311
0.351559
0.675483
0.655575
0.946638
0.920509
0.825122
0.562835
0.475757
0.721532
0.494056
0.814510
0.151732
0.530983
0.725713
0.829939
0.144853
0.225367
0.490745
0.344870
0.283157
0.747362
0.242516
0.695078
0.109120
0.830347
0.182228
0.419487
0.215509
0.938662
0.887467
0.350287
0.952574
0.969937
0.308302
0.415234
0.682459
0.378401
0.795951
0.032178
0.996487
0.986877
0.645847
0.017077
0.982861
0.359809
0.688244
0.077702
0.747705
0.480765
0.741867
0.739801
0.152444
0.275273
0.143401
0.002829
0.231666
0.773545
0.661031
0.465065
0.773990
0.419487
0.749303
0.149799
0.102966
0.665654
0.518967
0.754877
0.090657
0.404712
0.442690
0.604286
0.850572
0.560980
0.531324
0.168172
0.480219
0.838030
0.677968
0.174736
0.124507
0.591689
0.085582
0.234562
0.906697
0.858464
0.652965
0.354478
0.567018
0.208328
0.956600
0.918888
0.281442
0.347571
0.669090
0.543672
0.184840
0.911858
0.759972
0.173406
0.433222
0.071551
0.745304
0.351195
0.184338
0.101317
0.877605
0.858464
0.992418
0.971790
0.402627
0.185792
0.418066
0.766726
0.961377
0.186579
0.259339
0.309550
0.406604
0.215826
0.821089
0.939937
0.226485
0.362401
0.252248
0.064560
0.351923
0.779869
0.557505
0.746562
0.071453
0.812300
0.813459
0.211613
0.390738
0.285979
0.459498
0.362494
0.077124
0.871902
0.894536
0.753060
0.468616
0.030262
0.988858
0.726061
0.850572
0.740260
0.001075
0.127498
0.966480
0.095681
0.587697
0.148444
0.082248
0.364167
0.501708
0.852125
0.015215
0.050792
0.376305
0.295052
0.715008
0.285979
0.431466
0.240439
0.124507
0.528367
0.911935
0.662216
0.829123
0.580901
0.754991
0.003281
0.708111
0.896375
0.754650
0.034170
0.615862
0.441958
0.085610
0.277190
0.849013
0.269430
0.367904
0.393861
0.074088
0.958072
0.987310
0.403619
0.363330
0.925912
0.728726
0.928297
0.289615
0.651779
0.484045
0.950543
0.428479
0.965928
0.966754
0.553805
0.374407
0.842021
0.842319
0.340667
0.416345
0.731849
0.110195
0.847546
0.409302
0.954066
0.857606
0.205571
0.265463
0.753060
0.465925
0.721532
0.463670
0.726061
0.620358
0.174310
0.650711
0.323945
0.947467
0.617873
0.576341
0.080570
0.442167
0.264200
0.447729
0.794109
0.509187
0.732196
0.938918
0.381750
0.454708
0.844398
0.447308
0.530983
0.384635
0.673235
0.956759
0.369311
0.454495
0.829327
0.078870
0.864597
0.441540
0.447203
0.358333
0.601810
0.474671
0.682814
0.274203
0.789210
0.544591
0.384925
0.842319
0.494387
0.555885
0.471963
0.477061
0.302197
0.467646
0.075669
0.339866
0.245797
0.365099
0.898941
0.867854
0.479674
0.605938
0.937177
0.479129
0.091998
0.470882
0.679505
0.604522
0.285429
0.363330
0.045591
0.891070
0.993268
0.489314
0.879571
0.539889
0.716874
0.456940
0.880282
0.035845
0.198125
0.930300
0.996466
0.620358
0.816293
0.623910
0.614916
0.058603
0.316267
0.480110
0.008071
0.784608
0.310133
0.275808
0.243489
0.101351
0.231197
0.344421
0.918221
0.797895
0.412211
0.823161
0.235647
0.164942
0.216016
0.670275
0.487994
0.803269
0.335440
0.468292
0.617991
0.500707
0.269129
0.016005
0.554036
0.853672
0.046939
0.738421
0.039870
0.866277
0.384925
0.806791
0.237555
0.336410
0.073660
0.127743
0.955586
0.178124
0.033861
0.617755
0.531438
0.976415
0.227012
0.160717
0.505721
0.987461
0.107034
0.497709
0.939110
0.852319
0.608535
0.028007
0.819218
0.742211
0.430022
0.752946
0.889275
0.457472
0.821712
0.133115
0.199727
0.646559
0.587814
0.428068
0.189128
0.732543
0.996466
0.177367
0.706119
0.691427
0.451000
0.699312
0.144216
0.744732
0.501041
0.075489
0.893190
0.338268
0.496933
0.851447
0.642050
0.519080
0.957759
0.251676
0.660201
0.724088
0.706939
0.011299
0.985686
0.487554
0.329658
0.859889
0.052244
0.415537
0.658541
0.986540
0.582774
0.988765
0.180249
0.342898
0.292564
0.809764
0.435397
0.500818
0.688716
0.068455
0.818592
0.170145
0.111787
0.083533
0.081254
0.750784
0.797464
0.644660
0.788991
0.701544
0.117559
0.983965
0.654389
0.440809
0.980148
0.126318
0.770868
0.374596
0.912474
0.270184
0.003315
0.856554
0.834305
0.678441
0.026015
0.156583
0.552766
0.805512
0.654864
0.658303
0.046458
0.023000
0.074341
0.498264
0.638491
0.177367
0.584883
0.781194
0.154791
0.738306
0.494056
0.252534
0.949105
0.909842
0.636831
0.798003
0.487005
0.418168
0.250107
0.326101
0.773767
0.017661
0.591102
0.267478
0.928853
0.832178
0.595334
0.958694
0.768743
0.083280
0.660082
0.350377
0.682578
0.017429
0.129058
0.164942
0.367529
0.417762
0.686828
0.183225
0.910542
0.707525
0.775658
0.875356
0.600632
0.127989
0.324806
0.834305
0.428581
0.985274
0.279117
0.440704
0.455345
0.391615
0.054398
0.372892
0.669327
0.017581
0.814405
0.506838
0.823368
0.155757
0.307803
0.502153
0.242307
0.847350
0.887207
0.863942
0.162768
0.312224
0.250178
0.818384
0.776990
0.463456
0.585000
0.713724
0.299585
0.881257
0.638491
0.645728
0.774658
0.513787
0.969159
0.407302
0.391713
0.644304
0.917027
0.382710
0.966480
0.735888
0.892513
0.250605
0.666128
0.191360
0.447098
0.583828
0.763130
0.345050
0.070990
0.714658
0.544476
0.869701
0.933952
0.870069
0.758842
0.999415
0.746334
0.924132
0.249467
0.217797
0.683404
0.304414
0.811350
0.871719
0.133285
0.551728
0.780753
0.795193
0.252248
0.592276
0.986250
0.543558
0.648220
0.345589
0.338800
0.360086
0.455983
0.414830
0.028516
0.803269
0.101585
0.563532
0.513562
0.205753
0.362680
0.551612
0.532349
0.441122
0.694725
0.732312
0.741064
0.365099
0.493061
0.785926
0.199787
0.811350
0.832990
0.852996
0.291047
0.155370
0.949567
0.515249
0.029485
0.645728
0.386856
0.692959
0.692016
0.126480
0.836423
0.066116
0.416143
0.304661
0.804338
0.477714
0.458431
0.361752
0.808491
0.106614
0.370534
0.613142
0.085323
0.456621
0.743129
0.815979
0.889703
0.941512
0.863661
0.508627
0.059799
0.812089
0.926265
0.879927
0.186523
0.286136
0.447729
0.911395
0.142815
0.654270
0.273137
0.256789
0.896042
0.783178
0.095427
0.750898
0.471423
0.396803
0.424480
0.466677
0.577042
0.127784
0.910309
0.593099
0.566552
0.153973
0.870620
0.607354
0.088264
0.340578
0.036002
0.849891
0.617163
0.256935
0.470666
0.922982
0.412211
0.381750
0.059467
0.177745
0.838230
0.701779
0.231599
0.085783
0.443004
0.404811
0.144807
0.762003
0.029485
0.115145
0.753173
0.017233
0.514012
0.670156
0.059178
0.366593
0.608771
0.301870
0.684585
0.418675
0.186467
0.872359
0.736695
0.892683
0.953847
0.534516
0.471639
0.640626
0.147285
0.276345
0.023206
0.287635
0.707408
0.351195
0.075028
0.661268
0.388212
0.918962
0.734851
0.511990
0.788663
0.841325
0.556810
0.984227
0.215762
0.723856
0.251104
0.431672
0.157902
0.754423
0.228201
0.748390
0.848427
0.348927
0.470882
0.568064
0.245446
0.610188
0.353016
0.911704
0.552997
0.474455
0.541608
0.610188
0.851350
0.777655
0.361659
0.770198
0.907172
0.832483
0.976563
0.930026
0.077439
0.520209
0.253180
0.178016
0.744274
0.602282
0.331228
0.030185
0.074290
0.171717
0.644898
0.115145
0.586993
0.858368
0.524848
0.239956
0.559589
0.093232
0.613970
0.230462
0.429919
0.728842
0.842715
0.901315
0.272909
0.531552
0.254115
0.643237
0.606410
0.471423
0.256935
0.165044
0.270184
0.572257
0.091234
0.356861
0.380600
0.433222
0.347571
0.609834
0.835416
0.373744
0.562719
0.226880
0.657473
0.661505
0.952239
0.274432
0.657592
0.156097
0.670275
0.784498
0.728031
0.192859
0.792044
0.381558
0.810504
0.635407
0.520096
0.388116
0.369029
0.683759
0.087293
0.920363
0.907409
0.561095
0.080407
0.644186
0.337825
0.245306
0.037031
0.563764
0.829531
0.010442
0.099692
0.548962
0.966663
0.134093
0.223277
0.146593
0.609243
0.129140
0.040447
0.624384
0.644898
0.608653
0.070433
0.512439
0.391615
0.936461
0.482841
0.482950
0.413016
0.625332
0.552997
0.072810
0.502821
0.692488
0.667905
0.100751
0.481420
0.344511
0.918221
0.620713
0.899106
0.591336
0.501374
0.661979
0.450049
0.581954
0.887294
0.419487
0.826870
0.322914
0.318556
0.068150
0.716641
0.236123
0.302279
0.879927
0.082888
0.486676
0.810081
0.921969
0.715241
0.070360
0.401042
0.521792
0.594510
0.317877
0.236872
0.846663
0.413922
0.453965
0.419690
0.887726
0.282688
0.363981
0.124947
0.861497
0.457153
0.552420
0.757144
0.259778
0.987536
0.332803
0.205936
0.833395
0.907093
0.562603
0.168845
0.417965
0.524735
0.124547
0.355210
0.500707
0.867854
0.419893
0.215319
0.608653
0.506838
0.243420
0.967297
0.100784
0.362866
0.401537
0.782518
0.774769
0.347481
0.449838
0.213868
0.378974
0.235036
0.135938
0.492178
0.121380
0.704830
0.214877
0.085610
0.126602
0.591924
0.768632
0.565971
0.582422
0.030129
0.131681
0.059260
0.548501
0.738651
0.662216
0.914310
0.137630
0.889361
0.991303
0.056435
0.560400
0.227078
0.767175
0.977040
0.042179
0.073308
0.710451
0.709749
0.236327
0.996951
0.446782
0.397294
0.330093
0.032461
0.515924
0.804124
0.639440
0.653203
0.190384
0.790955
0.117635
0.339244
0.444472
0.870345
0.015872
0.824916
0.371193
0.385310
0.695196
0.760988
0.829327
0.185624
0.880371
0.516149
0.454495
0.246992
0.070650
0.215319
0.698842
0.771203
0.454708
0.692723
0.050954
0.501931
0.143853
0.114548
0.953406
0.935806
0.352925
0.968677
0.986722
0.927039
0.791609
0.958745
0.747819
0.492951
0.964857
0.561791
0.978083
0.788991
0.097507
0.270561
0.673116
0.108303
0.023818
0.889189
0.261540
0.718622
0.235443
0.488873
0.551151
0.453011
0.226287
0.856459
0.240370
0.886774
0.523376
0.961525
0.750328
0.414426
0.995371
0.449733
0.138768
0.949279
0.372987
0.280433
0.279968
0.677140
0.547810
0.096734
0.953185
0.813353
0.619648
0.108871
0.255052
0.997370
0.081667
0.501931
0.844101
0.047508
0.535886
0.639915
0.757711
0.265165
0.731272
0.444472
0.007328
0.173353
0.649288
0.382999
0.878143
0.057610
0.706002
0.807110
0.546890
0.202481
0.171349
0.051550
0.968545
0.039103
0.193381
0.572024
0.090930
0.833496
0.360456
0.384250
0.542181
0.252678
0.910930
0.959412
0.086303
0.901721
0.679859
0.627583
0.989517
0.009446
0.964147
0.889446
0.566785
0.283626
0.440182
0.589340
0.124627
0.750784
0.522131
0.291286
0.884161
0.863004
0.887380
0.762679
0.362401
0.841325
0.314157
0.760537
0.805619
0.066230
0.859414
0.455239
0.097539
0.881876
0.357965
0.498930
0.714658
0.795409
0.559473
0.955370
0.658659
0.922982
0.127009
0.427246
0.724669
0.310384
0.905425
0.476735
0.829531
0.523149
0.605230
0.879304
0.637661
0.818905
0.619766
0.817548
0.268378
0.813985
0.412613
0.057610
0.988695
0.815665
0.753969
0.580199
0.959002
0.509187
0.851641
0.357873
0.097378
0.457259
0.182228
0.354020
0.343435
0.793023
0.800695
0.451529
0.182671
0.821815
0.942570
0.481748
0.578094
0.397885
0.682578
0.413217
0.438410
0.860552
0.677849
0.535772
0.498153
0.868594
0.362216
0.127212
0.675247
0.830245
0.765267
0.572374
0.885297
0.257516
0.187030
0.929819
0.736464
0.841723
0.089125
0.822437
0.530300
0.574473
0.287714
0.162768
0.524735
0.208266
0.112335
0.757484
0.846761
0.564577
0.061784
0.406704
0.784059
0.651304
0.308136
0.980115
0.904064
0.441644
0.208020
0.018612
0.684113
0.704361
0.626280
0.255920
0.013564
0.967432
0.406105
0.281831
0.178721
0.841921
0.988388
0.203749
0.828100
0.759633
0.577626
0.907567
0.000965
0.662572
0.670038
0.094512
0.619293
0.688834
0.998482
0.148351
0.885035
0.866090
0.526890
0.610188
0.252463
0.649762
0.139649
0.999857
0.191072
0.993867
0.830347
0.363423
0.485250
0.800265
0.402825
0.301216
0.270259
0.466462
0.145446
0.057350
0.082359
0.677731
0.481748
0.455770
0.529731
0.590397
0.849404
0.806578
0.472180
0.299829
0.737501
0.861025
0.216079
0.348746
0.864223
0.201101
0.734505
0.500485
0.662809
0.183725
0.193903
0.055768
0.593452
0.217733
0.797356
0.440913
0.139605
0.031840
0.329919
0.288188
0.706471
0.171875
0.940381
0.732427
0.323343
0.781966
0.969202
0.533489
0.468508
0.841921
0.983194
0.965044
0.660438
0.802626
0.046014
0.538744
0.817339
0.078763
0.239612
0.619293
0.118591
0.767399
0.541837
0.083252
0.773767
0.173884
0.378496
0.132017
0.723624
0.829021
0.964857
0.198303
0.929406
0.320858
0.129761
0.225827
0.327833
0.806578
0.196064
0.542754
0.814720
0.574824
0.087645
0.266059
0.290410
0.771203
0.876887
0.929682
0.224255
0.070820
0.468831
0.184617
0.482076
0.891665
0.415133
0.175591
0.857606
0.380983
0.703305
0.117293
0.028516
0.435086
0.540118
0.094512
0.736003
0.492841
0.436746
0.026140
0.616927
0.604522
0.270334
0.765154
0.996584
0.909998
0.919110
0.960728
0.205266
0.555654
0.361845
0.725365
0.164790
0.411106
0.212175
0.194485
0.983194
0.724901
0.322570
0.419588
0.579731
0.806045
0.706354
0.458964
0.649050
0.609952
0.257880
0.698607
0.707876
0.173300
0.727452
0.440287
0.598158
0.590749
0.038586
0.397786
0.717690
0.085438
0.812511
0.680569
0.755558
0.967252
0.439348
0.918146
0.622726
0.252391
0.214246
0.612315
0.694607
0.599218
0.933552
0.343346
0.768967
0.479129
0.574940
0.988904
0.703305
0.189698
0.065662
0.246852
0.783288
0.301952
0.102729
0.948873
0.603343
0.537600
0.034733
0.873816
0.008731
0.569461
0.188843
0.221072
0.194194
0.244117
0.733351
0.713724
0.293044
0.049886
0.504828
0.699900
0.619056
0.260218
0.098090
0.197711
0.035138
0.961624
0.037394
0.852125
0.422744
0.194485
0.146870
0.344242
0.006296
0.580667
0.877247
0.098871
0.771203
0.389086
0.089095
0.170668
0.051695
0.852512
0.623437
0.560284
0.781415
0.906776
0.270108
0.803590
0.897538
0.944106
0.183725
0.993548
0.503156
0.376781
0.408001
0.015508
0.804231
0.380025
0.537371
0.282143
0.586993
0.327659
0.819113
0.024148
0.679268
0.704712
0.788882
0.853479
0.171559
0.907882
0.371099
0.143672
0.627109
0.274967
0.147933
0.772430
0.651186
0.759746
0.015626
0.414225
0.019524
0.397098
0.253755
0.715241
0.497044
0.891835
0.177043
0.107949
0.413822
0.230863
0.852706
0.680923
0.865625
0.146685
0.031036
0.985550
0.109800
0.369217
0.502153
0.254980
0.153829
0.991144
0.036751
0.107069
0.146870
0.867113
0.639203
0.677495
0.999061
0.372325
0.116196
0.957602
0.642525
0.860173
0.060657
0.251247
0.359440
0.318132
0.171769
0.084041
0.322227
0.167965
0.063191
0.931868
0.331490
0.080652
0.206425
0.447098
0.098708
0.805512
0.805512
0.197298
0.652135
0.142096
0.716524
0.307555
0.950828
0.850280
0.164282
0.763693
0.517839
0.661149
0.265612
0.091998
0.992199
0.182173
0.425811
0.723043
0.519080
0.516037
0.654270
0.293926
0.371099
0.270939
0.901559
0.676903
0.450155
0.499596
0.701427
0.491627
0.583359
0.503490
0.721880
0.833699
0.609480
0.717107
0.106999
0.133795
0.825225
0.741753
0.466570
0.191475
0.065707
0.032367
0.586407
0.449521
0.162617
0.107069
0.345769
0.467108
0.665061
0.195185
0.043636
0.354386
0.709047
0.700370
0.151211
0.474129
0.732543
0.333241
0.830755
0.893864
0.659608
0.722927
0.810504
0.704243
0.859794
0.632324
0.855980
0.973493
0.175324
0.282610
0.441435
0.454602
0.348746
0.985302
0.790628
0.482403
0.629598
0.254187
0.939429
0.493614
0.329571
0.804872
0.815245
0.383095
0.437890
0.966343
0.208698
0.613497
0.984256
0.953074
0.613970
0.422744
0.754196
0.755898
0.589340
0.654270
0.383672
0.299097
0.533033
0.792262
0.724088
0.631020
0.162316
0.465602
0.002561
0.551382
0.301624
0.453965
0.684349
0.529958
0.622726
0.619056
0.268828
0.142410
0.941574
0.071185
0.315421
0.688480
0.889017
0.586758
0.336940
0.493172
0.587462
0.821815
0.211988
0.531666
0.234562
0.010009
0.721299
0.537371
0.858178
0.579380
0.067242
0.869517
0.251747
0.842616
0.110952
0.907646
0.020554
0.428273
0.027822
0.403321
0.437058
0.674655
0.116158
0.060342
0.352925
0.944472
0.725481
0.964385
0.663876
0.934551
0.046260
0.356677
0.507173
0.943923
0.349561
0.291925
0.031378
0.659134
0.905664
0.283939
0.271090
0.590162
0.367623
0.334999
0.470774
0.050846
0.362680
0.769862
0.980414
0.120444
0.964479
0.806365
0.717340
0.219526
0.480219
0.107279
0.736119
0.637424
0.488543
0.902046
0.586055
0.278345
0.828100
0.737040
0.451952
0.749873
0.775102
0.573773
0.340578
0.722694
0.183114
0.586758
0.573307
0.956654
0.066688
0.444891
0.169624
0.465495
0.241129
0.254331
0.631850
0.788117
0.148724
0.125954
0.340311
0.077229
0.181897
0.120717
0.966845
0.935015
0.728379
0.033130
0.245376
0.351832
0.823368
0.766053
0.463670
0.754423
0.930094
0.068244
0.010552
0.679505
0.996921
0.535543
0.721880
0.919406
0.278808
0.017856
0.111569
0.884161
0.327746
0.086681
0.721183
0.601810
0.186185
0.384346
0.377448
0.354935
0.155322
0.562835
0.756125
0.714191
0.648813
0.410705
0.044342
0.690956
0.991303
0.899763
0.058277
0.800480
0.765491
0.536686
0.608181
0.294569
0.737501
0.033665
0.528026
0.521452
0.680687
0.530527
0.992399
0.179375
0.115070
0.881523
0.099166
0.216714
0.573307
0.383864
0.374976
0.650474
0.057570
0.523942
0.432085
0.331665
0.871536
0.329745
0.208205
0.477714
0.709866
0.513562
0.516487
0.300155
0.238719
0.609007
0.583008
0.059570
0.116309
0.245376
0.420096
0.087440
0.840728
0.476300
0.027750
0.947112
0.194369
0.951621
0.682696
0.037719
0.097539
0.190384
0.513000
0.216905
0.540461
0.053208
0.809234
0.652135
0.286530
0.835315
0.309383
0.542296
0.959463
0.472829
0.927109
0.224647
0.875265
0.775880
0.241614
0.185624
0.661742
0.625095
0.609480
0.830755
0.281131
0.200503
0.217861
0.436435
0.069117
0.465495
0.395134
0.177475
0.820985
0.524962
0.504493
0.297069
0.407103
0.593687
0.721532
0.062170
0.934219
0.216714
0.817235
0.479565
0.125148
0.762567
0.389086
0.663758
0.202843
0.808067
0.906935
0.362680
0.050222
0.439035
0.183336
0.192570
0.122955
0.687536
0.331490
0.553112
0.199430
0.320175
0.756691
0.238102
0.980381
0.082888
0.410604
0.565623
0.220814
0.407003
0.285664
0.293445
0.032580
0.537600
0.749074
0.929475
0.109227
0.377638
0.380983
0.490525
0.695902
0.294891
0.323085
0.793674
0.432292
0.051750
0.333768
0.864317
0.183558
0.263459
0.962558
0.644067
0.361845
0.386276
0.336145
0.508963
0.399166
0.593334
0.946638
0.853382
0.110880
0.271619
0.234968
0.851931
0.572840
0.852899
0.581018
0.211675
0.460993
0.432912
0.943740
0.166627
0.477822
0.196768
0.795518
0.996211
0.817235
0.176935
0.295374
0.356585
0.179866
0.753855
0.619530
0.418675
0.515024
0.085956
0.958590
0.979474
0.171927
0.654033
0.890217
0.388989
0.855692
0.648813
0.043760
0.413117
0.647982
0.643355
0.391420
0.085037
0.681160
0.044215
0.730925
0.059322
0.329832
0.723507
0.389474
0.600396
0.695196
0.805192
0.339066
0.803162
0.960828
0.997290
0.980579
0.634340
0.548271
0.210431
0.924418
0.952574
0.332453
0.146962
0.070578
0.039827
0.067963
0.737846
0.781305
0.740030
0.016145
0.828407
0.935147
0.537486
0.923917
0.934219
0.076160
0.910076
0.364913
0.485030
0.477061
0.769415
0.372798
0.913929
0.667195
0.321970
0.880992
0.020377
0.493061
0.064049
0.303838
0.996211
0.307803
0.903420
0.425913
0.536914
0.161016
0.666010
0.136067
0.328180
0.532007
0.534516
0.091814
0.801232
0.283313
0.560052
0.818592
0.056970
0.155661
0.996881
0.368936
0.718389
0.145264
0.794651
0.418979
0.083618
0.262129
0.459925
0.238033
0.462491
0.063454
0.814510
0.146180
0.330442
0.043527
0.454071
0.915522
0.383479
0.549537
0.927670
0.281520
0.507285
0.407202
0.686474
0.726641
0.001845
0.433429
0.188445
0.383961
0.343704
0.828509
0.251533
0.548962
0.635170
0.510532
0.992399
0.015100
0.474346
0.422846
0.183114
0.273975
0.304744
0.059945
0.102628
0.137151
0.711971
0.150080
0.884161
0.358149
0.612433
0.989270
0.575174
0.774435
0.932207
0.962850
0.485469
0.307803
0.413721
0.788445
0.002231
0.586055
0.247698
0.111097
0.047022
0.872997
0.871719
0.799404
0.793131
0.062538
0.946459
0.890388
0.273365
0.976710
0.547465
0.423765
0.304497
0.735888
0.396606
0.083308
0.190270
0.301052
0.966205
0.616099
0.538058
0.765491
0.041743
0.896459
0.510532
0.410304
0.007849
0.913776
0.304003
0.307472
0.878053
0.563996
0.728842
0.822333
0.192744
0.823161
0.300073
0.021936
0.398870
0.701779
0.093605
0.314409
0.179811
0.526663
0.640745
0.623910
0.123232
0.736119
0.538858
0.891495
0.836725
0.969506
0.751467
0.497044
0.715941
0.917401
0.242377
0.871445
0.369781
0.857415
0.643237
0.293846
0.804765
0.261614
0.428993
0.782518
0.485469
0.865251
0.985163
0.868132
0.687772
0.158491
0.204840
0.578445
0.591454
0.556348
0.800158
0.121068
0.450366
0.163221
0.594393
0.141024
0.195829
0.614443
0.897621
0.615744
0.556579
0.525756
0.089603
0.180030
0.312308
0.949625
0.896874
0.745533
0.747705
0.506279
0.949221
0.817444
0.947585
0.158836
0.556232
0.100352
0.626635
0.597687
0.458111
0.628294
0.407502
0.058014
0.056851
0.091325
0.987057
0.407202
0.955693
0.754650
0.534516
0.504493
0.019059
0.838831
0.481202
0.312811
0.183114
0.950885
0.585938
0.395919
0.414527
0.528480
0.298041
0.822333
0.537143
0.822540
0.633629
0.419791
0.958642
0.565158
0.007037
0.049693
0.738651
0.851544
0.530641
0.804338
0.444681
0.865251
0.880637
0.899270
0.677376
0.017344
0.664824
0.970788
0.491627
0.211863
0.056692
0.254259
0.469263
0.603107
0.542754
0.017608
0.803590
0.859414
0.745076
0.933618
0.865811
0.571208
0.564577
0.640508
0.394253
0.473804
0.707759
0.807535
0.634340
0.826048
0.329484
0.095967
0.543902
0.886601
0.024112
0.216270
0.824400
0.336410
0.026618
0.523489
0.867947
0.796708
0.948931
0.995835
0.682578
0.631732
0.982400
0.046623
0.207958
0.767063
0.567832
0.550114
0.461207
0.358241
0.613497
0.025144
0.285900
0.997133
0.831162
0.631257
0.564809
0.065571
0.117597
0.950885
0.849013
0.317622
0.250534
0.634222
0.643711
0.572607
0.099890
0.777323
0.511653
0.457046
0.444681
0.875626
0.676075
0.545510
0.510532
0.992254
0.795084
0.091998
0.602282
0.408701
0.667787
0.032639
0.996960
0.325928
0.545855
0.572374
0.595451
0.683404
0.297393
0.361752
0.441435
0.783178
0.025642
0.592394
0.119824
0.481420
0.367529
0.583359
0.856076
0.570276
0.943310
0.098675
0.024409
0.700487
0.538744
0.807216
0.739915
0.870345
0.703891
0.377638
0.001029
0.209006
0.898859
0.376686
0.518516
0.658541
0.779316
0.174097
0.525189
0.210369
0.250320
0.112298
0.774880
0.971166
0.140180
0.093046
0.741064
0.758842
0.867577
0.741753
0.957129
0.834710
0.303674
0.318386
0.668142
0.765379
0.072660
0.946638
0.041669
0.754991
0.718273
0.565739
0.238444
0.735542
0.441853
0.875626
0.020492
0.423152
0.100055
0.457046
0.429404
0.963044
0.214687
0.343525
0.139826
0.729189
0.286609
0.191762
0.314409
0.011356
0.746905
0.699195
0.257953
0.886514
0.324289
0.767623
0.693077
0.513337
0.008049
0.443214
0.378592
0.935081
0.183059
0.331315
0.296261
0.796491
0.267703
0.789100
0.294328
0.965882
0.413519
0.384153
0.303674
0.049992
0.556348
0.355393
0.930779
0.469263
0.401537
0.979948
0.809869
0.711036
0.241683
0.221783
0.888931
0.244886
0.511204
0.401735
0.396410
0.161565
0.811139
0.437890
0.200562
0.593217
0.168430
0.942570
0.862345
0.210555
0.412815
0.326014
0.631376
0.747933
0.028864
0.708111
0.092613
0.086710
0.558778
0.229995
0.441853
0.574240
0.425196
0.769974
0.873543
0.444891
0.276729
0.465495
0.540347
0.580082
0.761890
0.166576
0.896042
0.616808
0.215889
0.999384
0.785487
0.148491
0.435190
0.670156
0.443842
0.583476
0.226024
0.060953
0.864971
0.619056
0.673235
0.142141
0.689541
0.770980
0.621779
0.162065
0.942260
0.798758
0.849111
0.796167
0.664706
0.675483
0.532349
0.419284
0.528139
0.729189
0.925557
0.798974
0.808385
0.998981
0.196298
0.197122
0.094450
0.959565
0.846172
0.368936
0.872450
0.402329
0.688480
0.762454
0.389669
0.374028
0.007970
0.342988
0.247980
0.072636
0.715941
0.891665
0.212613
0.160468
0.635882
0.785487
0.031286
0.793349
0.567250
0.726525
0.083168
0.630902
0.498708
0.574240
0.913394
0.777323
0.636831
0.195946
0.264497
0.000131
0.628413
0.917102
0.876258
0.669327
0.991654
0.259193
0.755331
0.002364
0.171822
0.402726
0.264868
0.505609
0.816293
0.171192
0.655101
0.441226
0.330617
0.395821
0.835517
0.964904
0.929544
0.522470
0.314072
0.872815
0.378687
0.167501
0.712205
0.762003
0.941824
0.906538
0.709515
0.947938
0.919110
0.922548
0.915674
0.027719
0.468723
0.739801
0.664469
0.183781
0.327746
0.966480
0.582305
0.710802
0.865438
0.949855
0.304085
0.725945
0.712322
0.594157
0.808279
0.484264
0.175859
0.873725
0.223602
0.542984
0.923414
0.469586
0.378878
0.699665
0.267254
0.698725
0.761778
0.469694
0.801554
0.150692
0.498708
0.713607
0.112371
0.938405
0.920509
0.884948
0.407302
0.269957
0.235647
0.245236
0.397885
0.526777
0.480765
0.997105
0.786145
0.108978
0.546890
0.096991
0.331228
0.611961
0.404016
0.386470
0.132692
0.096959
0.890473
0.579146
0.938212
0.333944
0.056337
0.259486
0.128728
0.549653
0.732658
0.830958
0.335616
0.519306
0.552882
0.855980
0.266880
0.613615
0.354020
0.712439
0.130968
0.254763
0.432188
0.160170
0.951902
0.570742
0.388794
0.837227
0.243559
0.600043
0.009550
0.058644
0.396017
0.544132
0.463563
0.453011
0.492068
0.579848
0.693901
0.085151
0.584765
0.392786
0.914538
0.284800
0.096159
0.228268
0.206609
0.514911
0.869701
0.522018
0.301952
0.958745
0.522697
0.713607
0.240301
0.224320
0.955586
0.301134
0.598982
0.205266
0.941324
0.721299
0.758503
0.942322
0.749074
0.347391
0.811244
0.008416
0.040157
0.718156
0.003959
0.971166
0.256137
0.998383
0.062235
0.986010
0.214877
0.667195
0.048787
0.130801
0.535657
0.115370
0.779205
0.607472
0.888759
0.898941
0.863380
0.572607
0.898447
0.912551
0.400844
0.051969
0.179320
0.925841
0.373555
0.066185
0.330268
0.428581
0.433118
0.016636
0.384250
0.740719
0.799189
0.400350
0.642050
0.385021
0.905903
0.866370
0.244956
0.235987
0.150127
0.578912
0.111025
0.640626
0.110880
0.122480
0.440182
0.688362
0.514012
0.633866
0.271771
0.561327
0.440078
0.676903
0.143130
0.143944
0.522697
0.503601
0.238650
0.465065
0.073434
0.860836
0.964479
0.440913
0.940444
0.265463
0.483388
0.444996
0.920948
0.328788
0.507061
0.252033
0.977186
0.690838
0.376305
0.123272
0.728842
0.676312
0.653559
0.400943
0.780642
0.253755
0.560400
0.783288
0.167810
0.299341
0.792262
0.634222
0.486127
0.603697
0.352196
0.389960
0.014541
0.640508
0.177151
0.156534
0.202181
0.172771
0.249538
0.000062
0.247627
0.835113
0.486237
0.543902
0.542410
0.142186
0.965418
0.977113
0.530186
0.312057
0.141917
0.443109
0.705533
0.497044
0.252105
0.619056
0.332102
0.713957
0.929337
0.295374
0.253324
0.326533
0.674182
0.881876
0.176343
0.252534
0.924846
0.466785
0.883021
0.027294
0.230662
0.503601
0.753287
0.217925
0.342988
0.232875
0.264942
0.962362
0.119167
0.400943
0.226090
0.732889
0.527571
0.398574
0.886341
0.275196
0.851447
0.109406
0.030945
0.497376
0.644423
0.940570
0.568414
0.533945
0.986774
0.288584
0.103987
0.402230
0.392884
0.179102
0.315590
0.828202
0.851155
0.547925
0.772653
0.349018
0.066988
0.508516
0.956388
0.393275
0.731734
0.226946
0.587580
0.819634
0.846270
0.642999
0.416649
0.043760
0.945981
0.839131
0.668498
0.913394
0.962850
0.322485
0.260732
0.862440
0.581018
0.682932
0.086943
0.528821
0.296584
0.748162
0.533945
0.142051
0.109084
0.399856
0.117255
0.065008
0.830653
0.010325
0.704595
0.648932
0.081832
0.398279
0.230662
0.732889
0.746105
0.714424
0.554152
0.350922
0.589105
0.524169
0.330791
0.768408
0.095143
0.301870
0.984543
0.209006
0.749873
0.880637
0.346940
0.431878
0.672406
0.761439
0.552189
0.031956
0.192224
0.698960
0.517050
0.005387
0.829429
0.544706
0.824710
0.798111
0.601457
0.611015
0.309800
0.478258
0.087704
0.748732
0.941324
0.504493
0.373744
0.560864
0.858178
0.398968
0.338889
0.945259
0.340400
0.022208
0.579146
0.571791
0.950143
0.475323
0.900254
0.828202
0.860457
0.261687
0.167192
0.015920
0.201280
0.527571
0.544936
0.929268
0.907251
0.436850
0.675247
0.989248
0.427041
0.460459
0.997865
0.868225
0.969980
0.887726
0.838230
0.043248
0.363423
0.565274
0.649050
0.732889
0.547810
0.056891
0.336763
0.104741
0.113880
0.135464
0.477387
0.208883
0.885819
0.476843
0.815665
0.131933
0.936068
0.193323
0.723856
0.000680
0.909139
0.428479
0.574473
0.280355
0.373271
0.806684
0.327312
0.033445
0.163019
0.460566
0.094450
0.603932
0.196768
0.169520
0.085065
0.524735
0.334735
0.177205
0.684940
0.988269
0.409903
0.348837
0.660082
0.334647
0.122559
0.231733
0.554383
0.996960
0.647982
0.148864
0.644067
0.765379
0.523263
0.141738
0.752264
0.740375
0.698960
0.997509
0.091021
0.034821
0.193033
0.815769
0.001674
0.834204
0.949913
0.049134
0.975892
0.837528
0.989805
0.686120
0.088412
0.113032
0.681514
0.989562
0.040042
0.480110
0.649050
0.644542
0.482950
0.220556
0.609834
0.006620
0.673353
0.986954
0.145218
0.458858
0.661149
0.136673
0.451317
0.482294
0.964479
0.819009
0.098219
0.886861
0.213052
0.139914
0.493282
0.464958
0.582774
0.565042
0.942135
0.652135
0.704947
0.223081
0.737616
0.378687
0.820362
0.811350
0.095143
0.035625
0.189242
0.416649
0.197534
0.971124
0.597923
0.399067
0.096510
0.041445
0.210182
0.051823
0.851931
0.538744
0.177745
0.097960
0.609362
0.854250
0.257661
0.383672
0.079514
0.867020
0.739571
0.798327
0.072462
0.640626
0.108942
0.498264
0.352014
0.303592
0.191475
0.721066
0.168741
0.002529
0.430331
0.569461
0.702483
0.228599
0.475214
0.684113
0.499707
0.952630
0.670630
0.644542
0.570160
0.075310
0.206915
0.238239
0.654626
0.971500
0.644542
0.622134
0.735312
0.754082
0.611488
0.529162
0.490304
0.606882
0.847938
0.146685
0.643118
0.191245
0.571441
0.492951
0.617281
0.744045
0.188389
0.914614
0.760085
0.925628
0.335175
0.640626
0.316013
0.382710
0.008419
0.493724
0.685294
0.566901
0.790301
0.539087
0.644423
0.430228
0.498153
0.581252
0.173194
0.429713
0.724088
0.192512
0.429301
0.445731
0.186017
0.304909
0.557389
0.117674
0.465495
0.123153
0.982616
0.360918
0.110447
0.309300
0.211551
0.624384
0.705299
0.369405
0.491958
0.707876
0.572840
0.536457
0.078630
0.901559
0.603697
0.940001
0.571325
0.793566
0.962606
0.474455
0.670630
0.956759
0.082888
0.252463
0.536686
0.688834
0.677376
0.127335
0.765267
0.444576
0.027314
0.613142
0.361938
0.975095
0.250677
0.222626
0.856459
0.325755
0.259193
0.471531
0.278268
0.237281
0.846368
0.604404
0.901233
0.495936
0.728495
0.539316
0.839531
0.046922
0.486127
0.174950
0.152777
0.393568
0.200323
0.014663
0.201280
0.847056
0.887380
0.941136
0.498042
0.784498
0.659726
0.686002
0.678441
0.631613
0.544476
0.895625
0.397196
0.602635
0.043217
0.473371
0.205571
0.131555
0.894368
0.227012
0.797680
0.842418
0.389086
0.721299
0.082248
0.637305
0.318556
0.742555
0.274890
0.567715
0.493724
0.566669
0.587228
0.629124
0.802519
0.385117
0.974007
0.975817
0.221654
0.956759
0.041564
0.134093
0.946994
0.926688
0.215066
0.903098
0.195361
0.334295
0.843904
0.868687
0.136760
0.663521
0.472829
0.778541
0.244257
0.780532
0.337914
0.547695
0.794109
0.960326
0.685058
0.165451
0.223928
0.656168
0.636238
0.614916
0.012209
0.119167
0.472504
0.635052
0.486017
0.993434
0.601574
0.648694
0.579848
0.365752
0.627820
0.743472
0.199846
0.333241
0.920802
0.833294
0.520096
0.167347
0.261540
0.593805
0.933685
0.877785
0.152682
0.793566
0.569228
0.881876
0.958745
0.647745
0.192975
0.039613
0.057731
0.118629
0.994206
0.986980
0.102526
0.294248
0.016108
0.702014
0.120367
0.242446
0.989180
0.060447
0.298122
0.373176
0.336498
0.210741
0.221654
0.639440
0.988951
0.624147
0.735427
0.438306
0.219976
0.395821
0.726177
0.433429
0.095777
0.658066
0.713957
0.562139
0.801983
0.563648
0.928853
0.525302
0.981005
0.468723
0.688834
0.626635
0.274509
0.272074
0.579146
0.057590
0.940381
0.937566
0.791282
0.919774
0.893780
0.674537
0.327572
0.728495
0.764030
0.903179
0.067126
0.475540
0.323687
0.849988
0.897621
0.654033
0.570742
0.562255
0.486237
0.160270
0.904625
0.897703
0.406504
0.616453
0.858939
0.467538
0.724436
0.469155
0.724320
0.190556
0.901559
0.464528
0.276422
0.975400
0.031562
0.392493
0.188048
0.383672
0.865811
0.352651
0.659845
0.994915
0.320687
0.329049
0.279658
0.415638
0.563764
0.849696
0.333944
0.639440
0.075207
0.893190
0.803483
0.868779
0.377924
0.582071
0.894788
0.809552
0.232942
0.846761
0.233616
0.407802
0.575991
0.499152
0.588870
0.654033
0.583945
0.752036
0.081391
0.819842
0.640152
0.724436
0.377543
0.319748
0.213931
0.223602
0.715124
0.544132
0.268378
0.101217
0.454389
0.092090
0.309883
0.706002
0.192455
0.195478
0.586172
0.553690
0.914386
0.379260
0.934019
0.972527
0.653915
0.361381
0.495051
0.614325
0.062408
0.923774
0.557505
0.106021
0.003469
0.999729
0.179975
0.386083
0.609362
0.454920
0.643592
0.794109
0.317368
0.524735
0.652847
0.748276
0.039272
0.997189
0.686946
0.466570
0.189470
0.973373
0.620122
0.948581
0.433015
0.842517
0.333944
0.786693
0.386566
0.380983
0.390836
0.428273
0.728842
0.954667
0.618820
0.358517
0.608771
0.440078
0.309716
0.124107
0.576925
0.701074
0.560748
0.230729
0.695902
0.465280
0.364074
0.908826
0.933552
0.797680
0.005775
0.404712
0.139252
0.766614
0.441540
0.582422
0.090839
0.775436
0.788773
0.160667
0.227672
0.618465
0.742326
0.872997
0.898447
0.113548
0.423765
0.521339
0.105155
0.813564
0.355943
0.399363
0.924347
0.810293
0.141604
0.916502
0.233954
0.349380
0.764480
0.447835
0.319493
0.612906
0.316267
0.749987
0.439974
0.565158
0.249610
0.207037
0.100022
0.292404
0.123788
0.391031
0.806471
0.667432
0.478802
0.909764
0.489644
0.025967
0.799942
0.567018
0.017083
0.786693
0.495604
0.778431
0.335440
0.771203
0.270334
0.223211
0.781746
0.028505
0.614443
0.160617
0.514236
0.023397
0.699900
0.471639
0.680805
0.015579
0.345769
0.928019
0.343794
0.005632
0.338623
0.471423
0.819842
0.614679
0.880814
0.742785
0.741523
0.120483
0.229596
0.778098
0.113400
0.343435
0.590749
0.067799
0.529958
0.362494
0.945861
0.401438
0.087910
0.100485
0.802733
0.084495
0.025709
0.036566
0.511878
0.786364
0.220878
0.880193
0.428581
0.789210
0.943923
0.164434
0.416345
0.433739
0.162165
0.378019
0.215193
0.189413
0.096191
0.158442
0.020164
0.263607
0.191532
0.412111
0.467108
0.936657
0.583125
0.827075
0.490745
0.448783
0.639677
0.747705
0.017083
0.873906
0.832381
0.466032
0.734505
0.139826
0.511990
0.810927
0.987832
0.644542
0.200145
0.760085
0.758729
0.028991
0.757597
0.617163
0.139164
0.200383
0.140357
0.376305
0.533489
0.722229
0.170563
0.848134
0.243280
0.359532
0.510420
0.346850
0.644898
0.794109
0.425811
0.480219
0.125349
0.546085
0.474346
0.278268
0.084438
0.851253
0.245797
0.242030
0.358886
0.114921
0.328093
0.266059
0.491517
0.248617
0.851931
0.920509
0.568530
0.239199
0.931325
0.128975
0.744961
0.434671
0.380695
0.191360
0.734274
0.172138
0.238719
0.782738
0.749645
0.924775
0.418878
0.210058
0.415133
0.536000
0.398082
0.888845
0.906697
0.700957
0.353564
0.220362
0.333593
0.387244
0.520548
0.873906
0.670630
0.794434
0.172718
0.585234
0.145492
0.236463
0.776213
0.629479
0.117217
0.232337
0.604876
0.852996
0.536571
0.756465
0.123470
0.094136
0.757484
0.943862
0.448783
0.463456
0.341469
0.815245
0.160270
0.003109
0.649999
0.653796
0.342183
0.662928
0.087763
0.936722
0.707525
0.188786
0.838731
0.537943
0.017350
0.485250
0.120483
0.943433
0.179702
0.088917
0.762116
0.371099
0.505721
0.512327
0.089424
0.949452
0.751467
0.682105
0.597569
0.900499
0.746791
0.024536
0.018080
0.188275
0.392884
0.329745
0.188843
0.382134
0.082944
0.837127
0.873634
0.069832
0.249610
0.713256
0.608063
0.323429
0.214624
0.340222
0.644898
0.083337
0.177745
0.765491
0.520548
0.839630
0.916351
0.196827
0.602989
0.541493
0.936461
0.980612
0.614443
0.172138
0.376876
0.496712
0.961921
0.295374
0.673945
0.491847
0.507173
0.756238
0.565623
0.211675
0.426016
0.471639
0.799404
0.688008
0.869148
0.116234
0.895290
0.953902
0.885035
0.771426
0.963478
0.257225
0.656761
0.307140
0.628887
0.340044
0.517952
0.858559
0.567832
0.219333
0.481857
0.503824
0.926406
0.067103
0.456727
0.166525
0.747819
0.921459
0.636475
0.974941
0.846073
0.199014
0.844299
0.833699
0.501152
0.530186
0.864410
0.661624
0.937307
0.326879
0.836725
0.745076
0.443528
0.455983
0.791173
0.720834
0.873725
0.210990
0.568996
0.634459
0.164790
0.725133
0.992790
0.959156
0.500374
0.839630
0.681278
0.186242
0.994575
0.379356
0.670038
0.795301
0.322142
0.814300
0.822230
0.271695
0.271771
0.359809
0.136457
0.214183
0.617281
0.241822
0.860647
0.329397
0.810399
0.439348
0.500262
0.918072
0.874994
0.713140
0.665061
0.498597
0.550690
0.694136
0.419284
0.107526
0.123947
0.577393
0.571092
0.632443
0.316690
0.899270
0.103987
0.804338
0.485250
0.351286
0.444576
0.786255
0.544361
0.682341
0.306395
0.302197
0.612433
0.162466
0.850280
0.636593
0.153973
0.902046
0.329049
0.067846
0.775213
0.958848
0.783068
0.433325
0.392981
0.073258
0.467646
0.777766
0.659371
0.918443
0.646203
0.280743
0.053283
0.391420
0.126846
0.064471
0.574357
0.898777
0.500374
0.958331
0.497155
0.985135
0.686946
0.482185
0.952741
0.022433
0.936852
0.018155
0.709047
0.554267
0.707174
0.072215
0.169937
0.532463
0.709749
0.049377
0.136760
0.414830
0.656406
0.593334
0.094418
0.556116
0.312140
0.206120
0.042315
0.196592
0.437266
0.475105
0.331490
0.557620
0.565971
0.764592
0.707642
0.192686
0.073183
0.779758
0.626635
0.627702
0.669209
0.645135
0.183336
0.800265
0.658303
0.822126
0.756011
0.570975
0.594040
0.594981
0.252678
0.600396
0.936265
0.568996
0.017535
0.308551
0.854154
0.527912
0.297150
0.517614
0.131597
0.160022
0.307223
0.444157
0.790737
0.447203
0.807535
0.155515
0.743129
0.166218
0.400449
0.947585
0.836322
0.507956
0.753742
0.958331
0.733235
0.985740
0.763017
0.593805
0.078258
0.628294
0.821297
0.325410
0.222626
0.541493
0.330006
0.075592
0.309966
0.266805
0.859604
0.398180
0.569927
0.527458
0.039428
0.695549
0.059840
0.889275
0.068691
0.692016
0.915371
0.068126
0.682223
0.918443
0.758842
0.813038
0.941073
0.850864
0.676075
0.008393
0.653559
0.075824
0.720717
0.663046
0.999008
0.358978
0.057410
0.248617
0.588166
0.511541
0.374407
0.698254
0.228665
0.091661
0.777212
0.006848
0.306478
0.335352
0.209501
0.844891
0.654626
0.174150
0.362123
0.737846
0.156146
0.217478
0.140579
0.564345
0.144489
0.558199
0.422438
0.315168
0.397294
0.129803
0.949105
0.455770
0.540232
0.595451
0.753742
0.005012
0.987108
0.571208
0.542984
0.191187
0.306395
0.061059
0.494166
0.125108
0.534744
0.323687
0.631376
0.334295
0.668024
0.657117
0.220491
0.555654
0.811033
0.879036
0.672880
0.686710
0.780532
0.704712
0.692016
0.182726
0.402924
0.289774
0.908669
0.979200
0.433843
0.484702
0.443214
0.698489
0.465710
0.554152
0.599100
0.708579
0.453753
0.332277
0.043838
0.666839
0.212676
0.957968
0.610188
0.297393
0.700252
0.396017
0.273441
0.164384
0.978295
0.185400
0.972932
0.314662
0.212488
0.423969
0.542869
0.631020
0.046030
0.861969
0.791282
0.791500
0.655101
0.169364
0.345589
0.307223
0.114103
0.491296
0.104673
0.397491
0.055554
0.999641
0.723624
0.866090
0.903903
0.005012
0.725017
0.977691
0.793131
0.528935
0.012514
0.586407
0.363888
0.020271
0.024041
0.992345
0.588049
0.270787
0.056376
0.399758
0.722462
0.270033
0.895792
0.625924
0.664113
0.144262
0.322056
0.650237
0.027955
0.498819
0.427862
0.506503
0.788663
0.650593
0.036381
0.488653
0.217542
0.748504
0.878053
0.996688
0.440078
0.157755
0.283939
0.653440
0.061934
0.615034
0.434360
0.623910
0.936003
0.410003
0.730115
0.715941
0.175110
0.140003
0.787241
0.866277
0.905105
0.981069
0.012252
0.725017
0.290728
0.777101
0.655457
0.593922
0.431569
0.373649
0.896542
0.217861
0.822851
0.834609
0.210990
0.560632
0.803376
0.879571
0.285036
0.275426
0.971458
0.421623
0.903903
0.376305
0.433325
0.094199
0.373838
0.321628
0.314999
0.484811
0.478258
0.483278
0.763805
0.185288
0.065278
0.500262
0.269957
0.856459
0.998143
0.616453
0.422948
0.448151
0.007859
0.757258
0.627465
0.357321
0.272605
0.109406
0.097927
0.422846
0.484264
0.523489
0.373555
0.648694
0.187595
0.518065
0.144171
0.659489
0.393177
0.048374
0.025757
0.918962
0.776102
0.871994
0.398574
0.952741
0.971500
0.987057
0.594510
0.893443
0.537371
0.357965
0.726641
0.046293
0.328006
0.640626
0.755671
0.227210
0.936917
0.232001
0.796059
0.858368
0.785597
0.608181
0.078844
0.019969
0.378592
0.414124
0.691781
0.184338
0.746105
0.762228
0.966663
0.816503
0.674773
0.649169
0.352014
0.376305
0.810399
0.256644
0.075747
0.826870
0.600160
0.006614
0.176612
0.118361
0.292484
0.175913
0.137805
0.424480
0.997577
0.752719
0.528935
0.752378
0.095174
0.525302
0.981488
0.918221
0.481420
0.957129
0.710217
0.572374
0.920802
0.027935
0.867762
0.022693
0.228533
0.475757
0.221330
0.787131
0.153159
0.598629
0.204537
0.226748
0.450683
0.296180
0.340222
0.435501
0.125108
0.998565
0.519306
0.198362
0.233481
0.571791
0.805726
0.828918
0.502599
0.501597
0.821504
0.419487
0.043232
0.162416
0.631139
0.440913
0.258755
0.153494
0.430022
0.790846
0.504828
0.626872
0.464850
0.276652
0.243768
0.719321
0.935213
0.571441
0.922548
0.594040
0.730578
0.470666
0.352014
0.769191
0.327226
0.724436
0.576575
0.441958
0.293044
0.049693
0.497044
0.739571
0.700370
0.515586
0.899845
0.384346
0.195536
0.838831
0.056337
0.786474
0.481311
0.189812
0.557620
0.793783
0.189698
0.868225
0.669209
0.272150
0.666128
0.412613
0.648576
0.056514
0.471531
0.104295
0.849988
0.309883
0.712205
0.661031
0.182837
0.901803
0.751012
0.380791
0.038116
0.017535
0.125510
0.782187
0.506168
0.195653
0.945199
0.669564
0.812300
0.658066
0.151732
0.476952
0.663046
0.406903
0.259486
0.471855
0.106439
0.139296
0.931868
0.484483
0.303345
0.999400
0.832990
0.656168
0.211364
0.518629
0.763693
0.057050
0.684113
0.922476
0.014776
0.306809
0.229197
0.615625
0.750328
0.769191
0.087381
0.433429
0.640508
0.761552
0.220814
0.892259
0.259632
0.769974
0.428890
0.697784
0.153303
0.688598
0.777655
0.859129
0.353564
0.253755
0.459498
0.354295
0.817653
0.279117
0.874632
0.065775
0.720019
0.798003
0.055205
0.658659
0.481966
0.546315
0.790301
0.357137
0.065053
0.583242
0.134178
0.475323
0.881257
0.727336
0.075387
0.721997
0.816607
0.812194
0.464099
0.550575
0.649050
0.274509
0.741179
0.185904
0.713724
0.371288
0.798219
0.941886
0.031805
0.788335
0.666721
0.134264
0.868594
0.732889
0.274814
0.473479
0.506391
0.954503
0.185961
0.640152
0.269430
0.348746
0.279117
0.912397
0.011954
0.078497
0.335352
0.288426
0.965278
0.727684
0.750328
0.603225
0.518742
0.438931
0.862628
0.463027
0.157168
0.390836
0.404712
0.563880
0.410203
0.964857
0.227606
0.869056
0.108728
0.739801
0.303263
0.260365
0.994023
0.114474
0.642287
0.505274
0.151306
0.430331
0.560168
0.529958
0.019377
0.397885
0.861969
0.210182
0.703070
0.497598
0.613970
0.123748
0.566552
0.795951
0.581369
0.925982
0.876168
0.192570
0.793023
0.299503
0.916276
0.359532
0.408701
0.377257
0.139120
0.029909
0.609480
0.089214
0.394644
0.017364
0.994206
0.184115
0.090536
0.253539
0.546200
0.318897
0.024085
0.544247
0.214498
0.381942
0.851350
0.607000
0.701192
0.881523
0.937242
0.000256
0.770868
0.533603
0.750442
0.878947
0.036738
0.064672
0.344960
0.603225
0.361752
0.927879
0.642525
0.420300
0.953737
0.718506
0.878947
0.555076
0.027668
0.505051
0.674300
0.919627
0.718273
0.505498
0.866370
0.242099
0.954992
0.264645
0.462384
0.394155
0.622016
0.546775
0.110663
0.800158
0.110555
0.722229
0.742441
0.110808
0.840628
0.407901
0.645965
0.888243
0.086043
0.269129
0.862534
0.600278
0.552882
0.791609
0.944289
0.596157
0.400251
0.565855
0.091478
0.380695
0.080271
0.163423
0.566552
0.982183
0.437994
0.867206
0.480874
0.563068
0.529617
0.902613
0.425299
0.269581
0.471747
0.969894
0.473587
0.383768
0.785267
0.642525
0.809658
0.706588
0.016170
0.683641
0.097120
0.338445
0.353107
0.655694
0.624977
0.409402
0.344960
0.076160
0.843211
0.245516
0.952518
0.357596
0.147655
0.737501
0.553228
0.180797
0.107104
0.350468
0.986696
0.871994
0.756351
0.313399
0.897372
0.065753
0.981995
0.158589
0.005632
0.322485
0.875717
0.594863
0.047592
0.874360
0.971790
0.634103
0.115183
0.820362
0.025098
0.212864
0.347752
0.187878
0.823471
0.342183
0.431053
0.014725
0.882141
0.416851
0.816084
0.123470
0.697666
0.206181
0.050364
0.675128
0.920216
0.097313
0.892852
0.866741
0.811878
0.873088
0.189299
0.342719
0.908904
0.687772
0.521679
0.975286
0.041076
0.216524
0.463777
0.628650
0.546890
0.165451
0.023275
0.487115
0.881611
0.430331
0.052743
0.256572
0.112079
0.935608
0.026227
0.115670
0.895123
0.076160
0.061805
0.342183
0.153350
0.316013
0.433222
0.190613
0.271165
0.091631
0.557157
0.057771
0.320687
0.983104
0.829327
0.461849
0.126075
0.407003
0.767847
0.010708
0.225564
0.159972
0.442481
0.692488
0.897289
0.268828
0.233616
0.619530
0.877426
0.041788
0.094324
0.157363
0.373555
0.967657
0.245026
0.496712
0.581837
0.079004
0.697314
0.460245
0.610543
0.862816
0.088028
0.617755
0.489644
0.645847
0.737040
0.547810
0.438931
0.158688
0.575524
0.689423
0.248617
0.357965
0.564809
0.742441
0.707993
0.549998
0.299503
0.426426
0.480329
0.504605
0.744503
0.186974
0.088264
0.947408
0.421419
0.066253
0.912474
0.881788
0.382230
0.206425
0.663876
0.119129
0.895123
0.609598
0.923702
0.757371
0.068856
0.920656
0.149846
0.499929
0.252033
0.954667
0.826972
0.109013
0.145492
0.997086
0.406604
0.670511
0.979235
0.562371
0.045348
0.112921
0.978048
0.967702
0.313568
0.890217
0.521339
0.620003
0.139384
0.912705
0.415739
0.679387
0.317452
0.898612
0.778652
0.211052
0.497820
0.697314
0.067034
0.671104
0.546890
0.546200
0.359994
0.347571
0.579029
0.329223
0.970364
0.130259
0.302443
0.702131
0.177043
0.142905
0.892767
0.355027
0.441853
0.516487
0.078046
0.962801
0.616335
0.803055
0.773433
0.635407
0.369969
0.066734
0.892344
0.356861
0.206425
0.818279
0.278191
0.106369
0.056772
0.359809
0.507509
0.106999
0.977511
0.622489
0.357045
0.609598
0.596392
0.335087
0.245096
0.255558
0.994503
0.236055
0.304991
0.609952
0.064494
0.458538
0.724204
0.716291
0.128399
0.404016
0.286924
0.498264
0.647864
0.070893
0.515249
0.402032
0.349561
0.466570
0.241129
0.790410
0.215003
0.879660
0.478802
0.737616
0.618228
0.520887
0.416547
0.492730
0.524848
0.189071
0.666010
0.735197
0.106474
0.350105
0.196710
0.495051
0.628176
0.817130
0.419588
0.301216
0.909920
0.674655
0.890131
0.826356
0.924347
0.652254
0.375925
0.752946
0.109334
0.758955
0.372420
0.252965
0.916727
0.989020
0.957182
0.901233
0.294408
0.594628
0.844793
0.463241
0.736579
0.688952
0.826562
0.457472
0.050882
0.852512
0.430022
0.948289
0.357045
0.479892
0.957235
0.846270
0.386276
0.849501
0.563184
0.105397
0.905185
0.521113
0.129720
0.198836
0.346039
0.351923
0.987386
0.263089
0.612906
0.893274
0.047005
0.930437
0.651423
0.195127
0.212864
0.629361
0.744961
0.717224
0.479892
0.177097
0.496158
0.119785
0.210182
0.216333
0.325582
0.909373
0.963766
0.645728
0.956865
0.769527
0.817653
0.042909
0.049710
0.801017
0.258755
0.448151
0.317792
0.889960
0.022550
0.564112
0.076316
0.724553
0.971748
0.166833
0.474455
0.748390
0.231197
0.503713
0.904385
0.848818
0.507621
0.140801
0.926899
0.148119
0.997788
0.117521
0.247556
0.208821
0.093046
0.556579
0.630428
0.879660
0.783949
0.875446
0.348837
0.130551
0.636712
0.479892
0.779316
0.315506
0.862063
0.852609
0.766165
0.601810
0.903662
0.240646
0.002272
0.462706
0.606764
0.671696
0.682814
0.892005
0.744389
0.227276
0.354203
0.582540
0.644423
0.760198
0.717923
0.963670
0.794976
0.034469
0.688598
0.863192
0.942384
0.636712
0.338623
0.802519
0.727916
0.420808
0.951452
0.443214
0.300399
0.179048
0.874269
0.878590
0.971375
0.035432
0.721183
0.792479
0.469586
0.417053
0.498708
0.521113
0.134777
0.620477
0.629835
0.709866
0.475865
0.215319
0.071625
0.337117
0.908119
0.075618
0.357137
0.373555
0.495494
0.787131
0.344870
0.431466
0.086943
0.917475
0.154021
0.490084
0.903259
0.542869
0.732543
0.481857
0.132059
0.572024
0.636712
0.456621
0.557736
0.107209
0.454602
0.258755
0.048272
0.416952
0.392200
0.932139
0.651779
0.512439
0.352105
0.247556
0.005097
0.904545
0.502821
0.938662
0.645135
0.830245
0.230529
0.366874
0.507844
0.383191
0.076005
0.245587
0.310968
0.613142
0.452905
0.862816
0.420096
0.459178
0.078470
0.923054
0.945500
0.050346
0.769527
0.844299
0.851253
0.288742
0.535201
0.471314
0.412111
0.182394
0.591924
0.562139
0.262720
0.682459
0.266805
0.248263
0.533033
0.259705
0.443214
0.169572
0.705416
0.459925
0.840329
0.706705
0.188729
0.183669
0.297879
0.917326
0.293926
0.870620
0.736464
0.802198
0.845187
0.898777
0.942879
0.380025
0.877247
0.123669
0.898694
0.490415
0.481202
0.456621
0.368091
0.372420
0.762228
0.320602
0.370063
0.505609
0.732081
0.941574
0.115070
0.286451
0.950257
0.673471
0.212488
0.864410
0.696137
0.595804
0.811244
0.831670
0.226946
0.720136
0.876618
0.362866
0.232875
0.207651
0.986618
0.555654
0.518403
0.687890
0.213931
0.369029
0.776102
0.114660
0.988974
0.377162
0.499596
0.843706
0.612197
0.783509
0.907567
0.296423
0.719554
0.811033
0.478040
0.574940
0.823161
0.934949
0.872815
0.864223
0.637424
0.805939
0.565390
0.862345
0.418168
0.553343
0.572490
0.280898
0.515474
0.822540
0.265091
0.959463
0.580901
0.405707
0.133285
0.865811
0.814510
0.974125
0.286845
0.005793
0.609834
0.470234
0.612552
0.511878
0.481202
0.193033
0.837929
0.538973
0.390544
0.973333
0.645135
0.480438
0.951282
0.877964
0.853961
0.528253
0.837127
0.106649
0.766614
0.350015
0.418878
0.120211
0.316267
0.716757
0.692252
0.605584
0.396901
0.521000
0.701192
0.188673
0.339510
0.419588
0.913471
0.451529
0.784718
0.778763
0.720136
0.402527
0.187765
0.978716
0.686710
0.202722
0.500485
0.945500
0.498486
0.485359
0.999987
0.558662
0.021139
0.257661
0.891410
0.085754
0.225171
0.658778
0.519532
0.510756
0.891920
0.947231
0.436539
0.636831
0.392005
0.950314
0.878411
0.957602
0.762003
0.807323
0.628887
0.813038
0.776546
0.296665
0.985550
0.643237
0.514461
0.935937
0.945259
0.917027
0.760875
0.521792
0.430537
0.193033
0.340756
0.240577
0.838130
0.028663
0.126075
0.620713
0.434360
0.515249
0.946101
0.949163
0.652016
0.607590
0.711036
0.042863
0.051677
0.844497
0.475105
0.521905
0.187708
0.696373
0.801339
0.898282
0.315506
0.089155
0.186129
0.090024
0.106754
0.285900
0.389571
0.247556
0.687536
0.985135
0.773322
0.505274
0.703422
0.950828
0.441958
0.075079
0.749531
0.939046
0.449627
0.789865
0.203749
0.485908
0.548271
0.277420
0.633273
0.028568
0.998886
0.727684
0.585586
0.251247
0.430434
0.406504
0.800158
0.514686
0.555192
0.036054
0.065549
0.404016
0.916577
0.436227
0.356494
0.910542
0.399166
0.625095
0.155903
0.862628
0.044452
0.039970
0.918962
0.560168
0.430537
0.338268
0.480874
0.091021
0.591806
0.203688
0.695902
0.738996
0.444052
0.609598
0.241891
0.170041
0.141872
0.656050
0.103578
0.722927
0.453011
0.167141
0.075054
0.566669
0.092336
0.181456
0.964527
0.367716
0.838130
0.231532
0.814090
0.712789
0.330617
0.548156
0.244816
0.601457
0.602989
0.192802
0.411006
0.152873
0.271014
0.406604
0.139781
0.354203
0.755558
0.542181
0.569810
0.473371
0.626517
0.653915
0.015608
0.398082
0.237760
0.368091
0.564112
0.382038
0.340400
0.988245
0.722345
0.991518
0.989870
0.381654
0.856554
0.500374
0.163423
0.908355
0.755104
0.174469
0.078737
0.053227
0.906141
0.535657
0.093108
0.709632
0.882669
0.512214
0.809128
0.039827
0.204476
0.338268
0.266059
0.302935
0.347752
0.287872
0.634103
0.345859
0.335352
0.823161
0.542869
0.784608
0.316351
0.008173
0.991064
0.666721
0.411608
0.267404
0.424992
0.495936
0.703305
0.575757
0.658422
0.715008
0.093419
0.754764
0.220943
0.809975
0.235375
0.526096
0.013084
0.523942
0.934816
0.245797
0.929337
0.274661
0.993168
0.405707
0.583828
0.987930
0.155273
0.836423
0.793674
0.524282
0.972242
0.570393
0.924132
0.001683
0.513113
0.576341
0.380887
0.609480
0.954121
0.420706
0.851641
0.355576
0.994704
0.993401
0.262794
0.017991
0.079111
0.517952
0.624266
0.346669
0.618346
0.643592
0.782848
0.442272
0.659371
0.828100
0.719321
0.303345
0.244886
0.608299
0.204476
0.832888
0.260511
0.961773
0.538286
0.977511
0.544132
0.803697
0.507061
0.236191
0.951734
0.595216
0.053377
0.046640
0.391031
0.656050
0.631850
0.266656
0.095936
0.244956
0.163877
0.624503
0.022059
0.161915
0.611015
0.727220
0.639203
0.069880
0.281131
0.892767
0.773322
0.970407
0.358609
0.979303
0.664587
0.991844
0.944533
0.468723
0.070578
0.377067
0.275502
0.088264
0.642999
0.826870
0.567599
0.514236
0.137543
0.482185
0.491737
0.273289
0.481311
0.380695
0.671814
0.612197
0.912166
0.551612
0.315590
0.709281
0.486017
0.855692
0.016599
0.176612
0.181787
0.896292
0.706705
0.250178
0.205388
0.518967
0.834508
0.270485
0.874360
0.950600
0.578678
0.192281
0.536914
0.832888
0.498930
0.286136
0.740605
0.251747
0.517276
0.785267
0.519758
0.218372
0.659608
0.905584
0.460780
0.739456
0.625569
0.000807
0.266880
0.571325
0.729768
0.904625
0.689541
0.394546
0.700252
0.059508
0.697666
0.910698
0.169728
0.419182
0.414729
0.380887
0.950085
0.239612
0.402032
0.875356
0.320175
0.438202
0.346489
0.011199
0.385986
0.587580
0.704009
0.052152
0.804659
0.639677
0.301624
0.539545
0.905425
0.553343
0.847056
0.658778
0.156875
0.230195
0.124747
0.717107
0.554729
0.538401
0.655219
0.488543
0.804552
0.702483
0.560284
0.501708
0.197004
0.473587
0.415638
0.915900
0.472613
0.729189
0.160419
0.064160
0.883723
0.810610
0.106369
0.375545
0.536914
0.359994
0.564345
0.068432
0.974787
0.828509
0.355393
0.881523
0.463563
0.201280
0.599100
0.079192
0.030607
0.457046
0.741064
0.012514
0.769191
0.314409
0.979474
0.868502
0.023616
0.049992
0.258171
0.196240
0.895959
0.062192
0.975400
0.803483
0.046047
0.464528
0.422234
0.864036
0.217160
0.405707
0.367155
0.488324
0.569228
0.897621
0.960577
0.777101
0.784388
0.488763
0.688716
0.961078
0.498708
0.055050
0.221589
0.176235
0.518855
0.254403
0.374502
0.939493
0.118553
0.696137
0.447308
0.673708
0.688598
0.291605
0.347571
0.401141
0.319237
0.333154
0.758390
0.340133
0.095111
0.603343
0.344063
0.414628
0.031332
0.696961
0.741753
0.556579
0.588636
0.029986
0.200145
0.359994
0.693665
0.431775
0.911085
0.821504
0.763242
0.239268
0.338002
0.888071
0.359255
0.738766
0.123748
0.249184
0.373744
0.150928
0.827895
0.362494
0.292004
0.562139
0.806684
0.305569
0.682578
0.551497
0.247980
0.829225
0.639677
0.927809
0.868410
0.689659
0.439244
0.586758
0.469694
0.569694
0.749417
0.616453
0.516375
0.336410
0.060091
0.605466
0.200801
0.798111
0.200981
0.659252
0.577977
0.436746
0.077518
0.025359
0.157266
0.362773
0.256717
0.298609
0.964621
0.228268
0.501152
0.693665
0.779537
0.737731
0.170772
0.162115
0.047643
0.107069
0.601221
0.966708
0.666721
0.151211
0.392981
0.954012
0.073811
0.265686
0.030686
0.147609
0.322656
0.244396
0.200145
0.595098
0.022458
0.621305
0.250178
0.719670
0.745762
0.770421
0.885123
0.201220
0.886601
0.577626
0.356218
0.034282
0.824297
0.294489
0.397786
0.177962
0.598982
0.974864
0.673235
0.520209
0.969980
0.631376
0.005144
0.617400
0.694136
0.403817
0.785926
0.669682
0.510980
0.972078
0.782958
0.745533
0.839830
0.526777
0.162065
0.585820
0.820154
0.906856
0.507397
0.031504
0.810187
0.690720
0.188786
0.726757
0.337117
0.890046
0.573074
0.928158
0.674063
0.894368
0.896459
0.014731
0.508963
0.579848
0.505944
0.982861
0.708930
0.135034
0.115745
0.039033
0.991825
0.969851
0.240370
0.725249
0.179647
0.282454
0.971665
0.877695
0.129264
0.122283
0.964857
0.416143
0.310217
0.595098
0.639203
0.564809
0.789428
0.643592
0.834508
0.273365
0.505498
0.395527
0.571791
0.931189
0.431259
0.696020
0.816607
0.155080
0.915220
0.590984
0.670156
0.840229
0.541149
0.716174
0.320090
0.267928
0.935543
0.246429
0.545625
0.679032
0.452693
0.000910
0.482076
0.386470
0.385021
0.367342
0.811667
0.010490
0.446677
0.783068
0.960978
0.078710
0.061655
0.213868
0.225630
0.300481
0.685648
0.884511
0.234697
0.882933
0.431775
0.316944
0.273746
0.595451
0.473696
0.618346
0.348204
0.947231
0.246711
0.978576
0.755558
0.369499
0.278268
0.121107
0.006643
0.010597
0.492951
0.123113
0.760424
0.283469
0.185400
0.013044
0.374123
0.293044
0.931597
0.684231
0.310217
0.057892
0.382518
0.429610
0.585234
0.616217
0.267329
0.101184
0.194660
0.296746
0.762116
0.829735
0.118055
0.830857
0.126359
0.103612
0.732774
0.610188
0.848525
0.336057
0.814300
0.807642
0.517614
0.185848
0.863286
0.122875
0.515249
0.450577
0.904705
0.038130
0.526096
0.977691
0.693430
0.032770
0.420401
0.449627
0.030440
0.790192
0.934352
0.771873
0.390252
0.318556
0.564112
0.073735
0.736464
0.212238
0.979508
0.642881
0.153781
0.516149
0.195829
0.943310
0.721764
0.896542
0.962509
0.935081
0.393079
0.205510
0.172138
0.262941
0.129430
0.450472
0.825945
0.112518
0.016954
0.167038
0.496822
0.441853
0.010791
0.387825
0.762228
0.465602
0.177151
0.080163
0.605584
0.057892
0.535429
0.745991
0.508180
0.233549
0.026218
0.835416
0.145446
0.423765
0.873452
0.738421
0.250392
0.128235
0.676312
0.834811
0.017608
0.756578
0.228599
0.838831
0.305651
0.687064
0.124107
0.524395
0.208143
0.912320
0.065368
0.400548
0.555538
0.096959
0.832888
0.193265
0.727220
0.970151
0.543558
0.491517
0.400054
0.520209
0.115595
0.269731
0.132861
0.376020
0.271090
0.082554
0.818592
0.916050
0.398082
0.861119
0.142141
0.261319
0.410604
0.090536
0.855116
0.832178
0.580667
0.367997
0.829531
0.307306
0.738651
0.964432
0.449838
0.825945
0.769862
0.673945
0.918518
0.850280
0.929819
0.871262
0.498819
0.315421
0.495604
0.615152
0.522018
0.789100
0.605584
0.049657
0.991557
0.055147
0.152349
0.070024
0.299992
0.846172
0.873725
0.949336
0.108161
0.464206
0.136760
0.177097
0.576809
0.196298
0.994873
0.675602
0.275655
0.697549
0.803269
0.964195
0.063740
0.101317
0.232942
0.909061
0.620122
0.099166
0.677021
0.930026
0.294328
0.791827
0.869332
0.815979
0.106894
0.273061
0.073685
0.164739
0.065098
0.367904
0.240025
0.141024
0.184003
0.511317
0.211364
0.718738
0.476626
0.799512
0.660912
0.287003
0.530869
0.843607
0.027557
0.725365
0.639440
0.581252
0.838330
0.085037
0.956759
0.615034
0.487335
0.745762
0.004469
0.296100
0.280510
0.859129
0.772430
0.748047
0.300073
0.396017
0.122875
0.482622
0.334911
0.085037
0.952071
0.049657
0.950885
0.719670
0.556810
0.408101
0.405508
0.731965
0.161765
0.630072
0.619175
0.945078
0.638610
0.055670
0.789319
0.740375
0.601457
0.546660
0.279194
0.624266
0.128934
0.162567
0.256209
0.478040
0.861214
0.213868
0.692841
0.955586
0.253036
0.802198
0.153494
0.176289
0.664587
0.598040
0.387244
0.725249
0.915975
0.832280
0.204780
0.263681
0.438202
0.136024
0.690366
0.088560
0.755218
0.246289
0.172666
0.764592
0.077993
0.064762
0.561559
0.291605
0.561907
0.784938
0.064049
0.164536
0.484702
0.156340
0.456514
0.077993
0.414628
0.995676
0.638966
0.115183
0.211239
0.500040
0.650949
0.101685
0.827793
0.439244
0.584179
0.185176
0.015757
0.337029
0.952071
0.797680
0.090657
0.432395
0.984486
0.427041
0.617281
0.927670
0.680214
0.516487
0.016630
0.522244
0.744274
0.497820
0.847154
0.239199
0.748960
0.733004
0.582774
0.050062
0.684349
0.991323
0.969246
0.554960
0.151779
0.063850
0.270485
0.942508
0.864130
0.145218
0.672051
0.469371
0.634577
0.645491
0.759746
0.288584
0.031620
0.628768
0.857033
0.220685
0.841723
0.154887
0.526209
0.366219
0.170877
0.771761
0.829225
0.579497
0.756125
0.828816
0.794325
0.530300
0.968325
0.480547
0.306643
0.175859
0.974864
0.041164
0.878590
0.986064
0.911549
0.972078
0.685648
0.891155
0.948640
0.523149
0.616690
0.505944
0.681869
0.329049
0.391031
0.896542
0.646440
0.515812
0.101418
0.797680
0.635052
0.849013
0.385986
0.182560
0.257080
0.782518
0.508963
0.459178
0.741982
0.218628
0.551958
0.202120
0.277267
0.313231
0.726641
0.324634
0.563416
0.310718
0.271998
0.100950
0.621424
0.479783
0.210866
0.105224
0.623081
0.013496
0.577393
0.031298
0.210679
0.164942
0.536800
0.832990
0.534858
0.763467
0.154839
0.640389
0.838230
0.731849
0.133073
0.814510
0.369875
0.818384
0.221524
0.093077
0.950942
0.537829
0.933217
0.095936
0.895290
0.781305
0.205388
0.966205
0.041238
0.545395
0.168637
0.706822
0.183225
0.850572
0.031378
0.241960
0.987461
0.673945
0.149986
0.672643
0.897123
0.909686
0.631139
0.581837
0.396606
0.657236
0.105466
0.439765
0.101418
0.544247
0.488653
0.728379
0.430950
0.403718
0.171875
0.319663
0.000865
0.103612
0.183614
0.469910
0.804231
0.565971
0.729421
0.185232
0.242030
0.808173
0.255992
0.834407
0.811772
0.822437
0.324634
0.478258
0.719786
0.268603
0.041490
0.793783
0.574824
0.087763
0.339155
0.852416
0.604758
0.897206
0.487444
0.461528
0.758390
0.561791
0.256499
0.633154
0.179538
0.559357
0.891750
0.377733
0.602517
0.910465
0.327572
0.075772
0.260658
0.175217
0.130384
0.845680
0.188843
0.149658
0.601103
0.504605
0.840429
0.185456
0.708462
0.317707
0.364820
0.124427
0.167089
0.549307
0.063300
0.769303
0.050756
0.371288
0.691427
0.940444
0.077176
0.654982
0.494277
0.574824
0.059363
0.544247
0.273213
0.577276
0.490415
0.570742
0.871170
0.420808
0.293926
0.097507
0.614443
0.363330
0.126805
0.548962
0.962068
0.543672
0.352743
0.822023
0.146501
0.316690
0.065504
0.929613
0.965185
0.320175
0.778984
0.384925
0.369687
0.047795
0.877426
0.803162
0.821815
0.057933
0.184896
0.910154
0.065775
0.676903
0.028906
0.309050
0.047005
0.101117
0.112518
0.509075
0.071919
0.205023
0.967297
0.112775
0.353381
0.909139
0.497931
0.555423
0.613024
0.029539
0.657829
0.870069
0.000663
0.307720
0.504828
0.521000
0.588401
0.550805
0.309883
0.906062
0.100717
0.564345
0.052134
0.197475
0.434568
0.614325
0.407502
0.483060
0.254475
0.532007
0.398180
0.175806
0.059363
0.217669
0.044121
0.571558
0.009817
0.104707
0.476409
0.643711
0.077597
0.721415
0.679268
0.089006
0.034195
0.551958
0.603225
0.379643
0.449310
0.383768
0.050506
0.581486
0.007806
0.309217
0.987209
0.506726
0.984543
0.767175
0.343525
0.450260
0.980711
0.748390
0.530869
0.092244
0.829429
0.331403
0.748732
0.250107
0.867484
0.013316
0.842815
0.362216
0.476952
0.362958
0.108800
0.750670
0.964763
0.757824
0.510420
0.294569
0.361752
0.456940
0.702014
0.484921
0.024157
0.817339
0.604758
0.790955
0.412513
0.328614
0.121890
0.334735
0.599100
0.377829
0.231465
0.743816
0.809552
0.785597
0.731387
0.812616
0.147748
0.989562
0.127702
0.941574
0.535886
0.816607
0.575641
0.217669
0.905823
0.383287
0.046955
0.986800
0.595098
0.456302
0.172138
0.275426
0.246640
0.393666
0.608771
0.161915
0.900989
0.394840
0.468077
0.779427
0.565506
0.609125
0.837829
0.777323
0.232808
0.460245
0.072884
0.333417
0.495272
0.748504
0.732889
0.411709
0.167604
0.962801
0.460780
0.863004
0.289456
0.456195
0.863755
0.772542
0.152587
0.376020
0.422438
0.913088
0.486346
0.241406
0.813985
0.275349
0.328962
0.296100
0.034859
0.981069
0.336587
0.238993
0.008023
0.161365
0.897040
0.610661
0.953462
0.722927
0.023704
0.669209
0.734851
0.240163
0.057610
0.395134
0.940696
0.978331
0.736119
0.609952
0.388212
0.989338
0.859699
0.699195
0.353929
0.065120
0.575641
0.975095
0.714074
0.803162
0.707408
0.943249
0.394840
0.707291
0.852125
0.811667
0.818801
0.118055
0.125914
0.047323
0.529503
0.223667
0.081612
0.809022
0.972811
0.713490
0.100684
0.041833
0.754877
0.725829
0.470018
0.390836
0.371288
0.416547
0.844694
0.906697
0.709164
0.940128
0.867113
0.056791
0.213365
0.806897
0.268753
0.822851
0.016102
0.015338
0.459605
0.965651
0.764030
0.427965
0.867391
0.723740
0.211925
0.896625
0.782077
0.570276
0.703187
0.079004
0.747933
0.702601
0.211551
0.958539
0.329745
0.067660
0.660912
0.491958
0.143220
0.842120
0.852803
0.020770
0.214624
0.080707
0.288267
0.903903
0.605230
0.488214
0.977367
0.876708
0.772542
0.133710
0.754082
0.975095
0.153925
0.038047
0.274356
0.078152
0.637424
0.425913
0.087381
0.816712
0.146088
0.296988
0.916050
0.865904
0.007400
0.163928
0.965138
0.457898
0.624621
0.839630
0.095999
0.962947
0.448151
0.903017
0.894788
0.928158
0.809764
0.942570
0.535315
0.973133
0.757484
0.592276
0.260291
0.266432
0.807642
0.438827
0.311052
0.990573
0.510532
0.560516
0.908590
0.032878
0.739571
0.042726
0.515924
0.973253
0.872085
0.765491
0.980148
0.917475
0.952797
0.549307
0.013316
0.251890
0.859794
0.875356
0.025181
0.229330
0.965604
0.606410
0.699900
0.527685
0.859129
0.322656
0.585234
0.027945
0.203507
0.959769
0.459178
0.232001
0.026276
0.244746
0.473262
0.821608
0.754082
0.822540
0.288663
0.897372
0.278113
0.823471
0.655219
0.037489
0.400647
0.584648
0.641338
0.000135
0.623200
0.800910
0.477061
0.987857
0.330704
0.389669
0.241337
0.747020
0.724320
0.347481
0.156486
0.313315
0.443319
0.338534
0.853961
0.976526
0.505721
0.201760
0.544821
0.774769
0.790846
0.290251
0.416547
0.334120
0.599218
0.727916
0.190728
0.366967
0.178939
0.107667
0.034419
0.986303
0.279271
0.553112
0.733466
0.146134
0.485688
0.529503
0.898199
0.090688
0.840628
0.802626
0.948055
0.617873
0.523263
0.155709
0.137499
0.906221
0.749074
0.640033
0.805619
0.144443
0.014092
0.373082
0.159576
0.006709
0.753514
0.411207
0.440495
0.359532
0.670985
0.054800
0.860078
0.822540
0.232404
0.590514
0.375640
0.126359
0.092398
0.966205
0.110303
0.255124
0.066322
0.249894
0.738076
0.418878
0.634103
0.932814
0.829633
0.420808
0.782628
0.355851
0.426733
0.477714
0.724901
0.741523
0.619056
0.871536
0.970023
0.795626
0.458431
0.339333
0.351286
0.063235
0.332277
0.749074
0.144716
0.076316
0.468292
0.977076
0.607236
0.932207
0.483169
0.362401
0.200801
0.091173
0.163675
0.892090
0.296988
0.808067
0.808810
0.097798
0.314072
0.280123
0.485250
0.217797
0.746677
0.145264
0.776768
0.325410
0.496379
0.315590
0.321970
0.185120
0.104364
0.610779
0.178721
0.613734
0.876618
0.037112
0.347030
0.236259
0.987561
0.862251
0.951734
0.721648
0.860078
0.934750
0.971500
0.318556
0.768408
0.107737
0.047055
0.720252
0.867298
0.254043
0.576341
0.396508
0.098937
0.777988
0.872997
0.993976
0.736695
0.492289
0.532235
0.181291
0.857701
0.696490
0.784059
0.059198
0.975703
0.055127
0.451317
0.792262
0.951338
0.435501
0.915674
0.546085
0.917550
0.024157
0.639322
0.908512
0.710685
0.998389
0.031689
0.131849
0.805832
0.014348
0.646915
0.845975
0.934152
0.155757
0.905584
0.028621
0.446257
0.681514
0.816293
0.219654
0.177799
0.389183
0.874813
0.878858
0.181236
0.928158
0.536457
0.424889
0.307389
0.613142
0.382134
0.083252
0.270033
0.114735
0.682814
0.634577
0.247698
0.981167
0.630072
0.338091
0.253108
0.811561
0.677140
0.934750
0.493282
0.410504
0.152254
0.938469
0.481857
0.262277
0.046441
0.866834
0.538058
0.488214
0.483497
0.725713
0.321457
0.532235
0.174683
0.514012
0.904545
0.518291
0.183059
0.029528
0.094481
0.658896
0.176397
0.568064
0.560980
0.293766
0.641220
0.344511
0.222691
0.087645
0.786584
0.920069
0.266880
0.131345
0.475323
0.203145
0.884249
0.058034
0.887985
0.498042
0.533603
0.833699
0.215762
0.373649
0.815140
0.076394
0.172454
0.901965
0.261172
0.669445
0.695078
0.098806
0.592512
0.835819
0.435397
0.625806
0.267853
0.496379
0.069688
0.763467
0.376020
0.679032
0.429301
0.372514
0.381654
0.195478
0.991654
0.799942
0.638610
0.642169
0.462384
0.764592
0.677140
0.374881
0.902775
0.238650
0.306478
0.773879
0.976636
0.972201
0.255702
0.806578
0.099824
0.488543
0.635882
0.837929
0.682814
0.581720
0.142365
0.660201
0.277497
0.035949
0.420198
0.005802
0.718273
0.185120
0.240301
0.741867
0.433843
0.116914
0.648813
0.003745
0.697784
0.610425
0.958072
0.964857
0.675483
0.505944
0.030074
0.874360
0.722113
0.822126
0.694961
0.151637
0.010119
0.463348
0.017601
0.496933
0.616808
0.852996
0.678795
0.741408
0.199073
0.927600
0.109620
0.079031
0.907330
0.812089
0.579614
0.951395
0.134606
0.768072
0.726525
0.870620
0.240646
0.701427
0.621779
0.098545
0.579614
0.710568
0.493172
0.334471
0.077124
0.055321
0.736119
0.553112
0.010194
0.374881
0.087675
0.015727
0.310551
0.426426
0.272453
0.387728
0.534174
0.332365
0.918072
0.189869
0.960778
0.320260
0.550114
0.086914
0.677140
0.112775
0.350377
0.744045
0.975018
0.690602
0.640864
0.330617
0.524055
0.121380
0.377733
0.633984
0.296988
0.031654
0.681396
0.411910
0.702483
0.480001
0.062516
0.820674
0.455983
0.842715
0.857510
0.213931
0.863567
0.661149
0.391031
0.150456
0.703891
0.392591
0.899681
0.151684
0.569345
0.140935
0.901071
0.467108
0.686592
0.555538
0.055147
0.235987
0.801983
0.287951
0.640982
0.647389
0.096510
0.335792
0.199014
0.356585
0.164739
0.864317
0.356585
0.638610
0.297555
0.558546
0.576925
0.315252
0.901559
0.003707
0.010194
0.402825
0.967297
0.357137
0.741179
0.279271
0.729537
0.551612
0.043094
0.293605
0.577743
0.008622
0.257225
0.737961
0.531894
0.820050
0.061292
0.316605
0.998733
0.529390
0.733120
0.578678
0.139781
0.337205
0.996801
0.213052
0.975817
0.643237
0.043760
0.236531
0.082470
0.630783
0.958435
0.921678
0.989892
0.782518
0.643237
0.717107
0.116611
0.642643
0.692370
0.418979
0.156000
0.517839
0.555538
0.890473
0.958124
0.898694
0.223928
0.255196
0.851931
0.717690
0.566087
0.710334
0.121576
0.389377
0.828202
0.894368
0.322056
0.101585
0.968984
0.364820
0.689541
0.023397
0.956121
0.235375
0.196768
0.770645
0.659964
0.468723
0.035087
0.681041
0.981679
0.089873
0.148491
0.402825
0.666365
0.477605
0.727568
0.787131
0.959412
0.252391
0.535772
0.343883
0.635052
0.403718
0.156146
0.796924
0.179320
0.337736
0.805832
0.996841
0.667432
0.047172
0.929819
0.094356
0.173142
0.180687
0.135206
0.937437
0.368654
0.169260
0.938662
0.985822
0.689423
0.666365
0.665061
0.191878
0.178776
0.271241
0.017628
0.381558
0.373271
0.615389
0.751923
0.609243
0.790519
0.158098
0.814405
0.806045
0.049465
0.009513
0.577626
0.530983
0.273898
0.706471
0.332715
0.101050
0.081419
0.105017
0.836825
0.316774
0.832787
0.526436
0.036158
0.273365
0.531894
0.300073
0.753969
0.295858
0.575524
0.566087
0.080707
0.717573
0.110087
0.838430
0.076160
0.478584
0.148491
0.515249
0.126156
0.034821
0.062365
0.292804
0.316859
0.927530
0.094544
0.572141
0.146593
0.484154
0.667550
0.152920
0.318642
0.874179
0.029431
0.163675
0.380791
0.547120
0.224909
0.012271
0.039613
0.417458
0.117293
0.264794
0.314746
0.588988
0.702953
0.759633
0.215446
0.315675
0.903179
0.679387
0.481748
0.378401
0.391518
0.425503
0.184003
0.012361
0.593805
0.420096
0.441435
0.332102
0.339333
0.723856
0.946875
0.721415
0.248051
0.860268
0.574707
0.579263
0.503713
0.287240
0.826870
0.815350
0.838631
0.897869
0.941886
0.250249
0.038907
0.824297
0.294891
0.126480
0.471747
0.615625
0.090688
0.501597
0.751809
0.651898
0.466140
0.362680
0.867484
0.982152
0.153494
0.515249
0.874088
0.271771
0.783619
0.024765
0.575641
0.148817
0.275885
0.358978
0.523942
0.331315
0.248263
0.818071
0.415032
0.918592
0.642287
0.017344
0.916427
0.207283
0.601574
0.714074
0.416143
0.299097
0.868964
0.791173
0.898034
0.623555
0.520435
0.821504
0.767735
0.494940
0.404612
0.250890
0.219847
0.080925
0.085266
0.128563
0.802090
0.349743
0.272605
0.708930
0.016281
0.809764
0.324634
0.771203
0.520661
0.869609
0.383287
0.184003
0.698137
0.757258
0.130760
0.230062
0.012125
0.192859
0.069402
0.642999
0.019356
0.823471
0.270712
0.773656
0.898694
0.251247
0.525075
0.431775
0.209748
0.275579
0.733120
0.207651
0.108978
0.316097
0.847350
0.019363
0.153494
0.676430
0.548156
0.586407
0.361289
0.955100
0.949221
0.333680
0.303428
0.196533
0.684703
0.964195
0.989495
0.936657
0.960878
0.309133
0.652135
0.553343
0.310384
0.485359
0.114325
0.537143
0.558778
0.601339
0.967207
0.399955
0.528708
0.014146
0.655219
0.917027
0.798650
0.263977
0.321286
0.494387
0.888415
0.322056
0.716408
0.570509
0.876258
0.278885
0.466247
0.317368
0.119708
0.289218
0.923558
0.066872
0.889275
0.164841
0.374502
0.768743
0.938918
0.212363
0.507509
0.613970
0.841723
0.357781
0.917401
0.015291
0.861025
0.513562
0.298203
0.844891
0.155951
0.744503
0.121615
0.715708
0.891325
0.684822
0.707408
0.209192
0.763130
0.963766
0.716991
0.481202
0.910542
0.676430
0.462277
0.736579
0.553805
0.359255
0.633391
0.536686
0.822126
0.680096
0.693077
0.837428
0.685412
0.072834
0.229995
0.453011
0.771091
0.727568
0.814300
0.878769
0.236259
0.434568
0.851350
0.252534
0.410404
0.338091
0.382326
0.557852
0.501597
0.315928
0.655813
0.445731
0.232001
0.890131
0.339955
0.039513
0.261393
0.737616
0.526096
0.001370
0.628294
0.710451
0.784828
0.529958
0.994845
0.839331
0.119901
0.814720
0.256717
0.797464
0.028286
0.823471
0.953902
0.936068
0.873725
0.649288
0.014714
0.691899
0.407901
0.621542
0.843607
0.764817
0.681278
0.175538
0.434671
0.120328
0.696726
0.967071
0.918146
0.183558
0.614798
0.770756
0.177908
0.851835
0.910542
0.218564
0.071282
0.554267
0.053452
0.436331
0.586758
0.267478
0.969028
0.778873
0.177908
0.939874
0.978924
0.192166
0.621187
0.573190
0.843805
0.673945
0.106439
0.138900
0.408701
0.838430
0.224385
0.821815
0.133795
0.071944
0.798758
0.569345
0.202662
0.651067
0.507956
0.441749
0.399363
0.547465
0.612906
0.401438
0.890131
0.464099
0.325582
0.258244
0.332453
0.176612
0.524282
0.470558
0.839930
0.891410
0.894032
0.665299
0.945320
0.758955
0.929819
0.516262
0.453435
0.470126
0.517276
0.001763
0.152777
0.707057
0.370911
0.395134
0.961970
0.406704
0.540691
0.081364
0.304661
0.579965
0.575174
0.607354
0.929819
0.366967
0.450894
0.964810
0.878858
0.799081
0.372798
0.218564
0.604522
0.242377
0.234224
0.779095
0.309633
0.861969
0.268153
0.330791
0.669090
0.534972
0.108586
0.472613
0.897123
0.866090
0.897040
0.242168
0.727220
0.036067
0.618110
0.279117
0.280123
0.168949
0.572257
0.073811
0.916276
0.138505
0.437578
0.204840
0.556810
0.916652
0.826459
0.861214
0.037354
0.028589
0.506168
0.194369
0.272757
0.304744
0.296584
0.260438
0.053433
0.129844
0.962995
0.000369
0.111025
0.964479
0.664587
0.970576
0.275502
0.372514
0.890814
0.028673
0.182782
0.899927
0.921896
0.240301
0.703657
0.078311
0.044818
0.736579
0.482950
0.373838
0.970576
0.845680
0.653321
0.627939
0.157266
0.995147
0.066895
0.624740
0.850378
0.442795
0.372798
0.873088
0.885471
0.631020
0.925770
0.018466
0.826972
0.214057
0.368185
0.290410
0.724785
0.951734
0.820882
0.380408
0.352378
0.953351
0.867206
0.163372
0.272757
0.716408
0.671104
0.827178
0.394057
0.931461
0.891240
0.991283
0.471855
0.859224
0.642169
0.582891
0.842715
0.652254
0.500707
0.873997
0.103543
0.851835
0.014109
0.934684
0.549768
0.427554
0.163574
0.335616
0.536571
0.088057
0.229596
0.611133
0.664587
0.462920
0.977475
0.531210
0.510980
0.636475
0.238239
0.100055
0.936003
0.409502
0.847840
0.080816
0.800588
0.182560
0.640982
0.117331
0.722345
0.208759
0.896708
0.447098
0.908982
0.453117
0.998037
0.071380
0.191302
0.632917
0.240922
0.737040
0.846859
0.869701
0.685294
0.614798
0.584062
0.960577
0.378401
0.779537
0.808385
0.138373
0.147563
0.057030
0.440391
0.489864
0.528480
0.189299
0.156146
0.579497
0.208636
0.763355
0.915674
0.951508
0.082498
0.988765
0.152587
0.878858
0.603343
0.423663
0.471423
0.817444
0.323515
0.868317
0.637305
0.459284
0.046047
0.036991
0.773990
0.279890
0.971458
0.460245
0.411207
0.247133
0.948931
0.801232
0.691309
0.995626
0.913011
0.090960
0.284565
0.238582
0.619766
0.543099
0.900090
0.160817
0.408501
0.659252
0.129637
0.384346
0.284408
0.564809
0.673353
0.840927
0.680569
0.922838
0.178395
0.716641
0.169052
0.401339
0.902046
0.716874
0.613497
0.367061
0.981167
0.583594
0.846859
0.399659
0.004465
0.672998
0.595569
0.733697
0.508739
0.597334
0.060216
0.689777
0.760537
0.811456
0.656524
0.068080
0.937696
0.619411
0.871353
0.968059
0.365099
0.896209
0.369781
0.495051
0.973173
0.390349
0.531552
0.534630
0.602164
0.006943
0.955693
0.682696
0.255341
0.967297
0.414124
0.740145
0.791935
0.028684
0.527117
0.708813
0.761439
0.600749
0.413016
0.252821
0.922259
0.028779
0.084239
0.534630
0.200503
0.540347
0.527231
0.436643
0.569461
0.950771
0.724320
0.447308
0.997361
0.584179
0.041267
0.102324
0.901315
0.024050
0.070844
0.561327
0.707525
0.055846
0.557157
0.428581
0.377638
0.195595
0.291685
0.098252
0.296827
0.718855
0.255630
0.470450
0.554383
0.399659
0.970830
0.134820
0.330878
0.639440
0.586172
0.079892
0.852803
0.815874
0.350196
0.350287
0.024076
0.835012
0.902936
0.378783
0.311136
0.145721
0.928714
0.992632
0.531210
0.167501
0.048392
0.979337
0.782407
0.144762
0.167089
0.059778
0.289853
0.279658
0.978260
0.329397
0.293766
0.086681
0.378974
0.527912
0.514349
0.871353
0.496158
0.569694
0.199073
0.045965
0.445731
0.892936
0.203991
0.566320
0.813880
0.013710
0.960427
0.699195
0.677968
0.993117
0.578912
0.284330
0.109620
0.653915
0.376971
0.370346
0.399067
0.956971
0.376971
0.812827
0.842815
0.239406
0.077412
0.653559
0.493614
0.685648
0.831569
0.219269
0.307472
0.492841
0.295535
0.560168
0.554383
0.999136
0.032770
0.826767
0.386083
0.997244
0.487444
0.248192
0.144443
0.595569
0.977439
0.745190
0.259559
0.998445
0.311889
0.025842
0.074012
0.700487
0.390738
0.965278
0.720368
0.031389
0.062690
0.598865
0.478911
0.604050
0.419995
0.086652
0.779095
0.171034
0.538630
0.106509
0.026578
0.764368
0.232673
0.419284
0.805512
0.877516
0.941449
0.935806
0.062581
0.663639
0.316436
0.918146
0.610425
0.064694
0.624147
0.277420
0.566552
0.832077
0.034986
0.942260
0.278499
0.219847
0.416952
0.090385
0.460459
0.743014
0.425606
0.981615
0.614679
0.110555
0.918740
0.443423
0.007149
0.044548
0.546890
0.222561
0.433739
0.246500
0.362958
0.437578
0.916727
0.677258
0.560632
0.999136
0.354295
0.696961
0.743014
0.586876
0.270184
0.487774
0.558083
0.337382
0.271317
0.096927
0.452058
0.041061
0.792371
0.327486
0.915674
0.792262
0.356769
0.595334
0.525415
0.412412
0.923630
0.256572
0.073811
0.208389
0.943923
0.884511
0.564693
0.909920
0.041490
0.781415
0.709749
0.491517
0.741179
0.760649
0.494387
0.491076
0.740834
0.336410
0.488763
0.605702
0.434671
0.304085
0.975248
0.504605
0.221395
0.809446
0.762904
0.411207
0.792914
0.601810
0.771315
0.826356
0.036132
0.914081
0.604168
0.960326
0.566552
0.428581
0.995436
0.818697
0.266880
0.564809
0.017842
0.377448
0.225958
0.559821
0.674892
0.611724
0.195595
0.501931
0.691663
0.649881
0.560632
0.718738
0.284095
0.861403
0.842418
0.125510
0.692959
0.712906
0.886514
0.855500
0.077940
0.183836
0.659489
0.493061
0.933886
0.159923
0.104535
0.847546
0.129430
0.058501
0.739571
0.292084
0.720717
0.762116
0.523829
0.695314
0.535772
0.054973
0.895541
0.053358
0.923630
0.892005
0.663639
0.649999
0.215066
0.773990
0.114325
0.529049
0.937566
0.408701
0.581252
0.412111
0.249113
0.633154
0.563880
0.659134
0.498153
0.056396
0.123868
0.443319
0.336498
0.694254
0.270485
0.887121
0.256354
0.355485
0.325582
0.734159
0.207774
0.855020
0.959616
0.744732
0.394644
0.980148
0.050864
0.471639
0.204476
0.144398
0.563300
0.546545
0.076316
0.715008
0.993235
0.475105
0.173406
0.728379
0.424480
0.425708
0.329571
0.810081
0.766165
0.137194
0.024328
0.160121
0.706119
0.053508
0.819530
0.249823
0.729999
0.034973
0.264645
0.574123
0.276038
0.312140
0.982708
0.440287
0.593452
0.074139
0.244606
0.282065
0.335087
0.014304
0.562371
0.408101
0.933886
0.294167
0.706119
0.207037
0.769862
0.601457
0.076706
0.390641
0.042482
0.348927
0.523489
0.297960
0.057771
0.991164
0.473262
0.803055
0.723740
0.431053
0.088471
0.548616
0.491186
0.928297
0.484483
0.479674
0.183447
0.517727
0.466677
0.422438
0.688716
0.859319
0.234833
0.337736
0.774991
0.082220
0.767287
0.907409
0.606292
0.811983
0.056415
0.850183
0.936395
0.323773
0.225040
0.350559
0.173406
0.143537
0.047441
0.732658
0.403023
0.979712
0.545625
0.434775
0.210493
0.062929
0.708696
0.687418
0.190671
0.308219
0.439974
0.951055
0.229662
0.721648
0.843112
0.061186
0.708345
0.771091
0.978154
0.928783
0.600749
0.601692
0.951958
0.946340
0.972771
0.328962
0.474888
0.657355
0.254908
0.235307
0.598747
0.879393
0.977040
0.951564
0.773656
0.477714
0.088471
0.721764
0.084980
0.282221
0.641813
0.760537
0.881169
0.715008
0.025595
0.888501
0.803055
0.060573
0.344601
0.032615
0.159329
0.163877
0.958642
0.889189
0.033898
0.361938
0.960628
0.631850
0.399166
0.407901
0.765828
0.716524
0.520322
0.227012
0.010434
0.857510
0.490635
0.548156
0.196181
0.177529
0.056871
0.143537
0.315590
0.986980
0.928297
0.295374
0.037516
0.702131
0.193613
0.522583
0.393275
0.935937
0.879571
0.417762
0.621187
0.201700
0.673116
0.515249
0.798435
0.248688
0.086448
0.812722
0.431672
0.145492
0.374502
0.009636
0.739915
0.832381
0.298041
0.379452
0.931121
0.412815
0.425196
0.145309
0.149471
0.661031
0.995410
0.507732
0.909998
0.689070
0.547810
0.685412
0.704947
0.268303
0.670511
0.092213
0.226156
0.589223
0.227144
0.314493
0.498264
0.963285
0.075105
0.626398
0.732312
0.598982
0.419284
0.866277
0.825534
0.198658
0.822851
0.117864
0.805939
0.647271
0.936722
0.882669
0.357321
0.929682
0.156291
0.211239
0.860930
0.930916
0.638373
0.088057
0.056871
0.622016
0.201220
0.094324
0.149565
0.252248
0.470018
0.996334
0.409702
0.541952
0.865065
0.777101
0.924632
0.061101
0.299259
0.948698
0.271771
0.817653
0.337648
0.227276
0.595334
0.359624
0.268528
0.627346
0.504047
0.293044
0.299422
0.776657
0.034507
0.656999
0.585000
0.813248
0.486237
0.717457
0.805939
0.543902
0.267254
0.314072
0.434775
0.908826
0.930026
0.899763
0.361659
0.036028
0.863473
0.086622
0.805619
0.540576
0.639322
0.189470
0.728958
0.982678
0.044357
0.151684
0.150268
0.329919
0.123272
0.305982
0.199846
0.885558
0.124547
0.702483
0.094638
0.973173
0.621424
0.569810
0.982800
0.060510
0.007930
0.176128
0.838931
0.665061
0.496268
0.902451
0.334120
0.622016
0.150975
0.471855
0.396901
0.027455
0.759633
0.531894
0.581135
0.722694
0.009901
0.926194
0.070264
0.211052
0.702249
0.179702
0.869793
0.139561
0.505944
0.501708
0.811561
0.433636
0.127049
0.290092
0.307472
0.002250
0.343883
0.725133
0.366593
0.305486
0.605466
0.052465
0.079595
0.001299
0.282610
0.834811
0.738421
0.326620
0.343973
0.305982
0.250534
0.512551
0.207344
0.037018
0.001861
0.923126
0.083365
0.203749
0.398279
0.982120
0.754310
0.028516
0.054037
0.360271
0.868225
0.812194
0.188389
0.840827
0.290967
0.246922
0.244886
0.975133
0.564461
0.009651
0.426426
0.362309
0.710802
0.227540
0.590749
0.621661
0.918443
0.133965
0.891920
0.157755
0.334120
0.140224
0.146088
0.227672
0.232808
0.596510
0.214309
0.915371
0.499263
0.358057
0.481420
0.299910
0.216396
0.147887
0.822540
0.431878
0.803911
0.832584
0.942135
0.160767
0.286530
0.627346
0.929406
0.927460
0.840528
0.038907
0.233549
0.403817
0.005382
0.341202
0.931665
0.849013
0.296180
0.757597
0.154309
0.587462
0.109441
0.744503
0.145081
0.145172
0.691663
0.095808
0.507061
0.720601
0.484373
0.027914
0.438515
0.067126
0.874541
0.715591
0.120444
0.701896
0.190785
0.457366
0.768632
0.724204
0.401933
0.007427
0.960124
0.823471
0.099791
0.275732
0.790192
0.413217
0.552766
0.695667
0.973968
0.373744
0.336322
0.489314
0.828714
0.406305
0.031127
0.447729
0.546200
0.140224
0.534402
0.715358
0.862440
0.068738
0.805192
0.522018
0.415234
0.967297
0.873997
0.462170
0.847840
0.514349
0.257661
0.070168
0.869425
0.171927
0.743587
0.835315
0.666365
0.162818
0.525189
0.722810
0.460780
0.073811
0.197122
0.573190
0.279426
0.860741
0.214498
0.513000
0.143989
0.788554
0.313988
0.811772
0.061335
0.302443
0.258026
0.406404
0.950885
0.649643
0.343167
0.001284
0.014535
0.512551
0.790846
0.172138
0.473262
0.364913
0.824504
0.396705
0.488763
0.593452
0.064516
0.000169
0.743243
0.964147
0.551382
0.820570
0.273594
0.928853
0.218436
0.046573
0.311805
0.722345
0.806578
0.650949
0.659489
0.089963
0.471314
0.633629
0.527912
0.488434
0.565274
0.106056
0.441958
0.733697
0.276882
0.820778
0.809975
0.272833
0.252176
0.633629
0.983224
0.577042
0.569694
0.129969
0.131471
0.107350
0.388697
0.938534
0.194252
0.221913
0.055885
0.572257
0.328875
0.105674
0.075054
0.366033
0.079784
0.051278
0.984342
0.597216
0.594628
0.892259
0.024328
0.983164
0.697549
0.651660
0.647389
0.352105
0.028610
0.534972
0.133837
0.759294
0.026785
0.956015
0.866370
0.180852
0.272605
0.596510
0.191302
0.337117
0.256137
0.698019
0.771538
0.784059
0.921459
0.462063
0.186692
0.084353
0.351468
0.548501
0.433325
0.144489
0.100220
0.279349
0.539202
0.275120
0.740719
0.650474
0.643237
0.951452
0.620003
0.099725
0.199608
0.604876
0.089214
0.106056
0.626635
0.994915
0.830041
0.775769
0.050204
0.474671
0.903742
0.076497
0.880105
0.710100
0.224647
0.147563
0.270636
0.377448
0.233077
0.296180
0.781636
0.262351
0.202000
0.201400
0.303838
0.544132
0.474888
0.807429
0.589457
0.361289
0.829327
0.110123
0.683168
0.417053
0.860363
0.584883
0.990656
0.068220
0.604758
0.841325
0.332628
0.544591
0.689070
0.755898
0.869425
0.892344
0.900989
0.307306
0.438827
0.043063
0.429507
0.563068
0.794976
0.552651
0.914841
0.051878
0.834508
0.572141
0.917326
0.619885
0.178450
0.991499
0.558546
0.208205
0.957497
0.418066
0.562719
0.381846
0.602989
0.480983
0.064694
0.935608
0.196122
0.460566
0.564693
0.657117
0.089214
0.486566
0.940885
0.666484
0.487774
0.004574
0.738421
0.351013
0.214057
0.380025
0.075979
0.411307
0.528367
0.534288
0.866184
0.885384
0.640271
0.286294
0.549998
0.595098
0.551266
0.212363
0.058196
0.679623
0.499041
0.131933
0.165502
0.388794
0.586758
0.109084
0.943740
0.396705
0.242516
0.165757
0.683641
0.883197
0.047273
0.679032
0.684231
0.941699
0.177097
0.248192
0.769415
0.541608
0.238513
0.508068
0.512888
0.496379
0.674418
0.337382
0.885819
0.933819
0.155661
0.515812
0.396410
0.997370
0.230529
0.493393
0.529731
0.083196
0.188502
0.228467
0.689541
0.948055
0.535429
0.672761
0.514236
0.857987
0.374217
0.834204
0.235647
0.311721
0.557968
0.609243
0.098610
0.486566
0.357688
0.017648
0.257225
0.137979
0.656168
0.515249
0.378306
0.446993
0.664706
0.683050
0.827793
0.990364
0.368842
0.107279
0.691545
0.623674
0.514799
0.688598
0.000373
0.350559
0.209253
0.583711
0.510868
0.428581
0.835416
0.722927
0.928228
0.119013
0.157412
0.493393
0.012654
0.859319
0.129761
0.173937
0.545280
0.967162
0.634222
0.106894
0.997067
0.891835
0.992808
0.039884
0.101752
0.219590
0.917997
0.373838
0.685648
0.604286
0.002489
0.941762
0.716174
0.420910
0.688126
0.416649
0.092182
0.831670
0.586172
0.731272
0.480329
0.908355
0.237691
0.916577
0.750214
0.469155
0.205144
0.611961
0.690720
0.125269
0.960628
0.095079
0.698372
0.772096
0.098610
0.862722
0.831162
0.346760
0.828816
0.917774
0.240370
0.762792
0.750556
0.267104
0.276959
0.942755
0.331752
0.825945
0.552651
0.293044
0.585703
0.747591
0.007776
0.824504
0.510644
0.214561
0.963092
0.422132
0.414326
0.839830
0.640508
0.487005
0.556463
0.569810
0.583125
0.227078
0.631376
0.799081
0.525415
0.030798
0.233886
0.507621
0.565390
0.212238
0.173672
0.008741
0.922765
0.982770
0.871536
0.345589
0.915824
0.900581
0.442795
0.245587
0.417560
0.231733
0.252749
0.727220
0.011775
0.940633
0.316605
0.482076
0.978119
0.067172
0.269957
0.481529
0.489314
0.277882
0.284408
0.908040
0.283626
0.344780
0.913471
0.114474
0.788554
0.065889
0.827998
0.833395
0.606646
0.862722
0.876798
0.003946
0.508516
0.332891
0.867577
0.047677
0.924490
0.284017
0.207099
0.611133
0.107772
0.895123
0.039927
0.665654
0.227474
0.944533
0.256789
0.002907
0.856554
0.188729
0.123748
0.497266
0.178341
0.037665
0.953682
0.329832
0.071698
0.000428
0.077098
0.444786
0.330268
0.815560
0.071233
0.217478
0.760085
0.065323
0.144125
0.891495
0.770086
0.445101
0.167192
0.555423
0.525982
0.396508
0.843805
0.844200
0.530983
0.211988
0.182008
0.599218
0.139693
0.633273
0.818905
0.190900
0.339688
0.170459
0.356035
0.645491
0.128440
0.151684
0.319578
0.632206
0.415335
0.697431
0.920363
0.148305
0.212926
0.747591
0.197122
0.079272
0.312895
0.798866
0.606646
0.597687
0.876348
0.302689
0.422642
0.654152
0.014331
0.206670
0.163877
0.562719
0.268153
0.971166
0.061977
0.634577
0.016858
0.455345
0.870436
0.270561
0.958280
0.445626
0.385117
0.297717
0.277882
0.064205
0.220814
0.414729
0.887553
0.882581
0.053546
0.594275
0.239406
0.275962
0.908590
0.626043
0.248829
0.049290
0.828612
0.704361
0.974671
0.302525
0.237008
0.623910
0.321200
0.688126
0.643592
0.080871
0.937631
0.764480
0.703422
0.356218
0.235307
0.088382
0.250107
0.816293
0.745762
0.815350
0.429816
0.673945
0.352287
0.015297
0.754423
0.455239
0.122283
0.350105
0.232673
0.756351
0.812089
0.780200
0.546315
0.670275
0.185848
0.723391
0.712789
0.522018
0.611370
0.597687
0.886514
0.905982
0.612906
0.636831
0.343704
0.988125
0.656761
0.093886
0.586055
0.304661
0.893358
0.329745
0.832077
0.684113
0.160419
0.451846
0.314915
0.183781
0.306064
0.950429
0.091265
0.996389
0.474563
0.511653
0.664824
0.346940
0.888587
0.638847
0.643474
0.900744
0.983284
0.229662
0.798974
0.434360
0.054954
0.402131
0.961970
0.485359
0.109406
0.946697
0.816817
0.730115
0.149144
0.917475
0.436020
0.045981
0.152873
0.613852
0.317283
0.085208
0.397983
0.930437
0.123868
0.582188
0.129637
0.955046
0.261761
0.744045
0.285900
0.452693
0.466032
0.928367
0.949336
0.225564
0.472396
0.177097
0.742441
0.901721
0.540920
0.323945
0.568530
0.755671
0.611370
0.515812
0.721532
0.642287
0.274661
0.300726
0.529276
0.379643
0.957759
0.411709
0.725133
0.690602
0.673235
0.877516
0.514349
0.411608
0.866649
0.184561
0.438306
0.757937
0.056140
0.728842
0.092860
0.772653
0.475865
0.688480
0.325582
0.602517
0.717457
0.192686
0.520661
0.843211
0.789100
0.387244
0.493945
0.726757
0.019782
0.492509
0.194020
0.035368
0.808704
0.604640
0.598158
0.802412
0.304332
0.731618
0.687418
0.496601
0.811667
0.653677
0.014430
0.632917
0.506726
0.962995
0.298772
0.332277
0.330529
0.827895
0.453647
0.602635
0.120172
0.683050
0.853093
0.403619
0.014702
0.623200
0.524169
0.124787
0.499152
0.375830
0.455451
0.235511
0.883373
0.927670
0.764592
0.515812
0.083561
0.663283
0.068526
0.791173
0.835718
0.906141
0.251962
0.513899
0.664113
0.930300
0.433325
0.277113
0.253755
0.132143
0.147147
0.528708
0.940633
0.949221
0.588753
0.922041
0.001910
0.126724
0.823678
0.067288
0.418472
0.181677
0.977547
0.978331
0.576458
0.896874
0.243629
0.752946
0.288742
0.915220
0.839630
0.765042
0.462170
0.064049
0.587345
0.696608
0.001117
0.537257
0.936134
0.320773
0.060426
0.591806
0.746905
0.991538
0.430125
0.112701
0.767623
0.470990
0.872997
0.504716
0.607472
0.528708
0.080217
0.777655
0.121576
0.647033
0.944654
0.294810
0.711854
0.301952
0.203749
0.829939
0.202481
0.994747
0.477496
0.623910
0.953074
0.865997
0.764592
0.029173
0.038089
0.162919
0.054245
0.266432
0.846270
0.080843
0.981231
0.451000
0.458751
0.372703
0.657948
0.759633
0.170825
0.068998
0.970407
0.755218
0.612315
0.496933
0.058481
0.626517
0.404314
0.897786
0.828509
0.573657
0.034034
0.681041
0.136240
0.382902
0.976229
0.684822
0.061356
0.185064
0.371665
0.742097
0.060153
0.339955
0.499263
0.945320
0.387534
0.768408
0.486017
0.873452
0.714191
0.458431
0.295052
0.036487
0.870528
0.422642
0.361381
0.597452
0.792262
0.128112
0.814090
0.164485
0.983043
0.307720
0.418472
0.800050
0.990364
0.030810
0.468508
0.489864
0.708696
0.886514
0.075233
0.757824
0.059157
0.406604
0.880371
0.183280
0.614443
0.342273
0.496933
0.029173
0.107315
0.501597
0.578912
0.089185
0.374596
0.114437
0.249752
0.220943
0.365752
0.754423
0.991825
0.118093
0.283469
0.155854
0.788007
0.930711
0.027607
0.781305
0.263829
0.986461
0.151921
0.202602
0.130760
0.549192
0.923845
0.014386
0.824916
0.773322
0.714774
0.092891
0.487444
0.012327
0.122205
0.470126
0.286294
0.978401
0.148398
0.568763
0.391323
0.980282
0.210866
0.169884
0.451000
0.391225
0.740719
0.902046
0.461528
0.140535
0.889532
0.499818
0.096638
0.233279
0.826562
0.320090
0.055846
0.134606
0.540347
0.205144
0.725713
0.563648
0.084438
0.072834
0.103612
0.195069
0.704830
0.928575
0.256427
0.645965
0.015054
0.624384
0.165860
0.676667
0.496933
0.011917
0.210431
0.564809
0.155177
0.545051
0.004421
0.821712
0.884336
0.729189
0.235715
0.932004
0.401339
0.291845
0.838430
0.632324
0.973533
0.407702
0.899517
0.398476
0.797464
0.138154
0.014146
0.545625
0.193845
0.491296
0.585703
0.853093
0.898034
0.952183
0.417458
0.046839
0.760988
0.912012
0.778652
0.026549
0.342005
0.155515
0.521565
0.660438
0.890814
0.813985
0.945741
0.008442
0.533147
0.708696
0.337648
0.658422
0.386276
0.403420
0.353290
0.656287
0.471747
0.342719
0.110771
0.239543
0.485579
0.392786
0.658422
0.809234
0.981424
0.141917
0.141113
0.893274
0.718156
0.822747
0.357321
0.707291
0.592041
0.050810
0.065504
0.788117
0.207037
0.418675
0.787241
0.011917
0.812932
0.236191
0.463134
0.815350
0.652135
0.273594
0.662928
0.766165
0.680687
0.808279
0.497155
0.528139
0.027264
0.563764
0.149565
0.491627
0.437994
0.109692
0.208883
0.618346
0.454177
0.409101
0.741982
0.299992
0.591571
0.260218
0.104914
0.939620
0.148165
0.054666
0.253395
0.736810
0.838130
0.361011
0.933418
0.481966
0.160419
0.579497
0.427041
0.749531
0.239131
0.512102
0.306395
0.105051
0.395036
0.017615
0.966890
0.676785
0.402825
0.387728
0.859509
0.314746
0.436539
0.355943
0.075695
0.039315
0.554729
0.023284
0.571325
0.845384
0.734735
0.616572
0.263237
0.305816
0.394644
0.814825
0.910076
0.324031
0.682696
0.163827
0.940948
0.465495
0.787241
0.012247
0.462277
0.370346
0.282844
0.563648
0.931053
0.102358
0.075335
0.901965
0.981869
0.133539
0.459284
0.075130
0.055748
0.153973
0.201700
0.399363
0.449733
0.968413
0.585000
0.120367
0.335264
0.347301
0.585469
0.471098
0.260071
0.740834
0.781415
0.616690
0.422234
0.395428
0.337382
0.438306
0.283469
0.748047
0.373082
0.211426
0.711504
0.342809
0.036858
0.002817
0.817339
0.717923
0.056238
0.719554
0.804979
0.966526
0.914233
0.662454
0.990300
0.398279
0.186410
0.469910
0.189755
0.083168
0.523942
0.482731
0.200145
0.530072
0.499374
0.454814
0.901396
0.660557
0.756011
0.733928
0.900499
0.485688
0.628413
0.923126
0.262203
0.702483
0.389474
0.294730
0.306643
0.012247
0.525302
0.001223
0.609007
0.330791
0.459711
0.729652
0.041758
0.156291
0.164536
0.443319
0.838931
0.619885
0.280433
0.533831
0.690838
0.908512
0.870253
0.852996
0.192744
0.888759
0.487554
0.033190
0.672643
0.142365
0.510980
0.349471
0.035781
0.349924
0.567134
0.844891
0.396017
0.490525
0.107737
0.256717
0.434671
0.304414
0.270712
0.306312
0.785597
0.186974
0.285743
0.734735
0.475323
0.954721
0.623792
0.166013
0.565855
0.489534
0.651186
0.987184
0.611842
0.408201
0.558662
0.213805
0.351377
0.606646
0.012480
0.296100
0.328962
0.704361
0.567250
0.767623
0.395134
0.365752
0.742441
0.142725
0.116687
0.574940
0.721299
0.175003
0.413217
0.300155
0.306643
0.571441
0.017429
0.588753
0.580316
0.267404
0.211800
0.412815
0.039784
0.086768
0.523036
0.479129
0.611488
0.350559
0.030990
0.963140
0.171349
0.008823
0.011369
0.144853
0.053621
0.946578
0.831772
0.868132
0.525415
0.352743
0.626161
0.182948
0.603107
0.306312
0.759294
0.986540
0.114363
0.021961
0.151589
0.048856
0.552074
0.136977
0.056160
0.794651
0.041090
0.419284
0.738076
0.270712
0.686356
0.631732
0.339155
0.595098
0.357137
0.041238
0.603225
0.875807
0.748390
0.294489
0.289536
0.905265
0.824607
0.921896
0.223407
0.499152
0.216206
0.003266
0.572490
0.394351
0.483826
0.623318
0.398476
0.828100
0.960728
0.766390
0.957340
0.798111
0.850086
0.834508
0.879838
0.571441
0.402032
0.842021
0.185288
0.433429
0.469910
0.756805
0.369029
0.595451
0.332540
0.369593
0.636475
0.651779
0.706822
0.022076
0.663995
0.558546
0.328266
0.659371
0.312979
0.999816
0.267179
0.884599
0.942632
0.725017
0.837729
0.625806
0.948406
0.963718
0.549998
0.064138
0.695078
0.361289
0.708930
0.853382
0.560632
0.026765
0.140180
0.044137
0.112591
0.456195
0.992418
0.984111
0.854539
0.943984
0.864878
0.203205
0.131094
0.845187
0.625687
0.527344
0.461421
0.615980
0.925486
0.232740
0.019436
0.590162
0.451423
0.217606
0.081172
0.120444
0.633866
0.561907
0.320687
0.119553
0.284095
0.828612
0.009928
0.417053
0.285822
0.423663
0.762792
0.363609
0.885210
0.587345
0.215509
0.910620
0.750784
0.235172
0.426221
0.197475
0.715358
0.263533
0.285822
0.923989
0.956015
0.870895
0.718389
0.959156
0.699312
0.325324
0.528594
0.559125
0.995525
0.859129
0.764705
0.800480
0.989495
0.267928
0.959054
0.216333
0.921021
0.665417
0.627228
0.996061
0.622016
0.137368
0.752946
0.149004
0.794434
0.754310
0.095427
0.666247
0.502487
0.784608
0.271619
0.167347
0.503156
0.280510
0.326793
0.764368
0.774324
0.690720
0.701074
0.022483
0.826870
0.108728
0.868040
0.431982
0.418878
0.333505
0.060405
0.061612
0.534972
0.961078
0.757711
0.440391
0.989020
0.804765
0.558662
0.642169
0.095016
0.089304
0.795301
0.025500
0.430847
0.056831
0.884861
0.587345
0.513337
0.919995
0.692134
0.914462
0.625450
0.250392
0.804765
0.650830
0.265165
0.903662
0.445311
0.421114
0.179320
0.778431
0.326793
0.457472
0.497376
0.713840
0.318982
0.059446
0.429096
0.506614
0.828100
0.287240
0.185400
0.635052
0.930094
0.820778
0.827690
0.917401
0.738306
0.087704
0.650711
0.640033
0.965044
0.287714
0.557968
0.664706
0.424174
0.430228
0.461956
0.310551
0.397393
0.792805
0.016398
0.459818
0.316690
0.568181
0.306230
0.252033
0.041090
0.954121
0.581135
0.984940
0.819530
0.947112
0.321286
0.185008
0.241060
0.108835
0.901721
0.836020
0.759859
0.431982
0.810293
0.303099
0.720136
0.171559
0.663046
0.710451
0.783729
0.597569
0.884861
0.128235
0.961078
0.863473
0.253899
0.156243
0.606410
0.866649
0.553690
0.619411
0.132734
0.850767
0.949567
0.258682
0.606056
0.679741
0.113992
0.712906
0.740490
0.128030
0.490304
0.432808
0.649050
0.572141
0.912781
0.385021
0.629835
0.105293
0.412714
0.188843
0.026864
0.683404
0.287951
0.840628
0.550229
0.979269
0.425606
0.390057
0.341202
0.172402
0.320004
0.722229
0.666839
0.388892
0.500374
0.939174
0.438202
0.534402
0.523263
0.521792
0.227738
0.590749
0.218116
0.160518
0.377543
0.841822
0.875987
0.500374
0.899352
0.843013
0.904144
0.302197
0.377448
0.213805
0.243489
0.329919
0.634103
0.552074
0.766165
0.850280
0.432085
0.016182
0.845581
0.230596
0.289853
0.128235
0.197475
0.843013
0.725481
0.690838
0.755218
0.487005
0.920069
0.328353
0.671932
0.297798
0.487554
0.203507
0.061655
0.596863
0.085008
0.761890
0.075927
0.373555
0.229197
0.590984
0.961723
0.573657
0.431362
0.261099
0.335616
0.305899
0.765491
0.325842
0.970364
0.334295
0.733582
0.437890
0.699900
0.053734
0.288426
0.452269
0.684349
0.676548
0.817966
0.683404
0.690484
0.523149
0.273441
0.044754
0.282454
0.509859
0.895708
0.954285
0.266805
0.234494
0.155032
0.763693
0.275273
0.155419
0.474563
0.892090
0.495383
0.281753
0.722229
0.498708
0.135938
0.573890
0.894620
0.964715
0.186692
0.708228
0.952686
0.098708
0.601692
0.380791
0.017489
0.535772
0.289853
0.116422
0.638017
0.699547
0.167965
0.541034
0.823988
0.514349
0.028970
0.449733
0.772096
0.557968
0.149237
0.252534
0.389474
0.900009
0.438723
0.874903
0.293044
0.132523
0.140979
0.879304
0.390641
0.417357
0.715708
0.952574
0.392786
0.200025
0.664587
0.244257
0.518403
0.503378
0.116876
0.578445
0.577042
0.161615
0.292964
0.060258
0.614088
0.874088
0.515361
0.100352
0.082693
0.875084
0.689777
0.131765
0.484702
0.867762
0.040085
0.687654
0.174736
0.781415
0.293605
0.091112
0.686002
0.558546
0.435086
0.241268
0.864597
0.016788
0.224582
0.977003
0.314072
0.734851
0.949970
0.203688
0.999530
0.900744
0.119553
0.583594
0.671340
0.307803
0.413217
0.056120
0.359163
0.116422
0.061848
0.903340
0.293766
0.764255
0.308967
0.940885
0.268678
0.055263
0.508180
0.353838
0.877785
0.626161
0.816188
0.807748
0.907882
0.925628
0.398180
0.595451
0.397393
0.478476
0.391420
0.888673
0.241960
0.012191
0.297960
0.725365
0.773990
0.371193
0.335704
0.668853
0.277190
0.710685
0.168534
0.000493
0.200861
0.381654
0.819946
0.363330
0.273746
0.995500
0.203930
0.358241
0.795301
0.506168
0.425299
0.443423
0.788007
0.474888
0.577743
0.738651
0.812089
0.125792
0.802519
0.284252
0.739571
0.882581
0.344691
0.097088
0.595922
0.912089
0.803804
0.143537
0.891070
0.926617
0.430640
0.497487
0.672169
0.059095
0.958900
0.261540
0.369781
0.115895
0.359163
0.849599
0.258026
0.728031
0.230062
0.062603
0.307306
0.874360
0.937437
0.140357
0.454602
0.583594
0.504382
0.933752
0.880193
0.598511
0.784168
0.152730
0.138944
0.233009
0.310801
0.101117
0.296746
0.588870
0.353564
0.322399
0.254043
0.355760
0.628413
0.661624
0.560400
0.942260
0.532349
0.517050
0.798003
0.798219
0.618110
0.555654
0.763355
0.233144
0.835214
0.059384
0.624621
0.644186
0.423663
0.329484
0.382518
0.879927
0.760424
0.801017
0.181017
0.463456
0.415436
0.766390
0.513225
0.893864
0.615034
0.538172
0.309300
0.267778
0.303674
0.108942
0.407802
0.369311
0.182339
0.190041
0.500596
0.307555
0.911781
0.956121
0.322056
0.117217
0.134606
0.656524
0.795084
0.849599
0.224712
0.255413
0.980348
0.894788
0.540576
0.564577
0.572024
0.952963
0.160767
0.463885
0.860647
0.264645
0.170615
0.244606
0.845384
0.707291
0.905903
0.797248
0.058277
0.420300
0.497598
0.249326
0.625450
0.164282
0.026756
0.461314
0.263607
0.286688
0.858559
0.263089
0.145538
0.473912
0.409101
0.702718
0.826664
0.735658
0.842616
0.912551
0.318812
0.353929
0.002689
0.004057
0.127090
0.505944
0.860173
0.162215
0.137674
0.415436
0.778541
0.799727
0.461528
0.579380
0.098155
0.590514
0.721066
0.032627
0.007051
0.012732
0.004266
0.902856
0.745762
0.900581
0.118975
0.525302
0.091570
0.321029
0.828612
0.816607
0.350287
0.172718
0.271771
0.289774
0.795084
0.852803
0.350105
0.031252
0.833192
0.922186
0.839331
0.389571
0.858464
0.382038
0.232068
0.979474
0.123947
0.954066
0.846270
0.430022
0.359809
0.060699
0.437162
0.325324
0.184896
0.575290
0.859699
0.367155
0.390252
0.556810
0.851350
0.663165
0.456302
0.785267
0.076732
0.027013
0.255558
0.138067
0.555538
0.997568
0.377543
0.369311
0.816817
0.937242
0.822644
0.131891
0.495715
0.409802
0.711620
0.316267
0.969333
0.281365
0.499596
0.109620
0.189470
0.386470
0.458751
0.336410
0.220491
0.328875
0.293445
0.924490
0.354478
0.804124
0.055263
0.138023
0.231599
0.142590
0.921750
0.290489
0.138636
0.530186
0.677258
0.070650
0.968192
0.908982
0.354752
0.598511
0.342541
0.852803
0.648457
0.517501
0.293365
0.177151
0.210058
0.971996
0.560516
0.080353
0.565971
0.203567
0.818697
0.772876
0.039272
0.365286
0.008653
0.466140
0.841524
0.440809
0.504493
0.594275
0.241752
0.209068
0.129720
0.607708
0.499152
0.662572
0.228931
0.054589
0.785816
0.318897
0.214624
0.862628
0.569578
0.912166
0.271923
0.243072
0.374596
0.791391
0.001956
0.571791
0.948989
0.889275
0.943126
0.052520
0.473912
0.247204
0.205936
0.229064
0.690838
0.215509
0.960678
0.108480
0.328093
0.841723
0.574357
0.379356
0.821089
0.018655
0.318642
0.077465
0.363051
0.954667
0.714074
0.518629
0.511653
0.010253
0.119862
0.819113
0.785926
0.082721
0.634340
0.180907
0.342541
0.728263
0.472288
0.109764
0.536571
0.068620
0.905345
0.608299
0.758616
0.070240
0.819113
0.973731
0.086739
0.642881
0.663876
0.566204
0.630072
0.400647
0.920656
0.182671
0.880105
0.571674
0.177853
0.653915
0.942879
0.773545
0.144534
0.297717
0.941699
0.728147
0.713607
0.886080
0.195127
0.107526
0.888071
0.888501
0.158098
0.829123
0.022702
0.052576
0.768520
0.974321
0.997405
0.363330
0.622016
0.256499
0.222367
0.575991
0.342988
0.998087
0.493061
0.283001
0.858273
0.262794
0.680214
0.859129
0.415436
0.864130
0.952295
0.852028
0.520209
0.667432
0.285822
0.672761
0.344152
0.324375
0.419893
0.898859
0.121655
0.669090
0.539431
0.944715
0.796924
0.932544
0.923342
0.728263
0.639796
0.856459
0.958900
0.712672
0.151069
0.541034
0.276192
0.094481
0.734274
0.400943
0.417458
0.945139
0.350287
0.458218
0.628768
0.211863
0.953351
0.814510
0.159033
0.676903
0.330006
0.484921
0.513225
0.594393
0.675957
0.995725
0.245236
0.050667
0.453647
0.345319
0.760311
0.806578
0.338711
0.816503
0.235715
0.969851
0.315759
0.212738
0.164637
0.847938
0.528708
0.246429
0.960978
0.767399
0.875897
0.410103
0.991024
0.515586
0.697784
0.237486
0.587110
0.409402
0.823058
0.320175
0.021131
0.551728
0.528935
0.723507
0.522244
0.021530
0.246289
0.614443
0.224909
0.611724
0.042239
0.748162
0.417053
0.194835
0.619648
0.500818
0.983224
0.447414
0.923342
0.996750
0.243978
0.054551
0.345499
0.950771
0.515361
0.640508
0.965511
0.652847
0.460245
0.988858
0.289377
0.218884
0.884424
0.613615
0.540805
0.639084
0.051477
0.735197
0.970151
0.984515
0.740260
0.490525
0.102864
0.066345
0.450472
0.435293
0.684113
0.313988
0.646559
0.535201
0.676548
0.644067
0.293525
0.462706
0.421114
0.773211
0.014348
0.403023
0.403917
0.847252
0.315252
0.677613
0.241752
0.258098
0.725597
0.021060
0.696843
0.953296
0.724436
0.420401
0.138856
0.809340
0.989651
0.169468
0.915220
0.726061
0.879838
0.293605
0.464743
0.032014
0.405110
0.798650
0.393079
0.920509
0.687182
0.667787
0.447098
0.957759
0.033433
0.815769
0.132946
0.944289
0.423458
0.996750
0.764368
0.266357
0.883899
0.700370
0.508180
0.267928
0.169416
0.730578
0.500818
0.439035
0.083872
0.268003
0.479674
0.380695
0.758276
0.913241
0.244746
0.822230
0.004837
0.071576
0.817339
0.804338
0.176128
0.882229
0.233683
0.750101
0.653677
0.157657
0.638847
0.933819
0.379165
0.125792
0.606292
0.705299
0.390252
0.801232
0.686238
0.887034
0.215699
0.690720
0.963382
0.004345
0.282065
0.618228
0.791609
0.341380
0.466140
0.456302
0.089843
0.955317
0.062214
0.464958
0.250677
0.813564
0.276038
0.734159
0.456727
0.927949
0.956971
0.980907
0.916577
0.464743
0.535201
0.595569
0.357321
0.230662
0.553805
0.741523
0.913394
0.642881
0.231800
0.062278
0.423458
0.928645
0.551958
0.628294
0.865345
0.853093
0.614088
0.182615
0.618820
0.699077
0.722578
0.197534
0.142096
0.339066
0.477605
0.695667
0.200981
0.442167
0.266507
0.842120
0.350287
0.156680
0.408701
0.381270
0.184003
0.772319
0.246570
0.904545
0.346399
0.257880
0.291685
0.892344
0.006104
0.606646
0.435397
0.040186
0.848427
0.976526
0.897206
0.610543
0.902694
0.056258
0.785926
0.114140
0.242307
0.622608
0.356677
0.278962
0.755104
0.706236
0.938469
0.071355
0.026383
0.794976
0.913165
0.006973
0.259705
0.072810
0.962460
0.738536
0.024912
0.254691
0.124227
0.938405
0.442376
0.860173
0.643355
0.101351
0.322656
0.210306
0.126805
0.179102
0.214498
0.428890
0.631376
0.928645
0.989450
0.752036
0.524055
0.207651
0.649643
0.194427
0.821919
0.110663
0.598511
0.590044
0.570742
0.567018
0.581369
0.670511
0.579614
0.338978
0.727800
0.499485
0.493172
0.946518
0.754650
0.126765
0.838631
0.753969
0.760085
0.830143
0.424889
0.854250
0.998600
0.990469
0.829123
0.238719
0.711504
0.065300
0.657710
0.884686
0.631969
0.498708
0.375260
0.628887
0.205814
0.536686
0.683286
0.035458
0.302525
0.246078
0.893443
0.805619
0.672524
0.725713
0.467431
0.178504
0.573190
0.878322
0.544821
0.219333
0.669801
0.646321
0.379260
0.570742
0.868594
0.551036
0.679859
0.583711
0.427862
0.372703
0.768408
0.283235
0.153016
0.290728
0.864597
0.368654
0.631376
0.795842
0.627109
0.975018
0.189926
0.066757
0.334823
0.789428
0.332978
0.425503
0.281365
0.490745
0.793566
0.946578
0.306643
0.571092
0.097281
0.568181
0.869332
0.459071
0.261246
0.306147
0.645253
0.471423
0.540003
0.600396
0.233212
0.043620
0.043403
0.268303
0.258463
0.918443
0.774213
0.748047
0.451634
0.918518
0.914310
0.308136
0.230662
0.354661
0.868040
0.316436
0.472937
0.518403
0.127171
0.446887
0.956015
0.285979
0.844891
0.394644
0.569810
0.160966
0.073685
0.910853
0.911318
0.787898
0.330181
0.952407
0.634340
0.487994
0.124147
0.417458
0.462277
0.131010
0.255847
0.263089
0.170825
0.289694
0.110952
0.655219
0.495494
0.362401
0.296827
0.974086
0.549192
0.795842
0.715591
0.365939
0.644898
0.903179
0.172349
0.740375
0.133922
0.863755
0.375640
0.007889
0.455557
0.569345
0.542525
0.469155
0.708696
0.176504
0.020233
0.067799
0.334295
0.662454
0.244187
0.517614
0.049395
0.760424
0.180030
0.075438
0.223277
0.610188
0.633866
0.334207
0.577743
0.557620
0.453859
0.149893
0.792153
0.607826
0.981488
0.218820
0.030821
0.827383
0.551151
0.458644
0.179320
0.914081
0.713724
0.370911
0.916276
0.052502
0.306312
0.132312
0.713957
0.379643
0.837227
0.467754
0.310467
0.758390
0.803055
0.228003
0.281831
0.176020
0.089783
0.059570
0.791282
0.556463
0.409602
0.694019
0.634103
0.049064
0.304085
0.601103
0.683168
0.241268
0.549192
0.280510
0.310133
0.591689
0.189299
0.088798
0.730809
0.824710
0.946756
0.173247
0.105709
0.884161
0.033034
0.458964
0.258536
0.548846
0.304991
0.847644
0.767735
0.710802
0.243768
0.181236
0.913394
0.156486
0.769415
0.483497
0.702131
0.955532
0.550229
0.639796
0.786035
0.000989
0.832787
0.889189
0.566204
0.016207
0.682459
0.239750
0.931053
0.221524
0.613734
0.163625
0.186692
0.968677
0.788991
0.518629
0.807642
0.145446
0.448783
0.820154
0.529276
0.924561
0.769079
0.647271
0.023414
0.779758
0.990342
0.463885
0.975967
0.397885
0.527571
0.133115
0.264497
0.773545
0.285900
0.427657
0.974399
0.757824
0.193439
0.968325
0.992720
0.900908
0.049081
0.658422
0.243908
0.280510
0.250748
0.842021
0.756351
0.432085
0.315675
0.690366
0.346219
0.787022
0.457472
0.782518
0.822126
0.156097
0.839431
0.194136
0.334735
0.927390
0.500707
0.487884
0.825122
0.006343
0.214120
0.234291
0.853768
0.543902
0.991557
0.012361
0.180523
0.310885
0.423152
0.622253
0.569578
0.924846
0.294971
0.201340
0.785926
0.351741
0.651304
0.132227
0.942817
0.734043
0.931733
0.919995
0.191302
0.376686
0.855980
0.825122
0.607945
0.946935
0.617755
0.824297
0.746219
0.728379
0.884074
0.416952
0.936722
0.480438
0.226946
0.692134
0.660912
0.972811
0.525189
0.981806
0.618228
0.324375
0.293926
0.801232
0.701662
0.689187
0.125550
0.906697
0.148258
0.837528
0.247063
0.149284
0.302033
0.163877
0.928991
0.071282
0.659964
0.490965
0.095713
0.396901
0.057490
0.623318
0.390641
0.780311
0.633391
0.129430
0.883285
0.733351
0.922404
0.945320
0.075310
0.936330
0.534630
0.917401
0.427554
0.881346
0.629479
0.972811
0.272150
0.018114
0.823678
0.084353
0.822747
0.562603
0.016687
0.508627
0.506279
0.676667
0.630309
0.395821
0.930232
0.870161
0.253252
0.686474
0.151447
0.756011
0.866463
0.608889
0.070917
0.391128
0.663402
0.872997
0.023845
0.524395
0.088412
0.953957
0.402527
0.152730
0.783398
0.762904
0.976154
0.815140
0.979269
0.112591
0.124787
0.992489
0.676312
0.892683
0.609952
0.339688
0.564577
0.408601
0.199252
0.298447
0.111714
0.149284
0.760311
0.690956
0.215636
0.664469
0.692252
0.884161
0.392200
0.364074
0.145767
0.600514
0.852706
0.749759
0.489093
0.095936
0.587462
0.577743
0.952015
0.812827
0.177637
0.200682
0.382422
0.728842
0.002247
0.887467
0.896791
0.240163
0.727104
0.121302
0.830449
0.735081
0.795409
0.760649
0.894452
0.542754
0.812722
0.304909
0.990862
0.674418
0.463885
0.774213
0.204476
0.507732
0.227870
0.706236
0.898777
0.888243
0.738536
0.908904
0.662928
0.670275
0.669445
0.613142
0.736695
0.375355
0.055263
0.945741
0.162617
0.968721
0.901478
0.143989
0.578795
0.689777
0.891920
0.063674
0.367904
0.206364
0.022316
0.189185
0.019494
0.075387
0.862251
0.614206
0.111714
0.676903
0.766390
0.592864
0.568530
0.332978
0.698842
0.500262
0.449838
0.030787
0.132101
0.093949
0.920729
0.121146
0.347842
0.287951
0.202903
0.090506
0.837628
0.519758
0.827178
0.166627
0.494166
0.911240
0.891920
0.041342
0.921750
0.820882
0.207590
0.978260
0.245937
0.710802
0.745991
0.062711
0.854154
0.535772
0.854924
0.202000
0.717340
0.653915
0.173300
0.545280
0.538744
0.580082
0.665417
0.051405
0.458644
0.654745
0.919922
0.118438
0.661031
0.329571
0.315928
0.145401
0.409302
0.319748
0.191935
0.711971
0.963957
0.570859
0.822437
0.286215
0.230529
0.722578
0.115183
0.151684
0.820778
0.769527
0.085037
0.816188
0.623200
0.403817
0.137543
0.686120
0.643474
0.676903
0.997449
0.830347
0.730693
0.541608
0.457366
0.052006
0.593922
0.015089
0.678914
0.584062
0.642881
0.510195
0.523263
0.197004
0.112408
0.306560
0.155225
0.861119
0.885558
0.138988
0.163473
0.551497
0.372514
0.310634
0.934285
0.884161
0.936722
0.644660
0.055243
0.645609
0.797356
0.108551
0.190900
0.013631
0.440078
0.144216
0.372987
0.301624
0.237555
0.069449
0.932746
0.893948
0.719321
0.668024
0.055631
0.167914
0.364633
0.633391
0.839431
0.806258
0.028369
0.133752
0.974125
0.907804
0.196533
0.151447
0.438306
0.954503
0.386083
0.138023
0.317283
0.345050
0.745648
0.557157
0.414023
0.485798
0.046211
0.112262
0.277497
0.510307
0.968192
0.989134
0.643474
0.677495
0.893274
0.772207
0.666602
0.591454
0.661031
0.581369
0.970492
0.513225
0.309133
0.263607
0.907251
0.570975
0.630428
0.265017
0.054551
0.554614
0.253108
0.623318
0.734505
0.650474
0.814300
0.714424
0.048598
0.891750
0.600867
0.841424
0.143175
0.059695
0.093388
0.253971
0.649525
0.661031
0.020044
0.687654
0.300644
0.455239
0.615507
0.339510
0.852125
0.792153
0.938148
0.754537
0.631139
0.117902
0.841226
0.948581
0.513562
0.219398
0.099824
0.686120
0.004687
0.926899
0.018258
0.220814
0.056950
0.671104
0.571558
0.744389
0.167244
0.122126
0.311470
0.426528
0.254763
0.380504
0.849794
0.842914
0.920509
0.447729
0.305816
0.179048
0.463670
0.489754
0.040811
0.677495
0.624503
0.064116
0.447940
0.239062
0.593452
0.772430
0.036871
0.413217
0.453011
0.976636
0.175699
0.970703
0.650593
0.021029
0.937372
0.574590
0.806152
0.678559
0.676075
0.369311
0.192744
0.434257
0.856841
0.167038
0.390933
0.041297
0.927809
0.020919
0.331403
0.736464
0.870069
0.700017
0.297879
0.726293
0.165911
0.327312
0.424378
0.535315
0.764592
0.527231
0.467754
0.208020
0.643830
0.112408
0.598747
0.353290
0.263385
0.917027
0.437682
0.549537
0.269581
0.310801
0.540232
0.966663
0.392298
0.357504
0.422642
0.626280
0.833395
0.917997
0.825431
0.309966
0.304991
0.142635
0.654152
0.338623
0.818384
0.562023
0.418979
0.074977
0.390738
0.493061
0.040811
0.481966
0.117255
0.486676
0.083084
0.097668
0.247415
0.382806
0.153303
0.246500
0.073434
0.371099
0.792697
0.324548
0.995345
0.784938
0.501486
0.474238
0.762904
0.117445
0.089873
0.576225
0.182284
0.697902
0.888157
0.191532
0.670393
0.116687
0.194078
0.572490
0.337914
0.492178
0.823161
0.902208
0.996014
0.984799
0.129388
0.550690
0.656524
0.709047
0.751353
0.411709
0.279503
0.139296
0.977870
0.274661
0.618110
0.626517
0.660912
0.065821
0.948289
0.871445
0.008714
0.334559
0.914765
0.941762
0.208759
0.312057
0.618110
0.886861
0.020880
0.055612
0.384539
0.701662
0.972446
0.036028
0.390155
0.115220
0.079138
0.752264
0.310801
0.247627
0.037651
0.280355
0.147470
0.481966
0.994221
0.388309
0.144443
0.647152
0.527231
0.035497
0.321542
0.979914
0.213742
0.029345
0.224385
0.579497
0.687772
0.496933
0.104158
0.007265
0.434879
0.393959
0.015950
0.781194
0.066757
0.292164
0.941073
0.011954
0.108267
0.918666
0.049587
0.464206
0.831569
0.181787
0.083084
0.217989
0.270184
0.826356
0.075028
0.721648
0.868871
0.177962
0.831365
0.000314
0.713023
0.436850
0.658541
0.446887
0.155080
0.775102
0.695314
0.731156
0.158295
0.027557
0.423561
0.916126
0.413217
0.917699
0.124507
0.084751
0.259778
0.043063
0.974787
0.997708
0.496601
0.287082
0.485250
0.195010
0.932881
0.000959
0.606882
0.345949
0.240232
0.162517
0.688834
0.396410
0.147470
0.813459
0.009189
0.654508
0.522810
0.346850
0.501819
0.034657
0.008383
0.827895
0.446993
0.317792
0.676548
0.518629
0.250392
0.946101
0.433636
0.729421
0.337736
0.107772
0.917699
0.773879
0.243768
0.943064
0.273670
0.467323
0.059219
0.528708
0.709983
0.284017
0.217669
0.180907
0.205083
0.759520
0.771426
0.923486
0.138592
0.792479
0.185512
0.400844
0.342362
0.508292
0.599454
0.881080
0.435708
0.598040
0.702718
0.010964
0.931257
0.741408
0.055476
0.128687
0.008879
0.348204
0.443947
0.079245
0.852222
0.216714
0.117369
0.482294
0.262056
0.166422
0.323601
0.025378
0.225893
0.936591
0.126643
0.622489
0.883986
0.311303
0.951282
0.703187
0.408601
0.235172
0.012060
0.813459
0.936787
0.390836
0.229995
0.668024
0.117369
0.206976
0.391225
0.306478
0.962166
0.976894
0.187935
0.238033
0.853093
0.978048
0.303510
0.432912
0.036002
0.686474
0.278808
0.820050
0.710919
0.222691
0.661742
0.283469
0.322056
0.283860
0.423050
0.701427
0.788335
0.131010
0.164841
0.016820
0.898365
0.545051
0.520548
0.701309
0.945741
0.813248
0.790410
0.215826
0.887639
0.518629
0.820674
0.292164
0.632799
0.541493
0.953351
0.147980
0.883021
0.362309
0.320516
0.270108
0.702249
0.904545
0.347571
0.857415
0.508516
0.123153
0.328527
0.237965
0.508851
0.042879
0.211551
0.660319
0.308136
0.466140
0.610543
0.341380
0.319322
0.512102
0.511204
0.024866
0.012060
0.864036
0.400844
0.741638
0.464958
0.124787
0.487225
0.000340
0.140313
0.869517
0.703891
0.220749
0.460566
0.773990
0.008413
0.632443
0.295616
0.272150
0.964432
0.334999
0.294489
0.963382
0.767511
0.309883
0.450577
0.845089
0.156048
0.710919
0.179921
0.689895
0.821712
0.221007
0.234765
0.329310
0.173990
0.447835
0.530527
0.622489
0.483935
0.618820
0.986117
0.078231
0.002432
0.622134
0.581018
0.142905
0.188389
0.515924
0.963718
0.033775
0.639677
0.210182
0.309550
0.432498
0.002090
0.029528
0.097249
0.947112
0.050275
0.212864
0.573190
0.124867
0.787679
0.692016
0.464421
0.274203
0.820258
0.106579
0.618228
0.547350
0.534744
0.480765
0.428581
0.716291
0.577860
0.859984
0.646677
0.636000
0.492289
0.715474
0.053640
0.919258
0.913471
0.937502
0.544706
0.844891
0.881964
0.756351
0.948231
0.704947
0.782187
0.476409
0.185456
0.950486
0.741753
0.949683
0.485030
0.208821
0.401240
0.560400
0.887294
0.595216
0.274890
0.088294
0.129595
0.233212
0.278808
0.686120
0.320090
0.498375
0.925982
0.523829
0.216206
0.479674
0.559589
0.200861
0.605702
0.713840
0.822023
0.273289
0.999181
0.259047
0.457685
0.721415
0.133880
0.419487
0.991024
0.420300
0.950314
0.863098
0.273746
0.824400
0.697784
0.028896
0.895039
0.347752
0.885210
0.521565
0.526323
0.014849
0.629716
0.048839
0.615152
0.922404
0.427349
0.428170
0.702953
0.375640
0.577860
0.308717
0.306478
0.501152
0.807323
0.407901
0.888071
0.464206
0.995943
0.305982
0.054112
0.136154
0.131094
0.596863
0.559125
0.996188
0.765379
0.777544
0.629361
0.563068
0.307472
0.116121
0.573890
0.853672
0.943862
0.792914
0.198066
0.586758
0.763580
0.287319
0.624384
0.061122
0.546200
0.042817
0.233077
0.579848
0.721183
0.157706
0.374596
0.519871
0.858273
0.822747
0.660319
0.444157
0.969028
0.865158
0.943617
0.731040
0.259632
0.462384
0.483826
0.138505
0.274738
0.596981
0.681869
0.462170
0.448256
0.893443
0.791282
0.838531
0.967746
0.695667
0.017482
0.251247
0.665891
0.632680
0.046689
0.778431
0.608181
0.895541
0.717690
0.723972
0.743816
0.752036
0.141827
0.308717
0.829939
0.219398
0.535315
0.025070
0.764705
0.165095
0.916050
0.221978
0.988388
0.296100
0.835012
0.831162
0.713256
0.271923
0.081309
0.675957
0.711036
0.518629
0.561327
0.556463
0.742441
0.339599
0.430950
0.032532
0.771650
0.421012
0.245166
0.415133
0.011862
0.325151
0.701544
0.874722
0.430022
0.588518
0.470882
0.358886
0.418675
0.369781
0.179538
0.460352
0.253971
0.086332
0.891750
0.700135
0.064249
0.748390
0.127866
0.204597
0.181126
0.510420
0.216841
0.225040
0.395919
0.176397
0.032437
0.380504
0.136500
0.315759
0.255486
0.247486
0.799404
0.877067
0.476626
0.324548
0.687536
0.991806
0.759068
0.246640
0.956707
0.981134
0.323257
0.025699
0.141827
0.010154
0.778098
0.602400
0.510532
0.733235
0.496379
0.236123
0.578795
0.032284
0.443842
0.388116
0.774324
0.139472
0.780311
0.131891
0.164993
0.869332
0.662216
0.429199
0.091570
0.484045
0.348204
0.708462
0.200981
0.054838
0.295374
0.225367
0.068667
0.723507
0.794434
0.303017
0.848720
0.957235
0.763355
0.739341
0.396705
0.001306
0.767175
0.190384
0.778652
0.577626
0.515699
0.970746
0.347933
0.717573
0.323257
0.278653
0.288901
0.013220
0.412211
0.564112
0.272226
0.252965
0.904945
0.224974
0.920436
0.228665
0.717107
0.343167
0.057550
0.765379
0.668142
0.396312
0.223863
0.063104
0.362958
0.328962
0.253108
0.844200
0.138329
0.805619
0.344063
0.392005
0.487774
0.010154
0.683995
0.837929
0.662572
0.474563
0.355485
0.690720
0.132692
0.455026
0.064360
0.050293
0.868594
0.329919
0.218244
0.389766
0.861214
0.050846
0.894788
0.433946
0.166525
0.973133
0.392884
0.006614
0.507285
0.100452
0.895625
0.749303
0.982739
0.375071
0.930026
0.011396
0.012009
0.856554
0.172402
0.775547
0.021887
0.519871
0.203145
0.215256
0.185904
0.150127
0.265165
0.140091
0.723740
0.356218
0.372703
0.944228
0.808916
0.607945
0.619056
0.164485
0.935411
0.743014
0.171244
0.450366
0.210244
0.538286
0.613970
0.010237
0.968633
0.924561
0.578445
0.790846
0.479674
0.770980
0.094167
0.071747
0.011457
0.260952
0.922331
0.341558
0.257734
0.095174
0.487774
0.676548
0.349652
0.848329
0.312392
0.927600
0.656643
0.731387
0.739801
0.543328
0.147516
0.059924
0.566204
0.246078
0.701192
0.670038
0.678086
0.190499
0.542640
0.165044
0.889960
0.572374
0.983878
0.081282
0.165095
0.776990
0.978786
0.487225
0.475540
0.365752
0.595216
0.404612
0.862345
0.141648
0.242307
0.687536
0.261172
0.916351
0.447203
0.358886
0.771984
0.442795
0.711153
0.806471
0.251962
0.376401
0.275349
0.542754
0.189641
0.583476
0.129803
0.544017
0.841921
0.067706
0.709398
0.672880
0.375640
0.818697
0.076758
0.578445
0.614561
0.925557
0.538973
0.547005
0.560400
0.261319
0.534630
0.228069
0.607000
0.311638
0.284722
0.827178
0.334471
0.357781
0.754196
0.676548
0.942817
0.885558
0.510868
0.235443
0.744160
0.891155
0.979097
0.983224
0.569810
0.272605
0.562023
0.556579
0.021108
0.115933
0.950657
0.729999
0.408701
0.363051
0.836222
0.570975
0.644304
0.706354
0.355210
0.392005
0.653796
0.369593
0.610543
0.191360
0.631613
0.351741
0.534630
0.733466
0.618820
0.317962
0.963285
0.431362
0.794109
0.944045
0.622253
0.069736
0.753060
0.368373
0.524622
0.671814
0.777544
0.899517
0.359532
0.864878
0.847742
0.539316
0.158098
0.126440
0.676312
0.979474
0.616572
0.021903
0.332102
0.667195
0.693430
0.708345
0.851641
0.599925
0.830245
0.157412
0.498375
0.323945
0.758163
0.800803
0.555192
0.833901
0.941886
0.785157
0.763580
0.662809
0.369687
0.626754
0.498264
0.735888
0.951112
0.176343
0.794542
0.401141
0.517727
0.794976
0.977295
0.052743
0.853768
0.711854
0.817444
0.092398
0.639796
0.403718
0.187256
0.086072
0.555538
0.877426
0.256064
0.078470
0.816293
0.057010
0.148026
0.029076
0.761552
0.787351
0.441017
0.396017
0.313568
0.701074
0.098025
0.408701
0.107631
0.225893
0.592041
0.268228
0.339155
0.009402
0.548041
0.924846
0.405408
0.154502
0.824297
0.894452
0.604522
0.219590
0.250890
0.960275
0.695667
0.968809
0.442690
0.156243
0.864223
0.432292
0.120951
0.589340
0.354752
0.436539
0.929337
0.552189
0.111824
0.620358
0.388406
0.614088
0.561907
0.847546
0.717457
0.284722
0.026569
0.662809
0.820570
0.330006
0.234630
0.409502
0.704478
0.154839
0.746562
0.082804
0.856076
0.456940
0.066597
0.581837
0.510868
0.989695
0.559357
0.316182
0.555538
0.823368
0.845581
0.786364
0.870436
0.417762
0.638610
0.204112
0.073359
0.234089
0.698725
0.278576
0.973850
0.739571
0.065911
0.224320
0.861686
0.106439
0.373365
0.669209
0.127498
0.073158
0.937372
0.406604
0.342094
0.491517
0.318471
0.679032
0.454602
0.913852
0.653796
0.603932
0.932207
0.304826
0.375260
0.442272
0.242654
0.468292
0.142141
0.774658
0.494940
0.655813
0.383383
0.990108
0.156340
0.290410
0.927109
0.649050
0.504493
0.079460
0.876258
0.463992
0.434568
0.133157
0.335440
0.204962
0.026569
0.149799
0.413922
0.123549
0.584297
0.161865
0.563068
0.043901
0.213177
0.874903
0.163574
0.634103
0.202783
0.048495
0.141425
0.450894
0.152539
0.865531
0.335264
0.438515
0.527117
0.531438
0.536686
0.858368
0.019901
0.374881
0.359809
0.727104
0.606764
0.032663
0.530413
0.195419
0.389280
0.749303
0.166013
0.893527
0.963861
0.207897
0.640389
0.237350
0.834609
0.148073
0.945801
0.019856
0.705064
0.760762
0.584883
0.265761
0.506503
0.949798
0.920436
0.963044
0.397786
0.785597
0.811139
0.950257
0.169780
0.670748
0.077229
0.294650
0.500151
0.668261
0.292084
0.113032
0.036224
0.656643
0.674655
0.319663
0.047424
0.628768
0.278268
0.993218
0.989673
0.940254
0.537028
0.149799
0.433429
0.537028
0.239681
0.665180
0.567599
0.567599
0.567018
0.655931
0.249184
0.107984
0.157266
0.702601
0.259412
0.324031
0.247768
0.730925
0.185848
0.996851
0.579614
0.585820
0.968809
0.210120
0.674300
0.500374
0.944045
0.086506
0.567715
0.481092
0.392103
0.314578
0.851350
0.238650
0.503601
0.194952
0.037354
0.121185
0.534858
0.932409
0.945921
0.087939
0.683050
0.929060
0.974593
0.138023
0.957287
0.219912
0.412111
0.573773
0.115895
0.401735
0.088768
0.036791
0.171297
0.313652
0.588166
0.648813
0.488434
0.784498
0.360548
0.203628
0.860457
0.784608
0.226287
0.621897
0.692134
0.858654
0.344152
0.855884
0.957287
0.536229
0.054188
0.913011
0.537028
0.238513
0.376971
0.270787
0.565855
0.572957
0.914993
0.371853
0.444786
0.989428
0.338445
0.028390
0.476300
0.705533
0.517276
0.758163
0.824194
0.180742
0.201041
0.578328
0.084865
0.946518
0.577159
0.045639
0.232875
0.140490
0.481311
0.692959
0.763467
0.580784
0.334471
0.761890
0.485469
0.179157
0.426016
0.500596
0.400449
0.467431
0.181401
0.162115
0.433636
0.079703
0.065345
0.054322
0.391031
0.490855
0.021985
0.699430
0.229729
0.451529
0.837227
0.692841
0.589810
0.360826
0.992650
0.969072
0.043527
0.321885
0.033579
0.156000
0.369875
0.478258
0.612906
0.869793
0.849501
0.197357
0.853382
0.758729
0.960477
0.993976
0.428890
0.149893
0.772653
0.605938
0.355851
0.238513
0.578912
0.341826
0.494166
0.207897
0.661031
0.502599
0.007354
0.195302
0.385697
0.968369
0.495162
0.929130
0.277036
0.012929
0.175324
0.243489
0.357596
0.071551
0.811983
0.013932
0.110952
0.353655
0.844990
0.307389
0.583125
0.807429
0.012756
0.983583
0.197063
0.138067
0.033567
0.499818
0.647508
0.443109
0.993083
0.793674
0.091325
0.129595
0.022341
0.147980
0.045429
0.707642
0.297879
0.327312
0.557042
0.109370
0.000215
0.107034
0.886341
0.773990
0.258244
0.555885
0.321799
0.097960
0.883285
0.161715
0.636119
0.574707
0.256209
0.239750
0.283469
0.792588
0.377257
0.247627
0.858368
0.872724
0.291047
0.465280
0.877247
0.545625
0.786255
0.856746
0.355851
0.890302
0.810504
0.774546
0.211738
0.266283
0.703891
0.226287
0.358794
0.663165
0.560632
0.296342
0.774546
0.014787
0.450155
0.198836
0.061998
0.429199
0.928575
0.328701
0.730347
0.306147
0.911085
0.479892
0.000761
0.881788
0.711854
0.863661
0.182782
0.986330
0.551958
0.458964
0.515474
0.462170
0.720019
0.008052
0.281520
0.905744
0.523036
0.445521
0.972446
0.428890
0.488214
0.721532
0.069449
0.443633
0.117179
0.173990
0.373271
0.183558
0.406404
0.361659
0.018831
0.065594
0.759068
0.288188
0.376781
0.102088
0.672524
0.186805
0.016237
0.615507
0.155661
0.818697
0.896292
0.213994
0.331490
0.497487
0.618938
0.315928
0.834609
0.758842
0.444262
0.926406
0.002016
0.890302
0.268603
0.456621
0.525642
0.006957
0.038185
0.814930
0.565739
0.698019
0.233346
0.851738
0.391908
0.268979
0.353746
0.892683
0.917848
0.538401
0.098025
0.594981
0.882317
0.540691
0.337648
0.511429
0.474238
0.034682
0.059095
0.443528
0.686592
0.836322
0.871902
0.348204
0.461956
0.360733
0.498042
0.801769
0.614088
0.503490
0.965558
0.452587
0.987411
0.045203
0.787569
0.542640
0.387340
0.233346
0.194020
0.014152
0.973333
0.444472
0.198243
0.890131
0.579848
0.862157
0.654626
0.649406
0.861308
0.193671
0.675247
0.618820
0.164739
0.660675
0.892767
0.662928
0.012620
0.448572
0.301706
0.822437
0.286136
0.670156
0.305569
0.749074
0.714658
0.641457
0.002016
0.976415
0.830653
0.353381
0.974825
0.157119
0.398968
0.465710
0.972487
0.645491
0.140490
0.664469
0.052631
0.265910
0.068596
0.971082
0.823161
0.590397
0.679741
0.893948
0.553574
0.125269
0.108019
0.471314
0.114958
0.265091
0.046014
0.255558
0.988672
0.088264
0.969028
0.720834
0.566785
0.719204
0.417458
0.436123
0.880548
0.447835
0.724901
0.409903
0.573074
0.173566
0.095269
0.723043
0.026025
0.094827
0.306064
0.427451
0.279426
0.401834
0.524848
0.109835
0.548846
0.866927
0.490525
0.930506
0.845581
0.547580
0.120250
0.889017
0.491406
0.583125
0.669445
0.651067
0.721764
0.624977
0.504382
0.084211
0.480765
0.986748
0.598276
0.317877
0.271923
0.125389
0.974086
0.976415
0.091052
0.322485
0.131178
0.323429
0.392688
0.940507
0.353381
0.997405
0.189698
0.980546
0.888415
0.338978
0.600043
0.461100
0.492841
0.876168
0.139737
0.725249
0.298853
0.306312
0.378115
0.678914
0.783729
0.866370
0.011100
0.908669
0.988341
0.441226
0.818488
0.314915
0.475214
0.758616
0.786803
0.483060
0.710919
0.866649
0.081199
0.706002
0.776990
0.218180
0.584062
0.061762
0.977475
0.368185
0.064963
0.560516
0.982369
0.947172
0.961921
0.646677
0.394742
0.367623
0.115857
0.692723
0.802090
0.390641
0.797356
0.537143
0.597216
0.051188
0.620477
0.363888
0.699430
0.994590
0.685412
0.759746
0.289774
0.131723
0.447624
0.798003
0.905744
0.398279
0.974086
0.268528
0.430640
0.486676
0.418066
0.275349
0.546660
0.829225
0.392884
0.981900
0.185064
0.689777
0.771203
0.023598
0.322828
0.706236
0.402032
0.779648
0.885210
0.725481
0.157853
0.449205
0.796059
0.690602
0.571674
0.359163
0.273898
0.588401
0.984600
0.650949
0.317283
0.122638
0.509411
0.685766
0.630783
0.121851
0.629953
0.202301
0.919774
0.235511
0.946459
0.122915
0.858844
0.030945
0.559010
0.669090
0.094261
0.265835
0.906459
0.325842
0.815560
0.179375
0.405707
0.652610
0.044882
0.229263
0.833598
0.186242
0.365006
0.895959
0.839331
0.685530
0.089334
0.644779
0.298284
0.153350
0.364447
0.080000
0.075979
0.143491
0.561443
0.963189
0.411207
0.891495
0.694843
0.268528
0.752832
0.967702
0.910465
0.539545
0.389474
0.074595
0.889446
0.956228
0.851641
0.857224
0.391908
0.404911
0.366593
0.727684
0.095111
0.115745
0.135636
0.487664
0.348113
0.018424
0.054093
0.501152
0.406305
0.050954
0.672169
0.112775
0.016548
0.275426
0.785926
0.961525
0.453753
0.532007
0.416750
0.262867
0.552074
0.028463
0.694372
0.898447
0.423663
0.666010
0.953957
0.720368
0.257589
0.374596
0.957077
0.549537
0.888071
0.203145
0.403122
0.952295
0.486676
0.182726
0.648932
0.457792
0.332102
0.717573
0.426938
0.105674
0.313315
0.091539
0.560980
0.571441
0.314662
0.222691
0.823575
0.263533
0.174044
0.960376
0.501597
0.795084
0.227210
0.584883
0.694843
0.219976
0.243141
0.830857
0.882933
0.247698
0.891835
0.279271
0.143672
0.960073
0.621542
0.234630
0.705650
0.262720
0.535543
0.866463
0.523829
0.589692
0.675838
0.062864
0.694372
0.931529
0.961773
0.452799
0.488434
0.582891
0.642643
0.606646
0.030956
0.113253
0.935674
0.568181
0.272453
0.285664
0.449099
0.578094
0.230329
0.444472
0.660438
0.731965
0.668024
0.992489
0.158836
0.560864
0.437994
0.848916
0.512776
0.081282
0.584179
0.357045
0.146409
0.977870
0.683050
0.480110
0.782738
0.577159
0.315084
0.304744
0.105190
0.234833
0.533489
0.445626
0.017462
0.755898
0.570393
0.335175
0.586172
0.993134
0.388794
0.457792
0.324720
0.816188
0.059633
0.219141
0.034960
0.219976
0.070505
0.686474
0.408701
0.115183
0.592041
0.194311
0.802626
0.734851
0.101250
0.306974
0.909373
0.053096
0.576575
0.674537
0.422744
0.637898
0.665299
0.865065
0.440600
0.414124
0.001633
0.514574
0.393177
0.416952
0.046359
0.424992
0.656524
0.724204
0.878232
0.293044
0.509635
0.174843
0.989695
0.973213
0.093450
0.996119
0.149097
0.569810
0.008522
0.050151
0.907172
0.231063
0.509187
0.349018
0.607590
0.101819
0.817966
0.641338
0.493503
0.545625
0.112554
0.090718
0.336852
0.420706
0.384153
0.434568
0.524735
0.227672
0.203628
0.861591
0.526890
0.423050
0.762567
0.686238
0.815769
0.414124
0.160270
0.749531
0.311889
0.600043
0.926758
0.067753
0.032544
0.138592
0.274585
0.621305
0.333768
0.005630
0.288980
0.329919
0.985849
0.399363
0.007986
0.483716
0.089633
0.719670
0.616808
0.282299
0.113326
0.949510
0.779648
0.047525
0.079703
0.733813
0.082026
0.660912
0.259632
0.428170
0.724088
0.784278
0.282610
0.462920
0.039287
0.027395
0.356035
0.925344
0.372231
0.459711
0.958900
0.669801
0.140890
0.933015
0.671222
0.266507
0.119476
0.739571
0.265537
0.665654
0.963574
0.216905
0.997028
0.882933
0.751240
0.665299
0.323343
0.882845
0.429199
0.777766
0.707759
0.730347
0.551382
0.149237
0.697549
0.442690
0.389377
0.376496
0.977331
0.582891
0.723275
0.626991
0.420808
0.443738
0.510756
0.927460
0.969289
0.216016
0.643237
0.138592
0.908355
0.306230
0.698137
0.324806
0.248688
0.865065
0.691427
0.103953
0.394546
0.025510
0.475431
0.520887
0.936982
0.395723
0.014945
0.953406
0.712088
0.403222
0.593805
0.200025
0.024050
0.031933
0.024256
0.751695
0.888587
0.733582
0.611252
0.665773
0.726409
0.802198
0.545280
0.563184
0.247980
0.017829
0.526096
0.672761
0.317368
0.960427
0.055866
0.223863
0.714074
0.536229
0.319578
0.163473
0.926476
0.710100
0.688952
0.629716
0.524962
0.111860
0.957654
0.258244
0.890985
0.558083
0.468400
0.026373
0.420706
0.883285
0.228467
0.395625
0.511092
0.995160
0.739571
0.719903
0.189926
0.187652
0.056376
0.320858
0.189014
0.746905
0.854731
0.402726
0.643237
