0.932409
0.572957
0.961426
0.468400
0.209130
0.399955
0.401537
0.557620
0.705768
0.437370
0.046922
0.983789
0.097927
0.437786
0.833294
0.189812
0.509635
0.819842
0.955046
0.718273
0.222626
0.893358
0.563184
0.200503
0.206854
0.560632
0.165502
0.326793
0.537143
0.107808
0.252391
0.786255
0.042421
0.485140
0.649999
0.945561
0.991342
0.883723
0.674537
0.937954
0.446887
0.459178
0.203205
0.140047
0.617873
0.710685
0.338445
0.343704
0.962460
0.725945
0.828612
0.851835
0.768743
0.890985
0.935279
0.010257
0.680805
0.624384
0.335440
0.482950
0.666839
0.309550
0.279968
0.572374
0.625806
0.906459
0.043217
0.799835
0.537600
0.218500
0.298690
0.631139
0.509411
0.257807
0.932409
0.393763
0.774435
0.844299
0.285114
0.505051
0.402527
0.114660
0.663876
0.773879
0.139781
0.751581
0.825739
0.606410
0.272605
0.644304
0.108728
0.439869
0.838030
0.573540
0.676312
0.645253
0.811983
0.250534
0.608063
0.217223
0.855404
0.645253
0.994084
0.381079
0.252678
0.994887
0.453965
0.405408
0.320090
0.791500
0.191245
0.897703
0.593922
0.850864
0.301379
0.636356
0.590749
0.109477
0.411809
0.675720
0.144262
0.874451
0.375925
0.373838
0.924347
0.171507
0.847938
0.502487
0.988388
0.590044
0.048152
0.500596
0.636356
0.662809
0.322742
0.465817
0.457579
0.785706
0.014759
0.635882
0.795626
0.013736
0.131891
0.149565
0.060763
0.676903
0.374217
0.257807
0.680332
0.856937
0.467215
0.669919
0.690956
0.478367
0.366313
0.590044
0.039741
0.789319
0.354112
0.941512
0.483497
0.794000
0.136803
0.521000
0.378401
0.938083
0.528935
0.806258
0.231532
0.554614
0.558199
0.772876
0.243559
0.233346
0.980809
0.099560
0.989134
0.048977
0.287951
0.977003
0.865531
0.990321
0.953517
0.705533
0.634459
0.828509
0.718506
0.954612
0.045123
0.582540
0.272302
0.677613
0.873179
0.289059
0.840528
0.646440
0.392103
0.897289
0.799404
0.841623
0.571092
0.225958
0.232875
0.960828
0.415537
0.822851
0.519532
0.604168
0.541149
0.961921
0.783178
0.217797
0.895625
0.441749
0.118017
0.492620
0.451000
0.828714
0.665061
0.784608
0.004988
0.766502
0.680332
0.436123
0.704009
0.376686
0.069497
0.153542
0.980645
0.750101
0.084609
0.167141
0.213114
0.776768
0.463563
0.489093
0.237896
0.816503
0.041475
0.952741
0.570626
0.444262
0.307803
0.328788
0.408701
0.245937
0.251390
0.506950
0.014596
0.507621
0.462277
0.025154
0.018859
0.615980
0.301297
0.062451
0.429507
0.079299
0.793240
0.572141
0.964147
0.653677
0.194835
0.791718
0.923270
0.599218
0.523716
0.386373
0.962117
0.180962
0.574007
0.358517
0.489314
0.442376
0.198480
0.305734
0.328527
0.861686
0.116309
0.523036
0.728263
0.939620
0.996245
0.890473
0.076862
0.067660
0.990821
0.338091
0.104983
0.016023
0.314578
0.517389
0.528935
0.202662
0.418168
0.766502
0.939811
0.874541
0.630190
0.167347
0.010896
0.887898
0.204052
0.972811
0.757824
0.595098
0.977040
0.685884
0.972446
0.336234
0.815140
0.906459
0.648338
0.861969
0.930506
0.378401
0.913776
0.458325
0.900336
0.127907
0.021274
0.617400
0.066574
0.151447
0.043140
0.300318
0.532691
0.405707
0.233818
0.533147
0.596039
0.956812
0.043948
0.899435
0.386180
0.356769
0.452693
0.731734
0.547810
0.235919
0.115520
0.054646
0.147100
0.537143
0.026140
0.009609
0.827485
0.492509
0.849599
0.072934
0.812722
0.162617
0.417357
0.632561
0.246148
0.540232
0.401042
0.765716
0.614561
0.055866
0.950600
0.266432
0.480438
0.216206
0.206670
0.254475
0.671222
0.072984
0.337648
0.320773
0.939811
0.019153
0.232203
0.329484
0.387728
0.226946
0.736810
0.968941
0.751353
0.023215
0.576458
0.831569
0.625806
0.294328
0.592864
0.720136
0.721648
0.859984
0.626161
0.141693
0.179538
0.380695
0.485908
0.799620
0.031550
0.066619
0.970619
0.331752
0.479020
0.697666
0.792805
0.569578
0.136154
0.240025
0.318047
0.353472
0.645135
0.801661
0.124987
0.872633
0.254908
0.191417
0.338091
0.793131
0.209996
0.677731
0.429404
0.077150
0.932544
0.962166
0.089454
0.186917
0.896874
0.038809
0.819842
0.295535
0.230596
0.242099
0.461528
0.529845
0.796059
0.061165
0.964195
0.264200
0.241475
0.654270
0.254403
0.992381
0.442272
0.432912
0.171927
0.071282
0.008198
0.320773
0.435501
0.565855
0.825637
0.455239
0.299910
0.084552
0.561211
0.980182
0.091356
0.554845
0.374407
0.726293
0.026160
0.484373
0.015531
0.952518
0.881523
0.287635
0.212864
0.470450
0.108835
0.202481
0.160220
0.043776
0.930643
0.244536
0.714191
0.050613
0.458858
0.750784
0.105882
0.968147
0.759972
0.263459
0.007862
0.025472
0.812616
0.935015
0.382806
0.253539
0.867113
0.297555
0.107069
0.114958
0.251461
0.661742
0.522583
0.647982
0.064560
0.062235
0.878590
0.160369
0.841126
0.909295
0.607118
0.934019
0.666128
0.704830
0.433946
0.558546
0.001014
0.862628
0.900336
0.931597
0.094042
0.053470
0.762904
0.160319
0.471098
0.328353
0.272074
0.427451
0.779095
0.074544
0.435501
0.282923
0.966981
0.157657
0.250605
0.896542
0.059198
0.520661
0.945861
0.711971
0.117369
0.206364
0.266208
0.290330
0.903984
0.214057
0.228732
0.913623
0.159527
0.010837
0.014974
0.584765
0.527004
0.509859
0.853479
0.441749
0.120873
0.264719
0.615862
0.705181
0.476300
0.708696
0.673235
0.188275
0.111097
0.581954
0.544017
0.616099
0.198539
0.018888
0.927320
0.265017
0.290410
0.261614
0.631257
0.783509
0.592276
0.162416
0.907725
0.926053
0.908040
0.751467
0.762792
0.384442
0.175270
0.177853
0.038991
0.000458
0.105328
0.711854
0.154357
0.576225
0.939365
0.892005
0.168793
0.355393
0.297960
0.082498
0.471206
0.269204
0.231934
0.426938
0.128687
0.074544
0.663046
0.812194
0.679268
0.677968
0.692605
0.805726
0.889446
0.830449
0.678559
0.365752
0.464314
0.758163
0.854154
0.638847
0.168637
0.426836
0.418979
0.792153
0.827998
0.969506
0.343973
0.157070
0.284095
0.390252
0.547925
0.207283
0.828918
0.646440
0.758729
0.796491
0.552651
0.849696
0.721648
0.125470
0.008224
0.787460
0.719204
0.580433
0.593099
0.047761
0.036171
0.128112
0.752832
0.697902
0.909998
0.874541
0.460993
0.778320
0.056376
0.718506
0.973612
0.897372
0.950657
0.217542
0.529731
0.778098
0.476191
0.423458
0.643592
0.328614
0.156729
0.066803
0.473479
0.518065
0.404911
0.512327
0.112518
0.299015
0.911627
0.665536
0.227408
0.417965
0.473696
0.862345
0.663046
0.353655
0.523829
0.937437
0.780311
0.354752
0.353016
0.569112
0.888587
0.933952
0.343973
0.692134
0.745076
0.755898
0.562371
0.770645
0.943678
0.797140
0.478584
0.102257
0.696843
0.055050
0.283235
0.837428
0.868871
0.311554
0.513225
0.365752
0.146547
0.112775
0.467323
0.328701
0.665417
0.833598
0.783839
0.840030
0.738651
0.650474
0.596039
0.620358
0.567134
0.786584
0.199966
0.992998
0.104467
0.393568
0.044452
0.536229
0.297555
0.120912
0.416446
0.219912
0.633510
0.702131
0.731503
0.893021
0.644660
0.469371
0.247345
0.207099
0.065911
0.499818
0.262941
0.832787
0.759294
0.184896
0.563184
0.009975
0.737846
0.005316
0.069521
0.492951
0.041149
0.862345
0.915296
0.577626
0.989180
0.038185
0.775102
0.862157
0.389183
0.481748
0.499596
0.602282
0.329919
0.987511
0.861591
0.346489
0.102831
0.689895
0.378401
0.451106
0.101117
0.576225
0.903501
0.549307
0.640745
0.967207
0.754082
0.385214
0.940570
0.458218
0.456940
0.920436
0.304744
0.424685
0.706354
0.861969
0.306478
0.418979
0.880282
0.888931
0.582774
0.366126
0.718506
0.363051
0.556001
0.887898
0.817653
0.744618
0.987759
0.052060
0.204173
0.847252
0.565739
0.317029
0.964763
0.833192
0.554498
0.779648
0.543672
0.951958
0.833800
0.236667
0.130885
0.308717
0.763467
0.238307
0.483060
0.382518
0.768296
0.156243
0.289139
0.936852
0.790628
0.194194
0.403917
0.515586
0.915296
0.012181
0.963140
0.389086
0.715824
0.424071
0.708228
0.802090
0.339688
0.078444
0.626991
0.883285
0.312644
0.783839
0.917699
0.113326
0.060573
0.957654
0.911781
0.782738
0.928088
0.839930
0.726061
0.787241
0.825739
0.697902
0.649169
0.303181
0.274203
0.863286
0.372514
0.167759
0.871811
0.859319
0.445836
0.291286
0.655219
0.495051
0.868410
0.890899
0.502599
0.093917
0.712205
0.958745
0.390738
0.630546
0.072165
0.190556
0.609125
0.805406
0.682814
0.690720
0.093543
0.299585
0.172930
0.496601
0.481529
0.220233
0.396901
0.176827
0.916502
0.602400
0.381175
0.519306
0.938019
0.166064
0.397786
0.324720
0.063366
0.483169
0.297474
0.033873
0.208389
0.515586
0.778541
0.211738
0.528480
0.661861
0.377829
0.960928
0.363144
0.670393
0.460032
0.823265
0.169572
0.401735
0.498486
0.459605
0.658066
0.538172
0.169624
0.637542
0.934816
0.244536
0.698489
0.710100
0.128852
0.866741
0.429610
0.888845
0.577977
0.836423
0.118629
0.564345
0.561211
0.773879
0.040680
0.919480
0.056238
0.267553
0.512439
0.710685
0.587580
0.826870
0.037801
0.690838
0.471098
0.970746
0.727336
0.837528
0.701896
0.352378
0.991882
0.386663
0.523036
0.498597
0.930163
0.466140
0.527799
0.349561
0.158049
0.738536
0.355393
0.165044
0.000606
0.880637
0.152064
0.768743
0.624621
0.404811
0.648932
0.969980
0.334383
0.789100
0.353472
0.640626
0.825019
0.978083
0.778541
0.554383
0.303510
0.415234
0.426323
0.168897
0.304991
0.259925
0.046260
0.261908
0.331927
0.191935
0.069330
0.194718
0.160767
0.812089
0.507061
0.645253
0.568064
0.092182
0.235307
0.074849
0.261393
0.047508
0.670511
0.403321
0.432912
0.893190
0.411006
0.240025
0.999574
0.061122
0.567250
0.768743
0.165298
0.026864
0.383287
0.375166
0.355210
0.711270
0.588636
0.492068
0.546200
0.957235
0.388600
0.728263
0.283704
0.950600
0.804872
0.374217
0.958020
0.291127
0.616453
0.379643
0.701896
0.043932
0.790410
0.958072
0.383672
0.334120
0.751809
0.722578
0.787460
0.826870
0.203205
0.716058
0.922910
0.641338
0.928297
0.356310
0.872176
0.983995
0.725945
0.978083
0.554152
0.061335
0.881080
0.252534
0.981774
0.819946
0.672169
0.838330
0.634696
0.815665
0.773211
0.295374
0.943556
0.845286
0.521339
0.618701
0.150174
0.698489
0.672880
0.009275
0.633036
0.218308
0.083112
0.533033
0.855692
0.766614
0.685412
0.555885
0.023008
0.576925
0.769862
0.055885
0.820570
0.592864
0.390544
0.447308
0.406504
0.695667
0.046507
0.730115
0.981584
0.081805
0.598511
0.154021
0.530641
0.103034
0.190671
0.645847
0.177745
0.017883
0.876798
0.822333
0.496490
0.035949
0.941449
0.859509
0.047407
0.094922
0.912089
0.591924
0.351832
0.472504
0.249965
0.612670
0.352378
0.285036
0.534858
0.644186
0.621187
0.442586
0.076342
0.564577
0.006786
0.392005
0.554152
0.621424
0.193903
0.732543
0.182118
0.492289
0.939429
0.151117
0.450472
0.558431
0.753514
0.550690
0.479892
0.526663
0.747362
0.625213
0.068998
0.091447
0.487225
0.819009
0.178558
0.126399
0.806258
0.921969
0.154117
0.148491
0.541034
0.669919
0.260218
0.702953
0.112995
0.230462
0.543902
0.238650
0.968589
0.588988
0.175913
0.652847
0.482950
0.648813
0.122836
0.668735
0.821504
0.351013
0.673827
0.792914
0.755558
0.002669
0.510083
0.901315
0.614798
0.483497
0.426323
0.061271
0.495383
0.831467
0.321115
0.092305
0.415739
0.277036
0.594745
0.691074
0.021068
0.382806
0.525302
0.024628
0.532235
0.981869
0.173990
0.357045
0.173778
0.561791
0.399462
0.392005
0.196416
0.119979
0.852028
0.278885
0.949105
0.969028
0.380791
0.832178
0.893611
0.589340
0.735427
0.906141
0.672051
0.446257
0.125631
0.330529
0.734735
0.294248
0.076810
0.443004
0.499707
0.409702
0.410905
0.911704
0.725017
0.455026
0.393470
0.356310
0.823368
0.990151
0.050169
0.116536
0.718622
0.099989
0.754082
0.191820
0.250962
0.045090
0.825122
0.459178
0.747362
0.341023
0.988076
0.998451
0.681750
0.201520
0.437370
0.052966
0.503713
0.819634
0.226024
0.297231
0.035975
0.444052
0.512776
0.633984
0.746448
0.904465
0.974516
0.099725
0.486676
0.370816
0.158589
0.507956
0.537486
0.185456
0.275579
0.324806
0.087880
0.474021
0.402131
0.822333
0.065934
0.219333
0.196416
0.562371
0.385021
0.919774
0.814090
0.971665
0.310300
0.374502
0.182228
0.830041
0.618820
0.077465
0.126643
0.905664
0.176773
0.146593
0.927109
0.733813
0.887034
0.840229
0.943372
0.060699
0.165298
0.784278
0.031013
0.087381
0.852803
0.993661
0.752378
0.459711
0.144307
0.480874
0.243559
0.767399
0.111751
0.786255
0.090688
0.444472
0.546545
0.164637
0.137151
0.230262
0.953185
0.995240
0.712088
0.671222
0.410003
0.008308
0.768967
0.586172
0.311052
0.579614
0.266955
0.967252
0.545051
0.825842
0.912243
0.691427
0.553805
0.624029
0.637661
0.992632
0.396213
0.459391
0.303921
0.449205
0.008276
0.684349
0.616927
0.736695
0.819426
0.474129
0.244117
0.219333
0.788335
0.805086
0.041968
0.900581
0.607118
0.168897
0.634459
0.403222
0.288188
0.580667
0.919922
0.353838
0.389863
0.742785
0.508739
0.922404
0.082192
0.049957
0.170354
0.413822
0.733582
0.491958
0.975703
0.393275
0.447624
0.341648
0.683877
0.847840
0.210058
0.711971
0.631257
0.295293
0.469802
0.241545
0.672051
0.528594
0.295213
0.433118
0.568646
0.861119
0.346579
0.840329
0.231733
0.615271
0.404513
0.657592
0.004378
0.604876
0.507844
0.065436
0.755785
0.604994
0.577510
0.518178
0.067011
0.109585
0.517614
0.292884
0.755218
0.920948
0.734389
0.009932
0.713256
0.417560
0.351923
0.721299
0.316605
0.478584
0.517952
0.458431
0.752832
0.235307
0.162667
0.297879
0.788335
0.073509
0.689070
0.385697
0.979847
0.322399
0.981552
0.220943
0.110591
0.823161
0.974125
0.345230
0.677140
0.724204
0.267104
0.161265
0.118668
0.566552
0.740605
0.753742
0.080898
0.828202
0.334383
0.342719
0.302935
0.303674
0.705650
0.995931
0.548041
0.860457
0.904224
0.226814
0.560400
0.141783
0.897372
0.871536
0.956121
0.458538
0.148073
0.102189
0.125309
0.845680
0.205205
0.218756
0.083590
0.006567
0.819634
0.123034
0.878501
0.070192
0.691781
0.732312
0.487884
0.492841
0.089903
0.863004
0.184059
0.352651
0.296827
0.824504
0.819530
0.175752
0.238307
0.566436
0.727220
0.086274
0.476735
0.865531
0.707525
0.733351
0.563880
0.810187
0.924775
0.297879
0.298122
0.179320
0.747020
0.741179
0.068408
0.747591
0.284173
0.291525
0.059778
0.426836
0.467969
0.701427
0.456833
0.692605
0.589692
0.022366
0.118476
0.103441
0.444786
0.364540
0.790410
0.919110
0.731849
0.899352
0.488763
0.539087
0.060279
0.568763
0.510756
0.137151
0.579029
0.052006
0.312057
0.237008
0.023528
0.462598
0.465065
0.557620
0.109800
0.792914
0.698607
0.487994
0.974399
0.330181
0.075361
0.343525
0.370440
0.971541
0.556463
0.615152
0.219783
0.425811
0.980546
0.236395
0.663402
0.240301
0.079192
0.210244
0.323859
0.077124
0.216969
0.088501
0.587345
0.200801
0.421623
0.599925
0.796708
0.224582
0.131094
0.675247
0.064271
0.980115
0.245797
0.053433
0.275655
0.496601
0.623318
0.943617
0.728263
0.932477
0.384828
0.468400
0.772542
0.654626
0.506726
0.277728
0.494387
0.930094
0.218692
0.390447
0.535201
0.974864
0.770309
0.934352
0.055612
0.613024
0.476083
0.272378
0.840329
0.451529
0.078550
0.183836
0.517163
0.051550
0.597452
0.843310
0.431569
0.980182
0.830755
0.318132
0.477496
0.874903
0.858273
0.737385
0.050542
0.663995
0.723275
0.332015
0.239199
0.133115
0.693665
0.770645
0.574357
0.513674
0.288980
0.723391
0.476191
0.765828
0.117293
0.946518
0.245937
0.336410
0.850280
0.584883
0.619885
0.368654
0.839431
0.902613
0.632680
0.465387
0.589927
0.488983
0.450155
0.312476
0.541952
0.935147
0.085294
0.053433
0.680214
0.362866
0.451740
0.626280
0.148537
0.377352
0.360918
0.645965
0.780863
0.997971
0.430022
0.596981
0.581252
0.245096
0.417155
0.197239
0.976857
0.001753
0.603461
0.542296
0.669801
0.242654
0.813353
0.305982
0.462813
0.295454
0.616690
0.447835
0.178613
0.340222
0.304744
0.583242
0.739341
0.780974
0.613734
0.210555
0.105570
0.434050
0.034158
0.398673
0.253899
0.035138
0.102156
0.976710
0.218053
0.249326
0.173089
0.277267
0.392005
0.339599
0.784278
0.975552
0.355301
0.057190
0.651186
0.970746
0.090174
0.505944
0.519419
0.184170
0.596039
0.888501
0.378974
0.869332
0.868132
0.349743
0.206120
0.655338
0.227408
0.576692
0.585351
0.234630
0.545625
0.644304
0.680214
0.755558
0.791935
0.343615
0.059778
0.478367
0.447835
0.790955
0.870436
0.642169
0.767735
0.520548
0.876887
0.892852
0.921896
0.058399
0.373744
0.000412
0.791064
0.335969
0.069117
0.753628
0.306395
0.896874
0.433429
0.526777
0.656287
0.819946
0.613379
0.715474
0.043901
0.582657
0.562835
0.769750
0.339155
0.887294
0.368091
0.653203
0.948989
0.697314
0.804338
0.636000
0.683523
0.278268
0.162517
0.177421
0.445101
0.377733
0.645372
0.731618
0.628650
0.603697
0.542525
0.102695
0.369687
0.801232
0.900090
0.219141
0.250677
0.805726
0.245446
0.888501
0.853479
0.244606
0.967162
0.147100
0.682578
0.248546
0.815140
0.031735
0.978924
0.710451
0.961476
0.644304
0.740719
0.427349
0.345499
0.699195
0.533375
0.354020
0.327659
0.878411
0.618583
0.897952
0.161915
0.725597
0.328788
0.609834
0.436020
0.806365
0.832280
0.957235
0.578328
0.050972
0.226024
0.610188
0.762454
0.259559
0.485688
0.403817
0.761214
0.009214
0.491186
0.693548
0.387728
0.877426
0.109191
0.942755
0.428170
0.790083
0.215889
0.030990
0.211177
0.221848
0.423765
0.375830
0.361289
0.401735
0.817862
0.042436
0.835113
0.107455
0.731040
0.647864
0.387340
0.010317
0.594040
0.568297
0.586407
0.494387
0.351832
0.804018
0.770756
0.700605
0.645253
0.267928
0.085668
0.045106
0.383576
0.339866
0.683168
0.979914
0.907409
0.776768
0.825637
0.228003
0.711036
0.034158
0.740719
0.206364
0.900826
0.380791
0.182339
0.186974
0.878947
0.637542
0.727336
0.773322
0.618583
0.832686
0.470882
0.606056
0.781305
0.109263
0.056930
0.649643
0.827485
0.903984
0.180413
0.740260
0.773656
0.181897
0.875807
0.065707
0.290888
0.475431
0.270636
0.470990
0.614325
0.231733
0.544017
0.918443
0.387534
0.235036
0.905982
0.311219
0.989020
0.858749
0.190327
0.816712
0.691074
0.757258
0.394840
0.507285
0.105917
0.147239
0.544247
0.216079
0.692252
0.862910
0.002246
0.336410
0.672288
0.889446
0.955317
0.658659
0.498153
0.827588
0.042680
0.583594
0.250890
0.961178
0.780421
0.762567
0.340667
0.145629
0.437682
0.803376
0.760649
0.165757
0.015094
0.034158
0.657829
0.899845
0.171875
0.893864
0.936330
0.954176
0.435812
0.891495
0.314157
0.828407
0.034670
0.419385
0.919406
0.260805
0.496158
0.682814
0.112115
0.645847
0.959565
0.729537
0.070385
0.640745
0.292164
0.469155
0.704830
0.353290
0.507173
0.275043
0.484483
0.058237
0.740375
0.021765
0.568181
0.657829
0.157559
0.070917
0.257153
0.629716
0.849306
0.999234
0.026150
0.578912
0.626161
0.778763
0.820466
0.343167
0.120134
0.575290
0.702718
0.234156
0.065053
0.198480
0.079649
0.642762
0.353381
0.719437
0.347030
0.371853
0.248263
0.099857
0.163877
0.453965
0.967836
0.754423
0.893358
0.929475
0.533489
0.542869
0.339866
0.050062
0.427041
0.021969
0.318386
0.463992
0.657829
0.825122
0.780090
0.398476
0.772988
0.334295
0.009909
0.334911
0.202602
0.076186
0.980744
0.084523
0.692605
0.514124
0.106265
0.225696
0.529731
0.948465
0.446677
0.300971
0.144625
0.806045
0.933150
0.722694
0.448151
0.796491
0.295213
0.835012
0.045591
0.096191
0.541149
0.170041
0.102257
0.025238
0.291127
0.967026
0.968765
0.988003
0.258390
0.869977
0.570160
0.335881
0.531210
0.448889
0.841822
0.862157
0.947290
0.491517
0.250748
0.669682
0.667195
0.151400
0.100950
0.943678
0.703891
0.931665
0.433739
0.752605
0.380887
0.296100
0.454071
0.974243
0.278808
0.942632
0.772096
0.944411
0.903903
0.261908
0.514349
0.787351
0.251390
0.741753
0.096382
0.463992
0.312644
0.067823
0.604640
0.093201
0.801339
0.751695
0.175217
0.644660
0.630309
0.876438
0.011871
0.138768
0.665180
0.026845
0.851738
0.653321
0.900744
0.646321
0.824297
0.248404
0.596745
0.605938
0.051188
0.756011
0.753060
0.497044
0.661149
0.066665
0.884249
0.466140
0.983848
0.400350
0.744503
0.454283
0.141068
0.810187
0.088708
0.674537
0.128317
0.465817
0.277036
0.262424
0.305816
0.007095
0.650711
0.555192
0.246218
0.151779
0.919553
0.092305
0.011972
0.529503
0.768520
0.512102
0.247063
0.986356
0.173990
0.091417
0.632206
0.980645
0.829021
0.682932
0.441958
0.074849
0.443423
0.556810
0.158885
0.263681
0.688480
0.021386
0.146962
0.858083
0.515361
0.268153
0.312644
0.061977
0.434879
0.100419
0.762904
0.859604
0.503713
0.592394
0.704712
0.296584
0.664943
0.407502
0.853865
0.296907
0.547925
0.598040
0.902127
0.182782
0.538401
0.756691
0.581486
0.815769
0.693194
0.223211
0.785048
0.536000
0.469586
0.931053
0.719437
0.264422
0.964432
0.706471
0.745076
0.679505
0.611606
0.185680
0.632443
0.476300
0.597805
0.791391
0.311387
0.833598
0.198599
0.468616
0.796708
0.478802
0.346850
0.353929
0.910387
0.636238
0.408001
0.272757
0.632206
0.093949
0.180852
0.203084
0.055069
0.881257
0.654389
0.073158
0.287477
0.432602
0.132692
0.300481
0.002209
0.305074
0.795084
0.467861
0.093917
0.379165
0.556579
0.152730
0.370346
0.268153
0.754196
0.415739
0.041223
0.508180
0.318727
0.428684
0.383576
0.660438
0.110231
0.085151
0.706588
0.839331
0.488653
0.980809
0.468400
0.052705
0.792371
0.462491
0.370157
0.132270
0.697666
0.422336
0.134306
0.582540
0.170459
0.531552
0.872815
0.994817
0.883373
0.420401
0.372798
0.550114
0.900254
0.304167
0.142680
0.752946
0.167810
0.523263
0.558431
0.741408
0.125833
0.028182
0.852706
0.617991
0.652728
0.956281
0.413922
0.235783
0.052594
0.711270
0.108267
0.712439
0.487335
0.618346
0.787898
0.935806
0.967432
0.048563
0.269581
0.928158
0.718738
0.155757
0.258171
0.431569
0.684467
0.693548
0.166525
0.293926
0.889875
0.730347
0.630546
0.728495
0.303017
0.823368
0.754196
0.545855
0.723391
0.375260
0.887034
0.389474
0.297879
0.004783
0.138768
0.595334
0.569927
0.602517
0.212113
0.958539
0.204233
0.684349
0.235511
0.064739
0.461635
0.340044
0.000523
0.157266
0.759520
0.006182
0.928575
0.774769
0.004065
0.686710
0.328353
0.804124
0.314831
0.860363
0.236872
0.000220
0.394938
0.143718
0.529162
0.600514
0.971291
0.861025
0.458964
0.637068
0.628413
0.614325
0.301461
0.261319
0.382806
0.814195
0.863567
0.924204
0.322227
0.574707
0.758050
0.645372
0.037842
0.248971
0.864504
0.392591
0.159576
0.383479
0.335264
0.656406
0.284095
0.893105
0.537486
0.135636
0.548501
0.949510
0.249184
0.263385
0.076212
0.623555
0.920069
0.823368
0.349652
0.178016
0.243420
0.525189
0.502821
0.624384
0.994311
0.181842
0.227738
0.273822
0.708930
0.538286
0.331403
0.322056
0.115033
0.916802
0.097474
0.200323
0.467431
0.350650
0.530755
0.981615
0.408301
0.867298
0.607590
0.832888
0.605230
0.793349
0.739226
0.344242
0.581486
0.959870
0.628650
0.783068
0.910542
0.563648
0.987635
0.731618
0.178124
0.229263
0.145218
0.351650
0.164485
0.448045
0.792697
0.904866
0.602635
0.329397
0.210058
0.232337
0.784718
0.962264
0.223994
0.432808
0.515474
0.746791
0.773990
0.998764
0.468723
0.511204
0.387631
0.041983
0.586289
0.287635
0.597569
0.195771
0.692959
0.391713
0.380695
0.913700
0.157217
0.551843
0.904064
0.595216
0.349652
0.527004
0.171822
0.463456
0.687536
0.165860
0.710685
0.168845
0.916427
0.896708
0.384057
0.152825
0.800480
0.242377
0.618346
0.631732
0.505609
0.492951
0.999487
0.746791
0.605702
0.825431
0.162919
0.971790
0.251962
0.428376
0.824504
0.265017
0.953296
0.540118
0.802412
0.385214
0.614088
0.765604
0.777101
0.389669
0.008745
0.704947
0.646559
0.160717
0.805726
0.537943
0.864410
0.860173
0.644898
0.719204
0.670867
0.590749
0.806897
0.975209
0.885732
0.206976
0.464743
0.031562
0.839131
0.582305
0.610306
0.102526
0.128440
0.630902
0.578211
0.147331
0.378306
0.043964
0.103748
0.677849
0.012356
0.517163
0.588166
0.164029
0.962019
0.748162
0.882405
0.595216
0.489534
0.272453
0.666010
0.895039
0.032770
0.723624
0.658185
0.586172
0.756011
0.263385
0.949510
0.276268
0.856076
0.580082
0.322485
0.095936
0.316351
0.666247
0.528935
0.942570
0.704126
0.805192
0.064005
0.840827
0.486237
0.047139
0.148724
0.019879
0.658659
0.642287
0.518855
0.167089
0.051260
0.695549
0.859794
0.693430
0.456195
0.845187
0.318812
0.365192
0.997772
0.075105
0.683050
0.317452
0.042909
0.247345
0.348294
0.840628
0.788335
0.885732
0.042028
0.906856
0.621542
0.829429
0.615152
0.492399
0.372325
0.894536
0.602517
0.319663
0.772653
0.670156
0.670156
0.562023
0.852512
0.915220
0.427041
0.092552
0.909686
0.486895
0.595098
0.736925
0.759520
0.760311
0.489534
0.451211
0.041684
0.673471
0.587932
0.308634
0.409402
0.384925
0.476191
0.248546
0.345140
0.382806
0.100088
0.159378
0.716174
0.844694
0.118399
0.632443
0.927670
0.597452
0.441644
0.592747
0.713140
0.760875
0.357045
0.206792
0.786474
0.379738
0.849208
0.732312
0.537943
0.085037
0.966799
0.474455
0.089843
0.822644
0.164181
0.842021
0.337825
0.308551
0.008475
0.735888
0.006659
0.701544
0.668498
0.881523
0.956865
0.445836
0.399166
0.300971
0.780200
0.182228
0.124907
0.544247
0.048804
0.673945
0.101317
0.784498
0.926335
0.888673
0.601574
0.735197
0.961525
0.070868
0.790628
0.524395
0.519193
0.470342
0.581486
0.200025
0.749645
0.695667
0.911240
0.760311
0.315337
0.824091
0.839930
0.636119
0.020974
0.042209
0.702953
0.968501
0.404811
0.582657
0.004657
0.337205
0.314831
0.565971
0.103441
0.270334
0.825945
0.142860
0.192917
0.449944
0.516825
0.800373
0.481857
0.942446
0.729421
0.308634
0.018584
0.298934
0.345949
0.077834
0.477714
0.875987
0.724901
0.831162
0.932746
0.366126
0.527571
0.286058
0.466355
0.712555
0.363888
0.074697
0.340578
0.593099
0.467323
0.721415
0.499374
0.272833
0.353107
0.571441
0.103714
0.663402
0.105709
0.093886
0.234765
0.397294
0.609362
0.589810
0.275808
0.763693
0.263163
0.248051
0.775547
0.935674
0.109835
0.323515
0.343346
0.245727
0.358517
0.503824
0.563996
0.877964
0.760649
0.723507
0.315337
0.621069
0.050756
0.995979
0.845089
0.071429
0.257153
0.037706
0.336763
0.775547
0.904705
0.969376
0.272453
0.884686
0.925770
0.783068
0.252965
0.047846
0.938790
0.064427
0.295616
0.615271
0.318727
0.838531
0.091722
0.406404
0.812511
0.454920
0.820050
0.465065
0.337205
0.012437
0.266208
0.735542
0.027334
0.946994
0.770533
0.804338
0.836825
0.045171
0.242793
0.277343
0.263681
0.053395
0.631613
0.143582
0.046972
0.658896
0.257516
0.349471
0.541837
0.016555
0.112701
0.783288
0.552766
0.390544
0.169364
0.556926
0.871994
0.036093
0.179538
0.713840
0.392786
0.614443
0.628887
0.470990
0.100751
0.686120
0.634814
0.043418
0.892005
0.454071
0.598747
0.723507
0.369405
0.205875
0.769862
0.938083
0.830449
0.340044
0.690956
0.367716
0.026063
0.263681
0.898859
0.269204
0.939874
0.498486
0.447203
0.531552
0.014217
0.716757
0.107808
0.069259
0.547235
0.969593
0.872085
0.596510
0.868964
0.933752
0.846073
0.953185
0.610070
0.114140
0.947172
0.053658
0.028853
0.387631
0.721532
0.010048
0.401735
0.269731
0.610070
0.376971
0.298203
0.841623
0.067729
0.305321
0.421215
0.789646
0.807110
0.055012
0.607708
0.662572
0.185904
0.382902
0.193091
0.440600
0.807642
0.346309
0.460673
0.348837
0.833294
0.000570
0.010253
0.277113
0.983224
0.538858
0.635645
0.156486
0.037300
0.833699
0.273518
0.041238
0.860836
0.658896
0.376305
0.054493
0.369405
0.190155
0.204719
0.731272
0.926124
0.023545
0.648338
0.306726
0.630783
0.523263
0.825431
0.208513
0.883986
0.197652
0.397491
0.752719
0.203507
0.689423
0.731503
0.405309
0.251318
0.750328
0.157217
0.829531
0.950657
0.753401
0.078790
0.924060
0.200622
0.042013
0.856554
0.274127
0.010737
0.137630
0.841723
0.290569
0.668142
0.498486
0.286530
0.134820
0.713373
0.706705
0.195244
0.782628
0.702249
0.964385
0.071993
0.761214
0.246289
0.119437
0.373744
0.648813
0.391323
0.112335
0.503936
0.857128
0.329919
0.722810
0.805726
0.439035
0.307803
0.346489
0.864130
0.919184
0.873634
0.284644
0.453753
0.298284
0.611015
0.262277
0.781305
0.319067
0.404911
0.054493
0.847154
0.444576
0.597687
0.168637
0.759294
0.702366
0.517389
0.536229
0.217669
0.920802
0.945199
0.430640
0.426118
0.832686
0.278422
0.247274
0.987486
0.206181
0.155806
0.472613
0.578795
0.076654
0.964147
0.860173
0.811033
0.787131
0.567250
0.480656
0.708696
0.624384
0.255702
0.196827
0.453329
0.223537
0.379356
0.317283
0.199252
0.165197
0.397196
0.728726
0.048649
0.965697
0.875987
0.380217
0.331228
0.659134
0.120172
0.191705
0.421114
0.770645
0.555770
0.720019
0.723740
0.348565
0.268603
0.931121
0.758503
0.835214
0.213052
0.579731
0.081172
0.526323
0.707408
0.770980
0.336587
0.736349
0.668735
0.982555
0.006078
0.431569
0.340311
0.800803
0.523716
0.375735
0.847154
0.010357
0.814195
0.942879
0.899927
0.537486
0.332453
0.044611
0.145355
0.967162
0.124067
0.994859
0.661861
0.655457
0.099101
0.409402
0.098904
0.230596
0.725829
0.425196
0.074671
0.553459
0.006189
0.712672
0.947585
0.310467
0.449099
0.060384
0.997432
0.033616
0.765379
0.591571
0.503601
0.298284
0.128646
0.316267
0.341826
0.983553
0.465172
0.067011
0.179266
0.218116
0.345949
0.188957
0.294650
0.232404
0.588870
0.019797
0.295293
0.116990
0.969549
0.024546
0.388406
0.785267
0.670156
0.369875
0.457898
0.109549
0.282844
0.324634
0.233414
0.995487
0.569112
0.775880
0.902289
0.095427
0.472071
0.838430
0.634222
0.900090
0.635407
0.441540
0.524508
0.375735
0.593569
0.544591
0.007646
0.630783
0.798543
0.244396
0.454389
0.658185
0.614798
0.240163
0.295616
0.564925
0.376115
0.813038
0.779205
0.392103
0.476409
0.885819
0.503824
0.525415
0.164384
0.135077
0.200323
0.520774
0.306147
0.770980
0.855020
0.496490
0.691899
0.047089
0.813774
0.820154
0.736234
0.696961
0.204112
0.412513
0.491076
0.209563
0.097249
0.815560
0.233212
0.672524
0.972690
0.109299
0.185792
0.333944
0.472613
0.973173
0.219269
0.892513
0.444157
0.185680
0.307886
0.442063
0.809869
0.271392
0.008738
0.630665
0.622016
0.536686
0.374502
0.139076
0.401240
0.127049
0.420096
0.871079
0.560632
0.032806
0.696373
0.076419
0.258828
0.372703
0.022316
0.808279
0.593569
0.197593
0.714074
0.153446
0.644660
0.538401
0.165860
0.081694
0.566320
0.350287
0.840827
0.553574
0.674182
0.155709
0.601692
0.009355
0.653321
0.133752
0.578328
0.016486
0.510644
0.730462
0.089036
0.772988
0.060489
0.922186
0.050774
0.575524
0.387340
0.285743
0.204537
0.464743
0.977258
0.075824
0.411106
0.775769
0.592864
0.386760
0.421623
0.570043
0.930163
0.593334
0.747134
0.221136
0.103373
0.599807
0.463348
0.104364
0.756011
0.798543
0.063388
0.278653
0.115183
0.898612
0.734159
0.560400
0.371476
0.357413
0.546545
0.874994
0.536686
0.398180
0.090144
0.022584
0.619766
0.595451
0.250107
0.064918
0.861119
0.753287
0.576341
0.626754
0.503601
0.808279
0.101887
0.654033
0.090204
0.134777
0.110591
0.436331
0.475105
0.679268
0.312644
0.645609
0.065753
0.387825
0.943433
0.743358
0.769415
0.131597
0.456727
0.972609
0.588988
0.771538
0.723159
0.187256
0.325928
0.985024
0.006442
0.816817
0.397098
0.180358
0.659608
0.728379
0.367810
0.193033
0.206242
0.648932
0.748504
0.257807
0.849013
0.225433
0.763242
0.077412
0.542869
0.880992
0.848525
0.706588
0.760198
0.849013
0.590279
0.757144
0.444052
0.786364
0.028151
0.043279
0.221654
0.503601
0.119167
0.075464
0.052152
0.316520
0.352469
0.559705
0.599218
0.506056
0.591806
0.725945
0.107737
0.590514
0.621779
0.800373
0.741408
0.067057
0.215256
0.018327
0.330529
0.109263
0.101887
0.421725
0.311136
0.706588
0.206792
0.056101
0.625213
0.387631
0.566552
0.109049
0.593922
0.663165
0.129099
0.236940
0.382326
0.429301
0.034682
0.091112
0.597687
0.984543
0.366687
0.706588
0.838531
0.353290
0.538744
0.863755
0.828509
0.591102
0.013778
0.763242
0.217032
0.699782
0.746448
0.494609
0.184393
0.633984
0.016897
0.087851
0.639559
0.241960
0.162969
0.215129
0.619530
0.857128
0.458325
0.540232
0.081474
0.816712
0.899681
0.469694
0.965278
0.822954
0.234630
0.691899
0.459071
0.976710
0.270108
0.538401
0.454071
0.268378
0.354569
0.752719
0.382326
0.617518
0.168223
0.509971
0.136067
0.561095
0.263385
0.057170
0.330355
0.471639
0.022991
0.109263
0.605230
0.570043
0.580082
0.278113
0.188389
0.105259
0.736695
0.581954
0.729652
0.382999
0.838430
0.096286
0.281987
0.543099
0.914386
0.242307
0.176558
0.721415
0.259486
0.063917
0.177691
0.423152
0.789537
0.876258
0.342719
0.922765
0.081971
0.805726
0.245657
0.377733
0.588518
0.015632
0.149518
0.556695
0.646796
0.301624
0.050080
0.930848
0.798003
0.504159
0.948931
0.345140
0.799512
0.160270
0.728495
0.127866
0.815140
0.778320
0.940822
0.318897
0.361938
0.618465
0.907882
0.933685
0.708930
0.002125
0.037381
0.759294
0.214624
0.006738
0.366033
0.004447
0.559241
0.333856
0.606764
0.149518
0.106929
0.994326
0.263237
0.208513
0.743014
0.641101
0.479565
0.407502
0.605230
0.133922
0.330442
0.518629
0.191993
0.395232
0.915824
0.984400
0.627465
0.853093
0.627346
0.189527
0.110808
0.950486
0.692841
0.328962
0.833395
0.056317
0.038378
0.173725
0.425401
0.485688
0.947112
0.750670
0.987759
0.055787
0.254691
0.181017
0.807216
0.894872
0.588753
0.472937
0.568996
0.990780
0.982307
0.506391
0.162517
0.904305
0.541493
0.947644
0.860268
0.172560
0.033034
0.358149
0.270108
0.791391
0.674892
0.895123
0.213491
0.066390
0.096222
0.078550
0.384732
0.991084
0.490415
0.940633
0.436020
0.444576
0.916201
0.816398
0.412815
0.446677
0.047474
0.579497
0.257298
0.248758
0.823988
0.096095
0.801447
0.090325
0.211613
0.470126
0.753173
0.407502
0.190327
0.024130
0.902370
0.745876
0.496822
0.847448
0.165349
0.618701
0.656050
0.352287
0.711620
0.144125
0.843607
0.350468
0.048238
0.277267
0.048943
0.388212
0.672406
0.281831
0.948523
0.814090
0.164485
0.567483
0.616572
0.188332
0.304579
0.409001
0.185961
0.931800
0.574473
0.884861
0.702249
0.945861
0.906618
0.832584
0.677968
0.838130
0.762341
0.686238
0.084438
0.193555
0.393275
0.886601
0.930916
0.468831
0.177313
0.463027
0.943126
0.471855
0.128646
0.615980
0.444052
0.583594
0.333417
0.503267
0.726293
0.196945
0.882933
0.888673
0.168223
0.568181
0.672998
0.753742
0.153542
0.790846
0.146409
0.519983
0.347842
0.811456
0.329832
0.173937
0.833598
0.464528
0.190327
0.575290
0.419893
0.487884
0.884511
0.382038
0.775436
0.136630
0.376210
0.126116
0.878411
0.816503
0.577159
0.307969
0.609834
0.371382
0.162215
0.650830
0.967477
0.338623
0.863942
0.925841
0.142725
0.614088
0.863192
0.538286
0.687772
0.578445
0.720717
0.100154
0.714191
0.457898
0.267254
0.268303
0.608771
0.245516
0.810081
0.617636
0.099527
0.439661
0.680805
0.314831
0.722694
0.918518
0.422948
0.947290
0.844497
0.096638
0.429507
0.571092
0.334823
0.160518
0.300236
0.573657
0.935806
0.415638
0.101217
0.768743
0.332715
0.305156
0.987586
0.863192
0.163574
0.639796
0.443947
0.220427
0.949336
0.734274
0.071723
0.415032
0.512102
0.404513
0.800480
0.464528
0.573074
0.953241
0.815350
0.704126
0.252821
0.780532
0.799512
0.359809
0.064227
0.903823
0.405707
0.531894
0.899517
0.925912
0.782077
0.028821
0.023293
0.274661
0.783509
0.137107
0.544132
0.736003
0.798111
0.918740
0.548962
0.700840
0.943556
0.345050
0.905982
0.183114
0.933618
0.956441
0.185680
0.490635
0.168845
0.727336
0.247698
0.442481
0.748960
0.893443
0.956068
0.159428
0.173778
0.961921
0.004455
0.641576
0.977403
0.268378
0.144990
0.384732
0.845089
0.039117
0.072909
0.915975
0.471206
0.422744
0.033070
0.492620
0.049552
0.324375
0.816188
0.008011
0.217669
0.952183
0.662572
0.213680
0.815035
0.500485
0.245446
0.935477
0.038795
0.865997
0.733004
0.047039
0.573074
0.330355
0.647508
0.501708
0.981231
0.044532
0.130176
0.337736
0.658422
0.284173
0.731040
0.298934
0.361381
0.493835
0.860741
0.169156
0.215256
0.621069
0.418168
0.536114
0.631257
0.782848
0.747134
0.499818
0.415032
0.608653
0.647745
0.431362
0.692488
0.523489
0.747248
0.178395
0.090567
0.155564
0.966251
0.274967
0.406504
0.872815
0.673827
0.062668
0.815979
0.423765
0.450789
0.314157
0.906935
0.945500
0.751809
0.382614
0.978225
0.252678
0.693901
0.463563
0.218692
0.657236
0.742097
0.958590
0.392103
0.877874
0.981774
0.472504
0.959054
0.315928
0.089304
0.277651
0.279349
0.903903
0.671932
0.990300
0.338978
0.042119
0.179593
0.997370
0.037665
0.047039
0.288188
0.233818
0.664943
0.608181
0.351286
0.504828
0.028981
0.078284
0.668142
0.113032
0.426221
0.727800
0.630546
0.301706
0.519419
0.012879
0.914614
0.106859
0.757371
0.079946
0.530983
0.330878
0.124947
0.826048
0.080625
0.175538
0.921313
0.117445
0.969765
0.435190
0.192744
0.422336
0.661031
0.232539
0.826151
0.683759
0.166730
0.443947
0.729421
0.846663
0.367435
0.715941
0.570509
0.264571
0.126237
0.247274
0.139076
0.874269
0.043171
0.216587
0.124267
0.530300
0.424276
0.219269
0.802841
0.776435
0.616808
0.706822
0.638254
0.393568
0.233346
0.870712
0.441540
0.164384
0.535543
0.788007
0.585351
0.086187
0.982800
0.667905
0.388503
0.139781
0.322313
0.532577
0.288188
0.995701
0.777101
0.416750
0.953019
0.713256
0.679387
0.973013
0.700370
0.574357
0.514236
0.821089
0.874541
0.139914
0.184226
0.708813
0.986722
0.493724
0.342094
0.864504
0.122678
0.970576
0.149237
0.346940
0.726409
0.706705
0.185736
0.250463
0.042619
0.200085
0.711387
0.034133
0.436539
0.698725
0.743587
0.703422
0.573657
0.899106
0.830449
0.144990
0.556348
0.109084
0.874903
0.083196
0.383576
0.550344
0.602989
0.312560
0.585351
0.034145
0.199489
0.574007
0.399264
0.912243
0.479347
0.992720
0.399462
0.218372
0.373460
0.526550
0.920948
0.055807
0.267329
0.520322
0.526436
0.731618
0.597452
0.628650
0.569810
0.664587
0.672761
0.474780
0.767175
0.532577
0.426016
0.424582
0.517050
0.099626
0.719088
0.125349
0.511990
0.248475
0.448889
0.121694
0.612433
0.278808
0.497931
0.932342
0.917848
0.187935
0.121537
0.711620
0.087645
0.559125
0.106684
0.932544
0.302443
0.097442
0.399955
0.993015
0.592041
0.972160
0.103748
0.039756
0.759294
0.888845
0.413318
0.504940
0.301788
0.240025
0.246218
0.145950
0.227276
0.964715
0.879749
0.245727
0.237486
0.352925
0.530641
0.328180
0.388309
0.882757
0.302771
0.278962
0.534516
0.989316
0.898859
0.455983
0.726641
0.168068
0.241337
0.120367
0.674418
0.105535
0.192744
0.997343
0.521565
0.277267
0.383864
0.800480
0.183225
0.242099
0.852996
0.785926
0.074139
0.453011
0.349743
0.135249
0.426016
0.602753
0.630783
0.802733
0.247133
0.169676
0.540805
0.625687
0.535886
0.176773
0.368373
0.374312
0.028432
0.416345
0.233077
0.735197
0.519532
0.547695
0.658185
0.712322
0.881964
0.876618
0.999729
0.400548
0.710568
0.135938
0.772988
0.380217
0.582774
0.905903
0.012979
0.744503
0.165809
0.658541
0.523942
0.921095
0.401933
0.158196
0.092613
0.763693
0.482294
0.505609
0.807748
0.872176
0.949452
0.751809
0.180797
0.642406
0.231465
0.404911
0.297312
0.115108
0.984082
0.965651
0.562139
0.783288
0.529617
0.543672
0.701779
0.516712
0.043063
0.544017
0.607472
0.348023
0.192224
0.283860
0.467215
0.321713
0.947526
0.583242
0.405010
0.816817
0.727684
0.135249
0.277497
0.348294
0.769750
0.167914
0.228732
0.096095
0.855596
0.332277
0.436123
0.464528
0.286845
0.071404
0.080980
0.691545
0.417155
0.555307
0.350196
0.338800
0.778984
0.489974
0.694725
0.929060
0.460780
0.939238
0.423050
0.561211
0.339688
0.126968
0.056337
0.483388
0.041624
0.709164
0.442167
0.769639
0.427349
0.205266
0.188729
0.787898
0.645372
0.448889
0.786255
0.709515
0.075233
0.919553
0.691545
0.039570
0.644898
0.541264
0.592041
0.031263
0.510868
0.006669
0.402627
0.239681
0.610188
0.340578
0.644067
0.720601
0.117750
0.466570
0.851544
0.363702
0.407103
0.142635
0.599689
0.093761
0.252749
0.474346
0.825534
0.103578
0.865065
0.891835
0.566436
0.889189
0.277497
0.105120
0.453859
0.454814
0.329571
0.151542
0.816712
0.068998
0.895541
0.542181
0.878232
0.899927
0.017816
0.329136
0.274890
0.859034
0.314493
0.427041
0.104021
0.539202
0.972201
0.669090
0.158836
0.165502
0.781636
0.651779
0.258098
0.950543
0.938790
0.078497
0.017548
0.057170
0.085094
0.849306
0.387922
0.851931
0.435708
0.550805
0.049342
0.508180
0.533489
0.277805
0.979337
0.780532
0.418776
0.783839
0.403222
0.059591
0.261025
0.535201
0.010162
0.059013
0.694961
0.636119
0.817026
0.175217
0.208513
0.272074
0.175003
0.959156
0.909139
0.460886
0.474129
0.561675
0.686828
0.801554
0.001802
0.670630
0.843607
0.071429
0.055031
0.756238
0.008879
0.889189
0.190556
0.964621
0.072611
0.546315
0.668616
0.381654
0.018176
0.524508
0.895207
0.888673
0.875897
0.068691
0.476735
0.288663
0.732427
0.957497
0.921969
0.537829
0.775991
0.889189
0.397491
0.731503
0.314662
0.807323
0.021218
0.031047
0.901152
0.296584
0.623318
0.647152
0.458751
0.376781
0.956121
0.109943
0.153398
0.583945
0.346669
0.252176
0.443947
0.247909
0.892174
0.325669
0.603461
0.972364
0.206609
0.274661
0.669682
0.739456
0.468939
0.732427
0.153733
0.930369
0.912243
0.512214
0.965511
0.835214
0.547925
0.016361
0.279735
0.449416
0.352196
0.393177
0.604522
0.175110
0.882581
0.809869
0.243280
0.382806
0.707291
0.814300
0.268003
0.501263
0.804872
0.546430
0.190556
0.656287
0.529390
0.384539
0.540118
0.905185
0.444262
0.052281
0.947349
0.347752
0.480219
0.036884
0.799727
0.684940
0.582657
0.670985
0.013820
0.185064
0.069378
0.698607
0.826254
0.015508
0.444052
0.261835
0.477278
0.733235
0.792805
0.012860
0.642881
0.728031
0.072215
0.636831
0.708813
0.423254
0.120795
0.052006
0.101150
0.716641
0.876708
0.032615
0.733235
0.724436
0.333329
0.475648
0.886861
0.670985
0.868687
0.149331
0.135765
0.842021
0.257443
0.795518
0.125591
0.512327
0.517727
0.728263
0.885210
0.972892
0.068738
0.518403
0.996605
0.483388
0.308468
0.980115
0.579965
0.904705
0.269054
0.765379
0.594275
0.591806
0.701779
0.994069
0.964668
0.546430
0.112115
0.623910
0.703657
0.587580
0.434360
0.483826
0.920948
0.440704
0.469910
0.858083
0.896542
0.159181
0.436227
0.232942
0.347842
0.395625
0.829837
0.332015
0.212738
0.619530
0.691309
0.779316
0.003290
0.014535
0.846565
0.989225
0.739571
0.091417
0.471963
0.836725
0.708345
0.633391
0.292564
0.690013
0.727336
0.986435
0.777877
0.091600
0.479565
0.933284
0.993661
0.172402
0.194952
0.249823
0.789319
0.673353
0.195829
0.087998
0.789428
0.463563
0.160369
0.768072
0.479456
0.586172
0.275349
0.290410
0.379834
0.100187
0.635645
0.502153
0.732889
0.271241
0.430744
0.260071
0.322399
0.858464
0.064605
0.735081
0.834508
0.290967
0.600514
0.889532
0.626872
0.427451
0.112115
0.433636
0.108906
0.116762
0.346039
0.320090
0.372987
0.134008
0.289297
0.333856
0.543672
0.255702
0.425401
0.443947
0.509747
0.444052
0.659015
0.047559
0.930369
0.172085
0.297879
0.715941
0.014613
0.755671
0.856459
0.429919
0.289297
0.193961
0.222172
0.198125
0.653084
0.509187
0.634933
0.071600
0.309050
0.417864
0.723507
0.915296
0.134392
0.373365
0.179921
0.301379
0.625687
0.105293
0.806791
0.032926
0.018781
0.001415
0.142231
0.864036
0.330704
0.826151
0.585469
0.445941
0.763580
0.464850
0.125591
0.394742
0.361289
0.363330
0.160767
0.081062
0.633154
0.709866
0.211488
0.334911
0.809340
0.554383
0.101451
0.174256
0.061826
0.844101
0.540691
0.427451
0.295213
0.808173
0.505498
0.812616
0.784938
0.539545
0.224778
0.528480
0.196886
0.555654
0.433843
0.706119
0.002020
0.903501
0.007862
0.083618
0.439348
0.322142
0.591924
0.649643
0.489864
0.527004
0.262203
0.328614
0.141514
0.994704
0.861969
0.034695
0.439765
0.220556
0.570043
0.998408
0.027003
0.237418
0.405209
0.315168
0.960527
0.849891
0.532007
0.969419
0.838931
0.440704
0.039471
0.760762
0.386083
0.576108
0.384346
0.389377
0.514574
0.456195
0.104261
0.136717
0.058501
0.040172
0.054532
0.552305
0.181017
0.865625
0.109692
0.703070
0.125309
0.309133
0.317452
0.313147
0.339422
0.657473
0.025247
0.189926
0.862251
0.729189
0.575057
0.300971
0.133667
0.213617
0.292884
0.233414
0.727336
0.295293
0.719437
0.408101
0.394840
0.698725
0.083421
0.850864
0.831975
0.267628
0.644067
0.860268
0.594393
0.952295
0.224124
0.031161
0.771538
0.148351
0.284800
0.046573
0.056871
0.050116
0.017708
0.429199
0.629479
0.741293
0.844497
0.474238
0.353381
0.895458
0.838030
0.702249
0.337914
0.522244
0.762003
0.064986
0.595098
0.628057
0.062041
0.922548
0.052428
0.720950
0.885123
0.183392
0.265165
0.165349
0.400054
0.654389
0.895290
0.672524
0.605466
0.696843
0.245236
0.101786
0.038795
0.904625
0.172560
0.043792
0.642050
0.380217
0.004268
0.142455
0.188162
0.594628
0.529845
0.151732
0.939046
0.286058
0.994704
0.943740
0.451000
0.213617
0.346039
0.758163
0.014759
0.869885
0.838731
0.783729
0.693194
0.851931
0.208698
0.174469
0.519758
0.423663
0.057269
0.644779
0.970619
0.493282
0.758616
0.690956
0.744503
0.211925
0.276652
0.117559
0.319408
0.170302
0.872724
0.367623
0.582071
0.309217
0.347120
0.762454
0.772096
0.277113
0.774435
0.832990
0.298609
0.270561
0.810822
0.881964
0.495272
0.076005
0.185736
0.219141
0.673471
0.195595
0.823471
0.759633
0.921896
0.987783
0.591454
0.988554
0.410905
0.401339
0.126602
0.068314
0.341023
0.155903
0.883899
0.755104
0.848916
0.318556
0.775769
0.696843
0.532691
0.166884
0.010293
0.538058
0.894116
0.070048
0.244746
0.102628
0.765379
0.052244
0.768967
0.159428
0.346039
0.141693
0.239543
0.829123
0.565390
0.483060
0.307057
0.331228
0.180962
0.549077
0.519532
0.928853
0.594745
0.117940
0.598040
0.108871
0.718971
0.814090
0.407003
0.817966
0.393861
0.511092
0.948114
0.546430
0.266134
0.669801
0.199430
0.834204
0.356402
0.551151
0.993661
0.325842
0.080298
0.597216
0.845187
0.833800
0.693430
0.214877
0.868040
0.409202
0.611488
0.465817
0.638966
0.443633
0.493172
0.881964
0.288505
0.326014
0.289615
0.698137
0.601221
0.054781
0.692488
0.211675
0.806578
0.418168
0.525869
0.453223
0.436539
0.130093
0.103475
0.829837
0.106894
0.275043
0.793349
0.472396
0.766390
0.247556
0.172243
0.625332
0.723507
0.570975
0.116687
0.159428
0.654508
0.680805
0.524508
0.519193
0.352925
0.474346
0.787351
0.835617
0.432602
0.024555
0.019939
0.037897
0.566785
0.063630
0.893948
0.577626
0.127989
0.086477
0.787131
0.676312
0.196710
0.170772
0.257007
0.432498
0.871719
0.183503
0.657117
0.839630
0.765941
0.524055
0.074798
0.620832
0.240991
0.350559
0.410705
0.682459
0.258390
0.004956
0.227474
0.432188
0.145309
0.533717
0.572724
0.603932
0.025331
0.403519
0.162868
0.954176
0.427451
0.120756
0.804445
0.811667
0.987685
0.016517
0.588284
0.643592
0.643355
0.279813
0.429096
0.947762
0.463241
0.702835
0.268528
0.353199
0.271468
0.703422
0.737846
0.186579
0.107490
0.347301
0.854924
0.731965
0.212300
0.650949
0.654508
0.233683
0.102932
0.348927
0.201160
0.688716
0.089155
0.546545
0.459498
0.318471
0.612906
0.699077
0.778652
0.855404
0.090627
0.502153
0.131429
0.048392
0.388503
0.647033
0.482294
0.148677
0.114288
0.377162
0.710217
0.487554
0.925415
0.040360
0.216524
0.430228
0.381750
0.414830
0.134349
0.174789
0.280898
0.744847
0.079460
0.956335
0.042376
0.419081
0.428273
0.733235
0.949683
0.510532
0.162316
0.656287
0.659134
0.759633
0.610779
0.323515
0.625095
0.234697
0.649762
0.914917
0.856746
0.744732
0.160518
0.865345
0.010186
0.721532
0.358794
0.247133
0.173512
0.038378
0.791935
0.751467
0.011338
0.371570
0.740260
0.313147
0.391713
0.814825
0.298284
0.650949
0.014326
0.089663
0.078417
0.367904
0.972730
0.061399
0.516037
0.507173
0.245166
0.661031
0.601574
0.025200
0.054093
0.585234
0.928436
0.917176
0.455983
0.266805
0.495715
0.253467
0.929475
0.664469
0.743702
0.225893
0.819113
0.423254
0.863848
0.956121
0.903340
0.479129
0.013465
0.849111
0.490525
0.545395
0.372514
0.324289
0.581135
0.397294
0.387825
0.910231
0.538630
0.244257
0.558431
0.138724
0.492730
0.469478
0.204112
0.134178
0.219333
0.865251
0.092860
0.854346
0.281287
0.696843
0.022838
0.539774
0.404612
0.810716
0.353929
0.341826
0.259193
0.616453
0.643830
0.775991
0.403122
0.131849
0.670985
0.105051
0.748162
0.238033
0.518516
0.007092
0.646203
0.142905
0.014326
0.416446
0.323515
0.638135
0.549537
0.487444
0.773879
0.513225
0.304744
0.123828
0.459178
0.635526
0.168223
0.620240
0.596981
0.753514
0.793674
0.559589
0.989673
0.626991
0.845187
0.053208
0.041788
0.712439
0.381654
0.251318
0.959002
0.022224
0.960978
0.984082
0.940444
0.010369
0.433946
0.348656
0.068502
0.000914
0.717923
0.849208
0.554498
0.057691
0.489644
0.191015
0.266880
0.210928
0.833901
0.166474
0.625450
0.192744
0.431878
0.638728
0.487005
0.692841
0.137848
0.001681
0.174576
0.700487
0.796167
0.503601
0.663046
0.785267
0.946280
0.229330
0.650830
0.509859
0.108055
0.672880
0.308717
0.772430
0.388503
0.660557
0.839930
0.540805
0.909998
0.143853
0.621069
0.224451
0.748162
0.825637
0.827793
0.082804
0.651423
0.929130
0.015733
0.311387
0.350922
0.217478
0.935674
0.129471
0.078364
0.617755
0.261393
0.631613
0.711620
0.315337
0.616690
0.504382
0.609362
0.795734
0.060195
0.759633
0.866463
0.348204
0.358425
0.895458
0.358517
0.187652
0.152396
0.366313
0.780642
0.140801
0.516600
0.582422
0.043917
0.410003
0.648813
0.343167
0.896791
0.624977
0.584062
0.287793
0.290808
0.322485
0.941574
0.827588
0.723856
0.431775
0.423867
0.897040
0.061186
0.303756
0.572724
0.121537
0.328875
0.017259
0.956121
0.951338
0.858083
0.004568
0.235104
0.973453
0.710802
0.246711
0.864691
0.106649
0.827280
0.475757
0.992070
0.288742
0.621069
0.816712
0.181897
0.334383
0.933082
0.153207
0.202843
0.859889
0.759294
0.887380
0.976784
0.672998
0.440704
0.923917
0.700487
0.260658
0.347933
0.838731
0.058992
0.221654
0.824504
0.297150
0.372609
0.556463
0.416143
0.872906
0.471963
0.054379
0.839830
0.481639
0.968457
0.976452
0.370628
0.147008
0.367435
0.912474
0.903984
0.463885
0.084154
0.133454
0.859604
0.346669
0.510868
0.564461
0.419487
0.800265
0.854635
0.667669
0.422132
0.716874
0.566320
0.256282
0.454708
0.640745
0.587110
0.019088
0.891325
0.408601
0.369969
0.039627
0.586289
0.017083
0.061378
0.240508
0.188275
0.976930
0.950143
0.707291
0.028276
0.839131
0.858939
0.233616
0.758050
0.288742
0.785487
0.557620
0.301870
0.616217
0.817548
0.438515
0.785487
0.951790
0.952295
0.715008
0.564229
0.782738
0.429713
0.667313
0.426631
0.992685
0.452058
0.827588
0.834204
0.188502
0.061463
0.136240
0.318301
0.282688
0.615980
0.984198
0.117217
0.311303
0.033408
0.275808
0.131052
0.033677
0.243280
0.983224
0.384925
0.324461
0.647271
0.696608
0.025833
0.336587
0.746562
0.591806
0.319748
0.274890
0.274051
0.804979
0.739915
0.599454
0.558199
0.731503
0.646203
0.754537
0.077570
0.447098
0.373649
0.302033
0.210866
0.839031
0.438202
0.789974
0.259412
0.557389
0.529958
0.037448
0.276268
0.841723
0.612670
0.414023
0.471531
0.258244
0.597923
0.398180
0.869148
0.972730
0.785487
0.385793
0.146271
0.483278
0.805619
0.186805
0.377733
0.706354
0.228798
0.285900
0.194777
0.827690
0.581837
0.004133
0.157804
0.928088
0.864597
0.681987
0.128112
0.159576
0.236735
0.960527
0.725017
0.428993
0.397786
0.310384
0.298772
0.896708
0.224124
0.506391
0.342005
0.448783
0.542640
0.461528
0.245376
0.620240
0.801232
0.316436
0.452587
0.842219
0.738306
0.824710
0.405010
0.070433
0.861686
0.063696
0.953627
0.043807
0.884686
0.092336
0.410404
0.806791
0.040461
0.980282
0.127866
0.977691
0.394351
0.097830
0.754991
0.479347
0.270485
0.505163
0.702131
0.918666
0.210120
0.439452
0.038516
0.419081
0.629835
0.863004
0.049099
0.325842
0.129306
0.972730
0.049064
0.831975
0.388794
0.819634
0.801554
0.489974
0.554383
0.301216
0.314831
0.271998
0.186579
0.210431
0.266134
0.426733
0.700840
0.566785
0.203265
0.525642
0.212175
0.700722
0.310718
0.383287
0.448572
0.847252
0.395919
0.416244
0.408701
0.157608
0.560864
0.440078
0.260438
0.945500
0.989651
0.409802
0.684585
0.911163
0.352469
0.375071
0.518855
0.787679
0.612315
0.531096
0.812827
0.366687
0.868502
0.808597
0.221718
0.581486
0.023580
0.480219
0.884249
0.386856
0.518178
0.789319
0.996345
0.159923
0.330355
0.308052
0.433015
0.036659
0.326966
0.791282
0.852028
0.577042
0.562139
0.127498
0.984169
0.597569
0.304661
0.387728
0.736464
0.313315
0.150174
0.432085
0.047072
0.165298
0.962606
0.744274
0.165298
0.354203
0.321970
0.401735
0.494387
0.011382
0.162065
0.308800
0.650474
0.896459
0.474021
0.944106
0.663639
0.429199
0.302771
0.458005
0.102189
0.368091
0.291366
0.070264
0.957863
0.686474
0.392200
0.864597
0.284017
0.927039
0.169052
0.720601
0.990677
0.487115
0.206425
0.047677
0.822333
0.733120
0.157559
0.892174
0.442272
0.118399
0.756918
0.179975
0.940633
0.875987
0.499929
0.657710
0.631257
0.344691
0.494166
0.980874
0.057050
0.057771
0.312057
0.533147
0.594275
0.031229
0.305239
0.562255
0.488763
0.803269
0.433015
0.034269
0.785816
0.126765
0.864317
0.162065
0.087323
0.283626
0.539087
0.231733
0.152873
0.432085
0.049780
0.565158
0.298203
0.498042
0.469586
0.575057
0.101685
0.916050
0.080871
0.654389
0.468400
0.272453
0.881611
0.046972
0.867669
0.100717
0.583125
0.627228
0.685766
0.587580
0.610425
0.250748
0.947467
0.972649
0.028141
0.012380
0.835617
0.525869
0.698254
0.936591
0.030956
0.087469
0.496933
0.396901
0.339155
0.492178
0.639084
0.726873
0.819218
0.681396
0.787569
0.945259
0.053583
0.984082
0.041002
0.816084
0.686710
0.693077
0.102055
0.136977
0.568064
0.289139
0.392786
0.147331
0.308884
0.757258
0.838030
0.619648
0.959002
0.525869
0.539660
0.939556
0.398476
0.748504
0.110411
0.915900
0.895207
0.521226
0.596510
0.904385
0.982338
0.384442
0.245306
0.617991
0.049780
0.134136
0.797464
0.680687
0.714191
0.618583
0.119013
0.305899
0.901884
0.043651
0.191935
0.062668
0.819009
0.035279
0.017890
0.392493
0.441644
0.273061
0.252893
0.645965
0.409802
0.115482
0.821089
0.348746
0.313904
0.057510
0.488214
0.233954
0.370628
0.958331
0.986010
0.067404
0.313988
0.852125
0.846859
0.895541
0.020354
0.741179
0.359994
0.879125
0.826562
0.723043
0.552189
0.767287
0.985577
0.071993
0.006717
0.200742
0.022258
0.522018
0.810716
0.273365
0.532349
0.443528
0.621897
0.638728
0.636356
0.591924
0.023060
0.735658
0.680687
0.284330
0.483278
0.185288
0.922548
0.043124
0.505498
0.990615
0.137107
0.686002
0.725133
0.501708
0.705533
0.617991
0.164993
0.475323
0.671104
0.053003
0.566901
0.256717
0.838631
0.754423
0.199906
0.308302
0.262129
0.228334
0.479020
0.595569
0.914233
0.050864
0.028610
0.019297
0.967477
0.540232
0.029066
0.604050
0.079919
0.683050
0.744618
0.977367
0.743816
0.553459
0.880016
0.255775
0.073685
0.702249
0.068832
0.301216
0.772096
0.574940
0.219590
0.512439
0.299015
0.959361
0.499374
0.690366
0.028369
0.612197
0.788663
0.489974
0.679032
0.800803
0.761890
0.939365
0.003432
0.310050
0.580433
0.220491
0.536000
0.105190
0.935477
0.492289
0.688834
0.688362
0.000557
0.268303
0.585703
0.507285
0.762792
0.260071
0.702953
0.357965
0.899352
0.049517
0.948698
0.560864
0.482076
0.580082
0.164993
0.616927
0.423663
0.123510
0.255558
0.486676
0.115782
0.302607
0.714424
0.516938
0.434568
0.947938
0.917625
0.680096
0.997618
0.612315
0.875987
0.317877
0.879215
0.160220
0.549883
0.952908
0.356861
0.684940
0.185064
0.486346
0.438306
0.004783
0.461849
0.228732
0.074519
0.311219
0.135981
0.837729
0.486127
0.332540
0.813459
0.493614
0.523036
0.071282
0.352287
0.887034
0.385214
0.518065
0.512888
0.683404
0.799512
0.584297
0.408801
0.229729
0.167656
0.045461
0.265091
0.836825
0.674773
0.352925
0.136630
0.283391
0.008446
0.521792
0.525415
0.010337
0.013378
0.893274
0.039656
0.887985
0.516262
0.549768
0.000694
0.641694
0.699665
0.406305
0.270033
0.580082
0.177745
0.044866
0.584648
0.798866
0.525642
0.408901
0.449310
0.522810
0.625687
0.715008
0.581720
0.263977
0.917625
0.736695
0.502153
0.297393
0.995872
0.570742
0.927039
0.406305
0.109907
0.048512
0.301297
0.214814
0.974593
0.662928
0.089304
0.235443
0.002299
0.160966
0.055944
0.497044
0.147470
0.892852
0.603932
0.740834
0.362773
0.372609
0.822851
0.679859
0.936917
0.275808
0.407802
0.104707
0.616572
0.239337
0.596863
0.051695
0.358609
0.047525
0.146409
0.279968
0.959054
0.056970
0.616927
0.147702
0.142995
0.902613
0.337559
0.519419
0.449733
0.083477
0.968853
0.231934
0.611961
0.318556
0.909686
0.416345
0.438723
0.002215
0.712672
0.236531
0.182450
0.686828
0.177745
0.584883
0.563764
0.512439
0.264348
0.570393
0.317198
0.728842
0.136543
0.135550
0.882317
0.697666
0.811667
0.035075
0.159873
0.040360
0.845089
0.633273
0.055534
0.058624
0.754537
0.653440
0.091784
0.236055
0.806471
0.813985
0.155080
0.235511
0.250107
0.952630
0.048186
0.530300
0.202903
0.861308
0.105120
0.842517
0.169208
0.427862
0.701309
0.459178
0.479783
0.097313
0.068643
0.057671
0.213052
0.991692
0.194602
0.311554
0.811350
0.722113
0.723043
0.067474
0.195010
0.840229
0.136457
0.442063
0.247768
0.236463
0.912166
0.152920
0.175806
0.456514
0.139208
0.202843
0.367342
0.221848
0.380600
0.459498
0.638254
0.984053
0.733004
0.255341
0.874451
0.686828
0.483716
0.640152
0.798866
0.733466
0.514799
0.066965
0.225893
0.819738
0.117750
0.824400
0.769415
0.383672
0.421215
0.390738
0.753287
0.822437
0.694843
0.232808
0.578328
0.310050
0.812511
0.072934
0.728842
0.461100
0.905265
0.163978
0.819842
0.920656
0.247063
0.751467
0.959208
0.071600
0.957654
0.173300
0.259412
0.349743
0.114660
0.817339
0.962752
0.378401
0.000400
0.417155
0.456727
0.990511
0.467538
0.081529
0.147516
0.594981
0.392591
0.802519
0.569228
0.720136
0.310467
0.556926
0.219269
0.944289
0.403917
0.062560
0.911240
0.297555
0.039528
0.227408
0.356127
0.883460
0.779316
0.677849
0.225564
0.060531
0.675247
0.987436
0.647152
0.284722
0.953517
0.614798
0.483716
0.437890
0.934152
0.931733
0.164688
0.227210
0.940191
0.963574
0.823678
0.919553
0.199370
0.717107
0.101819
0.513562
0.870987
0.534059
0.293365
0.339599
0.951902
0.539660
0.603343
0.065775
0.136067
0.514124
0.164739
0.754991
0.893443
0.829021
0.933685
0.717690
0.552766
0.524848
0.984082
0.351468
0.757937
0.884861
0.352196
0.985849
0.921386
0.783068
0.207651
0.441435
0.708111
0.600985
0.932948
0.133115
0.244327
0.249184
0.951112
0.447940
0.061442
0.704126
0.940254
0.335352
0.329310
0.299910
0.246078
0.536457
0.767175
0.187708
0.889189
0.169624
0.276345
0.790737
0.410805
0.684822
0.496822
0.778873
0.989111
0.577977
0.376020
0.928019
0.679505
0.614798
0.566901
0.872176
0.316267
0.019392
0.217414
0.194602
0.919995
0.696255
0.528367
0.782077
0.286530
0.036579
0.835617
0.712555
0.080081
0.994817
0.151353
0.060699
0.892259
0.880726
0.410805
0.065957
0.040085
0.676312
0.392786
0.482841
0.758050
0.142455
0.890302
0.615034
0.275655
0.148119
0.229529
0.347210
0.305321
0.998205
0.521679
0.033616
0.330791
0.632443
0.371288
0.675128
0.404811
0.471855
0.949855
0.854443
0.702366
0.076862
0.581954
0.505609
0.626161
0.106859
0.986800
0.013271
0.599218
0.056613
0.915900
0.980115
0.444681
0.786803
0.818592
0.054685
0.103068
0.962313
0.106509
0.555307
0.647271
0.839531
0.447729
0.119785
0.348565
0.895290
0.486346
0.352378
0.566901
0.087469
0.059446
0.977295
0.350741
0.724204
0.819009
0.274356
0.435086
0.432498
0.495826
0.500151
0.891580
0.637780
0.060363
0.679150
0.195595
0.722927
0.171717
0.251461
0.154839
0.979028
0.438619
0.581369
0.947112
0.205936
0.960124
0.696961
0.722462
0.763805
0.521905
0.336498
0.974903
0.347391
0.159033
0.830857
0.530869
0.258171
0.840030
0.931936
0.615625
0.348385
0.307306
0.658422
0.096031
0.545970
0.484702
0.328527
0.411407
0.505609
0.617873
0.744847
0.188957
0.913776
0.443214
0.275808
0.868964
0.680923
0.316182
0.125108
0.327226
0.887812
0.833091
0.806365
0.741638
0.275043
0.308551
0.267628
0.831670
0.767511
0.020592
0.254908
0.645491
0.352378
0.578562
0.638254
0.305734
0.945621
0.908433
0.055069
0.511653
0.996678
0.655457
0.857224
0.996487
0.222237
0.219077
0.879036
0.590632
0.358149
0.907804
0.546085
0.626161
0.761665
0.756011
0.310384
0.063388
0.250036
0.862534
0.193033
0.729999
0.914462
0.324117
0.059716
0.233009
0.669445
0.487005
0.434879
0.358794
0.844299
0.486895
0.909530
0.231465
0.079676
0.744274
0.017305
0.054570
0.905265
0.782407
0.024591
0.543672
0.521452
0.707759
0.509187
0.151400
0.059157
0.686592
0.447414
0.585820
0.778098
0.778431
0.227804
0.387437
0.593217
0.708696
0.692959
0.302279
0.457153
0.714658
0.337471
0.260585
0.719437
0.600749
0.823678
0.347120
0.664587
0.930779
0.102189
0.578562
0.284173
0.659964
0.242307
0.198895
0.278191
0.443319
0.418269
0.377162
0.111315
0.083196
0.433946
0.216841
0.541608
0.167038
0.015014
0.938469
0.943433
0.918888
0.248758
0.295374
0.964715
0.413721
0.028600
0.056672
0.344242
0.329049
0.901315
0.682932
0.305982
0.955586
0.943372
0.870253
0.428376
0.676430
0.122244
0.110411
0.720252
0.999116
0.284957
0.899188
0.903984
0.375450
0.409402
0.353838
0.267030
0.287714
0.319663
0.603814
0.316013
0.087498
0.230129
0.550344
0.269430
0.296342
0.883723
0.745991
0.734735
0.460780
0.736119
0.760311
0.694136
0.451211
0.146824
0.341826
0.584531
0.774658
0.955100
0.635052
0.001204
0.851350
0.885819
0.763242
0.102189
0.538858
0.475865
0.590514
0.056356
0.576575
0.142725
0.706939
0.237965
0.033836
0.596039
0.461421
0.873361
0.011780
0.379356
0.953957
0.970746
0.823368
0.831060
0.801661
0.935871
0.228467
0.865997
0.966708
0.825122
0.582540
0.698137
0.821919
0.939620
0.942446
0.438098
0.588049
0.508627
0.350741
0.922910
0.423969
0.752036
0.639084
0.498375
0.862440
0.507732
0.630190
0.437682
0.466785
0.613497
0.998286
0.306560
0.279426
0.602989
0.094859
0.832483
0.996356
0.652135
0.526436
0.536571
0.649643
0.134136
0.713490
0.908904
0.496490
0.164942
0.001525
0.208759
0.691781
0.915371
0.235375
0.463456
0.985274
0.263533
0.794325
0.419995
0.502933
0.205998
0.051804
0.186861
0.538858
0.527231
0.479238
0.448045
0.132185
0.880282
0.416547
0.143672
0.152968
0.711270
0.808597
0.242585
0.103034
0.036911
0.258536
0.813880
0.899270
0.728726
0.937437
0.612670
0.457898
0.165349
0.747705
0.184896
0.577042
0.829225
0.506614
0.862628
0.321885
0.418675
0.441958
0.835012
0.387534
0.327572
0.145035
0.843211
0.628057
0.105017
0.255920
0.828407
0.048580
0.484045
0.343167
0.767623
0.842815
0.299747
0.065030
0.251533
0.145492
0.216143
0.755218
0.221460
0.603932
0.066390
0.295213
0.120756
0.352651
0.503936
0.546430
0.336234
0.283860
0.008061
0.154984
0.272605
0.137020
0.263163
0.953517
0.677613
0.201580
0.068455
0.954830
0.110699
0.782518
0.190671
0.281054
0.883373
0.826664
0.201400
0.436539
0.979813
0.976563
0.708579
0.569578
0.246289
0.298934
0.372892
0.902370
0.451740
0.449310
0.134863
0.920948
0.226946
0.708345
0.964147
0.978924
0.125671
0.706471
0.919701
0.688834
0.125994
0.905504
0.953737
0.753287
0.333944
0.376686
0.292404
0.915975
0.118783
0.132312
0.010301
0.466247
0.095364
0.869977
0.815874
0.807004
0.238719
0.816293
0.909608
0.075284
0.783509
0.720601
0.006767
0.554383
0.234833
0.229862
0.168275
0.526550
0.863942
0.903984
0.574357
0.480438
0.154357
0.643948
0.209253
0.004483
0.531096
0.339599
0.183614
0.799727
0.450049
0.247980
0.089783
0.622371
0.293766
0.703891
0.697078
0.658303
0.986250
0.281054
0.601574
0.825739
0.222042
0.790628
0.242585
0.006557
0.067172
0.634696
0.328353
0.841524
0.237691
0.017575
0.776435
0.718971
0.537829
0.734851
0.968147
0.469694
0.365472
0.538515
0.451846
0.871902
0.308052
0.337471
0.130843
0.581252
0.521905
0.117674
0.621897
0.502153
0.063498
0.039216
0.662809
0.756465
0.636119
0.404215
0.052613
0.186861
0.450577
0.976857
0.837829
0.712672
0.977475
0.051659
0.415234
0.506503
0.028286
0.051568
0.829837
0.727220
0.498264
0.117521
0.214814
0.617163
0.085783
0.173512
0.561443
0.546085
0.736579
0.834911
0.216714
0.927739
0.548386
0.039999
0.191187
0.773433
0.932746
0.024409
0.210679
0.457366
0.309050
0.344511
0.986250
0.846467
0.686474
0.454177
0.107315
0.244816
0.949221
0.218692
0.808704
0.165655
0.380504
0.252749
0.967026
0.568996
0.100121
0.278653
0.170668
0.716291
0.446151
0.843805
0.346219
0.070168
0.175003
0.671577
0.090114
0.877695
0.446993
0.188673
0.128071
0.131303
0.054018
0.667787
0.619766
0.125591
0.142590
0.250962
0.844990
0.905903
0.094261
0.484045
0.796383
0.559821
0.814195
0.701779
0.300155
0.810504
0.526777
0.661268
0.789428
0.014552
0.709866
0.205327
0.161165
0.283939
0.145584
0.771984
0.237828
0.466247
0.055127
0.878590
0.505163
0.913623
0.892598
0.559821
0.402329
0.024527
0.719786
0.735542
0.473804
0.516375
0.923989
0.887812
0.341380
0.265761
0.006824
0.846467
0.054685
0.843607
0.129513
0.699077
0.280898
0.911163
0.554383
0.345769
0.639796
0.704361
0.004917
0.208883
0.537829
0.676312
0.544821
0.727220
0.776768
0.852609
0.720601
0.947703
0.900090
0.165248
0.380983
0.693783
0.691309
0.003623
0.999181
0.527458
0.867669
0.198836
0.315675
0.951282
0.037856
0.354569
0.736810
0.268078
0.565623
0.237008
0.935213
0.194427
0.846467
0.664469
0.851253
0.432602
0.415335
0.132312
0.190671
0.911008
0.827588
0.496822
0.590749
0.710451
0.319152
0.516825
0.180578
0.071895
0.860836
0.048735
0.406006
0.947290
0.961227
0.667432
0.723856
0.114400
0.328962
0.287951
0.238993
0.704243
0.042726
0.709164
0.853093
0.156291
0.006824
0.891750
0.349924
0.116234
0.607708
0.742441
0.097927
0.340845
0.761439
0.905345
0.467861
0.902370
0.577510
0.264422
0.869148
0.315844
0.792153
0.144899
0.089663
0.695667
0.337559
0.814930
0.886254
0.127661
0.825739
0.919258
0.388212
0.132692
0.498375
0.039075
0.217542
0.295858
0.579848
0.009894
0.329223
0.261614
0.160617
0.877336
0.621897
0.744618
0.010182
0.865158
0.609007
0.896957
0.785267
0.200323
0.256499
0.414830
0.142231
0.436539
0.130718
0.483826
0.807642
0.389183
0.390738
0.928714
0.065165
0.863755
0.406404
0.106300
0.575757
0.392981
0.781415
0.459498
0.483607
0.790846
0.014866
0.946220
0.653440
0.501819
0.647033
0.587345
0.813985
0.360641
0.900090
0.891750
0.586524
0.914386
0.646084
0.139208
0.789319
0.109263
0.727684
0.762679
0.521679
0.320090
0.730693
0.639440
0.440078
0.720601
0.120405
0.173831
0.233212
0.482622
0.298447
0.843211
0.035215
0.020142
0.778541
0.927109
0.405508
0.434464
0.886427
0.181017
0.376686
0.051823
0.678441
0.512439
0.567832
0.683050
0.298853
0.861874
0.395232
0.489314
0.048477
0.130593
0.065526
0.081639
0.113806
0.031643
0.842914
0.168172
0.408001
0.710217
0.284722
0.118821
0.452375
0.771091
0.716757
0.788773
0.403023
0.616808
0.446257
0.089843
0.167141
0.636949
0.457579
0.782738
0.832990
0.312560
0.037139
0.488653
0.558199
0.367248
0.479674
0.822954
0.921532
0.622134
0.900090
0.960275
0.935740
0.434568
0.617755
0.314493
0.129720
0.365006
0.037462
0.036698
0.534174
0.582422
0.327746
0.540118
0.462920
0.159230
0.102864
0.517501
0.188559
0.267104
0.697078
0.889103
0.519193
0.814300
0.063872
0.925982
0.438202
0.591806
0.265091
0.273518
0.262498
0.450789
0.320175
0.623318
0.442167
0.471206
0.436020
0.117255
0.057370
0.001635
0.703070
0.034872
0.434464
0.233886
0.440495
0.962460
0.685058
0.127498
0.723391
0.085065
0.756691
0.174523
0.944228
0.610543
0.254835
0.032699
0.636119
0.653440
0.913011
0.499818
0.614561
0.712906
0.256282
0.669564
0.110663
0.387825
0.340934
0.045753
0.336057
0.494609
0.640389
0.633747
0.124587
0.930369
0.919110
0.960275
0.804338
0.174523
0.427759
0.626161
0.117445
0.966754
0.016865
0.227870
0.499374
0.610661
0.022158
0.293525
0.836121
0.062951
0.667076
0.655219
0.114548
0.351377
0.601810
0.120522
0.448151
0.748846
0.432498
0.575874
0.397294
0.716874
0.275349
0.957182
0.158049
0.448994
0.540461
0.998185
0.731272
0.387534
0.591689
0.777101
0.039343
0.963140
0.612552
0.934152
0.019842
0.244816
0.186579
0.201340
0.190556
0.510420
0.943002
0.737616
0.831772
0.144125
0.688834
0.087880
0.683995
0.601692
0.483826
0.622489
0.409101
0.157902
0.992489
0.454177
0.790301
0.619175
0.509411
0.702835
0.261467
0.106579
0.398870
0.666958
0.041938
0.964810
0.200025
0.766053
0.919110
0.832584
0.397393
0.700957
0.422336
0.535201
0.740490
0.220427
0.235375
0.868040
0.556348
0.494609
0.535087
0.088264
0.959972
0.520661
0.137020
0.909842
0.353381
0.534059
0.538630
0.137979
0.537714
0.328353
0.101284
0.342988
0.924704
0.232875
0.159675
0.951677
0.296423
0.627820
0.968457
0.469910
0.473371
0.240991
0.785048
0.613142
0.303428
0.123947
0.232673
0.831670
0.307720
0.585820
0.830653
0.063762
0.085123
0.010237
0.245166
0.947997
0.906618
0.644898
0.281676
0.898199
0.496379
0.717457
0.292164
0.471963
0.956068
0.081254
0.016820
0.155225
0.743472
0.601339
0.975854
0.037897
0.082026
0.461207
0.146271
0.653915
0.985330
0.180413
0.255847
0.488434
0.858844
0.832584
0.915824
0.457472
0.184170
0.753173
0.338889
0.023589
0.602871
0.670393
0.805192
0.475105
0.105224
0.749417
0.728958
0.319834
0.630546
0.695784
0.479456
0.104810
0.980447
0.523489
0.556695
0.952127
0.709749
0.747362
0.430022
0.635289
0.442586
0.531894
0.618820
0.357504
0.135938
0.719670
0.770645
0.341558
0.147008
0.032485
0.853189
0.788007
0.495715
0.477170
0.146455
0.963718
0.347933
0.736003
0.685412
0.373176
0.542525
0.614798
0.643592
0.243211
0.519419
0.102831
0.185568
0.678795
0.881080
0.269430
0.483497
0.836020
0.616927
0.349652
0.448151
0.576341
0.474671
0.745876
0.930163
0.904545
0.078524
0.959412
0.772876
0.521679
0.551382
0.594157
0.858844
0.422744
0.975892
0.716524
0.620240
0.978366
0.490965
0.768296
0.952686
0.007470
0.777655
0.421012
0.213931
0.446572
0.691545
0.013069
0.412111
0.245096
0.067103
0.433739
0.376401
0.066551
0.591689
0.055885
0.031585
0.871445
0.338357
0.748846
0.034670
0.137761
0.071551
0.618583
0.782848
0.144671
0.342094
0.279735
0.018584
0.095174
0.688952
0.170145
0.865625
0.263385
0.810927
0.684113
0.713256
0.893274
0.677021
0.748390
0.205205
0.065617
0.906618
0.536686
0.296100
0.485030
0.769079
0.910853
0.997308
0.436435
0.388212
0.630546
0.172402
0.813669
0.530869
0.132101
0.592276
0.994546
0.416750
0.777544
0.609598
0.175699
0.976526
0.542869
0.892259
0.446572
0.667669
0.422744
0.814195
0.165604
0.540461
0.363330
0.977727
0.755104
0.256137
0.257298
0.008768
0.901965
0.501152
0.225958
0.304909
0.619411
0.010812
0.933485
0.788773
0.225040
0.691663
0.614443
0.755558
0.560980
0.823161
0.069593
0.402428
0.060258
0.060447
0.963670
0.402627
0.801017
0.641338
0.229330
0.466570
0.644542
0.539316
0.328962
0.452269
0.627820
0.053227
0.885297
0.397983
0.117141
0.626754
0.897040
0.753060
0.052557
0.196416
0.438202
0.494498
0.399067
0.116347
0.788226
0.915749
0.022770
0.121302
0.614443
0.427554
0.857224
0.821193
0.941699
0.617281
0.532349
0.607945
0.718273
0.087557
0.781525
0.799297
0.444891
0.096382
0.650474
0.011391
0.776435
0.667669
0.585351
0.825945
0.579380
0.699430
0.818384
0.817339
0.659134
0.802519
0.706939
0.958072
0.116914
0.646796
0.474021
0.931121
0.487225
0.963909
0.151164
0.952071
0.968501
0.945199
0.038199
0.876618
0.680096
0.132354
0.915522
0.840628
0.585938
0.572257
0.714307
0.357413
0.430744
0.812827
0.156534
0.856171
0.873997
0.068714
0.657117
0.582422
0.252821
0.701427
0.338179
0.680332
0.423356
0.376115
0.965418
0.903581
0.642169
0.690720
0.399166
0.898034
0.026756
0.786474
0.950429
0.174044
0.412714
0.134477
0.637780
0.352925
0.919995
0.213554
0.322914
0.730809
0.992162
0.289218
0.653559
0.151542
0.374691
0.861497
0.570160
0.704009
0.937242
0.513787
0.874269
0.222886
0.585351
0.217542
0.372798
0.305486
0.600396
0.652491
0.531894
0.742785
0.842120
0.231264
0.584414
0.863004
0.624740
0.295213
0.829837
0.980182
0.655338
0.932071
0.951338
0.728611
0.136370
0.113695
0.568646
0.350559
0.541493
0.290012
0.187143
0.696608
0.824297
0.783729
0.136673
0.302853
0.804552
0.750784
0.731849
0.262572
0.628887
0.191302
0.669445
0.675838
0.228135
0.579614
0.003023
0.226419
0.663521
0.887034
0.960477
0.137848
0.187708
0.169208
0.562371
0.661268
0.937566
0.995513
0.124827
0.213365
0.131555
0.402627
0.802090
0.113437
0.701662
0.058910
0.659726
0.546430
0.733004
0.162115
0.942260
0.434671
0.433325
0.179048
0.294007
0.359809
0.567367
0.222886
0.377924
0.943740
0.184617
0.552651
0.694254
0.180304
0.879482
0.559936
0.261467
0.407802
0.673590
0.327226
0.506726
0.296584
0.499041
0.528253
0.835718
0.889960
0.042330
0.469371
0.649762
0.299747
0.314241
0.925344
0.783178
0.286058
0.063498
0.491406
0.493172
0.896708
0.559357
0.979981
0.743702
0.130718
0.815560
0.588518
0.048770
0.668142
0.197770
0.999212
0.032532
0.522697
0.687064
0.716641
0.667313
0.005853
0.014663
0.382999
0.756691
0.303756
0.624266
0.233009
0.489864
0.481311
0.543328
0.143808
0.088471
0.292324
0.088798
0.042771
0.455451
0.384925
0.123669
0.463241
0.861119
0.566669
0.001599
0.492289
0.374596
0.277959
0.441958
0.206059
0.575874
0.686592
0.377924
0.695667
0.268303
0.497931
0.072884
0.824091
0.884161
0.835920
0.986954
0.768967
0.194893
0.969636
0.271923
0.526890
0.362030
0.516938
0.231398
0.418269
0.075515
0.852028
0.399856
0.877067
0.354295
0.091600
0.962947
0.212425
0.909139
0.382422
0.580316
0.527117
0.041968
0.234833
0.480001
0.187143
0.999972
0.407802
0.390933
0.076290
0.009535
0.742326
0.330181
0.189356
0.626754
0.018981
0.624266
0.917997
0.357321
0.242446
0.225564
0.030697
0.163019
0.691899
0.772653
0.375450
0.500151
0.102156
0.120873
0.546660
0.324892
0.458218
0.419487
0.066849
0.294248
0.525756
0.818801
0.906618
0.661979
0.519306
0.190900
0.482513
0.651898
0.298690
0.091937
0.686592
0.530527
0.825225
0.614561
0.899599
0.400647
0.399955
0.392298
0.331140
0.335969
0.845877
0.985467
0.107667
0.691545
0.043140
0.480547
0.980048
0.172243
0.226814
0.941199
0.282766
0.602517
0.631376
0.441644
0.839630
0.782187
0.833901
0.163827
0.046211
0.600396
0.933015
0.824091
0.386663
0.076810
0.338534
0.249255
0.406006
0.217096
0.184059
0.244676
0.521113
0.027873
0.435812
0.581603
0.583711
0.226748
0.982214
0.099560
0.077071
0.219847
0.812827
0.744961
0.042239
0.483278
0.976415
0.958228
0.499707
0.852803
0.946638
0.512102
0.521113
0.474238
0.086884
0.625095
0.498264
0.986010
0.044627
0.009369
0.012732
0.776879
0.547465
0.268453
0.691309
0.950828
0.112701
0.530527
0.870804
0.465387
0.119206
0.985983
0.879393
0.735658
0.235919
0.397098
0.086101
0.004635
0.073258
0.494940
0.345230
0.186523
0.789537
0.697784
0.021402
0.723740
0.855596
0.600396
0.965697
0.963766
0.298203
0.727104
0.190499
0.445731
0.894956
0.777434
0.541149
0.962411
0.374596
0.475431
0.575874
0.408201
0.441122
0.045445
0.584179
0.004292
0.847742
0.038991
0.923054
0.522470
0.520209
0.124867
0.378878
0.231733
0.895290
0.634933
0.117902
0.571441
0.929060
0.700957
0.434879
0.742441
0.143220
0.537714
0.372137
0.044834
0.243768
0.978471
0.949279
0.483060
0.852899
0.937890
0.889017
0.230129
0.750442
0.601221
0.562139
0.487225
0.725713
0.702601
0.112701
0.950771
0.654389
0.306478
0.981679
0.500374
0.705416
0.239406
0.767623
0.149097
0.340133
0.422030
0.509971
0.728263
0.329484
0.591219
0.752832
0.533945
0.277728
0.723275
0.259998
0.296907
0.526209
0.739341
0.272833
0.923486
0.145904
0.207590
0.869793
0.893696
0.399659
0.631969
0.547810
0.599807
0.672288
0.359347
0.295616
0.402230
0.242446
0.126805
0.671104
0.818592
0.683050
0.420300
0.154406
0.879749
0.382230
0.144489
0.579731
0.261467
0.461421
0.368842
0.885906
0.062343
0.384442
0.914765
0.581603
0.425196
0.386373
0.176719
0.369969
0.743472
0.842418
0.266656
0.403222
0.242863
0.777544
0.861874
0.300481
0.512102
0.044437
0.884336
0.624147
0.813143
0.666128
0.950771
0.952963
0.032237
0.162215
0.057610
0.615862
0.030196
0.695196
0.850086
0.668142
0.559473
0.052761
0.392493
0.947997
0.506056
0.018066
0.482403
0.502153
0.078603
0.693665
0.487225
0.573890
0.947938
0.381558
0.155806
0.836222
0.736925
0.319408
0.681632
0.253036
0.401141
0.944654
0.216333
0.478584
0.722694
0.401240
0.191417
0.708111
0.455239
0.015926
0.038516
0.553574
0.099857
0.369499
0.729189
0.641931
0.641694
0.931325
0.946101
0.339155
0.181346
0.368560
0.945500
0.211988
0.367904
0.697549
0.145264
0.937372
0.873088
0.617163
0.905982
0.965975
0.225302
0.254331
0.432292
0.217032
0.154598
0.981995
0.690484
0.047055
0.221201
0.546200
0.312140
0.666128
0.874722
0.105535
0.992327
0.324289
0.252678
0.527458
0.068361
0.215826
0.877964
0.570859
0.837929
0.405209
0.026815
0.145446
0.374028
0.355027
0.039258
0.998559
0.286136
0.493282
0.851641
0.974360
0.896125
0.558199
0.964527
0.640626
0.358517
0.952351
0.415941
0.774213
0.589105
0.811667
0.405707
0.995589
0.342898
0.780090
0.380121
0.179484
0.755104
0.941261
0.760424
0.666484
0.425401
0.713957
0.751240
0.639915
0.702483
0.254043
0.785267
0.466247
0.899106
0.373271
0.151542
0.491627
0.904705
0.255702
0.792044
0.926053
0.861403
0.840728
0.978225
0.502599
0.626991
0.178287
0.064405
0.542181
0.587345
0.030185
0.325324
0.296342
0.183781
0.254259
0.413822
0.735312
0.874722
0.867669
0.432808
0.970364
0.268828
0.785267
0.975056
0.031047
0.409402
0.861025
0.865625
0.284408
0.284800
0.655813
0.617873
0.554152
0.078152
0.627228
0.789537
0.081474
0.659726
0.300399
0.433015
0.589575
0.313904
0.722113
0.657117
0.918592
0.714774
0.202602
0.427657
0.026588
0.641220
0.022150
0.324461
0.292244
0.704830
0.331228
0.179157
0.555192
0.500040
0.778098
0.871170
0.649288
0.931529
0.456727
0.562139
0.087352
0.846368
0.254187
0.475431
0.028307
0.074012
0.576809
0.158393
0.938469
0.503490
0.902046
0.123391
0.861119
0.434464
0.009275
0.367342
0.996781
0.204112
0.960023
0.108126
0.941324
0.853286
0.711153
0.257153
0.713490
0.404016
0.735312
0.547120
0.956918
0.396115
0.158737
0.239887
0.996400
0.648101
0.101184
0.552420
0.041475
0.891325
0.544476
0.590397
0.871994
0.983464
0.513674
0.302197
0.983523
0.043418
0.343346
0.575057
0.921021
0.908512
0.325842
0.135421
0.670748
0.876887
0.216079
0.280898
0.380791
0.494940
0.344421
0.430022
0.531210
0.004679
0.899435
0.417155
0.659489
0.209130
0.775547
0.775102
0.161665
0.761665
0.270184
0.267104
0.013094
0.469478
0.780311
0.582891
0.496490
0.936526
0.023704
0.029953
0.404314
0.596628
0.904144
0.629716
0.887380
0.070000
0.918221
0.953737
0.552997
0.509747
0.544476
0.032615
0.290888
0.462706
0.284487
0.923486
0.392103
0.178830
0.293044
0.411207
0.140979
0.547120
0.812932
0.268828
0.994929
0.459605
0.145309
0.211738
0.193845
0.605820
0.901640
0.450049
0.649525
0.245727
0.600043
0.224451
0.947762
0.252965
0.809022
0.080898
0.694019
0.999867
0.031585
0.246429
0.765941
0.918888
0.348475
0.830143
0.940570
0.077255
0.652016
0.342273
0.220943
0.567018
0.597923
0.201101
0.030451
0.833294
0.099133
0.544361
0.357688
0.944897
0.033518
0.537943
0.775213
0.535315
0.820778
0.196533
0.251962
0.986224
0.757484
0.466247
0.872450
0.601339
0.491958
0.984827
0.623318
0.949970
0.149424
0.397983
0.464421
0.073409
0.231666
0.220427
0.471639
0.225564
0.882581
0.321115
0.257807
0.729768
0.206670
0.193207
0.545166
0.659964
0.140979
0.503936
0.957497
0.568646
0.446151
0.313736
0.940064
0.000685
0.212175
0.806578
0.066642
0.917997
0.721299
0.286058
0.015674
0.689070
0.608299
0.545166
0.952015
0.040607
0.606882
0.299097
0.998087
0.608299
0.469047
0.129637
0.127335
0.565506
0.969808
0.157510
0.958900
0.779095
0.372892
0.265537
0.170615
0.900744
0.008217
0.527571
0.822747
0.594393
0.688480
0.432292
0.754650
0.010621
0.418168
0.369687
0.683641
0.358333
0.973889
0.811456
0.528480
0.417560
0.335175
0.560748
0.249042
0.863380
0.500818
0.945981
0.213742
0.841623
0.043511
0.480656
0.330355
0.548846
0.206548
0.375355
0.154550
0.376401
0.650711
0.595334
0.602871
0.933082
0.573890
0.910775
0.338889
0.503936
0.600985
0.391420
0.570276
0.083872
0.766502
0.408601
0.876618
0.688244
0.213303
0.320175
0.032260
0.109227
0.841424
0.638728
0.429713
0.764817
0.524508
0.514349
0.856171
0.286058
0.181787
0.705768
0.117712
0.503378
0.858368
0.849404
0.435293
0.399166
0.791609
0.200025
0.690956
0.941136
0.715124
0.443423
0.286372
0.035755
0.235783
0.936265
0.277959
0.748162
0.741064
0.642406
0.408701
0.325151
0.993434
0.078710
0.777434
0.890814
0.176450
0.150174
0.557736
0.417762
0.479238
0.467215
0.425708
0.511878
0.630428
0.063300
0.458325
0.164232
0.424582
0.100884
0.015390
0.777323
0.576575
0.804124
0.217096
0.196533
0.307720
0.637780
0.334383
0.509523
0.338889
0.601810
0.994997
0.633391
0.192686
0.619056
0.914157
0.580667
0.616099
0.743587
0.305982
0.635882
0.447519
0.603932
0.952574
0.487664
0.355943
0.675957
0.531666
0.997748
0.535543
0.234359
0.248688
0.517952
0.779648
0.030968
0.270561
0.287714
0.853575
0.092336
0.599454
0.650355
0.701192
0.156194
0.948289
0.966480
0.073609
0.011015
0.481639
0.446257
0.274051
0.914841
0.176450
0.181787
0.547120
0.337382
0.293926
0.509075
0.143446
0.520322
0.424480
0.113806
0.284879
0.067636
0.669209
0.893780
0.740375
0.618583
0.704361
0.002890
0.279503
0.833699
0.018838
0.920436
0.662216
0.716174
0.664232
0.336498
0.451106
0.884686
0.785706
0.753401
0.918146
0.368373
0.537143
0.601810
0.870161
0.154261
0.658185
0.294087
0.189641
0.409502
0.011631
0.979576
0.424889
0.931665
0.110519
0.996636
0.496047
0.735658
0.720136
0.426118
0.774435
0.691781
0.035253
0.166833
0.468400
0.009509
0.404215
0.876077
0.495826
0.338268
0.126440
0.412714
0.514012
0.750214
0.318386
0.123430
0.870620
0.299910
0.725945
0.697314
0.532577
0.850378
0.463777
0.118093
0.441853
0.743816
0.305569
0.176989
0.518291
0.751353
0.031608
0.463456
0.573657
0.449733
0.599100
0.835617
0.208883
0.428068
0.175110
0.407202
0.055748
0.556695
0.295938
0.196416
0.784059
0.155612
0.486237
0.506950
0.529390
0.023336
0.091998
0.615034
0.732889
0.029398
0.444052
0.885906
0.537143
0.034294
0.545051
0.361474
0.663521
0.785048
0.394253
0.386276
0.985247
0.446677
0.904866
0.640864
0.146409
0.129927
0.789210
0.291446
0.868502
0.258244
0.586993
0.506279
0.735081
0.821608
0.350559
0.773545
0.814930
0.806897
0.518291
0.093294
0.301706
0.677731
0.565042
0.262794
0.754537
0.688834
0.011931
0.703891
0.592276
0.279890
0.656050
0.976266
0.450049
0.097765
0.786693
0.022133
0.463670
0.716874
0.368466
0.862628
0.238513
0.811456
0.339155
0.466462
0.529617
0.904064
0.519983
0.429816
0.135464
0.689541
0.946220
0.605584
0.485908
0.399758
0.513674
0.077544
0.336145
0.069330
0.971500
0.838631
0.561675
0.085553
0.949047
0.753628
0.569578
0.427144
0.866370
0.034294
0.470018
0.800050
0.833699
0.684349
0.564345
0.190556
0.695431
0.589575
0.023458
0.150315
0.731156
0.628294
0.207712
0.424276
0.967297
0.699665
0.176881
0.792153
0.794434
0.380025
0.087675
0.467108
0.931393
0.893274
0.166371
0.687300
0.201700
0.236872
0.730925
0.167604
0.549422
0.322570
0.701192
0.992912
0.294087
0.315337
0.648220
0.057530
0.659726
0.486017
0.040607
0.579380
0.339333
0.562951
0.735197
0.255269
0.483826
0.669919
0.177908
0.117635
0.520887
0.844694
0.342719
0.917401
0.056258
0.801769
0.475431
0.910853
0.770533
0.602635
0.905504
0.904705
0.122599
0.512214
0.314157
0.742555
0.222821
0.232404
0.947526
0.942632
0.437682
0.634577
0.866370
0.763130
0.697078
0.234427
0.804765
0.114177
0.192744
0.228069
0.808704
0.223407
0.940064
0.825637
0.252033
0.889618
0.311470
0.319663
0.419385
0.965604
0.013230
0.330181
0.610306
0.815455
0.237076
0.022643
0.587228
0.366874
0.090688
0.555423
0.944289
0.334999
0.787460
0.480874
0.961575
0.138592
0.258244
0.302033
0.027658
0.778873
0.371570
0.384828
0.604994
0.022100
0.039244
0.558662
0.298853
0.359440
0.658541
0.781305
0.594040
0.643237
0.807429
0.064138
0.452799
0.801339
0.435812
0.539889
0.658422
0.493503
0.900663
0.651304
0.242168
0.099429
0.770309
0.121185
0.729074
0.393568
0.666958
0.050864
0.128481
0.754423
0.241475
0.936461
0.178178
0.350377
0.094293
0.763130
0.993368
0.136847
0.214435
0.441853
0.316690
0.679978
0.201400
0.180085
0.359901
0.036342
0.234021
0.835718
0.185344
0.629361
0.421826
0.250534
0.189299
0.245446
0.793674
0.796491
0.407802
0.977113
0.955370
0.521339
0.914689
0.185961
0.983760
0.870253
0.264497
0.078072
0.409001
0.588753
0.696843
0.592982
0.323000
0.414124
0.977798
0.240439
0.226814
0.428068
0.766053
0.796708
0.906935
0.993268
0.519419
0.521339
0.973771
0.906618
0.995133
0.551728
0.707642
0.753287
0.507732
0.750670
0.374312
0.923845
0.610188
0.977691
0.980115
0.334735
0.749531
0.486346
0.510307
0.962460
0.652372
0.973731
0.498597
0.552305
0.498486
0.319237
0.929888
0.203265
0.094293
0.872997
0.761665
0.384539
0.308967
0.983612
0.526777
0.164942
0.920948
0.318897
0.935213
0.061399
0.782518
0.712906
0.518629
0.056613
0.293926
0.028716
0.595569
0.592159
0.458005
0.137936
0.449205
0.821815
0.998143
0.782628
0.188729
0.558662
0.004456
0.141068
0.505833
0.380312
0.468831
0.091508
0.198895
0.222367
0.480656
0.955908
0.760537
0.273898
0.303592
0.736579
0.604168
0.713840
0.348927
0.912551
0.723159
0.279039
0.446993
0.846172
0.198955
0.806365
0.305651
0.216460
0.069259
0.209006
0.351468
0.644304
0.616690
0.160817
0.885123
0.612552
0.752491
0.311219
0.100352
0.446993
0.738306
0.677495
0.492178
0.353746
0.933150
0.190499
0.462598
0.088175
0.055905
0.872997
0.041758
0.343883
0.287793
0.806578
0.783619
0.454283
0.512551
0.572840
0.563184
0.534174
0.886861
0.543902
0.846368
0.761665
0.583594
0.218500
0.027904
0.767847
0.867113
0.491627
0.417256
0.460459
0.717340
0.000178
0.000705
0.422030
0.507285
0.161315
0.941324
0.238376
0.554383
0.389183
0.227804
0.977870
0.079865
0.393666
0.829021
0.897206
0.183003
0.049430
0.233212
0.300807
0.186298
0.610661
0.030911
0.519758
0.138154
0.594981
0.649643
0.182228
0.822851
0.895123
0.515024
0.629835
0.848818
0.551612
0.785926
0.163877
0.844200
0.753060
0.372420
0.737731
0.972609
0.890899
0.932746
0.082442
0.369217
0.342362
0.420808
0.542525
0.347481
0.220362
0.055905
0.299341
0.172824
0.067939
0.072536
0.306974
0.785816
0.840728
0.925982
0.866370
0.648813
0.285743
0.723740
0.349199
0.692016
0.356402
0.638847
0.897206
0.084353
0.623081
0.151400
0.631257
0.679623
0.027648
0.074442
0.794000
0.824916
0.171717
0.054018
0.160617
0.216079
0.069712
0.113954
0.706822
0.344870
0.794976
0.779869
0.438410
0.282376
0.652847
0.298284
0.913394
0.445836
0.316097
0.525982
0.777212
0.503156
0.037005
0.874088
0.710568
0.023642
0.899352
0.247768
0.092613
0.484045
0.066025
0.311052
0.753514
0.394938
0.451423
0.126927
0.065549
0.170406
0.146180
0.413016
0.211800
0.959769
0.505721
0.018162
0.878411
0.152539
0.545051
0.203991
0.191993
0.879749
0.299341
0.429096
0.631376
0.145996
0.130551
0.927320
0.600278
0.859414
0.939429
0.208821
0.762116
0.834204
0.740719
0.274585
0.746219
0.882845
0.309550
0.545740
0.426528
0.172033
0.304250
0.449310
0.474563
0.493835
0.494277
0.721415
0.690366
0.564461
0.096095
0.671104
0.313147
0.845877
0.510420
0.946935
0.187143
0.941136
0.639559
0.842418
0.864971
0.364633
0.660912
0.597805
0.781966
0.633984
0.912474
0.767287
0.625095
0.256935
0.306560
0.905185
0.193845
0.952518
0.857033
0.506168
0.916050
0.202181
0.634696
0.503378
0.869793
0.262056
0.801554
0.573074
0.124627
0.802305
0.004111
0.547695
0.019879
0.891835
0.727800
0.752719
0.393372
0.881523
0.496712
0.879749
0.277728
0.101518
0.824194
0.489754
0.258171
0.911318
0.546775
0.562023
0.745419
0.040490
0.113437
0.898612
0.391810
0.072264
0.242585
0.516600
0.293124
0.067242
0.691074
0.376210
0.637898
0.102459
0.503824
0.543328
0.282844
0.516037
0.544247
0.568530
0.352287
0.691781
0.417458
0.248758
0.520548
0.247063
0.690249
0.156778
0.723856
0.027883
0.891835
0.634222
0.452375
0.344332
0.582774
0.947290
0.432808
0.203265
0.177421
0.221266
0.057590
0.980842
0.764368
0.617400
0.548731
0.875536
0.557042
0.220298
0.481857
0.533945
0.752036
0.252248
0.414124
0.828714
0.293926
0.511541
0.068197
0.052373
0.757711
0.581252
0.268078
0.697196
0.863473
0.555192
0.051732
0.528594
0.277728
0.411910
0.854635
0.013710
0.323515
0.418472
0.788007
0.029571
0.150315
0.334823
0.864410
0.827895
0.038963
0.531552
0.300562
0.582540
0.707759
0.038809
0.519532
0.165502
0.858559
0.413117
0.266507
0.809869
0.690249
0.726293
0.787022
0.377733
0.450683
0.297717
0.831467
0.740145
0.829021
0.089693
0.138592
0.418168
0.180687
0.390349
0.499707
0.659845
0.995474
0.905584
0.222302
0.260438
0.640152
0.978154
0.870345
0.107350
0.893443
0.699077
0.393959
0.382038
0.067823
0.515586
0.523149
0.798974
0.920069
0.015799
0.422846
0.985822
0.991882
0.413016
0.393372
0.042239
0.240784
0.176343
0.680214
0.850767
0.240301
0.229130
0.681396
0.226024
0.650711
0.528594
0.432498
0.614798
0.930506
0.865251
0.013831
0.978119
0.764592
0.459925
0.595686
0.466032
0.280976
0.963670
0.598865
0.643592
0.500929
0.742211
0.672998
0.932071
0.639677
0.183114
0.805939
0.725713
0.445836
0.679978
0.974047
0.302935
0.990087
0.145355
0.410203
0.594393
0.032998
0.477931
0.408901
0.927320
0.696961
0.092552
0.544247
0.104055
0.500374
0.522810
0.455664
0.794217
0.579497
0.685766
0.869332
0.099890
0.129182
0.058705
0.928019
0.108586
0.145767
0.690602
0.086187
0.486786
0.636593
0.077781
0.074519
0.367248
0.696255
0.804445
0.396312
0.386760
0.583359
0.757937
0.970407
0.825019
0.220233
0.831264
0.340489
0.156000
0.219077
0.225171
0.937502
0.368842
0.432498
0.888415
0.729074
0.840827
0.615862
0.702835
0.417864
0.446467
0.219333
0.608417
0.895374
0.495826
0.464099
0.491958
0.824813
0.482950
0.263385
0.709515
0.789646
0.749759
0.448783
0.628294
0.328353
0.057150
0.351559
0.536343
0.870436
0.496822
0.953902
0.411207
0.794651
0.719088
0.634222
0.310467
0.085668
0.022889
0.902694
0.601339
0.949567
0.078019
0.508963
0.498930
0.973333
0.137325
0.275579
0.325065
0.693548
0.552997
0.039599
0.921823
0.393177
0.751467
0.546085
0.299422
0.584765
0.579614
0.928714
0.040520
0.112371
0.091753
0.719088
0.808279
0.899763
0.912089
0.223537
0.640271
0.176773
0.511541
0.887207
0.755331
0.769415
0.329658
0.342273
0.368842
0.814090
0.879304
0.484592
0.306643
0.437266
0.276652
0.815769
0.796059
0.365846
0.752264
0.524508
0.573190
0.338978
0.847350
0.165400
0.856459
0.277267
0.848818
0.019752
0.832077
0.157315
0.137368
0.948581
0.556926
0.001964
0.439557
0.109013
0.066826
0.808173
0.888157
0.250534
0.721415
0.026237
0.579263
0.486676
0.643237
0.196474
0.920875
0.927109
0.623437
0.245727
0.046425
0.079460
0.798219
0.074442
0.686002
0.999406
0.277267
0.157266
0.065957
0.678677
0.505386
0.434464
0.491076
0.395723
0.930506
0.921750
0.193497
0.288742
0.557157
0.711854
0.945078
0.642762
0.567134
0.644542
0.696490
0.084296
0.702483
0.910698
0.291525
0.363516
0.082137
0.213994
0.042330
0.814090
0.087498
0.357873
0.706002
0.884249
0.828407
0.431362
0.343883
0.776102
0.489644
0.099101
0.265910
0.505609
0.611488
0.788991
0.405408
0.991882
0.261467
0.950714
0.307720
0.721532
0.300644
0.311638
0.604404
0.103237
0.613615
0.009064
0.975590
0.561907
0.894200
0.436954
0.411508
0.197475
0.069712
0.108267
0.390933
0.424276
0.672169
0.695549
0.938790
0.366313
0.810399
0.812827
0.258828
0.915674
0.554614
0.879838
0.541493
0.401933
0.685530
0.633984
0.144352
0.305486
0.615271
0.378783
0.622726
0.507509
0.623910
0.693430
0.703539
0.244466
0.524622
0.094953
0.085037
0.751581
0.047039
0.742670
0.515249
0.582305
0.510195
0.603107
0.889446
0.164080
0.042330
0.985163
0.531210
0.763693
0.556579
0.858273
0.550575
0.090991
0.844891
0.320858
0.845187
0.119283
0.131303
0.884686
0.075387
0.592982
0.871811
0.231800
0.092922
0.446467
0.029002
0.363330
0.279426
0.259047
0.811878
0.897455
0.834204
0.462813
0.153638
0.869701
0.020561
0.185456
0.235172
0.999008
0.307389
0.623674
0.024400
0.027832
0.176666
0.815979
0.793674
0.953847
0.179266
0.298609
0.965091
0.150315
0.066002
0.448045
0.964951
0.067381
0.787679
0.117445
0.633984
0.128852
0.536000
0.707408
0.149799
0.037435
0.340133
0.247274
0.227672
0.970661
0.322914
0.205998
0.052668
0.011735
0.337825
0.630546
0.292884
0.737385
0.989248
0.552535
0.944654
0.138023
0.348204
0.985163
0.131010
0.710451
0.260732
0.343973
0.653321
0.593569
0.688362
0.622016
0.097765
0.177853
0.600985
0.905185
0.970872
0.518855
0.638610
0.199787
0.937761
0.693665
0.796167
0.992912
0.749531
0.490745
0.303263
0.804231
0.006318
0.183614
0.693194
0.087998
0.131597
0.576225
0.289694
0.818905
0.085037
0.267628
0.936657
0.949740
0.773879
0.469478
0.763693
0.259705
0.736234
0.777101
0.781194
0.915296
0.700017
0.633510
0.506391
0.979880
0.509299
0.557852
0.113917
0.648220
0.575290
0.857128
0.052724
0.170982
0.270561
0.393275
0.661624
0.716874
0.806471
0.369217
0.442900
0.002196
0.200562
0.174469
0.303674
0.047273
0.407103
0.071160
0.047778
0.475214
0.348204
0.612906
0.049868
0.089125
0.916802
0.786912
0.549768
0.372514
0.543213
0.050613
0.789756
0.418878
0.844101
0.665891
0.208636
0.495051
0.329658
0.214498
0.080489
0.919332
0.076784
0.458431
0.518967
0.703891
0.928088
0.660438
0.034695
0.399363
0.508627
0.389669
0.150692
0.171139
0.691074
0.447624
0.263237
0.527231
0.420300
0.277959
0.608417
0.745419
0.793457
0.899106
0.789210
0.613379
0.692723
0.634222
0.300971
0.681750
0.408101
0.803697
0.303263
0.830347
0.014546
0.217223
0.345679
0.656168
0.234021
0.363516
0.501931
0.446046
0.066872
0.810081
0.459391
0.790628
0.055827
0.778873
0.499485
0.543213
0.303099
0.639084
0.974903
0.270410
0.467215
0.964527
0.146639
0.612906
0.346850
0.656050
0.654745
0.856267
0.624147
0.540691
0.485908
0.352014
0.864504
0.421928
0.911549
0.725713
0.956015
0.530869
0.085409
0.880282
0.440495
0.523602
0.757824
0.818384
0.374881
0.208081
0.982983
0.152873
0.519532
0.857224
0.405408
0.134477
0.903259
0.336940
0.051188
0.577626
0.530983
0.028610
0.666484
0.072884
0.747020
0.148770
0.148864
0.347933
0.148491
0.376781
0.892005
0.187708
0.059178
0.451106
0.821297
0.709047
0.700722
0.175377
0.425401
0.354478
0.156388
0.637780
0.513562
0.348927
0.336940
0.844200
0.380408
0.406704
0.245587
0.507173
0.109049
0.836524
0.171087
0.333593
0.743931
0.544821
0.877247
0.397885
0.527799
0.345050
0.146639
0.961624
0.681987
0.730347
0.284173
0.558431
0.682459
0.660675
0.019450
0.064918
0.342809
0.254475
0.382422
0.647389
0.544247
0.121772
0.071772
0.276882
0.406504
0.688008
0.755898
0.810927
0.400251
0.404016
0.497820
0.557736
0.557852
0.555654
0.170720
0.657355
0.607472
0.256717
0.099396
0.258026
0.994415
0.766277
0.570160
0.130052
0.765379
0.055573
0.228599
0.176182
0.617518
0.605466
0.399166
0.778209
0.565855
0.259339
0.318982
0.421215
0.467431
0.637305
0.544821
0.347120
0.933284
0.222496
0.085927
0.187539
0.864317
0.440287
0.519193
0.935147
0.226419
0.487115
0.219976
0.930300
0.123828
0.071355
0.108090
0.111025
0.829021
0.341202
0.553459
0.746105
0.430640
0.961624
0.559936
0.397098
0.201220
0.786584
0.178613
0.053302
0.509187
0.907093
0.078258
0.171349
0.854828
0.477061
0.704712
0.290967
0.301297
0.084070
0.248688
0.181952
0.922693
0.855596
0.513113
0.897123
0.350105
0.436123
0.721997
0.362587
0.546085
0.011712
0.336410
0.218692
0.661861
0.020662
0.386760
0.719903
0.546890
0.989180
0.445836
0.748276
0.161915
0.588049
0.167450
0.548271
0.392493
0.970449
0.766277
0.416547
0.548962
0.539545
0.401339
0.286688
0.112995
0.955370
0.227672
0.355485
0.070578
0.179921
0.625687
0.996061
0.299910
0.671932
0.230529
0.975741
0.559473
0.003534
0.150315
0.344601
0.818801
0.124227
0.433946
0.490415
0.497820
0.188218
0.430640
0.173300
0.236191
0.179538
0.850086
0.095016
0.465602
0.484921
0.452481
0.010405
0.211239
0.655219
0.498819
0.067893
0.527571
0.521000
0.392396
0.098773
0.483935
0.137674
0.832787
0.725713
0.545395
0.136283
0.733928
0.963092
0.462491
0.308052
0.734966
0.084980
0.176020
0.425606
0.640626
0.308551
0.450683
0.072884
0.078470
0.681987
0.203265
0.425913
0.570509
0.658659
0.216969
0.177637
0.752378
0.057430
0.912705
0.137151
0.794542
0.524169
0.262572
0.487994
0.803162
0.041923
0.682459
0.322399
0.506614
0.651779
0.905823
0.051134
0.835718
0.463563
0.083421
0.198717
0.123034
0.713490
0.564809
0.577042
0.743472
0.799620
0.720019
0.318301
0.915749
0.067011
0.598276
0.173300
0.129927
0.001835
0.302361
0.392200
0.221718
0.258901
0.181732
0.759746
0.763242
0.188445
0.215446
0.023362
0.372231
0.502376
0.496601
0.136413
0.830449
0.150127
0.482841
0.454708
0.074366
0.730693
0.271468
0.356035
0.012427
0.117407
0.071895
0.445836
0.634459
0.357045
0.842914
0.246570
0.560516
0.404811
0.392396
0.247274
0.263385
0.332628
0.216524
0.945199
0.491076
0.427451
0.829837
0.077202
0.968984
0.344332
0.600632
0.465817
0.460993
0.765828
0.045574
0.345409
0.669801
0.348385
0.539431
0.302279
0.114400
0.486456
0.661149
0.357229
0.912397
0.057350
0.040929
0.007059
0.085438
0.889703
0.157461
0.919848
0.055127
0.415638
0.247980
0.507061
0.608063
0.885906
0.647271
0.898859
0.604050
0.237896
0.155515
0.570859
0.657829
0.689659
0.255702
0.181677
0.094764
0.948465
0.249965
0.044278
0.669682
0.896459
0.338445
0.009022
0.922982
0.052668
0.873361
0.357137
0.541378
0.766502
0.132988
0.045332
0.134648
0.163221
0.978366
0.188048
0.136890
0.255702
0.594745
0.112958
0.536914
0.566785
0.801554
0.802412
0.613970
0.568297
0.837127
0.425708
0.021757
0.075850
0.605230
0.304250
0.356585
0.440913
0.113105
0.862063
0.520887
0.884161
0.649288
0.472721
0.453435
0.844200
0.455557
0.166627
0.585938
0.854731
0.960928
0.843508
0.941574
0.419081
0.287477
0.221783
0.950200
0.641457
0.010237
0.187426
0.442167
0.963622
0.842319
0.885906
0.094074
0.107631
0.129927
0.783398
0.071895
0.429507
0.884249
0.431775
0.958539
0.229995
0.883373
0.121694
0.304579
0.591336
0.692723
0.171927
0.710802
0.723275
0.994385
0.688480
0.602517
0.290251
0.847056
0.713490
0.190155
0.068714
0.933886
0.950028
0.213365
0.748504
0.083674
0.516600
0.509523
0.677495
0.364726
0.573190
0.340578
0.446782
0.453753
0.703774
0.471963
0.783178
0.595216
0.062495
0.890558
0.652016
0.603225
0.742326
0.168430
0.790301
0.354203
0.456408
0.916502
0.739341
0.392005
0.275885
0.121733
0.127620
0.192975
0.697431
0.091508
0.039301
0.931325
0.957654
0.213805
0.878679
0.500374
0.106091
0.783509
0.074773
0.077098
0.573423
0.842319
0.313231
0.502153
0.297636
0.860741
0.308717
0.423050
0.351650
0.445731
0.416244
0.801769
0.954503
0.862063
0.855404
0.881523
0.773545
0.691781
0.666602
0.278268
0.235240
0.734966
0.929682
0.951452
0.176989
0.947349
0.593922
0.782518
0.906538
0.911318
0.246992
0.359624
0.287003
0.929682
0.591806
0.376210
0.376020
0.262794
0.088768
0.074290
0.642169
0.757824
0.931257
0.223863
0.838731
0.949279
0.274890
0.402428
0.044818
0.098480
0.607000
0.645016
0.611606
0.811667
0.075824
0.197416
0.492178
0.044058
0.705181
0.482513
0.812616
0.079541
0.940128
0.041983
0.096095
0.795301
0.573540
0.311805
0.973333
0.355210
0.767960
0.568763
0.300971
0.496490
0.307057
0.294569
0.313231
0.891410
0.243002
0.119708
0.792153
0.350650
0.144443
0.743472
0.775325
0.856554
0.546430
0.044058
0.732312
0.253324
0.136934
0.063388
0.840130
0.749531
0.472180
0.320090
0.051987
0.868964
0.792805
0.765379
0.488324
0.760198
0.276345
0.365752
0.444472
0.984371
0.914462
0.562371
0.802626
0.764030
0.514461
0.643118
0.246008
0.180852
0.422540
0.459818
0.164485
0.113806
0.390252
0.015872
0.484045
0.240991
0.714307
0.154165
0.012840
0.790955
0.328353
0.687536
0.199846
0.343346
0.096095
0.912858
0.230863
0.941512
0.735312
0.325237
0.363702
0.324892
0.210306
0.712555
0.451317
0.297717
0.562371
0.008173
0.917774
0.503824
0.719437
0.740030
0.103373
0.283391
0.826870
0.082888
0.007205
0.576108
0.536686
0.046145
0.465172
0.946638
0.685176
0.900989
0.492289
0.641576
0.473046
0.092090
0.970619
0.748618
0.838230
0.923702
0.606882
0.129927
0.974399
0.917102
0.865345
0.228798
0.301788
0.760311
0.872268
0.218116
0.434464
0.160767
0.372231
0.220233
0.724088
0.385117
0.965465
0.837929
0.431878
0.517614
0.828509
0.655101
0.986382
0.949855
0.764705
0.616690
0.514461
0.112518
0.384250
0.747362
0.326014
0.119206
0.423356
0.467646
0.397098
0.512214
0.874994
0.915220
0.884773
0.067474
0.886254
0.521226
0.545166
0.691545
0.916050
0.758163
0.908904
0.965185
0.901315
0.908512
0.595334
0.067381
0.892513
0.098708
0.735197
0.879749
0.826870
0.938405
0.930026
0.045704
0.384057
0.083168
0.221460
0.156583
0.696490
0.939429
0.418675
0.698019
0.997873
0.302033
0.511429
0.977691
0.991342
0.043651
0.172983
0.391031
0.849013
0.722345
0.220814
0.944957
0.499818
0.755444
0.466462
0.871994
0.014125
0.291047
0.712906
0.530300
0.941136
0.218820
0.907882
0.512214
0.181677
0.987635
0.393079
0.548962
0.340934
0.212676
0.757031
0.822851
0.866556
0.880992
0.563068
0.395821
0.878143
0.376401
0.877874
0.412915
0.529731
0.593922
0.247204
0.557736
0.615862
0.902775
0.414326
0.370440
0.450260
0.762341
0.486786
0.538630
0.895039
0.925131
0.194136
0.397098
0.049151
0.928922
0.480219
0.469586
0.394351
0.879749
0.913241
0.210493
0.299992
0.483388
0.976079
0.940254
0.857319
0.316436
0.576458
0.778320
0.926688
0.970956
0.026964
0.931800
0.095554
0.949625
0.481202
0.329658
0.661268
0.950771
0.794976
0.433532
0.453011
0.826664
0.859984
0.856650
0.896625
0.005038
0.970322
0.522583
0.209686
0.436746
0.728147
0.274203
0.989914
0.428787
0.735312
0.881080
0.356035
0.461956
0.243211
0.357045
0.622608
0.436227
0.927809
0.426631
0.708930
0.376496
0.429301
0.746562
0.294408
0.032260
0.269882
0.843310
0.132059
0.617755
0.962995
0.214750
0.483169
0.215193
0.166218
0.224451
0.477822
0.573423
0.294730
0.393177
0.579263
0.088798
0.134606
0.185736
0.477714
0.153542
0.664350
0.082359
0.913241
0.565855
0.702835
0.892683
0.307886
0.922765
0.941637
0.011917
0.803269
0.672880
0.788007
0.020833
0.672998
0.541722
0.592864
0.838330
0.094167
0.717107
0.126480
0.130509
0.626754
0.061570
0.070675
0.780200
0.549192
0.549422
0.920216
0.498153
0.237828
0.963285
0.209810
0.560864
0.801339
0.138944
0.102797
0.314746
0.004290
0.607708
0.480983
0.692370
0.592276
0.818801
0.799620
0.799835
0.315168
0.125148
0.344511
0.594745
0.028758
0.743014
0.361011
0.293525
0.453647
0.641576
0.355760
0.875536
0.283782
0.686828
0.672761
0.487884
0.862251
0.138417
0.004307
0.603107
0.825122
0.692841
0.085380
0.473479
0.513787
0.718855
0.694490
0.017038
0.454071
0.082359
0.029778
0.450789
0.204355
0.261835
0.440391
0.089125
0.120522
0.204052
0.256789
0.477605
0.096831
0.467000
0.729768
0.957602
0.428376
0.491517
0.975476
0.846859
0.440495
0.170041
0.818905
0.938405
0.827280
0.568530
0.388116
0.953737
0.702366
0.670156
0.674773
0.994817
0.545395
0.487115
0.841226
0.573423
0.674537
0.690956
0.857797
0.002467
0.998841
0.811033
0.199014
0.855596
0.757597
0.374028
0.485908
0.970236
0.678086
0.568414
0.939747
0.770980
0.869793
0.093543
0.298609
0.639796
0.799297
0.433946
0.246008
0.847938
0.357596
0.714191
0.457685
0.795301
0.126561
0.389280
0.340934
0.189356
0.280510
0.533375
0.533945
0.305734
0.622608
0.243908
0.596039
0.035690
0.029778
0.540118
0.067219
0.021554
0.574123
0.136457
0.312224
0.441749
0.675128
0.738421
0.485688
0.179102
0.535772
0.755785
0.784938
0.939110
0.286136
0.113069
0.758503
0.598747
0.745876
0.554152
0.725713
0.678559
0.229263
0.035164
0.010418
0.254691
0.325324
0.130968
0.238376
0.700135
0.327139
0.895792
0.562951
0.310634
0.174097
0.749417
0.869332
0.547120
0.820154
0.964290
0.708696
0.113917
0.459605
0.466893
0.044121
0.267478
0.136197
0.758276
0.802412
0.296584
0.361752
0.055593
0.752378
0.533375
0.950657
0.746562
0.418776
0.253827
0.192224
0.649881
0.468400
0.053377
0.339955
0.822230
0.567832
0.166064
0.283860
0.325410
0.727568
0.320944
0.203446
0.035690
0.613261
0.874541
0.822644
0.507285
0.888415
0.712088
0.448994
0.781856
0.603932
0.694607
0.343794
0.314915
0.354295
0.929751
0.614206
0.064293
0.432085
0.874541
0.640033
0.337648
0.322399
0.262203
0.001303
0.836725
0.641931
0.838430
0.589692
0.709983
0.445521
0.108090
0.695667
0.009688
0.750101
0.615507
0.056871
0.922621
0.082888
0.272833
0.182173
0.538401
0.773656
0.224385
0.068714
0.473587
0.208759
0.152301
0.391128
0.100055
0.908276
0.766726
0.211551
0.808597
0.959616
0.555192
0.371005
0.587462
0.654508
0.843211
0.293285
0.864597
0.955317
0.468831
0.416547
0.099462
0.572957
0.290489
0.429404
0.167553
0.877516
0.391615
0.261835
0.718738
0.207221
0.595686
0.613261
0.483716
0.272453
0.811139
0.947172
0.613261
0.855500
0.465065
0.206181
0.363330
0.875897
0.483826
0.191705
0.195595
0.560516
0.762341
0.871902
0.797356
0.703891
0.786584
0.248192
0.088205
0.360086
0.275196
0.335616
0.751126
0.666958
0.506726
0.655457
0.026102
0.879036
0.630783
0.899599
0.528139
0.069449
0.929199
0.972972
0.045932
0.702249
0.737155
0.581135
0.103748
0.144716
0.355943
0.658778
0.062820
0.596039
0.396410
0.486017
0.533261
0.581486
0.754650
0.359440
0.302771
0.126886
0.180742
0.171244
0.939046
0.066803
0.777544
0.263533
0.578678
0.038171
0.341469
0.147054
0.220040
0.773767
0.087235
0.457898
0.319748
0.737616
0.122441
0.617991
0.595686
0.011488
0.119514
0.480656
0.095840
0.506391
0.702249
0.365286
0.427965
0.007911
0.379930
0.160220
0.911240
0.983995
0.163827
0.050721
0.893948
0.008868
0.767735
0.472180
0.992051
0.002276
0.423254
0.593569
0.578678
0.398673
0.942198
0.532919
0.327572
0.168068
0.371288
0.855212
0.832787
0.021123
0.673945
0.558894
0.736810
0.790083
0.841325
0.844003
0.302935
0.452481
0.724785
0.107104
0.453965
0.154021
0.594393
0.242793
0.599807
0.784718
0.958435
0.108019
0.260585
0.743129
0.421623
0.289774
0.134136
0.812827
0.703891
0.076523
0.979813
0.236191
0.324548
0.368748
0.711153
0.476409
0.583359
0.097442
0.942135
0.359255
0.745304
0.329571
0.931868
0.356494
0.338357
0.011488
0.756918
0.667905
0.933418
0.715241
0.084865
0.672880
0.879927
0.242030
0.658541
0.907014
0.136934
0.305569
0.081860
0.733351
0.950657
0.444996
0.192339
0.061144
0.402527
0.479347
0.136067
0.378783
0.200204
0.022358
0.699077
0.237760
0.139516
0.377924
0.763355
0.905265
0.401636
0.150409
0.459498
0.352651
0.532349
0.810927
0.944167
0.597805
0.083140
0.005397
0.568879
0.095999
0.948873
0.769974
0.208883
0.264794
0.842715
0.526323
0.691899
0.161066
0.191015
0.809975
0.821712
0.917176
0.965604
0.721880
0.612315
0.940317
0.126278
0.263533
0.705299
0.001274
0.425606
0.292484
0.513674
0.553690
0.013953
0.096959
0.021258
0.240370
0.329397
0.119630
0.338357
0.378306
0.686946
0.646915
0.057170
0.591454
0.424787
0.468831
0.785597
0.776768
0.877605
0.668024
0.552420
0.645253
0.298690
0.549537
0.962995
0.074442
0.426836
0.185456
0.586876
0.637305
0.042527
0.440600
0.316605
0.868317
0.605348
0.772765
0.632680
0.956812
0.768296
0.625569
0.436227
0.872085
0.450260
0.003907
0.504940
0.095016
0.617991
0.812827
0.780753
0.616335
0.362866
0.034457
0.611252
0.445206
0.480110
0.057590
0.686828
0.195069
0.232740
0.786145
0.268904
0.096734
0.371853
0.465280
0.346039
0.072611
0.105847
0.076967
0.248263
0.659845
0.110087
0.670038
0.862063
0.224189
0.805192
0.355943
0.646915
0.496822
0.174097
0.965325
0.905345
0.840329
0.464958
0.378306
0.299910
0.119630
0.608299
0.995513
0.895792
0.461956
0.257371
0.748504
0.863098
0.821193
0.180632
0.008656
0.461849
0.032003
0.940633
0.035703
0.743816
0.455451
0.622608
0.669564
0.483826
0.333154
0.233616
0.930437
0.677140
0.385890
0.397885
0.175163
0.142860
0.916276
0.902775
0.705650
0.701544
0.341469
0.288030
0.476735
0.165809
0.631613
0.530983
0.082359
0.965651
0.793131
0.885993
0.099199
0.385890
0.255196
0.748162
0.297555
0.110555
0.341469
0.342541
0.176182
0.448994
0.838631
0.565855
0.358978
0.690720
0.593452
0.256137
0.194252
0.111170
0.767960
0.613142
0.380121
0.995474
0.343973
0.156778
0.447414
0.379738
0.187143
0.502599
0.299097
0.464958
0.435501
0.581018
0.501597
0.454071
0.644186
0.874632
0.422438
0.979678
0.409101
0.581603
0.479129
0.542066
0.810716
0.972568
0.648813
0.545051
0.181126
0.414326
0.352925
0.783068
0.237691
0.381942
0.964857
0.564461
0.902370
0.795409
0.802198
0.221072
0.895123
0.814930
0.743931
0.296503
0.337117
0.654508
0.912320
0.851738
0.138154
0.651898
0.564112
0.553921
0.836624
0.721764
0.450789
0.672643
0.005201
0.535429
0.077019
0.400943
0.133157
0.527117
0.492289
0.896292
0.196416
0.202361
0.315506
0.423663
0.768632
0.273898
0.052373
0.801876
0.820154
0.211800
0.903662
0.167862
0.773099
0.003510
0.497376
0.146134
0.497155
0.551036
0.824813
0.835315
0.524395
0.624503
0.435501
0.884424
0.124147
0.585117
0.934750
0.525302
0.804231
0.888759
0.976673
0.798543
0.691074
0.723159
0.043979
0.283704
0.924132
0.922114
0.315675
0.203446
0.453117
0.742785
0.391128
0.136847
0.519193
0.766838
0.914841
0.030529
0.098839
0.270033
0.670156
0.309383
0.916577
0.112701
0.374976
0.145996
0.822954
0.124347
0.263015
0.064138
0.387147
0.674418
0.016281
0.186410
0.600514
0.285507
0.803376
0.892767
0.097055
0.026845
0.825431
0.598982
0.457898
0.839431
0.175967
0.355943
0.649643
0.534288
0.001292
0.333593
0.769862
0.071551
0.867577
0.394840
0.576108
0.152730
0.615744
0.805086
0.535087
0.919406
0.687300
0.202903
0.097345
0.111897
0.543558
0.624503
0.115108
0.084154
0.675720
0.160617
0.881964
0.742211
0.172930
0.571558
0.288267
0.079622
0.695431
0.116196
0.608181
0.766053
0.728379
0.833699
0.642762
0.510532
0.709398
0.913471
0.977870
0.741982
0.423867
0.260658
0.604522
0.156924
0.150598
0.223211
0.927390
0.407402
0.873634
0.875807
0.990739
0.866370
0.446677
0.782958
0.582305
0.113917
0.625332
0.117407
0.378687
0.168172
0.867484
0.146870
0.810822
0.615271
0.811139
0.680332
0.077887
0.972972
0.990862
0.542525
0.700135
0.703891
0.342273
0.488543
0.127009
0.662454
0.507732
0.607590
0.644423
0.345859
0.045445
0.645253
0.807429
0.929888
0.606528
0.389571
0.155757
0.752605
0.520661
0.588870
0.151400
0.647389
0.115108
0.629716
0.416547
0.671932
0.946638
0.110952
0.062149
0.614561
0.468723
0.945561
0.385697
0.023748
0.668498
0.457366
0.905504
0.424276
0.192628
0.448783
0.226287
0.094167
0.098187
0.318216
0.305651
0.834002
0.050080
0.562603
0.808067
0.295052
0.397098
0.811878
0.770645
0.677968
0.760649
0.623792
0.048943
0.082526
0.055147
0.718506
0.615862
0.164790
0.218053
0.469802
0.276192
0.236804
0.301870
0.206854
0.778098
0.003456
0.130093
0.963909
0.747248
0.753855
0.106964
0.201820
0.163271
0.608889
0.757484
0.159131
0.366219
0.746791
0.400449
0.412714
0.511990
0.385407
0.988695
0.444786
0.445731
0.253611
0.557157
0.873179
0.998770
0.281598
0.228003
0.647389
0.210803
0.010064
0.131010
0.067450
0.398771
0.342809
0.249610
0.858939
0.499041
0.452375
0.163877
0.506614
0.268828
0.965185
0.459711
0.860741
0.937047
0.812616
0.646084
0.938341
0.397983
0.471639
0.094167
0.102189
0.785377
0.836725
0.643948
0.168068
0.127620
0.674773
0.625924
0.721299
0.218180
0.329049
0.308302
0.098447
0.396606
0.343256
0.677495
0.125349
0.900581
0.592982
0.630783
0.338978
0.195946
0.892767
0.625687
0.213240
0.479347
0.225433
0.371570
0.756578
0.185400
0.424378
0.652372
0.213742
0.471206
0.316774
0.125068
0.132819
0.584297
0.367716
0.451529
0.350015
0.539316
0.733582
0.002000
0.181677
0.120873
0.157315
0.147100
0.507397
0.348023
0.494166
0.210803
0.290808
0.775102
0.005473
0.240439
0.873452
0.708462
0.206792
0.544936
0.408001
0.391518
0.692841
0.574707
0.133795
0.946280
0.722694
0.121185
0.503824
0.050116
0.783288
0.944472
0.069593
0.424071
0.653203
0.006829
0.420503
0.852899
0.955100
0.954721
0.469586
0.058501
0.294328
0.429713
0.522583
0.495051
0.519419
0.464206
0.344152
0.357045
0.947349
0.189014
0.392103
0.888845
0.764705
0.777212
0.751695
0.177421
0.293525
0.269355
0.017318
0.426631
0.428479
0.624858
0.927179
0.366313
0.313483
0.560052
0.751012
0.928158
0.524962
0.511990
0.919406
0.452375
0.747362
0.281054
0.563068
0.837026
0.721880
0.868317
0.670038
0.488543
0.749531
0.676903
0.494166
0.543099
0.676312
0.192108
0.200503
0.910465
0.331665
0.659134
0.031332
0.752491
0.098447
0.433015
0.935081
0.560980
0.680214
0.156632
0.455132
0.654982
0.455451
0.510980
0.132734
0.307223
0.865065
0.624029
0.590514
0.005942
0.911704
0.572490
0.811878
0.256862
0.626635
0.742211
0.090718
0.473262
0.960778
0.433118
0.238650
0.320004
0.570626
0.908904
0.990552
0.639440
0.590632
0.759181
0.002101
0.058828
0.905265
0.216651
0.329397
0.976452
0.109120
0.284408
0.905584
0.202241
0.441853
0.326187
0.980907
0.579263
0.810716
0.651423
0.350650
0.416547
0.940317
0.328266
0.889189
0.149050
0.771426
0.466140
0.982338
0.576809
0.267703
0.277651
0.107420
0.057350
0.582540
0.543099
0.582891
0.707525
0.283391
0.186073
0.691663
0.510307
0.061784
0.436954
0.579848
0.046839
0.725713
0.585703
0.853672
0.635052
0.525075
0.436020
0.797895
0.616217
0.129554
0.276268
0.608535
0.101987
0.642406
0.120056
0.416750
0.288188
0.627702
0.126968
0.747819
0.129140
0.467108
0.463563
0.380217
0.479674
0.223798
0.779869
0.076602
0.556232
0.311554
0.694136
0.331228
0.326533
0.162416
0.425913
0.505833
0.918962
0.649881
0.407402
0.304909
0.222172
0.609716
0.211738
0.258244
0.142320
0.425196
0.965836
0.224909
0.798111
0.881523
0.544591
0.911704
0.462491
0.456833
0.114029
0.782187
0.379452
0.199966
0.660912
0.378878
0.497598
0.065030
0.773099
0.582540
0.123788
0.794976
0.216016
0.455876
0.523716
0.328788
0.271847
0.315590
0.388309
0.261908
0.789319
0.212488
0.747819
0.210120
0.973013
0.314493
0.933485
0.948055
0.456514
0.687536
0.439244
0.283079
0.720136
0.021969
0.303263
0.475648
0.661031
0.054474
0.915296
0.798866
0.575874
0.883197
0.794542
0.911704
0.066551
0.905744
0.851058
0.769639
0.210741
0.124427
0.919110
0.709866
0.292404
0.064405
0.558431
0.600867
0.517501
0.014299
0.467538
0.602989
0.563996
0.305899
0.583828
0.718506
0.672051
0.885819
0.594745
0.031458
0.185904
0.653559
0.065753
0.290728
0.349471
0.814615
0.532691
0.134477
0.415537
0.969506
0.068314
0.016194
0.681396
0.400350
0.006020
0.226946
0.123788
0.906776
0.967746
0.717340
0.159131
0.414931
0.963957
0.800910
0.790955
0.868502
0.700252
0.109692
0.161565
0.999541
0.098219
0.360826
0.621187
0.936265
0.480219
0.565274
0.655931
0.942135
0.225958
0.716291
0.235851
0.932612
0.404811
0.381079
0.249326
0.023916
0.062755
0.603932
0.592864
0.943002
0.543213
0.987734
0.078524
0.819634
0.357781
0.825225
0.294810
0.236735
0.383479
0.712555
0.134221
0.043047
0.871353
0.917699
0.182118
0.447203
0.219590
0.772430
0.063344
0.821815
0.774435
0.703657
0.029248
0.867669
0.305404
0.587110
0.880193
0.051026
0.801876
0.701896
0.775325
0.077993
0.682459
0.068998
0.639677
0.777544
0.655694
0.940381
0.340489
0.226946
0.446467
0.260291
0.064650
0.328180
0.357688
0.380983
0.784938
0.283704
0.392493
0.245587
0.445206
0.692605
0.388019
0.717107
0.808916
0.399955
0.651542
0.378783
0.266507
0.025294
0.629361
0.954721
0.987635
0.559705
0.135722
0.382999
0.363423
0.701779
0.707291
0.377162
0.655457
0.995319
0.931325
0.177962
0.378783
0.523716
0.374881
0.778209
0.379356
0.967432
0.519645
0.818175
0.922910
0.216524
0.751126
0.379165
0.126927
0.443319
0.468831
0.613142
0.427144
0.986954
0.169156
0.539545
0.925628
0.281909
0.722694
0.117940
0.884686
0.860930
0.302197
0.077597
0.638966
0.962606
0.852996
0.735888
0.223146
0.414830
0.604640
0.013910
0.713957
0.005245
0.084467
0.872997
0.446467
0.367248
0.883460
0.578094
0.583359
0.160916
0.222691
0.212050
0.507732
0.145996
0.494719
0.491296
0.649762
0.925770
0.039513
0.710451
0.375450
0.732543
0.830449
0.987685
0.364447
0.062084
0.556579
0.689423
0.316690
0.789428
0.235851
0.334647
0.155177
0.675602
0.314241
0.173990
0.457579
0.420401
0.264868
0.508292
0.618583
0.202963
0.669801
0.502487
0.576108
0.675365
0.875897
0.005963
0.191245
0.567483
0.736119
0.522131
0.026451
0.735081
0.280045
0.382806
0.453753
0.928506
0.467323
0.634814
0.383576
0.757597
0.646440
0.447519
0.314325
0.054455
0.000380
0.553459
0.884686
0.502821
0.206364
0.732774
0.028495
0.683877
0.714774
0.534630
0.885645
0.864410
0.483716
0.554383
0.535087
0.034369
0.623081
0.174416
0.657355
0.313568
0.240439
0.716874
0.990902
0.478584
0.329571
0.487225
0.266507
0.863192
0.135421
0.151826
0.294408
0.855308
0.992070
0.855020
0.634340
0.476191
0.521113
0.910542
0.111460
0.629598
0.942073
0.551728
0.117065
0.059945
0.339155
0.048943
0.122955
0.489314
0.181622
0.293766
0.917326
0.875717
0.129099
0.038544
0.019472
0.609716
0.766838
0.396410
0.471206
0.674182
0.597216
0.017174
0.326879
0.978924
0.587110
0.592276
0.172296
0.386470
0.689305
0.072363
0.144080
0.520774
0.225433
0.008629
0.360271
0.419182
0.074316
0.806897
0.718273
0.646796
0.414225
0.446782
0.935674
0.780090
0.380408
0.642525
0.483716
0.988412
0.173778
0.665773
0.267329
0.519532
0.874179
0.537143
0.239887
0.522583
0.645016
0.980776
0.372420
0.592512
0.090627
0.105190
0.946220
0.960225
0.049605
0.031127
0.323945
0.429816
0.622963
0.326533
0.653915
0.311889
0.864784
0.684231
0.992808
0.607000
0.447414
0.019560
0.548731
0.357137
0.173036
0.641694
0.903984
0.317029
0.890473
0.521905
0.161465
0.138067
0.041579
0.385697
0.043729
0.576925
0.190671
0.274814
0.962801
0.226814
0.813038
0.008087
0.572257
0.640152
0.294971
0.426323
0.707057
0.684113
0.910387
0.510420
0.925770
0.260805
0.441540
0.707408
0.230062
0.520774
0.995525
0.036276
0.592864
0.207283
0.782848
0.285429
0.628650
0.642525
0.265165
0.503936
0.842319
0.659489
0.050738
0.596039
0.180304
0.057933
0.713724
0.386373
0.202722
0.810716
0.657355
0.382806
0.905664
0.685648
0.351013
0.765267
0.732427
0.028874
0.252176
0.472721
0.887034
0.114214
0.009771
0.432705
0.170563
0.770533
0.642999
0.266059
0.524962
0.166269
0.451740
0.727568
0.970023
0.145172
0.079703
0.732427
0.882317
0.765042
0.227672
0.881876
0.797572
0.559936
0.045332
0.559705
0.930643
0.639203
0.566901
0.607826
0.705768
0.554614
0.564693
0.883899
0.890985
0.338091
0.762116
0.104432
0.955961
0.239956
0.842715
0.584297
0.124627
0.454920
0.175110
0.637542
0.700957
0.788445
0.099166
0.127661
0.080871
0.525869
0.454177
0.114623
0.265165
0.083365
0.248051
0.159477
0.627346
0.325928
0.417661
0.250463
0.405209
0.757597
0.791282
0.051768
0.305569
0.270863
0.887207
0.910465
0.551036
0.990780
0.266059
0.963813
0.565390
0.897123
0.159082
0.904545
0.469910
0.262056
0.068080
0.839231
0.011573
0.685176
0.654389
0.921678
0.817339
0.225367
0.443214
0.766165
0.195302
0.316182
0.554152
0.827690
0.945199
0.048084
0.422540
0.579497
0.812300
0.630902
0.808916
0.877964
0.252105
0.690249
0.977619
0.630309
0.825225
0.553343
0.845680
0.774324
0.703305
0.049168
0.166474
0.648932
0.255847
0.914689
0.182394
0.766951
0.213491
0.728379
0.471639
0.462491
0.056871
0.386373
0.483935
0.738421
0.076445
0.114623
0.111751
0.495826
0.105466
0.996356
0.449521
0.103102
0.170720
0.868779
0.339599
0.401240
0.237965
0.626872
0.533831
0.967342
0.973612
0.617400
0.553921
0.159675
0.332540
0.852319
0.873361
0.377448
0.089783
0.300399
0.499929
0.438515
0.749188
0.283313
0.521905
0.009975
0.451740
0.197416
0.225893
0.393079
0.211301
0.506950
0.099429
0.088323
0.067311
0.395134
0.075489
0.516037
0.416042
0.283313
0.806152
0.818279
0.053264
0.279349
0.844990
0.999707
0.465172
0.413318
0.389280
0.548041
0.192455
0.965232
0.827178
0.497931
0.766951
0.975095
0.318556
0.081282
0.503936
0.298203
0.008083
0.519419
0.381654
0.949394
0.281598
0.791391
0.207958
0.191360
0.974748
0.349924
0.111751
0.187878
0.369781
0.198184
0.332190
0.311303
0.644779
0.443423
0.544591
0.026994
0.739226
0.187200
0.011703
0.349018
0.590749
0.927390
0.283704
0.848916
0.798758
0.629005
0.938726
0.381270
0.085725
0.443738
0.074088
0.978366
0.389960
0.252463
0.152825
0.310885
0.755104
0.676193
0.429919
0.847644
0.588284
0.930506
0.754537
0.392396
0.138461
0.286609
0.096766
0.472613
0.403321
0.396213
0.064717
0.009164
0.704830
0.241337
0.442481
0.737616
0.369875
0.335528
0.883636
0.958280
0.347301
0.728842
0.759633
0.533261
0.498486
0.297474
0.378401
0.235036
0.859699
0.587814
0.883285
0.036884
0.256064
0.354752
0.441749
0.596981
0.141113
0.872450
0.563648
0.349924
0.319834
0.757937
0.905982
0.372325
0.404513
0.819842
0.298934
0.112371
0.942941
0.883109
0.227606
0.624977
0.454495
0.264126
0.495715
0.414931
0.478693
0.813985
0.788773
0.807429
0.746219
0.840827
0.265835
0.965743
0.022693
0.434050
0.114066
0.188616
0.464314
0.817444
0.198777
0.548962
0.865997
0.318642
0.965836
0.829633
0.492289
0.673945
0.789756
0.414326
0.295132
0.239612
0.978154
0.074240
0.004437
0.635882
0.344421
0.894368
0.013517
0.418675
0.436954
0.903340
0.633629
0.394155
0.098025
0.822747
0.306147
0.439974
0.050703
0.274203
0.438306
0.331053
0.244257
0.686710
0.623555
0.042421
0.116687
0.214372
0.044643
0.005980
0.118629
0.314325
0.216524
0.261761
0.319834
0.321200
0.778541
0.790628
0.825431
0.887294
0.156827
0.867391
0.227342
0.958487
0.874994
0.279426
0.682696
0.433532
0.542181
0.152920
0.950543
0.915296
0.901640
0.570393
0.809340
0.569927
0.136457
0.070941
0.861969
0.464528
0.703657
0.545280
0.489644
0.787241
0.882405
0.999215
0.137107
0.917550
0.533603
0.514911
0.316605
0.695667
0.837628
0.307720
0.938276
0.842914
0.700840
0.261982
0.494940
0.141872
0.390544
0.505386
0.367904
0.698489
0.982831
0.648220
0.382230
0.225893
0.809340
0.138067
0.813564
0.718506
0.323515
0.476409
0.925273
0.362680
0.204173
0.250748
0.174950
0.511878
0.589223
0.609362
0.845483
0.304167
0.719437
0.664232
0.948406
0.261761
0.812089
0.967071
0.228201
0.346219
0.467000
0.546660
0.452587
0.917326
0.244187
0.728147
0.628650
0.161016
0.620122
0.502599
0.924775
0.960427
0.407103
0.868779
0.506391
0.248758
0.150786
0.259852
0.576575
0.866741
0.074824
0.693077
0.923558
0.663876
0.818905
0.654626
0.731156
0.907882
0.201460
0.324375
0.990065
0.510756
0.085610
0.720950
0.891325
0.395330
0.855596
0.037085
0.045283
0.833496
0.159280
0.532463
0.911240
0.172983
0.868594
0.571325
0.570859
0.577276
0.776324
0.146824
0.708930
0.944654
0.764592
0.956707
0.648813
0.545395
0.757937
0.307969
0.324892
0.678795
0.936395
0.423969
0.052798
0.644067
0.364167
0.670985
0.209501
0.957707
0.531894
0.607945
0.812089
0.088175
0.429713
0.961575
0.268828
0.358149
0.717806
0.528935
0.480547
0.163877
0.588401
0.113142
0.538058
0.497044
0.109441
0.555770
0.618110
0.133030
0.333241
0.914310
0.401141
0.143853
0.634103
0.194369
0.659015
0.319748
0.037031
0.966936
0.432085
0.367248
0.251033
0.473371
0.972690
0.706939
0.784608
0.704830
0.294328
0.423867
0.104948
0.300155
0.824916
0.191015
0.921750
0.436020
0.043636
0.046855
0.793240
0.290251
0.833395
0.197416
0.536914
0.494056
0.666839
0.921605
0.956707
0.363144
0.878947
0.012528
0.401636
0.386373
0.365939
0.357413
0.508068
0.636356
0.462063
0.314578
0.202481
0.863192
0.271014
0.500929
0.499263
0.027986
0.749645
0.607945
0.325237
0.626161
0.919848
0.765154
0.228201
0.658896
0.218820
0.744160
0.086855
0.342541
0.611015
0.259852
0.425913
0.747134
0.464743
0.484702
0.153590
0.909764
0.856076
0.783509
0.805832
0.961921
0.102324
0.156243
0.143944
0.411709
0.422642
0.930711
0.237623
0.162768
0.980215
0.577860
0.323945
0.167759
0.173672
0.349833
0.851350
0.478040
0.764143
0.987881
0.812089
0.740719
0.093170
0.339866
0.773545
0.839331
0.787241
0.655813
0.777988
0.067011
0.726873
0.070264
0.983043
0.084495
0.578678
0.434775
0.067172
0.477061
0.710802
0.863661
0.063850
0.672998
0.332803
0.566552
0.140357
0.936722
0.349199
0.906935
0.628413
0.519645
0.966159
0.344242
0.622253
0.565971
0.325237
0.905903
0.721764
0.621897
0.813669
0.285586
0.789537
0.693430
0.271241
0.640745
0.734043
0.731618
0.658303
0.527231
0.715474
0.291127
0.555307
0.773767
0.542410
0.562255
0.624740
0.512888
0.339510
0.486127
0.483935
0.728379
0.566552
0.982058
0.179811
0.820050
0.206976
0.531210
0.945741
0.630665
0.385600
0.803269
0.315759
0.576692
0.993772
0.335616
0.746905
0.492620
0.902127
0.619530
0.812194
0.398771
0.486566
0.712322
0.715591
0.861403
0.747362
0.643830
0.070288
0.624977
0.304003
0.118131
0.533261
0.642881
0.922621
0.326879
0.205875
0.831264
0.419588
0.634459
0.041579
0.781856
0.250036
0.078870
0.100917
0.679623
0.446887
0.067939
0.729768
0.565971
0.084808
0.231130
0.227342
0.204476
0.502153
0.705064
0.722462
0.493061
0.167914
0.874088
0.362401
0.693665
0.895374
0.994831
0.114958
0.128235
0.366033
0.915975
0.892090
0.958900
0.925628
0.511429
0.486017
0.631494
0.539087
0.124667
0.645135
0.774324
0.340400
0.586407
0.362123
0.699547
0.871536
0.803162
0.809340
0.433843
0.317029
0.205449
0.462277
0.392591
0.507397
0.834305
0.501708
0.003771
0.602400
0.691192
0.865438
0.724785
0.519080
0.448467
0.323343
0.242099
0.718971
0.093824
0.422948
0.730231
0.278268
0.644067
0.421826
0.116876
0.162919
0.205449
0.730578
0.887380
0.432292
0.978646
0.424889
0.319493
0.153733
0.502153
0.864130
0.806578
0.316690
0.028516
0.084808
0.594275
0.914005
0.645847
0.764143
0.050703
0.069212
0.368842
0.660438
0.116687
0.930232
0.293846
0.682105
0.065504
0.610661
0.506503
0.831670
0.932679
0.561907
0.847252
0.975362
0.082331
0.166320
0.166730
0.359532
0.127375
0.167089
0.199549
0.581486
0.507285
0.433843
0.973053
0.749645
0.429507
0.643830
0.850475
0.168430
0.895374
0.795193
0.689777
0.797248
0.005639
0.137936
0.662572
0.594157
0.166525
0.100121
0.135378
0.126724
0.512102
0.270334
0.764143
0.201280
0.849013
0.221007
0.103237
0.424480
0.673945
0.458644
0.421419
0.407202
0.705533
0.406803
0.042239
0.684349
0.785157
0.305651
0.753060
0.094512
0.389280
0.179048
0.555192
0.725365
0.028516
0.663876
0.727800
0.009132
0.802412
0.105778
0.331665
0.166166
0.392200
0.707174
0.607826
0.011312
0.709749
0.061634
0.710217
0.909998
0.129554
0.061186
0.324375
0.128112
0.173406
0.299910
0.786145
0.986774
0.049921
0.689305
0.864878
0.004041
0.353016
0.126846
0.745419
0.679387
0.179811
0.270561
0.648101
0.090325
0.042436
0.823884
0.413117
0.180468
0.064986
0.348656
0.759520
0.332277
0.336498
0.679978
0.888587
0.962995
0.499485
0.072685
0.317368
0.421114
0.017951
0.376591
0.535087
0.568530
0.400943
0.865438
0.061229
0.194427
0.803804
0.166525
0.506168
0.652135
0.053189
0.059716
0.067195
0.690720
0.030019
0.887034
0.415234
0.518742
0.376591
0.151874
0.460245
0.663876
0.428581
0.743816
0.221978
0.044310
0.177799
0.970619
0.783178
0.618228
0.871628
0.060699
0.534516
0.294971
0.376971
0.067242
0.731618
0.647745
0.980776
0.574473
0.373082
0.066230
0.722694
0.197122
0.164080
0.600043
0.517276
0.611252
0.090839
0.827075
0.587110
0.188957
0.588988
0.899927
0.969115
0.584297
0.587580
0.401735
0.956759
0.644186
0.872815
0.658896
0.451317
0.674063
0.353929
0.252534
0.665536
0.897372
0.647626
0.234089
0.920875
0.391810
0.630072
0.007325
0.581486
0.602635
0.714658
0.632680
0.428068
0.179157
0.419588
0.232203
0.672169
0.453647
0.042224
0.997819
0.098643
0.230195
0.315252
0.814720
0.817757
0.956918
0.031562
0.406504
0.460245
0.883460
0.847644
0.989134
0.991480
0.846368
0.403718
0.087792
0.643592
0.416851
0.935477
0.747933
0.260952
0.116838
0.747020
0.394840
0.855788
0.963766
0.999368
0.735312
0.186073
0.195069
0.748732
0.629598
0.863098
0.699077
0.744160
0.121615
0.695078
0.275885
0.990552
0.956121
0.621661
0.891410
0.843805
0.928714
0.611015
0.684585
0.094733
0.136587
0.001907
0.138724
0.236123
0.406006
0.626280
0.974825
0.362958
0.189584
0.199073
0.999116
0.976563
0.914005
0.387050
0.455132
0.691663
0.291605
0.979644
0.620713
0.676903
0.901721
0.977798
0.682696
0.840229
0.596157
0.058338
0.717224
0.050649
0.482076
0.944533
0.846368
0.663521
0.802198
0.702718
0.673945
0.704361
0.883460
0.936722
0.110663
0.447308
0.116536
0.353290
0.115445
0.914765
0.331140
0.029323
0.144398
0.489314
0.654508
0.376401
0.872997
0.147655
0.788007
0.277113
0.488653
0.124347
0.919701
0.618346
0.074265
0.523602
0.253180
0.990490
0.297231
0.228798
0.967297
0.713023
0.721532
0.646915
0.525982
0.278036
0.318047
0.474129
0.628768
0.108693
0.560864
0.069117
0.906618
0.177691
0.643237
0.929819
0.560284
0.461207
0.278653
0.899352
0.763017
0.196827
0.731849
0.872633
0.621779
0.476083
0.467431
0.997986
0.991957
0.691899
0.182505
0.929060
0.187539
0.519532
0.611015
0.232740
0.197298
0.996367
0.880726
0.884424
0.867113
0.047592
0.680450
0.622253
0.119708
0.704361
0.883021
0.987159
0.101652
0.759068
0.867854
0.719437
0.292724
0.636356
0.542984
0.812300
0.926758
0.940507
0.267928
0.858083
0.752378
0.942508
0.539202
0.435604
0.231197
0.290649
0.710685
0.759859
0.557273
0.728379
0.490745
0.790410
0.823781
0.037435
0.294971
0.370346
0.159626
0.086622
0.986800
0.717340
0.237281
0.843211
0.807960
0.744618
0.633984
0.215193
0.884773
0.369875
0.913623
0.193265
0.366126
0.885123
0.452905
0.144125
0.354386
0.614206
0.012224
0.579848
0.010691
0.284565
0.114140
0.018584
0.871902
0.553690
0.024719
0.808067
0.817862
0.345769
0.954612
0.960978
0.685294
0.632917
0.896375
0.135938
0.757484
0.283235
0.251604
0.596863
0.679978
0.179593
0.883021
0.236123
0.407302
0.094167
0.899435
0.348837
0.245727
0.797140
0.502153
0.903662
0.467215
0.303838
0.588049
0.602400
0.735427
0.857701
0.335440
0.187595
0.862157
0.829225
0.846172
0.971624
0.850572
0.290012
0.676312
0.186017
0.871536
0.923054
0.088530
0.281054
0.158885
0.942011
0.120990
0.890388
0.646796
0.333241
0.894536
0.441644
0.549537
0.845680
0.775658
0.746791
0.884424
0.638966
0.500929
0.772542
0.522810
0.460459
0.525642
0.310968
0.149518
0.330704
0.717923
0.295858
0.486346
0.711153
0.310300
0.967026
0.889618
0.801876
0.556348
0.400943
0.196357
0.286136
0.680923
0.718156
0.575641
0.349652
0.697902
0.913088
0.309800
0.490415
0.232203
0.179593
0.185288
0.124547
0.151684
0.107631
0.745419
0.477387
0.633629
0.762679
0.349652
0.882933
0.101317
0.694136
0.221654
0.530413
0.856076
0.736234
0.711737
0.532577
0.566436
0.713840
0.504047
0.777212
0.807110
0.887207
0.943801
0.387244
0.572607
0.773545
0.317452
0.193845
0.847742
0.891240
0.634222
0.301624
0.888157
0.752946
0.144762
0.914157
0.690013
0.712555
0.600632
0.746562
0.325842
0.607945
0.265835
0.898282
0.820050
0.848036
0.371759
0.596510
0.182339
0.493724
0.025757
0.436746
0.035164
0.017708
0.616690
0.601928
0.726525
0.658185
0.053677
0.621661
0.077255
0.255413
0.837729
0.074417
0.966890
0.206486
0.474563
0.500040
0.366967
0.860363
0.886774
0.600514
0.185288
0.483607
0.852899
0.752605
0.582071
0.252749
0.302853
0.097992
0.215826
0.507397
0.463134
0.894872
0.225302
0.571441
0.201940
0.481311
0.149377
0.981199
0.046656
0.299097
0.688126
0.971040
0.390738
0.419487
0.183225
0.991518
0.291047
0.719554
0.896625
0.514236
0.592747
0.480110
0.664824
0.913929
0.680687
0.787460
0.494166
0.663995
0.517727
0.392396
0.233414
0.481529
0.327659
0.079058
0.971624
0.608063
0.654982
0.868687
0.781525
0.418979
0.350015
0.434257
0.203084
0.229995
0.396017
0.711036
0.534516
0.512551
0.798650
0.516375
0.813880
0.305486
0.375925
0.252033
0.225827
0.732427
0.608181
0.080598
0.846270
0.655101
0.742097
0.056396
0.965511
0.600514
0.761778
0.842120
0.746562
0.663046
0.668735
0.828407
0.553343
0.972972
0.445206
0.729074
0.364074
0.951902
0.376305
0.887294
0.711854
0.818905
0.833395
0.890814
0.654270
0.480765
0.588870
0.986435
0.131765
0.301870
0.709164
0.864036
0.728958
0.819738
0.888587
0.492951
0.242516
0.028526
0.674892
0.212989
0.134905
0.522244
0.897372
0.929406
0.587228
0.720950
0.761326
0.356035
0.424787
0.060112
0.237145
0.889960
0.128810
0.720834
0.123709
0.758616
0.648576
0.402329
0.662335
0.672406
0.346309
0.117255
0.872906
0.904465
0.649169
0.496712
0.178939
0.239956
0.964763
0.192628
0.112298
0.370816
0.997585
0.710802
0.841325
0.526209
0.407003
0.282844
0.262424
0.768408
0.761778
0.664587
0.647982
0.655101
0.185512
0.806791
0.371759
0.935213
0.270033
0.980381
0.702718
0.066895
0.075618
0.120367
0.093949
0.978154
0.357688
0.576108
0.774101
0.657592
0.125994
0.879393
0.154887
0.145355
0.158983
0.554614
0.117940
0.827998
0.234833
0.788991
0.175538
0.943002
0.954830
0.817548
0.376305
0.763130
0.213177
0.159576
0.651779
0.690956
0.575174
0.051804
0.165248
0.479565
0.561211
0.591689
0.693077
0.724669
0.151779
0.378783
0.715358
0.217160
0.991323
0.525189
0.775769
0.757258
0.203205
0.205692
0.275808
0.124147
0.119283
0.630783
0.259412
0.784828
0.319237
0.353290
0.124547
0.215699
0.145355
0.081446
0.550229
0.065210
0.640626
0.768408
0.416851
0.940822
0.630072
0.646321
0.705768
0.999679
0.201160
0.808173
0.711854
0.891240
0.583828
0.302525
0.392884
0.715708
0.843211
0.249397
0.600160
0.129306
0.931325
0.291525
0.490745
0.680805
0.151164
0.063213
0.392200
0.815560
0.109549
0.890985
0.926476
0.033972
0.159280
0.436123
0.230062
0.406305
0.010470
0.507285
0.142860
0.982800
0.189527
0.213868
0.058767
0.240577
0.368185
0.030140
0.141024
0.567832
0.639084
0.962606
0.690249
0.059467
0.152301
0.020732
0.949855
0.097895
0.380791
0.253252
0.160916
0.711620
0.916126
0.434879
0.716291
0.023624
0.640271
0.009355
0.757824
0.074012
0.446677
0.307637
0.418370
0.172718
0.114996
0.905982
0.504047
0.148631
0.416851
0.898199
0.836322
0.205083
0.667313
0.747248
0.646796
0.614443
0.923630
0.446467
0.507285
0.843211
0.668024
0.196945
0.854250
0.391225
0.543099
0.734389
0.212926
0.706939
0.659726
0.136847
0.608299
0.050954
0.953957
0.916652
0.658066
0.943002
0.496601
0.700370
0.437890
0.675838
0.590867
0.417560
0.500262
0.711387
0.871079
0.863286
0.513337
0.756465
0.253899
0.467000
0.484921
0.009046
0.305074
0.370252
0.598629
0.959463
0.762003
0.261982
0.590514
0.296584
0.560052
0.869793
0.886688
0.845680
0.703422
0.469694
0.727684
0.197416
0.137325
0.316182
0.312979
0.817444
0.063872
0.901559
0.394057
0.024032
0.577276
0.052262
0.064694
0.951452
0.049255
0.141202
0.455983
0.931733
0.018396
0.927390
0.975892
0.374312
0.310968
0.681041
0.053339
0.212488
0.065980
0.589575
0.485908
0.249894
0.003203
0.446257
0.033750
0.910309
0.692252
0.938726
0.027384
0.909217
0.073308
0.494277
0.731040
0.574007
0.979372
0.181236
0.609952
0.521339
0.937307
0.032938
0.698842
0.464958
0.795301
0.284252
0.506168
0.250392
0.211800
0.342005
0.044484
0.305486
0.669209
0.890217
0.512663
0.239199
0.753514
0.156827
0.343883
0.083505
0.101853
0.493503
0.519871
0.568996
0.113363
0.781194
0.583594
0.037502
0.001493
0.089274
0.544132
0.591924
0.302853
0.340489
0.726525
0.732658
0.014781
0.430434
0.893358
0.106859
0.109692
0.841026
0.055379
0.582071
0.455983
0.572024
0.437058
0.478911
0.859034
0.742326
0.835819
0.702131
0.314409
0.257880
0.172718
0.856554
0.897869
0.749987
0.405110
0.979166
0.221007
0.984429
0.948523
0.330355
0.074773
0.826151
0.253108
0.288901
0.020446
0.968765
0.334735
0.503490
0.324806
0.864130
0.834204
0.153446
0.020316
0.667905
0.082220
0.590749
0.841424
0.809552
0.633629
0.965325
0.068009
0.961178
0.815350
0.392884
0.749417
0.743014
0.861308
0.493282
0.184170
0.965138
0.847056
0.055787
0.037938
0.269355
0.856363
0.905744
0.515699
0.616572
0.909764
0.651779
0.139208
0.155564
0.658066
0.465925
0.360363
0.077728
0.316182
0.364074
0.501486
0.844990
0.472937
0.558546
0.468400
0.566552
0.833901
0.063828
0.782187
0.622016
0.536800
0.795084
0.733004
0.995811
0.937372
0.237555
0.345140
0.575991
0.515249
0.466355
0.482513
0.158049
0.392981
0.786364
0.149004
0.371382
0.459071
0.882141
0.073609
0.085870
0.936003
0.107350
0.536914
0.467754
0.715824
0.926828
0.915975
0.864878
0.031344
0.837929
0.335969
0.542066
0.338800
0.740145
0.332891
0.547235
0.035343
0.558431
0.284957
0.583828
0.822851
0.177205
0.168586
0.168845
0.605348
0.084438
0.659608
0.883986
0.513000
0.988928
0.974632
0.430434
0.754196
0.974204
0.969765
0.433946
0.180523
0.592159
0.439557
0.893274
0.641576
0.429199
0.615152
0.743702
0.547925
0.014708
0.755785
0.568879
0.669445
0.354844
0.833901
0.694136
0.547235
0.972932
0.627228
0.988928
0.142006
0.424787
0.177097
0.489534
0.376210
0.530072
0.334471
0.091386
0.629953
0.052966
0.778763
0.627939
0.632561
0.835517
0.355943
0.115370
0.855692
0.344242
0.535657
0.337914
0.354569
0.992597
0.091539
0.864504
0.606882
0.902694
0.405010
0.038921
0.086622
0.087440
0.146824
0.903984
0.413822
0.553574
0.947762
0.297231
0.426733
0.308884
0.288426
0.544017
0.086216
0.728263
0.105952
0.542525
0.955854
0.688126
0.853382
0.189527
0.602517
0.918740
0.850767
0.871353
0.635289
0.401537
0.030934
0.689541
0.688126
0.240853
0.062755
0.523829
0.763242
0.875626
0.391420
0.261025
0.565158
0.302361
0.276729
0.354844
0.523036
0.181512
0.485250
0.196651
0.124987
0.750101
0.942322
0.085123
0.731965
0.678559
0.261835
0.208266
0.929819
0.934285
0.475540
0.517276
0.441226
0.250534
0.937372
0.097313
0.289297
0.980082
0.372042
0.383576
0.702131
0.654270
0.730578
0.571558
0.608181
0.825842
0.329571
0.267404
0.090778
0.339333
0.990087
0.746791
0.329658
0.290649
0.900908
0.583242
0.843607
0.531780
0.136111
0.141559
0.925770
0.586289
0.288980
0.202000
0.246781
0.239268
0.279271
0.942446
0.812511
0.779758
0.193903
0.933150
0.048684
0.173831
0.078284
0.668261
0.567599
0.239750
0.448467
0.443109
0.186861
0.697314
0.634577
0.588518
0.757597
0.840628
0.705416
0.214057
0.723159
0.880193
0.523036
0.626280
0.608771
0.842021
0.910465
0.140935
0.603814
0.920729
0.138154
0.956865
0.043948
0.465387
0.707291
0.646559
0.452799
0.763693
0.161565
0.832178
0.524508
0.814090
0.035420
0.827280
0.081557
0.372892
0.978260
0.608771
0.873452
0.959259
0.514124
0.405906
0.566087
0.681632
0.205571
0.281753
0.240163
0.403917
0.764592
0.812300
0.545855
0.011453
0.299422
0.530300
0.109334
0.433843
0.068643
0.441540
0.667076
0.605348
0.128852
0.813564
0.845877
0.108978
0.900090
0.786912
0.289456
0.366967
0.083985
0.036965
0.279890
0.809764
0.928019
0.629716
0.737155
0.381079
0.375735
0.166935
0.434153
0.904785
0.793457
0.035858
0.320773
0.548041
0.624266
0.880193
