0.000000
0.000000
0.000000
0.000000
0.000000
0.000000
0.000005
0.000000
0.000000
0.000000
0.000000
0.000000
0.040345
0.000689
0.137151
0.000000
0.000000
0.000000
0.000000
0.000000
0.000000
0.000000
0.000000
0.932207
0.000000
0.000104
0.000000
0.000000
0.000000
0.000000
0.000000
0.000000
0.000000
0.000000
0.012490
0.000000
0.000000
0.000000
0.000000
0.000000
0.000000
0.000000
0.000000
0.878679
0.000000
0.000000
0.002522
0.000000
0.000119
0.000063
0.000000
0.000000
0.000000
0.000000
0.000000
0.000000
0.000000
0.000000
0.099791
0.000000
0.000000
0.000000
0.000000
0.000000
0.000000
0.000000
0.000000
0.000000
0.000009
0.000000
0.000000
0.000000
0.000000
0.000000
0.000000
0.000000
0.000000
0.000000
0.000000
0.009196
0.000000
0.000000
0.000000
0.043140
0.000000
0.000000
0.000207
0.000000
0.000000
0.022702
0.158983
0.000000
0.035613
0.620003
0.000135
0.007360
0.000000
0.000000
0.000000
0.000000
0.000000
0.000000
0.000000
0.000000
0.000000
0.151069
0.000000
0.000000
0.000000
0.000000
0.000000
0.000000
0.000395
0.000000
0.000000
0.000000
0.000000
0.000000
0.000000
0.000000
0.000000
0.000000
0.000000
0.097733
0.000000
0.108942
0.015902
0.906776
0.000000
0.000000
0.000000
0.000000
0.000002
0.000000
0.000067
0.000000
0.000049
0.832584
0.000000
0.000000
0.000000
0.000000
0.000000
0.000000
0.000000
0.000049
0.000000
0.000000
0.000000
0.000000
0.000000
0.000000
0.000000
0.016674
0.000105
0.000000
0.000000
0.000000
0.000000
0.000000
0.000249
0.000007
0.000000
0.000000
0.000000
0.000000
0.000991
0.000000
0.000000
0.097765
0.000000
0.000099
0.007045
0.000000
0.000545
0.000000
0.000000
0.000000
0.000487
0.000000
0.000552
0.000000
0.000243
0.000000
0.000000
0.000000
0.000000
0.000000
0.000000
0.000000
0.000015
0.000000
0.000000
0.000000
0.000000
0.000000
0.000000
0.000000
0.000000
0.000000
0.000000
0.000000
0.002596
0.000000
0.000000
0.014397
0.007214
0.000000
0.000000
0.000033
0.000000
0.000000
0.000082
0.000000
0.000000
0.000000
0.000000
0.000000
0.000000
0.000000
0.000000
0.000000
0.000000
0.000000
0.000000
0.000000
0.000027
0.082916
0.000000
0.000000
0.000000
0.000000
0.000004
0.000000
0.023554
0.000001
0.000000
0.000271
0.400251
0.000001
0.000000
0.000000
0.000000
0.000000
0.000000
0.000000
0.000225
0.000007
0.000037
0.000097
0.000000
0.000000
0.001244
0.000000
0.000000
0.000000
0.000000
0.092675
0.000000
0.000023
0.000000
0.367248
0.000000
0.000000
0.000000
0.000000
0.000000
0.000000
0.000000
0.000000
0.000000
0.000012
0.000000
0.000000
0.001031
0.000136
0.000000
0.000000
0.000000
0.000000
0.000000
0.000000
0.000000
0.000000
0.000000
0.000000
0.000000
0.000000
0.000000
0.000000
0.000000
0.000000
0.000000
0.000000
0.000000
0.000000
0.000000
0.000000
0.000000
0.000000
0.000000
0.000000
0.000000
0.000000
0.000000
0.000000
0.000000
0.006239
0.000000
0.000005
0.000014
0.000000
0.000000
0.000000
0.000005
0.555770
0.000000
0.000000
0.000000
0.000000
0.000000
0.000000
0.000000
0.000000
0.000000
0.000000
0.000000
0.000000
0.746791
0.000000
0.000000
0.000000
0.000000
0.000000
0.000000
0.000000
0.000000
0.000000
0.000000
0.000000
0.000000
0.000000
0.000000
0.000000
0.000000
0.000000
0.000000
0.000000
0.000000
0.000000
0.173672
0.000000
0.223472
0.000000
0.000000
0.000000
0.022983
0.000000
0.000000
0.000000
0.000000
0.000000
0.000000
0.000000
0.000000
0.000000
0.000000
0.000000
0.000000
0.000000
0.000000
0.000000
0.000000
0.000000
0.000000
0.000000
0.000000
0.000000
0.000000
0.000000
0.017350
0.000000
0.000000
0.000000
0.014574
0.000000
0.000000
0.000000
0.000000
0.000000
0.000000
0.000000
0.000000
0.000000
0.000000
0.000000
0.000000
0.273137
0.000195
0.000000
0.000000
0.000000
0.000010
0.000000
0.000000
0.000000
0.000000
0.000000
0.000000
0.000000
0.000000
0.000000
0.000000
0.000000
0.000922
0.000000
0.000040
0.047239
0.000000
0.000000
0.000000
0.000000
0.000000
0.000000
0.000000
0.000000
0.000000
0.000000
0.000000
0.000731
0.000000
0.000000
0.000000
0.000000
0.000000
0.000000
0.000000
0.000000
0.000000
0.000000
0.000000
0.000000
0.000000
0.000000
0.000000
0.000000
0.000000
0.000000
0.000000
0.000000
0.000000
0.000000
0.000000
0.000000
0.000000
0.001060
0.000000
0.000006
0.022216
0.000000
0.000000
0.000000
0.000053
0.000000
0.000000
0.000000
0.000000
0.000000
0.000000
0.000000
0.000000
0.000000
0.000000
0.000000
0.000000
0.000000
0.153016
0.000000
0.000000
0.000000
0.000000
0.000000
0.000000
0.000000
0.000000
0.000000
0.000016
0.000000
0.000000
0.000000
0.000000
0.000000
0.000000
0.000000
0.000000
0.000000
0.000000
0.000001
0.034158
0.000000
0.000000
0.000000
0.000000
0.000000
0.000000
0.000000
0.000000
0.000000
0.000000
0.000000
0.000000
0.000000
0.000000
0.000000
0.000000
0.000000
0.000000
0.000000
0.000000
0.000000
0.000000
0.000000
0.000000
0.272074
0.000000
0.000000
0.000000
0.000000
0.903581
0.000000
0.000000
0.000000
0.000000
0.003453
0.000000
0.000000
0.000000
0.000000
0.000000
0.000000
0.000000
0.000000
0.000000
0.000000
0.000000
0.000490
0.000000
0.000000
0.000112
0.000000
0.000000
0.000012
0.015926
0.000000
0.000000
0.000000
0.000000
0.000000
0.000000
0.000000
0.000000
0.000000
0.000000
0.000011
0.000000
0.009326
0.001445
0.000561
0.000000
0.000000
0.000000
0.000000
0.000000
0.000000
0.000000
0.000000
0.000000
0.000012
0.000000
0.000000
0.000000
0.000000
0.000000
0.000000
0.000000
0.000000
0.000000
0.000000
0.000000
0.000000
0.000000
0.000000
0.000460
0.001909
0.105813
0.000000
0.000000
0.542296
0.000000
0.000000
0.000000
0.000076
0.008157
0.001667
0.000000
0.580667
0.000000
0.000000
0.000000
0.000000
0.000009
0.000151
0.000145
0.330878
0.000000
0.074366
0.023026
0.000817
0.000000
0.720717
0.000000
0.000000
0.000000
0.000000
0.000000
0.272605
0.216714
0.000000
0.000729
0.000000
0.007736
0.000000
0.008653
0.000000
0.171087
0.049816
0.000000
0.000009
0.000000
0.000000
0.028307
0.028917
0.000000
0.000000
0.000000
0.000000
0.035664
0.000000
0.935279
0.039005
0.000000
0.000000
0.010045
0.000000
0.000000
0.001642
0.000000
0.000000
0.000000
0.000000
0.749873
0.105570
0.000000
0.000000
0.000000
0.000000
0.000460
0.000000
0.000000
0.000000
0.000000
0.070650
0.000000
0.000435
0.000000
0.000217
0.000074
0.000000
0.075284
0.000000
0.000001
0.338711
0.446993
0.000000
0.051008
0.000007
0.000005
0.000000
0.401537
0.000000
0.000000
0.000000
0.000000
0.000000
0.000000
0.469910
0.815455
0.000000
0.000094
0.000000
0.727452
0.002233
0.000000
0.000000
0.414527
0.000000
0.000000
0.004770
0.000000
0.000000
0.000000
0.000000
0.000000
0.460459
0.000000
0.202000
0.408701
0.000000
0.636356
0.016373
0.000000
0.033984
0.000006
0.007194
0.000000
0.000000
0.000000
0.047306
0.000000
0.111533
0.011921
0.000001
0.000000
0.000000
0.000000
0.000000
0.000000
0.000000
0.000000
0.000000
0.000000
0.000000
0.000000
0.000000
0.000000
0.000000
0.035884
0.000000
0.000000
0.034771
0.006286
0.000000
0.000000
0.583476
0.000000
0.000000
0.000815
0.000009
0.000001
0.000003
0.003535
0.122087
0.000000
0.000268
0.000120
0.004335
0.000002
0.058665
0.000000
0.000000
0.000001
0.000000
0.007465
0.000000
0.000000
0.000000
0.000000
0.000000
0.000927
0.000000
0.064094
0.000000
0.000000
0.138900
0.000000
0.007081
0.000000
0.000002
0.000000
0.000000
0.000000
0.000000
0.000000
0.000000
0.000000
0.000003
0.000000
0.000000
0.000000
0.000000
0.000000
0.291765
0.000000
0.319152
0.000000
0.000049
0.000000
0.000000
0.000017
0.037692
0.000001
0.000000
0.000000
0.000000
0.000000
0.000000
0.000000
0.000002
0.000000
0.409602
0.000000
0.558199
0.004330
0.000000
0.102932
0.008990
0.001078
0.000020
0.001348
0.000000
0.010683
0.000015
0.123987
0.022233
0.000000
0.000000
0.000000
0.239956
0.001607
0.002627
0.000000
0.000022
0.000000
0.000000
0.000000
0.000000
0.000133
0.000005
0.000000
0.922186
0.000000
0.000008
0.250107
0.000000
0.500374
0.023712
0.292564
0.000000
0.000000
0.000000
0.000000
0.101150
0.000002
0.004631
0.085180
0.000000
0.725713
0.000000
0.000164
0.000000
0.001173
0.000000
0.000000
0.000000
0.000000
0.000001
0.000000
0.000000
0.000000
0.000000
0.000000
0.000000
0.000000
0.000000
0.000000
0.000000
0.000000
0.000000
0.000000
0.000000
0.000000
0.000000
0.000000
0.000000
0.000000
0.000000
0.000000
0.000000
0.000000
0.000000
0.004585
0.016795
0.083561
0.000000
0.000000
0.000000
0.000000
0.000000
0.000000
0.000000
0.000000
0.615744
0.000000
0.004283
0.001308
0.000000
0.000000
0.000000
0.000000
0.000000
0.000000
0.000000
0.000021
0.000000
0.000000
0.000000
0.000000
0.000000
0.000000
0.000000
0.000000
0.004530
0.000000
0.000000
0.001359
0.000000
0.000895
0.000088
0.000004
0.000000
0.000000
0.000000
0.000000
0.000000
0.000000
0.000000
0.000339
0.000000
0.000000
0.000000
0.000000
0.000000
0.000000
0.000000
0.000000
0.000000
0.001548
0.000000
0.000000
0.000000
0.000000
0.000000
0.000000
0.000000
0.000000
0.000000
0.000000
0.000001
0.000000
0.000000
0.000000
0.001588
0.000000
0.000000
0.000002
0.000000
0.000000
0.019582
0.598158
0.000000
0.005471
0.900336
0.000030
0.381270
0.000000
0.000000
0.000000
0.000000
0.000000
0.000000
0.000000
0.000000
0.000000
0.025088
0.000000
0.000000
0.000000
0.000000
0.000000
0.000000
0.000001
0.000000
0.000000
0.000000
0.000000
0.000000
0.000028
0.000000
0.000000
0.000000
0.000004
0.542066
0.000000
0.001647
0.207835
0.617281
0.000000
0.000000
0.000000
0.000000
0.000002
0.000000
0.000000
0.000000
0.000000
0.554267
0.000000
0.000000
0.000000
0.000003
0.000001
0.000000
0.000000
0.000000
0.000000
0.000000
0.000000
0.000000
0.000000
0.000000
0.000000
0.033239
0.004113
0.000000
0.000000
0.000000
0.000000
0.000000
0.000000
0.000001
0.000000
0.000000
0.000000
0.000000
0.000000
0.000000
0.000000
0.029615
0.000000
0.000000
0.001490
0.000000
0.025378
0.000000
0.000000
0.000000
0.014849
0.000000
0.002178
0.000000
0.001725
0.000002
0.000000
0.000000
0.000004
0.000000
0.000000
0.000000
0.000001
0.000000
0.000000
0.000000
0.000000
0.000000
0.000000
0.000000
0.000000
0.000000
0.000000
0.000000
0.042482
0.000000
0.000000
0.077940
0.007917
0.000000
0.000000
0.000373
0.000000
0.000000
0.000012
0.000000
0.000000
0.000000
0.000002
0.000000
0.000000
0.000000
0.000000
0.000000
0.000000
0.000000
0.000000
0.000000
0.000934
0.060447
0.000337
0.000000
0.000000
0.000000
0.000005
0.000000
0.003745
0.000001
0.000002
0.000085
0.928158
0.000000
0.000000
0.000001
0.000000
0.000000
0.000000
0.000000
0.000001
0.000002
0.000000
0.000279
0.000000
0.000000
0.011057
0.000000
0.000000
0.000001
0.000000
0.037692
0.000000
0.000014
0.000000
0.081915
0.000176
0.000000
0.000000
0.000000
0.000000
0.000000
0.000001
0.000137
0.000001
0.000000
0.000000
0.000000
0.000000
0.160866
0.000000
0.000000
0.000000
0.000000
0.000000
0.000000
0.000000
0.000000
0.000000
0.001319
0.000000
0.000000
0.000000
0.000000
0.000000
0.000000
0.000000
0.000000
0.000000
0.000000
0.000000
0.000000
0.000000
0.000000
0.000000
0.000000
0.000000
0.000000
0.000000
0.000000
0.000000
0.574240
0.000000
0.003357
0.000000
0.000000
0.000000
0.000000
0.004827
0.000029
0.000000
0.000000
0.000000
0.000000
0.000000
0.000000
0.000000
0.000000
0.000000
0.000000
0.000000
0.000000
0.507509
0.000000
0.000000
0.000000
0.000000
0.000000
0.000000
0.000000
0.000000
0.000000
0.000000
0.000000
0.000000
0.000000
0.000000
0.000000
0.000000
0.000000
0.000000
0.000000
0.000000
0.000000
0.023077
0.000000
0.039371
0.000000
0.000000
0.000000
0.000916
0.000000
0.000000
0.000000
0.000000
0.000000
0.000000
0.000000
0.000000
0.000000
0.000000
0.000000
0.000000
0.000000
0.000000
0.000000
0.000000
0.000000
0.000000
0.000000
0.000000
0.000000
0.000000
0.000000
0.345499
0.000000
0.000000
0.000000
0.076915
0.000000
0.000000
0.000000
0.000000
0.000000
0.000000
0.000000
0.000000
0.000000
0.000000
0.000000
0.000000
0.100286
0.000000
0.000000
0.000000
0.000000
0.000000
0.000000
0.000000
0.000000
0.000000
0.000000
0.000000
0.000000
0.000000
0.000000
0.000000
0.000000
0.000000
0.000000
0.057150
0.000029
0.000000
0.000000
0.000000
0.000000
0.000000
0.000000
0.000000
0.000000
0.000000
0.000000
0.000000
0.023880
0.000000
0.000000
0.000000
0.000000
0.000000
0.000000
0.000000
0.000000
0.000000
0.000000
0.000000
0.000000
0.000000
0.000000
0.000000
0.000000
0.000000
0.000000
0.000000
0.000000
0.000000
0.000000
0.000000
0.000000
0.000000
0.012214
0.000000
0.000531
0.000001
0.000000
0.000000
0.000000
0.000000
0.000000
0.000053
0.000000
0.000000
0.000000
0.000000
0.000000
0.000000
0.000000
0.000000
0.000000
0.000000
0.000000
0.023362
0.000000
0.000000
0.000000
0.000000
0.000000
0.000000
0.000000
0.000000
0.000000
0.002703
0.000000
0.000000
0.000000
0.000000
0.000000
0.000000
0.000000
0.000000
0.000000
0.000000
0.000031
0.007862
0.000000
0.000000
0.000000
0.000000
0.000000
0.000000
0.000000
0.000000
0.000000
0.000000
0.000000
0.000000
0.000000
0.000003
0.000000
0.000000
0.000000
0.000000
0.000000
0.000000
0.000000
0.000000
0.000000
0.000000
0.119862
0.000000
0.000000
0.000000
0.000143
0.022949
0.000000
0.000000
0.000000
0.000000
0.161215
0.000000
0.000000
0.000000
0.000000
0.000000
0.000000
0.000000
0.000071
0.000000
0.000000
0.000000
0.000000
0.000000
0.000008
0.000000
0.000000
0.000000
0.000017
0.042436
0.000000
0.000000
0.000000
0.000000
0.000000
0.000000
0.000000
0.000000
0.000000
0.000000
0.000000
0.000000
0.014228
0.014044
0.000000
0.000000
0.000000
0.000008
0.000000
0.000000
0.000000
0.000000
0.000000
0.000000
0.001493
0.000000
0.000000
0.000000
0.000000
0.000000
0.000000
0.000000
0.000000
0.000000
0.000000
0.000000
0.000000
0.000000
0.000000
0.024301
0.005495
0.045753
0.000000
0.000000
0.451106
0.000000
0.000000
0.000000
0.000130
0.000067
0.005645
0.000000
0.217606
0.000000
0.000000
0.000000
0.000000
0.000000
0.000002
0.000002
0.490965
0.000000
0.230796
0.003033
0.054131
0.000000
0.019038
0.000000
0.000000
0.000000
0.000000
0.000000
0.128769
0.080054
0.000000
0.030129
0.000000
0.035381
0.000000
0.044946
0.000000
0.030262
0.466247
0.000000
0.000000
0.000018
0.014781
0.000233
0.041120
0.000000
0.000000
0.000000
0.000000
0.000265
0.000000
0.373933
0.068832
0.000000
0.000000
0.001602
0.006209
0.000000
0.032950
0.000000
0.000000
0.000000
0.000000
0.262720
0.296180
0.000000
0.000004
0.000000
0.000000
0.024301
0.000000
0.000000
0.000019
0.000000
0.000274
0.000000
0.169572
0.000000
0.000001
0.002464
0.000000
0.044930
0.000000
0.000010
0.006042
0.490965
0.000000
0.019894
0.000002
0.000686
0.000000
0.288426
0.000000
0.000000
0.000000
0.000000
0.000000
0.000000
0.009011
0.061527
0.000000
0.000000
0.000000
0.465817
0.057731
0.000000
0.000000
0.276652
0.000000
0.000000
0.000546
0.000000
0.134520
0.000000
0.000000
0.000000
0.128071
0.000000
0.007045
0.009967
0.000000
0.172296
0.338091
0.000000
0.004302
0.000000
0.001670
0.000000
0.000000
0.000000
0.000311
0.000000
0.645253
0.000010
0.000003
0.000000
0.000000
0.000000
0.000000
0.000000
0.000000
0.000000
0.000000
0.000000
0.000000
0.000000
0.000000
0.000000
0.000000
0.412513
0.000000
0.000073
0.005937
0.199311
0.000009
0.000000
0.170041
0.000000
0.000000
0.000002
0.000000
0.000002
0.000002
0.000000
0.001555
0.000000
0.000000
0.362309
0.000301
0.002449
0.017715
0.000000
0.000000
0.000095
0.000006
0.004876
0.000000
0.000000
0.000000
0.000000
0.000000
0.000001
0.000000
0.000010
0.000000
0.000000
0.090174
0.000000
0.000029
0.000000
0.000000
0.000000
0.000000
0.000000
0.000000
0.000000
0.000000
0.000000
0.000000
0.000000
0.000000
0.000000
0.000000
0.000000
0.148258
0.000000
0.147980
0.000000
0.001265
0.000000
0.000000
0.000000
0.400449
0.030107
0.000000
0.000000
0.000000
0.000000
0.000000
0.000017
0.000000
0.000000
0.017324
0.000000
0.005408
0.000158
0.000000
0.266581
0.019678
0.000011
0.007515
0.015244
0.000000
0.003691
0.000000
0.056238
0.149986
0.000006
0.000000
0.000000
0.058176
0.075464
0.000233
0.000000
0.002973
0.000000
0.000000
0.000000
0.000000
0.000002
0.000000
0.000000
0.434464
0.000145
0.000003
0.819426
0.000000
0.867669
0.000000
0.118514
0.000000
0.000000
0.000000
0.000000
0.561443
0.000001
0.002828
0.607118
0.000000
0.225105
0.000000
0.000010
0.000000
0.303674
0.000000
0.000000
0.000000
0.000000
0.000010
0.000000
0.000000
0.000000
0.000000
0.000000
0.000000
0.000000
0.000000
0.000000
0.000000
0.000000
0.000000
0.000939
0.001156
0.000000
0.000000
0.000000
0.000000
0.000000
0.000000
0.000000
0.000000
0.000000
0.000000
0.109477
0.005980
0.244466
0.000000
0.000000
0.000000
0.000000
0.000000
0.000000
0.000000
0.000000
0.348475
0.000000
0.000981
0.013810
0.000000
0.000000
0.000000
0.000000
0.000000
0.000000
0.000000
0.000026
0.000000
0.000000
0.000000
0.000000
0.000000
0.000000
0.000000
0.000000
0.052465
0.000000
0.000000
0.000004
0.000000
0.000007
0.000000
0.000000
0.000000
0.000000
0.000000
0.000000
0.000000
0.000000
0.000000
0.110051
0.000000
0.000000
0.000000
0.000000
0.000000
0.000000
0.000000
0.000000
0.000000
0.049780
0.000000
0.000000
0.000000
0.000000
0.000000
0.000939
0.000000
0.000000
0.000000
0.000000
0.000055
0.000000
0.000000
0.000000
0.888243
0.000000
0.000000
0.000000
0.000000
0.000004
0.371476
0.324548
0.000000
0.098350
0.795193
0.000047
0.088917
0.000000
0.000000
0.000000
0.000000
0.000000
0.000000
0.000000
0.000000
0.000000
0.000659
0.000000
0.000000
0.000000
0.000000
0.000000
0.000000
0.001415
0.000000
0.000000
0.000000
0.000000
0.000000
0.114400
0.000000
0.000000
0.000000
0.000000
0.074442
0.000000
0.000026
0.072462
0.060742
0.000000
0.000000
0.000000
0.000000
0.001583
0.000000
0.000000
0.000000
0.000000
0.201520
0.000000
0.000000
0.000000
0.000000
0.000000
0.000000
0.000000
0.000000
0.000000
0.000000
0.000000
0.000000
0.000000
0.000000
0.000000
0.000159
0.010225
0.000000
0.000000
0.000000
0.000000
0.000001
0.000000
0.007565
0.000002
0.000000
0.000000
0.000000
0.000000
0.000000
0.000000
0.473479
0.000000
0.000000
0.001582
0.000000
0.000194
0.000000
0.000000
0.000000
0.102156
0.000000
0.023651
0.000000
0.000046
0.000000
0.000000
0.000000
0.000000
0.000000
0.000000
0.000000
0.000033
0.000003
0.000000
0.000000
0.000000
0.000000
0.000000
0.000000
0.000000
0.000000
0.000000
0.000000
0.934485
0.000000
0.000000
0.098252
0.003266
0.000000
0.000000
0.001683
0.000000
0.000000
0.000114
0.000000
0.000000
0.000000
0.000006
0.000000
0.000000
0.000000
0.000000
0.000000
0.000000
0.000000
0.000000
0.000000
0.001609
0.005493
0.000000
0.000000
0.000000
0.000000
0.000000
0.000000
0.000093
0.000000
0.000000
0.000000
0.478802
0.000000
0.000000
0.000001
0.000000
0.000000
0.000000
0.000000
0.011156
0.001049
0.000000
0.000128
0.000000
0.000000
0.058624
0.000347
0.000001
0.000000
0.000000
0.533717
0.000000
0.000000
0.000000
0.072909
0.000000
0.000000
0.000000
0.000000
0.000000
0.000589
0.000003
0.002619
0.000000
0.000000
0.000000
0.000000
0.000012
0.009149
0.000000
0.000000
0.000000
0.000000
0.000000
0.000000
0.000000
0.000000
0.000000
0.000555
0.000000
0.000000
0.000000
0.000000
0.000000
0.000000
0.000000
0.000000
0.000000
0.000000
0.000000
0.000000
0.000000
0.000000
0.000000
0.000000
0.000000
0.000000
0.000000
0.000000
0.000000
0.278962
0.000000
0.000004
0.000000
0.000000
0.000000
0.000000
0.000000
0.047256
0.000000
0.000000
0.000000
0.000000
0.000000
0.000000
0.000000
0.000000
0.000000
0.000000
0.000000
0.000000
0.679032
0.000000
0.000000
0.000000
0.000000
0.000000
0.000000
0.000000
0.000000
0.000000
0.000000
0.000000
0.000000
0.000000
0.000000
0.000000
0.000000
0.000000
0.000000
0.000000
0.000000
0.000000
0.377638
0.000000
0.306230
0.000000
0.000000
0.000000
0.047290
0.000000
0.000000
0.000000
0.000000
0.000000
0.000000
0.000000
0.000000
0.000000
0.000000
0.000000
0.000000
0.000000
0.000000
0.000000
0.000000
0.000000
0.000000
0.000000
0.000000
0.000000
0.000000
0.000000
0.045493
0.000000
0.000000
0.000000
0.000428
0.000000
0.000000
0.000000
0.000000
0.000000
0.000000
0.000000
0.000000
0.000000
0.000000
0.000000
0.000000
0.158983
0.001818
0.000000
0.000000
0.000000
0.000193
0.000000
0.000000
0.000000
0.000000
0.000000
0.000000
0.000000
0.000000
0.000000
0.000000
0.000000
0.000000
0.000000
0.000233
0.000033
0.000000
0.000000
0.000000
0.000000
0.000000
0.000000
0.000000
0.000000
0.000000
0.000000
0.000000
0.000000
0.000000
0.000000
0.000000
0.000000
0.000000
0.000000
0.000000
0.000000
0.000000
0.000000
0.000000
0.000000
0.000000
0.000000
0.000000
0.000000
0.000000
0.000000
0.000000
0.000000
0.000000
0.000000
0.000000
0.000000
0.000000
0.044691
0.000000
0.000549
0.011109
0.000000
0.000000
0.000000
0.000000
0.000000
0.000000
0.000002
0.000000
0.000000
0.000000
0.000000
0.000000
0.000000
0.000000
0.000000
0.000000
0.000000
0.000812
0.000000
0.000000
0.000000
0.000000
0.000000
0.000000
0.000000
0.000000
0.000000
0.070360
0.000000
0.000000
0.000000
0.000000
0.000000
0.000000
0.000000
0.000000
0.000000
0.000000
0.000000
0.062192
0.000000
0.000000
0.000000
0.000000
0.000000
0.000000
0.000000
0.000000
0.000000
0.000000
0.000000
0.000000
0.000000
0.000033
0.000000
0.000000
0.000000
0.000000
0.000000
0.000000
0.000000
0.000000
0.000000
0.000000
0.349743
0.000000
0.000000
0.000000
0.000000
0.002333
0.000000
0.000000
0.000000
0.000000
0.182394
0.000000
0.000000
0.000000
0.000000
0.000000
0.000000
0.000000
0.000000
0.000000
0.000000
0.000000
0.000000
0.000000
0.054915
0.023960
0.000000
0.000000
0.000003
0.537371
0.000000
0.000000
0.000000
0.000000
0.000000
0.000000
0.000000
0.000000
0.000000
0.000000
0.000069
0.000000
0.002635
0.006313
0.084637
0.000000
0.000000
0.000000
0.000000
0.000000
0.000000
0.000000
0.000000
0.000000
0.000027
0.000000
0.000000
0.000000
0.000000
0.000000
0.000000
0.000000
0.000000
0.000000
0.000000
0.000000
0.000000
0.000000
0.000000
0.000007
0.015094
0.000029
0.000000
0.000000
0.173884
0.000002
0.000000
0.000000
0.000010
0.232808
0.004091
0.000000
0.415941
0.000000
0.000000
0.000000
0.000000
0.000000
0.000044
0.000001
0.129347
0.000000
0.010883
0.936787
0.238856
0.000000
0.014017
0.000000
0.000000
0.000000
0.000000
0.000000
0.337117
0.200801
0.000000
0.001366
0.000000
0.001721
0.000000
0.000003
0.000000
0.126075
0.073084
0.000000
0.000000
0.026451
0.000546
0.003996
0.192224
0.000000
0.000000
0.000000
0.000000
0.003083
0.000000
0.114623
0.054954
0.000000
0.000000
0.000021
0.000378
0.000000
0.231867
0.000000
0.000000
0.000000
0.000000
0.058257
0.531438
0.000000
0.000083
0.000000
0.000000
0.000007
0.000000
0.000000
0.000000
0.000000
0.000647
0.000000
0.000712
0.000000
0.000673
0.000069
0.000000
0.309217
0.000000
0.000000
0.033800
0.054398
0.000000
0.646559
0.011010
0.000002
0.000000
0.024094
0.000485
0.000000
0.000000
0.000000
0.000000
0.000000
0.108303
0.129347
0.000000
0.000001
0.000000
0.014507
0.003446
0.000000
0.000000
0.029931
0.000000
0.000000
0.000217
0.000000
0.239543
0.000000
0.000000
0.000000
0.826767
0.000000
0.183558
0.072561
0.000000
0.701662
0.025652
0.000000
0.001292
0.000000
0.497266
0.000000
0.000000
0.000000
0.018244
0.000000
0.718971
0.000000
0.000000
0.000000
0.000000
0.000000
0.000000
0.000000
0.000000
0.000000
0.000000
0.000000
0.000000
0.000000
0.000000
0.000000
0.000000
0.045834
0.000000
0.000000
0.443528
0.000041
0.000000
0.000000
0.410705
0.000000
0.000000
0.000001
0.000039
0.000000
0.000000
0.000022
0.006908
0.000000
0.000000
0.147841
0.002432
0.000000
0.144443
0.000000
0.000000
0.000819
0.000324
0.078099
0.000000
0.000000
0.000000
0.000000
0.000000
0.000029
0.000000
0.219077
0.000000
0.000000
0.346039
0.000000
0.000163
0.000000
0.000000
0.000000
0.000000
0.000000
0.000000
0.000000
0.000000
0.000000
0.000074
0.000000
0.000000
0.000000
0.000000
0.000000
0.288742
0.000000
0.734966
0.000000
0.018466
0.000089
0.000000
0.000000
0.418675
0.000020
0.000000
0.000000
0.000000
0.000000
0.000003
0.000000
0.000000
0.000000
0.324117
0.000000
0.492730
0.023845
0.000000
0.000006
0.469586
0.000000
0.000089
0.058665
0.000000
0.002417
0.000000
0.240094
0.028099
0.000002
0.000000
0.000000
0.503936
0.000239
0.000085
0.000000
0.000049
0.000000
0.000000
0.000000
0.000000
0.001073
0.000000
0.003562
0.002670
0.000001
0.000000
0.109513
0.000000
0.523942
0.003999
0.117445
0.000000
0.000000
0.000000
0.000000
0.940507
0.000000
0.000559
0.440704
0.000000
0.360271
0.000000
0.009982
0.000000
0.001872
0.000000
0.000000
0.000000
0.000000
0.002310
0.000000
0.000000
0.000000
0.000000
0.000000
0.000000
0.000000
0.000000
0.000000
0.000000
0.000000
0.000000
0.000000
0.000000
0.000000
0.000000
0.000000
0.000000
0.000018
0.000000
0.000000
0.000000
0.000000
0.000000
0.000138
0.000902
0.179702
0.000000
0.000000
0.000000
0.000000
0.000000
0.000000
0.000000
0.000000
0.579146
0.000000
0.000236
0.037651
0.000002
0.000000
0.000000
0.000000
0.000000
0.000000
0.000000
0.145675
0.000000
0.000000
0.000000
0.000000
0.000000
0.000000
0.000000
0.000000
0.392298
0.000000
0.000000
0.007794
0.000000
0.004532
0.000000
0.000002
0.000000
0.000000
0.000000
0.000000
0.000000
0.000000
0.000000
0.290967
0.000000
0.000000
0.000000
0.000000
0.000000
0.000000
0.000000
0.000000
0.000000
0.000000
0.000000
0.000000
0.000000
0.000000
0.000000
0.000000
0.000000
0.000000
0.000000
0.000000
0.000000
0.000000
0.000000
0.000000
0.520548
0.000000
0.000000
0.000003
0.000000
0.000000
0.640626
0.815769
0.000000
0.204962
0.540691
0.000000
0.019700
0.000000
0.000000
0.000000
0.000000
0.000000
0.000000
0.000000
0.000000
0.000003
0.006030
0.000000
0.000000
0.000000
0.000000
0.000000
0.000000
0.001012
0.000000
0.000000
0.000000
0.000000
0.000000
0.000000
0.000000
0.000000
0.000000
0.000000
0.821401
0.000000
0.000448
0.604758
0.232606
0.000000
0.000000
0.000000
0.000000
0.000005
0.000000
0.000000
0.000000
0.000000
0.688716
0.000000
0.000000
0.000000
0.000000
0.000000
0.000000
0.000000
0.000000
0.000000
0.000000
0.000000
0.000000
0.035432
0.000000
0.000000
0.000395
0.000001
0.000000
0.000000
0.000000
0.000000
0.000000
0.000000
0.000000
0.000001
0.000000
0.000000
0.000000
0.000147
0.000000
0.000099
0.282766
0.000000
0.000000
0.205205
0.000000
0.028621
0.000000
0.000000
0.000000
0.000000
0.000000
0.024292
0.000000
0.043527
0.000001
0.000000
0.000000
0.000000
0.000000
0.000000
0.000000
0.026578
0.000030
0.000000
0.000000
0.000000
0.000000
0.000000
0.000000
0.000000
0.000000
0.000000
0.000000
0.444576
0.000000
0.000000
0.003892
0.217414
0.000000
0.000000
0.017077
0.000000
0.000000
0.000013
0.000000
0.000000
0.000000
0.000001
0.000000
0.000000
0.000000
0.000000
0.000000
0.000000
0.000000
0.000000
0.000000
0.008416
0.525189
0.001574
0.000000
0.000000
0.000000
0.000000
0.000000
0.000003
0.000000
0.000000
0.035613
0.273289
0.000000
0.000000
0.000000
0.000000
0.000000
0.000000
0.000000
0.000001
0.007134
0.000000
0.001571
0.000000
0.000000
0.111315
0.000000
0.000001
0.000000
0.000000
0.096927
0.000000
0.000000
0.000000
0.727452
0.000011
0.000000
0.000000
0.000000
0.000000
0.000000
0.000000
0.000000
0.000217
0.000002
0.000000
0.000000
0.000002
0.044278
0.000000
0.000000
0.000000
0.000000
0.000000
0.000000
0.000000
0.000000
0.000000
0.000000
0.000000
0.000000
0.000000
0.000000
0.000000
0.000000
0.000000
0.000000
0.000000
0.000000
0.000000
0.000000
0.000000
0.000000
0.000000
0.000000
0.000000
0.000000
0.000000
0.000000
0.000000
0.149518
0.000000
0.018141
0.000001
0.000000
0.000000
0.002134
0.000006
0.403917
0.000000
0.000000
0.000000
0.000000
0.000000
0.000000
0.000000
0.000000
0.000000
0.000000
0.000000
0.000000
0.004901
0.000000
0.000000
0.000000
0.000000
0.000000
0.000000
0.000000
0.000000
0.000000
0.000000
0.000000
0.000000
0.000000
0.000000
0.000000
0.000000
0.000000
0.000000
0.000000
0.000000
0.000000
0.080271
0.000000
0.000395
0.000000
0.000000
0.000000
0.009513
0.000000
0.000000
0.000000
0.000000
0.000000
0.000000
0.000000
0.000000
0.000000
0.000000
0.000000
0.000000
0.000000
0.000000
0.000000
0.000000
0.000000
0.000000
0.000000
0.000000
0.000000
0.000000
0.000000
0.757371
0.000000
0.000000
0.000000
0.000274
0.000000
0.000000
0.000000
0.000000
0.000000
0.000000
0.000000
0.000000
0.000000
0.000000
0.000000
0.000000
0.686356
0.000000
0.000000
0.000000
0.000000
0.000000
0.000000
0.000000
0.000000
0.000000
0.000000
0.000000
0.000000
0.000000
0.000000
0.000000
0.000000
0.000000
0.000000
0.000015
0.000000
0.000000
0.000000
0.000000
0.000000
0.000000
0.000000
0.000000
0.000000
0.000000
0.000000
0.000000
0.000000
0.000000
0.000000
0.000000
0.000000
0.000000
0.000000
0.000000
0.000000
0.000000
0.000000
0.000000
0.000000
0.000000
0.000000
0.000000
0.000000
0.000000
0.000000
0.000000
0.000000
0.000000
0.000000
0.000000
0.000000
0.000000
0.273670
0.000000
0.000035
0.001756
0.000000
0.000000
0.000000
0.000000
0.000000
0.000052
0.000000
0.000000
0.000000
0.000000
0.000000
0.000000
0.000000
0.000000
0.000000
0.000000
0.000000
0.035279
0.000000
0.000000
0.000000
0.000000
0.000000
0.000000
0.000000
0.000000
0.000000
0.000013
0.000000
0.000000
0.000000
0.000000
0.000000
0.000000
0.000000
0.000000
0.000000
0.000000
0.000000
0.033360
0.000000
0.000000
0.000000
0.000000
0.000000
0.000099
0.000000
0.000000
0.000000
0.000000
0.000000
0.000000
0.000000
0.000000
0.000000
0.000000
0.000000
0.000000
0.000000
0.000000
0.000000
0.000000
0.000000
0.000000
0.188502
0.000000
0.000000
0.000000
0.000000
0.488324
0.000000
0.000000
0.000000
0.000000
0.347391
0.000000
0.000000
0.000000
0.000000
0.000000
0.000000
0.000000
0.000000
0.000000
0.000000
0.000001
0.000000
0.000000
0.000000
0.000325
0.000000
0.000000
0.000128
0.681278
0.000000
0.000000
0.000000
0.000000
0.000000
0.000000
0.000000
0.000000
0.000000
0.000000
0.000000
0.000000
0.198777
0.025359
0.000215
0.000000
0.000000
0.000000
0.000000
0.000000
0.000000
0.000000
0.000000
0.000000
0.000000
0.000000
0.000000
0.000000
0.000000
0.000000
0.000000
0.000000
0.000000
0.000000
0.000000
0.000000
0.000000
0.000000
0.000000
0.015944
0.078817
0.000000
0.000000
0.000000
0.005076
0.000000
0.000000
0.000000
0.000000
0.009178
0.000000
0.000000
0.033763
0.000000
0.000000
0.000000
0.000000
0.000000
0.000240
0.000089
0.592629
0.000000
0.058481
0.006298
0.025823
0.000007
0.092121
0.000000
0.000000
0.000000
0.000000
0.000000
0.135722
0.033506
0.000000
0.000010
0.000000
0.019450
0.000000
0.117103
0.000000
0.763467
0.039230
0.000000
0.000000
0.000001
0.006398
0.092675
0.000389
0.000000
0.000000
0.000000
0.000000
0.003398
0.000000
0.361196
0.206854
0.000000
0.000000
0.000000
0.000002
0.000000
0.488104
0.000000
0.000000
0.000000
0.000000
0.199430
0.747819
0.000000
0.000002
0.000000
0.000000
0.015944
0.000000
0.000000
0.000000
0.000000
0.000019
0.000000
0.000756
0.000000
0.000133
0.000000
0.000000
0.001723
0.000000
0.000000
0.062538
0.028453
0.000000
0.002233
0.000000
0.000001
0.000000
0.112885
0.000014
0.000000
0.000000
0.000000
0.000000
0.000000
0.000035
0.094042
0.000000
0.000000
0.000000
0.184840
0.000020
0.000000
0.000000
0.022660
0.000000
0.000000
0.143808
0.000000
0.008717
0.000000
0.000000
0.000000
0.099989
0.000000
0.014436
0.026746
0.000000
0.101351
0.116990
0.000000
0.000292
0.014447
0.081090
0.000000
0.000000
0.000000
0.056003
0.000000
0.817235
0.000000
0.000000
0.000000
0.000000
0.000000
0.000000
0.000000
0.000000
0.000000
0.000000
0.000000
0.000000
0.000000
0.000000
0.000000
0.000000
0.564229
0.000000
0.000000
0.007843
0.004778
0.000026
0.000000
0.109871
0.000000
0.000000
0.000011
0.000241
0.000000
0.000014
0.000470
0.000073
0.000000
0.000163
0.177745
0.000094
0.000000
0.435293
0.000000
0.000000
0.000934
0.010349
0.043403
0.000000
0.000000
0.000025
0.000000
0.000000
0.000009
0.000000
0.030934
0.000000
0.000000
0.188275
0.000000
0.000070
0.000000
0.000000
0.000000
0.000005
0.000000
0.000000
0.000000
0.000000
0.000000
0.000000
0.000000
0.000000
0.000000
0.000000
0.000000
0.839730
0.000000
0.794325
0.000000
0.177205
0.000035
0.000000
0.000000
0.000145
0.009832
0.000000
0.000000
0.000000
0.000000
0.000008
0.000000
0.000000
0.000000
0.249042
0.000000
0.010174
0.012830
0.000000
0.000379
0.001463
0.000000
0.022787
0.000061
0.000000
0.811983
0.000000
0.152206
0.317283
0.003487
0.000000
0.000000
0.167810
0.002215
0.105605
0.000000
0.003434
0.000000
0.000000
0.000000
0.000000
0.047055
0.000000
0.000000
0.310050
0.000001
0.000090
0.064560
0.000000
0.484592
0.000000
0.046524
0.000000
0.000000
0.000000
0.000000
0.644304
0.000412
0.046491
0.371665
0.000000
0.411006
0.000000
0.000330
0.000000
0.001738
0.000000
0.000000
0.000000
0.000000
0.000130
0.000000
0.000000
0.000000
0.000000
0.000000
0.000000
0.000000
0.000000
0.000000
0.000000
0.000000
0.000000
0.000055
0.000000
0.000000
0.000000
0.000000
0.000000
0.000003
0.000000
0.000000
0.000000
0.000000
0.000000
0.004820
0.075850
0.034771
0.000000
0.000000
0.000000
0.000000
0.000000
0.000000
0.000000
0.000000
0.692252
0.000000
0.000151
0.003913
0.000017
0.000000
0.000000
0.000000
0.000000
0.000000
0.000000
0.000000
0.000000
0.000000
0.000000
0.000000
0.000000
0.000000
0.000000
0.000000
0.779979
0.000000
0.000000
0.000212
0.000000
0.002435
0.000000
0.000001
0.000000
0.000000
0.000000
0.000000
0.000000
0.000000
0.000000
0.164080
0.000000
0.000000
0.000000
0.000000
0.000000
0.000000
0.000000
0.000000
0.000000
0.000338
0.000000
0.000000
0.000000
0.000000
0.000000
0.000055
0.000000
0.000000
0.000000
0.000000
0.000037
0.000000
0.000000
0.000000
0.014408
0.000000
0.000000
0.000013
0.000000
0.000001
0.666958
0.378687
0.000000
0.117179
0.439765
0.000075
0.372514
0.000000
0.000000
0.000000
0.000000
0.000000
0.000000
0.000000
0.000000
0.000000
0.548731
0.000000
0.000000
0.000000
0.000000
0.000000
0.000000
0.000095
0.000000
0.000000
0.000000
0.000000
0.000000
0.000004
0.000000
0.000000
0.000000
0.000000
0.290728
0.000000
0.000002
0.003410
0.019016
0.000000
0.000000
0.000000
0.000000
0.000000
0.000001
0.000007
0.000000
0.000001
0.128112
0.000000
0.000000
0.000000
0.000004
0.000036
0.000000
0.000000
0.000000
0.000000
0.000000
0.000000
0.000000
0.000000
0.000000
0.000000
0.000035
0.000000
0.000000
0.000000
0.000000
0.000000
0.000000
0.000000
0.000076
0.000002
0.000000
0.000000
0.000000
0.000000
0.000000
0.000251
0.009192
0.000000
0.000000
0.000390
0.000000
0.002577
0.000000
0.000000
0.000000
0.000025
0.000000
0.045251
0.000000
0.000000
0.000000
0.000000
0.000000
0.000000
0.000000
0.000000
0.000000
0.148491
0.000010
0.000000
0.000000
0.000000
0.000000
0.000000
0.000000
0.000000
0.000000
0.000000
0.000000
0.138329
0.000000
0.000000
0.016108
0.000014
0.000000
0.000000
0.002408
0.000000
0.000000
0.000004
0.000000
0.000000
0.000000
0.000015
0.000000
0.000000
0.000000
0.000000
0.000000
0.000000
0.000000
0.000000
0.000000
0.000001
0.247415
0.031458
0.000000
0.000000
0.000000
0.000020
0.000000
0.000099
0.000002
0.000000
0.000000
0.358609
0.000000
0.000000
0.000236
0.000000
0.000000
0.000000
0.000000
0.000000
0.000000
0.000687
0.000102
0.000000
0.000000
0.430950
0.000000
0.000000
0.000000
0.000000
0.000992
0.000000
0.000000
0.000000
0.007797
0.000001
0.000000
0.000000
0.000000
0.000000
0.000000
0.000000
0.000492
0.000000
0.005312
0.000480
0.000000
0.000002
0.057430
0.000000
0.000000
0.000000
0.000000
0.000000
0.000000
0.000000
0.000000
0.000000
0.000000
0.000000
0.000000
0.000000
0.000000
0.000000
0.000000
0.000000
0.000000
0.000000
0.000000
0.000000
0.000000
0.000000
0.000000
0.000000
0.000000
0.000000
0.000000
0.000000
0.000000
0.000000
0.999875
0.000000
0.000442
0.000000
0.000000
0.000000
0.000020
0.000000
0.000157
0.000000
0.000000
0.000000
0.000000
0.000000
0.000000
0.000000
0.000000
0.000000
0.000000
0.000000
0.000000
0.071919
0.000000
0.000000
0.000000
0.000000
0.000000
0.000000
0.000000
0.000000
0.000000
0.000000
0.000000
0.000000
0.000000
0.000000
0.000000
0.000000
0.000000
0.000000
0.000000
0.000000
0.000000
0.733120
0.000000
0.631376
0.000000
0.000000
0.000000
0.014419
0.000000
0.000000
0.000000
0.000000
0.000000
0.000000
0.000000
0.000000
0.000000
0.000000
0.000000
0.000000
0.000000
0.000000
0.000000
0.000000
0.000000
0.000000
0.000000
0.000000
0.000000
0.000000
0.000000
0.004700
0.000000
0.000000
0.000000
0.057030
0.000000
0.000000
0.000000
0.000000
0.000000
0.000000
0.000000
0.000000
0.000000
0.000000
0.000000
0.000000
0.940381
0.000001
0.000000
0.000000
0.000000
0.000000
0.000000
0.000000
0.000000
0.000000
0.000000
0.000000
0.000000
0.000000
0.000000
0.000000
0.000000
0.000000
0.000000
0.001049
0.000591
0.000000
0.000000
0.000000
0.000000
0.000000
0.000000
0.000000
0.000000
0.000000
0.000000
0.000000
0.000005
0.000000
0.000000
0.000000
0.000000
0.000000
0.000000
0.000000
0.000000
0.000000
0.000000
0.000000
0.000000
0.000000
0.000000
0.000000
0.000000
0.000000
0.000000
0.000000
0.000000
0.000000
0.000000
0.000000
0.000000
0.000000
0.010166
0.000000
0.000003
0.000057
0.000000
0.000000
0.000000
0.000000
0.000000
0.000011
0.000000
0.000000
0.000000
0.000000
0.000000
0.000000
0.000000
0.000000
0.000000
0.000000
0.000000
0.641220
0.000001
0.000001
0.000000
0.000000
0.000000
0.000000
0.000000
0.000000
0.000000
0.000048
0.000000
0.000000
0.000000
0.000000
0.000000
0.000000
0.000000
0.000000
0.000000
0.000000
0.000000
0.000883
0.000000
0.000000
0.000000
0.000000
0.000000
0.002112
0.000000
0.000000
0.000000
0.000000
0.000000
0.000000
0.000000
0.000492
0.000000
0.000000
0.000000
0.000000
0.000000
0.000000
0.000000
0.000000
0.000000
0.000000
0.080027
0.000000
0.000000
0.000000
0.000000
0.068927
0.000000
0.000000
0.000000
0.000000
0.223081
0.000000
0.000000
0.000000
0.000000
0.000000
0.000000
0.000000
0.000000
0.000000
0.000000
0.000463
0.000032
0.000000
0.000009
0.045949
0.000000
0.000000
0.000000
0.074493
0.000000
0.000000
0.000000
0.000000
0.000000
0.000000
0.000000
0.000000
0.000000
0.000000
0.000006
0.000054
0.318897
0.000008
0.000047
0.000000
0.000000
0.000000
0.000000
0.000000
0.000000
0.000000
0.000000
0.000000
0.000001
0.000000
0.000000
0.000000
0.000000
0.000000
0.000000
0.000000
0.000000
0.000000
0.000000
0.000000
0.000000
0.000000
0.000000
0.002580
0.215699
0.223081
0.000000
0.000000
0.057510
0.000000
0.000000
0.000000
0.000108
0.288901
0.095967
0.000000
0.142455
0.000000
0.000000
0.000000
0.000000
0.000000
0.000002
0.001124
0.092428
0.000000
0.155903
0.037993
0.424582
0.000000
0.207283
0.000000
0.000000
0.000000
0.000000
0.000000
0.034158
0.530072
0.000000
0.020677
0.000000
0.023686
0.000000
0.157412
0.000000
0.083787
0.282766
0.000000
0.000000
0.000000
0.000223
0.052189
0.003391
0.000000
0.000000
0.000000
0.000000
0.088530
0.000000
0.222237
0.096863
0.000000
0.000000
0.003801
0.000000
0.000000
0.003510
0.000000
0.000000
0.000000
0.000000
0.046922
0.050169
0.000000
0.000000
0.000000
0.000000
0.002580
0.000000
0.000000
0.000000
0.000000
0.000000
0.000000
0.036434
0.000000
0.000017
0.001141
0.000000
0.000168
0.000000
0.000016
0.272985
0.297717
0.000000
0.189299
0.000000
0.000006
0.000000
0.481529
0.000186
0.000000
0.000000
0.000000
0.000000
0.000000
0.000703
0.337914
0.000000
0.000001
0.000000
0.678677
0.006325
0.000000
0.000000
0.016555
0.000000
0.000000
0.044247
0.000000
0.014849
0.000000
0.000000
0.000000
0.552882
0.000000
0.497266
0.022787
0.000000
0.630783
0.105293
0.000000
0.030107
0.000000
0.064694
0.000000
0.000000
0.000000
0.053339
0.000000
0.616808
0.000001
0.000000
0.000000
0.000000
0.000000
0.000000
0.000000
0.000000
0.000000
0.000000
0.000000
0.000000
0.000000
0.000000
0.000000
0.000000
0.630546
0.000000
0.000003
0.017038
0.000002
0.000000
0.000000
0.736579
0.000000
0.000000
0.000160
0.000003
0.000000
0.042451
0.000000
0.122283
0.000000
0.000002
0.170511
0.000203
0.000000
0.107490
0.000000
0.000000
0.002003
0.000017
0.003765
0.000000
0.000000
0.000001
0.000000
0.000000
0.000001
0.000000
0.000201
0.000000
0.000000
0.529162
0.000000
0.000000
0.000000
0.000000
0.000000
0.000002
0.000000
0.000000
0.000000
0.000000
0.000000
0.000000
0.000000
0.000000
0.000000
0.000000
0.000000
0.148305
0.000000
0.779095
0.000000
0.003534
0.000000
0.000000
0.000001
0.016342
0.000000
0.000000
0.000000
0.000000
0.000000
0.000475
0.000004
0.000000
0.000000
0.675838
0.000000
0.017802
0.000039
0.000000
0.068880
0.000423
0.000089
0.003854
0.007228
0.000000
0.017285
0.000000
0.664350
0.116460
0.000043
0.000000
0.000000
0.037475
0.015256
0.049395
0.000000
0.000001
0.000000
0.000000
0.000000
0.000000
0.002319
0.000002
0.000017
0.099462
0.000000
0.046673
0.965325
0.000000
0.107843
0.000000
0.120367
0.000000
0.000000
0.000000
0.000000
0.206303
0.004342
0.000000
0.593334
0.000000
0.075824
0.000000
0.002053
0.000000
0.112371
0.000000
0.000000
0.000000
0.000000
0.000397
0.000000
0.000000
0.000000
0.000000
0.000000
0.000000
0.000000
0.000000
0.000000
0.000000
0.000000
0.000000
0.000000
0.000000
0.000000
0.000000
0.000000
0.000000
0.000004
0.000000
0.000000
0.000000
0.000000
0.000000
0.030742
0.025529
0.001840
0.000000
0.000000
0.000000
0.000000
0.000000
0.000000
0.000000
0.000000
0.150928
0.000000
0.000960
0.000000
0.000000
0.000000
0.000000
0.000000
0.000000
0.000000
0.000000
0.000116
0.000000
0.000000
0.000000
0.000000
0.000000
0.000000
0.000000
0.000000
0.137543
0.000000
0.000000
0.000542
0.000000
0.000001
0.000000
0.000006
0.000000
0.000000
0.000000
0.000000
0.000000
0.000000
0.000000
0.083900
0.000000
0.000000
0.000000
0.000000
0.000000
0.000000
0.000000
0.000000
0.000000
0.000025
0.000000
0.000000
0.000000
0.000000
0.000000
0.000000
0.000000
0.000000
0.000000
0.000000
0.000018
0.000000
0.000000
0.000000
0.037624
0.000000
0.000000
0.000001
0.000000
0.000000
0.030877
0.900581
0.000000
0.008295
0.044389
0.015420
0.003996
0.000000
0.000000
0.000000
0.000000
0.000000
0.000000
0.000000
0.000000
0.000000
0.121263
0.000000
0.000000
0.000000
0.000000
0.000000
0.000000
0.000043
0.000000
0.000000
0.000000
0.000000
0.000000
0.000000
0.000000
0.000000
0.000000
0.000001
0.035177
0.000000
0.001213
0.003951
0.157657
0.000000
0.000000
0.000000
0.000000
0.000019
0.000000
0.000751
0.000000
0.000001
0.989935
0.000000
0.000000
0.000000
0.000083
0.000011
0.000000
0.000000
0.000001
0.000000
0.000000
0.000000
0.000000
0.000000
0.000000
0.000000
0.000116
0.000011
0.000000
0.000000
0.000000
0.000000
0.000000
0.000002
0.001629
0.000005
0.000000
0.000000
0.000000
0.000000
0.000000
0.000000
0.346940
0.000000
0.000010
0.006910
0.000000
0.159923
0.000000
0.000000
0.000000
0.000058
0.000000
0.203145
0.000000
0.000015
0.000000
0.000000
0.000000
0.000000
0.000000
0.000000
0.000000
0.005262
0.000000
0.000000
0.000000
0.000000
0.000000
0.000000
0.000000
0.000000
0.000000
0.000000
0.000000
0.119090
0.000000
0.000000
0.041475
0.000064
0.000000
0.000000
0.000017
0.000000
0.000000
0.003757
0.000000
0.000000
0.000000
0.000002
0.000000
0.000000
0.000000
0.000000
0.000000
0.000000
0.000000
0.000000
0.000000
0.000009
0.032096
0.000000
0.000000
0.000000
0.000000
0.000001
0.000000
0.000194
0.000000
0.000000
0.001616
0.081501
0.000000
0.000000
0.000002
0.000000
0.000000
0.000000
0.000000
0.000055
0.000013
0.000000
0.001149
0.000000
0.000000
0.579263
0.000000
0.000000
0.000000
0.000020
0.013114
0.000000
0.000000
0.000000
0.395232
0.000080
0.000000
0.000000
0.000000
0.000000
0.000000
0.000000
0.014883
0.000000
0.000000
0.000006
0.000000
0.000043
0.021139
0.000000
0.000000
0.000000
0.000000
0.000000
0.000000
0.000000
0.000000
0.000000
0.000000
0.000000
0.000000
0.000000
0.000000
0.000000
0.000000
0.000000
0.000000
0.000000
0.000000
0.000000
0.000000
0.000000
0.000000
0.000000
0.000000
0.000000
0.000000
0.000000
0.000000
0.000000
0.283157
0.000000
0.000030
0.000000
0.000000
0.000000
0.000062
0.000000
0.000348
0.000000
0.000000
0.000000
0.000000
0.000000
0.000000
0.000000
0.000000
0.000000
0.000000
0.000000
0.000000
0.111025
0.000000
0.000000
0.000000
0.000000
0.000000
0.000000
0.000000
0.000000
0.000000
0.000000
0.000000
0.000000
0.000000
0.000000
0.000000
0.000000
0.000000
0.000000
0.000000
0.000000
0.000000
0.037842
0.000000
0.139870
0.000000
0.000000
0.000000
0.385117
0.000000
0.000000
0.000000
0.000000
0.000000
0.000000
0.000000
0.000000
0.000000
0.000000
0.000000
0.000000
0.000000
0.000000
0.000000
0.000000
0.000000
0.000000
0.000000
0.000000
0.000000
0.000000
0.000000
0.072018
0.000000
0.000000
0.000000
0.088412
0.000000
0.000000
0.000000
0.000000
0.000000
0.000000
0.000000
0.000000
0.000000
0.000000
0.000000
0.000000
0.874088
0.000047
0.000000
0.000000
0.000000
0.000000
0.000000
0.000000
0.000000
0.000000
0.000000
0.000000
0.000000
0.000000
0.000000
0.000000
0.000000
0.000003
0.000000
0.001134
0.000246
0.000000
0.000000
0.000000
0.000000
0.000000
0.000000
0.000000
0.000000
0.000000
0.000000
0.000000
0.000000
0.000000
0.000000
0.000000
0.000000
0.000000
0.000000
0.000000
0.000000
0.000000
0.000000
0.000000
0.000000
0.000000
0.000000
0.000000
0.000000
0.000000
0.000000
0.000000
0.000000
0.000000
0.000000
0.000000
0.000000
0.000000
0.093201
0.000000
0.000000
0.000927
0.000000
0.000000
0.000000
0.000000
0.000000
0.000000
0.000000
0.000000
0.000000
0.000000
0.000000
0.003186
0.000000
0.000000
0.000000
0.000000
0.000000
0.854731
0.000000
0.000000
0.000000
0.000000
0.000000
0.000000
0.000000
0.000000
0.000000
0.000116
0.000000
0.000000
0.000000
0.000000
0.000000
0.000000
0.000000
0.000000
0.000000
0.000000
0.000000
0.067311
0.000000
0.000000
0.000000
0.000000
0.000000
0.000000
0.000000
0.000000
0.000000
0.000000
0.000000
0.000000
0.000000
0.000000
0.000000
0.000000
0.000000
0.000000
0.000000
0.000000
0.000000
0.000000
0.000000
0.000000
0.753060
0.000000
0.000000
0.000000
0.000000
0.030030
0.000000
0.000000
0.000000
0.000000
0.091295
0.000000
0.000000
0.000000
0.000000
0.000000
0.000000
0.000000
0.000000
0.000000
0.000000
0.000000
0.000045
0.000000
0.000005
0.031643
0.000000
0.000000
0.000000
0.022167
0.000000
0.000000
0.000000
0.000000
0.000000
0.000000
0.000000
0.000000
0.000000
0.000000
0.000000
0.000000
0.039117
0.000008
0.000014
0.000000
0.000000
0.000000
0.000000
0.000000
0.000000
0.000000
0.000000
0.000000
0.000315
0.000000
0.000000
0.000000
0.000000
0.000000
0.000000
0.000000
0.000000
0.000000
0.000000
0.000000
0.000000
0.000000
0.000000
0.258463
0.000360
0.000042
0.000000
0.000000
0.467754
0.000000
0.000000
0.000000
0.000002
0.003780
0.000033
0.000000
0.760875
0.000000
0.000000
0.000000
0.000000
0.000000
0.000000
0.000000
0.249538
0.000000
0.847938
0.454920
0.449521
0.000000
0.509523
0.000000
0.000000
0.000000
0.000000
0.000000
0.000017
0.026549
0.000000
0.000010
0.000000
0.009479
0.000000
0.027213
0.000000
0.436020
0.571674
0.000000
0.000000
0.000095
0.100452
0.000511
0.002420
0.000000
0.000000
0.000000
0.000000
0.683168
0.000000
0.587345
0.000408
0.000000
0.000000
0.010229
0.000000
0.000000
0.368936
0.000000
0.000000
0.000000
0.000000
0.229064
0.318132
0.000000
0.000025
0.000000
0.000000
0.258463
0.000000
0.000000
0.000000
0.000000
0.048925
0.000000
0.052006
0.000000
0.000183
0.000059
0.000000
0.259852
0.000000
0.000000
0.031138
0.748960
0.000000
0.001014
0.000000
0.000008
0.000000
0.003212
0.000005
0.000000
0.000000
0.000000
0.000000
0.000000
0.218436
0.002411
0.000000
0.000000
0.000000
0.218244
0.000400
0.000000
0.000000
0.434464
0.000000
0.000000
0.131136
0.000000
0.088442
0.000000
0.000000
0.000000
0.374312
0.000000
0.181401
0.062951
0.000000
0.012004
0.354569
0.000000
0.001160
0.000011
0.008334
0.000000
0.000000
0.000000
0.011707
0.000000
0.006436
0.000000
0.000000
0.000000
0.000000
0.000000
0.000000
0.000000
0.000000
0.000000
0.000000
0.000000
0.000000
0.000000
0.000000
0.000000
0.000000
0.048477
0.000000
0.000002
0.007231
0.014781
0.000000
0.000000
0.474346
0.000000
0.000000
0.000078
0.000002
0.000001
0.000001
0.000000
0.167038
0.000000
0.000054
0.018053
0.004216
0.000004
0.069760
0.000000
0.000000
0.000004
0.000008
0.000080
0.000000
0.000000
0.000278
0.000000
0.000000
0.006643
0.000000
0.017103
0.000000
0.000000
0.247486
0.000000
0.016213
0.000000
0.000000
0.000000
0.000000
0.000000
0.000000
0.000001
0.000000
0.000000
0.000000
0.000000
0.000000
0.000000
0.000000
0.000000
0.345589
0.000000
0.411106
0.000000
0.000001
0.000000
0.000000
0.000000
0.023484
0.000011
0.000000
0.000000
0.000000
0.000000
0.000017
0.000000
0.000000
0.000000
0.005103
0.000000
0.002642
0.000097
0.000000
0.004119
0.000350
0.000000
0.002168
0.000909
0.000000
0.003382
0.000000
0.001990
0.040841
0.004023
0.000000
0.000000
0.048460
0.000083
0.061955
0.000000
0.000000
0.000000
0.000000
0.000000
0.000000
0.016967
0.000000
0.000000
0.782077
0.000071
0.009971
0.036871
0.000000
0.786912
0.000000
0.070529
0.000000
0.000000
0.000000
0.000000
0.043294
0.000002
0.006851
0.860363
0.000000
0.778873
0.000000
0.000501
0.000000
0.095936
0.000000
0.000000
0.000000
0.000011
0.029162
0.000000
0.000000
0.000000
0.000000
0.000000
0.000000
0.000000
0.000000
0.000000
0.000000
0.000000
0.000000
0.000028
0.000147
0.000000
0.000000
0.000000
0.000000
0.000001
0.000000
0.000000
0.000000
0.000000
0.000000
0.000020
0.017655
0.000031
0.000000
0.000000
0.000000
0.000000
0.000000
0.000000
0.000000
0.000000
0.083112
0.000000
0.101920
0.077386
0.000000
0.000000
0.000000
0.000000
0.000000
0.000000
0.000000
0.012083
0.000000
0.000000
0.000000
0.000000
0.000000
0.000000
0.000000
0.000000
0.008128
0.000000
0.000000
0.000031
0.000000
0.000000
0.000000
0.000110
0.000000
0.000000
0.000000
0.000000
0.000000
0.000000
0.000000
0.046096
0.000000
0.000000
0.000000
0.000000
0.000000
0.000000
0.000000
0.000000
0.000000
0.001663
0.000000
0.000000
0.000000
0.000000
0.000000
0.000030
0.000000
0.000000
0.000000
0.000000
0.000003
0.000000
0.000000
0.000000
0.069832
0.000000
0.000000
0.000030
0.000000
0.000001
0.229662
0.570043
0.000000
0.050542
0.272074
0.013810
0.079865
0.000000
0.000000
0.000000
0.000000
0.000000
0.000000
0.000000
0.000000
0.000000
0.670275
0.000000
0.000000
0.000000
0.000000
0.000000
0.000000
0.004271
0.000004
0.000000
0.000000
0.000000
0.000000
0.000012
0.000000
0.000000
0.000000
0.000001
0.006940
0.000000
0.043682
0.001139
0.398082
0.000000
0.000000
0.000000
0.000000
0.000000
0.000000
0.000316
0.000000
0.000020
0.691899
0.000000
0.000000
0.000000
0.000135
0.000020
0.000000
0.000000
0.000000
0.000000
0.000000
0.000000
0.000000
0.000001
0.000000
0.000000
0.000194
0.000015
0.000000
0.000000
0.000000
0.000000
0.000000
0.000005
0.001097
0.000000
0.000000
0.000000
0.000000
0.000002
0.000000
0.000043
0.000055
0.000000
0.000041
0.000522
0.000000
0.000671
0.000000
0.000000
0.000000
0.002781
0.000000
0.376876
0.000012
0.000987
0.000000
0.000000
0.000000
0.000000
0.000000
0.000000
0.000000
0.037192
0.000000
0.000000
0.000000
0.000000
0.000000
0.000000
0.000000
0.000000
0.000000
0.000000
0.000000
0.249894
0.000000
0.000000
0.000009
0.489093
0.000000
0.000000
0.019312
0.000000
0.000000
0.030866
0.000000
0.000000
0.000000
0.000613
0.000000
0.000000
0.000000
0.000000
0.000000
0.000000
0.000000
0.000000
0.000000
0.000001
0.042164
0.032532
0.000000
0.000000
0.000000
0.000000
0.000000
0.003633
0.000000
0.000000
0.000006
0.959310
0.000000
0.000000
0.000000
0.000000
0.000000
0.000000
0.000000
0.000002
0.006388
0.000003
0.000026
0.000000
0.000003
0.210555
0.000000
0.000000
0.000083
0.000000
0.178124
0.000000
0.000000
0.000000
0.021920
0.000001
0.000000
0.000000
0.000000
0.000000
0.000037
0.000000
0.000002
0.000000
0.000108
0.000431
0.000000
0.000325
0.019283
0.000000
0.000000
0.000000
0.000000
0.000000
0.000000
0.000000
0.000000
0.000000
0.000000
0.000000
0.000000
0.000000
0.000000
0.000000
0.000000
0.000000
0.000000
0.000000
0.000000
0.000000
0.000000
0.000000
0.000000
0.000000
0.000000
0.000000
0.000000
0.000000
0.000000
0.000000
0.051695
0.000000
0.000008
0.000000
0.000000
0.000000
0.000000
0.000000
0.011889
0.000000
0.000000
0.000000
0.000000
0.000000
0.000000
0.000000
0.000000
0.000000
0.000000
0.000000
0.000000
0.066551
0.000000
0.000000
0.000000
0.000000
0.000000
0.000000
0.000000
0.000000
0.000000
0.000000
0.000000
0.000000
0.000000
0.000000
0.000000
0.000000
0.000000
0.000000
0.000000
0.000000
0.000000
0.247063
0.000000
0.000141
0.000000
0.000000
0.000000
0.000000
0.000000
0.000000
0.000000
0.000000
0.000000
0.000000
0.000000
0.000000
0.000000
0.000000
0.000000
0.000000
0.000000
0.000000
0.000000
0.000000
0.000000
0.000000
0.000000
0.000000
0.000000
0.000000
0.000000
0.161815
0.000000
0.000000
0.000000
0.019627
0.000000
0.000000
0.000000
0.000000
0.000000
0.000000
0.000000
0.000000
0.000000
0.000000
0.000000
0.000000
0.750214
0.000007
0.000000
0.000000
0.000000
0.000006
0.000000
0.000000
0.000000
0.000000
0.000000
0.000000
0.000000
0.000000
0.000000
0.000000
0.000000
0.000000
0.000000
0.000001
0.000021
0.000000
0.000000
0.000000
0.000000
0.000000
0.000000
0.000000
0.000000
0.000000
0.000000
0.000000
0.000000
0.000000
0.000000
0.000000
0.000000
0.000000
0.000000
0.000000
0.000000
0.000000
0.000000
0.000000
0.000000
0.000000
0.000000
0.000000
0.000000
0.000000
0.000000
0.000000
0.000000
0.000000
0.000000
0.000000
0.000000
0.000000
0.002441
0.000000
0.001209
0.000044
0.000000
0.000000
0.000000
0.000000
0.000000
0.004707
0.000000
0.000000
0.001350
0.000000
0.000000
0.000000
0.000000
0.000000
0.000000
0.000000
0.000000
0.001204
0.000000
0.000151
0.000000
0.000000
0.000000
0.000000
0.000000
0.000000
0.000000
0.031252
0.000000
0.000000
0.000000
0.000000
0.000000
0.000000
0.000000
0.000000
0.000000
0.000000
0.000001
0.095649
0.000000
0.000000
0.000000
0.000000
0.000000
0.000000
0.000000
0.000000
0.000000
0.000000
0.000000
0.000000
0.000000
0.000000
0.000000
0.000000
0.000000
0.000000
0.000000
0.000000
0.000000
0.000000
0.000000
0.000000
0.162015
0.000000
0.000000
0.000000
0.000007
0.032308
0.000000
0.000000
0.000000
0.000000
0.092336
0.000000
0.000000
0.000000
0.000000
0.000000
0.000000
0.000000
0.000000
0.000000
0.000000
0.000000
0.000006
0.000000
0.001210
0.000393
0.000000
0.000000
0.000074
0.062386
0.000000
0.000000
0.000000
0.000000
0.000000
0.000000
0.000000
0.000000
0.000000
0.000000
0.000043
0.000000
0.029130
0.000256
0.001681
0.000000
0.000000
0.000001
0.000000
0.000000
0.000000
0.000000
0.000000
0.000000
0.000976
0.000000
0.000000
0.000000
0.000000
0.000000
0.000000
0.000000
0.000000
0.000000
0.000000
0.000000
0.000000
0.000000
0.000000
0.072018
0.000435
0.019864
0.000000
0.000000
0.497820
0.000000
0.000000
0.000000
0.000304
0.006044
0.008502
0.000000
0.503824
0.000000
0.000000
0.000000
0.000000
0.000000
0.001332
0.000000
0.529162
0.000000
0.237213
0.040987
0.918814
0.000000
0.376496
0.000000
0.000000
0.000000
0.000000
0.000000
0.000399
0.106859
0.000000
0.000264
0.000000
0.000467
0.000000
0.011238
0.000000
0.832888
0.011780
0.000000
0.000000
0.067404
0.172824
0.001432
0.012884
0.000000
0.000000
0.000000
0.000000
0.072091
0.000000
0.089364
0.002168
0.000000
0.000000
0.031643
0.000000
0.000000
0.000123
0.000000
0.000000
0.000000
0.000000
0.508739
0.162015
0.000000
0.000001
0.000000
0.000000
0.072018
0.000000
0.000000
0.000000
0.000000
0.000044
0.000000
0.000061
0.000000
0.003704
0.000140
0.000000
0.010892
0.000000
0.000000
0.072462
0.808916
0.000000
0.061955
0.000000
0.000161
0.000000
0.071968
0.000154
0.000000
0.000000
0.000000
0.000000
0.000000
0.000377
0.311889
0.000000
0.000001
0.000002
0.041135
0.009483
0.000000
0.000000
0.149097
0.000000
0.000000
0.005675
0.000000
0.006434
0.000000
0.000000
0.000000
0.001158
0.000000
0.012000
0.001065
0.000000
0.202361
0.043047
0.000000
0.002335
0.000000
0.385407
0.000000
0.000000
0.000000
0.015472
0.000000
0.058257
0.000001
0.000000
0.000000
0.000000
0.000000
0.000000
0.000000
0.000000
0.000000
0.000000
0.000000
0.000000
0.000000
0.000000
0.000000
0.000000
0.046145
0.000000
0.000000
0.116196
0.000011
0.007029
0.000000
0.379547
0.000000
0.000000
0.000215
0.000005
0.000006
0.028610
0.009561
0.000418
0.000000
0.000000
0.177691
0.010926
0.000000
0.014293
0.000000
0.000000
0.013826
0.000000
0.012954
0.000000
0.000000
0.000000
0.000000
0.000000
0.169676
0.000000
0.000000
0.000000
0.000000
0.024536
0.000000
0.009928
0.000000
0.000000
0.000000
0.000000
0.000000
0.000000
0.000016
0.000000
0.000000
0.000000
0.000000
0.000000
0.000000
0.000000
0.000000
0.706002
0.000000
0.994251
0.000000
0.017495
0.000000
0.000000
0.000004
0.014541
0.000016
0.000000
0.000000
0.000000
0.000000
0.000075
0.000000
0.000000
0.000000
0.461849
0.000000
0.146916
0.001433
0.000000
0.024355
0.023730
0.000045
0.002113
0.033665
0.000000
0.126927
0.000000
0.227144
0.131933
0.000012
0.000000
0.000000
0.008945
0.059260
0.101987
0.000000
0.000000
0.000000
0.000000
0.000000
0.000000
0.011169
0.002585
0.000000
0.362680
0.000001
0.005777
0.104055
0.000000
0.343525
0.000004
0.048033
0.000000
0.000000
0.000000
0.000000
0.061934
0.000002
0.000273
0.437578
0.000000
0.372231
0.000000
0.001578
0.000000
0.002651
0.000000
0.000000
0.000066
0.000000
0.000008
0.000000
0.000000
0.000000
0.000000
0.000000
0.000000
0.000000
0.000000
0.000000
0.000000
0.000000
0.000000
0.000000
0.000000
0.000000
0.000000
0.000000
0.000000
0.000000
0.000000
0.000000
0.000000
0.000000
0.000000
0.187482
0.003224
0.000079
0.000000
0.000000
0.000000
0.000000
0.000000
0.000000
0.000000
0.000000
0.247204
0.000000
0.000000
0.036924
0.000000
0.000000
0.000000
0.000000
0.000000
0.000000
0.000000
0.005438
0.000000
0.000000
0.000000
0.000000
0.000000
0.000000
0.000000
0.000000
0.319493
0.000000
0.000000
0.000000
0.000000
0.000000
0.000000
0.000000
0.000000
0.000000
0.000000
0.000000
0.000000
0.000000
0.000000
0.000444
0.000000
0.000000
0.000000
0.000000
0.000000
0.000000
0.000000
0.000000
0.000000
0.001619
0.000000
0.000000
0.000000
0.000000
0.000000
0.000000
0.000000
0.000000
0.000000
0.000000
0.000000
0.000000
0.000000
0.000000
0.773879
0.000000
0.000000
0.000097
0.000000
0.000001
0.364726
0.128563
0.000000
0.446572
0.267254
0.000004
0.484702
0.000000
0.000000
0.000000
0.000000
0.000000
0.000000
0.000000
0.000000
0.000000
0.628413
0.000000
0.000000
0.000000
0.000000
0.000000
0.000000
0.000058
0.000000
0.000000
0.000000
0.000000
0.000000
0.016392
0.000000
0.000000
0.000000
0.001719
0.103816
0.000000
0.009174
0.000770
0.054093
0.000000
0.000000
0.000000
0.000000
0.000154
0.000000
0.003868
0.000000
0.000005
0.522810
0.000000
0.000000
0.000000
0.000275
0.000000
0.000000
0.000000
0.000000
0.000000
0.000000
0.000000
0.000000
0.000000
0.000000
0.000000
0.000029
0.000104
0.000000
0.000000
0.000000
0.000000
0.000000
0.000000
0.000004
0.000000
0.000000
0.000000
0.000000
0.000001
0.000000
0.001508
0.612670
0.000000
0.000001
0.004469
0.000000
0.048925
0.000000
0.000000
0.000000
0.007709
0.000000
0.046047
0.000000
0.000026
0.000000
0.000000
0.000000
0.000000
0.000000
0.000000
0.000000
0.000000
0.000000
0.000000
0.000000
0.000000
0.000000
0.000000
0.000000
0.000000
0.000000
0.000000
0.000000
0.414830
0.000000
0.000000
0.176182
0.210928
0.000000
0.000000
0.006965
0.000000
0.000000
0.001845
0.000000
0.000000
0.000000
0.001798
0.000000
0.000000
0.000000
0.000000
0.000000
0.000000
0.000000
0.000000
0.000000
0.000000
0.217925
0.018739
0.000000
0.000000
0.000000
0.000000
0.000000
0.000000
0.000000
0.000000
0.000001
0.633866
0.000000
0.000000
0.000000
0.000000
0.000000
0.000000
0.000000
0.000000
0.000053
0.000000
0.000005
0.000000
0.000000
0.735197
0.000000
0.000000
0.000016
0.011775
0.177853
0.000000
0.000000
0.000000
0.000047
0.000213
0.000000
0.000000
0.000000
0.000000
0.000000
0.000001
0.000000
0.000001
0.000001
0.000152
0.000000
0.014894
0.000620
0.000000
0.000000
0.000000
0.000000
0.000000
0.000000
0.000000
0.000000
0.000000
0.000000
0.000000
0.000000
0.000000
0.000000
0.000000
0.000000
0.000000
0.000000
0.000000
0.000000
0.000000
0.000000
0.000000
0.000000
0.000000
0.000000
0.000000
0.000000
0.000000
0.000000
0.000000
0.509187
0.000000
0.000970
0.000000
0.000000
0.000000
0.000000
0.000017
0.003236
0.000000
0.000000
0.000000
0.000000
0.000000
0.000000
0.000000
0.000000
0.000000
0.000000
0.000000
0.000000
0.413519
0.000000
0.000000
0.000000
0.000000
0.000000
0.000000
0.000000
0.000000
0.000000
0.000000
0.000000
0.000000
0.000000
0.000000
0.000000
0.000000
0.000000
0.000000
0.000000
0.000000
0.000000
0.712088
0.000000
0.000025
0.000000
0.000000
0.000000
0.289218
0.000000
0.000000
0.000000
0.000000
0.000000
0.000000
0.000000
0.000000
0.000000
0.000000
0.000000
0.000000
0.000000
0.000000
0.000000
0.000000
0.000000
0.000000
0.000000
0.000000
0.000000
0.000000
0.000000
0.033603
0.000000
0.000000
0.000000
0.000144
0.000000
0.000000
0.000000
0.000000
0.000000
0.000000
0.000000
0.000000
0.000000
0.000000
0.000000
0.000000
0.177367
0.000000
0.000000
0.000000
0.000000
0.000000
0.000000
0.000000
0.000000
0.000000
0.000000
0.000000
0.000000
0.000000
0.000000
0.000000
0.000000
0.000000
0.000000
0.000272
0.000004
0.000000
0.000000
0.000000
0.000000
0.000000
0.000000
0.000000
0.000000
0.000000
0.000000
0.000000
0.000003
0.000000
0.000000
0.000000
0.000000
0.000000
0.000000
0.000000
0.000000
0.000000
0.000000
0.000000
0.000000
0.000000
0.000000
0.000000
0.000000
0.000000
0.000000
0.000000
0.000000
0.000000
0.000000
0.000000
0.000000
0.000000
0.491076
0.000000
0.000196
0.132523
0.000000
0.000000
0.000000
0.000003
0.000000
0.000007
0.000000
0.000000
0.000000
0.000000
0.000000
0.000000
0.000000
0.000000
0.000000
0.000000
0.000000
0.030923
0.000000
0.000000
0.000000
0.000000
0.000000
0.000000
0.000000
0.000000
0.000000
0.000009
0.000000
0.000000
0.000000
0.000000
0.000000
0.000000
0.000000
0.000000
0.000000
0.000000
0.000000
0.002328
0.000000
0.000000
0.000000
0.000000
0.000000
0.000000
0.000000
0.000000
0.000000
0.000000
0.000000
0.000000
0.000000
0.004233
0.000000
0.000000
0.000000
0.000000
0.000000
0.000000
0.000000
0.000000
0.000000
0.000000
0.261908
0.000000
0.000000
0.000000
0.000000
0.219077
0.000000
0.000000
0.000000
0.000000
0.242030
0.000000
0.000000
0.000000
0.000000
0.000000
0.000000
0.000000
0.000000
0.000000
0.000000
0.000000
0.000016
0.000000
0.012533
0.001450
0.000000
0.000000
0.000000
0.009628
0.000000
0.000000
0.000000
0.000000
0.000000
0.000000
0.000000
0.000000
0.000000
0.000000
0.001676
0.000000
0.002998
0.000000
0.000021
0.000000
0.000000
0.000117
0.000000
0.000000
0.000000
0.000000
0.000000
0.000000
0.000008
0.000000
0.000000
0.000000
0.000000
0.000000
0.000000
0.000000
0.000000
0.000000
0.000000
0.000000
0.000000
0.000000
0.000000
0.000002
0.000683
0.000015
0.000000
0.000000
0.363609
0.000000
0.000000
0.000000
0.000000
0.001951
0.002005
0.000000
0.633866
0.000000
0.000000
0.000000
0.000000
0.000000
0.000072
0.000000
0.011117
0.000000
0.000650
0.247980
0.579848
0.000006
0.085956
0.000000
0.000000
0.000000
0.000000
0.000000
0.156146
0.549883
0.000000
0.003456
0.000000
0.000087
0.000000
0.008549
0.000000
0.876798
0.038879
0.000000
0.000000
0.000000
0.000118
0.000000
0.000016
0.000000
0.000000
0.000000
0.000000
0.309383
0.000000
0.061016
0.909842
0.000000
0.000000
0.258390
0.000000
0.000000
0.003772
0.000000
0.000000
0.000000
0.000000
0.194252
0.019502
0.000000
0.000000
0.000000
0.000000
0.000002
0.000000
0.000000
0.000000
0.000000
0.000010
0.000000
0.000000
0.000000
0.003318
0.000002
0.000000
0.317792
0.000000
0.000000
0.003801
0.452164
0.000000
0.570859
0.000000
0.000037
0.000000
0.000750
0.005135
0.000000
0.000000
0.000000
0.000000
0.000000
0.241268
0.202542
0.000000
0.000000
0.000014
0.020515
0.013114
0.000000
0.000000
0.454814
0.000000
0.000000
0.010064
0.000000
0.010926
0.000000
0.000000
0.000000
0.055807
0.000000
0.494830
0.018438
0.000000
0.385890
0.659015
0.000000
0.011074
0.000000
0.062127
0.000000
0.000000
0.000000
0.000122
0.000000
0.362958
0.000000
0.000165
0.000000
0.000000
0.000000
0.000000
0.000000
0.000000
0.000000
0.000000
0.000000
0.000000
0.000000
0.000000
0.000000
0.000000
0.416547
0.000000
0.000001
0.000354
0.006138
0.000000
0.000000
0.066688
0.000000
0.000000
0.357596
0.000000
0.000000
0.001065
0.000003
0.000014
0.000000
0.000000
0.002894
0.000000
0.000057
0.634577
0.000000
0.000000
0.003706
0.000000
0.380695
0.000000
0.000000
0.000001
0.000000
0.000000
0.000250
0.000000
0.001728
0.000000
0.000000
0.178558
0.000000
0.001617
0.000000
0.000000
0.000000
0.000000
0.000000
0.000000
0.000000
0.000000
0.000000
0.000000
0.000000
0.000000
0.000000
0.000000
0.000000
0.194835
0.000000
0.005176
0.000000
0.000014
0.000001
0.000000
0.000514
0.005756
0.000000
0.000000
0.000000
0.000000
0.000000
0.000005
0.000000
0.000000
0.000000
0.499929
0.000000
0.561907
0.000910
0.000000
0.229662
0.004974
0.000000
0.150033
0.042802
0.000000
0.005800
0.000000
0.016373
0.264497
0.000000
0.000000
0.000000
0.088946
0.006683
0.009271
0.000000
0.000000
0.000000
0.000000
0.000000
0.000000
0.001827
0.000000
0.000000
0.458325
0.000001
0.000020
0.491737
0.000000
0.328614
0.000000
0.137107
0.000000
0.000000
0.000000
0.000000
0.969072
0.000000
0.000037
0.471963
0.000000
0.336057
0.000000
0.000748
0.000000
0.000006
0.000000
0.000000
0.000000
0.000000
0.000022
0.000000
0.000000
0.000000
0.000000
0.000000
0.000000
0.000000
0.000000
0.000000
0.000000
0.000000
0.000000
0.000000
0.000000
0.000000
0.000000
0.000000
0.000000
0.000000
0.000000
0.000000
0.000000
0.000000
0.000000
0.017285
0.084325
0.001186
0.000000
0.000000
0.000000
0.000000
0.000000
0.000000
0.000000
0.000000
0.173778
0.000000
0.001187
0.000000
0.000000
0.000000
0.000000
0.000000
0.000000
0.000000
0.000000
0.004577
0.000000
0.000000
0.000000
0.000000
0.000000
0.000000
0.000000
0.000000
0.485030
0.000000
0.000000
0.000015
0.000000
0.000029
0.000000
0.000000
0.000000
0.000000
0.000000
0.000000
0.000000
0.000000
0.000000
0.118399
0.000000
0.000000
0.000000
0.000000
0.000000
0.000000
0.000000
0.000000
0.000000
0.000009
0.000000
0.000000
0.000000
0.000000
0.000000
0.000000
0.000000
0.000000
0.000000
0.000000
0.000000
0.000000
0.000000
0.000000
0.040753
0.000000
0.000000
0.000174
0.000000
0.000000
0.625213
0.449627
0.000000
0.094356
0.516712
0.000114
0.004489
0.000000
0.000000
0.000000
0.000000
0.000000
0.000000
0.000000
0.000000
0.000000
0.739226
0.000000
0.000000
0.000000
0.000000
0.000000
0.000000
0.000020
0.000000
0.000000
0.000000
0.000000
0.000000
0.000008
0.000000
0.000000
0.000000
0.000000
0.479129
0.000000
0.032084
0.004215
0.725249
0.000000
0.000000
0.000000
0.000000
0.000000
0.000000
0.000002
0.000000
0.000415
0.163221
0.000000
0.000000
0.000000
0.000000
0.004946
0.000000
0.000000
0.000000
0.000000
0.000000
0.000000
0.000000
0.000268
0.000000
0.000000
0.008334
0.000003
0.000000
0.000000
0.000000
0.000000
0.000002
0.000000
0.000238
0.000000
0.000000
0.000000
0.000000
0.000001
0.000000
0.000019
0.218180
0.000000
0.000002
0.002687
0.000000
0.379547
0.000000
0.000000
0.000000
0.010170
0.000000
0.061741
0.000000
0.004029
0.000000
0.000000
0.000000
0.000000
0.000000
0.000000
0.000000
0.000068
0.000018
0.000000
0.000000
0.000000
0.000000
0.000000
0.000000
0.000000
0.000000
0.000000
0.000000
0.266731
0.000000
0.000000
0.032687
0.099791
0.000000
0.000000
0.000000
0.000000
0.000000
0.004685
0.000000
0.000000
0.000000
0.239199
0.000000
0.000000
0.000000
0.000000
0.000000
0.000000
0.000000
0.000000
0.000000
0.000045
0.226353
0.253395
0.000000
0.000000
0.000000
0.000011
0.000000
0.005113
0.000039
0.000000
0.000000
0.353199
0.000000
0.000000
0.000001
0.000000
0.000000
0.000000
0.000001
0.000245
0.000003
0.000034
0.002601
0.000000
0.000000
0.497598
0.000000
0.000005
0.000000
0.000000
0.044675
0.000000
0.000000
0.000000
0.013179
0.000000
0.000000
0.000000
0.000000
0.000000
0.000018
0.000000
0.000006
0.000000
0.000000
0.001893
0.000000
0.000000
0.000021
0.000000
0.000000
0.000000
0.000000
0.000000
0.000000
0.000000
0.000000
0.000000
0.000000
0.000000
0.000000
0.000000
0.000000
0.000000
0.000000
0.000000
0.000000
0.000000
0.000000
0.000000
0.000000
0.000000
0.000000
0.000000
0.000000
0.000000
0.000000
0.000000
0.000000
0.000000
0.045380
0.000000
0.000061
0.000000
0.000000
0.000000
0.000000
0.000019
0.006591
0.000000
0.000000
0.000000
0.000000
0.000000
0.000000
0.000000
0.000000
0.000000
0.000000
0.000000
0.000000
0.595804
0.000000
0.000000
0.000000
0.000000
0.000000
0.000000
0.000000
0.000000
0.000000
0.000000
0.000000
0.000000
0.000000
0.000000
0.000000
0.000000
0.000000
0.000000
0.000000
0.000000
0.000000
0.200264
0.000000
0.003896
0.000000
0.000000
0.000000
0.011644
0.000000
0.000000
0.000000
0.000000
0.000000
0.000000
0.000000
0.000000
0.000000
0.000000
0.000000
0.000000
0.000000
0.000000
0.000000
0.000000
0.000000
0.000000
0.000001
0.000000
0.000000
0.000000
0.000000
0.028495
0.000000
0.000000
0.000000
0.071136
0.000000
0.000000
0.000000
0.000000
0.000000
0.000000
0.000000
0.000000
0.000000
0.000000
0.000000
0.000000
0.340934
0.000003
0.000000
0.000000
0.000000
0.000000
0.000000
0.000000
0.000000
0.000000
0.000000
0.000000
0.000000
0.000000
0.000000
0.000000
0.000000
0.000000
0.000000
0.000003
0.000000
0.000000
0.000000
0.000000
0.000000
0.000000
0.000000
0.000000
0.000000
0.000000
0.000000
0.000000
0.000000
0.000000
0.000000
0.000000
0.000000
0.000000
0.000000
0.000000
0.000000
0.000000
0.000000
0.000000
0.000000
0.000000
0.000000
0.000000
0.000000
0.000000
0.000000
0.000000
0.000000
0.000000
0.000000
0.000000
0.000000
0.000000
0.000017
0.000000
0.000043
0.008128
0.000000
0.000000
0.000000
0.000000
0.000000
0.000000
0.000000
0.000000
0.000000
0.000000
0.000000
0.000000
0.000000
0.000000
0.000000
0.000000
0.000000
0.007613
0.000000
0.000006
0.000000
0.000000
0.000000
0.000000
0.000000
0.000000
0.000000
0.034083
0.000000
0.000000
0.000000
0.000000
0.000000
0.000000
0.000000
0.000000
0.000000
0.000000
0.000000
0.718156
0.000000
0.000000
0.000000
0.000000
0.000000
0.000000
0.000000
0.000000
0.000000
0.000000
0.000000
0.000000
0.000000
0.000016
0.000000
0.000000
0.000000
0.000000
0.000000
0.000000
0.000000
0.000000
0.000000
0.000000
0.087939
0.000000
0.000000
0.000000
0.000000
0.856554
0.000000
0.000000
0.000000
0.000000
0.016890
0.000000
0.000000
0.000000
0.000000
0.000000
0.000000
0.000000
0.000000
0.000000
0.000000
0.000002
0.000175
0.000000
0.000000
0.041223
0.000000
0.000000
0.000039
0.385310
0.000000
0.000000
0.000000
0.000000
0.000000
0.000000
0.000000
0.000000
0.000000
0.000000
0.000084
0.000000
0.158540
0.000114
0.001041
0.000000
0.000000
0.000001
0.000000
0.000000
0.000000
0.000000
0.000000
0.000000
0.000000
0.000000
0.000000
0.000000
0.000000
0.000000
0.000000
0.000000
0.000000
0.000000
0.000000
0.000000
0.000000
0.000000
0.000000
0.251033
0.000000
0.004598
0.000000
0.000000
0.265091
0.000000
0.000000
0.000000
0.000000
0.201400
0.001444
0.000000
0.354386
0.000000
0.000000
0.000000
0.000000
0.000166
0.000001
0.000024
0.875446
0.000000
0.373933
0.759633
0.198895
0.001003
0.239612
0.000000
0.000000
0.000000
0.000000
0.000000
0.000260
0.023414
0.000000
0.035151
0.000000
0.002788
0.000000
0.019297
0.000000
0.010478
0.503936
0.000000
0.000000
0.001891
0.002282
0.042512
0.002105
0.000000
0.000000
0.000000
0.000000
0.478802
0.000000
0.399856
0.073034
0.000000
0.000000
0.009666
0.007363
0.000000
0.005848
0.000000
0.000000
0.000000
0.000000
0.682223
0.033738
0.000000
0.000006
0.000000
0.000000
0.251033
0.000000
0.000000
0.000000
0.000000
0.000295
0.000000
0.000010
0.000000
0.000001
0.000000
0.000000
0.067823
0.000000
0.000000
0.011325
0.846859
0.000000
0.015408
0.000000
0.000005
0.000000
0.000304
0.000001
0.000000
0.000000
0.000000
0.000000
0.000000
0.085985
0.003613
0.000000
0.000000
0.000000
0.081062
0.059405
0.000000
0.000000
0.971831
0.000000
0.000000
0.004579
0.000000
0.011391
0.000000
0.000000
0.000000
0.278962
0.000000
0.474780
0.001105
0.000000
0.224255
0.458325
0.000000
0.000023
0.000000
0.128563
0.000000
0.000000
0.000000
0.011147
0.000000
0.989134
0.000001
0.001441
0.000000
0.000000
0.000000
0.000000
0.000000
0.000000
0.000000
0.000000
0.000000
0.000000
0.000000
0.000000
0.000000
0.000000
0.155515
0.000000
0.000000
0.042149
0.000000
0.000003
0.000000
0.051188
0.000000
0.000000
0.000035
0.000000
0.000000
0.000005
0.000023
0.012586
0.000000
0.000000
0.004176
0.000003
0.000093
0.448889
0.000000
0.000000
0.000002
0.000003
0.173937
0.000000
0.000000
0.000000
0.000000
0.000000
0.000007
0.000000
0.470450
0.000000
0.000000
0.276805
0.000000
0.000136
0.000000
0.000000
0.000000
0.000000
0.000000
0.000000
0.000006
0.000003
0.000000
0.000005
0.000000
0.000000
0.000000
0.000000
0.000000
0.144352
0.000000
0.062408
0.000000
0.002571
0.000001
0.000000
0.000000
0.181842
0.001098
0.000000
0.000000
0.000000
0.000000
0.000001
0.026775
0.000000
0.000000
0.161265
0.000000
0.297717
0.013455
0.000000
0.292564
0.375830
0.000051
0.106649
0.004962
0.000000
0.242099
0.000009
0.308967
0.001671
0.000154
0.000000
0.000000
0.000992
0.390349
0.000023
0.000000
0.001201
0.000000
0.000000
0.000000
0.000000
0.019693
0.000000
0.000105
0.335704
0.000000
0.000192
0.003606
0.000000
0.139826
0.000002
0.002838
0.000000
0.000000
0.000000
0.000000
0.062365
0.000151
0.068738
0.081584
0.000000
0.607708
0.000000
0.000090
0.000001
0.000482
0.000000
0.000000
0.006622
0.000000
0.000085
0.000000
0.000000
0.000000
0.000000
0.000000
0.000000
0.000000
0.000000
0.000000
0.000000
0.000000
0.000000
0.000067
0.000000
0.000000
0.000000
0.000000
0.000000
0.000000
0.000000
0.000000
0.000000
0.000000
0.000000
0.009082
0.040316
0.000330
0.000000
0.000000
0.000000
0.000000
0.000000
0.000000
0.000000
0.000000
0.716408
0.000000
0.000293
0.000009
0.000000
0.000000
0.000000
0.000000
0.000000
0.000000
0.000000
0.002352
0.000000
0.000000
0.000000
0.000000
0.000000
0.000000
0.000000
0.000000
0.888157
0.000000
0.000000
0.003361
0.000000
0.002705
0.000000
0.000094
0.000000
0.000000
0.000000
0.000000
0.000000
0.000000
0.000000
0.001956
0.000000
0.000000
0.000000
0.000000
0.000000
0.000000
0.000000
0.000000
0.000000
0.000011
0.000000
0.000000
0.000000
0.000000
0.000000
0.000067
0.000000
0.000000
0.000000
0.000000
0.000025
0.000000
0.000000
0.000000
0.101685
0.000000
0.000000
0.000048
0.000000
0.000000
0.016011
0.132946
0.000000
0.023432
0.059529
0.000735
0.057210
0.000000
0.000000
0.000000
0.000000
0.000000
0.000000
0.000000
0.000000
0.000000
0.168897
0.000000
0.000000
0.000000
0.000000
0.000000
0.000000
0.034145
0.000000
0.000000
0.000000
0.000000
0.000000
0.000001
0.000000
0.000000
0.000000
0.000000
0.207835
0.000000
0.004644
0.022677
0.446046
0.000000
0.000000
0.000000
0.000000
0.000000
0.000000
0.000576
0.000000
0.000045
0.134820
0.000000
0.000000
0.000000
0.000000
0.000001
0.000000
0.000000
0.000372
0.000000
0.000000
0.000000
0.000000
0.000001
0.000000
0.000000
0.000160
0.000030
0.000000
0.000000
0.000000
0.000000
0.000000
0.000004
0.000022
0.000000
0.000000
0.000000
0.000000
0.000006
0.000000
0.000005
0.072190
0.000000
0.000212
0.000631
0.000000
0.003512
0.000000
0.000000
0.000000
0.000197
0.000000
0.461207
0.000000
0.151400
0.000000
0.000000
0.000000
0.000000
0.000000
0.000000
0.000000
0.000060
0.000000
0.000000
0.000000
0.000000
0.000000
0.000000
0.000000
0.000000
0.000000
0.000000
0.000000
0.060342
0.000000
0.000000
0.084922
0.000410
0.000000
0.000000
0.007917
0.000000
0.000000
0.000047
0.000000
0.000000
0.000000
0.000449
0.000000
0.000000
0.000000
0.000000
0.000000
0.000000
0.000000
0.000000
0.000000
0.000412
0.339422
0.227342
0.000000
0.000000
0.000000
0.000000
0.000000
0.000000
0.000000
0.000000
0.000000
0.757484
0.000000
0.000000
0.000002
0.000000
0.000000
0.000000
0.000000
0.000005
0.004679
0.000000
0.000516
0.000000
0.000000
0.272378
0.000000
0.000000
0.000004
0.000000
0.007392
0.000000
0.000000
0.000000
0.137848
0.000015
0.000000
0.000000
0.000000
0.000000
0.000000
0.000005
0.000004
0.000000
0.000000
0.000616
0.000000
0.000000
0.000141
0.000000
0.000000
0.000000
0.000000
0.000000
0.000003
0.000000
0.000000
0.000000
0.000000
0.000000
0.000000
0.000000
0.000000
0.000000
0.000000
0.000000
0.000000
0.000000
0.000000
0.000000
0.000000
0.000000
0.000000
0.000000
0.000000
0.000000
0.000000
0.000000
0.000000
0.000000
0.450472
0.000000
0.048255
0.000000
0.000000
0.000000
0.000000
0.000001
0.031747
0.000000
0.000000
0.000000
0.000000
0.000000
0.000000
0.000000
0.000000
0.000000
0.000000
0.000000
0.000000
0.026775
0.000000
0.000000
0.000000
0.000000
0.000000
0.000000
0.000000
0.000000
0.000000
0.000000
0.000000
0.000000
0.000000
0.000000
0.000000
0.000000
0.000000
0.000000
0.000000
0.000000
0.000000
0.157755
0.000000
0.005784
0.000000
0.000000
0.000000
0.020654
0.000000
0.000000
0.000000
0.000000
0.000000
0.000000
0.000000
0.000000
0.000000
0.000000
0.000000
0.000000
0.000000
0.000000
0.000000
0.000000
0.000000
0.000000
0.000000
0.000000
0.000000
0.000000
0.000000
0.000332
0.000000
0.000000
0.000000
0.744732
0.000000
0.000000
0.000000
0.000000
0.000000
0.000000
0.000000
0.000000
0.000000
0.000000
0.000000
0.000000
0.211239
0.000009
0.000000
0.000000
0.000000
0.000000
0.000000
0.000001
0.000000
0.000000
0.000000
0.000000
0.000000
0.000000
0.000000
0.000000
0.000000
0.000000
0.000000
0.000024
0.365566
0.000000
0.000000
0.000000
0.000000
0.000000
0.000000
0.000000
0.000000
0.000000
0.000000
0.000000
0.000001
0.000000
0.000000
0.000000
0.000000
0.000000
0.000000
0.000000
0.000000
0.000000
0.000000
0.000000
0.000000
0.000000
0.000000
0.000000
0.000000
0.000000
0.000000
0.000000
0.000000
0.000000
0.000000
0.000000
0.000000
0.000000
0.002276
0.000000
0.000284
0.000021
0.000000
0.000000
0.000000
0.000000
0.000000
0.000000
0.000000
0.000000
0.000000
0.000000
0.000000
0.000090
0.000000
0.000000
0.000000
0.000000
0.000000
0.246781
0.000000
0.000000
0.000000
0.000000
0.000000
0.000000
0.000000
0.000000
0.000000
0.000031
0.000000
0.000000
0.000000
0.000000
0.000000
0.000000
0.000000
0.000000
0.000000
0.000000
0.000000
0.014507
0.000000
0.000000
0.000000
0.000000
0.000000
0.000000
0.000000
0.000000
0.000000
0.000000
0.000000
0.000000
0.000000
0.004138
0.000000
0.000000
0.000000
0.000000
0.000000
0.000000
0.000000
0.000000
0.000000
0.000000
0.622608
0.000000
0.000000
0.000000
0.000000
0.098545
0.000000
0.000000
0.000000
0.000000
0.021797
0.000000
0.000000
0.000000
0.000000
0.000000
0.000000
0.000000
0.000000
0.000000
0.000000
0.000000
0.000019
0.000000
0.000008
0.000004
0.000000
0.000000
0.000000
0.422846
0.000000
0.000000
0.000000
0.000000
0.000000
0.000000
0.000000
0.000000
0.000000
0.000000
0.000000
0.000000
0.004687
0.000031
0.000005
0.000000
0.000000
0.000002
0.000000
0.000000
0.000000
0.000000
0.000000
0.000000
0.000000
0.000000
0.000000
0.000000
0.000000
0.000000
0.000000
0.000000
0.000000
0.000000
0.000000
0.000000
0.000000
0.000000
0.000000
0.000304
0.042058
0.023310
0.000000
0.000000
0.001335
0.000000
0.000000
0.000000
0.000061
0.000003
0.001898
0.000000
0.049308
0.000000
0.000000
0.000000
0.000000
0.000000
0.000000
0.001529
0.363795
0.000000
0.917997
0.605348
0.078258
0.000019
0.281209
0.000000
0.000000
0.000000
0.000000
0.000000
0.467323
0.026835
0.000000
0.011967
0.000000
0.002327
0.000000
0.075876
0.000000
0.299829
0.475974
0.000000
0.000000
0.000000
0.122126
0.014458
0.151732
0.000000
0.000000
0.000000
0.000000
0.000102
0.000000
0.344421
0.496158
0.000000
0.000000
0.000001
0.007797
0.000000
0.046145
0.000000
0.000000
0.000000
0.000000
0.273441
0.021163
0.000000
0.000000
0.000000
0.000000
0.000304
0.000000
0.000000
0.000000
0.000000
0.000000
0.000000
0.004252
0.000000
0.169884
0.000000
0.000000
0.083449
0.000000
0.000003
0.003905
0.081915
0.000000
0.259705
0.000000
0.000011
0.000000
0.001607
0.000000
0.000000
0.000000
0.000000
0.000000
0.000000
0.183503
0.731618
0.000000
0.000013
0.000000
0.004335
0.066551
0.000000
0.000000
0.023642
0.000000
0.000000
0.046756
0.000000
0.000015
0.000000
0.000000
0.000000
0.380408
0.000000
0.708579
0.000015
0.000000
0.628057
0.409302
0.000000
0.010293
0.000001
0.038047
0.000000
0.000000
0.000000
0.002881
0.000000
0.222042
0.000006
0.000151
0.000000
0.000000
0.000000
0.000000
0.000000
0.000000
0.000000
0.000000
0.000000
0.000000
0.000000
0.000000
0.000000
0.000000
0.072240
0.000000
0.000000
0.026500
0.041743
0.000200
0.000000
0.295938
0.000000
0.000000
0.000001
0.000447
0.000010
0.000005
0.019678
0.334295
0.000000
0.000003
0.003803
0.000001
0.000003
0.230395
0.000000
0.000000
0.002176
0.000000
0.002327
0.000000
0.000000
0.018251
0.000000
0.000000
0.000132
0.000000
0.000017
0.000000
0.000000
0.094387
0.000000
0.000000
0.000000
0.000000
0.000000
0.000005
0.000000
0.000000
0.000291
0.000000
0.000000
0.000000
0.000000
0.000000
0.000000
0.000000
0.000000
0.631969
0.000000
0.870620
0.000000
0.000013
0.000001
0.000000
0.000000
0.094042
0.000000
0.000000
0.000000
0.000000
0.000000
0.000335
0.000000
0.000000
0.000000
0.327226
0.000000
0.003403
0.000155
0.000000
0.001767
0.000195
0.000001
0.009878
0.000709
0.000000
0.000044
0.000000
0.016788
0.578445
0.005965
0.000000
0.000000
0.120561
0.125510
0.000980
0.000000
0.000264
0.000000
0.000000
0.000000
0.000000
0.030284
0.000000
0.000000
0.324031
0.000029
0.000020
0.148119
0.000000
0.847742
0.000001
0.189242
0.000000
0.000000
0.000001
0.000000
0.161765
0.000205
0.002787
0.467861
0.000000
0.067729
0.000000
0.000001
0.000001
0.135938
0.000000
0.000000
0.000004
0.000000
0.002373
0.000000
0.000000
0.000000
0.000000
0.000000
0.000000
0.000000
0.000000
0.000000
0.000000
0.000000
0.000000
0.000119
0.000020
0.000000
0.000000
0.000000
0.000000
0.000000
0.000000
0.000000
0.000000
0.000000
0.000000
0.141024
0.010934
0.062214
0.000000
0.000000
0.000000
0.000000
0.000000
0.000000
0.000000
0.000000
0.971790
0.000000
0.000000
0.000002
0.000000
0.000000
0.000000
0.000000
0.000000
0.000000
0.000000
0.004085
0.000000
0.000000
0.000000
0.000000
0.000000
0.000000
0.000000
0.000000
0.368279
0.000000
0.000000
0.000442
0.000000
0.002417
0.000000
0.000005
0.000000
0.000000
0.000000
0.000000
0.000000
0.000000
0.000000
0.011816
0.000000
0.000000
0.000000
0.000000
0.000000
0.000000
0.000000
0.000000
0.000000
0.022677
0.000000
0.000000
0.000000
0.000000
0.000000
0.000119
0.000000
0.000000
0.000000
0.000000
0.000012
0.000000
0.000000
0.000000
0.033960
0.000000
0.000000
0.000000
0.000000
0.000000
0.385697
0.041773
0.000000
0.014496
0.560748
0.000000
0.639440
0.000000
0.000000
0.000000
0.000000
0.000000
0.000000
0.000000
0.000000
0.000001
0.183225
0.000000
0.000000
0.000000
0.000000
0.000000
0.000000
0.029151
0.000000
0.000000
0.000000
0.000000
0.000000
0.014282
0.000000
0.000000
0.000000
0.000001
0.800910
0.000000
0.000514
0.000031
0.034034
0.000000
0.000000
0.000000
0.000000
0.000025
0.000000
0.000000
0.000000
0.000249
0.080625
0.000000
0.000000
0.000000
0.000022
0.000000
0.000000
0.000000
0.000000
0.000000
0.000000
0.000000
0.000000
0.000019
0.000000
0.000000
0.005923
0.000046
0.000000
0.000000
0.000000
0.000000
0.000001
0.000039
0.000008
0.000000
0.000000
0.000000
0.000000
0.000000
0.000000
0.000958
0.046211
0.000000
0.000000
0.000398
0.000000
0.001260
0.000000
0.000000
0.000000
0.000407
0.000000
0.034922
0.000000
0.000000
0.000003
0.000000
0.000000
0.000000
0.000000
0.000000
0.000000
0.000181
0.000000
0.000000
0.000000
0.000000
0.000000
0.000000
0.000000
0.000000
0.000000
0.000000
0.000000
0.122441
0.000000
0.000000
0.023224
0.366967
0.000000
0.000000
0.006767
0.000000
0.000000
0.227012
0.000000
0.000000
0.000000
0.002014
0.000000
0.000000
0.000000
0.000000
0.000000
0.000000
0.000000
0.000000
0.000000
0.000417
0.318132
0.009598
0.000000
0.000000
0.000000
0.000002
0.000000
0.000493
0.000003
0.000000
0.000000
0.100684
0.000001
0.000000
0.000002
0.000000
0.000000
0.000000
0.000000
0.000021
0.005598
0.000000
0.000010
0.000000
0.000001
0.060321
0.000001
0.000000
0.000000
0.000000
0.512776
0.000000
0.000025
0.000000
0.012894
0.000499
0.000000
0.000000
0.000000
0.000000
0.000004
0.000000
0.000000
0.000000
0.000000
0.000071
0.000000
0.012275
0.035458
0.000000
0.000000
0.000000
0.000000
0.000000
0.000000
0.000000
0.000000
0.000000
0.000001
0.000000
0.000000
0.000000
0.000000
0.000000
0.000000
0.000000
0.000000
0.000000
0.000000
0.000000
0.000000
0.000000
0.000000
0.000000
0.000000
0.000000
0.000000
0.000000
0.000000
0.000000
0.371099
0.000000
0.001483
0.000000
0.000000
0.000000
0.000021
0.000061
0.003112
0.000000
0.000000
0.000000
0.000000
0.000000
0.000000
0.000000
0.000000
0.000000
0.000000
0.000000
0.000000
0.097604
0.000000
0.000000
0.000000
0.000000
0.000000
0.000000
0.000000
0.000000
0.000000
0.000000
0.000000
0.000000
0.000000
0.000000
0.000000
0.000000
0.000000
0.000000
0.000000
0.000000
0.000000
0.207958
0.000000
0.040259
0.000000
0.000000
0.000000
0.092152
0.000000
0.000000
0.000000
0.000000
0.000000
0.000000
0.000000
0.000000
0.000000
0.000000
0.000000
0.000000
0.000000
0.000000
0.000000
0.000000
0.000000
0.000000
0.000000
0.000000
0.000000
0.000000
0.000000
0.000684
0.000000
0.000000
0.000000
0.142096
0.000000
0.000000
0.000000
0.000000
0.000000
0.000000
0.000000
0.000000
0.000000
0.000000
0.000000
0.000000
0.671222
0.000000
0.000000
0.000000
0.000000
0.000001
0.000000
0.000000
0.000000
0.000000
0.000000
0.000000
0.000000
0.000000
0.000000
0.000000
0.000000
0.000004
0.000000
0.000036
0.000034
0.000000
0.000000
0.000000
0.000000
0.000000
0.000000
0.000000
0.000000
0.000000
0.000000
0.000000
0.000454
0.000000
0.000000
0.000000
0.000000
0.000000
0.000000
0.000000
0.000000
0.000000
0.000000
0.000000
0.000000
0.000000
0.000000
0.000000
0.000000
0.000000
0.000000
0.000000
0.000000
0.000000
0.000000
0.000000
0.000000
0.000000
0.063564
0.000000
0.000213
0.000000
0.000000
0.000000
0.000000
0.000459
0.000000
0.000274
0.000000
0.000000
0.000000
0.000000
0.000000
0.000006
0.000000
0.000000
0.000000
0.000000
0.000000
0.983523
0.000000
0.000000
0.000000
0.000000
0.000000
0.000000
0.000000
0.000000
0.000000
0.000000
0.000000
0.000000
0.000000
0.000000
0.000000
0.000000
0.000000
0.000000
0.000000
0.000000
0.000019
0.000240
0.000000
0.000000
0.000000
0.000000
0.000000
0.000000
0.000000
0.000000
0.000000
0.000000
0.000000
0.000000
0.000000
0.000018
0.000000
0.000000
0.000000
0.000000
0.000000
0.000000
0.000000
0.000000
0.000000
0.000000
0.600160
0.000000
0.000000
0.000000
0.000000
0.786584
0.000000
0.000000
0.000000
0.000000
0.053753
0.000000
0.000000
0.000000
0.000000
0.000000
0.000000
0.000000
0.000000
0.000000
0.000000
0.000000
0.000000
0.000000
0.002531
0.001044
0.000000
0.000000
0.000000
0.215699
0.000000
0.000000
0.000000
0.000000
0.000000
0.000000
0.000000
0.000000
0.000000
0.000000
0.000003
0.000001
0.007259
0.000533
0.000089
0.000000
0.000000
0.000848
0.000000
0.000000
0.000000
0.000000
0.000000
0.000000
0.000016
0.000000
0.000000
0.000000
0.000000
0.000000
0.000000
0.000000
0.000000
0.000000
0.000000
0.000000
0.000000
0.000000
0.000000
0.216905
0.022076
0.101184
0.000000
0.000000
0.276729
0.000004
0.000000
0.000000
0.000000
0.001802
0.033665
0.000000
0.285429
0.000000
0.000000
0.000000
0.000000
0.000000
0.000079
0.000013
0.108267
0.000000
0.375166
0.054761
0.244746
0.000254
0.473696
0.000000
0.000000
0.000000
0.000000
0.000000
0.090024
0.062386
0.000000
0.000237
0.000000
0.026854
0.000000
0.036871
0.000000
0.517389
0.157119
0.000000
0.000000
0.000444
0.000458
0.035794
0.029833
0.000000
0.000000
0.000000
0.000000
0.324634
0.000000
0.153494
0.013215
0.000000
0.000000
0.109513
0.000000
0.000000
0.017109
0.000000
0.000000
0.000000
0.000000
0.072042
0.238376
0.000000
0.000000
0.000000
0.000000
0.216905
0.000000
0.000000
0.000000
0.000000
0.024391
0.000000
0.001457
0.000000
0.000003
0.000004
0.000000
0.000001
0.000000
0.000001
0.756578
0.045267
0.000000
0.039713
0.000000
0.000521
0.000453
0.852512
0.000000
0.000000
0.000000
0.000000
0.000000
0.000000
0.023704
0.617636
0.000000
0.000033
0.000000
0.620122
0.004676
0.000000
0.000000
0.434879
0.000000
0.000000
0.004131
0.000000
0.440182
0.000000
0.000000
0.000000
0.290888
0.000000
0.113954
0.000527
0.000000
0.000232
0.066688
0.000000
0.000031
0.000068
0.138286
0.000000
0.000000
0.000000
0.012954
0.000000
0.195361
0.000000
0.000000
0.000000
0.000000
0.000000
0.000000
0.000000
0.000000
0.000000
0.000000
0.000000
0.000000
0.000000
0.000000
0.000000
0.000000
0.000661
0.000000
0.000000
0.002680
0.000782
0.000884
0.000000
0.398968
0.000000
0.000000
0.003100
0.000000
0.000001
0.000235
0.000003
0.000876
0.000000
0.000000
0.119167
0.000001
0.000755
0.000343
0.000000
0.000000
0.000001
0.000000
0.098285
0.000000
0.000000
0.000728
0.000000
0.000000
0.000006
0.000000
0.000086
0.000000
0.000000
0.065098
0.000000
0.000003
0.000000
0.000000
0.000000
0.000000
0.000000
0.000000
0.000022
0.000000
0.000000
0.000000
0.000000
0.000000
0.000000
0.000000
0.000000
0.604876
0.000000
0.046112
0.000000
0.000478
0.000000
0.000000
0.000623
0.246640
0.000242
0.000000
0.000000
0.000000
0.000000
0.000000
0.000000
0.000000
0.000000
0.517501
0.000000
0.015644
0.000001
0.000000
0.072437
0.003031
0.000001
0.041878
0.001746
0.000000
0.008298
0.000000
0.081117
0.000114
0.000001
0.000000
0.000000
0.524962
0.115070
0.004190
0.000000
0.000000
0.000000
0.000000
0.000000
0.000000
0.002005
0.000000
0.000000
0.383383
0.000000
0.000000
0.131010
0.000000
0.193555
0.000005
0.046194
0.000000
0.000000
0.002274
0.000000
0.457792
0.000306
0.024637
0.179484
0.000000
0.457259
0.000000
0.000000
0.000001
0.049851
0.000000
0.000000
0.000000
0.000000
0.039970
0.000000
0.000000
0.000000
0.000000
0.000000
0.000000
0.000000
0.000000
0.000000
0.000000
0.000000
0.000000
0.000000
0.000000
0.000000
0.000000
0.000000
0.000000
0.000000
0.000000
0.000000
0.000000
0.000000
0.000000
0.098610
0.000006
0.010313
0.000000
0.000000
0.000000
0.000000
0.000000
0.000000
0.000000
0.000000
0.035716
0.000000
0.000000
0.002649
0.000000
0.000000
0.000000
0.000000
0.000000
0.000000
0.000000
0.000208
0.000000
0.000000
0.000000
0.000000
0.000000
0.000000
0.000000
0.000000
0.500262
0.000000
0.000000
0.000027
0.000000
0.000005
0.000000
0.000000
0.000000
0.000000
0.000000
0.000000
0.000000
0.000000
0.000000
0.046573
0.000000
0.000000
0.000000
0.000000
0.000000
0.000000
0.000000
0.000000
0.000000
0.013879
0.000000
0.000000
0.000000
0.000000
0.000000
0.000000
0.000000
0.000000
0.000000
0.000000
0.000000
0.000000
0.000000
0.000000
0.880105
0.000000
0.000000
0.000027
0.000000
0.000000
0.034207
0.137892
0.000000
0.051134
0.436643
0.000161
0.010951
0.000000
0.000000
0.000000
0.000000
0.000000
0.000000
0.000000
0.000000
0.000037
0.001527
0.000000
0.000000
0.000000
0.000000
0.000000
0.000000
0.000372
0.000000
0.000000
0.000000
0.000000
0.000000
0.016987
0.000000
0.000000
0.000000
0.000000
0.691427
0.000000
0.003762
0.017515
0.143672
0.000000
0.000000
0.000000
0.000000
0.008341
0.000000
0.000000
0.000000
0.000000
0.081501
0.000000
0.000000
0.000000
0.000000
0.000000
0.000000
0.000000
0.000000
0.000000
0.000000
0.000000
0.000001
0.000000
0.000000
0.000000
0.000002
0.000270
0.000000
0.000000
0.000000
0.000000
0.000000
0.000002
0.000049
0.002419
0.000000
0.000000
0.000000
0.000000
0.000000
0.000000
0.138110
0.000000
0.038683
0.023774
0.000000
0.037842
0.000000
0.000000
0.000000
0.000011
0.000000
0.000132
0.000000
0.000000
0.000000
0.000000
0.000000
0.000000
0.000000
0.000000
0.000000
0.000391
0.000000
0.000000
0.000000
0.000000
0.000000
0.000000
0.000000
0.000000
0.000000
0.000000
0.000000
0.155903
0.000000
0.000000
0.804231
0.010361
0.000000
0.000019
0.013189
0.000000
0.000000
0.009583
0.000000
0.000000
0.000000
0.000005
0.000000
0.000000
0.000000
0.000000
0.000000
0.000000
0.000000
0.000000
0.000000
0.006943
0.155903
0.024728
0.000000
0.000000
0.000000
0.000000
0.000000
0.005996
0.000000
0.000000
0.000006
0.111787
0.000000
0.000000
0.000000
0.000000
0.000000
0.000000
0.000000
0.000007
0.000096
0.000051
0.000254
0.000000
0.000000
0.094638
0.000396
0.000000
0.000000
0.000001
0.051586
0.000000
0.000077
0.000000
0.017032
0.000000
0.000000
0.000000
0.000000
0.000000
0.000000
0.000000
0.000293
0.000000
0.000002
0.000001
0.000000
0.000156
0.061634
0.000000
0.000000
0.000000
0.000000
0.000000
0.000000
0.000000
0.000000
0.000000
0.000001
0.000000
0.000000
0.000000
0.000000
0.000000
0.000000
0.000000
0.000000
0.000000
0.000000
0.000000
0.000000
0.000000
0.000000
0.000000
0.000000
0.000000
0.000000
0.000000
0.000000
0.000000
0.378592
0.000000
0.000000
0.000000
0.000000
0.000000
0.000001
0.000000
0.157461
0.000000
0.000000
0.000000
0.000000
0.000000
0.000000
0.000000
0.000000
0.000000
0.000000
0.000000
0.000000
0.084751
0.000000
0.000000
0.000000
0.000000
0.000000
0.000000
0.000000
0.000000
0.000000
0.000000
0.000000
0.000000
0.000000
0.000000
0.000000
0.000000
0.000000
0.000000
0.000000
0.000000
0.000000
0.018046
0.000000
0.006167
0.000000
0.000000
0.000000
0.378783
0.000000
0.000000
0.000000
0.000000
0.000000
0.000000
0.000000
0.000000
0.000000
0.000000
0.000000
0.000000
0.000000
0.000000
0.000000
0.000000
0.000000
0.000000
0.000000
0.000000
0.000000
0.000000
0.000000
0.272453
0.000000
0.000000
0.000000
0.020546
0.000000
0.000000
0.000000
0.000000
0.000000
0.000000
0.000000
0.000000
0.000000
0.000000
0.000000
0.000000
0.517050
0.000011
0.000000
0.000000
0.000000
0.000000
0.000000
0.000062
0.000000
0.000000
0.000000
0.000000
0.000000
0.000000
0.000000
0.000000
0.000000
0.000000
0.000000
0.000007
0.000041
0.000000
0.000000
0.000000
0.000000
0.000000
0.000000
0.000000
0.000000
0.000000
0.000000
0.000000
0.000003
0.000000
0.000000
0.000000
0.000000
0.000000
0.000000
0.000000
0.000000
0.000000
0.000000
0.000000
0.000000
0.000000
0.000000
0.000000
0.000000
0.000000
0.000000
0.000000
0.000000
0.000000
0.000000
0.000000
0.000000
0.000000
0.000640
0.000000
0.007262
0.014458
0.000000
0.000000
0.000000
0.000001
0.000000
0.000000
0.000000
0.000000
0.000000
0.000000
0.000000
0.000000
0.000000
0.000000
0.000000
0.000000
0.000000
0.120367
0.000000
0.000000
0.000000
0.000000
0.000000
0.000000
0.000000
0.000000
0.000000
0.000194
0.000000
0.000000
0.000000
0.000000
0.000000
0.000000
0.000000
0.000000
0.000000
0.000000
0.000000
0.001846
0.000000
0.000000
0.000000
0.000000
0.000000
0.000000
0.000000
0.000000
0.000000
0.000000
0.000000
0.000000
0.000000
0.000000
0.000000
0.000000
0.000000
0.000000
0.000000
0.000000
0.000000
0.000000
0.000000
0.000000
0.071723
0.000000
0.000000
0.000000
0.000000
0.002951
0.000000
0.000000
0.000000
0.000000
0.227408
0.000000
0.000000
0.000000
0.000000
0.000000
0.000000
0.000000
0.000000
0.000000
0.000000
0.000000
0.000000
0.000000
0.000000
0.000001
0.000000
0.000000
0.000005
0.029778
0.000000
0.000000
0.000000
0.000000
0.000000
0.000000
0.000000
0.000000
0.000000
0.000000
0.000003
0.000000
0.000000
0.000000
0.000096
0.000000
0.000000
0.000022
0.000000
0.000000
0.000000
0.000000
0.000000
0.000000
0.000000
0.000000
0.000000
0.000000
0.000000
0.000000
0.000000
0.000000
0.000000
0.000000
0.000000
0.000000
0.000000
0.000000
0.000000
0.000015
0.000001
0.040665
0.000000
0.000000
0.887467
0.000000
0.000000
0.000000
0.000563
0.295052
0.016423
0.000000
0.604404
0.000000
0.000000
0.000000
0.000000
0.000001
0.000535
0.000000
0.413620
0.000000
0.854154
0.088590
0.036041
0.000011
0.008102
0.000000
0.000000
0.000000
0.000008
0.000000
0.153111
0.289139
0.000000
0.000628
0.000000
0.000001
0.000000
0.204658
0.000000
0.084951
0.171297
0.000000
0.000000
0.000000
0.005994
0.010490
0.014991
0.000000
0.000000
0.000000
0.000000
0.022466
0.000000
0.479892
0.081254
0.000000
0.000000
0.121851
0.000098
0.000000
0.032249
0.000000
0.000000
0.000000
0.000000
0.442376
0.709749
0.000000
0.000000
0.000000
0.000000
0.000013
0.000000
0.000000
0.000000
0.000000
0.000822
0.000000
0.000732
0.000000
0.000069
0.008616
0.000000
0.000954
0.000000
0.000000
0.098382
0.004031
0.000000
0.001144
0.000018
0.004749
0.000000
0.065821
0.000000
0.000000
0.000000
0.000000
0.000000
0.000000
0.006805
0.635526
0.000000
0.001665
0.000000
0.050027
0.007961
0.000000
0.000000
0.005798
0.000000
0.000000
0.221783
0.000000
0.020240
0.000000
0.000000
0.000000
0.105882
0.000000
0.039942
0.006488
0.000000
0.502265
0.471206
0.000000
0.000019
0.000432
0.000310
0.000000
0.000000
0.000000
0.000103
0.000000
0.067080
0.000000
0.000000
0.000000
0.000000
0.000000
0.000000
0.000000
0.000000
0.000000
0.000000
0.000000
0.000000
0.000000
0.000000
0.000000
0.000000
0.000123
0.000000
0.000000
0.007154
0.000598
0.000000
0.000000
0.919110
0.000000
0.000000
0.000164
0.023818
0.000002
0.004183
0.000046
0.025061
0.000000
0.000000
0.181181
0.000002
0.001605
0.004103
0.000000
0.000000
0.053866
0.000000
0.000557
0.000000
0.000000
0.000000
0.000000
0.000000
0.000007
0.000000
0.013049
0.000000
0.000000
0.014917
0.000000
0.000001
0.000000
0.000000
0.000000
0.190270
0.000000
0.000000
0.000003
0.000000
0.000000
0.000002
0.000000
0.000000
0.000000
0.000000
0.000000
0.468077
0.000000
0.108303
0.000000
0.000178
0.000000
0.000000
0.000533
0.249397
0.000061
0.000000
0.000000
0.000000
0.000000
0.000009
0.000000
0.000000
0.000000
0.044866
0.000000
0.126561
0.000871
0.000000
0.004013
0.012586
0.000143
0.000034
0.003598
0.000000
0.010638
0.000002
0.147655
0.088323
0.000003
0.000000
0.000000
0.002666
0.016386
0.116460
0.000000
0.000003
0.000000
0.000000
0.000000
0.000000
0.000020
0.000000
0.000000
0.809340
0.000000
0.000543
0.531324
0.000000
0.696137
0.000207
0.038006
0.000000
0.000000
0.000000
0.000000
0.592982
0.013731
0.048529
0.023086
0.000000
0.011182
0.000000
0.000107
0.000000
0.057030
0.000000
0.000000
0.000000
0.000000
0.002615
0.000000
0.000000
0.000000
0.000000
0.000000
0.000000
0.000000
0.000000
0.000000
0.000000
0.000000
0.000000
0.000014
0.000002
0.000000
0.000000
0.000000
0.000000
0.000000
0.000000
0.000000
0.000000
0.000000
0.000000
0.000351
0.056356
0.018059
0.000000
0.000000
0.000000
0.000000
0.000000
0.000000
0.000000
0.000000
0.672998
0.000000
0.002311
0.001194
0.000000
0.000000
0.000000
0.000000
0.000000
0.000000
0.000000
0.005316
0.000000
0.000000
0.000000
0.000000
0.000000
0.000000
0.000000
0.000000
0.346669
0.000000
0.000000
0.000045
0.000000
0.000508
0.000000
0.000000
0.000000
0.000000
0.000000
0.000000
0.000000
0.000000
0.000000
0.005281
0.000000
0.000000
0.000000
0.000000
0.000000
0.000000
0.000000
0.000000
0.000000
0.000000
0.000000
0.000000
0.000000
0.000000
0.000000
0.000014
0.000000
0.000000
0.000000
0.000000
0.000000
0.000000
0.000000
0.000000
0.228997
0.000000
0.000000
0.000003
0.000000
0.000000
0.890046
0.859984
0.000000
0.012299
0.990862
0.000083
0.260952
0.000000
0.000000
0.000000
0.000000
0.000000
0.000000
0.000000
0.000000
0.000016
0.001454
0.000000
0.000000
0.000000
0.000000
0.000000
0.000000
0.000001
0.000000
0.000000
0.000000
0.000000
0.000000
0.213303
0.000000
0.000000
0.000000
0.000000
0.291685
0.000000
0.018781
0.046145
0.858844
0.000000
0.000000
0.000000
0.000000
0.011995
0.000000
0.000000
0.000000
0.000001
0.319919
0.000000
0.000000
0.000000
0.000004
0.000000
0.000000
0.000000
0.000000
0.000000
0.000000
0.000000
0.000000
0.001038
0.000000
0.000000
0.000000
0.000000
0.000000
0.000000
0.000000
0.000000
0.000000
0.000000
0.000000
0.000000
0.000000
0.000000
0.000000
0.004899
0.000000
0.000011
0.046145
0.000000
0.000000
0.004338
0.000000
0.001576
0.000000
0.000000
0.000000
0.000000
0.000000
0.000033
0.000000
0.000021
0.000038
0.000000
0.000000
0.000000
0.000000
0.000000
0.000000
0.005327
0.000000
0.000000
0.000000
0.000000
0.000000
0.000000
0.000000
0.000000
0.000000
0.000000
0.000000
0.620713
0.000000
0.000000
0.708696
0.014546
0.000000
0.000000
0.000156
0.000000
0.000000
0.002830
0.000000
0.000000
0.000000
0.009553
0.000000
0.000000
0.000000
0.000000
0.000000
0.000000
0.000000
0.000000
0.000000
0.151117
0.159873
0.030273
0.000000
0.000000
0.000000
0.000001
0.000000
0.000334
0.000001
0.000000
0.000000
0.581135
0.000000
0.000000
0.000084
0.000000
0.000000
0.000000
0.000000
0.003919
0.000002
0.000000
0.000000
0.000000
0.000000
0.725481
0.000000
0.000000
0.000002
0.000007
0.292964
0.000000
0.000036
0.000000
0.083702
0.000010
0.000000
0.000000
0.000000
0.000000
0.000000
0.000000
0.008030
0.000000
0.001416
0.000019
0.000000
0.000000
0.015745
0.000000
0.000000
0.000000
0.000000
0.000000
0.000000
0.000000
0.000000
0.000000
0.000001
0.000000
0.000000
0.000000
0.000000
0.000000
0.000000
0.000000
0.000000
0.000000
0.000000
0.000000
0.000000
0.000000
0.000000
0.000000
0.000000
0.000000
0.000000
0.000000
0.000000
0.000000
0.393959
0.000000
0.000412
0.000000
0.000000
0.000000
0.000000
0.005467
0.000000
0.000000
0.000000
0.000000
0.000000
0.000000
0.000000
0.000000
0.000000
0.000000
0.000000
0.000000
0.000000
0.492509
0.000000
0.000000
0.000000
0.000000
0.000000
0.000000
0.000000
0.000000
0.000000
0.000000
0.000000
0.000000
0.000000
0.000000
0.000000
0.000000
0.000000
0.000000
0.000000
0.000000
0.000000
0.011325
0.000000
0.033239
0.000000
0.000000
0.000000
0.005119
0.000000
0.000000
0.000000
0.000000
0.000000
0.000000
0.000000
0.000000
0.000000
0.000000
0.000000
0.000000
0.000000
0.000000
0.000000
0.000000
0.000000
0.000000
0.000000
0.000000
0.000000
0.000045
0.000000
0.002065
0.000000
0.000000
0.000000
0.168275
0.000000
0.000000
0.000000
0.000000
0.000000
0.000000
0.000000
0.000000
0.000000
0.000000
0.000000
0.000000
0.462598
0.001557
0.000000
0.000000
0.000000
0.000000
0.000000
0.000000
0.000000
0.000000
0.000000
0.000000
0.000000
0.000000
0.000000
0.000000
0.000000
0.000640
0.000000
0.000164
0.001160
0.000000
0.000000
0.000000
0.000000
0.000000
0.000000
0.000000
0.000000
0.000000
0.000000
0.000000
0.000003
0.000000
0.000000
0.000000
0.000000
0.000000
0.000000
0.000000
0.000000
0.000000
0.000000
0.000000
0.000000
0.000000
0.000000
0.000000
0.000000
0.000000
0.000000
0.000000
0.000000
0.000000
0.000000
0.000000
0.000000
0.000000
0.008347
0.000000
0.001863
0.003307
0.000000
0.000000
0.000000
0.000000
0.000000
0.000000
0.000000
0.000000
0.000000
0.000000
0.000000
0.000000
0.000000
0.000000
0.000000
0.000000
0.000000
0.504047
0.000000
0.000000
0.000000
0.000000
0.000000
0.000000
0.000000
0.000000
0.000000
0.001567
0.000000
0.000000
0.000000
0.000000
0.000000
0.000000
0.000000
0.000000
0.000000
0.000000
0.000000
0.046309
0.000000
0.000000
0.000000
0.000000
0.000000
0.000000
0.000000
0.000000
0.000000
0.000000
0.000000
0.000000
0.000000
0.000003
0.000000
0.000000
0.000000
0.000000
0.000000
0.000000
0.000000
0.000000
0.000000
0.000000
0.283547
0.000000
0.000000
0.000000
0.000000
0.350287
0.000000
0.000000
0.000000
0.000000
0.083000
0.000000
0.000000
0.000000
0.000000
0.000000
0.000000
0.000000
0.000000
0.000000
0.000000
0.000002
0.003251
0.000000
0.000022
0.000009
0.000000
0.000000
0.000000
0.200562
0.000000
0.000000
0.000000
0.000000
0.000000
0.000000
0.000000
0.000000
0.000000
0.000000
0.000000
0.000000
0.001522
0.000001
0.034796
0.000000
0.000000
0.002643
0.000000
0.000000
0.000000
0.000000
0.000000
0.000000
0.000000
0.000000
0.000000
0.000000
0.000000
0.000000
0.000000
0.000000
0.000000
0.000000
0.000000
0.000000
0.000000
0.000000
0.000000
0.265240
0.019649
0.696608
0.000000
0.000000
0.109120
0.000000
0.000000
0.000000
0.000827
0.004762
0.000497
0.000000
0.826151
0.000000
0.000000
0.000000
0.000000
0.000000
0.000024
0.000047
0.078951
0.000000
0.057050
0.004414
0.075979
0.000000
0.509747
0.000000
0.000000
0.000000
0.000000
0.000000
0.004525
0.404413
0.000000
0.006622
0.000000
0.006627
0.000000
0.003629
0.000000
0.525189
0.707291
0.000000
0.000000
0.000000
0.000024
0.008442
0.000996
0.000000
0.000000
0.000000
0.000000
0.000625
0.000000
0.728031
0.000000
0.000000
0.000000
0.045834
0.000000
0.000000
0.161415
0.000000
0.000000
0.000000
0.000000
0.132946
0.005911
0.000000
0.000001
0.000000
0.000000
0.263237
0.000000
0.000000
0.000000
0.000000
0.000023
0.000000
0.000000
0.000000
0.000358
0.000002
0.000000
0.000729
0.000000
0.000001
0.012644
0.133454
0.000000
0.000443
0.001341
0.000062
0.000000
0.240163
0.000000
0.000000
0.000000
0.000000
0.000000
0.000000
0.003391
0.036197
0.000000
0.000000
0.000000
0.567948
0.186917
0.000000
0.000000
0.924561
0.000000
0.000000
0.057570
0.000000
0.181897
0.000000
0.000000
0.000000
0.235172
0.000000
0.342541
0.014680
0.000000
0.077229
0.463134
0.000000
0.015367
0.000023
0.002582
0.000000
0.000000
0.000000
0.051750
0.000000
0.155951
0.000000
0.000000
0.000000
0.000000
0.000000
0.000000
0.000000
0.000000
0.000000
0.000000
0.000000
0.000000
0.000000
0.000000
0.000187
0.000000
0.343615
0.000000
0.000000
0.000029
0.000000
0.000075
0.000000
0.114066
0.000000
0.000000
0.000000
0.047931
0.000000
0.019045
0.000000
0.000912
0.000000
0.000000
0.008256
0.000000
0.000002
0.067683
0.000000
0.000000
0.000192
0.000000
0.000022
0.000000
0.000000
0.000007
0.000000
0.000000
0.000000
0.000000
0.462706
0.000000
0.000000
0.368748
0.000000
0.000004
0.000000
0.000000
0.000000
0.000000
0.000000
0.000000
0.000003
0.000000
0.000000
0.000000
0.000000
0.000000
0.000000
0.000000
0.000000
0.040476
0.000000
0.082248
0.000000
0.465065
0.000004
0.000000
0.000003
0.044294
0.000856
0.000000
0.000000
0.000000
0.000000
0.000002
0.000002
0.000000
0.000000
0.827178
0.000000
0.344152
0.021370
0.000000
0.088501
0.007081
0.000000
0.071039
0.002606
0.000000
0.002932
0.000000
0.849111
0.196357
0.001127
0.000000
0.000000
0.402131
0.000155
0.000456
0.000000
0.000007
0.000000
0.000000
0.000000
0.000000
0.042863
0.000002
0.000193
0.754196
0.000000
0.000000
0.236940
0.000000
0.349289
0.000117
0.103339
0.000000
0.000000
0.000000
0.000000
0.711854
0.000629
0.000133
0.866184
0.000000
0.127743
0.000000
0.000038
0.000000
0.140668
0.000000
0.000000
0.000000
0.000000
0.004878
0.000000
0.000000
0.000000
0.000000
0.000000
0.000000
0.000000
0.000000
0.000000
0.000000
0.000000
0.000000
0.000000
0.000000
0.000000
0.000000
0.000000
0.000000
0.000008
0.000000
0.000000
0.000000
0.000000
0.000000
0.047846
0.003166
0.004370
0.000000
0.000000
0.000000
0.000000
0.000000
0.000000
0.000000
0.000000
0.783949
0.000000
0.000000
0.000262
0.000000
0.000000
0.000000
0.000000
0.000000
0.000000
0.000000
0.002860
0.000000
0.000000
0.000000
0.000000
0.000000
0.000000
0.000000
0.000000
0.183059
0.000000
0.000000
0.000000
0.000000
0.000001
0.000000
0.000000
0.000000
0.000000
0.000000
0.000000
0.000000
0.000000
0.000000
0.050882
0.000000
0.000000
0.000000
0.000000
0.000000
0.000000
0.000000
0.000000
0.000000
0.006951
0.000000
0.000000
0.000000
0.000000
0.000000
0.000000
0.000000
0.000000
0.000000
0.000000
0.000000
0.000000
0.000000
0.000000
0.105535
0.000000
0.000000
0.000019
0.000000
0.000000
0.026247
0.906697
0.000000
0.000536
0.470018
0.006013
0.068880
0.000000
0.000000
0.000000
0.000000
0.000000
0.000000
0.000000
0.000000
0.000000
0.498042
0.000000
0.000000
0.000000
0.000000
0.000000
0.000000
0.020492
0.000019
0.000000
0.000000
0.000000
0.000000
0.000032
0.000000
0.000000
0.000000
0.000003
0.305982
0.000000
0.000297
0.049099
0.869517
0.000000
0.000000
0.000000
0.000000
0.003986
0.000000
0.000000
0.000000
0.000000
0.550920
0.000000
0.000000
0.000000
0.000004
0.000000
0.000000
0.000000
0.000278
0.000000
0.000000
0.000000
0.000000
0.000002
0.000000
0.000000
0.066528
0.000000
0.000000
0.000000
0.000000
0.000000
0.000000
0.000000
0.000000
0.000000
0.000000
0.000000
0.000000
0.000000
0.000000
0.001249
0.078951
0.000000
0.000000
0.060258
0.000000
0.000407
0.000000
0.000000
0.000000
0.000003
0.000000
0.053395
0.000000
0.000192
0.000009
0.000000
0.000000
0.000000
0.000000
0.000000
0.000000
0.015244
0.000000
0.000000
0.000000
0.000000
0.000000
0.000000
0.000000
0.000000
0.000000
0.000000
0.000000
0.013699
0.000000
0.000000
0.003072
0.315084
0.000000
0.000000
0.262794
0.000000
0.000000
0.000003
0.000000
0.000000
0.000000
0.000019
0.000000
0.000000
0.000000
0.000000
0.000000
0.000000
0.000000
0.000000
0.000000
0.000032
0.059240
0.045074
0.000000
0.000000
0.000000
0.003812
0.000000
0.000000
0.000000
0.000000
0.000000
0.219077
0.000000
0.000000
0.000002
0.000000
0.000000
0.000000
0.000000
0.000005
0.000000
0.000000
0.001516
0.000000
0.000000
0.211115
0.000012
0.000000
0.000010
0.000000
0.012620
0.000000
0.000000
0.000000
0.415032
0.000000
0.000000
0.000000
0.000000
0.000000
0.000113
0.000000
0.000107
0.000006
0.000000
0.000001
0.000000
0.000890
0.000001
0.000000
0.000000
0.000000
0.000000
0.000000
0.000000
0.000000
0.000000
0.000000
0.000000
0.000000
0.000000
0.000000
0.000000
0.000000
0.000000
0.000000
0.000000
0.000000
0.000000
0.000000
0.000000
0.000000
0.000000
0.000000
0.000000
0.000000
0.000000
0.000000
0.000000
0.000000
0.207590
0.000000
0.000024
0.000000
0.000000
0.000000
0.000001
0.000005
0.049447
0.000000
0.000000
0.000000
0.000000
0.000000
0.000000
0.000000
0.000000
0.000000
0.000000
0.000000
0.000000
0.130801
0.000000
0.000000
0.000000
0.000000
0.000000
0.000000
0.000000
0.000000
0.000000
0.000000
0.000000
0.000000
0.000000
0.000000
0.000000
0.000000
0.000000
0.000000
0.000000
0.000000
0.000000
0.050595
0.000000
0.123430
0.000000
0.000000
0.000000
0.000045
0.000000
0.000000
0.000000
0.000000
0.000000
0.000000
0.000000
0.000000
0.000000
0.000000
0.000000
0.000000
0.000000
0.000000
0.000000
0.000000
0.000000
0.000000
0.000000
0.000000
0.000000
0.000000
0.000000
0.091295
0.000000
0.000000
0.000000
0.395919
0.000000
0.000000
0.000000
0.000000
0.000000
0.000000
0.000000
0.000000
0.000000
0.000000
0.000000
0.000000
0.006459
0.000076
0.000000
0.000000
0.000000
0.000000
0.000000
0.000000
0.000000
0.000000
0.000000
0.000000
0.000000
0.000000
0.000000
0.000000
0.000000
0.000000
0.000000
0.000020
0.009358
0.000000
0.000000
0.000000
0.000000
0.000000
0.000000
0.000000
0.000000
0.000000
0.000000
0.000000
0.000000
0.000000
0.000000
0.000000
0.000000
0.000000
0.000000
0.000000
0.000000
0.000000
0.000000
0.000000
0.000000
0.000000
0.000000
0.000000
0.000000
0.000000
0.000000
0.000000
0.000000
0.000000
0.000000
0.000000
0.000000
0.000000
0.165604
0.000000
0.032284
0.003794
0.000000
0.000000
0.000000
0.000013
0.000000
0.000000
0.000000
0.000000
0.000000
0.000000
0.000000
0.000000
0.000000
0.000000
0.000000
0.000000
0.000000
0.151164
0.000000
0.000005
0.000000
0.000000
0.000000
0.000000
0.000000
0.000000
0.000000
0.000069
0.000000
0.000000
0.000000
0.000000
0.000000
0.000000
0.000000
0.000000
0.000000
0.000000
0.000000
0.000074
0.000000
0.000000
0.000000
0.000000
0.000000
0.000000
0.000000
0.000000
0.000000
0.000000
0.000000
0.000000
0.000000
0.000013
0.000000
0.000000
0.000000
0.000000
0.000000
0.000000
0.000000
0.000000
0.000000
0.000000
0.157951
0.000000
0.000000
0.000000
0.000000
0.003460
0.000000
0.000000
0.000000
0.000000
0.084041
0.000000
0.000000
0.000000
0.000000
0.000000
0.000000
0.000000
0.000000
0.000000
0.000000
0.000000
0.000002
0.000000
0.000333
0.000001
0.000000
0.000000
0.000000
0.625806
0.000000
0.000000
0.000000
0.000000
0.000000
0.000000
0.000000
0.000000
0.000000
0.000000
0.000002
0.000000
0.006080
0.000000
0.000001
0.000000
0.000000
0.000000
0.000000
0.000000
0.000000
0.000000
0.000000
0.000000
0.001651
0.000000
0.000000
0.000000
0.000000
0.000000
0.000000
0.000000
0.000000
0.000000
0.000000
0.000000
0.000000
0.000000
0.000000
0.000000
0.000000
0.000009
0.000000
0.000000
0.319663
0.000000
0.000000
0.000000
0.000059
0.080871
0.000056
0.000000
0.080543
0.000000
0.000000
0.000000
0.000000
0.000000
0.001052
0.000003
0.567715
0.000000
0.794109
0.023406
0.274509
0.000011
0.005561
0.000000
0.000000
0.000000
0.000000
0.000000
0.000258
0.218500
0.000000
0.001960
0.000000
0.030866
0.000000
0.449416
0.000000
0.064873
0.647745
0.000000
0.000000
0.000018
0.076810
0.003843
0.023371
0.000000
0.000000
0.000000
0.000000
0.251033
0.000000
0.340400
0.000003
0.000000
0.000000
0.000506
0.000034
0.000000
0.799081
0.000000
0.000000
0.000000
0.000000
0.164282
0.000379
0.000000
0.000000
0.000000
0.000000
0.000000
0.000000
0.000000
0.000000
0.000000
0.000850
0.000000
0.000324
0.000000
0.000001
0.000002
0.000000
0.000167
0.000000
0.000000
0.000102
0.020423
0.000000
0.220427
0.000000
0.005804
0.000000
0.000137
0.025757
0.000000
0.000000
0.000000
0.000000
0.000000
0.029377
0.550920
0.000000
0.000000
0.000000
0.561443
0.020066
0.000000
0.000000
0.154069
0.000000
0.000000
0.000378
0.000000
0.014233
0.000000
0.000000
0.000000
0.209068
0.000000
0.162517
0.001670
0.000000
0.151589
0.919480
0.000000
0.000059
0.001134
0.232068
0.000000
0.000000
0.000000
0.008592
0.000000
0.104983
0.000000
0.000667
0.000000
0.000000
0.000000
0.000000
0.000000
0.000000
0.000000
0.000000
0.000000
0.000000
0.000000
0.000000
0.000000
0.000000
0.142096
0.000000
0.000000
0.006751
0.002673
0.000004
0.000000
0.001544
0.000000
0.000000
0.000000
0.005907
0.000000
0.003299
0.000118
0.000077
0.000002
0.000095
0.100055
0.008710
0.000000
0.235987
0.000001
0.000000
0.000004
0.000000
0.000795
0.000000
0.000000
0.000000
0.000000
0.000000
0.023094
0.000000
0.019465
0.000000
0.000000
0.127661
0.000000
0.030551
0.000000
0.000000
0.000000
0.000122
0.000000
0.000000
0.000000
0.000000
0.000000
0.000000
0.000000
0.000000
0.000000
0.000000
0.000000
0.996573
0.000000
0.989517
0.000000
0.000000
0.000000
0.000000
0.000000
0.000109
0.000000
0.000000
0.000000
0.000000
0.000000
0.000241
0.000003
0.000000
0.000000
0.505274
0.000000
0.596745
0.000289
0.000000
0.086245
0.100618
0.000000
0.001842
0.000503
0.000000
0.042726
0.000001
0.003871
0.234359
0.001783
0.000000
0.000000
0.017462
0.000001
0.002450
0.000000
0.000715
0.000000
0.000000
0.000000
0.000000
0.000175
0.000000
0.000000
0.453965
0.000000
0.000140
0.005650
0.000000
0.217160
0.000001
0.115745
0.000000
0.000000
0.000000
0.000000
0.946756
0.000002
0.006378
0.413519
0.000000
0.829735
0.000000
0.000605
0.000000
0.058624
0.000000
0.000000
0.000000
0.000000
0.077597
0.000000
0.000000
0.000000
0.000000
0.000000
0.000000
0.000000
0.000000
0.000000
0.000000
0.000000
0.000000
0.000000
0.000000
0.000000
0.000000
0.000000
0.000000
0.000001
0.000000
0.000000
0.000000
0.000000
0.000000
0.048255
0.582774
0.012149
0.000000
0.000000
0.000000
0.000000
0.000000
0.000000
0.000000
0.000000
0.704595
0.000000
0.000652
0.000019
0.000000
0.000000
0.000000
0.000000
0.000000
0.000000
0.000000
0.063961
0.000000
0.000000
0.000000
0.000000
0.000000
0.000000
0.000000
0.000000
0.040534
0.000000
0.000000
0.000350
0.000000
0.000036
0.000000
0.000000
0.000000
0.000000
0.000000
0.000000
0.000000
0.000000
0.000000
0.010198
0.000000
0.000000
0.000000
0.000000
0.000000
0.000000
0.000000
0.000000
0.000000
0.000000
0.000000
0.000000
0.000000
0.000000
0.000000
0.000000
0.000000
0.000000
0.000000
0.000000
0.000000
0.000000
0.000000
0.000000
0.129430
0.000000
0.000000
0.000000
0.000000
0.000000
0.116725
0.004905
0.000000
0.178395
0.114884
0.001008
0.148212
0.000000
0.000000
0.000000
0.000000
0.000000
0.000000
0.000000
0.000000
0.000000
0.283001
0.000000
0.000000
0.000000
0.000000
0.000000
0.000000
0.000000
0.000000
0.000000
0.000000
0.000000
0.000000
0.000046
0.000000
0.000000
0.000000
0.000000
0.496712
0.000000
0.001120
0.042013
0.426221
0.000000
0.000000
0.000000
0.000000
0.000096
0.000000
0.001039
0.000000
0.000000
0.424276
0.000000
0.000000
0.000000
0.014753
0.000001
0.000000
0.000000
0.000000
0.000000
0.000000
0.000000
0.000000
0.000000
0.000000
0.000000
0.005095
0.015591
0.000000
0.000000
0.000000
0.000000
0.000000
0.000004
0.000173
0.000000
0.000000
0.000000
0.000000
0.000000
0.000000
0.000007
0.020225
0.000000
0.000000
0.017937
0.000000
0.156680
0.000000
0.000000
0.000000
0.001540
0.000000
0.000438
0.000000
0.000005
0.000002
0.000000
0.000000
0.000000
0.000000
0.000000
0.000000
0.000948
0.000000
0.000000
0.000000
0.000000
0.000000
0.000000
0.000000
0.000000
0.000000
0.000000
0.000000
0.601221
0.000000
0.000000
0.334383
0.000097
0.000000
0.000000
0.000000
0.000000
0.000000
0.007973
0.000000
0.000000
0.000000
0.000000
0.000000
0.000000
0.000000
0.000000
0.000000
0.000000
0.000000
0.000000
0.000000
0.000002
0.490084
0.000000
0.000000
0.000000
0.000000
0.000000
0.000000
0.000237
0.000806
0.000000
0.000044
0.083168
0.000000
0.000000
0.000000
0.000000
0.000000
0.000000
0.000024
0.000460
0.000170
0.000006
0.000093
0.000000
0.000000
0.343167
0.001911
0.000000
0.000000
0.000075
0.389766
0.000000
0.000024
0.000000
0.000029
0.000000
0.000000
0.000000
0.000000
0.000000
0.000349
0.000000
0.000003
0.000000
0.000004
0.000000
0.000000
0.000009
0.220814
0.000000
0.000000
0.000000
0.000000
0.000000
0.000000
0.000000
0.000000
0.000000
0.000017
0.000000
0.000000
0.000000
0.000000
0.000000
0.000000
0.000000
0.000000
0.000000
0.000000
0.000000
0.000000
0.000000
0.000000
0.000000
0.000000
0.000000
0.000000
0.000000
0.000000
0.000000
0.931733
0.000000
0.000013
0.000000
0.000000
0.000000
0.000494
0.000000
0.000136
0.000000
0.000000
0.000000
0.000000
0.000000
0.000000
0.000000
0.000000
0.000000
0.000000
0.000000
0.000000
0.163120
0.000000
0.000000
0.000000
0.000000
0.000000
0.000000
0.000000
0.000000
0.000000
0.000000
0.000000
0.000000
0.000000
0.000000
0.000000
0.000000
0.000000
0.000000
0.000000
0.000000
0.000000
0.042254
0.000000
0.008354
0.000000
0.000000
0.000000
0.545855
0.000000
0.000000
0.000000
0.000000
0.000000
0.000000
0.000000
0.000000
0.000000
0.000000
0.000000
0.000000
0.000000
0.000000
0.000000
0.000000
0.000000
0.000000
0.000000
0.000000
0.000000
0.000000
0.000000
0.505274
0.000000
0.000000
0.000000
0.094512
0.000000
0.000000
0.000000
0.000000
0.000000
0.000000
0.000000
0.000000
0.000000
0.000000
0.000000
0.000000
0.439348
0.000000
0.000000
0.000000
0.000000
0.000000
0.000000
0.000000
0.000000
0.000000
0.000000
0.000000
0.000000
0.000000
0.000000
0.000000
0.000000
0.000000
0.000000
0.000072
0.001126
0.000000
0.000000
0.000000
0.000000
0.000000
0.000000
0.000000
0.000000
0.000000
0.000000
0.000000
0.000000
0.000000
0.000000
0.000000
0.000000
0.000000
0.000000
0.000000
0.000000
0.000000
0.000000
0.000000
0.000000
0.000000
0.000000
0.000000
0.000000
0.000000
0.000000
0.000000
0.000000
0.000000
0.000000
0.000000
0.000000
0.000000
0.019671
0.000000
0.000242
0.000003
0.000000
0.000000
0.000000
0.000000
0.000000
0.000000
0.000000
0.000000
0.000000
0.000000
0.000000
0.000000
0.000000
0.000000
0.000000
0.000000
0.000000
0.846761
0.000000
0.000097
0.000000
0.000000
0.000000
0.000000
0.000000
0.000000
0.000000
0.004078
0.000000
0.000000
0.000000
0.000000
0.000000
0.000000
0.000000
0.000000
0.000000
0.000000
0.000107
0.004860
0.000000
0.000000
0.000000
0.000000
0.000000
0.000000
0.000000
0.000000
0.000000
0.000000
0.000000
0.000000
0.000000
0.000006
0.000000
0.000000
0.000000
0.000000
0.000000
0.000000
0.000000
0.000000
0.000000
0.000000
0.008962
0.000000
0.000000
0.000000
0.000001
0.372137
0.000000
0.000000
0.000000
0.000000
0.080489
0.000000
0.000000
0.000000
0.000000
0.000000
0.000000
0.000000
0.000000
0.000000
0.000000
0.000000
0.000000
0.000000
0.000171
0.019856
0.000000
0.000000
0.000000
0.098025
0.000000
0.000000
0.000000
0.000000
0.000000
0.000000
0.000000
0.000000
0.000000
0.000000
0.000000
0.000000
0.019465
0.000000
0.000003
0.000000
0.000000
0.000000
0.000000
0.000000
0.000000
0.000000
0.000000
0.000000
0.000003
0.000000
0.000000
0.000000
0.000000
0.000000
0.000000
0.000000
0.000000
0.000000
0.000000
0.000000
0.000000
0.000000
0.000000
0.001004
0.046178
0.022838
0.000000
0.000000
0.678086
0.000000
0.000000
0.000000
0.000712
0.000414
0.006310
0.000000
0.103578
0.000000
0.000000
0.000000
0.000000
0.000001
0.000000
0.000133
0.003712
0.000000
0.195946
0.809658
0.176343
0.000037
0.888157
0.000000
0.000000
0.000000
0.000000
0.000000
0.049482
0.110555
0.000000
0.024783
0.000000
0.028079
0.000000
0.624858
0.000000
0.958951
0.750898
0.000000
0.000000
0.000000
0.003343
0.049255
0.063038
0.000000
0.000000
0.000000
0.000000
0.808597
0.000000
0.414527
0.392493
0.000000
0.000000
0.000073
0.000015
0.000000
0.009135
0.000000
0.000000
0.000000
0.000000
0.430950
0.712088
0.000000
0.000000
0.000000
0.000000
0.001004
0.000000
0.000000
0.000000
0.000000
0.000025
0.000000
0.000000
0.000000
0.000161
0.000000
0.000000
0.002670
0.000000
0.000001
0.020911
0.334120
0.000000
0.261687
0.000009
0.005641
0.000000
0.160617
0.000000
0.000000
0.000000
0.000000
0.000000
0.000000
0.012904
0.791064
0.000000
0.000013
0.000000
0.656999
0.009524
0.000000
0.000000
0.007637
0.000000
0.000000
0.076419
0.000000
0.024875
0.000000
0.000000
0.000000
0.003126
0.000000
0.000571
0.004603
0.000000
0.956121
0.677376
0.000000
0.000278
0.000001
0.041267
0.000000
0.000000
0.000000
0.000267
0.000000
0.968103
0.000000
0.000000
0.000000
0.000000
0.000000
0.000000
0.000000
0.000000
0.000000
0.000000
0.000000
0.000000
0.000000
0.000000
0.000000
0.000000
0.003091
0.000000
0.000000
0.004603
0.041076
0.000064
0.000000
0.017278
0.000000
0.000000
0.025482
0.000000
0.000000
0.000109
0.000029
0.001150
0.000000
0.000000
0.781746
0.000020
0.000000
0.002725
0.000000
0.000000
0.000000
0.000000
0.094827
0.000000
0.000000
0.000000
0.000000
0.000000
0.000001
0.000000
0.001874
0.000000
0.000000
0.002142
0.000000
0.002075
0.000000
0.000000
0.000000
0.000000
0.000000
0.000000
0.000000
0.000000
0.000000
0.000115
0.000000
0.000000
0.000000
0.000000
0.000000
0.865065
0.000000
0.585938
0.000000
0.006588
0.000000
0.000000
0.000117
0.000452
0.000288
0.000000
0.000000
0.000000
0.000000
0.000000
0.000000
0.000000
0.000002
0.688362
0.000000
0.002748
0.000100
0.000000
0.001476
0.294248
0.000001
0.002692
0.177367
0.000000
0.000091
0.000002
0.193207
0.008555
0.000110
0.000000
0.000000
0.503267
0.001759
0.039985
0.000000
0.000576
0.000000
0.000000
0.000000
0.000000
0.002873
0.000000
0.000006
0.215193
0.000000
0.091967
0.075592
0.000000
0.427657
0.000314
0.158295
0.000000
0.000000
0.000074
0.000000
0.601339
0.000649
0.039784
0.185512
0.000000
0.486017
0.000000
0.000129
0.000000
0.003476
0.000000
0.000000
0.000002
0.000000
0.000001
0.000000
0.000000
0.000000
0.000000
0.000000
0.000000
0.000000
0.000000
0.000000
0.000000
0.000000
0.000000
0.000000
0.000002
0.000000
0.000000
0.000000
0.000000
0.000001
0.000000
0.000000
0.000000
0.000000
0.000000
0.042619
0.030889
0.000132
0.000000
0.000000
0.000000
0.000000
0.000000
0.000000
0.000000
0.000000
0.017357
0.000000
0.000778
0.087528
0.000003
0.000000
0.000000
0.000000
0.000000
0.000000
0.000000
0.000353
0.000000
0.000000
0.000000
0.000000
0.000000
0.000000
0.000000
0.000000
0.000500
0.000000
0.000000
0.000203
0.000000
0.000369
0.000000
0.000006
0.000000
0.000000
0.000000
0.000000
0.000000
0.000000
0.000000
0.184226
0.000000
0.000000
0.000000
0.000000
0.000000
0.000000
0.000000
0.000000
0.000000
0.000012
0.000000
0.000000
0.000014
0.000000
0.000000
0.000000
0.000000
0.000000
0.000000
0.000000
0.000000
0.000000
0.000000
0.000000
0.036487
0.000000
0.000000
0.000112
0.000000
0.000000
0.186974
0.405309
0.000000
0.383287
0.130343
0.001500
0.007087
0.000000
0.000000
0.000000
0.000000
0.000000
0.000000
0.000000
0.000000
0.000001
0.254691
0.000000
0.000000
0.000000
0.000000
0.000000
0.000000
0.003304
0.000000
0.000000
0.000000
0.000000
0.000000
0.000004
0.000000
0.000000
0.000000
0.000000
0.101284
0.000000
0.000005
0.087323
0.690366
0.000000
0.000000
0.000000
0.000000
0.000040
0.000000
0.000000
0.000000
0.000000
0.994038
0.000000
0.000000
0.000000
0.000000
0.000000
0.000000
0.000000
0.000000
0.000000
0.000000
0.000000
0.000000
0.000067
0.000000
0.000000
0.043449
0.000077
0.000000
0.000000
0.000000
0.000007
0.000000
0.000000
0.000002
0.000000
0.000000
0.000000
0.000000
0.000015
0.000000
0.000000
0.139032
0.000000
0.000000
0.000800
0.000000
0.047005
0.000000
0.000000
0.000000
0.000146
0.000000
0.008413
0.000000
0.010076
0.000001
0.000000
0.000000
0.000000
0.000000
0.000000
0.000000
0.000407
0.000001
0.000000
0.000000
0.000000
0.000000
0.000000
0.000000
0.000000
0.000000
0.000000
0.000000
0.581252
0.000000
0.000000
0.181346
0.002342
0.000000
0.000000
0.000249
0.000000
0.000000
0.002907
0.000000
0.000000
0.000000
0.000193
0.000000
0.000000
0.000000
0.000000
0.000000
0.000000
0.000000
0.000000
0.000000
0.001415
0.076680
0.000070
0.000000
0.000000
0.000000
0.000000
0.000000
0.005630
0.000000
0.000000
0.000001
0.157363
0.000000
0.000000
0.000004
0.000000
0.000000
0.000305
0.000000
0.000024
0.000493
0.000000
0.002292
0.000000
0.000000
0.037381
0.000000
0.000000
0.000000
0.000000
0.000090
0.000000
0.000000
0.000000
0.063300
0.000011
0.000000
0.000000
0.000000
0.000000
0.000000
0.000000
0.018973
0.000000
0.000000
0.000023
0.000000
0.000499
0.025275
0.000000
0.000000
0.000000
0.000000
0.000000
0.000000
0.000000
0.000000
0.000000
0.000001
0.000000
0.000000
0.000000
0.000000
0.000000
0.000000
0.000000
0.000000
0.000000
0.000000
0.000000
0.000000
0.000000
0.000000
0.000000
0.000000
0.000000
0.000000
0.000000
0.000000
0.000000
0.010217
0.000000
0.001333
0.000000
0.000000
0.000000
0.000013
0.000372
0.000043
0.000000
0.000000
0.000000
0.000000
0.000000
0.000000
0.000000
0.000000
0.000000
0.000000
0.000000
0.000000
0.409802
0.000000
0.000000
0.000000
0.000000
0.000000
0.000000
0.000000
0.000000
0.000000
0.000000
0.000000
0.000000
0.000000
0.000000
0.000000
0.000000
0.000000
0.000000
0.000000
0.000000
0.000000
0.028747
0.000000
0.134563
0.000000
0.000000
0.000000
0.001143
0.000000
0.000000
0.000000
0.000000
0.000000
0.000000
0.000000
0.000000
0.000000
0.000000
0.000000
0.000000
0.000000
0.000000
0.000000
0.000000
0.000000
0.000000
0.000000
0.000000
0.000000
0.000000
0.000000
0.095649
0.000000
0.000000
0.000000
0.043870
0.000000
0.000000
0.000000
0.000000
0.000000
0.000000
0.000000
0.000000
0.000000
0.000000
0.000000
0.000000
0.015823
0.000000
0.000000
0.000000
0.000000
0.000000
0.000000
0.000000
0.000000
0.000000
0.000000
0.000000
0.000000
0.000000
0.000000
0.000000
0.000000
0.000002
0.000000
0.000000
0.000000
0.000000
0.000000
0.000000
0.000000
0.000000
0.000000
0.000000
0.000000
0.000000
0.000000
0.000000
0.000000
0.000000
0.000000
0.000000
0.000000
0.000000
0.000000
0.000000
0.000000
0.000000
0.000000
0.000000
0.000000
0.000000
0.000000
0.000000
0.000000
0.000000
0.000000
0.000000
0.000000
0.000000
0.000000
0.000000
0.000000
0.000000
0.001521
0.000000
0.000000
0.043078
0.000000
0.000000
0.000000
0.000000
0.000000
0.000000
0.000000
0.000000
0.000033
0.000000
0.000000
0.000000
0.000000
0.000000
0.000000
0.000000
0.000000
0.099824
0.000000
0.000000
0.000000
0.000000
0.000000
0.000000
0.000000
0.000000
0.000000
0.005156
0.000000
0.000000
0.000000
0.000000
0.000000
0.000000
0.000000
0.000000
0.000000
0.000007
0.000000
0.006073
0.000000
0.000000
0.000000
0.000000
0.000000
0.000045
0.000000
0.000000
0.000000
0.000000
0.000000
0.000000
0.000000
0.005510
0.000000
0.000000
0.000000
0.000000
0.000000
0.000000
0.000000
0.000000
0.000000
0.000000
0.563764
0.000000
0.000000
0.000000
0.000000
0.135292
0.000000
0.000000
0.000000
0.000000
0.004770
0.000000
0.000000
0.000000
0.000000
0.000000
0.000000
0.000000
0.000063
0.000000
0.000000
0.000000
0.000020
0.000000
0.001004
0.060953
0.000000
0.000000
0.000038
0.470234
0.000000
0.000000
0.000000
0.000000
0.000000
0.000000
0.000000
0.000000
0.000000
0.000000
0.000006
0.000000
0.046789
0.000001
0.004471
0.000000
0.000000
0.000007
0.000000
0.000000
0.000000
0.000000
0.000000
0.000000
0.000067
0.000000
0.000000
0.000000
0.000000
0.000000
0.000000
0.000000
0.000000
0.000000
0.000000
0.000000
0.000000
0.000000
0.000000
0.174256
0.501819
0.048649
0.000000
0.000000
0.662572
0.000000
0.000000
0.000000
0.011295
0.000059
0.001974
0.000000
0.403619
0.000000
0.000000
0.000000
0.000000
0.000018
0.007211
0.000000
0.093139
0.000000
0.359440
0.352014
0.137412
0.000134
0.092860
0.000000
0.000000
0.000000
0.000000
0.000000
0.253755
0.270561
0.000000
0.002499
0.000000
0.000130
0.000000
0.031735
0.000000
0.171297
0.221654
0.000000
0.000000
0.000000
0.000000
0.293766
0.001898
0.000000
0.000000
0.000000
0.000000
0.008868
0.000000
0.157266
0.147239
0.000000
0.000000
0.002729
0.000000
0.000000
0.022475
0.000000
0.000000
0.000000
0.000000
0.291206
0.106614
0.000000
0.000000
0.000000
0.000000
0.174256
0.000000
0.000000
0.000000
0.000000
0.000008
0.000000
0.000009
0.000000
0.017923
0.019392
0.000000
0.000471
0.000000
0.001901
0.298609
0.667905
0.000000
0.001382
0.000066
0.000000
0.000000
0.647389
0.000000
0.000000
0.000000
0.000000
0.000000
0.000000
0.031195
0.010829
0.000000
0.000002
0.000017
0.013419
0.000098
0.000000
0.000000
0.387728
0.000000
0.000000
0.000694
0.000000
0.091112
0.000000
0.000000
0.000000
0.303428
0.000000
0.010515
0.015181
0.000000
0.269054
0.395919
0.000000
0.044500
0.000002
0.562139
0.000000
0.000000
0.000000
0.003066
0.000000
0.492509
0.000000
0.000011
0.000000
0.000000
0.000000
0.000000
0.000000
0.000000
0.000000
0.000000
0.000000
0.000000
0.000000
0.000000
0.000000
0.000000
0.038089
0.000000
0.000000
0.000103
0.001435
0.000039
0.000000
0.907093
0.000000
0.000000
0.000001
0.026984
0.000000
0.001039
0.000000
0.000103
0.000000
0.000000
0.112445
0.001183
0.000000
0.074722
0.000000
0.000000
0.000244
0.000051
0.000000
0.000000
0.000007
0.000000
0.000000
0.000000
0.000509
0.000000
0.000001
0.000000
0.000000
0.177691
0.000000
0.000636
0.000000
0.000000
0.000000
0.000040
0.000000
0.000000
0.000002
0.000840
0.000000
0.000005
0.000000
0.000000
0.000000
0.000000
0.000000
0.009377
0.000000
0.080326
0.000000
0.000000
0.000000
0.000000
0.000002
0.035677
0.000085
0.000000
0.000000
0.000000
0.000000
0.000507
0.000013
0.000000
0.000001
0.294248
0.000000
0.455132
0.000511
0.000000
0.000010
0.002327
0.000004
0.159675
0.231733
0.000000
0.000945
0.000000
0.000010
0.153159
0.016769
0.000000
0.000000
0.006757
0.000020
0.078844
0.000000
0.000014
0.000000
0.000000
0.000000
0.000000
0.000172
0.000000
0.001445
0.016948
0.000000
0.000007
0.539431
0.000000
0.155225
0.000000
0.144944
0.000000
0.000000
0.000000
0.000000
0.789646
0.011506
0.005458
0.649288
0.000000
0.797572
0.000000
0.000201
0.000000
0.088738
0.000000
0.000000
0.000002
0.000000
0.001033
0.000000
0.000000
0.000000
0.000000
0.000000
0.000000
0.000000
0.000000
0.000000
0.000000
0.000000
0.000000
0.000000
0.000009
0.000000
0.000000
0.000000
0.000000
0.000013
0.000000
0.000000
0.000000
0.000000
0.000000
0.000031
0.001193
0.004023
0.000000
0.000000
0.000000
0.000000
0.000000
0.000000
0.000000
0.000000
0.017370
0.000000
0.000100
0.000001
0.000000
0.000000
0.000000
0.000000
0.000000
0.000000
0.000000
0.026480
0.000000
0.000000
0.000000
0.000000
0.000000
0.000000
0.000000
0.000000
0.276422
0.000000
0.000000
0.001538
0.000000
0.000001
0.000000
0.000001
0.000000
0.000000
0.000000
0.000000
0.000000
0.000000
0.000000
0.054303
0.000000
0.000000
0.000000
0.000000
0.000000
0.000000
0.000000
0.000000
0.000000
0.015835
0.000000
0.000000
0.000000
0.000000
0.000000
0.000000
0.000000
0.000000
0.000000
0.000000
0.000000
0.000000
0.000000
0.000000
0.214877
0.000000
0.000000
0.000380
0.000000
0.000000
0.394938
0.372798
0.000000
0.015602
0.111460
0.000040
0.295616
0.000000
0.000000
0.000000
0.000000
0.000000
0.000000
0.000000
0.000000
0.000000
0.167192
0.000000
0.000000
0.000000
0.000000
0.000000
0.000000
0.000004
0.000000
0.000000
0.000000
0.000000
0.000000
0.000006
0.000000
0.000000
0.000000
0.000000
0.113105
0.000000
0.000016
0.040811
0.014866
0.000000
0.000000
0.000000
0.000000
0.000000
0.000000
0.000000
0.000000
0.000000
0.047660
0.000000
0.000000
0.000000
0.000002
0.000000
0.000000
0.000000
0.000000
0.000000
0.000000
0.000000
0.000000
0.000003
0.000000
0.000000
0.000003
0.000000
0.000000
0.000000
0.000000
0.000000
0.000000
0.000001
0.000003
0.000000
0.000000
0.000000
0.000000
0.000001
0.000000
0.000000
0.048203
0.000000
0.000001
0.396705
0.000000
0.290330
0.000000
0.000000
0.000000
0.000001
0.000000
0.047105
0.000001
0.000000
0.000000
0.000000
0.000000
0.000000
0.000000
0.000000
0.000000
0.000008
0.000000
0.000000
0.000000
0.000000
0.000000
0.000000
0.000000
0.000000
0.000000
0.000000
0.000000
0.262572
0.000000
0.000000
0.000012
0.002866
0.000000
0.000000
0.000667
0.000000
0.000000
0.003029
0.000000
0.000000
0.000000
0.001005
0.000000
0.000000
0.000000
0.000000
0.000000
0.000000
0.000000
0.000000
0.000000
0.000067
0.860647
0.003140
0.000000
0.000000
0.000000
0.000004
0.000000
0.000215
0.000025
0.000000
0.000518
0.323171
0.000000
0.000000
0.000000
0.000000
0.000000
0.000000
0.000001
0.000001
0.000021
0.000000
0.000183
0.000000
0.000000
0.866370
0.000000
0.000000
0.000000
0.001153
0.132819
0.000000
0.000005
0.000000
0.547120
0.005886
0.000000
0.000000
0.000000
0.000000
0.000009
0.000000
0.000000
0.000927
0.000000
0.017903
0.000000
0.018760
0.001820
0.000000
0.000000
0.000000
0.000000
0.000000
0.000000
0.000000
0.000000
0.000000
0.000000
0.000000
0.000000
0.000000
0.000000
0.000000
0.000000
0.000000
0.000000
0.000000
0.000000
0.000000
0.000000
0.000000
0.000000
0.000000
0.000000
0.000000
0.000000
0.000000
0.000000
0.000000
0.142590
0.000000
0.000209
0.000000
0.000000
0.000000
0.000000
0.000000
0.022719
0.000000
0.000000
0.000000
0.000000
0.000000
0.000000
0.000000
0.000000
0.000000
0.000000
0.000000
0.000000
0.395134
0.000000
0.000000
0.000000
0.000000
0.000000
0.000000
0.000000
0.000000
0.000000
0.000000
0.000000
0.000000
0.000000
0.000000
0.000000
0.000000
0.000000
0.000000
0.000000
0.000000
0.000000
0.450472
0.000000
0.022100
0.000000
0.000000
0.000000
0.004923
0.000000
0.000000
0.000000
0.000000
0.000000
0.000000
0.000000
0.000000
0.000000
0.000000
0.000000
0.000000
0.000000
0.000000
0.000000
0.000000
0.000000
0.000000
0.000000
0.000000
0.000000
0.000136
0.000000
0.510868
0.000000
0.000000
0.000000
0.000886
0.000000
0.000000
0.000000
0.000000
0.000000
0.000000
0.000000
0.000000
0.000000
0.000000
0.000000
0.000000
0.444891
0.000063
0.000000
0.000000
0.000000
0.000000
0.000000
0.000000
0.000000
0.000000
0.000000
0.000000
0.000000
0.000000
0.000000
0.000000
0.000000
0.000000
0.000000
0.000000
0.000167
0.000000
0.000000
0.000000
0.000000
0.000000
0.000000
0.000000
0.000000
0.000000
0.000000
0.000000
0.000000
0.000000
0.000000
0.000000
0.000000
0.000000
0.000000
0.000000
0.000000
0.000000
0.000000
0.000000
0.000000
0.000000
0.000000
0.000000
0.000000
0.000000
0.000000
0.000000
0.000000
0.000000
0.000000
0.000000
0.000000
0.000000
0.269054
0.000000
0.000090
0.000004
0.000000
0.000000
0.000000
0.000001
0.000000
0.000000
0.000000
0.000000
0.000000
0.000000
0.000000
0.000000
0.000000
0.000000
0.000000
0.000000
0.000000
0.146593
0.000000
0.000100
0.000000
0.000000
0.000000
0.000000
0.000000
0.000000
0.000000
0.000010
0.000000
0.000000
0.000000
0.000000
0.000000
0.000000
0.000000
0.000000
0.000000
0.000000
0.000000
0.033898
0.000000
0.000000
0.000000
0.000000
0.000000
0.000000
0.000000
0.000000
0.000000
0.000000
0.000000
0.000000
0.000000
0.000786
0.000000
0.000000
0.000000
0.000000
0.000000
0.000000
0.000000
0.000000
0.000000
0.000000
0.083674
0.000000
0.000000
0.000000
0.000000
0.007724
0.000000
0.000000
0.000000
0.000000
0.353838
0.000000
0.000000
0.000000
0.000000
0.000000
0.000000
0.000000
0.000006
0.000000
0.000000
0.000014
0.000001
0.000000
0.000032
0.003933
0.000000
0.000000
0.000026
0.017057
0.000000
0.000000
0.000000
0.000000
0.000000
0.000000
0.000000
0.000000
0.000000
0.000000
0.000000
0.000055
0.097088
0.000079
0.000001
0.000000
0.000000
0.000000
0.000000
0.000000
0.000000
0.000000
0.000000
0.000000
0.000646
0.000000
0.000000
0.000000
0.000000
0.000000
0.000000
0.000000
0.000000
0.000000
0.000000
0.000000
0.000000
0.000000
0.000000
